object={
	name="cactus_cholla_01_generator_1_0"
	render_pass=Map
	clamp_to_water_level=no
	generated_content=yes
	layer="grass_layer"
	pdxmesh="cactus_cholla_06_grass_mesh"
	count=867
	transform="3290.615967 0.000000 2828.272461 0.000000 0.045282 0.000000 0.998974 0.463004 0.463004 0.463004
3279.993164 0.000000 2817.454590 0.000000 0.488737 0.000000 0.872431 0.735327 0.735327 0.735327
3281.690918 0.000000 2804.477783 0.000000 0.732342 0.000000 0.680937 0.805518 0.805518 0.805518
3280.563477 0.000000 2810.059570 0.000000 0.098451 0.000000 0.995142 0.812555 0.812555 0.812555
3300.230957 0.000000 2840.686523 0.000000 0.480121 0.000000 0.877202 0.871777 0.871777 0.871777
3295.305908 0.000000 2840.358154 0.000000 0.227124 0.000000 0.973866 0.487519 0.487519 0.487519
3294.890381 0.000000 2870.504639 0.000000 0.449584 0.000000 0.893238 0.465059 0.465059 0.465059
3310.730713 0.000000 2855.040771 0.000000 0.378241 0.000000 0.925707 0.246942 0.246942 0.246942
3292.167480 0.000000 2796.218262 0.000000 0.603413 0.000000 0.797429 0.488430 0.488430 0.488430
3295.185059 0.000000 2821.062744 0.000000 0.301385 0.000000 0.953503 0.299087 0.299087 0.299087
3294.691895 0.000000 2842.872314 0.000000 0.073464 0.000000 0.997298 0.641152 0.641152 0.641152
3288.104492 0.000000 2821.085938 0.000000 0.674764 0.000000 0.738033 0.575135 0.575135 0.575135
3309.386230 0.000000 2837.695801 0.000000 0.589062 0.000000 0.808088 0.577180 0.577180 0.577180
3298.333008 0.000000 2810.650879 0.000000 0.431164 0.000000 0.902274 0.376479 0.376479 0.376479
3295.321533 0.000000 2854.701904 0.000000 0.159904 0.000000 0.987133 0.218418 0.218418 0.218418
3284.927734 0.000000 2794.380615 0.000000 0.458886 0.000000 0.888495 0.666774 0.666774 0.666774
3296.784424 0.000000 2823.629150 0.000000 0.197554 0.000000 0.980292 0.239628 0.239628 0.239628
3300.441650 0.000000 2838.214600 0.000000 0.183234 0.000000 0.983069 0.338850 0.338850 0.338850
3297.229492 0.000000 2870.214111 0.000000 0.246212 0.000000 0.969216 0.267288 0.267288 0.267288
3299.021973 0.000000 2856.054199 0.000000 0.559804 0.000000 0.828625 0.812255 0.812255 0.812255
3292.640625 0.000000 2875.863037 0.000000 0.090885 0.000000 0.995861 0.179853 0.179853 0.179853
3298.726562 0.000000 2874.525879 0.000000 0.351179 0.000000 0.936309 0.881996 0.881996 0.881996
3309.849854 0.000000 2835.254883 0.000000 0.726934 0.000000 0.686707 0.744882 0.744882 0.744882
3299.573486 0.000000 2843.841309 0.000000 0.337644 0.000000 0.941274 0.843852 0.843852 0.843852
3303.117920 0.000000 2855.950928 0.000000 0.605931 0.000000 0.795517 0.418992 0.418992 0.418992
3308.213379 0.000000 2834.024414 0.000000 0.079183 0.000000 0.996860 0.497304 0.497304 0.497304
3291.487305 0.000000 2867.329346 0.000000 0.342271 0.000000 0.939601 0.323024 0.323024 0.323024
3279.947754 0.000000 2805.522461 0.000000 0.664317 0.000000 0.747451 0.744977 0.744977 0.744977
3292.009033 0.000000 2819.350830 0.000000 0.472315 0.000000 0.881430 0.313163 0.313163 0.313163
3296.350342 0.000000 2838.858398 0.000000 0.581323 0.000000 0.813673 0.511198 0.511198 0.511198
3303.209961 0.000000 2849.501221 0.000000 0.494402 0.000000 0.869233 0.860584 0.860584 0.860584
3300.678711 0.000000 2854.958008 0.000000 0.455596 0.000000 0.890187 0.391587 0.391587 0.391587
3303.909424 0.000000 2838.339844 0.000000 0.727404 0.000000 0.686210 0.926366 0.926366 0.926366
3299.064697 0.000000 2839.348633 0.000000 0.011235 0.000000 0.999937 0.135639 0.135639 0.135639
3297.966797 0.000000 2795.142822 0.000000 0.004881 0.000000 0.999988 0.827987 0.827987 0.827987
3295.738525 0.000000 2799.680420 0.000000 0.392115 0.000000 0.919916 0.352729 0.352729 0.352729
3303.128174 0.000000 2835.245361 0.000000 0.729856 0.000000 0.683601 0.699342 0.699342 0.699342
3292.618896 0.000000 2865.863525 0.000000 0.463638 0.000000 0.886025 0.739073 0.739073 0.739073
3293.889893 0.000000 2830.725098 0.000000 0.186895 0.000000 0.982380 0.461454 0.461454 0.461454
3296.000977 0.000000 2871.757324 0.000000 0.715052 0.000000 0.699072 0.570969 0.570969 0.570969
3300.119385 0.000000 2852.182861 0.000000 0.616701 0.000000 0.787197 0.504513 0.504513 0.504513
3290.025146 0.000000 2866.708008 0.000000 0.679288 0.000000 0.733871 0.543309 0.543309 0.543309
3291.899170 0.000000 2868.868408 0.000000 0.235110 0.000000 0.971969 0.603842 0.603842 0.603842
3302.358643 0.000000 2854.521484 0.000000 0.681332 0.000000 0.731975 0.481298 0.481298 0.481298
3301.669678 0.000000 2835.930908 0.000000 0.124506 0.000000 0.992219 0.281625 0.281625 0.281625
3279.350830 0.000000 2813.835205 0.000000 0.122314 0.000000 0.992491 0.197372 0.197372 0.197372
3296.823242 0.000000 2804.832275 0.000000 0.096249 0.000000 0.995357 0.385289 0.385289 0.385289
3295.254639 0.000000 2856.286865 0.000000 0.389261 0.000000 0.921127 0.421172 0.421172 0.421172
3307.054932 0.000000 2853.023682 0.000000 0.395057 0.000000 0.918657 0.258550 0.258550 0.258550
3284.325439 0.000000 2863.588379 0.000000 0.619095 0.000000 0.785316 0.499412 0.499412 0.499412
3279.042480 0.000000 2816.246338 0.000000 0.327937 0.000000 0.944700 0.691257 0.691257 0.691257
3295.244141 0.000000 2826.834961 0.000000 0.399714 0.000000 0.916640 0.800247 0.800247 0.800247
3300.990479 0.000000 2839.505859 0.000000 0.625311 0.000000 0.780375 0.573101 0.573101 0.573101
3310.247559 0.000000 2836.628418 0.000000 0.171137 0.000000 0.985247 0.224731 0.224731 0.224731
3290.578369 0.000000 2817.947021 0.000000 0.389904 0.000000 0.920856 0.462419 0.462419 0.462419
3285.907471 0.000000 2792.123779 0.000000 0.642944 0.000000 0.765913 0.516453 0.516453 0.516453
3292.289062 0.000000 2874.586914 0.000000 0.247104 0.000000 0.968989 0.267798 0.267798 0.267798
3308.517090 0.000000 2850.910156 0.000000 0.499167 0.000000 0.866506 0.583932 0.583932 0.583932
3301.039551 0.000000 2837.061279 0.000000 0.370801 0.000000 0.928712 0.339949 0.339949 0.339949
3310.967529 0.000000 2850.005859 0.000000 0.629134 0.000000 0.777297 0.526539 0.526539 0.526539
3283.896729 0.000000 2861.260498 0.000000 0.283581 0.000000 0.958948 0.625162 0.625162 0.625162
3281.219727 0.000000 2805.687500 0.000000 0.076735 0.000000 0.997052 0.612100 0.612100 0.612100
3295.551270 0.000000 2876.735352 0.000000 0.274089 0.000000 0.961704 0.728813 0.728813 0.728813
3294.058105 0.000000 2839.964111 0.000000 0.395742 0.000000 0.918362 0.831465 0.831465 0.831465
3311.401855 0.000000 2832.994385 0.000000 0.487804 0.000000 0.872953 0.411834 0.411834 0.411834
3299.214111 0.000000 2837.744629 0.000000 0.248051 0.000000 0.968747 0.274932 0.274932 0.274932
3290.524902 0.000000 2831.937012 0.000000 0.555526 0.000000 0.831499 0.811264 0.811264 0.811264
3295.497314 0.000000 2797.484131 0.000000 0.187090 0.000000 0.982343 0.233718 0.233718 0.233718
3296.426758 0.000000 2855.412109 0.000000 0.665325 0.000000 0.746554 0.532855 0.532855 0.532855
3285.735352 0.000000 2793.408203 0.000000 0.504860 0.000000 0.863201 0.422723 0.422723 0.422723
3297.586426 0.000000 2827.266357 0.000000 0.717611 0.000000 0.696444 0.753803 0.753803 0.753803
3297.831055 0.000000 2798.164551 0.000000 0.242846 0.000000 0.970065 0.404349 0.404349 0.404349
3293.046143 0.000000 2877.035156 0.000000 0.640451 0.000000 0.767999 0.739836 0.739836 0.739836
3302.058838 0.000000 2852.251465 0.000000 0.469115 0.000000 0.883137 0.310854 0.310854 0.310854
3300.136719 0.000000 2834.656982 0.000000 0.270599 0.000000 0.962692 0.355742 0.355742 0.355742
3296.767334 0.000000 2801.203857 0.000000 0.232417 0.000000 0.972616 0.259414 0.259414 0.259414
3309.417236 0.000000 2834.123779 0.000000 0.233011 0.000000 0.972474 0.549850 0.549850 0.549850
3277.407471 0.000000 2810.320801 0.000000 0.482819 0.000000 0.875720 0.491246 0.491246 0.491246
3300.368408 0.000000 2853.807373 0.000000 0.016177 0.000000 0.999869 0.150021 0.150021 0.150021
3291.448242 0.000000 2875.690186 0.000000 0.561149 0.000000 0.827715 0.839343 0.839343 0.839343
3298.924561 0.000000 2840.481689 0.000000 0.006927 0.000000 0.999976 0.238666 0.238666 0.238666
3280.069824 0.000000 2806.661377 0.000000 0.614204 0.000000 0.789147 0.566352 0.566352 0.566352
3294.896484 0.000000 2869.280518 0.000000 0.474973 0.000000 0.880000 0.403720 0.403720 0.403720
3300.865723 0.000000 2851.359863 0.000000 0.517883 0.000000 0.855451 0.797562 0.797562 0.797562
3293.691895 0.000000 2866.019287 0.000000 0.179969 0.000000 0.983672 0.281750 0.281750 0.281750
3291.673828 0.000000 2820.403076 0.000000 0.557315 0.000000 0.830301 0.376337 0.376337 0.376337
3284.430420 0.000000 2865.297363 0.000000 0.307015 0.000000 0.951705 0.478344 0.478344 0.478344
3297.171875 0.000000 2799.034668 0.000000 0.711235 0.000000 0.702954 0.649690 0.649690 0.649690
3293.071045 0.000000 2819.561035 0.000000 0.555941 0.000000 0.831222 0.375284 0.375284 0.375284
3294.922119 0.000000 2872.156006 0.000000 0.678935 0.000000 0.734198 0.567743 0.567743 0.567743
3285.936035 0.000000 2862.345703 0.000000 0.730086 0.000000 0.683355 0.583023 0.583023 0.583023
3301.059814 0.000000 2811.080811 0.000000 0.426254 0.000000 0.904603 0.373468 0.373468 0.373468
3289.246826 0.000000 2816.871582 0.000000 0.399691 0.000000 0.916650 0.661281 0.661281 0.661281
3290.862305 0.000000 2819.738281 0.000000 0.662370 0.000000 0.749177 0.460899 0.460899 0.460899
3288.226318 0.000000 2823.942139 0.000000 0.221690 0.000000 0.975117 0.266763 0.266763 0.266763
3293.792480 0.000000 2797.617188 0.000000 0.437441 0.000000 0.899247 0.380342 0.380342 0.380342
3292.583252 0.000000 2799.114014 0.000000 0.657168 0.000000 0.753744 0.818831 0.818831 0.818831
3291.454590 0.000000 2818.494141 0.000000 0.683085 0.000000 0.730339 0.478724 0.478724 0.478724
3295.472168 0.000000 2794.752441 0.000000 0.581389 0.000000 0.813625 0.549202 0.549202 0.549202
3303.337158 0.000000 2854.957031 0.000000 0.399125 0.000000 0.916897 0.267165 0.267165 0.267165
3303.913574 0.000000 2853.088379 0.000000 0.427142 0.000000 0.904185 0.280959 0.280959 0.280959
3292.735352 0.000000 2827.578857 0.000000 0.065990 0.000000 0.997820 0.320037 0.320037 0.320037
3300.060059 0.000000 2839.148193 0.000000 0.381233 0.000000 0.924479 0.437487 0.437487 0.437487
3292.776855 0.000000 2869.480469 0.000000 0.614573 0.000000 0.788860 0.496229 0.496229 0.496229
3295.336182 0.000000 2832.989258 0.000000 0.714079 0.000000 0.700065 0.655384 0.655384 0.655384
3291.335693 0.000000 2827.602295 0.000000 0.628370 0.000000 0.777914 0.505989 0.505989 0.505989
3296.383789 0.000000 2870.845215 0.000000 0.171579 0.000000 0.985170 0.224980 0.224980 0.224980
3293.061768 0.000000 2796.869873 0.000000 0.014826 0.000000 0.999890 0.137629 0.137629 0.137629
3308.398193 0.000000 2837.870605 0.000000 0.583419 0.000000 0.812171 0.574050 0.574050 0.574050
3311.245361 0.000000 2854.207764 0.000000 0.317743 0.000000 0.948177 0.205850 0.205850 0.205850
3292.766113 0.000000 2857.143066 0.000000 0.377364 0.000000 0.926065 0.671936 0.671936 0.671936
3309.244141 0.000000 2857.441650 0.000000 0.178827 0.000000 0.983881 0.427004 0.427004 0.427004
3295.504883 0.000000 2842.403320 0.000000 0.350359 0.000000 0.936616 0.709320 0.709320 0.709320
3296.750000 0.000000 2842.671143 0.000000 0.257743 0.000000 0.966213 0.545365 0.545365 0.545365
3297.136475 0.000000 2841.503418 0.000000 0.287256 0.000000 0.957854 0.290894 0.290894 0.290894
3301.131592 0.000000 2852.271729 0.000000 0.037912 0.000000 0.999281 0.161910 0.161910 0.161910
3288.887939 0.000000 2818.756348 0.000000 0.422231 0.000000 0.906488 0.487171 0.487171 0.487171
3290.965820 0.000000 2817.128906 0.000000 0.090437 0.000000 0.995902 0.320032 0.320032 0.320032
3290.017334 0.000000 2869.781250 0.000000 0.652477 0.000000 0.757809 0.744519 0.744519 0.744519
3301.936035 0.000000 2836.820068 0.000000 0.571326 0.000000 0.820723 0.466453 0.466453 0.466453
3286.297607 0.000000 2865.260986 0.000000 0.465025 0.000000 0.885298 0.397474 0.397474 0.397474
3293.109619 0.000000 2830.224609 0.000000 0.457447 0.000000 0.889237 0.573277 0.573277 0.573277
3294.479492 0.000000 2840.768311 0.000000 0.619116 0.000000 0.785300 0.655011 0.655011 0.655011
3294.344971 0.000000 2874.918457 0.000000 0.528112 0.000000 0.849175 0.437774 0.437774 0.437774
3278.401123 0.000000 2813.770020 0.000000 0.592604 0.000000 0.805494 0.480956 0.480956 0.480956
3299.652832 0.000000 2839.997559 0.000000 0.516388 0.000000 0.856355 0.430154 0.430154 0.430154
3301.038086 0.000000 2855.780762 0.000000 0.631082 0.000000 0.775716 0.507924 0.507924 0.507924
3302.147705 0.000000 2853.674561 0.000000 0.421525 0.000000 0.906817 0.277010 0.277010 0.277010
3283.091553 0.000000 2861.603760 0.000000 0.400453 0.000000 0.916317 0.661523 0.661523 0.661523
3291.447266 0.000000 2821.251709 0.000000 0.186243 0.000000 0.982504 0.119262 0.119262 0.119262
3295.715576 0.000000 2872.562256 0.000000 0.552754 0.000000 0.833344 0.483521 0.483521 0.483521
3297.116455 0.000000 2804.024902 0.000000 0.613343 0.000000 0.789817 0.620387 0.620387 0.620387
3306.132324 0.000000 2854.614746 0.000000 0.099423 0.000000 0.995045 0.063399 0.063399 0.063399
3296.637939 0.000000 2872.340088 0.000000 0.049874 0.000000 0.998756 0.157065 0.157065 0.157065
3288.606934 0.000000 2821.827637 0.000000 0.559388 0.000000 0.828906 0.499902 0.499902 0.499902
3305.014404 0.000000 2850.325195 0.000000 0.541313 0.000000 0.840821 0.364145 0.364145 0.364145
3298.184082 0.000000 2808.790771 0.000000 0.719486 0.000000 0.694507 0.616663 0.616663 0.616663
3295.695312 0.000000 2820.374756 0.000000 0.717955 0.000000 0.696090 0.573275 0.573275 0.573275
3296.934814 0.000000 2875.385254 0.000000 0.415102 0.000000 0.909775 0.486476 0.486476 0.486476
3295.504150 0.000000 2866.238037 0.000000 0.160965 0.000000 0.986960 0.310480 0.310480 0.310480
3292.283447 0.000000 2854.313965 0.000000 0.312969 0.000000 0.949763 0.609141 0.609141 0.609141
3308.619141 0.000000 2850.100586 0.000000 0.255554 0.000000 0.966795 0.479051 0.479051 0.479051
3295.234375 0.000000 2823.477783 0.000000 0.529893 0.000000 0.848064 0.438937 0.438937 0.438937
3308.334961 0.000000 2856.039795 0.000000 0.442204 0.000000 0.896915 0.541628 0.541628 0.541628
3311.541748 0.000000 2852.147461 0.000000 0.534870 0.000000 0.844935 0.359279 0.359279 0.359279
3279.376465 0.000000 2814.683838 0.000000 0.121618 0.000000 0.992577 0.196984 0.196984 0.196984
3322.297363 0.000000 2848.135986 0.000000 0.548179 0.000000 0.836361 0.678496 0.678496 0.678496
3322.537354 0.000000 2857.438477 0.000000 0.001357 0.000000 0.999999 0.713973 0.713973 0.713973
3312.735596 0.000000 2836.906738 0.000000 0.019959 0.000000 0.999801 0.140474 0.140474 0.140474
3315.228760 0.000000 2848.195801 0.000000 0.595301 0.000000 0.803503 0.482813 0.482813 0.482813
3318.920654 0.000000 2848.189941 0.000000 0.382889 0.000000 0.923794 0.347182 0.347182 0.347182
3324.959717 0.000000 2850.136475 0.000000 0.050744 0.000000 0.998712 0.032318 0.032318 0.032318
3326.805420 0.000000 2853.100098 0.000000 0.290257 0.000000 0.956949 0.187482 0.187482 0.187482
3320.646729 0.000000 2850.497559 0.000000 0.710054 0.000000 0.704147 0.567021 0.567021 0.567021
3351.943604 0.000000 2869.141846 0.000000 0.099482 0.000000 0.995039 0.717195 0.717195 0.717195
3311.671875 0.000000 2851.346436 0.000000 0.332969 0.000000 0.942938 0.345214 0.345214 0.345214
3313.523193 0.000000 2834.971191 0.000000 0.546654 0.000000 0.837358 0.449960 0.449960 0.449960
3323.414307 0.000000 2855.588623 0.000000 0.604783 0.000000 0.796390 0.707890 0.707890 0.707890
3325.018555 0.000000 2852.137207 0.000000 0.316875 0.000000 0.948467 0.205267 0.205267 0.205267
3317.090820 0.000000 2849.174316 0.000000 0.478598 0.000000 0.878034 0.406006 0.406006 0.406006
3321.714844 0.000000 2853.006104 0.000000 0.523086 0.000000 0.852280 0.928676 0.928676 0.928676
3318.818359 0.000000 2846.291016 0.000000 0.571094 0.000000 0.820885 0.814887 0.814887 0.814887
3353.721191 0.000000 2869.153076 0.000000 0.567924 0.000000 0.823081 0.464159 0.464159 0.464159
3327.074463 0.000000 2854.806641 0.000000 0.411782 0.000000 0.911282 0.270187 0.270187 0.270187
3332.592773 0.000000 2876.892822 0.000000 0.616439 0.000000 0.787403 0.524700 0.524700 0.524700
3336.813477 0.000000 2872.653320 0.000000 0.260890 0.000000 0.965369 0.575859 0.575859 0.575859
3333.429443 0.000000 2875.587158 0.000000 0.270252 0.000000 0.962790 0.355563 0.355563 0.355563
3350.498535 0.000000 2869.241211 0.000000 0.692409 0.000000 0.721505 0.845064 0.845064 0.845064
3332.485107 0.000000 2874.195801 0.000000 0.152081 0.000000 0.988368 0.295458 0.295458 0.295458
3316.856201 0.000000 2852.612305 0.000000 0.127821 0.000000 0.991797 0.787507 0.787507 0.787507
3312.479980 0.000000 2850.116211 0.000000 0.280589 0.000000 0.959828 0.421924 0.421924 0.421924
3322.169922 0.000000 2856.012939 0.000000 0.289043 0.000000 0.957316 0.767166 0.767166 0.767166
3316.500488 0.000000 2848.121338 0.000000 0.134697 0.000000 0.990887 0.204293 0.204293 0.204293
3317.773926 0.000000 2848.205322 0.000000 0.459326 0.000000 0.888268 0.393912 0.393912 0.393912
3323.013672 0.000000 2849.023438 0.000000 0.396873 0.000000 0.917873 0.622648 0.622648 0.622648
3321.401855 0.000000 2848.868896 0.000000 0.531309 0.000000 0.847178 0.523127 0.523127 0.523127
3325.655762 0.000000 2857.213867 0.000000 0.725117 0.000000 0.688625 0.579009 0.579009 0.579009
3316.637695 0.000000 2850.165283 0.000000 0.176606 0.000000 0.984282 0.450422 0.450422 0.450422
3324.391113 0.000000 2856.015869 0.000000 0.345512 0.000000 0.938414 0.324937 0.324937 0.324937
3318.306641 0.000000 2849.130859 0.000000 0.254471 0.000000 0.967081 0.272016 0.272016 0.272016
3316.152588 0.000000 2851.819092 0.000000 0.389961 0.000000 0.920832 0.538406 0.538406 0.538406
3312.675537 0.000000 2854.116211 0.000000 0.578846 0.000000 0.815437 0.692926 0.692926 0.692926
3335.240479 0.000000 2874.185303 0.000000 0.446339 0.000000 0.894864 0.385839 0.385839 0.385839
3311.807861 0.000000 2833.382080 0.000000 0.607779 0.000000 0.794106 0.491471 0.491471 0.491471
3313.774902 0.000000 2857.360596 0.000000 0.657934 0.000000 0.753076 0.614675 0.614675 0.614675
3312.505371 0.000000 2852.462158 0.000000 0.720348 0.000000 0.693613 0.747407 0.747407 0.747407
3319.862793 0.000000 2848.012451 0.000000 0.046664 0.000000 0.998911 0.155284 0.155284 0.155284
3352.835205 0.000000 2869.420898 0.000000 0.520738 0.000000 0.853716 0.432974 0.432974 0.432974
3333.308105 0.000000 2874.661377 0.000000 0.733838 0.000000 0.679325 0.628959 0.628959 0.628959
3328.914551 0.000000 2853.204834 0.000000 0.488264 0.000000 0.872696 0.565715 0.565715 0.565715
3322.765625 0.000000 2850.337891 0.000000 0.182983 0.000000 0.983116 0.117151 0.117151 0.117151
3316.068604 0.000000 2850.863770 0.000000 0.088955 0.000000 0.996036 0.415527 0.415527 0.415527
3312.986084 0.000000 2834.237305 0.000000 0.311677 0.000000 0.950188 0.305080 0.305080 0.305080
3312.478760 0.000000 2856.117188 0.000000 0.243201 0.000000 0.969976 0.401206 0.401206 0.401206
3334.230713 0.000000 2872.371582 0.000000 0.647758 0.000000 0.761846 0.519946 0.519946 0.519946
3182.985596 0.000000 2971.513672 0.000000 0.666684 0.000000 0.745341 0.989501 0.989501 0.989501
3216.425781 0.000000 2934.257568 0.000000 0.640582 0.000000 0.767890 0.967213 0.967213 0.967213
3185.674316 0.000000 2974.206543 0.000000 0.702941 0.000000 0.711249 0.654296 0.654296 0.654296
3198.439941 0.000000 2969.879150 0.000000 0.628581 0.000000 0.777744 0.506140 0.506140 0.506140
3188.322021 0.000000 2967.554443 0.000000 0.654085 0.000000 0.756421 0.961451 0.961451 0.961451
3190.103516 0.000000 2972.891357 0.000000 0.130862 0.000000 0.991401 0.737643 0.737643 0.737643
3190.278809 0.000000 2970.336426 0.000000 0.453315 0.000000 0.891350 0.497301 0.497301 0.497301
3220.188477 0.000000 2930.368408 0.000000 0.570380 0.000000 0.821381 0.927813 0.927813 0.927813
3199.373047 0.000000 2962.433594 0.000000 0.562679 0.000000 0.826676 0.460634 0.460634 0.460634
3189.989990 0.000000 2966.103271 0.000000 0.081224 0.000000 0.996696 0.933066 0.933066 0.933066
3195.142090 0.000000 2965.747070 0.000000 0.435059 0.000000 0.900402 0.683841 0.683841 0.683841
3197.125977 0.000000 2962.410889 0.000000 0.496450 0.000000 0.868066 0.750663 0.750663 0.750663
3234.771973 0.000000 2925.822754 0.000000 0.614682 0.000000 0.788775 0.843446 0.843446 0.843446
3196.985352 0.000000 2965.507812 0.000000 0.459776 0.000000 0.888035 0.394193 0.394193 0.394193
3208.823730 0.000000 2967.677246 0.000000 0.172189 0.000000 0.985064 0.354436 0.354436 0.354436
3229.286865 0.000000 2928.542725 0.000000 0.589889 0.000000 0.807484 0.887371 0.887371 0.887371
3221.776123 0.000000 2965.121582 0.000000 0.195217 0.000000 0.980760 0.499067 0.499067 0.499067
3186.999756 0.000000 2973.057129 0.000000 0.506219 0.000000 0.862405 0.423596 0.423596 0.423596
3189.288330 0.000000 2968.974121 0.000000 0.632820 0.000000 0.774299 0.703732 0.703732 0.703732
3186.076660 0.000000 2970.724121 0.000000 0.558757 0.000000 0.829332 0.567872 0.567872 0.567872
3200.018066 0.000000 2970.548340 0.000000 0.492601 0.000000 0.870255 0.873489 0.873489 0.873489
3211.376221 0.000000 2962.378418 0.000000 0.099593 0.000000 0.995028 0.665801 0.665801 0.665801
3221.897705 0.000000 2967.870361 0.000000 0.433004 0.000000 0.901392 0.450503 0.450503 0.450503
3197.526123 0.000000 2971.181641 0.000000 0.308026 0.000000 0.951378 0.770791 0.770791 0.770791
3197.359375 0.000000 2964.020996 0.000000 0.613686 0.000000 0.789550 0.495605 0.495605 0.495605
3201.754639 0.000000 2968.439209 0.000000 0.592727 0.000000 0.805403 0.520780 0.520780 0.520780
3219.061279 0.000000 2936.388428 0.000000 0.428182 0.000000 0.903693 0.374649 0.374649 0.374649
3223.262451 0.000000 2952.271240 0.000000 0.120871 0.000000 0.992668 0.811808 0.811808 0.811808
3192.829102 0.000000 2968.637695 0.000000 0.701636 0.000000 0.712536 0.657455 0.657455 0.657455
3191.013672 0.000000 2971.724121 0.000000 0.164682 0.000000 0.986347 0.357935 0.357935 0.357935
3189.445068 0.000000 2971.571533 0.000000 0.576872 0.000000 0.816835 0.470207 0.470207 0.470207
3221.877197 0.000000 2950.844482 0.000000 0.507518 0.000000 0.861641 0.784810 0.784810 0.784810
3226.422607 0.000000 2948.398682 0.000000 0.512218 0.000000 0.858856 0.832364 0.832364 0.832364
3188.500732 0.000000 2970.180176 0.000000 0.390770 0.000000 0.920488 0.351919 0.351919 0.351919
3224.602295 0.000000 2948.145752 0.000000 0.084418 0.000000 0.996430 0.254177 0.254177 0.254177
3181.605469 0.000000 2974.039307 0.000000 0.575254 0.000000 0.817975 0.684336 0.684336 0.684336
3220.665527 0.000000 2933.991211 0.000000 0.263369 0.000000 0.964695 0.465982 0.465982 0.465982
3219.821289 0.000000 2967.602051 0.000000 0.591939 0.000000 0.805983 0.480498 0.480498 0.480498
3232.225098 0.000000 2921.027100 0.000000 0.429677 0.000000 0.902983 0.676532 0.676532 0.676532
3217.005615 0.000000 2964.919189 0.000000 0.607269 0.000000 0.794496 0.491115 0.491115 0.491115
3212.581299 0.000000 2965.085205 0.000000 0.725783 0.000000 0.687923 0.579545 0.579545 0.579545
3222.065918 0.000000 2935.948486 0.000000 0.296056 0.000000 0.955171 0.362588 0.362588 0.362588
3239.049072 0.000000 2920.066406 0.000000 0.216877 0.000000 0.976199 0.250575 0.250575 0.250575
3194.965576 0.000000 2967.172607 0.000000 0.114683 0.000000 0.993402 0.193113 0.193113 0.193113
3226.050781 0.000000 2952.821045 0.000000 0.420119 0.000000 0.907469 0.812618 0.812618 0.812618
3192.521729 0.000000 2967.398193 0.000000 0.141335 0.000000 0.989962 0.208007 0.208007 0.208007
3237.189209 0.000000 2920.862061 0.000000 0.135123 0.000000 0.990829 0.243946 0.243946 0.243946
3211.158936 0.000000 2963.862061 0.000000 0.052608 0.000000 0.998615 0.655095 0.655095 0.655095
3224.718750 0.000000 2953.815918 0.000000 0.198068 0.000000 0.980188 0.616535 0.616535 0.616535
3212.536133 0.000000 2962.375244 0.000000 0.295907 0.000000 0.955217 0.679669 0.679669 0.679669
3233.196045 0.000000 2920.389404 0.000000 0.310751 0.000000 0.950491 0.639739 0.639739 0.639739
3224.387207 0.000000 2928.947266 0.000000 0.234622 0.000000 0.972087 0.603693 0.603693 0.603693
3223.855957 0.000000 2949.405273 0.000000 0.368364 0.000000 0.929682 0.338495 0.338495 0.338495
3200.413574 0.000000 2963.001953 0.000000 0.480811 0.000000 0.876824 0.407404 0.407404 0.407404
3235.249512 0.000000 2924.813477 0.000000 0.362069 0.000000 0.932151 0.793233 0.793233 0.793233
3201.797852 0.000000 2964.494629 0.000000 0.026774 0.000000 0.999641 0.626092 0.626092 0.626092
3223.239746 0.000000 2930.959473 0.000000 0.452488 0.000000 0.891771 0.598601 0.598601 0.598601
3220.684570 0.000000 2948.684570 0.000000 0.572402 0.000000 0.819973 0.807993 0.807993 0.807993
3224.223389 0.000000 2933.777100 0.000000 0.254552 0.000000 0.967059 0.272063 0.272063 0.272063
3236.063232 0.000000 2921.527344 0.000000 0.347971 0.000000 0.937505 0.359767 0.359767 0.359767
3191.560303 0.000000 2969.104980 0.000000 0.105471 0.000000 0.994422 0.187976 0.187976 0.187976
3222.331055 0.000000 2951.778564 0.000000 0.111810 0.000000 0.993730 0.191510 0.191510 0.191510
3224.430664 0.000000 2950.354004 0.000000 0.305349 0.000000 0.952240 0.301393 0.301393 0.301393
3181.946533 0.000000 2975.118652 0.000000 0.544158 0.000000 0.838983 0.671968 0.671968 0.671968
3184.654297 0.000000 2974.350586 0.000000 0.375414 0.000000 0.926857 0.481862 0.481862 0.481862
3227.819824 0.000000 2932.892822 0.000000 0.043500 0.000000 0.999053 0.572951 0.572951 0.572951
3223.379395 0.000000 2935.300781 0.000000 0.205148 0.000000 0.978731 0.315445 0.315445 0.315445
3200.991943 0.000000 2966.684082 0.000000 0.653431 0.000000 0.756986 0.622699 0.622699 0.622699
3193.527832 0.000000 2971.928711 0.000000 0.337408 0.000000 0.941358 0.669266 0.669266 0.669266
3234.315186 0.000000 2921.852783 0.000000 0.245136 0.000000 0.969489 0.478083 0.478083 0.478083
3210.331787 0.000000 2964.402100 0.000000 0.341470 0.000000 0.939893 0.392737 0.392737 0.392737
3220.904541 0.000000 2934.986328 0.000000 0.615634 0.000000 0.788032 0.496974 0.496974 0.496974
3233.637451 0.000000 2923.623047 0.000000 0.734697 0.000000 0.678396 0.689151 0.689151 0.689151
3219.152344 0.000000 2965.385010 0.000000 0.556622 0.000000 0.830766 0.576527 0.576527 0.576527
3209.548340 0.000000 2967.108154 0.000000 0.380746 0.000000 0.924680 0.454914 0.454914 0.454914
3214.691895 0.000000 2964.542236 0.000000 0.103210 0.000000 0.994660 0.186716 0.186716 0.186716
3183.789795 0.000000 2974.641602 0.000000 0.604905 0.000000 0.796297 0.489468 0.489468 0.489468
3219.095459 0.000000 2937.295166 0.000000 0.607019 0.000000 0.794688 0.490940 0.490940 0.490940
3218.825195 0.000000 2935.501465 0.000000 0.441256 0.000000 0.897381 0.474457 0.474457 0.474457
3221.355713 0.000000 2933.406250 0.000000 0.169587 0.000000 0.985515 0.426635 0.426635 0.426635
3187.885986 0.000000 2973.382568 0.000000 0.546234 0.000000 0.837633 0.449682 0.449682 0.449682
3212.110352 0.000000 2967.551514 0.000000 0.638555 0.000000 0.769576 0.721564 0.721564 0.721564
3201.885742 0.000000 2961.609375 0.000000 0.175476 0.000000 0.984484 0.561368 0.561368 0.561368
3199.020508 0.000000 2965.562744 0.000000 0.668843 0.000000 0.743404 0.690315 0.690315 0.690315
3198.272949 0.000000 2970.718750 0.000000 0.668415 0.000000 0.743789 0.746637 0.746637 0.746637
3226.559082 0.000000 2928.774658 0.000000 0.248994 0.000000 0.968505 0.450013 0.450013 0.450013
3219.600342 0.000000 2966.791748 0.000000 0.581092 0.000000 0.813838 0.473075 0.473075 0.473075
3181.036865 0.000000 2975.114502 0.000000 0.084329 0.000000 0.996438 0.510176 0.510176 0.510176
3196.208496 0.000000 2965.767578 0.000000 0.224918 0.000000 0.974378 0.255145 0.255145 0.255145
3201.260986 0.000000 2969.116455 0.000000 0.000759 0.000000 1.000000 0.196467 0.196467 0.196467
3200.124756 0.000000 2966.811768 0.000000 0.308818 0.000000 0.951121 0.447751 0.447751 0.447751
3211.141113 0.000000 2966.295654 0.000000 0.000607 0.000000 1.000000 0.451192 0.451192 0.451192
3299.104248 0.000000 2949.654541 0.000000 0.550302 0.000000 0.834966 0.785391 0.785391 0.785391
3285.303711 0.000000 2909.221436 0.000000 0.352496 0.000000 0.935813 0.595022 0.595022 0.595022
3283.344482 0.000000 2907.054932 0.000000 0.130656 0.000000 0.991428 0.202033 0.202033 0.202033
3311.184326 0.000000 2947.346436 0.000000 0.566624 0.000000 0.823977 0.857359 0.857359 0.857359
3287.785645 0.000000 2909.367676 0.000000 0.216210 0.000000 0.976347 0.530528 0.530528 0.530528
3246.283447 0.000000 2908.766357 0.000000 0.703868 0.000000 0.710331 0.562173 0.562173 0.562173
3273.979248 0.000000 2912.631348 0.000000 0.481464 0.000000 0.876466 0.642556 0.642556 0.642556
3301.376221 0.000000 2949.242920 0.000000 0.418804 0.000000 0.908077 0.772581 0.772581 0.772581
3241.807129 0.000000 2917.613525 0.000000 0.037132 0.000000 0.999310 0.149996 0.149996 0.149996
3308.213379 0.000000 2930.008789 0.000000 0.317774 0.000000 0.948166 0.856745 0.856745 0.856745
3273.221680 0.000000 2909.291992 0.000000 0.154955 0.000000 0.987921 0.625486 0.625486 0.625486
3256.516113 0.000000 2950.070557 0.000000 0.046576 0.000000 0.998915 0.897258 0.897258 0.897258
3289.675781 0.000000 2906.863525 0.000000 0.162054 0.000000 0.986782 0.666056 0.666056 0.666056
3244.050781 0.000000 2906.868896 0.000000 0.318705 0.000000 0.947854 0.797734 0.797734 0.797734
3258.085449 0.000000 2955.422363 0.000000 0.098706 0.000000 0.995117 0.287100 0.287100 0.287100
3272.224365 0.000000 2912.286621 0.000000 0.701683 0.000000 0.712489 0.734699 0.734699 0.734699
3258.266113 0.000000 2943.371582 0.000000 0.530744 0.000000 0.847532 0.618755 0.618755 0.618755
3283.027100 0.000000 2908.735352 0.000000 0.391677 0.000000 0.920103 0.623730 0.623730 0.623730
3246.826172 0.000000 2942.275391 0.000000 0.675342 0.000000 0.737505 0.850920 0.850920 0.850920
3249.997070 0.000000 2908.047363 0.000000 0.424397 0.000000 0.905476 0.372330 0.372330 0.372330
3270.009766 0.000000 2910.385498 0.000000 0.248258 0.000000 0.968694 0.268459 0.268459 0.268459
3239.771484 0.000000 2911.031250 0.000000 0.277940 0.000000 0.960598 0.897011 0.897011 0.897011
3300.119385 0.000000 2948.167236 0.000000 0.179804 0.000000 0.983702 0.722382 0.722382 0.722382
3261.033936 0.000000 2959.414307 0.000000 0.203299 0.000000 0.979117 0.716932 0.716932 0.716932
3270.737061 0.000000 2911.812012 0.000000 0.651035 0.000000 0.759048 0.522334 0.522334 0.522334
3242.704834 0.000000 2921.235840 0.000000 0.379963 0.000000 0.925002 0.416192 0.416192 0.416192
3308.813232 0.000000 2932.309814 0.000000 0.679295 0.000000 0.733865 0.788114 0.788114 0.788114
3240.951660 0.000000 2919.003418 0.000000 0.202944 0.000000 0.979190 0.150570 0.150570 0.150570
3260.786377 0.000000 2941.348389 0.000000 0.481130 0.000000 0.876649 0.709140 0.709140 0.709140
3260.259033 0.000000 2958.069336 0.000000 0.529519 0.000000 0.848298 0.790142 0.790142 0.790142
3241.089600 0.000000 2916.358643 0.000000 0.046839 0.000000 0.998902 0.155381 0.155381 0.155381
3260.871338 0.000000 2948.126221 0.000000 0.377899 0.000000 0.925847 0.344192 0.344192 0.344192
3284.797119 0.000000 2904.363037 0.000000 0.286268 0.000000 0.958150 0.290322 0.290322 0.290322
3259.530518 0.000000 2943.583252 0.000000 0.097034 0.000000 0.995281 0.444481 0.444481 0.444481
3306.330078 0.000000 2945.370117 0.000000 0.608343 0.000000 0.793675 0.638354 0.638354 0.638354
3261.862305 0.000000 2955.792480 0.000000 0.373296 0.000000 0.927712 0.341439 0.341439 0.341439
3259.095459 0.000000 2946.092773 0.000000 0.183590 0.000000 0.983003 0.321720 0.321720 0.321720
3247.622803 0.000000 2947.168213 0.000000 0.707384 0.000000 0.706829 0.866733 0.866733 0.866733
3261.594727 0.000000 2949.116455 0.000000 0.645864 0.000000 0.763452 0.518570 0.518570 0.518570
3271.153076 0.000000 2912.966309 0.000000 0.113724 0.000000 0.993512 0.559919 0.559919 0.559919
3258.406738 0.000000 2940.894287 0.000000 0.363375 0.000000 0.931643 0.778508 0.778508 0.778508
3242.520020 0.000000 2909.108643 0.000000 0.278121 0.000000 0.960546 0.311359 0.311359 0.311359
3273.818115 0.000000 2908.222656 0.000000 0.672114 0.000000 0.740448 0.779365 0.779365 0.779365
3301.047363 0.000000 2946.214111 0.000000 0.156262 0.000000 0.987716 0.216374 0.216374 0.216374
3303.105469 0.000000 2947.214111 0.000000 0.222420 0.000000 0.974951 0.455420 0.455420 0.455420
3303.730225 0.000000 2944.412109 0.000000 0.454629 0.000000 0.890681 0.720182 0.720182 0.720182
3245.781738 0.000000 2944.189697 0.000000 0.467839 0.000000 0.883814 0.399237 0.399237 0.399237
3284.056396 0.000000 2909.351074 0.000000 0.309967 0.000000 0.950747 0.579942 0.579942 0.579942
3259.831299 0.000000 2940.675537 0.000000 0.225241 0.000000 0.974303 0.751776 0.751776 0.751776
3300.172363 0.000000 2945.410156 0.000000 0.701086 0.000000 0.713077 0.718563 0.718563 0.718563
3251.296143 0.000000 2907.544678 0.000000 0.665143 0.000000 0.746716 0.827401 0.827401 0.827401
3246.889404 0.000000 2906.388184 0.000000 0.063658 0.000000 0.997972 0.597409 0.597409 0.597409
3280.496582 0.000000 2907.718994 0.000000 0.465705 0.000000 0.884940 0.783027 0.783027 0.783027
3289.245117 0.000000 2953.969971 0.000000 0.722705 0.000000 0.691157 0.792346 0.792346 0.792346
3282.597168 0.000000 2907.783203 0.000000 0.305990 0.000000 0.952035 0.301766 0.301766 0.301766
3306.775391 0.000000 2946.875732 0.000000 0.347432 0.000000 0.937705 0.326071 0.326071 0.326071
3272.442871 0.000000 2908.605713 0.000000 0.096794 0.000000 0.995304 0.609969 0.609969 0.609969
3240.199219 0.000000 2920.871582 0.000000 0.515781 0.000000 0.856720 0.429762 0.429762 0.429762
3273.169189 0.000000 2912.090820 0.000000 0.465565 0.000000 0.885014 0.636517 0.636517 0.636517
3308.398193 0.000000 2933.854980 0.000000 0.672508 0.000000 0.740090 0.785746 0.785746 0.785746
3260.130615 0.000000 2956.091309 0.000000 0.142732 0.000000 0.989761 0.208789 0.208789 0.208789
3284.038330 0.000000 2950.052246 0.000000 0.711770 0.000000 0.702413 0.741413 0.741413 0.741413
3248.299316 0.000000 2909.936768 0.000000 0.164374 0.000000 0.986398 0.220929 0.220929 0.220929
3261.656006 0.000000 2941.706299 0.000000 0.198332 0.000000 0.980135 0.626880 0.626880 0.626880
3261.305420 0.000000 2944.746094 0.000000 0.086499 0.000000 0.996252 0.177412 0.177412 0.177412
3258.941162 0.000000 2947.096680 0.000000 0.318227 0.000000 0.948014 0.389844 0.389844 0.389844
3310.521484 0.000000 2935.928223 0.000000 0.097656 0.000000 0.995220 0.360137 0.360137 0.360137
3269.432861 0.000000 2911.191406 0.000000 0.673947 0.000000 0.738780 0.775870 0.775870 0.775870
3284.097412 0.000000 2906.423340 0.000000 0.654572 0.000000 0.756000 0.524922 0.524922 0.524922
3304.113770 0.000000 2945.324219 0.000000 0.650520 0.000000 0.759489 0.698532 0.698532 0.698532
3258.821777 0.000000 2953.135254 0.000000 0.487371 0.000000 0.873195 0.411559 0.411559 0.411559
3240.079834 0.000000 2914.718750 0.000000 0.411408 0.000000 0.911452 0.364406 0.364406 0.364406
3242.906250 0.000000 2942.187500 0.000000 0.386847 0.000000 0.922144 0.469685 0.469685 0.469685
3262.731689 0.000000 2957.502686 0.000000 0.565940 0.000000 0.824446 0.750770 0.750770 0.750770
3244.983398 0.000000 2911.953613 0.000000 0.598849 0.000000 0.800862 0.524681 0.524681 0.524681
3260.548340 0.000000 2946.513916 0.000000 0.001181 0.000000 0.999999 0.130066 0.130066 0.130066
3298.566162 0.000000 2946.493896 0.000000 0.287646 0.000000 0.957737 0.291119 0.291119 0.291119
3296.912842 0.000000 2947.212158 0.000000 0.208712 0.000000 0.977977 0.487106 0.487106 0.487106
3249.487549 0.000000 2907.309082 0.000000 0.494991 0.000000 0.868898 0.676658 0.676658 0.676658
3248.843506 0.000000 2911.259766 0.000000 0.629155 0.000000 0.777280 0.755497 0.755497 0.755497
3260.136719 0.000000 2957.172607 0.000000 0.205410 0.000000 0.978676 0.244073 0.244073 0.244073
3272.283203 0.000000 2913.191650 0.000000 0.210682 0.000000 0.977555 0.545523 0.545523 0.545523
3286.942383 0.000000 2906.653809 0.000000 0.342180 0.000000 0.939634 0.322970 0.322970 0.322970
3258.555908 0.000000 2954.673096 0.000000 0.448983 0.000000 0.893540 0.464733 0.464733 0.464733
3273.821777 0.000000 2910.266846 0.000000 0.679223 0.000000 0.733931 0.543260 0.543260 0.543260
3270.342529 0.000000 2909.232666 0.000000 0.284163 0.000000 0.958776 0.510059 0.510059 0.510059
3305.014404 0.000000 2946.309570 0.000000 0.129843 0.000000 0.991535 0.201579 0.201579 0.201579
3241.802734 0.000000 2914.712646 0.000000 0.365329 0.000000 0.930879 0.336687 0.336687 0.336687
3242.675049 0.000000 2910.013916 0.000000 0.517041 0.000000 0.855960 0.430577 0.430577 0.430577
3261.531738 0.000000 2947.561279 0.000000 0.414878 0.000000 0.909877 0.366518 0.366518 0.366518
3258.475586 0.000000 2948.833252 0.000000 0.361624 0.000000 0.932324 0.358466 0.358466 0.358466
3259.006348 0.000000 2955.913574 0.000000 0.377041 0.000000 0.926197 0.426457 0.426457 0.426457
3271.562500 0.000000 2911.656738 0.000000 0.685694 0.000000 0.727890 0.548167 0.548167 0.548167
3242.790283 0.000000 2911.976562 0.000000 0.140281 0.000000 0.990112 0.207417 0.207417 0.207417
3259.637207 0.000000 2945.452393 0.000000 0.733331 0.000000 0.679872 0.693912 0.693912 0.693912
3309.057617 0.000000 2947.519775 0.000000 0.108118 0.000000 0.994138 0.189452 0.189452 0.189452
3308.216553 0.000000 2947.687744 0.000000 0.025206 0.000000 0.999682 0.143383 0.143383 0.143383
3176.288330 0.000000 2990.738037 0.000000 0.718146 0.000000 0.695892 0.944277 0.944277 0.944277
3179.305908 0.000000 2988.904297 0.000000 0.561763 0.000000 0.827298 0.460021 0.460021 0.460021
3181.180908 0.000000 2978.606689 0.000000 0.343074 0.000000 0.939308 0.634323 0.634323 0.634323
3187.747314 0.000000 2989.333740 0.000000 0.482944 0.000000 0.875651 0.531264 0.531264 0.531264
3181.534668 0.000000 2989.461914 0.000000 0.424832 0.000000 0.905272 0.372596 0.372596 0.372596
3176.969971 0.000000 2980.882568 0.000000 0.056710 0.000000 0.998391 0.160859 0.160859 0.160859
3185.202637 0.000000 2988.742676 0.000000 0.378117 0.000000 0.925758 0.397485 0.397485 0.397485
3178.475586 0.000000 2990.932373 0.000000 0.590375 0.000000 0.807129 0.821784 0.821784 0.821784
3182.081299 0.000000 2986.360352 0.000000 0.526672 0.000000 0.850068 0.441908 0.441908 0.441908
3176.907471 0.000000 2986.202637 0.000000 0.266326 0.000000 0.963883 0.434752 0.434752 0.434752
3172.901855 0.000000 2989.100342 0.000000 0.419533 0.000000 0.907740 0.562527 0.562527 0.562527
3182.572266 0.000000 2978.064209 0.000000 0.183108 0.000000 0.983093 0.747286 0.747286 0.747286
3186.333252 0.000000 2989.756348 0.000000 0.327516 0.000000 0.944846 0.456417 0.456417 0.456417
3184.213867 0.000000 2975.552734 0.000000 0.023590 0.000000 0.999722 0.324033 0.324033 0.324033
3187.753174 0.000000 2986.324951 0.000000 0.620046 0.000000 0.784565 0.513595 0.513595 0.513595
3176.151855 0.000000 2979.761230 0.000000 0.169644 0.000000 0.985505 0.374219 0.374219 0.374219
3186.480225 0.000000 2988.468994 0.000000 0.549628 0.000000 0.835410 0.565494 0.565494 0.565494
3178.542725 0.000000 2976.226562 0.000000 0.010524 0.000000 0.999945 0.661109 0.661109 0.661109
3187.621826 0.000000 2988.134521 0.000000 0.229233 0.000000 0.973372 0.411431 0.411431 0.411431
3177.783203 0.000000 2981.713867 0.000000 0.043753 0.000000 0.999042 0.153669 0.153669 0.153669
3178.633545 0.000000 2989.755127 0.000000 0.573064 0.000000 0.819510 0.467627 0.467627 0.467627
3182.466553 0.000000 2976.871338 0.000000 0.110914 0.000000 0.993830 0.245672 0.245672 0.245672
3182.164062 0.000000 2979.048828 0.000000 0.584795 0.000000 0.811181 0.827563 0.827563 0.827563
3175.771973 0.000000 2986.495850 0.000000 0.027466 0.000000 0.999623 0.240961 0.240961 0.240961
3172.302490 0.000000 2988.151855 0.000000 0.385089 0.000000 0.922879 0.548060 0.548060 0.548060
3177.352295 0.000000 2987.131836 0.000000 0.067147 0.000000 0.997743 0.346838 0.346838 0.346838
3184.589844 0.000000 2989.629395 0.000000 0.205298 0.000000 0.978699 0.305306 0.305306 0.305306
3184.502197 0.000000 2986.014893 0.000000 0.407121 0.000000 0.913374 0.361802 0.361802 0.361802
3180.634277 0.000000 2989.715820 0.000000 0.639928 0.000000 0.768435 0.514274 0.514274 0.514274
3180.506104 0.000000 2976.736572 0.000000 0.319587 0.000000 0.947557 0.309700 0.309700 0.309700
3185.693848 0.000000 2986.616699 0.000000 0.404753 0.000000 0.914426 0.360366 0.360366 0.360366
3179.093262 0.000000 2978.284424 0.000000 0.053137 0.000000 0.998587 0.158876 0.158876 0.158876
3185.078125 0.000000 2975.842773 0.000000 0.108911 0.000000 0.994052 0.361403 0.361403 0.361403
3174.126709 0.000000 2987.145996 0.000000 0.262946 0.000000 0.964811 0.358312 0.358312 0.358312
3185.504150 0.000000 2989.550293 0.000000 0.134878 0.000000 0.990862 0.268903 0.268903 0.268903
3180.891357 0.000000 2977.811279 0.000000 0.723870 0.000000 0.689937 0.578006 0.578006 0.578006
3341.057617 0.000000 2930.796143 0.000000 0.197094 0.000000 0.980384 0.708767 0.708767 0.708767
3315.228760 0.000000 2944.180176 0.000000 0.672134 0.000000 0.740429 0.891768 0.891768 0.891768
3337.346924 0.000000 2910.240234 0.000000 0.192152 0.000000 0.981365 0.236576 0.236576 0.236576
3337.410156 0.000000 2939.760742 0.000000 0.068628 0.000000 0.997642 0.804995 0.804995 0.804995
3338.216064 0.000000 2912.738770 0.000000 0.165933 0.000000 0.986137 0.726580 0.726580 0.726580
3337.648926 0.000000 2936.081055 0.000000 0.165542 0.000000 0.986203 0.316257 0.316257 0.316257
3333.403809 0.000000 2936.477051 0.000000 0.391873 0.000000 0.920019 0.352583 0.352583 0.352583
3333.043213 0.000000 2910.049805 0.000000 0.358296 0.000000 0.933608 0.332506 0.332506 0.332506
3312.401855 0.000000 2942.751709 0.000000 0.632879 0.000000 0.774250 0.796609 0.796609 0.796609
3365.404785 0.000000 2888.267090 0.000000 0.343898 0.000000 0.939007 0.433608 0.433608 0.433608
3371.310547 0.000000 2903.227539 0.000000 0.222926 0.000000 0.974835 0.573241 0.573241 0.573241
3336.717285 0.000000 2879.635010 0.000000 0.562943 0.000000 0.826496 0.708547 0.708547 0.708547
3342.551758 0.000000 2894.259033 0.000000 0.372808 0.000000 0.927909 0.756640 0.756640 0.756640
3365.693359 0.000000 2886.397217 0.000000 0.427833 0.000000 0.903858 0.571685 0.571685 0.571685
3365.973145 0.000000 2892.547363 0.000000 0.095131 0.000000 0.995465 0.182216 0.182216 0.182216
3351.817383 0.000000 2904.334229 0.000000 0.131877 0.000000 0.991266 0.691142 0.691142 0.691142
3320.600586 0.000000 2943.430176 0.000000 0.584145 0.000000 0.811649 0.676111 0.676111 0.676111
3330.991943 0.000000 2939.831543 0.000000 0.551854 0.000000 0.833941 0.453409 0.453409 0.453409
3333.511719 0.000000 2938.285400 0.000000 0.573732 0.000000 0.819043 0.559129 0.559129 0.559129
3367.730713 0.000000 2895.664795 0.000000 0.376617 0.000000 0.926369 0.769311 0.769311 0.769311
3369.232666 0.000000 2888.074219 0.000000 0.179954 0.000000 0.983675 0.774460 0.774460 0.774460
3364.760742 0.000000 2893.841064 0.000000 0.496331 0.000000 0.868133 0.417263 0.417263 0.417263
3338.855225 0.000000 2911.077393 0.000000 0.010790 0.000000 0.999942 0.688430 0.688430 0.688430
3318.818359 0.000000 2942.275391 0.000000 0.397754 0.000000 0.917492 0.356131 0.356131 0.356131
3330.773682 0.000000 2915.278320 0.000000 0.460065 0.000000 0.887885 0.699915 0.699915 0.699915
3349.113770 0.000000 2903.253906 0.000000 0.342847 0.000000 0.939391 0.756167 0.756167 0.756167
3363.869141 0.000000 2900.246826 0.000000 0.068397 0.000000 0.997658 0.831219 0.831219 0.831219
3354.439697 0.000000 2928.470947 0.000000 0.155063 0.000000 0.987905 0.335819 0.335819 0.335819
3341.470947 0.000000 2933.881592 0.000000 0.528314 0.000000 0.849049 0.437906 0.437906 0.437906
3335.948486 0.000000 2936.615479 0.000000 0.582442 0.000000 0.812872 0.473995 0.473995 0.473995
3355.869141 0.000000 2931.290283 0.000000 0.518924 0.000000 0.854820 0.431797 0.431797 0.431797
3369.123779 0.000000 2902.830078 0.000000 0.359905 0.000000 0.932989 0.429539 0.429539 0.429539
3339.724365 0.000000 2931.513916 0.000000 0.325241 0.000000 0.945631 0.860745 0.860745 0.860745
3341.935791 0.000000 2935.667725 0.000000 0.481465 0.000000 0.876465 0.466502 0.466502 0.466502
3344.151855 0.000000 2896.584473 0.000000 0.276659 0.000000 0.960968 0.487742 0.487742 0.487742
3353.845215 0.000000 2932.551270 0.000000 0.295133 0.000000 0.955456 0.834972 0.834972 0.834972
3367.561768 0.000000 2889.182617 0.000000 0.477956 0.000000 0.878384 0.405601 0.405601 0.405601
3334.063965 0.000000 2934.582764 0.000000 0.286858 0.000000 0.957973 0.482376 0.482376 0.482376
3364.810303 0.000000 2899.166504 0.000000 0.321332 0.000000 0.946967 0.310721 0.310721 0.310721
3336.488281 0.000000 2881.438965 0.000000 0.188492 0.000000 0.982075 0.720699 0.720699 0.720699
3353.372070 0.000000 2929.559082 0.000000 0.435207 0.000000 0.900331 0.717457 0.717457 0.717457
3314.318848 0.000000 2945.252441 0.000000 0.324549 0.000000 0.945869 0.838989 0.838989 0.838989
3327.949219 0.000000 2913.597656 0.000000 0.570919 0.000000 0.821007 0.800418 0.800418 0.800418
3332.385986 0.000000 2935.573975 0.000000 0.455873 0.000000 0.890045 0.813692 0.813692 0.813692
3348.598145 0.000000 2900.739014 0.000000 0.311288 0.000000 0.950316 0.304853 0.304853 0.304853
3368.980957 0.000000 2889.250732 0.000000 0.091658 0.000000 0.995791 0.759993 0.759993 0.759993
3326.314453 0.000000 2909.819580 0.000000 0.550249 0.000000 0.835001 0.452343 0.452343 0.452343
3331.823486 0.000000 2940.675537 0.000000 0.542022 0.000000 0.840365 0.810650 0.810650 0.810650
3365.382812 0.000000 2889.428467 0.000000 0.733850 0.000000 0.679312 0.653206 0.653206 0.653206
3313.455078 0.000000 2942.195068 0.000000 0.561922 0.000000 0.827191 0.776269 0.776269 0.776269
3366.232178 0.000000 2887.445068 0.000000 0.612182 0.000000 0.790717 0.515041 0.515041 0.515041
3340.765625 0.000000 2931.943604 0.000000 0.037483 0.000000 0.999297 0.674623 0.674623 0.674623
3312.822021 0.000000 2934.041016 0.000000 0.726531 0.000000 0.687133 0.704969 0.704969 0.704969
3351.923340 0.000000 2898.800293 0.000000 0.239705 0.000000 0.970846 0.528951 0.528951 0.528951
3319.540527 0.000000 2943.137695 0.000000 0.002891 0.000000 0.999996 0.131014 0.131014 0.131014
3329.853027 0.000000 2910.498779 0.000000 0.175463 0.000000 0.984486 0.227165 0.227165 0.227165
3366.666748 0.000000 2895.427734 0.000000 0.318330 0.000000 0.947980 0.757204 0.757204 0.757204
3314.422852 0.000000 2940.275146 0.000000 0.157965 0.000000 0.987445 0.217329 0.217329 0.217329
3371.786865 0.000000 2904.216797 0.000000 0.163953 0.000000 0.986468 0.410253 0.410253 0.410253
3334.980469 0.000000 2912.927979 0.000000 0.499724 0.000000 0.866184 0.500502 0.500502 0.500502
3362.297119 0.000000 2905.986816 0.000000 0.147915 0.000000 0.989000 0.314670 0.314670 0.314670
3336.563232 0.000000 2935.693359 0.000000 0.071656 0.000000 0.997429 0.464819 0.464819 0.464819
3350.811768 0.000000 2900.658691 0.000000 0.701687 0.000000 0.712485 0.562454 0.562454 0.562454
3364.575439 0.000000 2895.098389 0.000000 0.700945 0.000000 0.713215 0.559897 0.559897 0.559897
3320.994141 0.000000 2942.459229 0.000000 0.631398 0.000000 0.775459 0.696471 0.696471 0.696471
3339.733398 0.000000 2910.512451 0.000000 0.623130 0.000000 0.782119 0.820636 0.820636 0.820636
3316.797852 0.000000 2942.225830 0.000000 0.536721 0.000000 0.843760 0.443411 0.443411 0.443411
3359.498779 0.000000 2908.409180 0.000000 0.106081 0.000000 0.994358 0.312628 0.312628 0.312628
3347.488525 0.000000 2894.476318 0.000000 0.482972 0.000000 0.875636 0.408771 0.408771 0.408771
3329.424072 0.000000 2911.552246 0.000000 0.517461 0.000000 0.855707 0.430849 0.430849 0.430849
3365.053955 0.000000 2892.854248 0.000000 0.718339 0.000000 0.695693 0.573582 0.573582 0.573582
3370.777588 0.000000 2904.158447 0.000000 0.642758 0.000000 0.766070 0.633970 0.633970 0.633970
3352.470215 0.000000 2903.628662 0.000000 0.539839 0.000000 0.841768 0.540382 0.540382 0.540382
3328.242432 0.000000 2911.537354 0.000000 0.050773 0.000000 0.998710 0.157564 0.157564 0.157564
3343.681396 0.000000 2933.724121 0.000000 0.053232 0.000000 0.998582 0.609773 0.609773 0.609773
3336.097900 0.000000 2937.541504 0.000000 0.275266 0.000000 0.961368 0.371054 0.371054 0.371054
3319.344482 0.000000 2945.056885 0.000000 0.416807 0.000000 0.908995 0.367693 0.367693 0.367693
3357.183105 0.000000 2931.656494 0.000000 0.707280 0.000000 0.706934 0.696173 0.696173 0.696173
3365.176758 0.000000 2896.698730 0.000000 0.113587 0.000000 0.993528 0.192502 0.192502 0.192502
3353.531494 0.000000 2928.591064 0.000000 0.276082 0.000000 0.961134 0.674452 0.674452 0.674452
3363.705078 0.000000 2899.251221 0.000000 0.258017 0.000000 0.966140 0.584704 0.584704 0.584704
3335.131836 0.000000 2938.959717 0.000000 0.631835 0.000000 0.775103 0.667880 0.667880 0.667880
3332.638184 0.000000 2938.586670 0.000000 0.527208 0.000000 0.849736 0.533522 0.533522 0.533522
3334.404541 0.000000 2938.406982 0.000000 0.623734 0.000000 0.781636 0.663983 0.663983 0.663983
3341.276855 0.000000 2934.912598 0.000000 0.676398 0.000000 0.736536 0.586604 0.586604 0.586604
3321.163574 0.000000 2945.710449 0.000000 0.125403 0.000000 0.992106 0.455242 0.455242 0.455242
3339.089600 0.000000 2933.408447 0.000000 0.672668 0.000000 0.739945 0.642310 0.642310 0.642310
3360.727783 0.000000 2907.009521 0.000000 0.629148 0.000000 0.777285 0.506544 0.506544 0.506544
3346.602783 0.000000 2899.929688 0.000000 0.371370 0.000000 0.928485 0.554249 0.554249 0.554249
3360.428223 0.000000 2908.775146 0.000000 0.498705 0.000000 0.866772 0.418779 0.418779 0.418779
3325.936523 0.000000 2908.035156 0.000000 0.481664 0.000000 0.876356 0.543956 0.543956 0.543956
3333.444824 0.000000 2939.142822 0.000000 0.706822 0.000000 0.707391 0.639031 0.639031 0.639031
3328.066650 0.000000 2912.722412 0.000000 0.410178 0.000000 0.912006 0.547108 0.547108 0.547108
3319.771240 0.000000 2942.299316 0.000000 0.542698 0.000000 0.839928 0.447346 0.447346 0.447346
3337.075439 0.000000 2911.029541 0.000000 0.053240 0.000000 0.998582 0.158933 0.158933 0.158933
3366.609375 0.000000 2893.376221 0.000000 0.507911 0.000000 0.861409 0.629414 0.629414 0.629414
3367.766113 0.000000 2886.846680 0.000000 0.391064 0.000000 0.920363 0.378362 0.378362 0.378362
3346.748047 0.000000 2898.115967 0.000000 0.620335 0.000000 0.784337 0.662357 0.662357 0.662357
3367.261230 0.000000 2889.947266 0.000000 0.673132 0.000000 0.739523 0.538678 0.538678 0.538678
3333.723145 0.000000 2915.535889 0.000000 0.176168 0.000000 0.984360 0.227562 0.227562 0.227562
3347.284912 0.000000 2899.489014 0.000000 0.380152 0.000000 0.924924 0.557798 0.557798 0.557798
3332.634033 0.000000 2914.538330 0.000000 0.417984 0.000000 0.908455 0.368411 0.368411 0.368411
3790.155762 0.000000 2278.720947 0.000000 0.187304 0.000000 0.982302 0.744613 0.744613 0.744613
3789.051758 0.000000 2284.834717 0.000000 0.497794 0.000000 0.867295 0.918757 0.918757 0.918757
3789.285889 0.000000 2272.787598 0.000000 0.222314 0.000000 0.974975 0.751221 0.751221 0.751221
3807.018799 0.000000 2294.502930 0.000000 0.559112 0.000000 0.829092 0.841378 0.841378 0.841378
3799.697998 0.000000 2272.756836 0.000000 0.144890 0.000000 0.989448 0.800720 0.800720 0.800720
3792.344727 0.000000 2274.497559 0.000000 0.038938 0.000000 0.999242 0.716999 0.716999 0.716999
3780.958496 0.000000 2277.394043 0.000000 0.622298 0.000000 0.782780 0.833892 0.833892 0.833892
3810.585205 0.000000 2293.476807 0.000000 0.611111 0.000000 0.791545 0.831267 0.831267 0.831267
3808.807861 0.000000 2281.068359 0.000000 0.096976 0.000000 0.995287 0.727748 0.727748 0.727748
3784.711426 0.000000 2279.371338 0.000000 0.563375 0.000000 0.826201 0.820367 0.820367 0.820367
3776.029541 0.000000 2273.251465 0.000000 0.275061 0.000000 0.961427 0.761284 0.761284 0.761284
3777.403809 0.000000 2268.694580 0.000000 0.578061 0.000000 0.815994 0.892773 0.892773 0.892773
3785.298584 0.000000 2283.132324 0.000000 0.150594 0.000000 0.988596 0.737731 0.737731 0.737731
3790.423584 0.000000 2276.077393 0.000000 0.691291 0.000000 0.722576 0.850815 0.850815 0.850815
3777.446289 0.000000 2277.980225 0.000000 0.670707 0.000000 0.741723 0.845621 0.845621 0.845621
3778.900146 0.000000 2273.560303 0.000000 0.691979 0.000000 0.721918 0.850991 0.850991 0.850991
3774.996094 0.000000 2275.253174 0.000000 0.008178 0.000000 0.999967 0.824448 0.824448 0.824448
3795.241699 0.000000 2279.540283 0.000000 0.550813 0.000000 0.834629 0.817572 0.817572 0.817572
3784.610107 0.000000 2268.111084 0.000000 0.033124 0.000000 0.999451 0.715925 0.715925 0.715925
3807.704834 0.000000 2285.375732 0.000000 0.294269 0.000000 0.955723 0.939658 0.939658 0.939658
3792.026123 0.000000 2277.654053 0.000000 0.452450 0.000000 0.891790 0.796543 0.796543 0.796543
3782.305908 0.000000 2275.756104 0.000000 0.113576 0.000000 0.993529 0.730832 0.730832 0.730832
3813.968262 0.000000 2281.016602 0.000000 0.364702 0.000000 0.931124 0.778771 0.778771 0.778771
3810.454590 0.000000 2282.309814 0.000000 0.344620 0.000000 0.938742 0.686551 0.686551 0.686551
3774.084961 0.000000 2272.181396 0.000000 0.598489 0.000000 0.801131 0.895611 0.895611 0.895611
3780.062988 0.000000 2281.224609 0.000000 0.595402 0.000000 0.803428 0.827628 0.827628 0.827628
3790.433594 0.000000 2274.245361 0.000000 0.375467 0.000000 0.926836 0.780912 0.780912 0.780912
3814.679688 0.000000 2272.800049 0.000000 0.358716 0.000000 0.933447 0.777585 0.777585 0.777585
3810.971191 0.000000 2291.868164 0.000000 0.437527 0.000000 0.899205 0.793465 0.793465 0.793465
3810.420166 0.000000 2280.645020 0.000000 0.438387 0.000000 0.898787 0.793642 0.793642 0.793642
3776.454102 0.000000 2276.568359 0.000000 0.545005 0.000000 0.838433 0.816290 0.816290 0.816290
3789.076904 0.000000 2275.086670 0.000000 0.257452 0.000000 0.966291 0.757909 0.757909 0.757909
3808.220703 0.000000 2293.462158 0.000000 0.123865 0.000000 0.992299 0.732746 0.732746 0.732746
3787.714600 0.000000 2272.481445 0.000000 0.004431 0.000000 0.999990 0.710623 0.710623 0.710623
3780.726807 0.000000 2268.916748 0.000000 0.009941 0.000000 0.999951 0.711641 0.711641 0.711641
3811.354492 0.000000 2275.734131 0.000000 0.281645 0.000000 0.959519 0.801055 0.801055 0.801055
3810.939453 0.000000 2297.715088 0.000000 0.638844 0.000000 0.769337 0.837831 0.837831 0.837831
3787.148438 0.000000 2266.419678 0.000000 0.563057 0.000000 0.826418 0.820296 0.820296 0.820296
3808.519043 0.000000 2290.678467 0.000000 0.692051 0.000000 0.721848 0.851009 0.851009 0.851009
3811.000244 0.000000 2277.117432 0.000000 0.325388 0.000000 0.945581 0.771032 0.771032 0.771032
3794.384277 0.000000 2271.409180 0.000000 0.653211 0.000000 0.757176 0.841308 0.841308 0.841308
3809.580811 0.000000 2298.928223 0.000000 0.117461 0.000000 0.993077 0.844011 0.844011 0.844011
3774.954834 0.000000 2278.975098 0.000000 0.707175 0.000000 0.707038 0.911776 0.911776 0.911776
3812.807129 0.000000 2285.056396 0.000000 0.180543 0.000000 0.983567 0.486684 0.486684 0.486684
3781.704346 0.000000 2278.531982 0.000000 0.454820 0.000000 0.890584 0.797035 0.797035 0.797035
3797.590576 0.000000 2273.213867 0.000000 0.624597 0.000000 0.780947 0.834435 0.834435 0.834435
3814.874756 0.000000 2294.755615 0.000000 0.483452 0.000000 0.875371 0.803025 0.803025 0.803025
3782.473145 0.000000 2274.472412 0.000000 0.262185 0.000000 0.965017 0.758814 0.758814 0.758814
3810.289062 0.000000 2294.708740 0.000000 0.311126 0.000000 0.950369 0.768253 0.768253 0.768253
3794.517578 0.000000 2270.029297 0.000000 0.094554 0.000000 0.995520 0.727298 0.727298 0.727298
3808.848145 0.000000 2276.949951 0.000000 0.674658 0.000000 0.738130 0.873555 0.873555 0.873555
3812.007812 0.000000 2287.488770 0.000000 0.424155 0.000000 0.905589 0.581455 0.581455 0.581455
3777.895508 0.000000 2276.774902 0.000000 0.631907 0.000000 0.775044 0.836171 0.836171 0.836171
3806.925781 0.000000 2288.817139 0.000000 0.253594 0.000000 0.967311 0.786704 0.786704 0.786704
3780.080566 0.000000 2276.579102 0.000000 0.292719 0.000000 0.956199 0.764686 0.764686 0.764686
3815.004150 0.000000 2284.176514 0.000000 0.351479 0.000000 0.936196 0.552310 0.552310 0.552310
3814.991699 0.000000 2290.550049 0.000000 0.610077 0.000000 0.792342 0.831026 0.831026 0.831026
3781.146973 0.000000 2271.522705 0.000000 0.695155 0.000000 0.718860 0.851805 0.851805 0.851805
3808.313965 0.000000 2284.423096 0.000000 0.252495 0.000000 0.967598 0.661717 0.661717 0.661717
3788.916504 0.000000 2273.873291 0.000000 0.083745 0.000000 0.996487 0.725294 0.725294 0.725294
3791.545654 0.000000 2273.737305 0.000000 0.459850 0.000000 0.887997 0.798080 0.798080 0.798080
3787.920166 0.000000 2268.276123 0.000000 0.687580 0.000000 0.726108 0.849868 0.849868 0.849868
3789.175781 0.000000 2283.735107 0.000000 0.074824 0.000000 0.997197 0.723640 0.723640 0.723640
3809.722656 0.000000 2287.869629 0.000000 0.266010 0.000000 0.963970 0.668564 0.668564 0.668564
3808.376221 0.000000 2286.412842 0.000000 0.701852 0.000000 0.712323 0.798115 0.798115 0.798115
3810.499268 0.000000 2288.687744 0.000000 0.224136 0.000000 0.974558 0.640779 0.640779 0.640779
3814.912354 0.000000 2287.411377 0.000000 0.100956 0.000000 0.994891 0.456974 0.456974 0.456974
3811.904297 0.000000 2289.487793 0.000000 0.292839 0.000000 0.956162 0.659782 0.659782 0.659782
3811.154541 0.000000 2284.363281 0.000000 0.109112 0.000000 0.994029 0.478247 0.478247 0.478247
3814.164551 0.000000 2284.047363 0.000000 0.528613 0.000000 0.848863 0.625401 0.625401 0.625401
3837.349121 0.000000 2264.586426 0.000000 0.444201 0.000000 0.895927 0.794839 0.794839 0.794839
3831.426758 0.000000 2262.528076 0.000000 0.509723 0.000000 0.860338 0.808617 0.808617 0.808617
3837.919678 0.000000 2294.212646 0.000000 0.615473 0.000000 0.788158 0.945607 0.945607 0.945607
3817.095947 0.000000 2279.612549 0.000000 0.550236 0.000000 0.835009 0.817445 0.817445 0.817445
3819.981201 0.000000 2264.308350 0.000000 0.398741 0.000000 0.917064 0.785576 0.785576 0.785576
3830.661133 0.000000 2297.499268 0.000000 0.285260 0.000000 0.958450 0.763246 0.763246 0.763246
3843.508789 0.000000 2275.104004 0.000000 0.644944 0.000000 0.764230 0.941366 0.941366 0.941366
3829.193848 0.000000 2300.817871 0.000000 0.103046 0.000000 0.994677 0.728875 0.728875 0.728875
3819.201416 0.000000 2299.854980 0.000000 0.083004 0.000000 0.996549 0.725156 0.725156 0.725156
3826.305664 0.000000 2254.677246 0.000000 0.615901 0.000000 0.787823 0.873158 0.873158 0.873158
3824.192871 0.000000 2281.970215 0.000000 0.058652 0.000000 0.998278 0.720646 0.720646 0.720646
3830.625732 0.000000 2284.286377 0.000000 0.531111 0.000000 0.847302 0.934383 0.934383 0.934383
3823.063721 0.000000 2301.175049 0.000000 0.302532 0.000000 0.953139 0.766585 0.766585 0.766585
3826.023682 0.000000 2290.182373 0.000000 0.634140 0.000000 0.773218 0.885252 0.885252 0.885252
3821.800781 0.000000 2254.506592 0.000000 0.120255 0.000000 0.992743 0.797245 0.797245 0.797245
3821.633301 0.000000 2265.139160 0.000000 0.680951 0.000000 0.732329 0.848189 0.848189 0.848189
3834.022949 0.000000 2283.531738 0.000000 0.486825 0.000000 0.873499 0.803738 0.803738 0.803738
3826.508789 0.000000 2293.252930 0.000000 0.646241 0.000000 0.763133 0.839614 0.839614 0.839614
3840.539307 0.000000 2280.736572 0.000000 0.647384 0.000000 0.762164 0.906964 0.906964 0.906964
3820.102051 0.000000 2281.355957 0.000000 0.582124 0.000000 0.813100 0.824593 0.824593 0.824593
3819.984619 0.000000 2303.146729 0.000000 0.544103 0.000000 0.839019 0.816091 0.816091 0.816091
3820.372314 0.000000 2256.321533 0.000000 0.001237 0.000000 0.999999 0.710032 0.710032 0.710032
3828.931152 0.000000 2260.396484 0.000000 0.134341 0.000000 0.990935 0.734698 0.734698 0.734698
3839.893799 0.000000 2264.724854 0.000000 0.461994 0.000000 0.886883 0.893818 0.893818 0.893818
3823.111572 0.000000 2264.859619 0.000000 0.606656 0.000000 0.794964 0.830229 0.830229 0.830229
3836.538086 0.000000 2300.986572 0.000000 0.012362 0.000000 0.999924 0.712088 0.712088 0.712088
3822.898926 0.000000 2256.135986 0.000000 0.134541 0.000000 0.990908 0.734735 0.734735 0.734735
3831.688232 0.000000 2283.266602 0.000000 0.361345 0.000000 0.932432 0.778106 0.778106 0.778106
3820.263428 0.000000 2257.837158 0.000000 0.196950 0.000000 0.980414 0.746429 0.746429 0.746429
3837.509277 0.000000 2302.364990 0.000000 0.619246 0.000000 0.785197 0.833173 0.833173 0.833173
3830.135010 0.000000 2261.848877 0.000000 0.513001 0.000000 0.858388 0.809322 0.809322 0.809322
3830.283203 0.000000 2257.201172 0.000000 0.498963 0.000000 0.866623 0.892688 0.892688 0.892688
3817.013428 0.000000 2266.011230 0.000000 0.539788 0.000000 0.841801 0.815143 0.815143 0.815143
3830.584961 0.000000 2301.147949 0.000000 0.507894 0.000000 0.861420 0.808224 0.808224 0.808224
3820.801514 0.000000 2276.706055 0.000000 0.668692 0.000000 0.743539 0.845120 0.845120 0.845120
3824.046631 0.000000 2292.743408 0.000000 0.329601 0.000000 0.944120 0.771856 0.771856 0.771856
3817.207520 0.000000 2268.692383 0.000000 0.472620 0.000000 0.881266 0.816902 0.816902 0.816902
3825.665039 0.000000 2294.872314 0.000000 0.181241 0.000000 0.983439 0.743473 0.743473 0.743473
3820.049316 0.000000 2278.679932 0.000000 0.680081 0.000000 0.733137 0.847969 0.847969 0.847969
3821.365967 0.000000 2281.808838 0.000000 0.135044 0.000000 0.990840 0.734829 0.734829 0.734829
3822.876709 0.000000 2302.509521 0.000000 0.465078 0.000000 0.885270 0.799169 0.799169 0.799169
3824.446533 0.000000 2299.208496 0.000000 0.642689 0.000000 0.766127 0.838756 0.838756 0.838756
3820.382568 0.000000 2263.016846 0.000000 0.472350 0.000000 0.881411 0.800690 0.800690 0.800690
3818.545898 0.000000 2258.385254 0.000000 0.093593 0.000000 0.995611 0.727120 0.727120 0.727120
3816.099121 0.000000 2258.350342 0.000000 0.163283 0.000000 0.986579 0.785762 0.785762 0.785762
3837.799805 0.000000 2283.901855 0.000000 0.659680 0.000000 0.751547 0.842893 0.842893 0.842893
3825.311279 0.000000 2262.091064 0.000000 0.618860 0.000000 0.785501 0.833082 0.833082 0.833082
3816.826904 0.000000 2297.440430 0.000000 0.715334 0.000000 0.698783 0.857064 0.857064 0.857064
3826.725342 0.000000 2283.089600 0.000000 0.377755 0.000000 0.925906 0.781368 0.781368 0.781368
3825.086182 0.000000 2257.929199 0.000000 0.064517 0.000000 0.997917 0.721731 0.721731 0.721731
3819.458740 0.000000 2265.401611 0.000000 0.706410 0.000000 0.707803 0.854720 0.854720 0.854720
3831.213623 0.000000 2282.121094 0.000000 0.088860 0.000000 0.996044 0.726242 0.726242 0.726242
3827.655029 0.000000 2293.021973 0.000000 0.215333 0.000000 0.976541 0.749900 0.749900 0.749900
3821.333740 0.000000 2258.354492 0.000000 0.301293 0.000000 0.953532 0.766345 0.766345 0.766345
3818.258545 0.000000 2279.453125 0.000000 0.482071 0.000000 0.876132 0.802734 0.802734 0.802734
3836.632080 0.000000 2303.476318 0.000000 0.482185 0.000000 0.876069 0.802758 0.802758 0.802758
3831.695801 0.000000 2263.653809 0.000000 0.182451 0.000000 0.983215 0.743701 0.743701 0.743701
3828.958984 0.000000 2257.394775 0.000000 0.103928 0.000000 0.994585 0.747347 0.747347 0.747347
3825.503174 0.000000 2259.495605 0.000000 0.373507 0.000000 0.927627 0.780522 0.780522 0.780522
3830.344238 0.000000 2262.959473 0.000000 0.718610 0.000000 0.695413 0.857932 0.857932 0.857932
3835.351562 0.000000 2296.386963 0.000000 0.641550 0.000000 0.767081 0.838482 0.838482 0.838482
3835.324219 0.000000 2283.227295 0.000000 0.538824 0.000000 0.842418 0.814931 0.814931 0.814931
3833.645264 0.000000 2301.186768 0.000000 0.431342 0.000000 0.902189 0.792196 0.792196 0.792196
3821.077637 0.000000 2264.075195 0.000000 0.117970 0.000000 0.993017 0.731649 0.731649 0.731649
3816.197021 0.000000 2298.791260 0.000000 0.592235 0.000000 0.805766 0.826900 0.826900 0.826900
3817.166016 0.000000 2273.319092 0.000000 0.270261 0.000000 0.962787 0.760362 0.760362 0.760362
3825.014893 0.000000 2283.862549 0.000000 0.117464 0.000000 0.993077 0.731555 0.731555 0.731555
3829.621582 0.000000 2294.541504 0.000000 0.135641 0.000000 0.990758 0.734940 0.734940 0.734940
3829.776611 0.000000 2293.451172 0.000000 0.180707 0.000000 0.983537 0.746841 0.746841 0.746841
3817.733398 0.000000 2295.416260 0.000000 0.145639 0.000000 0.989338 0.736806 0.736806 0.736806
3822.105957 0.000000 2269.479736 0.000000 0.675540 0.000000 0.737323 0.693657 0.693657 0.693657
3830.085693 0.000000 2270.722412 0.000000 0.531078 0.000000 0.847323 0.626474 0.626474 0.626474
3821.653564 0.000000 2274.287598 0.000000 0.414656 0.000000 0.909978 0.771669 0.771669 0.771669
3834.325684 0.000000 2270.367432 0.000000 0.609462 0.000000 0.792815 0.661764 0.661764 0.661764
3818.182129 0.000000 2288.619385 0.000000 0.197311 0.000000 0.980341 0.492994 0.492994 0.492994
3840.686768 0.000000 2273.841553 0.000000 0.646110 0.000000 0.763244 0.679165 0.679165 0.679165
3823.652588 0.000000 2289.355713 0.000000 0.422429 0.000000 0.906396 0.753550 0.753550 0.753550
3820.272949 0.000000 2267.455322 0.000000 0.279947 0.000000 0.960015 0.633695 0.633695 0.633695
3825.440918 0.000000 2269.660400 0.000000 0.080940 0.000000 0.996719 0.449547 0.449547 0.449547
3833.232178 0.000000 2274.233398 0.000000 0.234166 0.000000 0.972197 0.506941 0.506941 0.506941
3819.730713 0.000000 2271.486816 0.000000 0.497360 0.000000 0.867544 0.708960 0.708960 0.708960
3816.201172 0.000000 2288.660400 0.000000 0.671525 0.000000 0.740982 0.691650 0.691650 0.691650
3837.778564 0.000000 2281.786133 0.000000 0.424597 0.000000 0.905383 0.657958 0.657958 0.657958
3840.533936 0.000000 2270.272949 0.000000 0.311345 0.000000 0.950297 0.586689 0.586689 0.586689
3830.242676 0.000000 2272.387939 0.000000 0.683378 0.000000 0.730065 0.697604 0.697604 0.697604
3821.704346 0.000000 2268.593018 0.000000 0.505546 0.000000 0.862800 0.615442 0.615442 0.615442
3832.986084 0.000000 2268.891602 0.000000 0.647608 0.000000 0.761974 0.679891 0.679891 0.679891
3823.120361 0.000000 2286.585693 0.000000 0.202036 0.000000 0.979378 0.614254 0.614254 0.614254
3838.962402 0.000000 2275.405273 0.000000 0.703117 0.000000 0.711074 0.707725 0.707725 0.707725
3829.508545 0.000000 2268.424561 0.000000 0.252429 0.000000 0.967615 0.513898 0.513898 0.513898
3827.730225 0.000000 2268.889404 0.000000 0.421165 0.000000 0.906984 0.580236 0.580236 0.580236
3817.086670 0.000000 2289.906738 0.000000 0.338180 0.000000 0.941082 0.547075 0.547075 0.547075
3838.732666 0.000000 2268.398926 0.000000 0.250551 0.000000 0.968103 0.565810 0.565810 0.565810
3831.087158 0.000000 2269.502686 0.000000 0.125546 0.000000 0.992088 0.466118 0.466118 0.466118
3841.374268 0.000000 2273.111572 0.000000 0.011150 0.000000 0.999938 0.423728 0.423728 0.423728
3836.485840 0.000000 2274.623291 0.000000 0.650841 0.000000 0.759214 0.681461 0.681461 0.681461
3832.859863 0.000000 2277.298584 0.000000 0.722064 0.000000 0.691826 0.717705 0.717705 0.717705
3834.231445 0.000000 2278.514648 0.000000 0.196655 0.000000 0.980473 0.492746 0.492746 0.492746
3825.108887 0.000000 2273.819824 0.000000 0.239304 0.000000 0.970945 0.508894 0.508894 0.508894
3834.964600 0.000000 2270.962891 0.000000 0.701599 0.000000 0.712572 0.706937 0.706937 0.706937
3822.976562 0.000000 2287.528320 0.000000 0.479284 0.000000 0.877660 0.697872 0.697872 0.697872
3824.063721 0.000000 2266.780029 0.000000 0.253096 0.000000 0.967441 0.524000 0.524000 0.524000
3833.910400 0.000000 2268.196045 0.000000 0.627283 0.000000 0.778792 0.670143 0.670143 0.670143
3826.928711 0.000000 2267.297852 0.000000 0.549839 0.000000 0.835271 0.634714 0.634714 0.634714
3829.319092 0.000000 2278.856445 0.000000 0.482259 0.000000 0.876029 0.610877 0.610877 0.610877
3838.852051 0.000000 2270.804932 0.000000 0.585587 0.000000 0.810610 0.650762 0.650762 0.650762
3837.469238 0.000000 2275.670654 0.000000 0.707256 0.000000 0.706957 0.709882 0.709882 0.709882
3832.976562 0.000000 2276.062012 0.000000 0.124622 0.000000 0.992204 0.465774 0.465774 0.465774
3815.659424 0.000000 2286.965332 0.000000 0.342394 0.000000 0.939556 0.548731 0.548731 0.548731
3834.413086 0.000000 2276.942627 0.000000 0.408891 0.000000 0.912583 0.575251 0.575251 0.575251
3831.630127 0.000000 2271.219727 0.000000 0.702799 0.000000 0.711388 0.707560 0.707560 0.707560
3830.092529 0.000000 2269.889648 0.000000 0.577220 0.000000 0.816589 0.646962 0.646962 0.646962
3818.357666 0.000000 2285.757324 0.000000 0.469647 0.000000 0.882854 0.600248 0.600248 0.600248
3841.198486 0.000000 2271.568848 0.000000 0.456272 0.000000 0.889840 0.638491 0.638491 0.638491
3819.184326 0.000000 2284.328369 0.000000 0.138082 0.000000 0.990421 0.470791 0.470791 0.470791
3820.789307 0.000000 2289.183350 0.000000 0.238653 0.000000 0.971105 0.558446 0.558446 0.558446
3798.358887 0.000000 2343.698730 0.000000 0.285464 0.000000 0.958389 0.846456 0.846456 0.846456
3803.394531 0.000000 2338.326904 0.000000 0.246091 0.000000 0.969247 0.864667 0.864667 0.864667
3804.606445 0.000000 2340.863770 0.000000 0.657055 0.000000 0.753843 0.842248 0.842248 0.842248
3796.959473 0.000000 2349.423828 0.000000 0.114795 0.000000 0.993389 0.934582 0.934582 0.934582
3806.228271 0.000000 2351.190674 0.000000 0.590410 0.000000 0.807104 0.826482 0.826482 0.826482
3801.458740 0.000000 2355.688721 0.000000 0.394267 0.000000 0.918996 0.874879 0.874879 0.874879
3802.636475 0.000000 2347.969727 0.000000 0.074390 0.000000 0.997229 0.723560 0.723560 0.723560
3799.538330 0.000000 2345.561035 0.000000 0.481805 0.000000 0.876278 0.802677 0.802677 0.802677
3806.889160 0.000000 2341.118896 0.000000 0.699280 0.000000 0.714848 0.852868 0.852868 0.852868
3812.035400 0.000000 2338.215332 0.000000 0.648712 0.000000 0.761034 0.939540 0.939540 0.939540
3814.974609 0.000000 2342.878174 0.000000 0.251272 0.000000 0.967916 0.792890 0.792890 0.792890
3807.197754 0.000000 2342.600586 0.000000 0.551080 0.000000 0.834452 0.817632 0.817632 0.817632
3814.232666 0.000000 2346.885986 0.000000 0.543724 0.000000 0.839264 0.816008 0.816008 0.816008
3802.733643 0.000000 2352.046387 0.000000 0.685192 0.000000 0.728363 0.849262 0.849262 0.849262
3800.543213 0.000000 2350.997314 0.000000 0.016363 0.000000 0.999866 0.712827 0.712827 0.712827
3800.780273 0.000000 2346.309814 0.000000 0.644784 0.000000 0.764365 0.839262 0.839262 0.839262
3805.643311 0.000000 2341.771240 0.000000 0.608815 0.000000 0.793312 0.830732 0.830732 0.830732
3799.140625 0.000000 2342.537598 0.000000 0.327547 0.000000 0.944835 0.851754 0.851754 0.851754
3807.510498 0.000000 2339.875000 0.000000 0.133231 0.000000 0.991085 0.838542 0.838542 0.838542
3805.779785 0.000000 2340.214600 0.000000 0.004797 0.000000 0.999988 0.710690 0.710690 0.710690
3810.852295 0.000000 2343.843018 0.000000 0.612220 0.000000 0.790688 0.831526 0.831526 0.831526
3812.388428 0.000000 2343.364990 0.000000 0.101544 0.000000 0.994831 0.728596 0.728596 0.728596
3809.444824 0.000000 2340.301514 0.000000 0.151218 0.000000 0.988500 0.737848 0.737848 0.737848
3813.126709 0.000000 2344.955811 0.000000 0.596483 0.000000 0.802626 0.827876 0.827876 0.827876
3805.671387 0.000000 2348.697021 0.000000 0.615399 0.000000 0.788216 0.832270 0.832270 0.832270
3813.343994 0.000000 2347.582275 0.000000 0.303049 0.000000 0.952975 0.766685 0.766685 0.766685
3812.782227 0.000000 2353.182617 0.000000 0.036817 0.000000 0.999322 0.716607 0.716607 0.716607
3806.334229 0.000000 2354.457275 0.000000 0.664527 0.000000 0.747264 0.844088 0.844088 0.844088
3802.159912 0.000000 2348.933350 0.000000 0.182050 0.000000 0.983289 0.743625 0.743625 0.743625
3816.507324 0.000000 2336.532227 0.000000 0.209526 0.000000 0.977803 0.972843 0.972843 0.972843
3833.016357 0.000000 2347.841797 0.000000 0.250531 0.000000 0.968109 0.756586 0.756586 0.756586
3826.114258 0.000000 2345.535645 0.000000 0.411884 0.000000 0.911236 0.788232 0.788232 0.788232
3818.359375 0.000000 2325.661133 0.000000 0.666413 0.000000 0.745583 0.844554 0.844554 0.844554
3821.668457 0.000000 2335.537842 0.000000 0.597538 0.000000 0.801841 0.830442 0.830442 0.830442
3833.551758 0.000000 2306.046631 0.000000 0.703452 0.000000 0.710743 0.853949 0.853949 0.853949
3845.846191 0.000000 2337.320801 0.000000 0.711184 0.000000 0.703006 0.957180 0.957180 0.957180
3828.903076 0.000000 2347.502441 0.000000 0.732393 0.000000 0.680883 0.861632 0.861632 0.861632
3828.960205 0.000000 2334.160889 0.000000 0.269885 0.000000 0.962892 0.520580 0.520580 0.520580
3827.493408 0.000000 2340.669678 0.000000 0.262717 0.000000 0.964873 0.758916 0.758916 0.758916
3825.035156 0.000000 2322.902832 0.000000 0.417866 0.000000 0.908509 0.789446 0.789446 0.789446
3832.453613 0.000000 2320.535889 0.000000 0.381395 0.000000 0.924412 0.696700 0.696700 0.696700
3826.446045 0.000000 2305.671631 0.000000 0.170406 0.000000 0.985374 0.741440 0.741440 0.741440
3830.260498 0.000000 2321.741699 0.000000 0.443620 0.000000 0.896215 0.766978 0.766978 0.766978
3836.274170 0.000000 2336.484619 0.000000 0.120162 0.000000 0.992754 0.464114 0.464114 0.464114
3817.515381 0.000000 2322.796143 0.000000 0.629661 0.000000 0.776870 0.897828 0.897828 0.897828
3840.897705 0.000000 2328.423340 0.000000 0.717063 0.000000 0.697008 0.857522 0.857522 0.857522
3824.391113 0.000000 2346.143311 0.000000 0.029013 0.000000 0.999579 0.715165 0.715165 0.715165
3835.854980 0.000000 2344.905762 0.000000 0.220331 0.000000 0.975425 0.750846 0.750846 0.750846
3816.285889 0.000000 2347.839844 0.000000 0.622851 0.000000 0.782340 0.896825 0.896825 0.896825
3824.414795 0.000000 2333.077393 0.000000 0.106847 0.000000 0.994275 0.576100 0.576100 0.576100
3840.736328 0.000000 2323.720703 0.000000 0.600828 0.000000 0.799379 0.863565 0.863565 0.863565
3827.348633 0.000000 2343.724609 0.000000 0.119450 0.000000 0.992840 0.731925 0.731925 0.731925
3824.336914 0.000000 2342.358887 0.000000 0.291735 0.000000 0.956499 0.764496 0.764496 0.764496
3829.535156 0.000000 2335.900635 0.000000 0.209674 0.000000 0.977771 0.497659 0.497659 0.497659
3844.590820 0.000000 2329.992432 0.000000 0.446550 0.000000 0.894759 0.864471 0.864471 0.864471
3822.947021 0.000000 2315.354492 0.000000 0.167598 0.000000 0.985855 0.786429 0.786429 0.786429
3838.863770 0.000000 2330.551025 0.000000 0.216824 0.000000 0.976211 0.750182 0.750182 0.750182
3833.554199 0.000000 2321.941162 0.000000 0.017311 0.000000 0.999850 0.600530 0.600530 0.600530
3831.129883 0.000000 2324.256592 0.000000 0.260288 0.000000 0.965531 0.516902 0.516902 0.516902
3824.837158 0.000000 2314.312012 0.000000 0.222225 0.000000 0.974995 0.794912 0.794912 0.794912
3836.825439 0.000000 2332.012207 0.000000 0.729010 0.000000 0.684503 0.811780 0.811780 0.811780
3828.034912 0.000000 2329.578857 0.000000 0.392513 0.000000 0.919747 0.568646 0.568646 0.568646
3826.808838 0.000000 2309.388184 0.000000 0.576341 0.000000 0.817209 0.823282 0.823282 0.823282
3833.899658 0.000000 2342.432373 0.000000 0.426215 0.000000 0.904622 0.791148 0.791148 0.791148
3819.115234 0.000000 2306.313477 0.000000 0.369451 0.000000 0.929250 0.892834 0.892834 0.892834
3836.938477 0.000000 2337.910889 0.000000 0.178118 0.000000 0.984009 0.485773 0.485773 0.485773
3823.773438 0.000000 2317.258789 0.000000 0.283647 0.000000 0.958929 0.762936 0.762936 0.762936
3824.910889 0.000000 2340.946289 0.000000 0.159957 0.000000 0.987124 0.739483 0.739483 0.739483
3819.097168 0.000000 2342.618164 0.000000 0.619632 0.000000 0.784892 0.833264 0.833264 0.833264
3838.081787 0.000000 2323.227051 0.000000 0.626293 0.000000 0.779588 0.834837 0.834837 0.834837
3825.323242 0.000000 2347.319824 0.000000 0.345192 0.000000 0.938532 0.774916 0.774916 0.774916
3828.449219 0.000000 2308.010986 0.000000 0.628075 0.000000 0.778153 0.835260 0.835260 0.835260
3828.014404 0.000000 2323.693604 0.000000 0.010344 0.000000 0.999946 0.672757 0.672757 0.672757
3820.271240 0.000000 2327.662842 0.000000 0.161001 0.000000 0.986954 0.739678 0.739678 0.739678
3833.209717 0.000000 2337.802734 0.000000 0.273546 0.000000 0.961859 0.521985 0.521985 0.521985
3827.368164 0.000000 2339.194824 0.000000 0.409231 0.000000 0.912431 0.773349 0.773349 0.773349
3832.741943 0.000000 2334.855713 0.000000 0.602149 0.000000 0.798384 0.658368 0.658368 0.658368
3834.812256 0.000000 2327.200195 0.000000 0.317659 0.000000 0.948205 0.660515 0.660515 0.660515
3829.697754 0.000000 2325.708984 0.000000 0.012677 0.000000 0.999920 0.540989 0.540989 0.540989
3831.742920 0.000000 2317.111816 0.000000 0.124036 0.000000 0.992278 0.761667 0.761667 0.761667
3832.368408 0.000000 2326.438965 0.000000 0.061309 0.000000 0.998119 0.442275 0.442275 0.442275
3822.858643 0.000000 2319.187500 0.000000 0.661419 0.000000 0.750017 0.843320 0.843320 0.843320
3827.894531 0.000000 2348.449951 0.000000 0.709462 0.000000 0.704744 0.855518 0.855518 0.855518
3842.878418 0.000000 2325.877686 0.000000 0.234362 0.000000 0.972149 0.803472 0.803472 0.803472
3836.966064 0.000000 2329.024414 0.000000 0.276256 0.000000 0.961084 0.761513 0.761513 0.761513
3835.623535 0.000000 2341.745361 0.000000 0.312832 0.000000 0.949809 0.537169 0.537169 0.537169
3832.279541 0.000000 2346.673340 0.000000 0.260775 0.000000 0.965400 0.758544 0.758544 0.758544
3825.515625 0.000000 2338.320312 0.000000 0.569872 0.000000 0.821733 0.821824 0.821824 0.821824
3836.828369 0.000000 2306.276611 0.000000 0.102228 0.000000 0.994761 0.728723 0.728723 0.728723
3832.916992 0.000000 2304.857422 0.000000 0.018894 0.000000 0.999821 0.713295 0.713295 0.713295
3835.758545 0.000000 2338.509277 0.000000 0.469855 0.000000 0.882743 0.600335 0.600335 0.600335
3829.634521 0.000000 2322.962158 0.000000 0.725595 0.000000 0.688122 0.840852 0.840852 0.840852
3827.420166 0.000000 2342.023926 0.000000 0.424587 0.000000 0.905387 0.790815 0.790815 0.790815
3837.142334 0.000000 2335.470459 0.000000 0.601804 0.000000 0.798644 0.660518 0.660518 0.660518
3834.103027 0.000000 2336.342285 0.000000 0.632867 0.000000 0.774260 0.672801 0.672801 0.672801
3822.824463 0.000000 2344.052490 0.000000 0.326039 0.000000 0.945356 0.771159 0.771159 0.771159
3833.598633 0.000000 2346.396240 0.000000 0.643187 0.000000 0.765709 0.838876 0.838876 0.838876
3834.052734 0.000000 2345.175293 0.000000 0.522279 0.000000 0.852775 0.811325 0.811325 0.811325
3822.381592 0.000000 2327.351318 0.000000 0.628229 0.000000 0.778029 0.835296 0.835296 0.835296
3821.795166 0.000000 2307.094971 0.000000 0.731838 0.000000 0.681479 0.861482 0.861482 0.861482
3825.205811 0.000000 2305.371582 0.000000 0.414625 0.000000 0.909993 0.788788 0.788788 0.788788
3840.111328 0.000000 2325.452637 0.000000 0.060434 0.000000 0.998172 0.720976 0.720976 0.720976
3823.243164 0.000000 2333.593994 0.000000 0.383023 0.000000 0.923739 0.661870 0.661870 0.661870
3824.054688 0.000000 2323.729248 0.000000 0.073608 0.000000 0.997287 0.723415 0.723415 0.723415
3831.490479 0.000000 2321.408691 0.000000 0.652446 0.000000 0.757835 0.819652 0.819652 0.819652
3826.580811 0.000000 2329.315674 0.000000 0.735183 0.000000 0.677868 0.771272 0.771272 0.771272
3827.738037 0.000000 2306.979004 0.000000 0.548787 0.000000 0.835962 0.817124 0.817124 0.817124
3843.817871 0.000000 2332.363037 0.000000 0.260840 0.000000 0.965382 0.758557 0.758557 0.758557
3837.915283 0.000000 2305.395996 0.000000 0.354220 0.000000 0.935162 0.776696 0.776696 0.776696
3822.863770 0.000000 2320.409668 0.000000 0.723687 0.000000 0.690128 0.859286 0.859286 0.859286
3827.964111 0.000000 2338.084473 0.000000 0.580724 0.000000 0.814100 0.812402 0.812402 0.812402
3841.207275 0.000000 2326.614258 0.000000 0.700786 0.000000 0.713371 0.853258 0.853258 0.853258
3824.288574 0.000000 2347.980957 0.000000 0.122890 0.000000 0.992420 0.732565 0.732565 0.732565
3830.259766 0.000000 2333.913330 0.000000 0.411601 0.000000 0.911364 0.519099 0.519099 0.519099
3829.798584 0.000000 2341.711670 0.000000 0.594908 0.000000 0.803794 0.815860 0.815860 0.815860
3839.056641 0.000000 2307.409424 0.000000 0.278761 0.000000 0.960361 0.761995 0.761995 0.761995
3827.248535 0.000000 2326.982178 0.000000 0.047894 0.000000 0.998852 0.608399 0.608399 0.608399
3834.100098 0.000000 2311.946289 0.000000 0.320096 0.000000 0.947385 0.769999 0.769999 0.769999
3839.406250 0.000000 2303.699463 0.000000 0.348845 0.000000 0.937181 0.775635 0.775635 0.775635
3821.852051 0.000000 2304.866699 0.000000 0.676102 0.000000 0.736808 0.846969 0.846969 0.846969
3841.445068 0.000000 2329.431396 0.000000 0.279048 0.000000 0.960277 0.762050 0.762050 0.762050
3837.816406 0.000000 2337.121582 0.000000 0.167733 0.000000 0.985832 0.481878 0.481878 0.481878
3837.813477 0.000000 2331.364258 0.000000 0.401513 0.000000 0.915853 0.786134 0.786134 0.786134
3836.015625 0.000000 2335.224854 0.000000 0.507090 0.000000 0.861893 0.618698 0.618698 0.618698
3825.712891 0.000000 2309.823242 0.000000 0.149103 0.000000 0.988822 0.737453 0.737453 0.737453
3822.071045 0.000000 2329.476318 0.000000 0.588686 0.000000 0.808362 0.826088 0.826088 0.826088
3824.549805 0.000000 2329.904053 0.000000 0.001897 0.000000 0.999998 0.710154 0.710154 0.710154
3828.251465 0.000000 2327.715576 0.000000 0.683886 0.000000 0.729589 0.697861 0.697861 0.697861
3826.154541 0.000000 2306.768311 0.000000 0.048358 0.000000 0.998830 0.718741 0.718741 0.718741
3822.001221 0.000000 2349.361328 0.000000 0.362731 0.000000 0.931894 0.778380 0.778380 0.778380
3825.932373 0.000000 2348.334473 0.000000 0.562538 0.000000 0.826772 0.820180 0.820180 0.820180
3823.472656 0.000000 2343.077637 0.000000 0.584499 0.000000 0.811394 0.825133 0.825133 0.825133
3835.818115 0.000000 2328.869873 0.000000 0.361229 0.000000 0.932477 0.718105 0.718105 0.718105
3834.680664 0.000000 2330.682617 0.000000 0.300774 0.000000 0.953695 0.684114 0.684114 0.684114
3824.183350 0.000000 2328.779297 0.000000 0.189354 0.000000 0.981909 0.744998 0.744998 0.744998
3842.293945 0.000000 2331.476807 0.000000 0.550653 0.000000 0.834735 0.817537 0.817537 0.817537
3822.906006 0.000000 2304.632324 0.000000 0.316241 0.000000 0.948679 0.769248 0.769248 0.769248
3829.960449 0.000000 2320.689453 0.000000 0.466627 0.000000 0.884454 0.799492 0.799492 0.799492
3827.500977 0.000000 2308.506104 0.000000 0.412335 0.000000 0.911032 0.788323 0.788323 0.788323
3838.925781 0.000000 2337.021729 0.000000 0.050157 0.000000 0.998741 0.620370 0.620370 0.620370
3828.394531 0.000000 2341.304688 0.000000 0.621449 0.000000 0.783455 0.822455 0.822455 0.822455
3828.771240 0.000000 2328.752686 0.000000 0.661464 0.000000 0.749977 0.686663 0.686663 0.686663
3823.364014 0.000000 2332.541992 0.000000 0.197717 0.000000 0.980259 0.606161 0.606161 0.606161
3837.639160 0.000000 2338.785889 0.000000 0.554968 0.000000 0.831872 0.636987 0.636987 0.636987
3831.021484 0.000000 2338.306152 0.000000 0.216151 0.000000 0.976360 0.500109 0.500109 0.500109
3830.329102 0.000000 2324.891113 0.000000 0.004353 0.000000 0.999991 0.421216 0.421216 0.421216
3829.783447 0.000000 2334.891846 0.000000 0.362407 0.000000 0.932020 0.556632 0.556632 0.556632
3837.207764 0.000000 2336.404785 0.000000 0.643615 0.000000 0.765349 0.677959 0.677959 0.677959
3829.082520 0.000000 2331.810303 0.000000 0.016723 0.000000 0.999860 0.146440 0.146440 0.146440
3833.172607 0.000000 2332.513672 0.000000 0.350753 0.000000 0.936468 0.552023 0.552023 0.552023
3833.908691 0.000000 2327.059570 0.000000 0.025209 0.000000 0.999682 0.428923 0.428923 0.428923
3833.870605 0.000000 2337.180420 0.000000 0.290567 0.000000 0.956855 0.528540 0.528540 0.528540
3833.341309 0.000000 2324.349609 0.000000 0.534494 0.000000 0.845172 0.627966 0.627966 0.627966
3835.351318 0.000000 2333.299805 0.000000 0.454099 0.000000 0.890951 0.596515 0.596515 0.596515
3829.687988 0.000000 2328.670898 0.000000 0.711500 0.000000 0.702686 0.712107 0.712107 0.712107
3835.535889 0.000000 2339.556641 0.000000 0.716250 0.000000 0.697843 0.714613 0.714613 0.714613
3832.974121 0.000000 2325.840332 0.000000 0.167554 0.000000 0.985863 0.481810 0.481810 0.481810
3831.551514 0.000000 2329.854004 0.000000 0.404666 0.000000 0.914465 0.573542 0.573542 0.573542
4890.769043 0.000000 1168.783325 0.000000 0.524548 0.000000 0.851381 0.994914 0.994914 0.994914
"}
object={
	name="cactus_cholla_01_generator_1_1"
	render_pass=Map
	clamp_to_water_level=no
	generated_content=yes
	layer="grass_layer"
	pdxmesh="cactus_cholla_07_grass_mesh"
	count=666
	transform="3278.669922 0.000000 2806.951660 0.000000 0.823572 0.000000 0.567212 0.665733 0.665733 0.665733
3293.878174 0.000000 2818.747070 0.000000 0.988071 0.000000 0.153997 0.901571 0.901571 0.901571
3294.539307 0.000000 2798.334717 0.000000 0.744901 0.000000 0.667175 0.595182 0.595182 0.595182
3293.514160 0.000000 2867.389648 0.000000 0.876755 0.000000 0.480938 0.740716 0.740716 0.740716
3302.855957 0.000000 2836.919434 0.000000 0.987960 0.000000 0.154707 0.930973 0.930973 0.930973
3297.446777 0.000000 2872.610107 0.000000 0.890461 0.000000 0.455060 0.738158 0.738158 0.738158
3309.947266 0.000000 2833.079590 0.000000 0.994367 0.000000 0.105992 0.962884 0.962884 0.962884
3294.486572 0.000000 2794.185547 0.000000 0.752130 0.000000 0.659015 0.658705 0.658705 0.658705
3292.869873 0.000000 2801.601807 0.000000 0.770108 0.000000 0.637914 0.934371 0.934371 0.934371
3290.321289 0.000000 2875.438232 0.000000 0.935379 0.000000 0.353646 0.940440 0.940440 0.940440
3311.398926 0.000000 2839.507568 0.000000 0.991995 0.000000 0.126277 0.971867 0.971867 0.971867
3296.393311 0.000000 2827.616699 0.000000 0.919068 0.000000 0.394099 0.870551 0.870551 0.870551
3311.184326 0.000000 2851.362061 0.000000 0.931336 0.000000 0.364161 0.801795 0.801795 0.801795
3277.017334 0.000000 2808.851807 0.000000 0.810906 0.000000 0.585176 0.848623 0.848623 0.848623
3295.879883 0.000000 2796.218994 0.000000 0.818785 0.000000 0.574101 0.661083 0.661083 0.661083
3293.014160 0.000000 2829.345703 0.000000 0.977616 0.000000 0.210398 0.882512 0.882512 0.882512
3292.420166 0.000000 2870.427979 0.000000 0.898810 0.000000 0.438338 0.926368 0.926368 0.926368
3291.842041 0.000000 2817.435059 0.000000 0.987802 0.000000 0.155717 0.928177 0.928177 0.928177
3281.172852 0.000000 2806.986816 0.000000 0.929857 0.000000 0.367922 0.820339 0.820339 0.820339
3288.684082 0.000000 2865.751709 0.000000 0.893869 0.000000 0.448329 0.742339 0.742339 0.742339
3295.156982 0.000000 2873.214600 0.000000 0.946170 0.000000 0.323671 0.827195 0.827195 0.827195
3279.517090 0.000000 2812.302734 0.000000 0.930198 0.000000 0.367059 0.791694 0.791694 0.791694
3295.823975 0.000000 2805.963867 0.000000 0.987466 0.000000 0.157832 0.967949 0.967949 0.967949
3283.302490 0.000000 2862.441162 0.000000 0.982347 0.000000 0.187070 0.918725 0.918725 0.918725
3284.486816 0.000000 2792.241943 0.000000 0.988644 0.000000 0.150276 0.916395 0.916395 0.916395
3297.531738 0.000000 2832.782227 0.000000 0.894461 0.000000 0.447147 0.932875 0.932875 0.932875
3292.437256 0.000000 2794.213135 0.000000 0.938833 0.000000 0.344374 0.821824 0.821824 0.821824
3297.462158 0.000000 2802.204102 0.000000 0.875078 0.000000 0.483982 0.720001 0.720001 0.720001
3276.254883 0.000000 2815.860352 0.000000 0.862130 0.000000 0.506686 0.762555 0.762555 0.762555
3295.638428 0.000000 2832.021729 0.000000 0.929274 0.000000 0.369392 0.831865 0.831865 0.831865
3296.079102 0.000000 2811.218994 0.000000 0.858477 0.000000 0.512853 0.833294 0.833294 0.833294
3276.595215 0.000000 2813.396484 0.000000 0.947898 0.000000 0.318573 0.847825 0.847825 0.847825
3292.018066 0.000000 2826.858643 0.000000 0.993421 0.000000 0.114522 0.948137 0.948137 0.948137
3294.292725 0.000000 2877.291748 0.000000 0.942877 0.000000 0.333140 0.928776 0.928776 0.928776
3288.671143 0.000000 2817.876465 0.000000 0.808352 0.000000 0.588699 0.816140 0.816140 0.816140
3294.329834 0.000000 2802.825439 0.000000 0.902397 0.000000 0.430905 0.827609 0.827609 0.827609
3293.768311 0.000000 2869.137207 0.000000 0.985478 0.000000 0.169802 0.905432 0.905432 0.905432
3305.518066 0.000000 2855.280518 0.000000 0.737782 0.000000 0.675039 0.528254 0.528254 0.528254
3289.869385 0.000000 2826.786133 0.000000 0.945789 0.000000 0.324782 0.966142 0.966142 0.966142
3297.972900 0.000000 2803.826660 0.000000 0.907595 0.000000 0.419846 0.759864 0.759864 0.759864
3297.703369 0.000000 2855.014160 0.000000 0.880819 0.000000 0.473453 0.726648 0.726648 0.726648
3289.889404 0.000000 2863.993164 0.000000 0.986916 0.000000 0.161234 0.958762 0.958762 0.958762
3278.101074 0.000000 2812.934570 0.000000 0.980342 0.000000 0.197307 0.889924 0.889924 0.889924
3288.466309 0.000000 2819.571289 0.000000 0.905281 0.000000 0.424814 0.801737 0.801737 0.801737
3310.948486 0.000000 2838.055420 0.000000 0.935594 0.000000 0.353078 0.919820 0.919820 0.919820
3298.677246 0.000000 2836.621582 0.000000 0.994561 0.000000 0.104154 0.942690 0.942690 0.942690
3298.005859 0.000000 2822.589844 0.000000 0.978151 0.000000 0.207897 0.960787 0.960787 0.960787
3294.982666 0.000000 2804.738525 0.000000 0.934052 0.000000 0.357136 0.926149 0.926149 0.926149
3299.394775 0.000000 2824.898682 0.000000 0.965892 0.000000 0.258946 0.894064 0.894064 0.894064
3296.052979 0.000000 2843.326172 0.000000 0.953891 0.000000 0.300153 0.894210 0.894210 0.894210
3296.597900 0.000000 2830.919189 0.000000 0.741062 0.000000 0.671437 0.865839 0.865839 0.865839
3293.396729 0.000000 2795.262695 0.000000 0.949163 0.000000 0.314785 0.837707 0.837707 0.837707
3296.963867 0.000000 2836.952637 0.000000 0.830963 0.000000 0.556328 0.908682 0.908682 0.908682
3294.139160 0.000000 2800.959229 0.000000 0.771392 0.000000 0.636360 0.650425 0.650425 0.650425
3309.876221 0.000000 2851.522949 0.000000 0.785544 0.000000 0.618806 0.735145 0.735145 0.735145
3294.754639 0.000000 2795.494873 0.000000 0.995832 0.000000 0.091210 0.956675 0.956675 0.956675
3284.877930 0.000000 2790.954590 0.000000 0.897838 0.000000 0.440325 0.807623 0.807623 0.807623
3287.419678 0.000000 2865.962646 0.000000 0.977108 0.000000 0.212744 0.881182 0.881182 0.881182
3304.902832 0.000000 2852.856201 0.000000 0.990441 0.000000 0.137934 0.911908 0.911908 0.911908
3278.449707 0.000000 2811.399414 0.000000 0.937071 0.000000 0.349139 0.802331 0.802331 0.802331
3293.112305 0.000000 2833.459473 0.000000 0.880861 0.000000 0.473375 0.852269 0.852269 0.852269
3284.061035 0.000000 2793.418701 0.000000 0.917794 0.000000 0.397057 0.773702 0.773702 0.773702
3283.656982 0.000000 2791.259766 0.000000 0.781524 0.000000 0.623875 0.687166 0.687166 0.687166
3276.526367 0.000000 2814.674316 0.000000 0.882860 0.000000 0.469636 0.781529 0.781529 0.781529
3289.622070 0.000000 2862.699951 0.000000 0.818287 0.000000 0.574810 0.844061 0.844061 0.844061
3304.341309 0.000000 2855.807129 0.000000 0.840867 0.000000 0.541242 0.635909 0.635909 0.635909
3292.952637 0.000000 2817.932617 0.000000 0.988143 0.000000 0.153539 0.974600 0.974600 0.974600
3299.275879 0.000000 2811.444824 0.000000 0.831994 0.000000 0.554784 0.674053 0.674053 0.674053
3301.992188 0.000000 2809.183594 0.000000 0.947009 0.000000 0.321206 0.822846 0.822846 0.822846
3294.314941 0.000000 2829.566406 0.000000 0.962103 0.000000 0.272685 0.922086 0.922086 0.922086
3297.740967 0.000000 2873.846191 0.000000 0.945638 0.000000 0.325220 0.816413 0.816413 0.816413
3296.011230 0.000000 2869.965332 0.000000 0.851069 0.000000 0.525054 0.795754 0.795754 0.795754
3276.249023 0.000000 2812.205078 0.000000 0.985344 0.000000 0.170579 0.919545 0.919545 0.919545
3301.047363 0.000000 2850.229736 0.000000 0.969624 0.000000 0.244602 0.951263 0.951263 0.951263
3297.549805 0.000000 2869.086426 0.000000 0.988277 0.000000 0.152668 0.943369 0.943369 0.943369
3308.685547 0.000000 2835.150879 0.000000 0.820094 0.000000 0.572229 0.794672 0.794672 0.794672
3298.694092 0.000000 2802.036133 0.000000 0.958661 0.000000 0.284552 0.917159 0.917159 0.917159
3292.199707 0.000000 2864.785889 0.000000 0.815833 0.000000 0.578287 0.852214 0.852214 0.852214
3291.688965 0.000000 2831.766113 0.000000 0.955387 0.000000 0.295357 0.942363 0.942363 0.942363
3298.042969 0.000000 2853.989746 0.000000 0.893016 0.000000 0.450025 0.869478 0.869478 0.869478
3298.932861 0.000000 2857.878418 0.000000 0.866164 0.000000 0.499760 0.899400 0.899400 0.899400
3280.431396 0.000000 2814.208252 0.000000 0.994313 0.000000 0.106498 0.976292 0.976292 0.976292
3290.222412 0.000000 2824.612549 0.000000 0.939613 0.000000 0.342238 0.822104 0.822104 0.822104
3287.338135 0.000000 2863.726807 0.000000 0.982634 0.000000 0.185553 0.907277 0.907277 0.907277
3294.323242 0.000000 2855.794189 0.000000 0.934866 0.000000 0.355001 0.798860 0.798860 0.798860
3278.819580 0.000000 2804.674316 0.000000 0.792066 0.000000 0.610436 0.801650 0.801650 0.801650
3296.422852 0.000000 2854.369629 0.000000 0.987342 0.000000 0.158607 0.911722 0.911722 0.911722
3297.486572 0.000000 2820.166016 0.000000 0.843802 0.000000 0.536654 0.843022 0.843022 0.843022
3293.478516 0.000000 2823.020752 0.000000 0.989926 0.000000 0.141588 0.952119 0.952119 0.952119
3310.303711 0.000000 2854.114990 0.000000 0.791985 0.000000 0.610540 0.581905 0.581905 0.581905
3294.855713 0.000000 2820.095703 0.000000 0.990850 0.000000 0.134968 0.924967 0.924967 0.924967
3298.410889 0.000000 2872.329102 0.000000 0.764336 0.000000 0.644818 0.847790 0.847790 0.847790
3295.847168 0.000000 2857.091553 0.000000 0.968270 0.000000 0.249906 0.875144 0.875144 0.875144
3289.627930 0.000000 2818.220459 0.000000 0.992009 0.000000 0.126170 0.942834 0.942834 0.942834
3301.991211 0.000000 2811.376709 0.000000 0.836541 0.000000 0.547904 0.678624 0.678624 0.678624
3290.830811 0.000000 2864.266602 0.000000 0.923821 0.000000 0.382825 0.790114 0.790114 0.790114
3277.512939 0.000000 2813.722412 0.000000 0.915271 0.000000 0.402839 0.805399 0.805399 0.805399
3310.610107 0.000000 2852.190186 0.000000 0.987984 0.000000 0.154554 0.901212 0.901212 0.901212
3294.507324 0.000000 2874.022461 0.000000 0.855519 0.000000 0.517772 0.698361 0.698361 0.698361
3295.286133 0.000000 2802.893311 0.000000 0.882716 0.000000 0.469908 0.810702 0.810702 0.810702
3292.881104 0.000000 2873.842285 0.000000 0.955923 0.000000 0.293616 0.923369 0.923369 0.923369
3310.328613 0.000000 2850.692627 0.000000 0.900228 0.000000 0.435419 0.760438 0.760438 0.760438
3297.284912 0.000000 2838.612549 0.000000 0.996553 0.000000 0.082961 0.957285 0.957285 0.957285
3288.968262 0.000000 2866.659180 0.000000 0.879209 0.000000 0.476436 0.724769 0.724769 0.724769
3307.828613 0.000000 2852.483643 0.000000 0.884363 0.000000 0.466799 0.690814 0.690814 0.690814
3293.181396 0.000000 2831.313965 0.000000 0.958036 0.000000 0.286648 0.886773 0.886773 0.886773
3302.595459 0.000000 2836.038818 0.000000 0.827488 0.000000 0.561484 0.735067 0.735067 0.735067
3298.239746 0.000000 2838.820312 0.000000 0.957763 0.000000 0.287559 0.838343 0.838343 0.838343
3282.490479 0.000000 2794.899658 0.000000 0.746750 0.000000 0.665105 0.801993 0.801993 0.801993
3290.247070 0.000000 2825.874023 0.000000 0.894913 0.000000 0.446240 0.764420 0.764420 0.764420
3298.892578 0.000000 2803.729492 0.000000 0.995245 0.000000 0.097402 0.971991 0.971991 0.971991
3298.617188 0.000000 2841.415527 0.000000 0.751504 0.000000 0.659728 0.649262 0.649262 0.649262
3299.724365 0.000000 2854.414307 0.000000 0.745928 0.000000 0.666026 0.656085 0.656085 0.656085
3293.092285 0.000000 2868.563477 0.000000 0.989675 0.000000 0.143332 0.920286 0.920286 0.920286
3295.675049 0.000000 2841.196045 0.000000 0.992228 0.000000 0.124432 0.952347 0.952347 0.952347
3295.787598 0.000000 2821.743408 0.000000 0.937102 0.000000 0.349055 0.802381 0.802381 0.802381
3306.621338 0.000000 2853.798340 0.000000 0.933241 0.000000 0.359250 0.766065 0.766065 0.766065
3310.984863 0.000000 2837.146729 0.000000 0.939317 0.000000 0.343049 0.805929 0.805929 0.805929
3292.529785 0.000000 2820.255615 0.000000 0.943899 0.000000 0.330235 0.813471 0.813471 0.813471
3286.599365 0.000000 2863.176514 0.000000 0.827197 0.000000 0.561912 0.703554 0.703554 0.703554
3289.328125 0.000000 2822.357422 0.000000 0.799774 0.000000 0.600302 0.649571 0.649571 0.649571
3293.859375 0.000000 2868.185547 0.000000 0.936802 0.000000 0.349859 0.801906 0.801906 0.801906
3304.272217 0.000000 2854.958496 0.000000 0.797586 0.000000 0.603206 0.587780 0.587780 0.587780
3290.602295 0.000000 2867.345215 0.000000 0.736975 0.000000 0.675920 0.588641 0.588641 0.588641
3289.915527 0.000000 2817.427490 0.000000 0.771773 0.000000 0.635898 0.798696 0.798696 0.798696
3295.093018 0.000000 2867.178223 0.000000 0.884222 0.000000 0.467067 0.762203 0.762203 0.762203
3297.788086 0.000000 2870.834961 0.000000 0.973234 0.000000 0.229817 0.871479 0.871479 0.871479
3303.113770 0.000000 2852.343506 0.000000 0.832479 0.000000 0.554057 0.626158 0.626158 0.626158
3288.039551 0.000000 2864.210205 0.000000 0.759286 0.000000 0.650757 0.607281 0.607281 0.607281
3299.825195 0.000000 2825.780273 0.000000 0.981518 0.000000 0.191371 0.922121 0.922121 0.922121
3292.590820 0.000000 2855.929932 0.000000 0.993329 0.000000 0.115317 0.963933 0.963933 0.963933
3294.173340 0.000000 2819.520752 0.000000 0.892397 0.000000 0.451250 0.773253 0.773253 0.773253
3284.993408 0.000000 2863.049805 0.000000 0.783181 0.000000 0.621793 0.628092 0.628092 0.628092
3292.961182 0.000000 2796.010498 0.000000 0.794921 0.000000 0.606713 0.638684 0.638684 0.638684
3303.422363 0.000000 2836.333252 0.000000 0.966949 0.000000 0.254968 0.885431 0.885431 0.885431
3297.563232 0.000000 2874.672607 0.000000 0.991013 0.000000 0.133763 0.939709 0.939709 0.939709
3296.290283 0.000000 2797.266357 0.000000 0.990123 0.000000 0.140203 0.954698 0.954698 0.954698
3308.216553 0.000000 2851.703369 0.000000 0.988941 0.000000 0.148311 0.940910 0.940910 0.940910
3317.147705 0.000000 2851.175293 0.000000 0.970143 0.000000 0.242535 0.903367 0.903367 0.903367
3337.731445 0.000000 2871.434570 0.000000 0.908649 0.000000 0.417561 0.833311 0.833311 0.833311
3336.173828 0.000000 2873.979980 0.000000 0.848033 0.000000 0.529943 0.818727 0.818727 0.818727
3311.672852 0.000000 2854.460449 0.000000 0.956790 0.000000 0.290779 0.812171 0.812171 0.812171
3335.650391 0.000000 2870.485596 0.000000 0.838156 0.000000 0.545431 0.680261 0.680261 0.680261
3322.223145 0.000000 2854.507568 0.000000 0.982937 0.000000 0.183942 0.941345 0.941345 0.941345
3337.556641 0.000000 2876.971680 0.000000 0.857165 0.000000 0.515041 0.933812 0.933812 0.933812
3314.338379 0.000000 2846.927734 0.000000 0.958770 0.000000 0.284182 0.942449 0.942449 0.942449
3313.046387 0.000000 2851.708984 0.000000 0.996256 0.000000 0.086456 0.961100 0.961100 0.961100
3314.318848 0.000000 2849.268066 0.000000 0.892154 0.000000 0.451732 0.740227 0.740227 0.740227
3312.153809 0.000000 2834.256592 0.000000 0.982217 0.000000 0.187751 0.895321 0.895321 0.895321
3335.526611 0.000000 2876.989014 0.000000 0.815014 0.000000 0.579442 0.657459 0.657459 0.657459
3334.834961 0.000000 2878.328125 0.000000 0.815467 0.000000 0.578803 0.657894 0.657894 0.657894
3319.614990 0.000000 2851.183838 0.000000 0.888519 0.000000 0.458841 0.791736 0.791736 0.791736
3311.645264 0.000000 2858.418457 0.000000 0.943964 0.000000 0.330048 0.947097 0.947097 0.947097
3325.581055 0.000000 2851.137695 0.000000 0.943626 0.000000 0.331014 0.785219 0.785219 0.785219
3327.987061 0.000000 2853.075439 0.000000 0.977156 0.000000 0.212523 0.863664 0.863664 0.863664
3313.220703 0.000000 2849.225342 0.000000 0.916716 0.000000 0.399539 0.919963 0.919963 0.919963
3319.540527 0.000000 2847.153320 0.000000 0.970839 0.000000 0.239732 0.953462 0.953462 0.953462
3335.834717 0.000000 2875.041504 0.000000 0.844679 0.000000 0.535273 0.686951 0.686951 0.686951
3318.374268 0.000000 2847.242676 0.000000 0.784759 0.000000 0.619801 0.871494 0.871494 0.871494
3316.797852 0.000000 2846.241455 0.000000 0.945484 0.000000 0.325668 0.911388 0.911388 0.911388
3311.662109 0.000000 2857.119629 0.000000 0.877165 0.000000 0.480188 0.722401 0.722401 0.722401
3316.109863 0.000000 2849.090576 0.000000 0.996367 0.000000 0.085166 0.952741 0.952741 0.952741
3327.399170 0.000000 2853.878662 0.000000 0.969753 0.000000 0.244088 0.843023 0.843023 0.843023
3322.588379 0.000000 2853.608398 0.000000 0.924704 0.000000 0.380688 0.751374 0.751374 0.751374
3325.867188 0.000000 2853.185547 0.000000 0.901579 0.000000 0.432615 0.715182 0.715182 0.715182
3311.814453 0.000000 2836.573486 0.000000 0.987266 0.000000 0.159076 0.911458 0.911458 0.911458
3319.344482 0.000000 2849.072510 0.000000 0.967458 0.000000 0.253032 0.858220 0.858220 0.858220
3317.902344 0.000000 2846.347656 0.000000 0.948287 0.000000 0.317413 0.913717 0.913717 0.913717
3353.532715 0.000000 2871.123779 0.000000 0.801460 0.000000 0.598049 0.841556 0.841556 0.841556
3325.260986 0.000000 2856.376465 0.000000 0.937069 0.000000 0.349143 0.802329 0.802329 0.802329
3333.040771 0.000000 2872.122559 0.000000 0.977024 0.000000 0.213131 0.932974 0.932974 0.932974
3311.660645 0.000000 2850.451660 0.000000 0.864657 0.000000 0.502362 0.720117 0.720117 0.720117
3325.373779 0.000000 2854.762695 0.000000 0.989378 0.000000 0.145364 0.907129 0.907129 0.907129
3315.211426 0.000000 2849.056152 0.000000 0.803057 0.000000 0.595902 0.646184 0.646184 0.646184
3323.044922 0.000000 2852.847656 0.000000 0.792463 0.000000 0.609920 0.582403 0.582403 0.582403
3180.338135 0.000000 2974.546143 0.000000 0.925836 0.000000 0.377925 0.872284 0.872284 0.872284
3192.458252 0.000000 2971.928955 0.000000 0.994846 0.000000 0.101397 0.972614 0.972614 0.972614
3192.929688 0.000000 2965.410156 0.000000 0.924948 0.000000 0.380093 0.938676 0.938676 0.938676
3201.591309 0.000000 2969.942627 0.000000 0.820775 0.000000 0.571251 0.688815 0.688815 0.688815
3225.521240 0.000000 2931.594971 0.000000 0.892660 0.000000 0.450730 0.740850 0.740850 0.740850
3182.853027 0.000000 2974.615234 0.000000 0.984016 0.000000 0.178080 0.900773 0.900773 0.900773
3221.809082 0.000000 2934.678467 0.000000 0.984170 0.000000 0.177227 0.901253 0.901253 0.901253
3198.284180 0.000000 2967.139648 0.000000 0.918794 0.000000 0.394737 0.742685 0.742685 0.742685
3223.090820 0.000000 2953.728027 0.000000 0.902305 0.000000 0.431099 0.942138 0.942138 0.942138
3192.189453 0.000000 2969.964355 0.000000 0.995556 0.000000 0.094175 0.959265 0.959265 0.959265
3238.492432 0.000000 2921.264160 0.000000 0.950609 0.000000 0.310390 0.825082 0.825082 0.825082
3236.022217 0.000000 2920.484863 0.000000 0.966661 0.000000 0.256058 0.863597 0.863597 0.863597
3232.938477 0.000000 2922.110840 0.000000 0.961367 0.000000 0.275269 0.883733 0.883733 0.883733
3221.750977 0.000000 2937.261719 0.000000 0.922188 0.000000 0.386741 0.779917 0.779917 0.779917
3193.967529 0.000000 2964.130859 0.000000 0.922201 0.000000 0.386710 0.937549 0.937549 0.937549
3220.753418 0.000000 2935.992920 0.000000 0.971072 0.000000 0.238787 0.866365 0.866365 0.866365
3226.685059 0.000000 2932.605957 0.000000 0.766374 0.000000 0.642395 0.804936 0.804936 0.804936
3218.876221 0.000000 2966.303223 0.000000 0.891456 0.000000 0.453108 0.739372 0.739372 0.739372
3188.608398 0.000000 2972.877197 0.000000 0.946309 0.000000 0.323263 0.870155 0.870155 0.870155
3186.871338 0.000000 2975.001709 0.000000 0.956209 0.000000 0.292684 0.882834 0.882834 0.882834
3208.907715 0.000000 2966.306641 0.000000 0.846055 0.000000 0.533096 0.740316 0.740316 0.740316
3198.901367 0.000000 2971.332764 0.000000 0.816900 0.000000 0.576779 0.814286 0.814286 0.814286
3201.192627 0.000000 2965.723145 0.000000 0.845309 0.000000 0.534278 0.863503 0.863503 0.863503
3191.542236 0.000000 2972.973389 0.000000 0.954448 0.000000 0.298378 0.944780 0.944780 0.944780
3224.434570 0.000000 2951.396484 0.000000 0.992072 0.000000 0.125674 0.930162 0.930162 0.930162
3198.363281 0.000000 2963.231934 0.000000 0.962638 0.000000 0.270792 0.848020 0.848020 0.848020
3196.390137 0.000000 2969.098633 0.000000 0.815435 0.000000 0.578849 0.793484 0.793484 0.793484
3194.921387 0.000000 2964.667480 0.000000 0.853234 0.000000 0.521528 0.845223 0.845223 0.845223
3191.850342 0.000000 2971.025879 0.000000 0.762640 0.000000 0.646823 0.678634 0.678634 0.678634
3220.890869 0.000000 2967.530762 0.000000 0.973313 0.000000 0.229480 0.886700 0.886700 0.886700
3188.271973 0.000000 2969.001221 0.000000 0.980319 0.000000 0.197421 0.933518 0.933518 0.933518
3199.737549 0.000000 2964.981934 0.000000 0.767476 0.000000 0.641077 0.742872 0.742872 0.742872
3199.408447 0.000000 2969.497070 0.000000 0.996523 0.000000 0.083313 0.953771 0.953771 0.953771
3213.936035 0.000000 2967.037109 0.000000 0.953255 0.000000 0.302168 0.902673 0.902673 0.902673
3239.554443 0.000000 2920.900146 0.000000 0.991890 0.000000 0.127098 0.929367 0.929367 0.929367
3227.782471 0.000000 2951.277832 0.000000 0.828923 0.000000 0.559363 0.805859 0.805859 0.805859
3201.166992 0.000000 2963.570312 0.000000 0.993367 0.000000 0.114991 0.936127 0.936127 0.936127
3197.461426 0.000000 2967.628174 0.000000 0.782371 0.000000 0.622813 0.665976 0.665976 0.665976
3235.314209 0.000000 2923.284912 0.000000 0.781947 0.000000 0.623345 0.626993 0.626993 0.626993
3233.448730 0.000000 2921.350342 0.000000 0.828182 0.000000 0.560460 0.829191 0.829191 0.829191
3200.838379 0.000000 2968.404785 0.000000 0.995572 0.000000 0.093999 0.951821 0.951821 0.951821
3218.025146 0.000000 2965.765625 0.000000 0.962280 0.000000 0.272061 0.880996 0.880996 0.880996
3198.297363 0.000000 2969.024170 0.000000 0.935073 0.000000 0.354456 0.799183 0.799183 0.799183
3225.770752 0.000000 2932.558838 0.000000 0.986312 0.000000 0.164887 0.908195 0.908195 0.908195
3199.126953 0.000000 2970.482910 0.000000 0.967455 0.000000 0.253043 0.922720 0.922720 0.922720
3188.818848 0.000000 2973.762939 0.000000 0.873674 0.000000 0.486511 0.799581 0.799581 0.799581
3236.826904 0.000000 2920.064697 0.000000 0.987300 0.000000 0.158870 0.915956 0.915956 0.915956
3221.867188 0.000000 2964.169922 0.000000 0.976629 0.000000 0.214930 0.921043 0.921043 0.921043
3224.802002 0.000000 2932.059082 0.000000 0.845282 0.000000 0.534321 0.687576 0.687576 0.687576
3194.826904 0.000000 2968.034912 0.000000 0.928273 0.000000 0.371899 0.845886 0.845886 0.845886
3188.657959 0.000000 2971.974121 0.000000 0.807551 0.000000 0.589797 0.650385 0.650385 0.650385
3185.270020 0.000000 2974.984131 0.000000 0.867160 0.000000 0.498029 0.772235 0.772235 0.772235
3187.795898 0.000000 2975.145752 0.000000 0.906911 0.000000 0.421321 0.828451 0.828451 0.828451
3211.919189 0.000000 2965.647949 0.000000 0.991988 0.000000 0.126333 0.937068 0.937068 0.937068
3188.654785 0.000000 2971.157227 0.000000 0.976505 0.000000 0.215494 0.879622 0.879622 0.879622
3200.018555 0.000000 2968.268066 0.000000 0.877308 0.000000 0.479927 0.743811 0.743811 0.743811
3218.383057 0.000000 2966.972900 0.000000 0.989057 0.000000 0.147532 0.917933 0.917933 0.917933
3305.055664 0.000000 2945.434570 0.000000 0.800920 0.000000 0.598772 0.775622 0.775622 0.775622
3308.742188 0.000000 2948.303955 0.000000 0.980113 0.000000 0.198439 0.965089 0.965089 0.965089
3280.563477 0.000000 2906.043945 0.000000 0.974501 0.000000 0.224381 0.954801 0.954801 0.954801
3307.451904 0.000000 2946.135498 0.000000 0.995201 0.000000 0.097852 0.945680 0.945680 0.945680
3299.873535 0.000000 2946.541748 0.000000 0.916811 0.000000 0.399321 0.772334 0.772334 0.772334
3286.320557 0.000000 2907.437256 0.000000 0.898707 0.000000 0.438550 0.748387 0.748387 0.748387
3249.659180 0.000000 2911.601562 0.000000 0.951368 0.000000 0.308058 0.914002 0.914002 0.914002
3301.417969 0.000000 2945.089355 0.000000 0.989757 0.000000 0.142760 0.949217 0.949217 0.949217
3263.839111 0.000000 2958.384277 0.000000 0.874349 0.000000 0.485298 0.950665 0.950665 0.950665
3239.873779 0.000000 2919.947021 0.000000 0.837172 0.000000 0.546940 0.916204 0.916204 0.916204
3258.860840 0.000000 2958.431152 0.000000 0.971343 0.000000 0.237684 0.973039 0.973039 0.973039
3244.735352 0.000000 2910.061035 0.000000 0.766227 0.000000 0.642570 0.642847 0.642847 0.642847
3282.657227 0.000000 2902.376709 0.000000 0.967042 0.000000 0.254616 0.978147 0.978147 0.978147
3247.057617 0.000000 2907.448730 0.000000 0.857235 0.000000 0.514925 0.855504 0.855504 0.855504
3251.512207 0.000000 2910.423340 0.000000 0.806504 0.000000 0.591228 0.895768 0.895768 0.895768
3284.848633 0.000000 2906.968506 0.000000 0.827800 0.000000 0.561023 0.669887 0.669887 0.669887
3242.346191 0.000000 2942.912109 0.000000 0.888802 0.000000 0.458292 0.784875 0.784875 0.784875
3260.937988 0.000000 2956.654785 0.000000 0.847231 0.000000 0.531225 0.689604 0.689604 0.689604
3298.414795 0.000000 2948.398682 0.000000 0.981683 0.000000 0.190521 0.958364 0.958364 0.958364
3243.244629 0.000000 2947.213623 0.000000 0.994292 0.000000 0.106691 0.986657 0.986657 0.986657
3259.998047 0.000000 2951.004883 0.000000 0.995887 0.000000 0.090600 0.949718 0.949718 0.949718
3286.563232 0.000000 2908.745850 0.000000 0.912151 0.000000 0.409853 0.853456 0.853456 0.853456
3274.892334 0.000000 2911.677979 0.000000 0.924733 0.000000 0.380616 0.932738 0.932738 0.932738
3251.142334 0.000000 2908.717285 0.000000 0.846543 0.000000 0.532321 0.792591 0.792591 0.792591
3281.975830 0.000000 2906.529541 0.000000 0.741280 0.000000 0.671196 0.853039 0.853039 0.853039
3304.902832 0.000000 2948.840576 0.000000 0.870151 0.000000 0.492784 0.894512 0.894512 0.894512
3308.722900 0.000000 2934.787109 0.000000 0.994225 0.000000 0.107314 0.984699 0.984699 0.984699
3244.508301 0.000000 2944.105713 0.000000 0.941786 0.000000 0.336213 0.809957 0.809957 0.809957
3305.603027 0.000000 2944.347900 0.000000 0.994225 0.000000 0.107315 0.962419 0.962419 0.962419
3310.960205 0.000000 2931.534424 0.000000 0.941592 0.000000 0.336757 0.900531 0.900531 0.900531
3246.822266 0.000000 2911.296143 0.000000 0.973758 0.000000 0.227587 0.920325 0.920325 0.920325
3240.745850 0.000000 2913.579590 0.000000 0.836888 0.000000 0.547374 0.678975 0.678975 0.678975
3258.038574 0.000000 2953.872803 0.000000 0.775981 0.000000 0.630756 0.621721 0.621721 0.621721
3282.580322 0.000000 2909.733398 0.000000 0.876458 0.000000 0.481477 0.838219 0.838219 0.838219
3263.814697 0.000000 2957.298584 0.000000 0.966396 0.000000 0.257058 0.933149 0.933149 0.933149
3244.645508 0.000000 2946.149658 0.000000 0.991526 0.000000 0.129912 0.961621 0.961621 0.961621
3261.878906 0.000000 2940.511719 0.000000 0.936909 0.000000 0.349573 0.902820 0.902820 0.902820
3302.157715 0.000000 2945.965820 0.000000 0.869676 0.000000 0.493623 0.868538 0.868538 0.868538
3281.412598 0.000000 2952.319092 0.000000 0.741397 0.000000 0.671066 0.858584 0.858584 0.858584
3258.388184 0.000000 2942.258057 0.000000 0.857024 0.000000 0.515276 0.795930 0.795930 0.795930
3258.103760 0.000000 2944.399658 0.000000 0.761149 0.000000 0.648577 0.711057 0.711057 0.711057
3300.581787 0.000000 2944.437744 0.000000 0.981068 0.000000 0.193662 0.930908 0.930908 0.930908
3289.464111 0.000000 2907.926025 0.000000 0.856074 0.000000 0.516852 0.871175 0.871175 0.871175
3243.619385 0.000000 2920.892578 0.000000 0.962114 0.000000 0.272649 0.863497 0.863497 0.863497
3283.156494 0.000000 2904.843262 0.000000 0.778513 0.000000 0.627628 0.842466 0.842466 0.842466
3244.117676 0.000000 2945.074951 0.000000 0.961874 0.000000 0.273494 0.846464 0.846464 0.846464
3259.891113 0.000000 2953.372070 0.000000 0.886755 0.000000 0.462239 0.733680 0.733680 0.733680
3288.995361 0.000000 2906.164062 0.000000 0.993285 0.000000 0.115695 0.972499 0.972499 0.972499
3272.791748 0.000000 2910.151611 0.000000 0.971425 0.000000 0.237348 0.867186 0.867186 0.867186
3243.204834 0.000000 2919.477539 0.000000 0.883642 0.000000 0.468164 0.731187 0.731187 0.731187
3259.391602 0.000000 2957.656982 0.000000 0.858165 0.000000 0.513374 0.839836 0.839836 0.839836
3261.395508 0.000000 2952.915283 0.000000 0.849816 0.000000 0.527079 0.724189 0.724189 0.724189
3241.850098 0.000000 2921.500244 0.000000 0.950385 0.000000 0.311076 0.824682 0.824682 0.824682
3310.088623 0.000000 2934.228271 0.000000 0.770371 0.000000 0.637595 0.699668 0.699668 0.699668
3249.953613 0.000000 2910.681641 0.000000 0.803135 0.000000 0.595798 0.824721 0.824721 0.824721
3259.027100 0.000000 2942.853516 0.000000 0.940449 0.000000 0.339933 0.869246 0.869246 0.869246
3244.504639 0.000000 2908.864014 0.000000 0.788975 0.000000 0.614426 0.633287 0.633287 0.633287
3284.907471 0.000000 2954.133789 0.000000 0.989331 0.000000 0.145682 0.948170 0.948170 0.948170
3260.810303 0.000000 2951.302734 0.000000 0.821019 0.000000 0.570901 0.704203 0.704203 0.704203
3243.219238 0.000000 2945.040527 0.000000 0.871441 0.000000 0.490500 0.715865 0.715865 0.715865
3251.145264 0.000000 2909.601807 0.000000 0.870847 0.000000 0.491555 0.810129 0.810129 0.810129
3310.778809 0.000000 2934.869873 0.000000 0.794229 0.000000 0.607619 0.716312 0.716312 0.716312
3260.112793 0.000000 2951.933350 0.000000 0.969960 0.000000 0.243264 0.880372 0.880372 0.880372
3283.046875 0.000000 2952.153076 0.000000 0.991615 0.000000 0.129227 0.931089 0.931089 0.931089
3306.494629 0.000000 2944.369629 0.000000 0.829587 0.000000 0.558378 0.766314 0.766314 0.766314
3247.489014 0.000000 2911.808838 0.000000 0.884600 0.000000 0.466350 0.831640 0.831640 0.831640
3289.443359 0.000000 2949.841309 0.000000 0.983889 0.000000 0.178780 0.900378 0.900378 0.900378
3260.474854 0.000000 2950.325928 0.000000 0.800394 0.000000 0.599475 0.687046 0.687046 0.687046
3258.707520 0.000000 2952.157715 0.000000 0.948021 0.000000 0.318209 0.820517 0.820517 0.820517
3259.471680 0.000000 2949.239258 0.000000 0.988425 0.000000 0.151708 0.918634 0.918634 0.918634
3261.052246 0.000000 2949.733643 0.000000 0.949712 0.000000 0.313125 0.823487 0.823487 0.823487
3297.480957 0.000000 2947.777832 0.000000 0.994523 0.000000 0.104521 0.960526 0.960526 0.960526
3176.650879 0.000000 2987.887939 0.000000 0.975290 0.000000 0.220930 0.903230 0.903230 0.903230
3183.740723 0.000000 2979.138428 0.000000 0.915542 0.000000 0.402222 0.924560 0.924560 0.924560
3177.594727 0.000000 2989.360107 0.000000 0.988479 0.000000 0.151356 0.915789 0.915789 0.915789
3178.879150 0.000000 2981.278809 0.000000 0.777550 0.000000 0.628822 0.760618 0.760618 0.760618
3177.276123 0.000000 2977.262207 0.000000 0.978039 0.000000 0.208420 0.965929 0.965929 0.965929
3174.186035 0.000000 2986.248779 0.000000 0.981825 0.000000 0.189787 0.906089 0.906089 0.906089
3175.367188 0.000000 2978.774658 0.000000 0.980794 0.000000 0.195048 0.950991 0.950991 0.950991
3179.808350 0.000000 2978.869629 0.000000 0.992022 0.000000 0.126066 0.929944 0.929944 0.929944
3174.308105 0.000000 2988.349365 0.000000 0.906606 0.000000 0.421978 0.758562 0.758562 0.758562
3180.503174 0.000000 2988.788330 0.000000 0.892671 0.000000 0.450709 0.740863 0.740863 0.740863
3178.224854 0.000000 2978.658936 0.000000 0.990697 0.000000 0.136087 0.924341 0.924341 0.924341
3184.242676 0.000000 2987.990234 0.000000 0.863110 0.000000 0.505015 0.706589 0.706589 0.706589
3177.671875 0.000000 2988.270752 0.000000 0.809338 0.000000 0.587343 0.652068 0.652068 0.652068
3175.646729 0.000000 2988.120850 0.000000 0.968815 0.000000 0.247787 0.861223 0.861223 0.861223
3176.643555 0.000000 2989.728027 0.000000 0.904795 0.000000 0.425848 0.756193 0.756193 0.756193
3181.429199 0.000000 2987.040039 0.000000 0.995993 0.000000 0.089432 0.970042 0.970042 0.970042
3181.321289 0.000000 2979.476318 0.000000 0.983774 0.000000 0.179413 0.945958 0.945958 0.945958
3174.881592 0.000000 2980.836670 0.000000 0.849322 0.000000 0.527875 0.815353 0.815353 0.815353
3179.670410 0.000000 2981.562012 0.000000 0.787538 0.000000 0.616266 0.766266 0.766266 0.766266
3331.385254 0.000000 2941.844482 0.000000 0.942794 0.000000 0.333376 0.935512 0.935512 0.935512
3369.896240 0.000000 2886.340576 0.000000 0.987316 0.000000 0.158769 0.975718 0.975718 0.975718
3329.147217 0.000000 2939.814209 0.000000 0.971674 0.000000 0.236324 0.942820 0.942820 0.942820
3340.409424 0.000000 2935.154297 0.000000 0.769631 0.000000 0.638489 0.654212 0.654212 0.654212
3311.671875 0.000000 2947.330811 0.000000 0.993498 0.000000 0.113852 0.983194 0.983194 0.983194
3340.185303 0.000000 2932.959229 0.000000 0.951504 0.000000 0.307637 0.826687 0.826687 0.826687
3332.937988 0.000000 2939.922363 0.000000 0.978777 0.000000 0.204928 0.905191 0.905191 0.905191
3345.939209 0.000000 2896.141113 0.000000 0.793238 0.000000 0.608911 0.740121 0.740121 0.740121
3335.318848 0.000000 2910.053467 0.000000 0.802075 0.000000 0.597224 0.645271 0.645271 0.645271
3363.148682 0.000000 2896.798340 0.000000 0.927956 0.000000 0.372690 0.864610 0.864610 0.864610
3337.026611 0.000000 2937.786865 0.000000 0.840884 0.000000 0.541215 0.721593 0.721593 0.721593
3366.322021 0.000000 2898.809814 0.000000 0.783965 0.000000 0.620805 0.720757 0.720757 0.720757
3367.707031 0.000000 2903.795898 0.000000 0.867413 0.000000 0.497589 0.711346 0.711346 0.711346
3333.585938 0.000000 2880.104736 0.000000 0.774013 0.000000 0.633169 0.881890 0.881890 0.881890
3325.589844 0.000000 2911.806885 0.000000 0.749624 0.000000 0.661864 0.705661 0.705661 0.705661
3369.958984 0.000000 2891.127197 0.000000 0.933961 0.000000 0.357374 0.968067 0.968067 0.968067
3365.058350 0.000000 2902.107666 0.000000 0.980303 0.000000 0.197497 0.984118 0.984118 0.984118
3335.972412 0.000000 2913.407715 0.000000 0.827430 0.000000 0.561569 0.715669 0.715669 0.715669
3340.766602 0.000000 2936.668945 0.000000 0.964141 0.000000 0.265390 0.963117 0.963117 0.963117
3347.286133 0.000000 2892.440430 0.000000 0.798362 0.000000 0.602177 0.877387 0.877387 0.877387
3312.107666 0.000000 2931.526855 0.000000 0.951068 0.000000 0.308981 0.938047 0.938047 0.938047
3364.837891 0.000000 2904.553467 0.000000 0.993395 0.000000 0.114749 0.978467 0.978467 0.978467
3366.974854 0.000000 2900.722900 0.000000 0.972740 0.000000 0.231900 0.910607 0.910607 0.910607
3364.363770 0.000000 2887.051025 0.000000 0.921479 0.000000 0.388429 0.848617 0.848617 0.848617
3363.255615 0.000000 2909.727051 0.000000 0.840228 0.000000 0.542233 0.888401 0.888401 0.888401
3365.388916 0.000000 2891.247070 0.000000 0.968696 0.000000 0.248252 0.860957 0.860957 0.860957
3349.955322 0.000000 2898.765381 0.000000 0.741521 0.000000 0.670930 0.592382 0.592382 0.592382
3313.262207 0.000000 2940.583008 0.000000 0.909246 0.000000 0.416260 0.897103 0.897103 0.897103
3338.794434 0.000000 2932.537109 0.000000 0.991990 0.000000 0.126315 0.945614 0.945614 0.945614
3327.454590 0.000000 2912.080078 0.000000 0.996016 0.000000 0.089174 0.981497 0.981497 0.981497
3311.680176 0.000000 2933.841309 0.000000 0.828369 0.000000 0.560182 0.670449 0.670449 0.670449
3363.060059 0.000000 2891.468750 0.000000 0.989983 0.000000 0.141187 0.976658 0.976658 0.976658
3338.986084 0.000000 2913.859619 0.000000 0.879900 0.000000 0.475159 0.903580 0.903580 0.903580
3313.888184 0.000000 2933.609619 0.000000 0.909924 0.000000 0.414775 0.787516 0.787516 0.787516
3354.563232 0.000000 2931.459229 0.000000 0.980050 0.000000 0.198751 0.889107 0.889107 0.889107
3366.381592 0.000000 2902.225830 0.000000 0.836338 0.000000 0.548214 0.678418 0.678418 0.678418
3366.746826 0.000000 2891.479248 0.000000 0.920007 0.000000 0.391901 0.776812 0.776812 0.776812
3342.938965 0.000000 2933.105469 0.000000 0.826920 0.000000 0.562320 0.846436 0.846436 0.846436
3348.631592 0.000000 2898.093018 0.000000 0.973876 0.000000 0.227079 0.873038 0.873038 0.873038
3346.137939 0.000000 2897.549072 0.000000 0.778036 0.000000 0.628220 0.623530 0.623530 0.623530
3363.676270 0.000000 2898.091309 0.000000 0.780776 0.000000 0.624812 0.786018 0.786018 0.786018
3364.216064 0.000000 2888.948730 0.000000 0.932319 0.000000 0.361636 0.828177 0.828177 0.828177
3366.018311 0.000000 2904.989746 0.000000 0.991238 0.000000 0.132088 0.977180 0.977180 0.977180
3330.091309 0.000000 2908.523926 0.000000 0.968978 0.000000 0.247145 0.934536 0.934536 0.934536
3349.804443 0.000000 2899.937744 0.000000 0.888927 0.000000 0.458049 0.736296 0.736296 0.736296
3346.687012 0.000000 2895.219482 0.000000 0.775981 0.000000 0.630756 0.621720 0.621720 0.621720
3335.332764 0.000000 2911.264893 0.000000 0.962403 0.000000 0.271626 0.847540 0.847540 0.847540
3332.070312 0.000000 2911.131104 0.000000 0.969902 0.000000 0.243497 0.863675 0.863675 0.863675
3349.055176 0.000000 2902.076172 0.000000 0.761262 0.000000 0.648445 0.859087 0.859087 0.859087
3321.401855 0.000000 2944.853271 0.000000 0.927903 0.000000 0.372822 0.855976 0.855976 0.855976
3364.181641 0.000000 2906.316406 0.000000 0.774233 0.000000 0.632901 0.869974 0.869974 0.869974
3371.003906 0.000000 2902.185059 0.000000 0.973588 0.000000 0.228313 0.926967 0.926967 0.926967
3316.580566 0.000000 2940.340576 0.000000 0.994797 0.000000 0.101878 0.961273 0.961273 0.961273
3333.693848 0.000000 2914.692139 0.000000 0.980857 0.000000 0.194732 0.891379 0.891379 0.891379
3313.604980 0.000000 2932.032959 0.000000 0.984174 0.000000 0.177206 0.911494 0.911494 0.911494
3345.221191 0.000000 2896.909180 0.000000 0.860251 0.000000 0.509870 0.787618 0.787618 0.787618
3325.838135 0.000000 2910.798096 0.000000 0.821176 0.000000 0.570676 0.752855 0.752855 0.752855
3344.989990 0.000000 2895.761475 0.000000 0.793706 0.000000 0.608301 0.637576 0.637576 0.637576
3337.883789 0.000000 2935.030273 0.000000 0.947116 0.000000 0.320891 0.883376 0.883376 0.883376
3362.111816 0.000000 2892.055176 0.000000 0.996394 0.000000 0.084842 0.972643 0.972643 0.972643
3362.402100 0.000000 2907.538574 0.000000 0.813251 0.000000 0.581913 0.655777 0.655777 0.655777
3361.456299 0.000000 2907.926025 0.000000 0.974655 0.000000 0.223715 0.874951 0.874951 0.874951
3317.759033 0.000000 2940.483643 0.000000 0.987349 0.000000 0.158562 0.939574 0.939574 0.939574
3333.898682 0.000000 2937.394775 0.000000 0.958164 0.000000 0.286220 0.839117 0.839117 0.839117
3351.502930 0.000000 2903.425293 0.000000 0.963191 0.000000 0.268817 0.849157 0.849157 0.849157
3368.167725 0.000000 2902.858643 0.000000 0.927488 0.000000 0.373852 0.818251 0.818251 0.818251
3341.129395 0.000000 2933.029541 0.000000 0.940855 0.000000 0.338808 0.808429 0.808429 0.808429
3344.780518 0.000000 2894.333984 0.000000 0.859604 0.000000 0.510960 0.702764 0.702764 0.702764
3364.524170 0.000000 2887.945557 0.000000 0.973482 0.000000 0.228763 0.912414 0.912414 0.912414
3367.845947 0.000000 2900.986328 0.000000 0.748188 0.000000 0.663487 0.722891 0.722891 0.722891
3363.986816 0.000000 2897.221680 0.000000 0.811826 0.000000 0.583899 0.778955 0.778955 0.778955
3368.082031 0.000000 2905.723633 0.000000 0.966398 0.000000 0.257051 0.855916 0.855916 0.855916
3331.102539 0.000000 2938.959229 0.000000 0.893148 0.000000 0.449763 0.741450 0.741450 0.741450
3370.176270 0.000000 2904.775146 0.000000 0.984407 0.000000 0.175907 0.925835 0.925835 0.925835
3353.738525 0.000000 2902.341553 0.000000 0.993401 0.000000 0.114696 0.947196 0.947196 0.947196
3362.550049 0.000000 2893.698486 0.000000 0.976374 0.000000 0.216086 0.929855 0.929855 0.929855
3313.102539 0.000000 2934.815430 0.000000 0.952430 0.000000 0.304759 0.879390 0.879390 0.879390
3312.785400 0.000000 2932.080322 0.000000 0.980616 0.000000 0.195940 0.902020 0.902020 0.902020
3350.869873 0.000000 2903.949463 0.000000 0.968717 0.000000 0.248167 0.861005 0.861005 0.861005
3782.968750 0.000000 2281.616943 0.000000 0.980294 0.000000 0.197542 0.963264 0.963264 0.963264
3784.324951 0.000000 2276.234863 0.000000 0.985153 0.000000 0.171680 0.968125 0.968125 0.968125
3793.268555 0.000000 2270.517090 0.000000 0.796593 0.000000 0.604515 0.880072 0.880072 0.880072
3778.079346 0.000000 2271.336182 0.000000 0.987195 0.000000 0.159515 0.970404 0.970404 0.970404
3799.158447 0.000000 2276.421631 0.000000 0.889415 0.000000 0.457101 0.933629 0.933629 0.933629
3785.972656 0.000000 2273.159424 0.000000 0.742000 0.000000 0.670399 0.864259 0.864259 0.864259
3794.275879 0.000000 2267.909424 0.000000 0.940578 0.000000 0.339578 0.969726 0.969726 0.969726
3809.903320 0.000000 2276.227539 0.000000 0.977294 0.000000 0.211888 0.967485 0.967485 0.967485
3807.346680 0.000000 2291.535156 0.000000 0.852709 0.000000 0.522387 0.910806 0.910806 0.910806
3787.383057 0.000000 2270.972900 0.000000 0.983042 0.000000 0.183379 0.965929 0.965929 0.965929
3812.919678 0.000000 2292.363770 0.000000 0.812501 0.000000 0.582959 0.885021 0.885021 0.885021
3793.991699 0.000000 2272.791992 0.000000 0.899934 0.000000 0.436026 0.916647 0.916647 0.916647
3785.705322 0.000000 2266.040283 0.000000 0.757112 0.000000 0.653286 0.868477 0.868477 0.868477
3788.265137 0.000000 2282.887207 0.000000 0.890506 0.000000 0.454972 0.912738 0.912738 0.912738
3786.864502 0.000000 2284.478760 0.000000 0.972924 0.000000 0.231124 0.981949 0.981949 0.981949
3783.359619 0.000000 2283.693604 0.000000 0.769474 0.000000 0.638678 0.872013 0.872013 0.872013
3776.146240 0.000000 2279.671387 0.000000 0.964815 0.000000 0.262931 0.950847 0.950847 0.950847
3781.369141 0.000000 2282.726074 0.000000 0.776513 0.000000 0.630101 0.874063 0.874063 0.874063
3812.887939 0.000000 2279.497070 0.000000 0.926412 0.000000 0.376512 0.928683 0.928683 0.928683
3811.618164 0.000000 2295.018066 0.000000 0.929042 0.000000 0.369974 0.929985 0.929985 0.929985
3791.217773 0.000000 2280.232666 0.000000 0.951581 0.000000 0.307400 0.942275 0.942275 0.942275
3788.781982 0.000000 2277.611572 0.000000 0.954675 0.000000 0.297650 0.944165 0.944165 0.944165
3809.463379 0.000000 2279.374268 0.000000 0.910006 0.000000 0.414596 0.921022 0.921022 0.921022
3813.034180 0.000000 2299.252930 0.000000 0.796415 0.000000 0.604750 0.880017 0.880017 0.880017
3785.381836 0.000000 2277.688721 0.000000 0.994458 0.000000 0.105138 0.980540 0.980540 0.980540
3788.090332 0.000000 2269.318848 0.000000 0.863113 0.000000 0.505011 0.902197 0.902197 0.902197
3809.563232 0.000000 2288.880615 0.000000 0.846705 0.000000 0.532063 0.889349 0.889349 0.889349
3783.135498 0.000000 2279.932617 0.000000 0.917006 0.000000 0.398873 0.924201 0.924201 0.924201
3812.858887 0.000000 2282.427002 0.000000 0.917114 0.000000 0.398625 0.890472 0.890472 0.890472
3791.079834 0.000000 2270.552002 0.000000 0.736223 0.000000 0.676739 0.862675 0.862675 0.862675
3808.524658 0.000000 2282.698242 0.000000 0.887055 0.000000 0.461663 0.911347 0.911347 0.911347
3806.603760 0.000000 2292.865723 0.000000 0.805668 0.000000 0.592367 0.897118 0.897118 0.897118
3786.206543 0.000000 2279.776367 0.000000 0.994733 0.000000 0.102500 0.981030 0.981030 0.981030
3794.057373 0.000000 2281.467773 0.000000 0.995537 0.000000 0.094377 0.982538 0.982538 0.982538
3809.690430 0.000000 2277.870361 0.000000 0.787032 0.000000 0.616913 0.898756 0.898756 0.898756
3776.551514 0.000000 2271.634033 0.000000 0.980849 0.000000 0.194768 0.963786 0.963786 0.963786
3788.182373 0.000000 2279.231689 0.000000 0.922448 0.000000 0.386122 0.926763 0.926763 0.926763
3790.319092 0.000000 2268.510986 0.000000 0.897583 0.000000 0.440846 0.915657 0.915657 0.915657
3808.543457 0.000000 2296.269775 0.000000 0.826280 0.000000 0.563260 0.895438 0.895438 0.895438
3797.686523 0.000000 2276.664062 0.000000 0.902423 0.000000 0.430852 0.917708 0.917708 0.917708
3783.374023 0.000000 2267.384521 0.000000 0.760775 0.000000 0.649016 0.869517 0.869517 0.869517
3774.673828 0.000000 2273.673340 0.000000 0.990600 0.000000 0.136793 0.984584 0.984584 0.984584
3791.722900 0.000000 2275.718262 0.000000 0.856081 0.000000 0.516842 0.899654 0.899654 0.899654
3806.945312 0.000000 2290.251221 0.000000 0.958394 0.000000 0.285450 0.953025 0.953025 0.953025
3795.331787 0.000000 2272.511475 0.000000 0.770353 0.000000 0.637618 0.872267 0.872267 0.872267
3812.462402 0.000000 2275.003906 0.000000 0.753268 0.000000 0.657714 0.867394 0.867394 0.867394
3797.020996 0.000000 2270.623535 0.000000 0.906767 0.000000 0.421631 0.927197 0.927197 0.927197
3812.052002 0.000000 2298.364990 0.000000 0.986795 0.000000 0.161977 0.969943 0.969943 0.969943
3781.185791 0.000000 2275.130615 0.000000 0.986463 0.000000 0.163983 0.969568 0.969568 0.969568
3789.040527 0.000000 2276.370605 0.000000 0.873873 0.000000 0.486153 0.906208 0.906208 0.906208
3795.366211 0.000000 2278.158691 0.000000 0.941539 0.000000 0.336903 0.936517 0.936517 0.936517
3784.507080 0.000000 2266.737793 0.000000 0.968647 0.000000 0.248442 0.953616 0.953616 0.953616
3811.524170 0.000000 2279.807373 0.000000 0.915886 0.000000 0.401437 0.923685 0.923685 0.923685
3785.822754 0.000000 2268.644043 0.000000 0.910401 0.000000 0.413727 0.921198 0.921198 0.921198
3786.922119 0.000000 2269.738281 0.000000 0.818177 0.000000 0.574967 0.886832 0.886832 0.886832
3808.286621 0.000000 2279.900879 0.000000 0.891303 0.000000 0.453407 0.913062 0.913062 0.913062
3778.836670 0.000000 2274.851807 0.000000 0.776343 0.000000 0.630311 0.874013 0.874013 0.874013
3784.915039 0.000000 2270.960449 0.000000 0.986795 0.000000 0.161977 0.969943 0.969943 0.969943
3787.608887 0.000000 2277.246826 0.000000 0.986732 0.000000 0.162357 0.969872 0.969872 0.969872
3778.694824 0.000000 2278.589355 0.000000 0.994738 0.000000 0.102453 0.981039 0.981039 0.981039
3813.784180 0.000000 2286.278809 0.000000 0.978596 0.000000 0.205791 0.923415 0.923415 0.923415
3797.947754 0.000000 2281.342041 0.000000 0.953177 0.000000 0.302412 0.951679 0.951679 0.951679
3778.840332 0.000000 2276.037354 0.000000 0.911264 0.000000 0.411823 0.921584 0.921584 0.921584
3795.741455 0.000000 2274.878906 0.000000 0.859128 0.000000 0.511760 0.900749 0.900749 0.900749
3790.118652 0.000000 2280.730957 0.000000 0.872901 0.000000 0.487897 0.905840 0.905840 0.905840
3813.142578 0.000000 2298.010742 0.000000 0.833412 0.000000 0.552652 0.891824 0.891824 0.891824
3784.681152 0.000000 2269.318604 0.000000 0.783182 0.000000 0.621793 0.876031 0.876031 0.876031
3809.430908 0.000000 2293.765381 0.000000 0.888808 0.000000 0.458279 0.912051 0.912051 0.912051
3810.277100 0.000000 2284.662842 0.000000 0.775415 0.000000 0.631452 0.756013 0.756013 0.756013
3781.206787 0.000000 2276.255127 0.000000 0.949859 0.000000 0.312677 0.941249 0.941249 0.941249
3785.389404 0.000000 2276.453125 0.000000 0.986809 0.000000 0.161891 0.969959 0.969959 0.969959
3786.493652 0.000000 2274.163574 0.000000 0.945976 0.000000 0.324237 0.938996 0.938996 0.938996
3812.024902 0.000000 2291.672363 0.000000 0.852631 0.000000 0.522513 0.898428 0.898428 0.898428
3813.634766 0.000000 2276.937256 0.000000 0.885743 0.000000 0.464176 0.910823 0.910823 0.910823
3813.887207 0.000000 2282.178467 0.000000 0.779339 0.000000 0.626602 0.819103 0.819103 0.819103
3810.058838 0.000000 2289.625488 0.000000 0.874431 0.000000 0.485150 0.864689 0.864689 0.864689
3811.249512 0.000000 2287.853516 0.000000 0.980307 0.000000 0.197481 0.926550 0.926550 0.926550
3817.958984 0.000000 2274.717041 0.000000 0.831713 0.000000 0.555206 0.891257 0.891257 0.891257
3829.455566 0.000000 2290.578613 0.000000 0.808181 0.000000 0.588934 0.940257 0.940257 0.940257
3826.102539 0.000000 2284.276367 0.000000 0.936575 0.000000 0.350466 0.965136 0.965136 0.965136
3818.937744 0.000000 2257.135742 0.000000 0.888573 0.000000 0.458735 0.927423 0.927423 0.927423
3824.600342 0.000000 2288.610596 0.000000 0.767562 0.000000 0.640975 0.916623 0.916623 0.916623
3832.509766 0.000000 2259.678467 0.000000 0.770269 0.000000 0.637719 0.929216 0.929216 0.929216
3820.732422 0.000000 2294.866699 0.000000 0.991424 0.000000 0.130683 0.975788 0.975788 0.975788
3822.380371 0.000000 2258.942139 0.000000 0.977151 0.000000 0.212545 0.960432 0.960432 0.960432
3818.499756 0.000000 2260.605469 0.000000 0.822026 0.000000 0.569449 0.888075 0.888075 0.888075
3831.965088 0.000000 2301.512695 0.000000 0.926954 0.000000 0.375176 0.928950 0.928950 0.928950
3827.367188 0.000000 2301.246826 0.000000 0.922701 0.000000 0.385516 0.926884 0.926884 0.926884
3824.426270 0.000000 2295.791992 0.000000 0.975997 0.000000 0.217784 0.959441 0.959441 0.959441
3827.631836 0.000000 2255.718262 0.000000 0.995657 0.000000 0.093102 0.986965 0.986965 0.986965
3834.082031 0.000000 2260.055420 0.000000 0.984033 0.000000 0.177984 0.982131 0.982131 0.982131
3817.159180 0.000000 2294.510742 0.000000 0.826474 0.000000 0.562976 0.889526 0.889526 0.889526
3829.642822 0.000000 2254.703613 0.000000 0.975306 0.000000 0.220858 0.977205 0.977205 0.977205
3821.164551 0.000000 2262.016602 0.000000 0.870764 0.000000 0.491701 0.905034 0.905034 0.905034
3825.122314 0.000000 2263.449219 0.000000 0.795009 0.000000 0.606598 0.879588 0.879588 0.879588
3836.430420 0.000000 2298.289551 0.000000 0.940753 0.000000 0.339094 0.936087 0.936087 0.936087
3821.078369 0.000000 2259.591064 0.000000 0.995081 0.000000 0.099066 0.981668 0.981668 0.981668
3824.872070 0.000000 2284.953369 0.000000 0.898947 0.000000 0.438058 0.916230 0.916230 0.916230
3816.273193 0.000000 2267.405762 0.000000 0.977627 0.000000 0.210345 0.960847 0.960847 0.960847
3826.365234 0.000000 2300.311523 0.000000 0.968597 0.000000 0.248636 0.953579 0.953579 0.953579
3828.055664 0.000000 2295.922119 0.000000 0.742601 0.000000 0.669734 0.864425 0.864425 0.864425
3823.855225 0.000000 2280.475830 0.000000 0.772046 0.000000 0.635567 0.872758 0.872758 0.872758
3829.535156 0.000000 2302.148682 0.000000 0.879553 0.000000 0.475801 0.908390 0.908390 0.908390
3830.671631 0.000000 2296.164307 0.000000 0.770106 0.000000 0.637916 0.872196 0.872196 0.872196
3821.563721 0.000000 2255.881836 0.000000 0.780718 0.000000 0.624884 0.905633 0.905633 0.905633
3828.284424 0.000000 2258.861572 0.000000 0.831465 0.000000 0.555577 0.891175 0.891175 0.891175
3823.750000 0.000000 2265.909668 0.000000 0.778497 0.000000 0.627648 0.874646 0.874646 0.874646
3830.279541 0.000000 2298.602783 0.000000 0.921692 0.000000 0.387922 0.926402 0.926402 0.926402
3831.866943 0.000000 2300.321533 0.000000 0.969571 0.000000 0.244810 0.954308 0.954308 0.954308
3823.824951 0.000000 2300.260986 0.000000 0.858836 0.000000 0.512251 0.900644 0.900644 0.900644
3821.892578 0.000000 2298.940918 0.000000 0.949443 0.000000 0.313940 0.941004 0.941004 0.941004
3819.680908 0.000000 2295.576416 0.000000 0.987278 0.000000 0.159007 0.970499 0.970499 0.970499
3827.394043 0.000000 2298.314453 0.000000 0.936871 0.000000 0.349675 0.934005 0.934005 0.934005
3823.452637 0.000000 2295.172852 0.000000 0.943110 0.000000 0.332481 0.937384 0.937384 0.937384
3816.767334 0.000000 2262.150391 0.000000 0.736395 0.000000 0.676551 0.862722 0.862722 0.862722
3835.248779 0.000000 2298.628174 0.000000 0.853705 0.000000 0.520758 0.898808 0.898808 0.898808
3831.541992 0.000000 2292.162354 0.000000 0.769958 0.000000 0.638094 0.873881 0.873881 0.873881
3829.132080 0.000000 2261.454590 0.000000 0.766581 0.000000 0.642148 0.871178 0.871178 0.871178
3823.112549 0.000000 2281.894531 0.000000 0.986130 0.000000 0.165973 0.969195 0.969195 0.969195
3824.939453 0.000000 2270.568604 0.000000 0.788956 0.000000 0.614449 0.755513 0.755513 0.755513
3835.795410 0.000000 2276.617432 0.000000 0.788952 0.000000 0.614455 0.755511 0.755511 0.755511
3840.848145 0.000000 2275.896729 0.000000 0.852316 0.000000 0.523026 0.796634 0.796634 0.796634
3838.602783 0.000000 2278.941162 0.000000 0.856906 0.000000 0.515473 0.833700 0.833700 0.833700
3823.352295 0.000000 2269.579102 0.000000 0.980424 0.000000 0.196899 0.926769 0.926769 0.926769
3832.956299 0.000000 2280.857666 0.000000 0.878145 0.000000 0.478395 0.849313 0.849313 0.849313
3839.258545 0.000000 2273.761475 0.000000 0.979932 0.000000 0.199334 0.925851 0.925851 0.925851
3834.878662 0.000000 2275.206055 0.000000 0.995915 0.000000 0.090295 0.966591 0.966591 0.966591
3824.729980 0.000000 2277.045898 0.000000 0.964466 0.000000 0.264207 0.921231 0.921231 0.921231
3818.843750 0.000000 2270.296875 0.000000 0.953444 0.000000 0.301571 0.915108 0.915108 0.915108
3818.313721 0.000000 2271.972412 0.000000 0.848744 0.000000 0.528804 0.845593 0.845593 0.845593
3819.575439 0.000000 2288.472656 0.000000 0.814039 0.000000 0.580811 0.771019 0.771019 0.771019
3839.804443 0.000000 2272.172119 0.000000 0.969878 0.000000 0.243591 0.909081 0.909081 0.909081
3837.219238 0.000000 2273.983398 0.000000 0.936751 0.000000 0.349995 0.867883 0.867883 0.867883
3827.882080 0.000000 2270.652100 0.000000 0.982564 0.000000 0.185924 0.930901 0.930901 0.930901
3836.412354 0.000000 2278.435303 0.000000 0.916553 0.000000 0.399914 0.847984 0.847984 0.847984
3826.357178 0.000000 2268.132080 0.000000 0.739899 0.000000 0.672718 0.727363 0.727363 0.727363
3817.248535 0.000000 2286.524170 0.000000 0.785006 0.000000 0.619488 0.753148 0.753148 0.753148
3797.781738 0.000000 2347.098145 0.000000 0.818614 0.000000 0.574344 0.972507 0.972507 0.972507
3810.527588 0.000000 2347.989014 0.000000 0.921523 0.000000 0.388325 0.926322 0.926322 0.926322
3800.338623 0.000000 2347.694824 0.000000 0.987525 0.000000 0.157465 0.970788 0.970788 0.970788
3815.191895 0.000000 2351.612549 0.000000 0.820660 0.000000 0.571417 0.887632 0.887632 0.887632
3803.966064 0.000000 2351.249023 0.000000 0.993462 0.000000 0.114161 0.978863 0.978863 0.978863
3815.374756 0.000000 2347.793945 0.000000 0.992973 0.000000 0.118339 0.978086 0.978086 0.978086
3809.704346 0.000000 2357.112061 0.000000 0.884868 0.000000 0.465841 0.956448 0.956448 0.956448
3805.224365 0.000000 2352.636475 0.000000 0.744965 0.000000 0.667104 0.865078 0.865078 0.865078
3801.135986 0.000000 2349.287354 0.000000 0.964541 0.000000 0.263932 0.950655 0.950655 0.950655
3802.127686 0.000000 2339.430908 0.000000 0.877117 0.000000 0.480276 0.948722 0.948722 0.948722
3811.161865 0.000000 2346.346680 0.000000 0.776585 0.000000 0.630012 0.874084 0.874084 0.874084
3800.401611 0.000000 2340.093018 0.000000 0.771645 0.000000 0.636054 0.917389 0.917389 0.917389
3805.614990 0.000000 2356.009033 0.000000 0.811107 0.000000 0.584898 0.943850 0.943850 0.943850
3804.597412 0.000000 2344.157959 0.000000 0.923627 0.000000 0.383293 0.927329 0.927329 0.927329
3803.340088 0.000000 2344.976807 0.000000 0.990190 0.000000 0.139724 0.974102 0.974102 0.974102
3799.189453 0.000000 2346.913086 0.000000 0.980428 0.000000 0.196876 0.963389 0.963389 0.963389
3805.816162 0.000000 2349.925049 0.000000 0.953051 0.000000 0.302809 0.943165 0.943165 0.943165
3800.931396 0.000000 2344.985107 0.000000 0.926725 0.000000 0.375740 0.928837 0.928837 0.928837
3805.966309 0.000000 2345.995850 0.000000 0.993131 0.000000 0.117008 0.978334 0.978334 0.978334
3815.347168 0.000000 2353.072510 0.000000 0.908006 0.000000 0.418957 0.938483 0.938483 0.938483
3814.986572 0.000000 2344.160156 0.000000 0.767980 0.000000 0.640474 0.871581 0.871581 0.871581
3808.586670 0.000000 2342.643555 0.000000 0.989666 0.000000 0.143393 0.973417 0.973417 0.973417
3806.604980 0.000000 2347.769287 0.000000 0.943723 0.000000 0.330738 0.937725 0.937725 0.937725
3806.922852 0.000000 2343.714844 0.000000 0.898403 0.000000 0.439172 0.916001 0.916001 0.916001
3803.965332 0.000000 2350.143311 0.000000 0.963815 0.000000 0.266572 0.950149 0.950149 0.950149
3819.674805 0.000000 2346.412842 0.000000 0.918819 0.000000 0.394679 0.990884 0.990884 0.990884
3819.537598 0.000000 2335.948975 0.000000 0.873023 0.000000 0.487678 0.983466 0.983466 0.983466
3837.191162 0.000000 2330.383789 0.000000 0.994354 0.000000 0.106111 0.980360 0.980360 0.980360
3844.483398 0.000000 2326.539307 0.000000 0.849933 0.000000 0.526890 0.932114 0.932114 0.932114
3843.011230 0.000000 2329.127197 0.000000 0.972778 0.000000 0.231741 0.956794 0.956794 0.956794
3840.165771 0.000000 2306.972656 0.000000 0.961768 0.000000 0.273866 0.982686 0.982686 0.982686
3836.180176 0.000000 2327.829346 0.000000 0.918923 0.000000 0.394436 0.925095 0.925095 0.925095
3831.670410 0.000000 2307.247803 0.000000 0.825363 0.000000 0.564602 0.889162 0.889162 0.889162
3831.766602 0.000000 2328.987305 0.000000 0.991832 0.000000 0.127554 0.952742 0.952742 0.952742
3841.548096 0.000000 2332.313721 0.000000 0.971923 0.000000 0.235300 0.956118 0.956118 0.956118
3825.350342 0.000000 2329.025391 0.000000 0.991099 0.000000 0.133125 0.975333 0.975333 0.975333
3841.399658 0.000000 2325.371582 0.000000 0.949782 0.000000 0.312911 0.941204 0.941204 0.941204
3839.264160 0.000000 2334.147217 0.000000 0.797274 0.000000 0.603617 0.838216 0.838216 0.838216
3840.662598 0.000000 2303.728760 0.000000 0.838846 0.000000 0.544368 0.964072 0.964072 0.964072
3830.993164 0.000000 2311.233154 0.000000 0.974841 0.000000 0.222903 0.958471 0.958471 0.958471
3835.075928 0.000000 2321.243896 0.000000 0.970524 0.000000 0.241003 0.961110 0.961110 0.961110
3823.455566 0.000000 2329.605957 0.000000 0.956134 0.000000 0.292928 0.945078 0.945078 0.945078
3821.483643 0.000000 2346.698486 0.000000 0.941724 0.000000 0.336387 0.936618 0.936618 0.936618
3818.807617 0.000000 2327.494385 0.000000 0.929165 0.000000 0.369666 0.930046 0.930046 0.930046
3817.948486 0.000000 2318.816162 0.000000 0.995460 0.000000 0.095177 0.990957 0.990957 0.990957
3842.291748 0.000000 2339.480713 0.000000 0.994261 0.000000 0.106986 0.992775 0.992775 0.992775
3838.430420 0.000000 2339.918213 0.000000 0.994342 0.000000 0.106230 0.973429 0.973429 0.973429
3829.869629 0.000000 2308.225830 0.000000 0.892305 0.000000 0.451433 0.913471 0.913471 0.913471
3833.372314 0.000000 2329.499756 0.000000 0.993990 0.000000 0.109469 0.964127 0.964127 0.964127
3830.343750 0.000000 2348.447510 0.000000 0.952917 0.000000 0.303232 0.949237 0.949237 0.949237
3820.041504 0.000000 2319.227539 0.000000 0.897397 0.000000 0.441224 0.915579 0.915579 0.915579
3825.934570 0.000000 2332.141113 0.000000 0.862215 0.000000 0.506542 0.846173 0.846173 0.846173
3828.947998 0.000000 2337.411377 0.000000 0.989472 0.000000 0.144726 0.946337 0.946337 0.946337
3822.042969 0.000000 2339.648193 0.000000 0.915293 0.000000 0.402788 0.923412 0.923412 0.923412
3830.895752 0.000000 2339.340820 0.000000 0.949580 0.000000 0.313524 0.882169 0.882169 0.882169
3843.725098 0.000000 2336.895020 0.000000 0.992337 0.000000 0.123560 0.977115 0.977115 0.977115
3817.120850 0.000000 2345.018066 0.000000 0.841670 0.000000 0.539992 0.923099 0.923099 0.923099
3829.196045 0.000000 2340.572021 0.000000 0.839499 0.000000 0.543361 0.886706 0.886706 0.886706
3829.683350 0.000000 2345.893799 0.000000 0.800787 0.000000 0.598949 0.881359 0.881359 0.881359
3834.185303 0.000000 2324.563477 0.000000 0.989159 0.000000 0.146845 0.959895 0.959895 0.959895
3833.751709 0.000000 2326.164795 0.000000 0.921861 0.000000 0.387520 0.852965 0.852965 0.852965
3830.501953 0.000000 2306.173584 0.000000 0.994356 0.000000 0.106095 0.980363 0.980363 0.980363
3839.554443 0.000000 2329.171875 0.000000 0.950545 0.000000 0.310586 0.941656 0.941656 0.941656
3843.939697 0.000000 2327.985840 0.000000 0.741296 0.000000 0.671179 0.864065 0.864065 0.864065
3817.651855 0.000000 2324.337891 0.000000 0.873394 0.000000 0.487014 0.941584 0.941584 0.941584
3829.335449 0.000000 2316.116699 0.000000 0.992664 0.000000 0.120902 0.977609 0.977609 0.977609
3832.143555 0.000000 2303.662109 0.000000 0.950882 0.000000 0.309552 0.941857 0.941857 0.941857
3820.267090 0.000000 2320.641602 0.000000 0.915212 0.000000 0.402972 0.923375 0.923375 0.923375
3835.730957 0.000000 2340.376709 0.000000 0.935874 0.000000 0.352336 0.866960 0.866960 0.866960
3833.102051 0.000000 2318.610107 0.000000 0.967735 0.000000 0.251969 0.958030 0.958030 0.958030
3825.585938 0.000000 2325.273438 0.000000 0.841720 0.000000 0.539914 0.894634 0.894634 0.894634
3831.894531 0.000000 2337.691406 0.000000 0.878520 0.000000 0.477706 0.815979 0.815979 0.815979
3830.093262 0.000000 2318.784424 0.000000 0.987527 0.000000 0.157453 0.970790 0.970790 0.970790
3823.593994 0.000000 2309.356201 0.000000 0.845236 0.000000 0.534394 0.911326 0.911326 0.911326
3831.333984 0.000000 2345.559814 0.000000 0.776955 0.000000 0.629556 0.874192 0.874192 0.874192
3831.907715 0.000000 2327.675781 0.000000 0.965335 0.000000 0.261016 0.902427 0.902427 0.902427
3824.081543 0.000000 2307.870605 0.000000 0.964006 0.000000 0.265881 0.950282 0.950282 0.950282
3820.504883 0.000000 2323.277832 0.000000 0.919426 0.000000 0.393263 0.925330 0.925330 0.925330
3825.790771 0.000000 2336.992920 0.000000 0.994291 0.000000 0.106706 0.980249 0.980249 0.980249
3836.006592 0.000000 2322.830566 0.000000 0.992248 0.000000 0.124275 0.976981 0.976981 0.976981
3820.772705 0.000000 2338.453613 0.000000 0.797638 0.000000 0.603136 0.880391 0.880391 0.880391
3822.115723 0.000000 2314.358154 0.000000 0.759782 0.000000 0.650178 0.892207 0.892207 0.892207
3827.170166 0.000000 2314.579346 0.000000 0.953804 0.000000 0.300431 0.953530 0.953530 0.953530
3833.067139 0.000000 2344.061035 0.000000 0.960931 0.000000 0.276788 0.948188 0.948188 0.948188
3841.672607 0.000000 2335.664795 0.000000 0.951991 0.000000 0.306126 0.942522 0.942522 0.942522
3833.676758 0.000000 2320.609375 0.000000 0.993274 0.000000 0.115784 0.970160 0.970160 0.970160
3838.087402 0.000000 2333.587158 0.000000 0.984822 0.000000 0.173566 0.967771 0.967771 0.967771
3825.541260 0.000000 2330.461670 0.000000 0.985790 0.000000 0.167981 0.946065 0.946065 0.946065
3829.277832 0.000000 2332.959229 0.000000 0.828374 0.000000 0.560175 0.717956 0.717956 0.717956
3839.356689 0.000000 2339.139893 0.000000 0.916758 0.000000 0.399442 0.897415 0.897415 0.897415
3842.672607 0.000000 2332.658447 0.000000 0.780857 0.000000 0.624710 0.875342 0.875342 0.875342
3839.278076 0.000000 2335.358643 0.000000 0.880675 0.000000 0.473720 0.876793 0.876793 0.876793
3824.040283 0.000000 2322.155762 0.000000 0.830908 0.000000 0.556409 0.890990 0.890990 0.890990
3833.602539 0.000000 2339.647705 0.000000 0.910589 0.000000 0.413314 0.842564 0.842564 0.842564
3838.097412 0.000000 2329.598389 0.000000 0.964307 0.000000 0.264787 0.950492 0.950492 0.950492
3842.305176 0.000000 2333.728760 0.000000 0.935463 0.000000 0.353424 0.933265 0.933265 0.933265
3840.244873 0.000000 2334.768311 0.000000 0.914557 0.000000 0.404456 0.923075 0.923075 0.923075
3831.037354 0.000000 2304.054199 0.000000 0.910706 0.000000 0.413055 0.921335 0.921335 0.921335
3826.641602 0.000000 2335.295654 0.000000 0.921805 0.000000 0.387655 0.874776 0.874776 0.874776
3843.403809 0.000000 2326.895264 0.000000 0.806981 0.000000 0.590577 0.883283 0.883283 0.883283
3826.025391 0.000000 2308.571045 0.000000 0.962092 0.000000 0.272726 0.948969 0.948969 0.948969
3832.363037 0.000000 2329.961426 0.000000 0.903255 0.000000 0.429103 0.854954 0.854954 0.854954
3826.037598 0.000000 2323.469482 0.000000 0.947430 0.000000 0.319964 0.939830 0.939830 0.939830
3835.108154 0.000000 2307.771729 0.000000 0.869763 0.000000 0.493470 0.904658 0.904658 0.904658
3836.223145 0.000000 2329.903076 0.000000 0.962678 0.000000 0.270651 0.949367 0.949367 0.949367
3830.396240 0.000000 2304.980713 0.000000 0.883346 0.000000 0.468722 0.909873 0.909873 0.909873
3830.093750 0.000000 2307.158203 0.000000 0.992825 0.000000 0.119578 0.977856 0.977856 0.977856
3818.243164 0.000000 2340.690918 0.000000 0.956542 0.000000 0.291594 0.945335 0.945335 0.945335
3832.511475 0.000000 2321.747559 0.000000 0.862852 0.000000 0.505456 0.863736 0.863736 0.863736
3828.190186 0.000000 2339.825928 0.000000 0.753966 0.000000 0.656913 0.770967 0.770967 0.770967
3830.270020 0.000000 2323.703125 0.000000 0.932649 0.000000 0.360786 0.891263 0.891263 0.891263
3837.244873 0.000000 2340.365723 0.000000 0.761038 0.000000 0.648708 0.739183 0.739183 0.739183
3830.276367 0.000000 2327.494873 0.000000 0.910713 0.000000 0.413039 0.842676 0.842676 0.842676
3834.723145 0.000000 2341.930420 0.000000 0.934019 0.000000 0.357223 0.865028 0.865028 0.865028
3838.073242 0.000000 2341.849121 0.000000 0.846737 0.000000 0.532011 0.859950 0.859950 0.859950
3831.923340 0.000000 2334.434570 0.000000 0.948481 0.000000 0.316835 0.880880 0.880880 0.880880
3830.891602 0.000000 2329.336182 0.000000 0.873830 0.000000 0.486232 0.812384 0.812384 0.812384
3826.381348 0.000000 2331.391357 0.000000 0.925032 0.000000 0.379890 0.807376 0.807376 0.807376
3829.881836 0.000000 2332.128906 0.000000 0.784833 0.000000 0.619707 0.682963 0.682963 0.682963
3834.277832 0.000000 2340.168701 0.000000 0.940194 0.000000 0.340639 0.871567 0.871567 0.871567
3830.019043 0.000000 2330.331299 0.000000 0.792214 0.000000 0.610243 0.667353 0.667353 0.667353
3832.058594 0.000000 2325.641602 0.000000 0.772165 0.000000 0.635422 0.745586 0.745586 0.745586
3826.305664 0.000000 2336.191895 0.000000 0.860657 0.000000 0.509185 0.831947 0.831947 0.831947
3831.643066 0.000000 2338.940918 0.000000 0.875635 0.000000 0.482974 0.813760 0.813760 0.813760
3831.557129 0.000000 2326.294922 0.000000 0.933237 0.000000 0.359260 0.864222 0.864222 0.864222
3826.262939 0.000000 2332.889160 0.000000 0.990482 0.000000 0.137640 0.942087 0.942087 0.942087
3836.579346 0.000000 2338.632080 0.000000 0.852665 0.000000 0.522457 0.796881 0.796881 0.796881
"}
object={
	name="cactus_cholla_01_generator_1_2"
	render_pass=Map
	clamp_to_water_level=no
	generated_content=yes
	layer="grass_layer"
	pdxmesh="cactus_cholla_01_tall_grass_mesh"
	count=1732
	transform="3295.965332 0.000000 2803.609619 0.000000 0.468508 0.000000 -0.883459 1.419159 1.419159 1.419159
3286.775391 0.000000 2867.290039 0.000000 0.295016 0.000000 -0.955492 1.374523 1.374523 1.374523
3298.122070 0.000000 2825.625732 0.000000 0.724551 0.000000 -0.689221 1.307542 1.307542 1.307542
3305.055664 0.000000 2849.450195 0.000000 0.060318 0.000000 -0.998179 1.128210 1.128210 1.128210
3288.546143 0.000000 2816.041260 0.000000 0.963482 0.000000 -0.267774 1.079182 1.079182 1.079182
3295.392822 0.000000 2830.100098 0.000000 0.594013 0.000000 -0.804456 1.518075 1.518075 1.518075
3277.189209 0.000000 2811.455811 0.000000 0.757822 0.000000 -0.652461 1.338952 1.338952 1.338952
3297.945068 0.000000 2821.100098 0.000000 0.215581 0.000000 -0.976486 1.375080 1.375080 1.375080
3311.599365 0.000000 2836.541504 0.000000 0.999094 0.000000 0.042555 0.976408 0.976408 0.976408
3290.267090 0.000000 2868.912842 0.000000 0.344817 0.000000 -0.938670 1.362078 1.362078 1.362078
3282.643555 0.000000 2793.562256 0.000000 0.999910 0.000000 -0.013438 1.007448 1.007448 1.007448
3294.905273 0.000000 2875.575928 0.000000 0.355691 0.000000 -0.934603 1.669039 1.669039 1.669039
3299.436035 0.000000 2802.969482 0.000000 0.641943 0.000000 -0.766752 1.250861 1.250861 1.250861
3293.836426 0.000000 2827.020020 0.000000 0.376863 0.000000 -0.926269 1.535196 1.535196 1.535196
3297.354980 0.000000 2800.143555 0.000000 0.711215 0.000000 -0.702974 1.432065 1.432065 1.432065
3278.061035 0.000000 2814.593262 0.000000 0.145272 0.000000 -0.989392 1.789788 1.789788 1.789788
3298.104248 0.000000 2805.582764 0.000000 0.999999 0.000000 0.001205 0.999738 0.999738 0.999738
3290.969482 0.000000 2825.334717 0.000000 0.925344 0.000000 -0.379130 1.198043 1.198043 1.198043
3280.435547 0.000000 2791.759521 0.000000 0.748568 0.000000 -0.663058 1.059721 1.059721 1.059721
3300.096680 0.000000 2835.956787 0.000000 0.998366 0.000000 0.057141 0.971596 0.971596 0.971596
3305.958008 0.000000 2852.133789 0.000000 0.224618 0.000000 -0.974447 1.855773 1.855773 1.855773
3288.205566 0.000000 2826.787598 0.000000 0.288955 0.000000 -0.957343 1.130779 1.130779 1.130779
3296.229492 0.000000 2866.762207 0.000000 0.603294 0.000000 -0.797519 1.043790 1.043790 1.043790
3293.999512 0.000000 2864.804443 0.000000 0.309679 0.000000 -0.950841 1.301010 1.301010 1.301010
3292.887207 0.000000 2853.741943 0.000000 0.962473 0.000000 -0.271378 1.009606 1.009606 1.009606
3299.314697 0.000000 2823.382080 0.000000 0.322521 0.000000 -0.946562 1.232629 1.232629 1.232629
3287.626953 0.000000 2860.846191 0.000000 0.112479 0.000000 -0.993654 1.101925 1.101925 1.101925
3302.379883 0.000000 2839.435059 0.000000 0.683828 0.000000 -0.729644 1.079625 1.079625 1.079625
3285.731445 0.000000 2863.391113 0.000000 0.746590 0.000000 -0.665284 1.403412 1.403412 1.403412
3307.451904 0.000000 2850.151123 0.000000 0.999332 0.000000 0.036540 0.981842 0.981842 0.981842
3297.874023 0.000000 2840.912354 0.000000 0.175875 0.000000 -0.984413 1.772603 1.772603 1.772603
3295.435547 0.000000 2801.369141 0.000000 0.967957 0.000000 -0.251115 1.128642 1.128642 1.128642
3301.376221 0.000000 2853.258545 0.000000 0.070520 0.000000 -0.997510 1.820235 1.820235 1.820235
3282.066895 0.000000 2795.675293 0.000000 0.125176 0.000000 -0.992135 1.393298 1.393298 1.393298
3295.593018 0.000000 2825.482910 0.000000 0.999275 0.000000 -0.038063 1.014067 1.014067 1.014067
3277.865234 0.000000 2816.983887 0.000000 0.997918 0.000000 -0.064496 1.009668 1.009668 1.009668
3285.460205 0.000000 2865.642822 0.000000 0.983409 0.000000 -0.181402 1.075596 1.075596 1.075596
3288.638428 0.000000 2828.848145 0.000000 0.919155 0.000000 -0.393895 1.026280 1.026280 1.026280
3309.559082 0.000000 2850.089111 0.000000 0.490360 0.000000 -0.871520 1.420091 1.420091 1.420091
3297.055420 0.000000 2853.499268 0.000000 0.977117 0.000000 -0.212701 1.033712 1.033712 1.033712
3282.919189 0.000000 2860.385010 0.000000 0.998401 0.000000 -0.056520 1.016518 1.016518 1.016518
3282.438232 0.000000 2791.518799 0.000000 0.995823 0.000000 -0.091305 1.042457 1.042457 1.042457
3299.247559 0.000000 2800.953613 0.000000 0.999464 0.000000 -0.032746 1.002289 1.002289 1.002289
3296.681396 0.000000 2874.569336 0.000000 0.991955 0.000000 -0.126590 1.057040 1.057040 1.057040
3295.083008 0.000000 2857.743652 0.000000 0.854933 0.000000 -0.518739 1.269588 1.269588 1.269588
3296.548584 0.000000 2798.149658 0.000000 0.893129 0.000000 -0.449800 1.209654 1.209654 1.209654
3295.906494 0.000000 2868.746094 0.000000 0.930647 0.000000 -0.365919 1.207627 1.207627 1.207627
3279.996582 0.000000 2815.205078 0.000000 0.239924 0.000000 -0.970792 1.736304 1.736304 1.736304
3292.943359 0.000000 2825.254150 0.000000 0.996900 0.000000 -0.078684 1.012978 1.012978 1.012978
3301.313477 0.000000 2834.450195 0.000000 0.893668 0.000000 -0.448728 1.231188 1.231188 1.231188
3278.605957 0.000000 2810.117432 0.000000 0.262507 0.000000 -0.964930 1.723373 1.723373 1.723373
3296.416748 0.000000 2794.349121 0.000000 0.961518 0.000000 -0.274741 1.030573 1.030573 1.030573
3288.748779 0.000000 2867.678955 0.000000 0.736568 0.000000 -0.676363 1.411693 1.411693 1.411693
3310.699707 0.000000 2853.159424 0.000000 0.605970 0.000000 -0.795487 1.585570 1.585570 1.585570
3293.507812 0.000000 2816.564453 0.000000 0.985037 0.000000 -0.172344 1.028540 1.028540 1.028540
3293.439453 0.000000 2799.826660 0.000000 0.640519 0.000000 -0.767942 1.185813 1.185813 1.185813
3293.980957 0.000000 2796.562988 0.000000 0.716654 0.000000 -0.697429 1.427760 1.427760 1.427760
3290.682861 0.000000 2820.831787 0.000000 0.041248 0.000000 -0.999149 1.973733 1.973733 1.973733
3299.445801 0.000000 2872.584473 0.000000 0.233397 0.000000 -0.972382 1.290011 1.290011 1.290011
3280.722900 0.000000 2793.563965 0.000000 0.998340 0.000000 0.057591 0.994246 0.994246 0.994246
3287.035400 0.000000 2864.740723 0.000000 0.304386 0.000000 -0.952549 1.699167 1.699167 1.699167
3311.540039 0.000000 2834.557373 0.000000 0.491687 0.000000 -0.870772 1.585697 1.585697 1.585697
3291.223145 0.000000 2877.006348 0.000000 0.327927 0.000000 -0.944703 1.108061 1.108061 1.108061
3290.252441 0.000000 2816.579834 0.000000 0.328307 0.000000 -0.944571 1.567906 1.567906 1.567906
3296.280029 0.000000 2841.851562 0.000000 0.998388 0.000000 -0.056755 1.031473 1.031473 1.031473
3281.557373 0.000000 2811.767334 0.000000 0.855030 0.000000 -0.518579 1.069416 1.069416 1.069416
3293.623535 0.000000 2874.414307 0.000000 0.999639 0.000000 0.026880 0.985101 0.985101 0.985101
3299.188965 0.000000 2842.139160 0.000000 0.415410 0.000000 -0.909634 1.145455 1.145455 1.145455
3291.160889 0.000000 2873.811279 0.000000 0.024453 0.000000 -0.999701 1.119676 1.119676 1.119676
3288.560547 0.000000 2822.719971 0.000000 0.146838 0.000000 -0.989161 1.774696 1.774696 1.774696
3294.840820 0.000000 2828.488770 0.000000 0.966846 0.000000 -0.255359 1.072846 1.072846 1.072846
3292.768555 0.000000 2797.856689 0.000000 0.182092 0.000000 -0.983282 1.769101 1.769101 1.769101
3298.937500 0.000000 2834.748779 0.000000 0.998952 0.000000 -0.045771 1.008230 1.008230 1.008230
3293.889893 0.000000 2871.885986 0.000000 0.207660 0.000000 -0.978201 1.220957 1.220957 1.220957
3287.010986 0.000000 2862.363770 0.000000 0.802294 0.000000 -0.596930 1.317796 1.317796 1.317796
3277.121582 0.000000 2807.269531 0.000000 0.897167 0.000000 -0.441692 1.066244 1.066244 1.066244
3294.382080 0.000000 2833.204346 0.000000 0.324740 0.000000 -0.945803 1.551065 1.551065 1.551065
3276.128418 0.000000 2810.245361 0.000000 0.898030 0.000000 -0.439935 1.217214 1.217214 1.217214
3306.474854 0.000000 2856.551270 0.000000 0.321298 0.000000 -0.946978 1.198717 1.198717 1.198717
3293.861328 0.000000 2822.078613 0.000000 0.816393 0.000000 -0.577497 1.207498 1.207498 1.207498
3298.519775 0.000000 2871.251709 0.000000 0.584130 0.000000 -0.811660 1.203321 1.203321 1.203321
3296.456299 0.000000 2820.014893 0.000000 0.244899 0.000000 -0.969549 1.366731 1.366731 1.366731
3296.607178 0.000000 2822.071045 0.000000 0.989736 0.000000 -0.142904 1.079474 1.079474 1.079474
3283.439209 0.000000 2794.875732 0.000000 0.559668 0.000000 -0.828717 1.265814 1.265814 1.265814
3305.745117 0.000000 2853.776611 0.000000 0.448604 0.000000 -0.893731 1.703843 1.703843 1.703843
3292.369385 0.000000 2830.873291 0.000000 0.247645 0.000000 -0.968851 1.514302 1.514302 1.514302
3309.910400 0.000000 2839.165039 0.000000 0.923486 0.000000 -0.383633 1.070773 1.070773 1.070773
3284.817871 0.000000 2862.209229 0.000000 0.262588 0.000000 -0.964908 1.723326 1.723326 1.723326
3307.409180 0.000000 2851.640381 0.000000 0.998227 0.000000 0.059515 0.970415 0.970415 0.970415
3299.906982 0.000000 2857.353516 0.000000 0.999151 0.000000 -0.041208 1.007924 1.007924 1.007924
3308.813232 0.000000 2836.325439 0.000000 0.996640 0.000000 0.081911 0.963150 0.963150 0.963150
3304.220703 0.000000 2850.658447 0.000000 0.330363 0.000000 -0.943854 1.785658 1.785658 1.785658
3294.695557 0.000000 2866.430176 0.000000 0.979714 0.000000 -0.200401 1.098729 1.098729 1.098729
3293.869385 0.000000 2854.860107 0.000000 0.909081 0.000000 -0.416620 1.134103 1.134103 1.134103
3295.303467 0.000000 2819.085693 0.000000 0.998926 0.000000 -0.046325 1.022444 1.022444 1.022444
3305.782227 0.000000 2850.698242 0.000000 0.998515 0.000000 -0.054471 1.034695 1.034695 1.034695
3298.414795 0.000000 2852.414307 0.000000 0.130780 0.000000 -0.991411 1.402543 1.402543 1.402543
3292.034668 0.000000 2828.314941 0.000000 0.457891 0.000000 -0.889008 1.606983 1.606983 1.606983
3301.885498 0.000000 2838.051025 0.000000 0.537860 0.000000 -0.843034 1.478223 1.478223 1.478223
3296.834961 0.000000 2826.231689 0.000000 0.972960 0.000000 -0.230975 1.074482 1.074482 1.074482
3297.646484 0.000000 2839.505859 0.000000 0.960839 0.000000 -0.277108 1.144403 1.144403 1.144403
3298.114502 0.000000 2824.163574 0.000000 0.585485 0.000000 -0.810684 1.382325 1.382325 1.382325
3290.905762 0.000000 2823.796875 0.000000 0.716865 0.000000 -0.697212 1.437222 1.437222 1.437222
3296.594482 0.000000 2852.161377 0.000000 0.951340 0.000000 -0.308142 1.049267 1.049267 1.049267
3311.075928 0.000000 2857.811768 0.000000 0.694464 0.000000 -0.719528 1.445117 1.445117 1.445117
3291.697510 0.000000 2829.661377 0.000000 0.722015 0.000000 -0.691877 1.268968 1.268968 1.268968
3289.414062 0.000000 2821.477051 0.000000 0.919721 0.000000 -0.392572 1.206471 1.206471 1.206471
3294.736084 0.000000 2868.001709 0.000000 0.269687 0.000000 -0.962948 1.719245 1.719245 1.719245
3294.250977 0.000000 2825.437988 0.000000 0.899637 0.000000 -0.436639 1.166957 1.166957 1.166957
3281.182129 0.000000 2808.424561 0.000000 0.543912 0.000000 -0.839143 1.310728 1.310728 1.310728
3291.589844 0.000000 2822.113770 0.000000 0.782890 0.000000 -0.622160 1.380550 1.380550 1.380550
3297.850830 0.000000 2875.479736 0.000000 0.843818 0.000000 -0.536629 1.254545 1.254545 1.254545
3282.657959 0.000000 2863.760254 0.000000 0.761084 0.000000 -0.648654 1.304843 1.304843 1.304843
3292.010254 0.000000 2856.570557 0.000000 0.993510 0.000000 -0.113743 1.031588 1.031588 1.031588
3296.614746 0.000000 2840.600830 0.000000 0.085013 0.000000 -0.996380 1.823414 1.823414 1.823414
3297.383057 0.000000 2811.568115 0.000000 0.999441 0.000000 0.033435 0.989648 0.989648 0.989648
3297.011230 0.000000 2796.873291 0.000000 0.496217 0.000000 -0.868199 1.338660 1.338660 1.338660
3295.629883 0.000000 2824.186279 0.000000 0.832274 0.000000 -0.554365 1.217111 1.217111 1.217111
3291.503906 0.000000 2816.069092 0.000000 0.872461 0.000000 -0.488683 1.234542 1.234542 1.234542
3295.113770 0.000000 2838.348877 0.000000 0.679206 0.000000 -0.733948 1.119332 1.119332 1.119332
3281.270020 0.000000 2814.888428 0.000000 0.924202 0.000000 -0.381904 1.087067 1.087067 1.087067
3279.693359 0.000000 2811.042236 0.000000 0.350438 0.000000 -0.936586 1.672151 1.672151 1.672151
3282.236328 0.000000 2861.488037 0.000000 0.950511 0.000000 -0.310690 1.092279 1.092279 1.092279
3292.639648 0.000000 2855.077881 0.000000 0.954225 0.000000 -0.299090 1.094787 1.094787 1.094787
3282.586426 0.000000 2790.096436 0.000000 0.423650 0.000000 -0.905826 1.526269 1.526269 1.526269
3295.407959 0.000000 2874.437500 0.000000 0.996344 0.000000 -0.085428 1.047405 1.047405 1.047405
3298.042969 0.000000 2856.836670 0.000000 0.997601 0.000000 0.069221 0.986683 0.986683 0.986683
3294.423828 0.000000 2831.921387 0.000000 0.648552 0.000000 -0.761170 1.479476 1.479476 1.479476
3277.461914 0.000000 2815.691895 0.000000 0.996146 0.000000 -0.087713 1.039248 1.039248 1.039248
3293.541748 0.000000 2828.240723 0.000000 0.929976 0.000000 -0.367619 1.208640 1.208640 1.208640
3293.681152 0.000000 2870.683594 0.000000 0.935860 0.000000 -0.352373 1.058436 1.058436 1.058436
3296.373047 0.000000 2873.283203 0.000000 0.558617 0.000000 -0.829426 1.542084 1.542084 1.542084
3296.138428 0.000000 2802.388672 0.000000 0.553660 0.000000 -0.832743 1.545390 1.545390 1.545390
3308.722900 0.000000 2838.802734 0.000000 0.996746 0.000000 0.080607 0.985495 0.985495 0.985495
3297.160889 0.000000 2871.426758 0.000000 0.368881 0.000000 -0.929477 1.661196 1.661196 1.661196
3285.164307 0.000000 2864.441406 0.000000 0.069677 0.000000 -0.997570 1.622081 1.622081 1.622081
3297.883301 0.000000 2842.117676 0.000000 0.934931 0.000000 -0.354829 1.125875 1.125875 1.125875
3301.914795 0.000000 2855.698486 0.000000 0.734489 0.000000 -0.678620 1.413393 1.413393 1.413393
3289.579102 0.000000 2820.288330 0.000000 0.998541 0.000000 -0.054008 1.027654 1.027654 1.027654
3283.239746 0.000000 2792.442139 0.000000 0.321889 0.000000 -0.946778 1.688953 1.688953 1.688953
3288.819092 0.000000 2864.565430 0.000000 0.226128 0.000000 -0.974098 1.744167 1.744167 1.744167
3289.811768 0.000000 2865.292725 0.000000 0.808506 0.000000 -0.588488 1.348717 1.348717 1.348717
3296.710938 0.000000 2857.831543 0.000000 0.996837 0.000000 -0.079471 1.031579 1.031579 1.031579
3294.002441 0.000000 2857.248291 0.000000 0.952342 0.000000 -0.305031 1.153224 1.153224 1.153224
3294.865479 0.000000 2841.625732 0.000000 0.956315 0.000000 -0.292339 1.113320 1.113320 1.113320
3303.105469 0.000000 2851.229736 0.000000 0.958508 0.000000 -0.285065 1.167431 1.167431 1.167431
3311.040039 0.000000 2856.250244 0.000000 0.979066 0.000000 -0.203541 1.113603 1.113603 1.113603
3303.874023 0.000000 2834.340576 0.000000 0.995611 0.000000 -0.093587 1.037438 1.037438 1.037438
3293.273193 0.000000 2824.061523 0.000000 0.843181 0.000000 -0.537629 1.093529 1.093529 1.093529
3293.752686 0.000000 2873.172363 0.000000 0.531945 0.000000 -0.846779 1.259690 1.259690 1.259690
3278.800293 0.000000 2805.736328 0.000000 0.271484 0.000000 -0.962443 1.391457 1.391457 1.391457
3293.888916 0.000000 2876.131592 0.000000 0.692773 0.000000 -0.721156 1.239296 1.239296 1.239296
3300.197266 0.000000 2856.219727 0.000000 0.873729 0.000000 -0.486413 1.114138 1.114138 1.114138
3291.834961 0.000000 2824.517334 0.000000 0.987344 0.000000 -0.158594 1.081114 1.081114 1.081114
3298.833252 0.000000 2804.650391 0.000000 0.749836 0.000000 -0.661624 1.157032 1.157032 1.157032
3310.960205 0.000000 2835.550049 0.000000 0.998811 0.000000 -0.048750 1.027030 1.027030 1.027030
3292.733643 0.000000 2822.258301 0.000000 0.385710 0.000000 -0.922620 1.395954 1.395954 1.395954
3304.946777 0.000000 2851.587402 0.000000 0.150906 0.000000 -0.988548 1.903562 1.903562 1.903562
3296.002197 0.000000 2875.450684 0.000000 0.398473 0.000000 -0.917180 1.521704 1.521704 1.521704
3308.836914 0.000000 2833.104492 0.000000 0.293625 0.000000 -0.955921 1.444858 1.444858 1.444858
3289.886719 0.000000 2867.864258 0.000000 0.206113 0.000000 -0.978528 1.755529 1.755529 1.755529
3294.674561 0.000000 2799.443359 0.000000 0.619747 0.000000 -0.784801 1.500127 1.500127 1.500127
3310.504150 0.000000 2834.196533 0.000000 0.705606 0.000000 -0.708604 1.436469 1.436469 1.436469
3296.945801 0.000000 2803.164307 0.000000 0.710472 0.000000 -0.703726 1.432650 1.432650 1.432650
3290.928955 0.000000 2826.479004 0.000000 0.337823 0.000000 -0.941210 1.679598 1.679598 1.679598
3297.426514 0.000000 2831.704346 0.000000 0.710561 0.000000 -0.703636 1.142245 1.142245 1.142245
3292.530273 0.000000 2867.837891 0.000000 0.589789 0.000000 -0.807557 1.485778 1.485778 1.485778
3292.965576 0.000000 2826.344971 0.000000 0.801303 0.000000 -0.598258 1.289799 1.289799 1.289799
3302.388916 0.000000 2834.379150 0.000000 0.996641 0.000000 0.081889 0.967253 0.967253 0.967253
3291.551025 0.000000 2866.215820 0.000000 0.999970 0.000000 -0.007789 1.004317 1.004317 1.004317
3291.927979 0.000000 2825.787354 0.000000 0.774815 0.000000 -0.632188 1.348549 1.348549 1.348549
3295.576416 0.000000 2798.568848 0.000000 0.262128 0.000000 -0.965033 1.723590 1.723590 1.723590
3293.527100 0.000000 2798.639160 0.000000 0.988329 0.000000 -0.152336 1.032453 1.032453 1.032453
3290.632812 0.000000 2829.327881 0.000000 0.845013 0.000000 -0.534745 1.198608 1.198608 1.198608
3298.678467 0.000000 2873.322998 0.000000 0.851187 0.000000 -0.524863 1.120015 1.120015 1.120015
3276.293213 0.000000 2808.062988 0.000000 0.374725 0.000000 -0.927136 1.287377 1.287377 1.287377
3296.783203 0.000000 2821.025635 0.000000 0.377015 0.000000 -0.926207 1.328169 1.328169 1.328169
3287.804932 0.000000 2866.952881 0.000000 0.613267 0.000000 -0.789876 1.268258 1.268258 1.268258
3309.045654 0.000000 2856.517334 0.000000 0.815583 0.000000 -0.578641 1.254186 1.254186 1.254186
3295.108887 0.000000 2831.114990 0.000000 0.151683 0.000000 -0.988429 1.786195 1.786195 1.786195
3289.522705 0.000000 2823.349609 0.000000 0.032150 0.000000 -0.999483 1.837402 1.837402 1.837402
3284.389648 0.000000 2795.318848 0.000000 0.860800 0.000000 -0.508943 1.162632 1.162632 1.162632
3295.753662 0.000000 2867.700684 0.000000 0.223184 0.000000 -0.974776 1.658491 1.658491 1.658491
3286.392334 0.000000 2866.226562 0.000000 0.344901 0.000000 -0.938639 1.359009 1.359009 1.359009
3295.003418 0.000000 2800.417969 0.000000 0.164031 0.000000 -0.986455 1.712570 1.712570 1.712570
3297.092041 0.000000 2805.819092 0.000000 0.628807 0.000000 -0.777561 1.371386 1.371386 1.371386
3310.509277 0.000000 2832.233643 0.000000 0.864483 0.000000 -0.502662 1.291901 1.291901 1.291901
3294.249512 0.000000 2803.891357 0.000000 0.850714 0.000000 -0.525629 1.214167 1.214167 1.214167
3292.054688 0.000000 2795.230713 0.000000 0.617122 0.000000 -0.786867 1.459016 1.459016 1.459016
3282.832275 0.000000 2865.522949 0.000000 0.965855 0.000000 -0.259085 1.060194 1.060194 1.060194
3290.997314 0.000000 2868.232422 0.000000 0.525165 0.000000 -0.851000 1.302403 1.302403 1.302403
3278.799316 0.000000 2815.267090 0.000000 0.705471 0.000000 -0.708739 1.436575 1.436575 1.436575
3294.878418 0.000000 2818.180908 0.000000 0.339969 0.000000 -0.940437 1.592778 1.592778 1.592778
3297.637451 0.000000 2796.101318 0.000000 0.163087 0.000000 -0.986612 1.453124 1.453124 1.453124
3299.812012 0.000000 2836.908447 0.000000 0.184813 0.000000 -0.982774 1.760651 1.760651 1.760651
3295.957520 0.000000 2823.098389 0.000000 0.749684 0.000000 -0.661796 1.400828 1.400828 1.400828
3306.775391 0.000000 2850.891357 0.000000 0.999705 0.000000 -0.024270 1.012059 1.012059 1.012059
3292.636719 0.000000 2866.860596 0.000000 0.661900 0.000000 -0.749592 1.437947 1.437947 1.437947
3286.143555 0.000000 2864.282715 0.000000 0.441465 0.000000 -0.897278 1.617175 1.617175 1.617175
3299.293457 0.000000 2810.079590 0.000000 0.420874 0.000000 -0.907119 1.629824 1.629824 1.629824
3303.348389 0.000000 2808.585449 0.000000 0.991337 0.000000 -0.131344 1.044067 1.044067 1.044067
3300.849609 0.000000 2835.323486 0.000000 0.866313 0.000000 -0.499501 1.259845 1.259845 1.259845
3276.013672 0.000000 2811.212891 0.000000 0.009841 0.000000 -0.999952 1.744327 1.744327 1.744327
3287.919189 0.000000 2865.118408 0.000000 0.213204 0.000000 -0.977008 1.751510 1.751510 1.751510
3297.636475 0.000000 2855.973145 0.000000 0.957945 0.000000 -0.286952 1.161306 1.161306 1.161306
3277.187256 0.000000 2812.546631 0.000000 0.317685 0.000000 -0.948196 1.585520 1.585520 1.585520
3304.929199 0.000000 2854.409668 0.000000 0.932733 0.000000 -0.360569 1.234835 1.234835 1.234835
3281.305176 0.000000 2809.387939 0.000000 0.204881 0.000000 -0.978787 1.425803 1.425803 1.425803
3294.973877 0.000000 2796.580078 0.000000 0.870851 0.000000 -0.491546 1.284801 1.284801 1.284801
3278.971680 0.000000 2817.201172 0.000000 0.243186 0.000000 -0.969980 1.330829 1.330829 1.330829
3301.110352 0.000000 2809.696533 0.000000 0.142352 0.000000 -0.989816 1.773598 1.773598 1.773598
3294.744873 0.000000 2824.598145 0.000000 0.615649 0.000000 -0.788020 1.335343 1.335343 1.335343
3279.510742 0.000000 2807.440918 0.000000 0.966770 0.000000 -0.255646 1.143278 1.143278 1.143278
3301.349854 0.000000 2854.256836 0.000000 0.999792 0.000000 -0.020411 1.011313 1.011313 1.011313
3299.774658 0.000000 2855.293457 0.000000 0.998852 0.000000 0.047908 0.977386 0.977386 0.977386
3280.668701 0.000000 2804.806152 0.000000 0.368615 0.000000 -0.929582 1.309824 1.309824 1.309824
3298.239258 0.000000 2802.903320 0.000000 0.419421 0.000000 -0.907792 1.326720 1.326720 1.326720
3301.526855 0.000000 2808.239258 0.000000 0.947550 0.000000 -0.319607 1.176240 1.176240 1.176240
3298.785400 0.000000 2808.174072 0.000000 0.409211 0.000000 -0.912440 1.573810 1.573810 1.573810
3298.327148 0.000000 2811.695801 0.000000 0.999990 0.000000 0.004371 0.997577 0.997577 0.997577
3280.478027 0.000000 2807.644287 0.000000 0.112589 0.000000 -0.993642 1.695218 1.695218 1.695218
3292.132568 0.000000 2876.760010 0.000000 0.370833 0.000000 -0.928699 1.353801 1.353801 1.353801
3288.291260 0.000000 2816.996338 0.000000 0.843884 0.000000 -0.536525 1.165418 1.165418 1.165418
3277.896484 0.000000 2809.458008 0.000000 0.273244 0.000000 -0.961945 1.313370 1.313370 1.313370
3300.058838 0.000000 2809.461182 0.000000 0.020759 0.000000 -0.999785 1.839733 1.839733 1.839733
3299.321289 0.000000 2852.734375 0.000000 0.319203 0.000000 -0.947686 1.348372 1.348372 1.348372
3295.224854 0.000000 2843.740234 0.000000 0.453590 0.000000 -0.891210 1.263637 1.263637 1.263637
3291.144531 0.000000 2869.400635 0.000000 0.390659 0.000000 -0.920535 1.347431 1.347431 1.347431
3279.787598 0.000000 2804.553223 0.000000 0.713412 0.000000 -0.700744 1.234549 1.234549 1.234549
3280.434570 0.000000 2809.062012 0.000000 0.304569 0.000000 -0.952490 1.393615 1.393615 1.393615
3290.726807 0.000000 2821.750244 0.000000 0.590456 0.000000 -0.807070 1.597896 1.597896 1.597896
3296.112549 0.000000 2800.541748 0.000000 0.889503 0.000000 -0.456929 1.263006 1.263006 1.263006
3292.134521 0.000000 2797.164795 0.000000 0.988873 0.000000 -0.148762 1.082756 1.082756 1.082756
3294.231201 0.000000 2821.143799 0.000000 0.998602 0.000000 0.052856 0.970692 0.970692 0.970692
3303.579590 0.000000 2837.486084 0.000000 0.592053 0.000000 -0.805899 1.416475 1.416475 1.416475
3293.495361 0.000000 2875.308105 0.000000 0.940676 0.000000 -0.339305 1.191864 1.191864 1.191864
3294.758789 0.000000 2801.994141 0.000000 0.902168 0.000000 -0.431384 1.226046 1.226046 1.226046
3299.536377 0.000000 2841.257568 0.000000 0.494814 0.000000 -0.868999 1.512714 1.512714 1.512714
3291.215576 0.000000 2822.938232 0.000000 0.994425 0.000000 -0.105443 1.059868 1.059868 1.059868
3296.683594 0.000000 2869.362061 0.000000 0.722982 0.000000 -0.690867 1.281805 1.281805 1.281805
3302.655273 0.000000 2809.959473 0.000000 0.886999 0.000000 -0.461772 1.160575 1.160575 1.160575
3287.960938 0.000000 2862.528564 0.000000 0.438448 0.000000 -0.898757 1.554903 1.554903 1.554903
3297.748535 0.000000 2804.757568 0.000000 0.969843 0.000000 -0.243729 1.102650 1.102650 1.102650
3296.136230 0.000000 2839.830078 0.000000 0.417954 0.000000 -0.908468 1.586086 1.586086 1.586086
3284.899902 0.000000 2793.051758 0.000000 0.283506 0.000000 -0.958971 1.711275 1.711275 1.711275
3290.680420 0.000000 2866.038086 0.000000 0.999556 0.000000 0.029779 0.983493 0.983493 0.983493
3294.183105 0.000000 2869.921875 0.000000 0.841880 0.000000 -0.539664 1.315934 1.315934 1.315934
3292.451904 0.000000 2832.834717 0.000000 0.297255 0.000000 -0.954798 1.380168 1.380168 1.380168
3285.856201 0.000000 2795.480225 0.000000 0.375999 0.000000 -0.926620 1.361024 1.361024 1.361024
3297.135742 0.000000 2822.777344 0.000000 0.993330 0.000000 -0.115306 1.064049 1.064049 1.064049
3293.523438 0.000000 2794.388184 0.000000 0.486891 0.000000 -0.873463 1.538357 1.538357 1.538357
3285.895264 0.000000 2860.334229 0.000000 0.776842 0.000000 -0.629696 1.255083 1.255083 1.255083
3296.902100 0.000000 2810.812012 0.000000 0.768096 0.000000 -0.640335 1.215132 1.215132 1.215132
3285.522949 0.000000 2861.531738 0.000000 0.749599 0.000000 -0.661892 1.270878 1.270878 1.270878
3296.089844 0.000000 2809.739258 0.000000 0.960406 0.000000 -0.278603 1.078241 1.078241 1.078241
3297.478027 0.000000 2821.855957 0.000000 0.488720 0.000000 -0.872441 1.293792 1.293792 1.293792
3294.599854 0.000000 2871.344238 0.000000 0.071899 0.000000 -0.997412 1.725932 1.725932 1.725932
3298.978760 0.000000 2825.731445 0.000000 0.852154 0.000000 -0.523290 1.222729 1.222729 1.222729
3302.147461 0.000000 2835.208008 0.000000 0.811321 0.000000 -0.584600 1.249410 1.249410 1.249410
3290.014404 0.000000 2827.644287 0.000000 0.999955 0.000000 0.009538 0.994713 0.994713 0.994713
3288.676025 0.000000 2820.416260 0.000000 0.278938 0.000000 -0.960309 1.659244 1.659244 1.659244
3283.490723 0.000000 2863.284424 0.000000 0.027633 0.000000 -0.999618 1.666495 1.666495 1.666495
3301.659424 0.000000 2838.959961 0.000000 0.565202 0.000000 -0.824952 1.462592 1.462592 1.462592
3300.579346 0.000000 2852.922607 0.000000 0.504036 0.000000 -0.863683 1.569998 1.569998 1.569998
3303.070557 0.000000 2854.010986 0.000000 0.944282 0.000000 -0.329136 1.211840 1.211840 1.211840
3291.360840 0.000000 2828.861084 0.000000 0.323651 0.000000 -0.946177 1.436923 1.436923 1.436923
3278.986816 0.000000 2812.998535 0.000000 0.411016 0.000000 -0.911628 1.635832 1.635832 1.635832
3283.388672 0.000000 2793.971680 0.000000 0.981738 0.000000 -0.190239 1.106084 1.106084 1.106084
3299.793213 0.000000 2824.079590 0.000000 0.453666 0.000000 -0.891172 1.444853 1.444853 1.444853
3284.311768 0.000000 2864.453369 0.000000 0.114766 0.000000 -0.993393 1.603313 1.603313 1.603313
3308.201172 0.000000 2857.864502 0.000000 0.457450 0.000000 -0.889235 1.451340 1.451340 1.451340
3306.177246 0.000000 2853.028564 0.000000 0.998656 0.000000 -0.051826 1.033008 1.033008 1.033008
3294.372803 0.000000 2822.761963 0.000000 0.943767 0.000000 -0.330610 1.186749 1.186749 1.186749
3277.860107 0.000000 2812.033203 0.000000 0.625018 0.000000 -0.780611 1.420371 1.420371 1.420371
3292.302490 0.000000 2818.521484 0.000000 0.080532 0.000000 -0.996752 1.948676 1.948676 1.948676
3296.304443 0.000000 2799.033203 0.000000 0.996201 0.000000 -0.087080 1.039181 1.039181 1.039181
3296.560059 0.000000 2799.835449 0.000000 0.776499 0.000000 -0.630118 1.306344 1.306344 1.306344
3303.352295 0.000000 2850.436279 0.000000 0.365238 0.000000 -0.930914 1.693248 1.693248 1.693248
3295.531494 0.000000 2871.051514 0.000000 0.847684 0.000000 -0.530501 1.270834 1.270834 1.270834
3281.746338 0.000000 2806.357178 0.000000 0.483153 0.000000 -0.875536 1.508572 1.508572 1.508572
3308.874023 0.000000 2853.140137 0.000000 0.998943 0.000000 -0.045966 1.029273 1.029273 1.029273
3306.779297 0.000000 2852.241211 0.000000 0.696759 0.000000 -0.717305 1.509249 1.509249 1.509249
3298.958496 0.000000 2824.131104 0.000000 0.792990 0.000000 -0.609235 1.264947 1.264947 1.264947
3294.617188 0.000000 2797.391846 0.000000 0.213012 0.000000 -0.977050 1.751618 1.751618 1.751618
3295.168457 0.000000 2803.925293 0.000000 0.984349 0.000000 -0.176231 1.068553 1.068553 1.068553
3293.355957 0.000000 2821.002441 0.000000 0.449348 0.000000 -0.893357 1.612296 1.612296 1.612296
3299.414062 0.000000 2838.556885 0.000000 0.857710 0.000000 -0.514134 1.299285 1.299285 1.299285
3285.161377 0.000000 2791.777832 0.000000 0.999966 0.000000 -0.008216 1.003466 1.003466 1.003466
3300.091064 0.000000 2811.197266 0.000000 0.008313 0.000000 -0.999965 1.865981 1.865981 1.865981
3278.877686 0.000000 2807.965088 0.000000 0.940976 0.000000 -0.338474 1.191374 1.191374 1.191374
3279.283691 0.000000 2806.402832 0.000000 0.993921 0.000000 -0.110093 1.061141 1.061141 1.061141
3284.127197 0.000000 2862.666748 0.000000 0.032689 0.000000 -0.999466 1.852468 1.852468 1.852468
3297.326660 0.000000 2857.301758 0.000000 0.979072 0.000000 -0.203516 1.081354 1.081354 1.081354
3298.539795 0.000000 2824.927002 0.000000 0.359114 0.000000 -0.933294 1.486735 1.486735 1.486735
3296.165283 0.000000 2824.850586 0.000000 0.948582 0.000000 -0.316533 1.178503 1.178503 1.178503
3303.977295 0.000000 2810.491455 0.000000 0.741115 0.000000 -0.671378 1.282994 1.282994 1.282994
3309.057617 0.000000 2851.535400 0.000000 0.650689 0.000000 -0.759344 1.342293 1.342293 1.342293
3309.597900 0.000000 2836.109619 0.000000 0.871613 0.000000 -0.490194 1.230222 1.230222 1.230222
3277.308105 0.000000 2814.895996 0.000000 0.799772 0.000000 -0.600303 1.287739 1.287739 1.287739
3298.356934 0.000000 2855.578857 0.000000 0.998308 0.000000 -0.058146 1.027452 1.027452 1.027452
3294.157471 0.000000 2794.927246 0.000000 0.814984 0.000000 -0.579483 1.293190 1.293190 1.293190
3351.211426 0.000000 2865.500977 0.000000 0.838321 0.000000 -0.545177 1.023032 1.023032 1.023032
3323.550293 0.000000 2853.505859 0.000000 0.856179 0.000000 -0.516679 1.345664 1.345664 1.345664
3313.197510 0.000000 2853.233887 0.000000 0.994457 0.000000 -0.105141 1.034713 1.034713 1.034713
3355.491699 0.000000 2864.741699 0.000000 0.782213 0.000000 -0.623011 1.041979 1.041979 1.041979
3312.725098 0.000000 2833.090820 0.000000 0.789562 0.000000 -0.613670 1.207834 1.207834 1.207834
3314.013672 0.000000 2850.623291 0.000000 0.998033 0.000000 -0.062684 1.034764 1.034764 1.034764
3325.706055 0.000000 2855.541992 0.000000 0.662759 0.000000 -0.748832 1.538770 1.538770 1.538770
3317.312500 0.000000 2853.952148 0.000000 0.614796 0.000000 -0.788686 1.133844 1.133844 1.133844
3322.877686 0.000000 2851.242676 0.000000 0.999617 0.000000 -0.027683 1.017626 1.017626 1.017626
3315.426758 0.000000 2852.601074 0.000000 0.356035 0.000000 -0.934473 1.337431 1.337431 1.337431
3333.974365 0.000000 2870.118896 0.000000 0.984821 0.000000 -0.173576 1.029182 1.029182 1.029182
3336.067627 0.000000 2878.151611 0.000000 0.285834 0.000000 -0.958279 1.383745 1.383745 1.383745
3313.150635 0.000000 2855.518799 0.000000 0.842590 0.000000 -0.538556 1.183160 1.183160 1.183160
3313.369385 0.000000 2859.424805 0.000000 0.942695 0.000000 -0.333657 1.043313 1.043313 1.043313
3324.560059 0.000000 2857.064941 0.000000 0.127570 0.000000 -0.991830 1.799692 1.799692 1.799692
3353.810791 0.000000 2865.614502 0.000000 0.412396 0.000000 -0.911005 1.114413 1.114413 1.114413
3352.808105 0.000000 2871.692871 0.000000 0.797604 0.000000 -0.603182 1.160031 1.160031 1.160031
3317.330566 0.000000 2847.087646 0.000000 0.297527 0.000000 -0.954714 1.338907 1.338907 1.338907
3320.600586 0.000000 2847.445801 0.000000 0.341254 0.000000 -0.939971 1.103773 1.103773 1.103773
3324.075928 0.000000 2848.441895 0.000000 0.741460 0.000000 -0.670997 1.174453 1.174453 1.174453
3335.685547 0.000000 2868.163574 0.000000 0.991155 0.000000 -0.132709 1.011963 1.011963 1.011963
3313.486328 0.000000 2848.113525 0.000000 0.240041 0.000000 -0.970763 1.258678 1.258678 1.258678
3325.240723 0.000000 2853.886963 0.000000 0.503458 0.000000 -0.864020 1.664122 1.664122 1.664122
3315.800293 0.000000 2846.357422 0.000000 0.894352 0.000000 -0.447364 1.092635 1.092635 1.092635
3326.918213 0.000000 2856.837402 0.000000 0.130029 0.000000 -0.991510 1.535808 1.535808 1.535808
3315.522705 0.000000 2849.875732 0.000000 0.128806 0.000000 -0.991670 1.799001 1.799001 1.799001
3311.678955 0.000000 2859.644287 0.000000 0.017790 0.000000 -0.999842 1.244261 1.244261 1.244261
3322.098389 0.000000 2849.748291 0.000000 0.999931 0.000000 -0.011791 1.003827 1.003827 1.003827
3320.303955 0.000000 2848.978516 0.000000 0.995467 0.000000 -0.095108 1.044944 1.044944 1.044944
3312.107666 0.000000 2835.542480 0.000000 0.169102 0.000000 -0.985599 1.776414 1.776414 1.776414
3333.843262 0.000000 2871.622070 0.000000 0.885769 0.000000 -0.464126 1.080732 1.080732 1.080732
3334.998047 0.000000 2875.739746 0.000000 0.973379 0.000000 -0.229203 1.128171 1.128171 1.128171
3333.563965 0.000000 2878.271240 0.000000 0.427326 0.000000 -0.904098 1.465178 1.465178 1.465178
3311.780273 0.000000 2853.022217 0.000000 0.962475 0.000000 -0.271370 1.174953 1.174953 1.174953
3323.594238 0.000000 2849.993164 0.000000 0.205937 0.000000 -0.978565 1.442485 1.442485 1.442485
3352.892090 0.000000 2870.322266 0.000000 0.779101 0.000000 -0.626898 1.167466 1.167466 1.167466
3315.236816 0.000000 2851.229248 0.000000 0.448902 0.000000 -0.893581 1.612572 1.612572 1.612572
3337.343750 0.000000 2874.908447 0.000000 0.636131 0.000000 -0.771581 1.112214 1.112214 1.112214
3311.680176 0.000000 2837.856934 0.000000 0.998327 0.000000 0.057824 0.967934 0.967934 0.967934
3337.081299 0.000000 2879.023438 0.000000 0.627548 0.000000 -0.778578 1.267349 1.267349 1.267349
3313.888184 0.000000 2837.625244 0.000000 0.815426 0.000000 -0.578861 1.342146 1.342146 1.342146
3325.354492 0.000000 2848.851562 0.000000 0.835875 0.000000 -0.548920 1.137814 1.137814 1.137814
3352.888428 0.000000 2868.180420 0.000000 0.999971 0.000000 0.007613 0.995781 0.995781 0.995781
3324.536621 0.000000 2854.962158 0.000000 0.574607 0.000000 -0.818429 1.610310 1.610310 1.610310
3313.857178 0.000000 2832.437012 0.000000 0.808606 0.000000 -0.588350 1.197867 1.197867 1.197867
3321.610596 0.000000 2851.343262 0.000000 0.774360 0.000000 -0.632745 1.379702 1.379702 1.379702
3314.269775 0.000000 2852.130127 0.000000 0.711365 0.000000 -0.702823 1.217919 1.217919 1.217919
3337.906250 0.000000 2870.187012 0.000000 0.993666 0.000000 -0.112376 1.043577 1.043577 1.043577
3323.703125 0.000000 2852.153564 0.000000 0.329781 0.000000 -0.944057 1.786050 1.786050 1.786050
3336.506104 0.000000 2871.413818 0.000000 0.991062 0.000000 -0.133399 1.051775 1.051775 1.051775
3334.510010 0.000000 2873.145752 0.000000 0.027580 0.000000 -0.999620 1.855300 1.855300 1.855300
3332.780518 0.000000 2870.387451 0.000000 0.697585 0.000000 -0.716502 1.133610 1.133610 1.133610
3313.655029 0.000000 2854.419678 0.000000 0.947923 0.000000 -0.318499 1.104393 1.104393 1.104393
3324.211670 0.000000 2851.057861 0.000000 0.440958 0.000000 -0.897528 1.709277 1.709277 1.709277
3332.686768 0.000000 2879.382568 0.000000 0.123372 0.000000 -0.992361 1.596108 1.596108 1.596108
3323.639160 0.000000 2857.843506 0.000000 0.995514 0.000000 -0.094611 1.017268 1.017268 1.017268
3351.467285 0.000000 2868.126221 0.000000 0.921431 0.000000 -0.388541 1.076711 1.076711 1.076711
3323.476074 0.000000 2856.733643 0.000000 0.967343 0.000000 -0.253471 1.046704 1.046704 1.046704
3313.652588 0.000000 2833.697266 0.000000 0.473047 0.000000 -0.881037 1.339117 1.339117 1.339117
3313.119385 0.000000 2856.644287 0.000000 0.727250 0.000000 -0.686373 1.341839 1.341839 1.341839
3326.102295 0.000000 2852.235840 0.000000 0.345454 0.000000 -0.938436 1.775450 1.775450 1.775450
3322.446289 0.000000 2852.244141 0.000000 0.946502 0.000000 -0.322697 1.209179 1.209179 1.209179
3326.294189 0.000000 2854.056885 0.000000 0.812551 0.000000 -0.582890 1.396157 1.396157 1.396157
3324.518555 0.000000 2853.076660 0.000000 0.998559 0.000000 -0.053661 1.034178 1.034178 1.034178
3317.708252 0.000000 2850.193848 0.000000 0.991927 0.000000 -0.126811 1.050156 1.050156 1.050156
3327.385986 0.000000 2855.794922 0.000000 0.906324 0.000000 -0.422584 1.277753 1.277753 1.277753
3314.544678 0.000000 2853.162109 0.000000 0.470292 0.000000 -0.882511 1.302311 1.302311 1.302311
3335.544678 0.000000 2873.120605 0.000000 0.859160 0.000000 -0.511706 1.297718 1.297718 1.297718
3334.720703 0.000000 2870.987305 0.000000 0.595873 0.000000 -0.803079 1.516792 1.516792 1.516792
3319.801270 0.000000 2849.889160 0.000000 0.125927 0.000000 -0.992039 1.800609 1.800609 1.800609
3313.604980 0.000000 2836.048584 0.000000 0.851208 0.000000 -0.524828 1.306221 1.306221 1.306221
3332.256348 0.000000 2873.016846 0.000000 0.978042 0.000000 -0.208410 1.065518 1.065518 1.065518
3335.614014 0.000000 2879.148193 0.000000 0.709831 0.000000 -0.704372 1.433155 1.433155 1.433155
3323.356445 0.000000 2854.490723 0.000000 0.708946 0.000000 -0.705263 1.248194 1.248194 1.248194
3318.356445 0.000000 2851.033447 0.000000 0.697226 0.000000 -0.716852 1.349201 1.349201 1.349201
3336.766846 0.000000 2870.468018 0.000000 0.413559 0.000000 -0.910477 1.442857 1.442857 1.442857
3327.208984 0.000000 2852.211670 0.000000 0.422008 0.000000 -0.906592 1.722651 1.722651 1.722651
3324.314453 0.000000 2854.044678 0.000000 0.003491 0.000000 -0.999994 1.997777 1.997777 1.997777
3312.179199 0.000000 2855.255371 0.000000 0.981887 0.000000 -0.189468 1.061390 1.061390 1.061390
3326.489746 0.000000 2856.023438 0.000000 0.999969 0.000000 0.007917 0.997055 0.997055 0.997055
3329.934082 0.000000 2855.809082 0.000000 0.676784 0.000000 -0.736182 1.299523 1.299523 1.299523
3337.081543 0.000000 2873.974365 0.000000 0.723114 0.000000 -0.690728 1.247469 1.247469 1.247469
3312.047119 0.000000 2832.494141 0.000000 0.194816 0.000000 -0.980840 1.432441 1.432441 1.432441
3323.196045 0.000000 2848.075439 0.000000 0.144686 0.000000 -0.989478 1.462680 1.462680 1.462680
3321.163574 0.000000 2849.726074 0.000000 0.574280 0.000000 -0.818659 1.452536 1.452536 1.452536
3317.672607 0.000000 2851.906250 0.000000 0.094913 0.000000 -0.995486 1.582112 1.582112 1.582112
3354.901611 0.000000 2872.800049 0.000000 0.788935 0.000000 -0.614477 1.236239 1.236239 1.236239
3313.095459 0.000000 2850.808594 0.000000 0.999970 0.000000 -0.007721 1.003470 1.003470 1.003470
3334.770752 0.000000 2877.454590 0.000000 0.936461 0.000000 -0.350772 1.198635 1.198635 1.198635
3332.803223 0.000000 2877.778564 0.000000 0.487067 0.000000 -0.873365 1.556816 1.556816 1.556816
3333.522949 0.000000 2873.821289 0.000000 0.999836 0.000000 0.018131 0.994342 0.994342 0.994342
3336.084717 0.000000 2872.165283 0.000000 0.109046 0.000000 -0.994037 1.474342 1.474342 1.474342
3321.658203 0.000000 2850.483154 0.000000 0.997110 0.000000 0.075971 0.957854 0.957854 0.957854
3334.185303 0.000000 2875.978516 0.000000 0.708752 0.000000 -0.705458 1.434003 1.434003 1.434003
3355.694580 0.000000 2867.179932 0.000000 0.398222 0.000000 -0.917289 1.446452 1.446452 1.446452
3333.343018 0.000000 2876.500244 0.000000 0.174089 0.000000 -0.984730 1.731791 1.731791 1.731791
3333.529297 0.000000 2879.139893 0.000000 0.732474 0.000000 -0.680795 1.308473 1.308473 1.308473
3332.642334 0.000000 2875.989746 0.000000 0.935790 0.000000 -0.352558 1.179003 1.179003 1.179003
3326.466553 0.000000 2857.570068 0.000000 0.636698 0.000000 -0.771113 1.327566 1.327566 1.327566
3314.678223 0.000000 2850.022217 0.000000 0.994272 0.000000 -0.106879 1.059350 1.059350 1.059350
3335.627441 0.000000 2871.340820 0.000000 0.772105 0.000000 -0.635495 1.381673 1.381673 1.381673
3334.827393 0.000000 2870.154053 0.000000 0.686077 0.000000 -0.727529 1.451542 1.451542 1.451542
3320.847168 0.000000 2848.243896 0.000000 0.343886 0.000000 -0.939011 1.575533 1.575533 1.575533
3313.472656 0.000000 2852.431641 0.000000 0.711213 0.000000 -0.702977 1.256904 1.256904 1.256904
3322.710938 0.000000 2855.179688 0.000000 0.520622 0.000000 -0.853787 1.324423 1.324423 1.324423
3312.785400 0.000000 2836.095947 0.000000 0.715821 0.000000 -0.698284 1.428421 1.428421 1.428421
3332.639160 0.000000 2875.172852 0.000000 0.049518 0.000000 -0.998773 1.755781 1.755781 1.755781
3313.439453 0.000000 2850.036377 0.000000 0.918729 0.000000 -0.394889 1.182424 1.182424 1.182424
3313.806152 0.000000 2851.411377 0.000000 0.019178 0.000000 -0.999816 1.697264 1.697264 1.697264
3355.125488 0.000000 2870.311279 0.000000 0.999171 0.000000 -0.040700 1.022564 1.022564 1.022564
3356.693115 0.000000 2870.380127 0.000000 0.899358 0.000000 -0.437212 1.250789 1.250789 1.250789
3187.910400 0.000000 2971.493164 0.000000 0.980258 0.000000 -0.197723 1.087951 1.087951 1.087951
3223.780518 0.000000 2929.985596 0.000000 0.499627 0.000000 -0.866241 1.039232 1.039232 1.039232
3193.979492 0.000000 2969.593262 0.000000 0.177200 0.000000 -0.984175 1.601492 1.601492 1.601492
3219.528809 0.000000 2934.835693 0.000000 0.872563 0.000000 -0.488501 1.240817 1.240817 1.240817
3200.802734 0.000000 2960.000488 0.000000 0.367804 0.000000 -0.929903 1.375638 1.375638 1.375638
3223.569336 0.000000 2932.956055 0.000000 0.388553 0.000000 -0.921427 1.649416 1.649416 1.649416
3196.069336 0.000000 2970.232910 0.000000 0.998912 0.000000 0.046635 0.991498 0.991498 0.991498
3193.747070 0.000000 2967.418945 0.000000 0.588120 0.000000 -0.808774 1.522124 1.522124 1.522124
3187.306152 0.000000 2969.394287 0.000000 0.633376 0.000000 -0.773844 1.053020 1.053020 1.053020
3185.129395 0.000000 2972.113525 0.000000 0.790059 0.000000 -0.613030 1.365734 1.365734 1.365734
3225.539551 0.000000 2928.766602 0.000000 0.173163 0.000000 -0.984893 1.414961 1.414961 1.414961
3178.274414 0.000000 2974.335205 0.000000 0.417948 0.000000 -0.908471 1.113804 1.113804 1.113804
3229.321289 0.000000 2930.434570 0.000000 0.423261 0.000000 -0.906008 1.181150 1.181150 1.181150
3207.043945 0.000000 2966.845703 0.000000 0.410087 0.000000 -0.912047 1.128999 1.128999 1.128999
3232.649414 0.000000 2923.897705 0.000000 0.580596 0.000000 -0.814192 1.396634 1.396634 1.396634
3200.714844 0.000000 2964.397217 0.000000 0.940709 0.000000 -0.339213 1.083809 1.083809 1.083809
3216.756592 0.000000 2963.663330 0.000000 0.888304 0.000000 -0.459256 1.042885 1.042885 1.042885
3211.315186 0.000000 2965.029053 0.000000 0.195797 0.000000 -0.980644 1.682485 1.682485 1.682485
3224.358154 0.000000 2934.842773 0.000000 0.908510 0.000000 -0.417864 1.085023 1.085023 1.085023
3208.101318 0.000000 2963.139648 0.000000 0.998508 0.000000 -0.054597 1.005046 1.005046 1.005046
3238.535889 0.000000 2915.505371 0.000000 0.406402 0.000000 -0.913695 1.161097 1.161097 1.161097
3238.878418 0.000000 2911.975586 0.000000 0.999973 0.000000 -0.007349 1.000587 1.000587 1.000587
3217.287842 0.000000 2966.389648 0.000000 0.654107 0.000000 -0.756402 1.447579 1.447579 1.447579
3184.035400 0.000000 2973.403320 0.000000 0.725670 0.000000 -0.688043 1.420546 1.420546 1.420546
3219.168701 0.000000 2969.795654 0.000000 0.947402 0.000000 -0.320045 1.046359 1.046359 1.046359
3194.537842 0.000000 2962.395996 0.000000 0.456305 0.000000 -0.889824 1.131453 1.131453 1.131453
3199.797607 0.000000 2966.040771 0.000000 0.999820 0.000000 0.018950 0.987983 0.987983 0.987983
3225.711182 0.000000 2950.998535 0.000000 0.177245 0.000000 -0.984167 1.771831 1.771831 1.771831
3226.945312 0.000000 2930.733154 0.000000 0.389144 0.000000 -0.921177 1.649060 1.649060 1.649060
3235.224365 0.000000 2922.252930 0.000000 0.632364 0.000000 -0.774672 1.491159 1.491159 1.491159
3191.666016 0.000000 2966.469971 0.000000 0.124496 0.000000 -0.992220 1.169668 1.169668 1.169668
3184.396240 0.000000 2975.310059 0.000000 0.194848 0.000000 -0.980833 1.600598 1.600598 1.600598
3197.470947 0.000000 2968.589355 0.000000 0.573051 0.000000 -0.819520 1.321348 1.321348 1.321348
3236.267090 0.000000 2923.724609 0.000000 0.976170 0.000000 -0.217009 1.121238 1.121238 1.121238
3219.906982 0.000000 2964.852783 0.000000 0.995324 0.000000 -0.096593 1.041784 1.041784 1.041784
3184.373291 0.000000 2970.689941 0.000000 0.999988 0.000000 0.004985 0.999365 0.999365 0.999365
3209.736816 0.000000 2965.137451 0.000000 0.445871 0.000000 -0.895097 1.614451 1.614451 1.614451
3214.910645 0.000000 2966.805176 0.000000 0.724410 0.000000 -0.689369 1.212679 1.212679 1.212679
3213.762695 0.000000 2964.462891 0.000000 0.730907 0.000000 -0.682477 1.416311 1.416311 1.416311
3211.914795 0.000000 2966.492676 0.000000 0.304688 0.000000 -0.952452 1.440805 1.440805 1.440805
3199.232910 0.000000 2968.486816 0.000000 0.999719 0.000000 -0.023685 1.013128 1.013128 1.013128
3239.037109 0.000000 2918.784424 0.000000 0.082662 0.000000 -0.996578 1.215468 1.215468 1.215468
3229.677490 0.000000 2931.915283 0.000000 0.554680 0.000000 -0.832064 1.157034 1.157034 1.157034
3227.914795 0.000000 2953.337891 0.000000 0.995228 0.000000 -0.097573 1.016103 1.016103 1.016103
3199.669922 0.000000 2961.024658 0.000000 0.949537 0.000000 -0.313654 1.097172 1.097172 1.097172
3225.298340 0.000000 2930.182129 0.000000 0.744986 0.000000 -0.667080 1.404747 1.404747 1.404747
3221.749023 0.000000 2948.554688 0.000000 0.771883 0.000000 -0.635765 1.137610 1.137610 1.137610
3206.514160 0.000000 2965.225586 0.000000 0.950581 0.000000 -0.310478 1.042560 1.042560 1.042560
3233.511719 0.000000 2925.097412 0.000000 0.993014 0.000000 -0.117993 1.015354 1.015354 1.015354
3195.218262 0.000000 2968.829590 0.000000 0.999570 0.000000 0.029337 0.988133 0.988133 0.988133
3224.096680 0.000000 2931.563232 0.000000 0.067370 0.000000 -0.997728 1.833221 1.833221 1.833221
3200.413818 0.000000 2969.225586 0.000000 0.828201 0.000000 -0.560431 1.304468 1.304468 1.304468
3225.654297 0.000000 2935.490234 0.000000 0.418022 0.000000 -0.908437 1.224746 1.224746 1.224746
3224.971680 0.000000 2932.937012 0.000000 0.164147 0.000000 -0.986436 1.779199 1.779199 1.779199
3193.359375 0.000000 2970.892822 0.000000 0.972652 0.000000 -0.232267 1.063203 1.063203 1.063203
3222.237549 0.000000 2933.394775 0.000000 0.999771 0.000000 -0.021423 1.011874 1.011874 1.011874
3195.845947 0.000000 2962.057373 0.000000 0.984535 0.000000 -0.175190 1.021103 1.021103 1.021103
3222.666504 0.000000 2949.546143 0.000000 0.996927 0.000000 0.078335 0.956540 0.956540 0.956540
3232.216064 0.000000 2925.250488 0.000000 0.579316 0.000000 -0.815103 1.123707 1.123707 1.123707
3199.542725 0.000000 2963.747314 0.000000 0.998499 0.000000 0.054768 0.969631 0.969631 0.969631
3201.023682 0.000000 2961.405273 0.000000 0.210919 0.000000 -0.977504 1.427268 1.427268 1.427268
3212.975098 0.000000 2967.320068 0.000000 0.974782 0.000000 -0.223158 1.071356 1.071356 1.071356
3223.121582 0.000000 2934.333252 0.000000 0.962535 0.000000 -0.271156 1.137793 1.137793 1.137793
3208.904053 0.000000 2964.164795 0.000000 0.932815 0.000000 -0.360355 1.204318 1.204318 1.204318
3227.221924 0.000000 2933.729004 0.000000 0.973400 0.000000 -0.229112 1.064637 1.064637 1.064637
3220.647461 0.000000 2951.062256 0.000000 0.103047 0.000000 -0.994676 1.304100 1.304100 1.304100
3234.027100 0.000000 2922.750732 0.000000 0.998983 0.000000 0.045097 0.974997 0.974997 0.974997
3193.921875 0.000000 2966.171387 0.000000 0.942426 0.000000 -0.334416 1.188986 1.188986 1.188986
3197.051025 0.000000 2966.784912 0.000000 0.007085 0.000000 -0.999975 1.776872 1.776872 1.776872
3213.618164 0.000000 2962.922119 0.000000 0.944060 0.000000 -0.329773 1.084739 1.084739 1.084739
3186.341553 0.000000 2971.930176 0.000000 0.139176 0.000000 -0.990268 1.632417 1.632417 1.632417
3215.586426 0.000000 2964.198486 0.000000 0.196647 0.000000 -0.980474 1.760885 1.760885 1.760885
3190.525635 0.000000 2969.130127 0.000000 0.345363 0.000000 -0.938469 1.675151 1.675151 1.675151
3198.248291 0.000000 2961.884277 0.000000 0.875883 0.000000 -0.482523 1.153365 1.153365 1.153365
3221.688965 0.000000 2966.667969 0.000000 0.677068 0.000000 -0.735921 1.404683 1.404683 1.404683
3198.145264 0.000000 2965.879395 0.000000 0.768603 0.000000 -0.639726 1.256478 1.256478 1.256478
3226.920654 0.000000 2950.842773 0.000000 0.635290 0.000000 -0.772274 1.288591 1.288591 1.288591
3228.144531 0.000000 2930.641357 0.000000 0.181463 0.000000 -0.983398 1.221825 1.221825 1.221825
3226.421143 0.000000 2929.592529 0.000000 0.357588 0.000000 -0.933880 1.502440 1.502440 1.502440
3214.556885 0.000000 2965.450684 0.000000 0.860998 0.000000 -0.508609 1.295722 1.295722 1.295722
3197.240479 0.000000 2969.955811 0.000000 0.067722 0.000000 -0.997704 1.502817 1.502817 1.502817
3216.102783 0.000000 2966.581543 0.000000 0.997819 0.000000 0.066009 0.965533 0.965533 0.965533
3195.965820 0.000000 2964.940918 0.000000 0.636508 0.000000 -0.771270 1.248492 1.248492 1.248492
3199.400635 0.000000 2967.263672 0.000000 0.948143 0.000000 -0.317844 1.205110 1.205110 1.205110
3195.942627 0.000000 2966.555908 0.000000 0.231949 0.000000 -0.972728 1.740853 1.740853 1.740853
3185.715576 0.000000 2973.077393 0.000000 0.934263 0.000000 -0.356584 1.202079 1.202079 1.202079
3237.406494 0.000000 2923.488525 0.000000 0.163422 0.000000 -0.986556 1.779606 1.779606 1.779606
3194.088379 0.000000 2968.465576 0.000000 0.277932 0.000000 -0.960601 1.521387 1.521387 1.521387
3187.319092 0.000000 2970.518799 0.000000 0.795893 0.000000 -0.605438 1.287367 1.287367 1.287367
3215.812744 0.000000 2962.937256 0.000000 0.822068 0.000000 -0.569390 1.166355 1.166355 1.166355
3211.239746 0.000000 2967.318115 0.000000 0.268868 0.000000 -0.963177 1.453875 1.453875 1.453875
3214.665527 0.000000 2967.826904 0.000000 0.126711 0.000000 -0.991940 1.403690 1.403690 1.403690
3232.214600 0.000000 2922.895996 0.000000 0.110279 0.000000 -0.993901 1.608830 1.608830 1.608830
3214.400146 0.000000 2962.210938 0.000000 0.583447 0.000000 -0.812151 1.260293 1.260293 1.260293
3196.560791 0.000000 2963.334961 0.000000 0.679340 0.000000 -0.733823 1.195414 1.195414 1.195414
3218.511230 0.000000 2934.650391 0.000000 0.919944 0.000000 -0.392050 1.190088 1.190088 1.190088
3210.361084 0.000000 2962.467041 0.000000 0.122091 0.000000 -0.992519 1.329056 1.329056 1.329056
3219.005127 0.000000 2964.216797 0.000000 0.873907 0.000000 -0.486093 1.219240 1.219240 1.219240
3218.176514 0.000000 2937.084229 0.000000 0.184401 0.000000 -0.982851 1.767799 1.767799 1.767799
3220.784668 0.000000 2965.464844 0.000000 0.971402 0.000000 -0.237439 1.087380 1.087380 1.087380
3236.071045 0.000000 2922.756592 0.000000 1.000000 0.000000 -0.000172 1.000095 1.000095 1.000095
3217.628418 0.000000 2967.304199 0.000000 0.008143 0.000000 -0.999967 1.815359 1.815359 1.815359
3192.782471 0.000000 2966.452393 0.000000 0.548254 0.000000 -0.836312 1.548980 1.548980 1.548980
3187.204834 0.000000 2974.028564 0.000000 0.985602 0.000000 -0.169080 1.067016 1.067016 1.067016
3225.644287 0.000000 2951.957520 0.000000 0.504745 0.000000 -0.863268 1.577351 1.577351 1.577351
3225.483398 0.000000 2948.596191 0.000000 0.953404 0.000000 -0.301696 1.153789 1.153789 1.153789
3200.177734 0.000000 2961.897461 0.000000 0.999496 0.000000 -0.031755 1.009991 1.009991 1.009991
3220.835938 0.000000 2936.951416 0.000000 0.516198 0.000000 -0.856470 1.569969 1.569969 1.569969
3235.131348 0.000000 2921.271973 0.000000 0.969386 0.000000 -0.245541 1.097856 1.097856 1.097856
3222.668701 0.000000 2930.127686 0.000000 0.344765 0.000000 -0.938689 1.444251 1.444251 1.444251
3210.574951 0.000000 2965.707520 0.000000 0.861863 0.000000 -0.507142 1.264238 1.264238 1.264238
3194.024658 0.000000 2965.089600 0.000000 0.208350 0.000000 -0.978054 1.383926 1.383926 1.383926
3227.068604 0.000000 2931.700684 0.000000 0.583366 0.000000 -0.812210 1.525375 1.525375 1.525375
3191.256104 0.000000 2970.169678 0.000000 0.808089 0.000000 -0.589060 1.287779 1.287779 1.287779
3198.920898 0.000000 2966.440674 0.000000 0.262556 0.000000 -0.964917 1.827611 1.827611 1.827611
3199.094971 0.000000 2960.258789 0.000000 0.376097 0.000000 -0.926580 1.360992 1.360992 1.360992
3197.758789 0.000000 2964.930420 0.000000 0.817175 0.000000 -0.576390 1.340468 1.340468 1.340468
3237.829834 0.000000 2921.933838 0.000000 0.607380 0.000000 -0.794411 1.483596 1.483596 1.483596
3198.296631 0.000000 2968.147461 0.000000 0.153530 0.000000 -0.988144 1.785159 1.785159 1.785159
3219.974365 0.000000 2936.545410 0.000000 0.989467 0.000000 -0.144756 1.080512 1.080512 1.080512
3187.628906 0.000000 2972.377197 0.000000 0.999977 0.000000 0.006820 0.996220 0.996220 0.996220
3224.555908 0.000000 2930.742432 0.000000 0.987943 0.000000 -0.154817 1.086151 1.086151 1.086151
3226.015381 0.000000 2930.830566 0.000000 0.930869 0.000000 -0.365354 1.207291 1.207291 1.207291
3208.850830 0.000000 2965.405273 0.000000 0.743589 0.000000 -0.668637 1.405906 1.405906 1.405906
3189.323730 0.000000 2970.645752 0.000000 0.112562 0.000000 -0.993645 1.808070 1.808070 1.808070
3208.269287 0.000000 2966.948730 0.000000 0.253335 0.000000 -0.967378 1.607195 1.607195 1.607195
3193.097168 0.000000 2969.958740 0.000000 0.180575 0.000000 -0.983561 1.600010 1.600010 1.600010
3216.574707 0.000000 2965.799316 0.000000 0.997857 0.000000 0.065429 0.963711 0.963711 0.963711
3189.056396 0.000000 2968.106934 0.000000 0.312174 0.000000 -0.950025 1.419281 1.419281 1.419281
3227.510742 0.000000 2930.004639 0.000000 0.408650 0.000000 -0.912691 1.637270 1.637270 1.637270
3196.493164 0.000000 2964.225098 0.000000 0.492020 0.000000 -0.870584 1.585486 1.585486 1.585486
3227.732178 0.000000 2950.398682 0.000000 0.928755 0.000000 -0.370695 1.124199 1.124199 1.124199
3221.100098 0.000000 2964.547852 0.000000 0.996653 0.000000 0.081746 0.970170 0.970170 0.970170
3238.197510 0.000000 2920.392578 0.000000 0.150652 0.000000 -0.988587 1.786773 1.786773 1.786773
3195.317383 0.000000 2969.752441 0.000000 0.392413 0.000000 -0.919789 1.472202 1.472202 1.472202
3201.628662 0.000000 2960.738770 0.000000 0.789489 0.000000 -0.613764 1.207871 1.207871 1.207871
3187.034668 0.000000 2971.355469 0.000000 0.956007 0.000000 -0.293345 1.131561 1.131561 1.131561
3239.218994 0.000000 2921.752930 0.000000 0.094964 0.000000 -0.995481 1.817876 1.817876 1.817876
3211.937988 0.000000 2964.340820 0.000000 0.782969 0.000000 -0.622061 1.333547 1.333547 1.333547
3216.727295 0.000000 2967.208496 0.000000 0.858724 0.000000 -0.512438 1.280728 1.280728 1.280728
3184.991211 0.000000 2973.546875 0.000000 0.293628 0.000000 -0.955920 1.705415 1.705415 1.705415
3219.920654 0.000000 2935.630615 0.000000 0.634648 0.000000 -0.772801 1.416756 1.416756 1.416756
3189.538574 0.000000 2969.805664 0.000000 0.854269 0.000000 -0.519832 1.182876 1.182876 1.182876
3192.100342 0.000000 2968.149658 0.000000 0.959234 0.000000 -0.282612 1.123747 1.123747 1.123747
3186.385254 0.000000 2973.736816 0.000000 0.140879 0.000000 -0.990027 1.792248 1.792248 1.792248
3220.229004 0.000000 2932.558838 0.000000 0.642161 0.000000 -0.766570 1.357633 1.357633 1.357633
3222.549316 0.000000 2935.093018 0.000000 0.945129 0.000000 -0.326698 1.167005 1.167005 1.167005
3190.200928 0.000000 2971.962891 0.000000 0.610518 0.000000 -0.792002 1.417615 1.417615 1.417615
3189.358643 0.000000 2972.484619 0.000000 0.998308 0.000000 0.058139 0.977054 0.977054 0.977054
3198.836182 0.000000 2961.187744 0.000000 0.658068 0.000000 -0.752958 1.259667 1.259667 1.259667
3209.770020 0.000000 2966.015381 0.000000 0.056522 0.000000 -0.998401 1.699371 1.699371 1.699371
3201.360596 0.000000 2967.627686 0.000000 0.887363 0.000000 -0.461072 1.210558 1.210558 1.210558
3184.608398 0.000000 2972.794434 0.000000 0.871533 0.000000 -0.490337 1.284032 1.284032 1.284032
3190.246338 0.000000 2968.355957 0.000000 0.980980 0.000000 -0.194106 1.108268 1.108268 1.108268
3218.252930 0.000000 2936.233887 0.000000 0.970238 0.000000 -0.242155 1.135558 1.135558 1.135558
3233.158447 0.000000 2922.954102 0.000000 0.078503 0.000000 -0.996914 1.622138 1.622138 1.622138
3226.364746 0.000000 2951.563232 0.000000 0.841595 0.000000 -0.540108 1.186602 1.186602 1.186602
3283.492920 0.000000 2903.907471 0.000000 0.983048 0.000000 -0.183348 1.015652 1.015652 1.015652
3287.042969 0.000000 2902.726562 0.000000 0.985720 0.000000 -0.168390 1.022388 1.022388 1.022388
3274.836426 0.000000 2910.362793 0.000000 0.804271 0.000000 -0.594262 1.109618 1.109618 1.109618
3301.946533 0.000000 2947.000977 0.000000 0.999061 0.000000 -0.043318 1.024016 1.024016 1.024016
3271.626221 0.000000 2910.537842 0.000000 0.534931 0.000000 -0.844895 1.557764 1.557764 1.557764
3305.958008 0.000000 2948.118164 0.000000 0.118892 0.000000 -0.992907 1.297172 1.297172 1.297172
3269.527832 0.000000 2908.822510 0.000000 0.995816 0.000000 -0.091376 1.017133 1.017133 1.017133
3250.192139 0.000000 2909.689941 0.000000 0.023933 0.000000 -0.999714 1.571548 1.571548 1.571548
3285.457520 0.000000 2905.516113 0.000000 0.999963 0.000000 0.008601 0.995233 0.995233 0.995233
3283.085449 0.000000 2950.225586 0.000000 0.984594 0.000000 -0.174854 1.023256 1.023256 1.023256
3250.802979 0.000000 2906.492920 0.000000 0.140938 0.000000 -0.990018 1.292620 1.292620 1.292620
3275.054443 0.000000 2908.219238 0.000000 0.036248 0.000000 -0.999343 1.103438 1.103438 1.103438
3245.730957 0.000000 2911.444092 0.000000 0.546179 0.000000 -0.837668 1.508210 1.508210 1.508210
3309.849854 0.000000 2931.239258 0.000000 0.223523 0.000000 -0.974699 1.154504 1.154504 1.154504
3269.908691 0.000000 2913.227051 0.000000 0.273855 0.000000 -0.961771 1.106558 1.106558 1.106558
3297.055420 0.000000 2949.483643 0.000000 0.987835 0.000000 -0.155504 1.021439 1.021439 1.021439
3241.745117 0.000000 2922.547119 0.000000 0.433022 0.000000 -0.901383 1.179425 1.179425 1.179425
3297.640625 0.000000 2945.107666 0.000000 0.504298 0.000000 -0.863530 1.249789 1.249789 1.249789
3287.547607 0.000000 2904.515869 0.000000 0.749423 0.000000 -0.662091 1.401047 1.401047 1.401047
3285.207031 0.000000 2903.061523 0.000000 0.134912 0.000000 -0.990858 1.308200 1.308200 1.308200
3280.867188 0.000000 2953.222656 0.000000 0.340508 0.000000 -0.940242 1.235168 1.235168 1.235168
3282.266846 0.000000 2905.283203 0.000000 0.566251 0.000000 -0.824233 1.224946 1.224946 1.224946
3260.585205 0.000000 2955.231689 0.000000 0.278039 0.000000 -0.960570 1.714432 1.714432 1.714432
3240.348389 0.000000 2923.746094 0.000000 0.450375 0.000000 -0.892840 1.176334 1.176334 1.176334
3258.051025 0.000000 2946.778320 0.000000 0.064968 0.000000 -0.997887 1.736814 1.736814 1.736814
3303.209961 0.000000 2945.485596 0.000000 0.990724 0.000000 -0.135890 1.034711 1.034711 1.034711
3310.734375 0.000000 2944.690674 0.000000 0.553207 0.000000 -0.833044 1.098323 1.098323 1.098323
3287.272461 0.000000 2952.123291 0.000000 0.998449 0.000000 0.055682 0.978720 0.978720 0.978720
3311.540039 0.000000 2930.541748 0.000000 0.823837 0.000000 -0.566827 1.174527 1.174527 1.174527
3248.477295 0.000000 2908.983643 0.000000 0.934194 0.000000 -0.356766 1.202187 1.202187 1.202187
3246.697754 0.000000 2947.994141 0.000000 0.358490 0.000000 -0.933534 1.204422 1.204422 1.204422
3262.617920 0.000000 2959.676758 0.000000 0.934719 0.000000 -0.355387 1.035376 1.035376 1.035376
3281.557373 0.000000 2907.751709 0.000000 0.747365 0.000000 -0.664414 1.145141 1.145141 1.145141
3262.982178 0.000000 2956.517578 0.000000 0.954387 0.000000 -0.298574 1.077966 1.077966 1.077966
3239.653809 0.000000 2913.911133 0.000000 0.003998 0.000000 -0.999992 1.226872 1.226872 1.226872
3243.808105 0.000000 2942.341797 0.000000 0.048222 0.000000 -0.998837 1.688005 1.688005 1.688005
3243.530518 0.000000 2945.860107 0.000000 0.999920 0.000000 0.012662 0.992982 0.992982 0.992982
3273.284912 0.000000 2910.985596 0.000000 0.336820 0.000000 -0.941569 1.680188 1.680188 1.680188
3271.161133 0.000000 2908.908203 0.000000 0.443175 0.000000 -0.896435 1.424622 1.424622 1.424622
3289.375488 0.000000 2905.286865 0.000000 0.452477 0.000000 -0.891776 1.145715 1.145715 1.145715
3283.874023 0.000000 2905.512939 0.000000 0.928436 0.000000 -0.371492 1.088371 1.088371 1.088371
3288.456299 0.000000 2907.870117 0.000000 0.650596 0.000000 -0.759424 1.204544 1.204544 1.204544
3309.283936 0.000000 2949.846924 0.000000 0.622846 0.000000 -0.782345 1.157007 1.157007 1.157007
3260.476074 0.000000 2945.590332 0.000000 0.978756 0.000000 -0.205028 1.114445 1.114445 1.114445
3282.261230 0.000000 2951.666992 0.000000 0.382555 0.000000 -0.923933 1.155901 1.155901 1.155901
3261.282227 0.000000 2950.594971 0.000000 0.974912 0.000000 -0.222592 1.109279 1.109279 1.109279
3305.745117 0.000000 2949.760986 0.000000 0.448823 0.000000 -0.893621 1.226284 1.226284 1.226284
3310.948486 0.000000 2934.039795 0.000000 0.297923 0.000000 -0.954590 1.550940 1.550940 1.550940
3309.910400 0.000000 2935.149414 0.000000 0.983253 0.000000 -0.182247 1.026080 1.026080 1.026080
3287.944336 0.000000 2955.336182 0.000000 0.587546 0.000000 -0.809191 1.134160 1.134160 1.134160
3243.634766 0.000000 2923.812256 0.000000 0.996957 0.000000 0.077951 0.988896 0.988896 0.988896
3260.823486 0.000000 2953.681885 0.000000 0.999985 0.000000 0.005554 0.997241 0.997241 0.997241
3241.229248 0.000000 2908.862061 0.000000 0.784928 0.000000 -0.619588 1.128454 1.128454 1.128454
3307.409180 0.000000 2947.624756 0.000000 0.420758 0.000000 -0.907173 1.629895 1.629895 1.629895
3261.432373 0.000000 2946.712158 0.000000 0.454938 0.000000 -0.890523 1.608822 1.608822 1.608822
3284.237061 0.000000 2951.122314 0.000000 0.665601 0.000000 -0.746307 1.279743 1.279743 1.279743
3259.477295 0.000000 2952.485596 0.000000 0.893546 0.000000 -0.448972 1.258059 1.258059 1.258059
3302.905273 0.000000 2949.132568 0.000000 0.976566 0.000000 -0.215218 1.032492 1.032492 1.032492
3258.745117 0.000000 2949.629150 0.000000 0.048055 0.000000 -0.998845 1.813532 1.813532 1.813532
3307.440186 0.000000 2944.706787 0.000000 0.740692 0.000000 -0.671844 1.290593 1.290593 1.290593
3244.958984 0.000000 2908.071777 0.000000 0.306465 0.000000 -0.951882 1.697957 1.697957 1.697957
3286.117920 0.000000 2904.234131 0.000000 0.674574 0.000000 -0.738207 1.460240 1.460240 1.460240
3240.976562 0.000000 2914.816650 0.000000 0.941275 0.000000 -0.337640 1.190883 1.190883 1.190883
3307.054932 0.000000 2949.008057 0.000000 0.999858 0.000000 -0.016837 1.002690 1.002690 1.002690
3246.209961 0.000000 2910.157959 0.000000 0.679420 0.000000 -0.733750 1.285884 1.285884 1.285884
3258.904785 0.000000 2948.101318 0.000000 0.043789 0.000000 -0.999041 1.815814 1.815814 1.815814
3258.284668 0.000000 2959.858154 0.000000 0.417012 0.000000 -0.908901 1.128145 1.128145 1.128145
3242.326660 0.000000 2945.252441 0.000000 0.021821 0.000000 -0.999762 1.858493 1.858493 1.858493
3296.594482 0.000000 2948.145752 0.000000 0.938854 0.000000 -0.344315 1.048266 1.048266 1.048266
3310.247559 0.000000 2932.612793 0.000000 0.999873 0.000000 0.015950 0.991159 0.991159 0.991159
3262.014160 0.000000 2942.595459 0.000000 0.999330 0.000000 0.036609 0.993509 0.993509 0.993509
3263.616699 0.000000 2942.174316 0.000000 0.640333 0.000000 -0.768097 1.155251 1.155251 1.155251
3248.312744 0.000000 2911.995605 0.000000 0.936862 0.000000 -0.349700 1.098108 1.098108 1.098108
3286.777832 0.000000 2905.747070 0.000000 0.690936 0.000000 -0.722916 1.447828 1.447828 1.447828
3284.270996 0.000000 2908.216309 0.000000 0.516481 0.000000 -0.856299 1.343925 1.343925 1.343925
3249.112305 0.000000 2910.417236 0.000000 0.646682 0.000000 -0.762760 1.238252 1.238252 1.238252
3284.371582 0.000000 2953.449707 0.000000 0.934760 0.000000 -0.355279 1.201304 1.201304 1.201304
3268.655762 0.000000 2910.030762 0.000000 0.778301 0.000000 -0.627892 1.183034 1.183034 1.183034
3263.868408 0.000000 2955.601074 0.000000 0.621072 0.000000 -0.783753 1.143911 1.143911 1.143911
3273.156006 0.000000 2913.608398 0.000000 0.711825 0.000000 -0.702357 1.260506 1.260506 1.260506
3242.896240 0.000000 2912.891113 0.000000 0.805932 0.000000 -0.592008 1.259396 1.259396 1.259396
3247.305664 0.000000 2909.500244 0.000000 0.999895 0.000000 -0.014503 1.008038 1.008038 1.008038
3281.973145 0.000000 2953.734863 0.000000 0.993302 0.000000 -0.115549 1.022262 1.022262 1.022262
3263.243652 0.000000 2944.709961 0.000000 0.626685 0.000000 -0.779272 1.153917 1.153917 1.153917
3296.477051 0.000000 2945.638672 0.000000 0.851670 0.000000 -0.524079 1.132209 1.132209 1.132209
3302.058838 0.000000 2948.235840 0.000000 0.999820 0.000000 0.018979 0.997157 0.997157 0.997157
3262.012695 0.000000 2944.042480 0.000000 0.924897 0.000000 -0.380219 1.067188 1.067188 1.067188
3249.603760 0.000000 2906.367920 0.000000 0.424295 0.000000 -0.905524 1.347798 1.347798 1.347798
3298.978027 0.000000 2947.347900 0.000000 0.667385 0.000000 -0.744713 1.465614 1.465614 1.465614
3308.120117 0.000000 2949.503906 0.000000 0.518937 0.000000 -0.854812 1.179160 1.179160 1.179160
3286.173340 0.000000 2952.621582 0.000000 0.284161 0.000000 -0.958777 1.489942 1.489942 1.489942
3258.088135 0.000000 2945.521240 0.000000 0.658360 0.000000 -0.752703 1.348902 1.348902 1.348902
3300.368408 0.000000 2949.791748 0.000000 0.969261 0.000000 -0.246034 1.049649 1.049649 1.049649
3260.409424 0.000000 2944.436523 0.000000 0.603608 0.000000 -0.797281 1.511435 1.511435 1.511435
3259.386719 0.000000 2955.117920 0.000000 0.996623 0.000000 -0.082109 1.039813 1.039813 1.039813
3283.891357 0.000000 2952.208008 0.000000 0.961709 0.000000 -0.274072 1.147631 1.147631 1.147631
3280.134033 0.000000 2952.388672 0.000000 0.617009 0.000000 -0.786956 1.174137 1.174137 1.174137
3300.865723 0.000000 2947.344238 0.000000 0.191332 0.000000 -0.981525 1.763888 1.763888 1.763888
3244.486328 0.000000 2911.142578 0.000000 0.574345 0.000000 -0.818613 1.490805 1.490805 1.490805
3260.239990 0.000000 2942.566895 0.000000 0.955247 0.000000 -0.295809 1.166438 1.166438 1.166438
3272.086426 0.000000 2909.513184 0.000000 0.217916 0.000000 -0.975967 1.357552 1.357552 1.357552
3287.436768 0.000000 2907.384033 0.000000 0.662421 0.000000 -0.749132 1.469298 1.469298 1.469298
3247.548340 0.000000 2943.137695 0.000000 0.781859 0.000000 -0.623455 1.121001 1.121001 1.121001
3302.423828 0.000000 2944.702637 0.000000 0.969141 0.000000 -0.246508 1.063426 1.063426 1.063426
3285.378174 0.000000 2907.978760 0.000000 0.759500 0.000000 -0.650507 1.392537 1.392537 1.392537
3310.504150 0.000000 2930.180908 0.000000 0.829199 0.000000 -0.558953 1.171768 1.171768 1.171768
3298.042969 0.000000 2949.974121 0.000000 0.996152 0.000000 -0.087648 1.019062 1.019062 1.019062
3246.003418 0.000000 2907.706787 0.000000 0.833297 0.000000 -0.552826 1.156472 1.156472 1.156472
3285.325928 0.000000 2951.283936 0.000000 0.809537 0.000000 -0.587069 1.208334 1.208334 1.208334
3287.083984 0.000000 2950.014893 0.000000 0.997124 0.000000 -0.075791 1.042046 1.042046 1.042046
3246.314453 0.000000 2945.115234 0.000000 0.077898 0.000000 -0.996961 1.499404 1.499404 1.499404
3240.700195 0.000000 2917.754639 0.000000 0.465566 0.000000 -0.885013 1.602187 1.602187 1.602187
3244.160400 0.000000 2947.803467 0.000000 0.622671 0.000000 -0.782484 1.264734 1.264734 1.264734
3247.426514 0.000000 2908.448242 0.000000 0.968135 0.000000 -0.250429 1.140290 1.140290 1.140290
3245.716064 0.000000 2946.178223 0.000000 0.408940 0.000000 -0.912561 1.338635 1.338635 1.338635
3285.539795 0.000000 2953.465820 0.000000 0.766911 0.000000 -0.641753 1.386180 1.386180 1.386180
3245.311768 0.000000 2909.180664 0.000000 0.302061 0.000000 -0.953288 1.700519 1.700519 1.700519
3298.518555 0.000000 2944.536377 0.000000 0.731088 0.000000 -0.682283 1.264320 1.264320 1.264320
3285.882568 0.000000 2906.496826 0.000000 0.554575 0.000000 -0.832133 1.544780 1.544780 1.544780
3247.809082 0.000000 2945.873535 0.000000 0.939729 0.000000 -0.341921 1.116740 1.116740 1.116740
3261.991455 0.000000 2956.858154 0.000000 0.939533 0.000000 -0.342458 1.193722 1.193722 1.193722
3282.923828 0.000000 2906.083496 0.000000 0.895386 0.000000 -0.445290 1.255778 1.255778 1.255778
3297.384766 0.000000 2946.099121 0.000000 0.698476 0.000000 -0.715634 1.300652 1.300652 1.300652
3241.972168 0.000000 2918.763916 0.000000 0.676969 0.000000 -0.736012 1.514196 1.514196 1.514196
3288.208252 0.000000 2952.638916 0.000000 0.930632 0.000000 -0.365957 1.101954 1.101954 1.101954
3249.495361 0.000000 2908.908936 0.000000 0.975760 0.000000 -0.218845 1.122281 1.122281 1.122281
3241.532227 0.000000 2912.684814 0.000000 0.997948 0.000000 -0.064026 1.035510 1.035510 1.035510
3272.295898 0.000000 2911.272949 0.000000 0.997854 0.000000 0.065478 0.963684 0.963684 0.963684
3287.506592 0.000000 2908.409180 0.000000 0.983655 0.000000 -0.180066 1.062829 1.062829 1.062829
3259.857910 0.000000 2948.508057 0.000000 0.257274 0.000000 -0.966338 1.700201 1.700201 1.700201
3241.189941 0.000000 2919.949951 0.000000 0.468201 0.000000 -0.883622 1.673574 1.673574 1.673574
3287.396240 0.000000 2953.229492 0.000000 0.999897 0.000000 0.014331 0.994526 0.994526 0.994526
3243.793213 0.000000 2943.377441 0.000000 0.979305 0.000000 -0.202390 1.092091 1.092091 1.092091
3248.947998 0.000000 2908.095947 0.000000 0.999429 0.000000 0.033788 0.981270 0.981270 0.981270
3242.536377 0.000000 2910.912842 0.000000 0.945546 0.000000 -0.325488 1.183744 1.183744 1.183744
3283.500732 0.000000 2953.926514 0.000000 0.890786 0.000000 -0.454423 1.250847 1.250847 1.250847
3261.841064 0.000000 2953.676758 0.000000 0.998203 0.000000 0.059916 0.970215 0.970215 0.970215
3270.920166 0.000000 2909.863525 0.000000 0.883321 0.000000 -0.468769 1.186363 1.186363 1.186363
3260.089355 0.000000 2954.393066 0.000000 0.314607 0.000000 -0.949222 1.693210 1.693210 1.693210
3261.270752 0.000000 2954.550293 0.000000 1.000000 0.000000 -0.000721 1.000400 1.000400 1.000400
3286.379150 0.000000 2951.586426 0.000000 0.709162 0.000000 -0.705045 1.433681 1.433681 1.433681
3296.820312 0.000000 2944.590088 0.000000 0.298752 0.000000 -0.954331 1.303759 1.303759 1.303759
3242.221436 0.000000 2908.189209 0.000000 0.087707 0.000000 -0.996146 1.792297 1.792297 1.792297
3288.350098 0.000000 2951.631348 0.000000 0.621721 0.000000 -0.783239 1.498732 1.498732 1.498732
3241.063477 0.000000 2921.903320 0.000000 0.997314 0.000000 0.073245 0.959369 0.959369 0.959369
3258.281738 0.000000 2956.341064 0.000000 0.362438 0.000000 -0.932008 1.356482 1.356482 1.356482
3285.305664 0.000000 2950.344238 0.000000 0.968984 0.000000 -0.247123 1.082914 1.082914 1.082914
3247.873047 0.000000 2906.416504 0.000000 0.960946 0.000000 -0.276736 1.074902 1.074902 1.074902
3247.352295 0.000000 2945.056885 0.000000 0.728556 0.000000 -0.684986 1.252437 1.252437 1.252437
3259.262939 0.000000 2950.417480 0.000000 0.779801 0.000000 -0.626027 1.374910 1.374910 1.374910
3243.939941 0.000000 2913.034668 0.000000 0.365358 0.000000 -0.930867 1.490002 1.490002 1.490002
3243.857422 0.000000 2909.588867 0.000000 0.768309 0.000000 -0.640079 1.371099 1.371099 1.371099
3239.680664 0.000000 2922.983398 0.000000 0.998247 0.000000 0.059189 0.974126 0.974126 0.974126
3258.057617 0.000000 2947.707764 0.000000 0.363191 0.000000 -0.931715 1.586751 1.586751 1.586751
3273.993408 0.000000 2911.649414 0.000000 0.505479 0.000000 -0.862839 1.576879 1.576879 1.576879
3289.260986 0.000000 2953.054932 0.000000 0.205102 0.000000 -0.978741 1.371239 1.371239 1.371239
3282.174805 0.000000 2952.828857 0.000000 0.996839 0.000000 -0.079448 1.042292 1.042292 1.042292
3304.744141 0.000000 2944.602295 0.000000 0.497460 0.000000 -0.867487 1.367037 1.367037 1.367037
3258.293945 0.000000 2950.405273 0.000000 0.040198 0.000000 -0.999192 1.848303 1.848303 1.848303
3242.376221 0.000000 2943.863037 0.000000 0.948854 0.000000 -0.315714 1.145146 1.145146 1.145146
3245.680420 0.000000 2947.890625 0.000000 0.457915 0.000000 -0.888996 1.322623 1.322623 1.322623
3244.076416 0.000000 2946.848145 0.000000 0.974130 0.000000 -0.225987 1.067154 1.067154 1.067154
3270.782959 0.000000 2910.895996 0.000000 0.117639 0.000000 -0.993056 1.805238 1.805238 1.805238
3247.920166 0.000000 2907.739746 0.000000 0.627006 0.000000 -0.779014 1.238572 1.238572 1.238572
3245.419678 0.000000 2910.611816 0.000000 0.803799 0.000000 -0.594901 1.326085 1.326085 1.326085
3310.984863 0.000000 2933.131104 0.000000 0.336440 0.000000 -0.941705 1.680412 1.680412 1.680412
3242.016357 0.000000 2920.605225 0.000000 0.944721 0.000000 -0.327876 1.165129 1.165129 1.165129
3286.191162 0.000000 2905.090332 0.000000 0.946193 0.000000 -0.323602 1.182639 1.182639 1.182639
3261.097656 0.000000 2942.500488 0.000000 0.986186 0.000000 -0.165643 1.092230 1.092230 1.092230
3282.208984 0.000000 2955.322998 0.000000 0.972098 0.000000 -0.234573 1.131231 1.131231 1.131231
3241.430908 0.000000 2915.540771 0.000000 0.932860 0.000000 -0.360240 1.204249 1.204249 1.204249
3242.905518 0.000000 2920.369629 0.000000 0.969425 0.000000 -0.245386 1.122550 1.122550 1.122550
3261.281738 0.000000 2945.874023 0.000000 0.107812 0.000000 -0.994171 1.810719 1.810719 1.810719
3303.352295 0.000000 2946.420654 0.000000 0.999368 0.000000 0.035560 0.985615 0.985615 0.985615
3260.906494 0.000000 2957.522705 0.000000 0.849402 0.000000 -0.527747 1.308124 1.308124 1.308124
3283.459229 0.000000 2907.892090 0.000000 0.867289 0.000000 -0.497805 1.288793 1.288793 1.288793
3271.675537 0.000000 2908.195312 0.000000 0.906224 0.000000 -0.422797 1.166742 1.166742 1.166742
3290.982666 0.000000 2949.306152 0.000000 0.938306 0.000000 -0.345806 1.170134 1.170134 1.170134
3284.699463 0.000000 2905.860107 0.000000 0.173311 0.000000 -0.984867 1.774046 1.774046 1.774046
3243.874756 0.000000 2916.244385 0.000000 0.965311 0.000000 -0.261103 1.127943 1.127943 1.127943
3250.325439 0.000000 2908.795410 0.000000 0.260867 0.000000 -0.965375 1.482877 1.482877 1.482877
3286.952393 0.000000 2950.996582 0.000000 0.996463 0.000000 -0.084036 1.046631 1.046631 1.046631
3284.121826 0.000000 2907.410156 0.000000 0.860516 0.000000 -0.509424 1.296246 1.296246 1.296246
3308.619141 0.000000 2946.084961 0.000000 0.468576 0.000000 -0.883423 1.600301 1.600301 1.600301
3286.100586 0.000000 2909.416260 0.000000 0.921945 0.000000 -0.387321 1.138018 1.138018 1.138018
3176.652100 0.000000 2978.451416 0.000000 0.712646 0.000000 -0.701524 1.347466 1.347466 1.347466
3181.242188 0.000000 2991.822754 0.000000 0.858293 0.000000 -0.513160 1.118386 1.118386 1.118386
3183.027344 0.000000 2987.745605 0.000000 0.291914 0.000000 -0.956445 1.700045 1.700045 1.700045
3173.308350 0.000000 2987.590576 0.000000 0.844669 0.000000 -0.535290 1.193194 1.193194 1.193194
3179.863770 0.000000 2976.017578 0.000000 0.880879 0.000000 -0.473341 1.107097 1.107097 1.107097
3186.689209 0.000000 2987.169434 0.000000 0.898939 0.000000 -0.438073 1.244527 1.244527 1.244527
3183.782227 0.000000 2990.442139 0.000000 0.486102 0.000000 -0.873902 1.071665 1.071665 1.071665
3185.986816 0.000000 2975.647705 0.000000 0.608752 0.000000 -0.793361 1.400332 1.400332 1.400332
3178.819092 0.000000 2979.633545 0.000000 0.061328 0.000000 -0.998118 1.836577 1.836577 1.836577
3180.508057 0.000000 2986.791992 0.000000 0.284684 0.000000 -0.958622 1.428917 1.428917 1.428917
3174.752441 0.000000 2979.966309 0.000000 0.019815 0.000000 -0.999804 1.387210 1.387210 1.387210
3174.369385 0.000000 2989.580566 0.000000 0.999285 0.000000 0.037811 0.979039 0.979039 0.979039
3186.934326 0.000000 2984.828125 0.000000 0.975067 0.000000 -0.221911 1.022346 1.022346 1.022346
3182.000244 0.000000 2975.550293 0.000000 0.836094 0.000000 -0.548587 1.321829 1.321829 1.321829
3185.622070 0.000000 2977.937256 0.000000 0.101702 0.000000 -0.994815 1.308047 1.308047 1.308047
3178.516357 0.000000 2977.562256 0.000000 0.571407 0.000000 -0.820667 1.209071 1.209071 1.209071
3184.782471 0.000000 2986.945557 0.000000 0.421999 0.000000 -0.906596 1.629137 1.629137 1.629137
3178.366455 0.000000 2987.371338 0.000000 0.996957 0.000000 0.077953 0.971558 0.971558 0.971558
3176.036621 0.000000 2976.768066 0.000000 0.326036 0.000000 -0.945357 1.201009 1.201009 1.201009
3175.017334 0.000000 2987.245117 0.000000 0.655481 0.000000 -0.755212 1.420986 1.420986 1.420986
3180.166504 0.000000 2990.529541 0.000000 0.387707 0.000000 -0.921783 1.257627 1.257627 1.257627
3185.309814 0.000000 2985.366455 0.000000 0.999100 0.000000 -0.042412 1.004343 1.004343 1.004343
3181.421631 0.000000 2977.037598 0.000000 0.054731 0.000000 -0.998501 1.840240 1.840240 1.840240
3187.558105 0.000000 2975.622314 0.000000 0.411752 0.000000 -0.911296 1.452211 1.452211 1.452211
3175.843750 0.000000 2989.149414 0.000000 0.841907 0.000000 -0.539622 1.315907 1.315907 1.315907
3180.060791 0.000000 2977.603027 0.000000 0.941757 0.000000 -0.336293 1.190090 1.190090 1.190090
3174.318359 0.000000 2981.491699 0.000000 0.135440 0.000000 -0.990786 1.476459 1.476459 1.476459
3180.519531 0.000000 2979.901611 0.000000 0.996783 0.000000 0.080143 0.975964 0.975964 0.975964
3181.405762 0.000000 2988.007324 0.000000 0.325058 0.000000 -0.945694 1.687096 1.687096 1.687096
3183.813232 0.000000 2989.002441 0.000000 0.241468 0.000000 -0.970409 1.735423 1.735423 1.735423
3184.987305 0.000000 2976.748047 0.000000 0.598467 0.000000 -0.801147 1.194865 1.194865 1.194865
3175.664307 0.000000 2981.246826 0.000000 0.982337 0.000000 -0.187118 1.062499 1.062499 1.062499
3177.503662 0.000000 2979.520264 0.000000 0.999662 0.000000 -0.026007 1.011623 1.011623 1.011623
3172.228516 0.000000 2986.841553 0.000000 0.224410 0.000000 -0.974495 1.459841 1.459841 1.459841
3179.240479 0.000000 2986.469971 0.000000 0.596392 0.000000 -0.802693 1.339636 1.339636 1.339636
3182.601074 0.000000 2988.891602 0.000000 0.307400 0.000000 -0.951580 1.697413 1.697413 1.697413
3179.534668 0.000000 2987.650146 0.000000 0.359003 0.000000 -0.933336 1.438706 1.438706 1.438706
3183.481934 0.000000 2986.650879 0.000000 0.828695 0.000000 -0.559700 1.326262 1.326262 1.326262
3183.107666 0.000000 2975.944824 0.000000 0.998284 0.000000 -0.058559 1.032474 1.032474 1.032474
3180.871094 0.000000 2975.519531 0.000000 0.475095 0.000000 -0.879934 1.354499 1.354499 1.354499
3185.680420 0.000000 2987.646729 0.000000 0.268758 0.000000 -0.963208 1.719780 1.719780 1.719780
3178.095703 0.000000 2980.461670 0.000000 0.785788 0.000000 -0.618495 1.234732 1.234732 1.234732
3179.571289 0.000000 2980.396729 0.000000 0.627967 0.000000 -0.778240 1.313946 1.313946 1.313946
3182.833252 0.000000 2989.881836 0.000000 0.824403 0.000000 -0.566003 1.333454 1.333454 1.333454
3179.319092 0.000000 2976.877441 0.000000 0.927766 0.000000 -0.373162 1.083060 1.083060 1.083060
3177.998779 0.000000 2986.454102 0.000000 0.767258 0.000000 -0.641339 1.302447 1.302447 1.302447
3173.199951 0.000000 2986.675293 0.000000 0.554758 0.000000 -0.832012 1.336118 1.336118 1.336118
3176.841064 0.000000 2988.823242 0.000000 0.376736 0.000000 -0.926321 1.656505 1.656505 1.656505
3178.602539 0.000000 2988.266357 0.000000 0.849510 0.000000 -0.527573 1.308010 1.308010 1.308010
3180.493652 0.000000 2987.803223 0.000000 0.208541 0.000000 -0.978014 1.455209 1.455209 1.455209
3179.533936 0.000000 2989.835938 0.000000 0.020423 0.000000 -0.999791 1.859269 1.859269 1.859269
3176.513672 0.000000 2981.690674 0.000000 0.709233 0.000000 -0.704974 1.433625 1.433625 1.433625
3187.861328 0.000000 2987.243408 0.000000 0.946688 0.000000 -0.322151 1.176876 1.176876 1.176876
3175.001221 0.000000 2988.951660 0.000000 0.999604 0.000000 0.028124 0.984411 0.984411 0.984411
3182.290527 0.000000 2987.202393 0.000000 0.766414 0.000000 -0.642347 1.383126 1.383126 1.383126
3177.474609 0.000000 2978.180176 0.000000 0.090719 0.000000 -0.995877 1.661364 1.661364 1.661364
3181.732666 0.000000 2977.932129 0.000000 0.999864 0.000000 -0.016515 1.009154 1.009154 1.009154
3176.439941 0.000000 2987.064209 0.000000 0.968175 0.000000 -0.250273 1.109887 1.109887 1.109887
3173.726074 0.000000 2989.006104 0.000000 0.104385 0.000000 -0.994537 1.563716 1.563716 1.563716
3182.258545 0.000000 2988.132568 0.000000 0.557366 0.000000 -0.830267 1.542920 1.542920 1.542920
3181.349609 0.000000 2976.216797 0.000000 0.461395 0.000000 -0.887195 1.604796 1.604796 1.604796
3175.561523 0.000000 2980.374023 0.000000 0.919201 0.000000 -0.393790 1.134394 1.134394 1.134394
3186.947021 0.000000 2989.172852 0.000000 0.434104 0.000000 -0.900863 1.492890 1.492890 1.492890
3175.008057 0.000000 2986.209717 0.000000 0.077831 0.000000 -0.996967 1.734232 1.734232 1.734232
3338.104980 0.000000 2933.742920 0.000000 0.813102 0.000000 -0.582121 1.266805 1.266805 1.266805
3311.835938 0.000000 2944.861328 0.000000 0.098224 0.000000 -0.995164 1.147038 1.147038 1.147038
3327.986816 0.000000 2906.959717 0.000000 0.234792 0.000000 -0.972046 1.036629 1.036629 1.036629
3334.442139 0.000000 2908.267578 0.000000 0.988578 0.000000 -0.150707 1.011708 1.011708 1.011708
3328.517334 0.000000 2936.398193 0.000000 0.999831 0.000000 -0.018407 1.002895 1.002895 1.002895
3335.232178 0.000000 2937.989258 0.000000 0.740133 0.000000 -0.672461 1.408763 1.408763 1.408763
3363.271484 0.000000 2888.042480 0.000000 0.502716 0.000000 -0.864451 1.023459 1.023459 1.023459
3332.613770 0.000000 2934.328369 0.000000 0.314824 0.000000 -0.949150 1.212296 1.212296 1.212296
3339.437256 0.000000 2937.618408 0.000000 0.998372 0.000000 -0.057034 1.012537 1.012537 1.012537
3332.837891 0.000000 2915.331543 0.000000 0.445140 0.000000 -0.895461 1.614903 1.614903 1.614903
3334.414062 0.000000 2912.015869 0.000000 0.966502 0.000000 -0.256660 1.123771 1.123771 1.123771
3331.764404 0.000000 2938.119629 0.000000 0.779522 0.000000 -0.626374 1.375157 1.375157 1.375157
3338.168213 0.000000 2931.043945 0.000000 0.271024 0.000000 -0.962573 1.145637 1.145637 1.145637
3367.575195 0.000000 2887.667725 0.000000 0.999997 0.000000 0.002369 0.998740 0.998740 0.998740
3343.636475 0.000000 2932.002441 0.000000 0.558383 0.000000 -0.829583 1.251580 1.251580 1.251580
3349.009521 0.000000 2904.836182 0.000000 0.974480 0.000000 -0.224473 1.008478 1.008478 1.008478
3367.872070 0.000000 2892.203369 0.000000 0.367118 0.000000 -0.930175 1.426583 1.426583 1.426583
3362.390381 0.000000 2890.311768 0.000000 0.875479 0.000000 -0.483257 1.083106 1.083106 1.083106
3367.234619 0.000000 2905.483154 0.000000 0.932638 0.000000 -0.360813 1.063589 1.063589 1.063589
3367.816162 0.000000 2901.948242 0.000000 0.606089 0.000000 -0.795397 1.351285 1.351285 1.351285
3334.594971 0.000000 2914.109375 0.000000 0.787187 0.000000 -0.616714 1.237253 1.237253 1.237253
3312.265137 0.000000 2935.037109 0.000000 0.999755 0.000000 -0.022135 1.008621 1.008621 1.008621
3364.429443 0.000000 2890.197510 0.000000 0.729913 0.000000 -0.683540 1.417117 1.417117 1.417117
3313.523193 0.000000 2930.955566 0.000000 0.311574 0.000000 -0.950222 1.247313 1.247313 1.247313
3332.328857 0.000000 2912.390869 0.000000 0.059890 0.000000 -0.998205 1.739304 1.739304 1.739304
3349.784912 0.000000 2901.153320 0.000000 0.586475 0.000000 -0.809967 1.523250 1.523250 1.523250
3336.347900 0.000000 2911.919189 0.000000 0.799709 0.000000 -0.600388 1.356919 1.356919 1.356919
3346.667236 0.000000 2893.898193 0.000000 0.131164 0.000000 -0.991361 1.273080 1.273080 1.273080
3329.818359 0.000000 2937.872803 0.000000 0.922815 0.000000 -0.385244 1.062201 1.062201 1.062201
3368.408936 0.000000 2890.333496 0.000000 0.999301 0.000000 0.037389 0.996732 0.996732 0.996732
3351.939941 0.000000 2901.506836 0.000000 0.096994 0.000000 -0.995285 1.813067 1.813067 1.813067
3359.539795 0.000000 2904.515869 0.000000 0.657005 0.000000 -0.753887 1.078882 1.078882 1.078882
3365.275391 0.000000 2905.992188 0.000000 0.998588 0.000000 -0.053123 1.009951 1.009951 1.009951
3317.330566 0.000000 2943.072021 0.000000 0.980480 0.000000 -0.196620 1.109688 1.109688 1.109688
3329.456299 0.000000 2941.681641 0.000000 0.275555 0.000000 -0.961285 1.106412 1.106412 1.106412
3335.581299 0.000000 2939.788330 0.000000 0.337796 0.000000 -0.941219 1.459198 1.459198 1.459198
3341.859375 0.000000 2932.354736 0.000000 0.698736 0.000000 -0.715379 1.441817 1.441817 1.441817
3339.509521 0.000000 2930.033203 0.000000 0.575102 0.000000 -0.818081 1.107634 1.107634 1.107634
3371.020264 0.000000 2905.066895 0.000000 0.075267 0.000000 -0.997163 1.627225 1.627225 1.627225
3334.485107 0.000000 2915.824463 0.000000 0.761424 0.000000 -0.648255 1.251793 1.251793 1.251793
3315.522705 0.000000 2945.860107 0.000000 0.965907 0.000000 -0.258891 1.033997 1.033997 1.033997
3363.361328 0.000000 2907.235596 0.000000 0.512012 0.000000 -0.858978 1.572674 1.572674 1.572674
3351.092041 0.000000 2897.978027 0.000000 0.469225 0.000000 -0.883079 1.116196 1.116196 1.116196
3313.912842 0.000000 2934.961182 0.000000 0.002938 0.000000 -0.999996 1.610620 1.610620 1.610620
3368.234375 0.000000 2886.163330 0.000000 0.880936 0.000000 -0.473236 1.075073 1.075073 1.075073
3361.367676 0.000000 2905.286865 0.000000 0.701358 0.000000 -0.712809 1.322903 1.322903 1.322903
3339.779785 0.000000 2912.801270 0.000000 0.723311 0.000000 -0.690523 1.148426 1.148426 1.148426
3347.414795 0.000000 2900.331299 0.000000 0.941463 0.000000 -0.337115 1.051507 1.051507 1.051507
3346.615479 0.000000 2898.967773 0.000000 0.999906 0.000000 -0.013677 1.005122 1.005122 1.005122
3342.816895 0.000000 2895.902344 0.000000 0.648738 0.000000 -0.761012 1.177054 1.177054 1.177054
3368.932617 0.000000 2905.899902 0.000000 0.101552 0.000000 -0.994830 1.814208 1.814208 1.814208
3348.954590 0.000000 2894.113037 0.000000 0.081359 0.000000 -0.996685 1.290022 1.290022 1.290022
3332.993164 0.000000 2913.817139 0.000000 0.289981 0.000000 -0.957032 1.624665 1.624665 1.624665
3320.303955 0.000000 2944.962891 0.000000 0.999376 0.000000 0.035326 0.986680 0.986680 0.986680
3337.306641 0.000000 2932.340576 0.000000 0.142079 0.000000 -0.989855 1.178283 1.178283 1.178283
3368.815430 0.000000 2900.816650 0.000000 0.922497 0.000000 -0.386005 1.129608 1.129608 1.129608
3349.320557 0.000000 2895.580566 0.000000 0.999977 0.000000 -0.006733 1.001311 1.001311 1.001311
3328.216797 0.000000 2937.863525 0.000000 0.519575 0.000000 -0.854425 1.161127 1.161127 1.161127
3332.778564 0.000000 2941.348389 0.000000 0.848570 0.000000 -0.529084 1.059851 1.059851 1.059851
3330.590820 0.000000 2909.653809 0.000000 0.908355 0.000000 -0.418201 1.113103 1.113103 1.113103
3327.736084 0.000000 2909.428467 0.000000 0.648359 0.000000 -0.761335 1.479617 1.479617 1.479617
3329.264404 0.000000 2913.708984 0.000000 0.842466 0.000000 -0.538749 1.224425 1.224425 1.224425
3328.796631 0.000000 2910.761963 0.000000 0.991462 0.000000 -0.130397 1.072477 1.072477 1.072477
3362.087402 0.000000 2895.823242 0.000000 0.713122 0.000000 -0.701040 1.302555 1.302555 1.302555
3346.578369 0.000000 2901.668457 0.000000 0.856717 0.000000 -0.515787 1.081177 1.081177 1.081177
3355.785156 0.000000 2929.167969 0.000000 0.492457 0.000000 -0.870337 1.495581 1.495581 1.495581
3332.024902 0.000000 2936.771973 0.000000 0.610041 0.000000 -0.792370 1.506948 1.506948 1.506948
3350.372314 0.000000 2904.629883 0.000000 0.782426 0.000000 -0.622744 1.144333 1.144333 1.144333
3345.599365 0.000000 2894.775635 0.000000 0.315903 0.000000 -0.948792 1.692453 1.692453 1.692453
3337.613281 0.000000 2913.974365 0.000000 0.993581 0.000000 -0.113127 1.061135 1.061135 1.061135
3334.270020 0.000000 2939.423096 0.000000 0.602734 0.000000 -0.797942 1.345974 1.345974 1.345974
3331.813232 0.000000 2914.415527 0.000000 0.683052 0.000000 -0.730370 1.224876 1.224876 1.224876
3353.174316 0.000000 2904.408936 0.000000 0.209031 0.000000 -0.977909 1.241104 1.241104 1.241104
3362.815186 0.000000 2904.335205 0.000000 0.373040 0.000000 -0.927815 1.572666 1.572666 1.572666
3328.384521 0.000000 2908.219971 0.000000 0.935618 0.000000 -0.353015 1.123400 1.123400 1.123400
3333.197021 0.000000 2911.376709 0.000000 0.854397 0.000000 -0.519620 1.302837 1.302837 1.302837
3358.555420 0.000000 2908.745850 0.000000 0.727346 0.000000 -0.686271 1.354994 1.354994 1.354994
3362.291748 0.000000 2897.823730 0.000000 0.590477 0.000000 -0.807055 1.332937 1.332937 1.332937
3364.825684 0.000000 2907.211914 0.000000 0.421886 0.000000 -0.906649 1.215404 1.215404 1.215404
3348.445068 0.000000 2896.612305 0.000000 0.848354 0.000000 -0.529429 1.186648 1.186648 1.186648
3353.211914 0.000000 2901.671875 0.000000 0.290892 0.000000 -0.956756 1.359870 1.359870 1.359870
3366.983887 0.000000 2886.548584 0.000000 0.952227 0.000000 -0.305390 1.165032 1.165032 1.165032
3339.506348 0.000000 2936.335205 0.000000 0.749588 0.000000 -0.661904 1.158919 1.158919 1.158919
3361.112061 0.000000 2909.306396 0.000000 0.999187 0.000000 -0.040317 1.022351 1.022351 1.022351
3312.153809 0.000000 2930.240967 0.000000 0.993421 0.000000 -0.114515 1.022635 1.022635 1.022635
3329.750488 0.000000 2936.632080 0.000000 0.834548 0.000000 -0.550935 1.091772 1.091772 1.091772
3367.489502 0.000000 2893.468506 0.000000 0.905535 0.000000 -0.424272 1.156425 1.156425 1.156425
3334.683594 0.000000 2936.844971 0.000000 0.594737 0.000000 -0.803920 1.517575 1.517575 1.517575
3331.796387 0.000000 2910.006104 0.000000 0.916971 0.000000 -0.398954 1.227444 1.227444 1.227444
3357.932129 0.000000 2929.425781 0.000000 0.694826 0.000000 -0.719178 1.180340 1.180340 1.180340
3338.192383 0.000000 2937.282227 0.000000 0.895143 0.000000 -0.445778 1.101509 1.101509 1.101509
3334.251465 0.000000 2910.747314 0.000000 0.773111 0.000000 -0.634270 1.380794 1.380794 1.380794
3337.727295 0.000000 2911.571045 0.000000 0.414144 0.000000 -0.910211 1.633929 1.633929 1.633929
3333.969971 0.000000 2881.302246 0.000000 0.688664 0.000000 -0.725081 1.139730 1.139730 1.139730
3330.398926 0.000000 2940.894287 0.000000 0.434294 0.000000 -0.900771 1.212799 1.212799 1.212799
3364.238770 0.000000 2896.253174 0.000000 0.247082 0.000000 -0.968995 1.732214 1.732214 1.732214
3356.495361 0.000000 2932.355225 0.000000 0.563417 0.000000 -0.826173 1.160205 1.160205 1.160205
3347.149170 0.000000 2896.437988 0.000000 0.739981 0.000000 -0.672627 1.408888 1.408888 1.408888
3325.332520 0.000000 2908.865479 0.000000 0.798642 0.000000 -0.601806 1.275681 1.275681 1.275681
3312.520020 0.000000 2941.516602 0.000000 0.775549 0.000000 -0.631288 1.163745 1.163745 1.163745
3335.411377 0.000000 2915.046143 0.000000 0.024119 0.000000 -0.999709 1.552173 1.552173 1.552173
3347.909912 0.000000 2893.505859 0.000000 0.109368 0.000000 -0.994001 1.277246 1.277246 1.277246
3368.341553 0.000000 2904.867188 0.000000 0.588779 0.000000 -0.808294 1.521672 1.521672 1.521672
3330.087158 0.000000 2939.038818 0.000000 0.363727 0.000000 -0.931506 1.664266 1.664266 1.664266
3366.589600 0.000000 2888.531250 0.000000 0.912709 0.000000 -0.408609 1.233293 1.233293 1.233293
3352.595703 0.000000 2928.671143 0.000000 0.675854 0.000000 -0.737036 1.208951 1.208951 1.208951
3356.955811 0.000000 2933.945312 0.000000 0.046264 0.000000 -0.998929 1.251198 1.251198 1.251198
3337.046387 0.000000 2912.933350 0.000000 0.351429 0.000000 -0.936214 1.653414 1.653414 1.653414
3335.460938 0.000000 2879.605713 0.000000 0.709113 0.000000 -0.705095 1.433719 1.433719 1.433719
3370.130371 0.000000 2903.446045 0.000000 0.945948 0.000000 -0.324317 1.104722 1.104722 1.104722
3364.093750 0.000000 2901.459473 0.000000 0.949891 0.000000 -0.312580 1.143655 1.143655 1.143655
3324.636475 0.000000 2911.156494 0.000000 0.572332 0.000000 -0.820022 1.391250 1.391250 1.391250
3334.352539 0.000000 2935.712158 0.000000 0.999024 0.000000 0.044172 0.982129 0.982129 0.982129
3333.871094 0.000000 2913.027832 0.000000 0.499774 0.000000 -0.866156 1.512546 1.512546 1.512546
3350.792480 0.000000 2901.720703 0.000000 0.998369 0.000000 0.057098 0.968480 0.968480 0.968480
3324.171387 0.000000 2909.285645 0.000000 0.997478 0.000000 0.070973 0.969675 0.969675 0.969675
3363.425781 0.000000 2893.812744 0.000000 0.705614 0.000000 -0.708597 1.253621 1.253621 1.253621
3315.894287 0.000000 2941.151611 0.000000 0.663099 0.000000 -0.748531 1.468796 1.468796 1.468796
3336.299561 0.000000 2910.674561 0.000000 0.961408 0.000000 -0.275127 1.154477 1.154477 1.154477
3352.062012 0.000000 2902.645752 0.000000 0.997319 0.000000 0.073182 0.966353 0.966353 0.966353
3351.543457 0.000000 2905.440918 0.000000 0.891252 0.000000 -0.453509 1.101061 1.101061 1.101061
3329.008789 0.000000 2938.673096 0.000000 0.958805 0.000000 -0.284067 1.069032 1.069032 1.069032
3356.281738 0.000000 2930.197021 0.000000 0.041720 0.000000 -0.999129 1.591694 1.591694 1.591694
3347.795898 0.000000 2898.829346 0.000000 0.965106 0.000000 -0.261861 1.099219 1.099219 1.099219
3359.428955 0.000000 2907.384033 0.000000 0.799563 0.000000 -0.600583 1.254119 1.254119 1.254119
3331.961670 0.000000 2939.217285 0.000000 0.840823 0.000000 -0.541310 1.317018 1.317018 1.317018
3370.008301 0.000000 2905.603760 0.000000 0.850039 0.000000 -0.526720 1.232668 1.232668 1.232668
3330.053223 0.000000 2914.473145 0.000000 0.188142 0.000000 -0.982142 1.379395 1.379395 1.379395
3318.306641 0.000000 2945.115234 0.000000 0.984722 0.000000 -0.174135 1.097006 1.097006 1.097006
3332.864502 0.000000 2937.437012 0.000000 0.836686 0.000000 -0.547683 1.321229 1.321229 1.321229
3367.568604 0.000000 2894.553223 0.000000 0.735475 0.000000 -0.677552 1.144963 1.144963 1.144963
3365.519287 0.000000 2894.623535 0.000000 0.184381 0.000000 -0.982855 1.767810 1.767810 1.767810
3360.308838 0.000000 2905.301270 0.000000 0.243739 0.000000 -0.969841 1.539020 1.539020 1.539020
3348.041748 0.000000 2902.969727 0.000000 0.033842 0.000000 -0.999427 1.306965 1.306965 1.306965
3360.640381 0.000000 2904.270752 0.000000 0.998609 0.000000 -0.052719 1.021463 1.021463 1.021463
3354.914307 0.000000 2933.822266 0.000000 0.025755 0.000000 -0.999668 1.428156 1.428156 1.428156
3318.374268 0.000000 2943.227051 0.000000 0.998910 0.000000 0.046678 0.974120 0.974120 0.974120
3363.293701 0.000000 2908.358643 0.000000 0.975930 0.000000 -0.218083 1.042811 1.042811 1.042811
3367.248779 0.000000 2902.827148 0.000000 0.539031 0.000000 -0.842286 1.555071 1.555071 1.555071
3352.144775 0.000000 2930.733398 0.000000 0.781508 0.000000 -0.623895 1.200154 1.200154 1.200154
3365.784668 0.000000 2893.601562 0.000000 0.158420 0.000000 -0.987372 1.782415 1.782415 1.782415
3319.801270 0.000000 2945.873535 0.000000 0.986875 0.000000 -0.161486 1.089894 1.089894 1.089894
3332.562744 0.000000 2879.884766 0.000000 0.322858 0.000000 -0.946447 1.511638 1.511638 1.511638
3312.796143 0.000000 2935.921387 0.000000 0.981957 0.000000 -0.189105 1.074095 1.074095 1.074095
3366.995605 0.000000 2896.402344 0.000000 0.892259 0.000000 -0.451523 1.099413 1.099413 1.099413
3367.464355 0.000000 2890.736816 0.000000 0.470121 0.000000 -0.882602 1.599331 1.599331 1.599331
3355.521973 0.000000 2928.061523 0.000000 0.935528 0.000000 -0.353252 1.169457 1.169457 1.169457
3369.084229 0.000000 2901.803467 0.000000 0.222350 0.000000 -0.974967 1.440393 1.440393 1.440393
3366.241699 0.000000 2899.875732 0.000000 0.120945 0.000000 -0.992659 1.604353 1.604353 1.604353
3363.811523 0.000000 2904.583252 0.000000 0.944620 0.000000 -0.328165 1.161106 1.161106 1.161106
3364.046875 0.000000 2891.215088 0.000000 0.321432 0.000000 -0.946932 1.689220 1.689220 1.689220
3353.760742 0.000000 2930.528076 0.000000 0.523816 0.000000 -0.851832 1.302874 1.302874 1.302874
3321.612549 0.000000 2943.383301 0.000000 0.709214 0.000000 -0.704994 1.267607 1.267607 1.267607
3326.579590 0.000000 2911.605957 0.000000 0.296875 0.000000 -0.954916 1.703532 1.703532 1.703532
3336.052734 0.000000 2934.224609 0.000000 0.230806 0.000000 -0.973000 1.477636 1.477636 1.477636
3365.792480 0.000000 2901.406982 0.000000 0.998982 0.000000 -0.045114 1.020393 1.020393 1.020393
3330.787109 0.000000 2938.174072 0.000000 0.954481 0.000000 -0.298271 1.167867 1.167867 1.167867
3365.752441 0.000000 2898.008789 0.000000 0.074369 0.000000 -0.997231 1.829332 1.829332 1.829332
3334.559814 0.000000 2879.981934 0.000000 0.271925 0.000000 -0.962319 1.717957 1.717957 1.717957
3366.966064 0.000000 2892.564453 0.000000 0.011347 0.000000 -0.999936 1.556733 1.556733 1.556733
3368.670654 0.000000 2903.720703 0.000000 0.638602 0.000000 -0.769537 1.416529 1.416529 1.416529
3336.908447 0.000000 2936.684082 0.000000 0.750188 0.000000 -0.661224 1.351708 1.351708 1.351708
3360.987549 0.000000 2906.164062 0.000000 0.792243 0.000000 -0.610206 1.363755 1.363755 1.363755
3362.550293 0.000000 2894.964111 0.000000 0.765741 0.000000 -0.643149 1.272079 1.272079 1.272079
3352.660889 0.000000 2900.790527 0.000000 0.997378 0.000000 -0.072373 1.020435 1.020435 1.020435
3362.192627 0.000000 2896.853027 0.000000 0.452532 0.000000 -0.891748 1.390384 1.390384 1.390384
3367.278320 0.000000 2898.877686 0.000000 0.701133 0.000000 -0.713031 1.330959 1.330959 1.330959
3327.450684 0.000000 2908.293701 0.000000 0.249296 0.000000 -0.968427 1.730947 1.730947 1.730947
3311.814453 0.000000 2932.557861 0.000000 0.449031 0.000000 -0.893516 1.612493 1.612493 1.612493
3333.262451 0.000000 2912.311035 0.000000 0.516621 0.000000 -0.856214 1.502974 1.502974 1.502974
3363.086426 0.000000 2895.872070 0.000000 0.976036 0.000000 -0.217611 1.085435 1.085435 1.085435
3317.902344 0.000000 2942.332031 0.000000 0.930612 0.000000 -0.366007 1.207679 1.207679 1.207679
3335.221191 0.000000 2936.053467 0.000000 0.820651 0.000000 -0.571430 1.337111 1.337111 1.337111
3319.862793 0.000000 2943.996826 0.000000 0.782691 0.000000 -0.622410 1.372344 1.372344 1.372344
3351.779785 0.000000 2900.537598 0.000000 0.843560 0.000000 -0.537034 1.312789 1.312789 1.312789
3365.272217 0.000000 2887.268311 0.000000 0.103133 0.000000 -0.994668 1.556872 1.556872 1.556872
3340.534912 0.000000 2933.867188 0.000000 0.358588 0.000000 -0.933496 1.667320 1.667320 1.667320
3364.126709 0.000000 2893.149170 0.000000 0.954304 0.000000 -0.298838 1.168196 1.168196 1.168196
3349.926270 0.000000 2896.244385 0.000000 0.570255 0.000000 -0.821468 1.322488 1.322488 1.322488
3335.482666 0.000000 2912.174316 0.000000 0.995386 0.000000 -0.095955 1.045826 1.045826 1.045826
3369.740723 0.000000 2900.741943 0.000000 0.090508 0.000000 -0.995896 1.484085 1.484085 1.484085
3327.978027 0.000000 2910.340820 0.000000 0.713091 0.000000 -0.701072 1.430584 1.430584 1.430584
3314.368408 0.000000 2943.863037 0.000000 0.689517 0.000000 -0.724269 1.430716 1.430716 1.430716
3350.865967 0.000000 2898.894775 0.000000 0.427024 0.000000 -0.904240 1.400453 1.400453 1.400453
3361.953857 0.000000 2904.518555 0.000000 0.288814 0.000000 -0.957385 1.519988 1.519988 1.519988
3341.061768 0.000000 2935.805908 0.000000 0.283019 0.000000 -0.959114 1.641041 1.641041 1.641041
3365.515625 0.000000 2890.372559 0.000000 0.064135 0.000000 -0.997941 1.835018 1.835018 1.835018
3344.974365 0.000000 2892.675049 0.000000 0.448271 0.000000 -0.893898 1.334093 1.334093 1.334093
3358.934570 0.000000 2906.653809 0.000000 0.942607 0.000000 -0.333903 1.134289 1.134289 1.134289
3370.138428 0.000000 2902.538086 0.000000 0.993402 0.000000 -0.114688 1.036443 1.036443 1.036443
3355.449219 0.000000 2930.458984 0.000000 0.981891 0.000000 -0.189448 1.105637 1.105637 1.105637
3367.024170 0.000000 2901.604492 0.000000 0.318918 0.000000 -0.947782 1.476017 1.476017 1.476017
3329.227295 0.000000 2908.419922 0.000000 0.390883 0.000000 -0.920440 1.399900 1.399900 1.399900
3315.066895 0.000000 2940.894043 0.000000 0.980574 0.000000 -0.196152 1.109423 1.109423 1.109423
3329.925293 0.000000 2913.086670 0.000000 0.874388 0.000000 -0.485227 1.199840 1.199840 1.199840
3354.915771 0.000000 2929.212646 0.000000 0.644598 0.000000 -0.764522 1.408476 1.408476 1.408476
3369.108643 0.000000 2900.009277 0.000000 0.871469 0.000000 -0.490451 1.167647 1.167647 1.167647
3364.638916 0.000000 2900.768066 0.000000 0.509184 0.000000 -0.860658 1.468396 1.468396 1.468396
3352.807373 0.000000 2930.199219 0.000000 0.230521 0.000000 -0.973067 1.397560 1.397560 1.397560
3335.500488 0.000000 2914.146973 0.000000 0.999938 0.000000 -0.011128 1.003973 1.003973 1.003973
3355.274658 0.000000 2931.963867 0.000000 0.986820 0.000000 -0.161825 1.090085 1.090085 1.090085
3362.556885 0.000000 2905.166260 0.000000 0.940948 0.000000 -0.338550 1.166414 1.166414 1.166414
3311.726807 0.000000 2935.767334 0.000000 0.440046 0.000000 -0.897975 1.484419 1.484419 1.484419
3334.712646 0.000000 2881.761475 0.000000 0.369584 0.000000 -0.929197 1.449447 1.449447 1.449447
3364.458008 0.000000 2898.412109 0.000000 0.849999 0.000000 -0.526785 1.307497 1.307497 1.307497
3339.603760 0.000000 2932.350342 0.000000 0.889466 0.000000 -0.457001 1.203805 1.203805 1.203805
3363.081543 0.000000 2906.437256 0.000000 0.369813 0.000000 -0.929106 1.660640 1.660640 1.660640
3366.275879 0.000000 2889.345703 0.000000 0.643235 0.000000 -0.765669 1.483336 1.483336 1.483336
3320.847168 0.000000 2944.228271 0.000000 0.981110 0.000000 -0.193450 1.073389 1.073389 1.073389
3367.160645 0.000000 2899.909668 0.000000 0.408051 0.000000 -0.912959 1.479661 1.479661 1.479661
3364.115967 0.000000 2894.407471 0.000000 0.999055 0.000000 -0.043453 1.024091 1.024091 1.024091
3339.649902 0.000000 2935.481689 0.000000 0.987830 0.000000 -0.155538 1.086556 1.086556 1.086556
3338.637695 0.000000 2934.379639 0.000000 0.999972 0.000000 0.007546 0.995818 0.995818 0.995818
3364.255859 0.000000 2886.212158 0.000000 0.972267 0.000000 -0.233873 1.089579 1.089579 1.089579
3351.275879 0.000000 2902.387207 0.000000 0.530370 0.000000 -0.847767 1.560751 1.560751 1.560751
3365.595215 0.000000 2899.377441 0.000000 0.948093 0.000000 -0.317992 1.179356 1.179356 1.179356
3364.953369 0.000000 2891.994873 0.000000 0.827938 0.000000 -0.560820 1.329978 1.329978 1.329978
3358.092773 0.000000 2909.416260 0.000000 0.956012 0.000000 -0.293329 1.139729 1.139729 1.139729
3334.477783 0.000000 2914.946533 0.000000 0.335760 0.000000 -0.941948 1.438541 1.438541 1.438541
3366.149658 0.000000 2890.911621 0.000000 0.959407 0.000000 -0.282026 1.158458 1.158458 1.158458
3783.718506 0.000000 2270.676025 0.000000 0.999690 0.000000 0.024883 0.995403 0.995403 0.995403
3778.726074 0.000000 2279.895020 0.000000 0.027414 0.000000 -0.999624 1.285131 1.285131 1.285131
3797.786865 0.000000 2269.578369 0.000000 0.997698 0.000000 -0.067811 1.005930 1.005930 1.005930
3784.844727 0.000000 2285.674072 0.000000 0.875703 0.000000 -0.482851 1.036483 1.036483 1.036483
3794.119873 0.000000 2277.535156 0.000000 0.811875 0.000000 -0.583832 1.115177 1.115177 1.115177
3787.031982 0.000000 2281.112305 0.000000 0.802570 0.000000 -0.596558 1.118090 1.118090 1.118090
3781.346436 0.000000 2273.830811 0.000000 0.385684 0.000000 -0.922631 1.217047 1.217047 1.217047
3809.398682 0.000000 2284.029297 0.000000 0.770550 0.000000 -0.637380 1.177711 1.177711 1.177711
3787.793701 0.000000 2276.020020 0.000000 0.726999 0.000000 -0.686638 1.139825 1.139825 1.139825
3808.841064 0.000000 2287.310059 0.000000 0.885357 0.000000 -0.464911 1.123131 1.123131 1.123131
3790.520996 0.000000 2281.888184 0.000000 0.954461 0.000000 -0.298334 1.055968 1.055968 1.055968
3779.272949 0.000000 2282.876953 0.000000 0.007283 0.000000 -0.999973 1.175652 1.175652 1.175652
3789.692139 0.000000 2269.831787 0.000000 0.999622 0.000000 -0.027489 1.005079 1.005079 1.005079
3775.204346 0.000000 2277.542725 0.000000 0.995513 0.000000 -0.094627 1.010647 1.010647 1.010647
3780.813477 0.000000 2270.471191 0.000000 0.124517 0.000000 -0.992217 1.267132 1.267132 1.267132
3811.117432 0.000000 2278.564941 0.000000 0.928493 0.000000 -0.371350 1.070288 1.070288 1.070288
3775.322510 0.000000 2270.709961 0.000000 0.997668 0.000000 -0.068248 1.007673 1.007673 1.007673
3782.396973 0.000000 2268.375488 0.000000 0.999332 0.000000 0.036555 0.993245 0.993245 0.993245
3776.663086 0.000000 2281.590332 0.000000 0.988908 0.000000 -0.148527 1.016748 1.016748 1.016748
3796.832520 0.000000 2277.835693 0.000000 0.999861 0.000000 -0.016680 1.003082 1.003082 1.003082
3794.414551 0.000000 2285.908691 0.000000 0.693990 0.000000 -0.719985 1.042140 1.042140 1.042140
3815.129639 0.000000 2275.455811 0.000000 0.896379 0.000000 -0.443289 1.084846 1.084846 1.084846
3791.572266 0.000000 2284.939941 0.000000 0.996661 0.000000 0.081647 0.993674 0.993674 0.993674
3795.773193 0.000000 2271.211426 0.000000 0.371220 0.000000 -0.928545 1.219934 1.219934 1.219934
3806.913086 0.000000 2282.648682 0.000000 0.212551 0.000000 -0.977150 1.064350 1.064350 1.064350
3787.030762 0.000000 2278.334961 0.000000 0.492823 0.000000 -0.870129 1.194991 1.194991 1.194991
3812.007080 0.000000 2283.926270 0.000000 0.593628 0.000000 -0.804740 1.249830 1.249830 1.249830
3811.481689 0.000000 2288.648438 0.000000 0.995580 0.000000 -0.093917 1.025125 1.025125 1.025125
3781.261475 0.000000 2279.809814 0.000000 0.158390 0.000000 -0.987377 1.260811 1.260811 1.260811
3799.266846 0.000000 2278.795654 0.000000 0.933953 0.000000 -0.357397 1.051096 1.051096 1.051096
3795.520020 0.000000 2281.909424 0.000000 0.147613 0.000000 -0.989045 1.262825 1.262825 1.262825
3783.674072 0.000000 2273.828125 0.000000 0.999704 0.000000 -0.024349 1.004499 1.004499 1.004499
3791.572510 0.000000 2272.166016 0.000000 0.988395 0.000000 -0.151904 1.028173 1.028173 1.028173
3806.218018 0.000000 2286.951904 0.000000 0.998150 0.000000 -0.060797 1.005164 1.005164 1.005164
3794.632324 0.000000 2275.265381 0.000000 0.916932 0.000000 -0.399043 1.075833 1.075833 1.075833
3812.331543 0.000000 2297.044434 0.000000 0.720351 0.000000 -0.693609 1.141604 1.141604 1.141604
3782.985840 0.000000 2278.086182 0.000000 0.584519 0.000000 -0.811380 1.174862 1.174862 1.174862
3798.323242 0.000000 2274.418457 0.000000 0.629490 0.000000 -0.777009 1.124414 1.124414 1.124414
3791.714111 0.000000 2269.090088 0.000000 0.006518 0.000000 -0.999979 1.288992 1.288992 1.288992
3811.538086 0.000000 2301.690674 0.000000 0.927752 0.000000 -0.373196 1.041057 1.041057 1.041057
3807.960205 0.000000 2289.334229 0.000000 0.999097 0.000000 0.042483 0.993104 0.993104 0.993104
3789.002930 0.000000 2280.463135 0.000000 0.646733 0.000000 -0.762717 1.160267 1.160267 1.160267
3795.754150 0.000000 2284.158447 0.000000 0.643857 0.000000 -0.765146 1.045678 1.045678 1.045678
3797.766602 0.000000 2271.794434 0.000000 0.738577 0.000000 -0.674169 1.123752 1.123752 1.123752
3810.581055 0.000000 2285.727295 0.000000 0.878853 0.000000 -0.477093 1.177555 1.177555 1.177555
3779.873535 0.000000 2275.443848 0.000000 0.988678 0.000000 -0.150056 1.027827 1.027827 1.027827
3782.153809 0.000000 2271.978516 0.000000 0.790956 0.000000 -0.611872 1.121641 1.121641 1.121641
3796.617920 0.000000 2275.702637 0.000000 0.974956 0.000000 -0.222397 1.041433 1.041433 1.041433
3788.899170 0.000000 2267.844482 0.000000 0.489797 0.000000 -0.871837 1.166553 1.166553 1.166553
3785.659912 0.000000 2269.993652 0.000000 0.117475 0.000000 -0.993076 1.268443 1.268443 1.268443
3812.058105 0.000000 2290.584717 0.000000 0.977441 0.000000 -0.211211 1.039316 1.039316 1.039316
3808.980957 0.000000 2294.846436 0.000000 0.740548 0.000000 -0.672004 1.136140 1.136140 1.136140
3786.062744 0.000000 2275.150391 0.000000 0.976300 0.000000 -0.216421 1.040301 1.040301 1.040301
3787.734863 0.000000 2274.010254 0.000000 0.963386 0.000000 -0.268119 1.050147 1.050147 1.050147
3779.108398 0.000000 2269.543945 0.000000 0.386123 0.000000 -0.922447 1.216959 1.216959 1.216959
3778.461182 0.000000 2266.231445 0.000000 0.254833 0.000000 -0.966985 1.147522 1.147522 1.147522
3799.459229 0.000000 2270.855713 0.000000 0.943819 0.000000 -0.330462 1.029429 1.029429 1.029429
3814.645020 0.000000 2277.253174 0.000000 0.998964 0.000000 -0.045518 1.008412 1.008412 1.008412
3809.138184 0.000000 2292.203613 0.000000 0.892731 0.000000 -0.450590 1.086354 1.086354 1.086354
3813.029541 0.000000 2302.873779 0.000000 0.274526 0.000000 -0.961580 1.138773 1.138773 1.138773
3815.277588 0.000000 2299.692383 0.000000 0.817422 0.000000 -0.576039 1.113410 1.113410 1.113410
3784.812500 0.000000 2281.332031 0.000000 0.375682 0.000000 -0.926749 1.219045 1.219045 1.219045
3779.087891 0.000000 2277.181152 0.000000 0.368989 0.000000 -0.929434 1.220377 1.220377 1.220377
3808.920410 0.000000 2297.682617 0.000000 0.304118 0.000000 -0.952634 1.220507 1.220507 1.220507
3792.572510 0.000000 2267.164795 0.000000 0.673187 0.000000 -0.739472 1.095581 1.095581 1.095581
3780.286133 0.000000 2272.339844 0.000000 0.805678 0.000000 -0.592353 1.117124 1.117124 1.117124
3814.898438 0.000000 2296.197021 0.000000 0.027354 0.000000 -0.999626 1.285142 1.285142 1.285142
3781.678955 0.000000 2266.663086 0.000000 0.790268 0.000000 -0.612762 1.121848 1.121848 1.121848
3793.042480 0.000000 2276.124023 0.000000 0.227593 0.000000 -0.973756 1.247778 1.247778 1.247778
3784.476562 0.000000 2272.232666 0.000000 0.285122 0.000000 -0.958491 1.236780 1.236780 1.236780
3779.919678 0.000000 2278.718750 0.000000 0.856500 0.000000 -0.516146 1.100195 1.100195 1.100195
3810.594971 0.000000 2287.318848 0.000000 0.492615 0.000000 -0.870247 1.390071 1.390071 1.390071
3794.376953 0.000000 2266.156738 0.000000 0.713611 0.000000 -0.700542 1.067820 1.067820 1.067820
3795.591797 0.000000 2276.902344 0.000000 0.924456 0.000000 -0.381289 1.072270 1.072270 1.072270
3813.229248 0.000000 2277.956299 0.000000 0.433130 0.000000 -0.901332 1.207438 1.207438 1.207438
3777.526123 0.000000 2272.843750 0.000000 0.567461 0.000000 -0.823401 1.178718 1.178718 1.178718
3776.804688 0.000000 2270.128906 0.000000 0.558424 0.000000 -0.829556 1.180738 1.180738 1.180738
3778.358643 0.000000 2281.581055 0.000000 0.845304 0.000000 -0.534285 1.104133 1.104133 1.104133
3789.161377 0.000000 2271.256836 0.000000 0.623096 0.000000 -0.782146 1.165919 1.165919 1.165919
3814.950439 0.000000 2301.675293 0.000000 0.821361 0.000000 -0.570408 1.112140 1.112140 1.112140
3782.291748 0.000000 2270.076416 0.000000 0.546091 0.000000 -0.837726 1.183471 1.183471 1.183471
3785.923584 0.000000 2271.663330 0.000000 0.432515 0.000000 -0.901627 1.207564 1.207564 1.207564
3786.771240 0.000000 2282.846191 0.000000 0.888761 0.000000 -0.458371 1.087968 1.087968 1.087968
3776.542480 0.000000 2274.670654 0.000000 0.943081 0.000000 -0.332564 1.062632 1.062632 1.062632
3809.120361 0.000000 2285.739746 0.000000 0.889377 0.000000 -0.457174 1.122096 1.122096 1.122096
3786.462646 0.000000 2276.664062 0.000000 0.957057 0.000000 -0.289901 1.054338 1.054338 1.054338
3797.814697 0.000000 2278.953857 0.000000 0.056295 0.000000 -0.998414 1.279790 1.279790 1.279790
3812.320068 0.000000 2293.702637 0.000000 0.653561 0.000000 -0.756874 1.158606 1.158606 1.158606
3781.592041 0.000000 2281.219482 0.000000 0.738840 0.000000 -0.673881 1.136609 1.136609 1.136609
3789.766113 0.000000 2266.008789 0.000000 0.999986 0.000000 0.005326 0.999162 0.999162 0.999162
3812.007812 0.000000 2300.254395 0.000000 0.994268 0.000000 -0.106914 1.019790 1.019790 1.019790
3812.928711 0.000000 2288.683838 0.000000 0.086026 0.000000 -0.996293 1.548567 1.548567 1.548567
3793.208008 0.000000 2269.069092 0.000000 0.472518 0.000000 -0.881321 1.199275 1.199275 1.199275
3778.551758 0.000000 2267.767090 0.000000 0.735423 0.000000 -0.677609 1.083641 1.083641 1.083641
3779.478271 0.000000 2271.001953 0.000000 0.584016 0.000000 -0.811742 1.174977 1.174977 1.174977
3783.531494 0.000000 2269.225586 0.000000 0.505880 0.000000 -0.862604 1.192207 1.192207 1.192207
3777.397949 0.000000 2280.377930 0.000000 0.217331 0.000000 -0.976098 1.151858 1.151858 1.151858
3813.553223 0.000000 2296.368164 0.000000 0.638166 0.000000 -0.769899 1.162332 1.162332 1.162332
3784.023682 0.000000 2282.518799 0.000000 0.652562 0.000000 -0.757735 1.158850 1.158850 1.158850
3793.679199 0.000000 2274.111816 0.000000 0.195600 0.000000 -0.980684 1.253826 1.253826 1.253826
3784.740479 0.000000 2274.652344 0.000000 0.727212 0.000000 -0.686413 1.139768 1.139768 1.139768
3792.599609 0.000000 2273.163818 0.000000 0.330557 0.000000 -0.943786 1.227957 1.227957 1.227957
3792.942139 0.000000 2271.834717 0.000000 0.761751 0.000000 -0.647869 1.130205 1.130205 1.130205
3794.832275 0.000000 2283.177490 0.000000 0.892832 0.000000 -0.450390 1.073483 1.073483 1.073483
3791.728516 0.000000 2278.983154 0.000000 0.219135 0.000000 -0.975695 1.249381 1.249381 1.249381
3790.225586 0.000000 2277.403809 0.000000 0.988935 0.000000 -0.148351 1.027509 1.027509 1.027509
3810.695312 0.000000 2283.626465 0.000000 0.638879 0.000000 -0.769307 1.225710 1.225710 1.225710
3813.597412 0.000000 2291.190918 0.000000 0.917555 0.000000 -0.397609 1.075544 1.075544 1.075544
3813.821533 0.000000 2275.616699 0.000000 0.830449 0.000000 -0.557094 1.109162 1.109162 1.109162
3798.604004 0.000000 2277.655518 0.000000 0.252363 0.000000 -0.967633 1.183940 1.183940 1.183940
3815.174561 0.000000 2271.579346 0.000000 0.984412 0.000000 -0.175878 1.027366 1.027366 1.027366
3814.912842 0.000000 2274.099609 0.000000 0.980279 0.000000 -0.197619 1.036751 1.036751 1.036751
3788.316895 0.000000 2281.559082 0.000000 0.839961 0.000000 -0.542647 1.105967 1.105967 1.105967
3795.955566 0.000000 2280.664307 0.000000 0.543020 0.000000 -0.839720 1.184147 1.184147 1.184147
3777.757568 0.000000 2274.223877 0.000000 0.971672 0.000000 -0.236334 1.044078 1.044078 1.044078
3790.308594 0.000000 2271.864746 0.000000 0.260001 0.000000 -0.965608 1.241604 1.241604 1.241604
3780.072510 0.000000 2274.128906 0.000000 0.142564 0.000000 -0.989786 1.263768 1.263768 1.263768
3785.724854 0.000000 2267.316650 0.000000 0.631723 0.000000 -0.775194 1.163872 1.163872 1.163872
3813.359863 0.000000 2283.874756 0.000000 0.314214 0.000000 -0.949352 1.334225 1.334225 1.334225
3783.509033 0.000000 2275.254395 0.000000 0.147227 0.000000 -0.989103 1.262897 1.262897 1.262897
3796.584961 0.000000 2279.171631 0.000000 0.575453 0.000000 -0.817835 1.176918 1.176918 1.176918
3796.597412 0.000000 2272.258545 0.000000 0.009177 0.000000 -0.999958 1.288501 1.288501 1.288501
3780.803955 0.000000 2283.840332 0.000000 0.999995 0.000000 -0.003287 1.000607 1.000607 1.000607
3789.590088 0.000000 2282.733154 0.000000 0.924340 0.000000 -0.381571 1.072327 1.072327 1.072327
3783.256104 0.000000 2276.869873 0.000000 0.999971 0.000000 -0.007572 1.001399 1.001399 1.001399
3812.543945 0.000000 2273.362061 0.000000 0.659583 0.000000 -0.751632 1.131650 1.131650 1.131650
3794.948975 0.000000 2273.923340 0.000000 0.984948 0.000000 -0.172853 1.032095 1.032095 1.032095
3776.210938 0.000000 2278.300049 0.000000 0.671015 0.000000 -0.741444 1.154302 1.154302 1.154302
3782.566406 0.000000 2273.199707 0.000000 0.393635 0.000000 -0.919267 1.215452 1.215452 1.215452
3810.959961 0.000000 2289.782471 0.000000 0.762344 0.000000 -0.647172 1.188025 1.188025 1.188025
3785.918457 0.000000 2281.844238 0.000000 0.540544 0.000000 -0.841316 1.184691 1.184691 1.184691
3777.641357 0.000000 2279.183105 0.000000 0.233241 0.000000 -0.972419 1.246705 1.246705 1.246705
3811.633057 0.000000 2282.703125 0.000000 0.087637 0.000000 -0.996153 1.381357 1.381357 1.381357
3790.701172 0.000000 2273.036133 0.000000 0.951033 0.000000 -0.309091 1.058053 1.058053 1.058053
3797.066895 0.000000 2274.556641 0.000000 0.563526 0.000000 -0.826098 1.179599 1.179599 1.179599
3784.141602 0.000000 2277.703125 0.000000 0.290986 0.000000 -0.956727 1.235649 1.235649 1.235649
3781.113037 0.000000 2267.783203 0.000000 0.528071 0.000000 -0.849200 1.187418 1.187418 1.187418
3779.016357 0.000000 2272.179932 0.000000 0.245002 0.000000 -0.969523 1.244468 1.244468 1.244468
3782.061279 0.000000 2276.939453 0.000000 0.852055 0.000000 -0.523452 1.101775 1.101775 1.101775
3794.039551 0.000000 2279.562744 0.000000 0.632956 0.000000 -0.774188 1.163579 1.163579 1.163579
3782.126953 0.000000 2283.717773 0.000000 0.943420 0.000000 -0.331602 1.062444 1.062444 1.062444
3811.625732 0.000000 2285.090088 0.000000 0.825112 0.000000 -0.564969 1.214345 1.214345 1.214345
3788.284180 0.000000 2266.838867 0.000000 0.980360 0.000000 -0.197215 1.031223 1.031223 1.031223
3814.116943 0.000000 2299.975830 0.000000 0.879959 0.000000 -0.475050 1.091452 1.091452 1.091452
3807.323486 0.000000 2295.669678 0.000000 0.987052 0.000000 -0.160400 1.026142 1.026142 1.026142
3797.898438 0.000000 2275.515137 0.000000 0.990839 0.000000 -0.135048 1.025026 1.025026 1.025026
3812.065430 0.000000 2277.613281 0.000000 0.588660 0.000000 -0.808381 1.173918 1.173918 1.173918
3784.820312 0.000000 2273.482422 0.000000 0.381803 0.000000 -0.924244 1.217823 1.217823 1.217823
3811.463135 0.000000 2296.218262 0.000000 0.165194 0.000000 -0.986261 1.259537 1.259537 1.259537
3814.985352 0.000000 2280.343994 0.000000 0.989591 0.000000 -0.143910 1.026679 1.026679 1.026679
3812.583496 0.000000 2295.649414 0.000000 0.870524 0.000000 -0.492126 1.095057 1.095057 1.095057
3794.473389 0.000000 2276.409668 0.000000 0.998132 0.000000 -0.061093 1.011294 1.011294 1.011294
3814.453613 0.000000 2288.870117 0.000000 0.971979 0.000000 -0.235069 1.087676 1.087676 1.087676
3783.295166 0.000000 2272.177490 0.000000 0.372030 0.000000 -0.928221 1.219772 1.219772 1.219772
3814.137207 0.000000 2302.531738 0.000000 0.796497 0.000000 -0.604642 1.119958 1.119958 1.119958
3812.715332 0.000000 2301.786621 0.000000 0.061589 0.000000 -0.998102 1.278811 1.278811 1.278811
3780.142578 0.000000 2279.879395 0.000000 0.148352 0.000000 -0.988935 1.262687 1.262687 1.262687
3785.959473 0.000000 2278.671143 0.000000 0.382765 0.000000 -0.923846 1.217631 1.217631 1.217631
3811.736816 0.000000 2292.711426 0.000000 0.952161 0.000000 -0.305597 1.057375 1.057375 1.057375
3794.781250 0.000000 2280.595703 0.000000 0.999380 0.000000 -0.035216 1.006507 1.006507 1.006507
3787.245850 0.000000 2275.023438 0.000000 0.312322 0.000000 -0.949976 1.231514 1.231514 1.231514
3792.226318 0.000000 2270.950928 0.000000 0.093675 0.000000 -0.995603 1.272865 1.272865 1.272865
3782.688477 0.000000 2282.735596 0.000000 0.942671 0.000000 -0.333725 1.062860 1.062860 1.062860
3787.836670 0.000000 2280.317383 0.000000 0.312893 0.000000 -0.949788 1.231403 1.231403 1.231403
3788.409424 0.000000 2270.416016 0.000000 0.782391 0.000000 -0.622787 1.124204 1.124204 1.124204
3784.079346 0.000000 2280.498047 0.000000 0.898905 0.000000 -0.438145 1.083788 1.083788 1.083788
3781.330078 0.000000 2272.728760 0.000000 0.992644 0.000000 -0.121068 1.022422 1.022422 1.022422
3791.238525 0.000000 2276.818115 0.000000 0.595840 0.000000 -0.803103 1.172272 1.172272 1.172272
3779.625488 0.000000 2268.574219 0.000000 0.963822 0.000000 -0.266546 1.049845 1.049845 1.049845
3812.845947 0.000000 2289.789062 0.000000 0.689281 0.000000 -0.724494 1.299397 1.299397 1.299397
3809.409180 0.000000 2282.014160 0.000000 0.941170 0.000000 -0.337934 1.063685 1.063685 1.063685
3780.366699 0.000000 2282.281250 0.000000 0.041816 0.000000 -0.999125 1.282468 1.282468 1.282468
3813.913574 0.000000 2279.901367 0.000000 0.400187 0.000000 -0.916433 1.214133 1.214133 1.214133
3783.732178 0.000000 2278.875000 0.000000 0.583949 0.000000 -0.811791 1.174992 1.174992 1.174992
3808.592285 0.000000 2288.401367 0.000000 0.872298 0.000000 -0.488974 1.100766 1.100766 1.100766
3811.432617 0.000000 2286.457520 0.000000 0.595971 0.000000 -0.803006 1.344483 1.344483 1.344483
3813.354492 0.000000 2293.367432 0.000000 0.846003 0.000000 -0.533178 1.103892 1.103892 1.103892
3789.271240 0.000000 2279.393311 0.000000 0.127711 0.000000 -0.991811 1.266538 1.266538 1.266538
3791.029297 0.000000 2278.124268 0.000000 0.612204 0.000000 -0.790700 1.168478 1.168478 1.168478
3809.869385 0.000000 2286.542725 0.000000 0.866497 0.000000 -0.499182 1.133093 1.133093 1.133093
3813.080078 0.000000 2287.322021 0.000000 0.514141 0.000000 -0.857706 1.380866 1.380866 1.380866
3809.019043 0.000000 2289.768066 0.000000 0.155101 0.000000 -0.987899 1.279090 1.279090 1.279090
3815.201904 0.000000 2285.163330 0.000000 0.151715 0.000000 -0.988424 1.524118 1.524118 1.524118
3815.099121 0.000000 2288.293701 0.000000 0.022034 0.000000 -0.999757 1.572250 1.572250 1.572250
3813.641602 0.000000 2289.121826 0.000000 0.999232 0.000000 -0.039192 1.014485 1.014485 1.014485
3842.139160 0.000000 2281.289795 0.000000 0.044427 0.000000 -0.999013 1.034296 1.034296 1.034296
3826.805908 0.000000 2288.409180 0.000000 0.618733 0.000000 -0.785601 1.018048 1.018048 1.018048
3815.617188 0.000000 2275.440186 0.000000 0.233362 0.000000 -0.972390 1.246683 1.246683 1.246683
3815.611816 0.000000 2266.231201 0.000000 0.776524 0.000000 -0.630088 1.032334 1.032334 1.032334
3843.987061 0.000000 2279.681641 0.000000 0.460489 0.000000 -0.887666 1.073625 1.073625 1.073625
3831.774170 0.000000 2295.478027 0.000000 0.537309 0.000000 -0.843386 1.185401 1.185401 1.185401
3817.686523 0.000000 2267.365234 0.000000 0.999825 0.000000 0.018724 0.996541 0.996541 0.996541
3819.372070 0.000000 2276.694824 0.000000 0.916192 0.000000 -0.400739 1.076174 1.076174 1.076174
3843.199219 0.000000 2272.213623 0.000000 0.329755 0.000000 -0.944067 1.083231 1.083231 1.083231
3832.735596 0.000000 2282.239258 0.000000 0.112162 0.000000 -0.993690 1.269431 1.269431 1.269431
3822.643066 0.000000 2292.621094 0.000000 0.996953 0.000000 -0.077999 1.014425 1.014425 1.014425
3840.012939 0.000000 2302.245361 0.000000 0.588665 0.000000 -0.808377 1.058756 1.058756 1.058756
3818.592285 0.000000 2281.929932 0.000000 0.088701 0.000000 -0.996058 1.273787 1.273787 1.273787
3818.721191 0.000000 2294.932861 0.000000 0.999787 0.000000 0.020652 0.996184 0.996184 0.996184
3835.235840 0.000000 2297.503662 0.000000 0.655960 0.000000 -0.754796 1.158020 1.158020 1.158020
3825.401611 0.000000 2292.031250 0.000000 0.565979 0.000000 -0.824420 1.179050 1.179050 1.179050
3833.059082 0.000000 2300.222900 0.000000 0.376192 0.000000 -0.926542 1.218943 1.218943 1.218943
3827.930420 0.000000 2283.053711 0.000000 0.982665 0.000000 -0.185389 1.034449 1.034449 1.034449
3829.487061 0.000000 2258.507812 0.000000 0.189915 0.000000 -0.981801 1.254896 1.254896 1.254896
3816.210449 0.000000 2263.146484 0.000000 0.696100 0.000000 -0.717944 1.147952 1.147952 1.147952
3815.619141 0.000000 2297.760254 0.000000 0.237418 0.000000 -0.971407 1.245911 1.245911 1.245911
3826.204102 0.000000 2302.444580 0.000000 0.989684 0.000000 -0.143271 1.026560 1.026560 1.026560
3817.468506 0.000000 2259.064941 0.000000 0.418245 0.000000 -0.908334 1.173501 1.173501 1.173501
3825.624268 0.000000 2260.639404 0.000000 0.224996 0.000000 -0.974360 1.248270 1.248270 1.248270
3821.544678 0.000000 2297.755127 0.000000 0.819324 0.000000 -0.573330 1.112798 1.112798 1.112798
3824.382324 0.000000 2256.959717 0.000000 0.885234 0.000000 -0.465147 1.089379 1.089379 1.089379
3834.317383 0.000000 2295.818115 0.000000 0.182395 0.000000 -0.983225 1.242455 1.242455 1.242455
3836.522705 0.000000 2283.341064 0.000000 0.861614 0.000000 -0.507565 1.098350 1.098350 1.098350
3827.867188 0.000000 2261.635498 0.000000 0.831744 0.000000 -0.555160 1.108732 1.108732 1.108732
3822.949951 0.000000 2279.056885 0.000000 0.116745 0.000000 -0.993162 1.268579 1.268579 1.268579
3829.114258 0.000000 2298.533447 0.000000 0.959450 0.000000 -0.281880 1.052791 1.052791 1.052791
3818.305176 0.000000 2297.595703 0.000000 0.999985 0.000000 0.005396 0.999003 0.999003 0.999003
3826.160156 0.000000 2258.496338 0.000000 0.903101 0.000000 -0.429429 1.082001 1.082001 1.082001
3827.811768 0.000000 2257.660400 0.000000 0.774045 0.000000 -0.633130 1.126659 1.126659 1.126659
3832.574707 0.000000 2292.552979 0.000000 0.237587 0.000000 -0.971366 1.129585 1.129585 1.129585
3820.264648 0.000000 2301.468018 0.000000 0.256198 0.000000 -0.966624 1.242331 1.242331 1.242331
3822.366699 0.000000 2282.674316 0.000000 0.672769 0.000000 -0.739852 1.153865 1.153865 1.153865
3825.835693 0.000000 2298.972656 0.000000 0.663371 0.000000 -0.748291 1.156198 1.156198 1.156198
3835.228271 0.000000 2261.319824 0.000000 0.999937 0.000000 0.011181 0.998883 0.998883 0.998883
3821.066406 0.000000 2279.881348 0.000000 0.998153 0.000000 -0.060750 1.011230 1.011230 1.011230
3817.431641 0.000000 2272.207275 0.000000 0.014523 0.000000 -0.999895 1.287513 1.287513 1.287513
3837.218018 0.000000 2297.083496 0.000000 0.934005 0.000000 -0.357259 1.064757 1.064757 1.064757
3818.785156 0.000000 2278.278076 0.000000 0.848416 0.000000 -0.529330 1.103052 1.103052 1.103052
3817.858154 0.000000 2263.070557 0.000000 0.515829 0.000000 -0.856692 1.190069 1.190069 1.190069
3820.256348 0.000000 2260.777832 0.000000 0.999449 0.000000 -0.033181 1.006131 1.006131 1.006131
3832.325928 0.000000 2303.419434 0.000000 0.986287 0.000000 -0.165040 1.030630 1.030630 1.030630
3819.996582 0.000000 2298.443115 0.000000 0.712739 0.000000 -0.701429 1.143620 1.143620 1.143620
3823.679199 0.000000 2263.456787 0.000000 0.971357 0.000000 -0.237626 1.044324 1.044324 1.044324
3815.599854 0.000000 2295.305176 0.000000 0.823775 0.000000 -0.566917 1.111356 1.111356 1.111356
3832.302979 0.000000 2298.799316 0.000000 0.369803 0.000000 -0.929110 1.220215 1.220215 1.220215
3830.692383 0.000000 2294.324463 0.000000 0.212470 0.000000 -0.977168 1.250642 1.250642 1.250642
3832.971924 0.000000 2263.042969 0.000000 0.190326 0.000000 -0.981721 1.254819 1.254819 1.254819
3822.917236 0.000000 2294.163818 0.000000 0.106690 0.000000 -0.994292 1.270448 1.270448 1.270448
3823.548340 0.000000 2260.370117 0.000000 0.925410 0.000000 -0.378968 1.071807 1.071807 1.071807
3825.545166 0.000000 2282.811035 0.000000 0.010679 0.000000 -0.999943 1.288223 1.288223 1.288223
3832.004150 0.000000 2261.120850 0.000000 0.623292 0.000000 -0.781989 1.154665 1.154665 1.154665
3815.963867 0.000000 2299.879150 0.000000 0.691809 0.000000 -0.722080 1.149053 1.149053 1.149053
3826.191162 0.000000 2296.196289 0.000000 0.070494 0.000000 -0.997512 1.277162 1.277162 1.277162
3830.963135 0.000000 2259.034180 0.000000 0.996937 0.000000 0.078210 0.986514 0.986514 0.986514
3816.052979 0.000000 2259.636230 0.000000 0.201874 0.000000 -0.979412 1.208260 1.208260 1.208260
3823.639160 0.000000 2297.116211 0.000000 0.541505 0.000000 -0.840698 1.184480 1.184480 1.184480
3838.943359 0.000000 2299.833496 0.000000 0.213482 0.000000 -0.976947 1.240297 1.240297 1.240297
3837.374756 0.000000 2299.680908 0.000000 0.568396 0.000000 -0.822755 1.178508 1.178508 1.178508
3829.197510 0.000000 2283.956787 0.000000 0.499492 0.000000 -0.866319 1.193573 1.193573 1.193573
3819.284668 0.000000 2292.031738 0.000000 0.755690 0.000000 -0.654930 1.131924 1.131924 1.131924
3815.725586 0.000000 2277.115967 0.000000 0.890357 0.000000 -0.455263 1.087323 1.087323 1.087323
3832.147461 0.000000 2294.063965 0.000000 0.875829 0.000000 -0.482621 1.093046 1.093046 1.093046
3822.621094 0.000000 2262.073975 0.000000 0.538938 0.000000 -0.842346 1.185044 1.185044 1.185044
3825.132568 0.000000 2255.708496 0.000000 0.057551 0.000000 -0.998343 1.211557 1.211557 1.211557
3835.111084 0.000000 2294.629883 0.000000 0.968098 0.000000 -0.250572 1.044261 1.044261 1.044261
3819.166748 0.000000 2293.603271 0.000000 0.486497 0.000000 -0.873682 1.196332 1.196332 1.196332
3823.331299 0.000000 2257.895752 0.000000 0.430645 0.000000 -0.902522 1.207947 1.207947 1.207947
3816.991699 0.000000 2275.802734 0.000000 0.999588 0.000000 0.028697 0.994698 0.994698 0.994698
3834.637207 0.000000 2262.640137 0.000000 0.460006 0.000000 -0.887916 1.188247 1.188247 1.188247
3821.620117 0.000000 2293.599365 0.000000 0.667949 0.000000 -0.744207 1.155065 1.155065 1.155065
3816.425293 0.000000 2274.209961 0.000000 0.801721 0.000000 -0.597698 1.118352 1.118352 1.118352
3829.013428 0.000000 2296.964844 0.000000 0.709461 0.000000 -0.704745 1.144482 1.144482 1.144482
3818.177002 0.000000 2280.649658 0.000000 0.991932 0.000000 -0.126772 1.023484 1.023484 1.023484
3821.627441 0.000000 2301.312500 0.000000 0.467667 0.000000 -0.883905 1.200290 1.200290 1.200290
3821.198975 0.000000 2296.141357 0.000000 0.807293 0.000000 -0.590151 1.116619 1.116619 1.116619
3831.844482 0.000000 2296.834229 0.000000 0.971809 0.000000 -0.235769 1.043971 1.043971 1.043971
3824.875244 0.000000 2301.972412 0.000000 0.063743 0.000000 -0.997966 1.278412 1.278412 1.278412
3822.609375 0.000000 2299.869873 0.000000 0.863418 0.000000 -0.504489 1.097691 1.097691 1.097691
3825.257568 0.000000 2281.042236 0.000000 0.734993 0.000000 -0.678075 1.137661 1.137661 1.137661
3817.833496 0.000000 2261.718994 0.000000 0.081048 0.000000 -0.996710 1.275206 1.275206 1.275206
3833.085938 0.000000 2295.291992 0.000000 0.997121 0.000000 -0.075832 1.014023 1.014023 1.014023
3826.339355 0.000000 2297.738037 0.000000 0.867772 0.000000 -0.496962 1.096085 1.096085 1.096085
3827.686768 0.000000 2263.099854 0.000000 0.970089 0.000000 -0.242749 1.045299 1.045299 1.045299
3826.115234 0.000000 2280.106689 0.000000 0.999363 0.000000 -0.035695 1.006596 1.006596 1.006596
3826.527832 0.000000 2261.540039 0.000000 0.243602 0.000000 -0.969875 1.244734 1.244734 1.244734
3815.989014 0.000000 2289.648682 0.000000 0.143337 0.000000 -0.989674 1.527248 1.527248 1.527248
3839.471924 0.000000 2301.082764 0.000000 0.633485 0.000000 -0.773755 1.163452 1.163452 1.163452
3817.041016 0.000000 2291.954834 0.000000 0.998530 0.000000 0.054205 0.989981 0.989981 0.989981
3819.030273 0.000000 2263.504150 0.000000 0.720481 0.000000 -0.693475 1.141570 1.141570 1.141570
3818.685303 0.000000 2296.401367 0.000000 0.281307 0.000000 -0.959618 1.237515 1.237515 1.237515
3818.215088 0.000000 2276.223877 0.000000 0.600505 0.000000 -0.799621 1.171196 1.171196 1.171196
3838.780273 0.000000 2302.421875 0.000000 0.112407 0.000000 -0.993662 1.269385 1.269385 1.269385
3818.752441 0.000000 2301.022461 0.000000 0.994225 0.000000 -0.107315 1.019864 1.019864 1.019864
3824.949951 0.000000 2290.847900 0.000000 0.851844 0.000000 -0.523795 1.101850 1.101850 1.101850
3821.963867 0.000000 2294.964355 0.000000 0.242661 0.000000 -0.970111 1.244914 1.244914 1.244914
3817.600342 0.000000 2278.513428 0.000000 0.920622 0.000000 -0.390456 1.074106 1.074106 1.074106
3829.707275 0.000000 2299.684814 0.000000 0.100109 0.000000 -0.994976 1.271670 1.271670 1.271670
3818.815674 0.000000 2298.713623 0.000000 0.299290 0.000000 -0.954162 1.234043 1.234043 1.234043
3816.465332 0.000000 2269.625977 0.000000 0.982454 0.000000 -0.186507 1.031849 1.031849 1.031849
3828.570801 0.000000 2294.834961 0.000000 0.993458 0.000000 -0.114197 1.021143 1.021143 1.021143
3816.886475 0.000000 2293.244873 0.000000 0.678068 0.000000 -0.735000 1.152537 1.152537 1.152537
3815.590576 0.000000 2282.512207 0.000000 0.450703 0.000000 -0.892674 1.294710 1.294710 1.294710
3815.832031 0.000000 2296.576904 0.000000 0.499726 0.000000 -0.866184 1.193523 1.193523 1.193523
3815.617676 0.000000 2271.810791 0.000000 0.721220 0.000000 -0.692706 1.118448 1.118448 1.118448
3827.191895 0.000000 2303.136963 0.000000 0.907021 0.000000 -0.421085 1.080298 1.080298 1.080298
3825.308105 0.000000 2293.227051 0.000000 0.899197 0.000000 -0.437544 1.083664 1.083664 1.083664
3827.584473 0.000000 2281.937256 0.000000 0.764544 0.000000 -0.644572 1.129407 1.129407 1.129407
3834.199951 0.000000 2296.955566 0.000000 0.861943 0.000000 -0.507005 1.098230 1.098230 1.098230
3817.400391 0.000000 2270.304443 0.000000 0.118152 0.000000 -0.992996 1.271943 1.271943 1.271943
3827.421387 0.000000 2280.827393 0.000000 0.661187 0.000000 -0.750221 1.156737 1.156737 1.156737
3822.519287 0.000000 2297.187256 0.000000 0.999223 0.000000 -0.039407 1.007282 1.007282 1.007282
3829.764648 0.000000 2259.619629 0.000000 0.965952 0.000000 -0.258722 1.048347 1.048347 1.048347
3828.822021 0.000000 2282.219971 0.000000 0.844765 0.000000 -0.535138 1.104320 1.104320 1.104320
3832.895508 0.000000 2283.543945 0.000000 0.936422 0.000000 -0.350876 1.066232 1.066232 1.066232
3823.437988 0.000000 2282.918213 0.000000 0.276874 0.000000 -0.960906 1.238368 1.238368 1.238368
3817.064697 0.000000 2280.738037 0.000000 0.999503 0.000000 0.031537 0.994173 0.994173 0.994173
3820.578125 0.000000 2265.549805 0.000000 0.365895 0.000000 -0.930656 1.220992 1.220992 1.220992
3818.065430 0.000000 2299.863281 0.000000 0.404618 0.000000 -0.914486 1.213239 1.213239 1.213239
3824.262207 0.000000 2298.024902 0.000000 0.016781 0.000000 -0.999859 1.287096 1.287096 1.287096
3824.543213 0.000000 2260.871826 0.000000 0.774665 0.000000 -0.632372 1.126478 1.126478 1.126478
3821.827881 0.000000 2279.052002 0.000000 0.679888 0.000000 -0.733316 1.152079 1.152079 1.152079
3825.876221 0.000000 2301.394043 0.000000 0.882778 0.000000 -0.469790 1.090350 1.090350 1.090350
3819.993896 0.000000 2277.604004 0.000000 0.717041 0.000000 -0.697030 1.142484 1.142484 1.142484
3828.576172 0.000000 2299.806885 0.000000 0.990104 0.000000 -0.140332 1.026011 1.026011 1.026011
3818.777344 0.000000 2264.567871 0.000000 0.246708 0.000000 -0.969090 1.244143 1.244143 1.244143
3825.219482 0.000000 2303.090332 0.000000 0.999869 0.000000 -0.016186 1.002990 1.002990 1.002990
3816.742188 0.000000 2301.834717 0.000000 0.425207 0.000000 -0.905096 1.209058 1.209058 1.209058
3831.614014 0.000000 2297.997314 0.000000 0.346559 0.000000 -0.938028 1.224815 1.224815 1.224815
3836.809814 0.000000 2265.546387 0.000000 0.195573 0.000000 -0.980689 1.253831 1.253831 1.253831
3818.110596 0.000000 2293.891602 0.000000 0.999968 0.000000 -0.007945 1.001468 1.001468 1.001468
3821.861816 0.000000 2276.865723 0.000000 0.281167 0.000000 -0.959659 1.237542 1.237542 1.237542
3832.493164 0.000000 2262.069580 0.000000 0.666004 0.000000 -0.745949 1.155547 1.155547 1.155547
3820.215332 0.000000 2300.394775 0.000000 0.999111 0.000000 -0.042160 1.007791 1.007791 1.007791
3828.421387 0.000000 2301.597168 0.000000 0.761254 0.000000 -0.648454 1.130347 1.130347 1.130347
3830.239502 0.000000 2278.150635 0.000000 0.225613 0.000000 -0.974217 1.496307 1.496307 1.496307
3831.331299 0.000000 2279.888672 0.000000 0.388645 0.000000 -0.921387 1.432907 1.432907 1.432907
3834.041260 0.000000 2272.509033 0.000000 0.683575 0.000000 -0.729881 1.302296 1.302296 1.302296
3820.994385 0.000000 2287.524658 0.000000 0.709060 0.000000 -0.705148 1.289174 1.289174 1.289174
3816.619141 0.000000 2284.346680 0.000000 0.860717 0.000000 -0.509084 1.197351 1.197351 1.197351
3833.406006 0.000000 2270.829590 0.000000 0.999955 0.000000 -0.009512 1.003515 1.003515 1.003515
3822.317627 0.000000 2267.670166 0.000000 0.999566 0.000000 -0.029460 1.008533 1.008533 1.008533
3815.593750 0.000000 2286.078613 0.000000 0.783462 0.000000 -0.621439 1.247771 1.247771 1.247771
3816.507812 0.000000 2282.905762 0.000000 0.713426 0.000000 -0.700731 1.207406 1.207406 1.207406
3827.301758 0.000000 2278.584473 0.000000 0.251669 0.000000 -0.967813 1.387799 1.387799 1.387799
3822.301758 0.000000 2275.127197 0.000000 0.889562 0.000000 -0.456813 1.129098 1.129098 1.129098
3825.557861 0.000000 2271.492676 0.000000 0.322841 0.000000 -0.946453 1.458930 1.458930 1.458930
3841.669434 0.000000 2276.716797 0.000000 0.956281 0.000000 -0.292448 1.091136 1.091136 1.091136
3834.732422 0.000000 2266.283447 0.000000 0.796098 0.000000 -0.605168 1.214196 1.214196 1.214196
3840.442383 0.000000 2268.272705 0.000000 0.992341 0.000000 -0.123531 1.028136 1.028136 1.028136
3820.055176 0.000000 2273.184326 0.000000 0.854497 0.000000 -0.519457 1.151365 1.151365 1.151365
3818.187256 0.000000 2283.039795 0.000000 0.049693 0.000000 -0.998765 1.406328 1.406328 1.406328
3835.828613 0.000000 2281.481445 0.000000 0.278259 0.000000 -0.960506 1.389328 1.389328 1.389328
3826.692383 0.000000 2269.833496 0.000000 0.761201 0.000000 -0.648516 1.260724 1.260724 1.260724
3826.533691 0.000000 2277.702148 0.000000 0.093855 0.000000 -0.995586 1.545663 1.545663 1.545663
3831.613037 0.000000 2275.142578 0.000000 0.962751 0.000000 -0.270391 1.101166 1.101166 1.101166
3833.300049 0.000000 2271.841064 0.000000 0.777710 0.000000 -0.628624 1.251172 1.251172 1.251172
3828.259766 0.000000 2278.138428 0.000000 0.760896 0.000000 -0.648874 1.257372 1.257372 1.257372
3823.359131 0.000000 2267.339355 0.000000 0.999485 0.000000 0.032083 0.990707 0.990707 0.990707
3837.593506 0.000000 2269.815674 0.000000 0.850778 0.000000 -0.525525 1.204450 1.204450 1.204450
3829.807617 0.000000 2266.479492 0.000000 0.999305 0.000000 -0.037269 1.013774 1.013774 1.013774
3837.242920 0.000000 2272.855469 0.000000 0.952376 0.000000 -0.304925 1.114490 1.114490 1.114490
3832.254883 0.000000 2272.294434 0.000000 0.235393 0.000000 -0.971900 1.492593 1.492593 1.492593
3835.200439 0.000000 2278.526855 0.000000 0.402331 0.000000 -0.915494 1.427401 1.427401 1.427401
3838.705322 0.000000 2276.832764 0.000000 0.806020 0.000000 -0.591888 1.234034 1.234034 1.234034
3828.244629 0.000000 2273.488770 0.000000 0.959564 0.000000 -0.281491 1.105433 1.105433 1.105433
3830.435059 0.000000 2280.117188 0.000000 0.171979 0.000000 -0.985101 1.422298 1.422298 1.422298
3834.759277 0.000000 2281.244629 0.000000 0.340819 0.000000 -0.940129 1.369449 1.369449 1.369449
3833.995117 0.000000 2275.817139 0.000000 0.325298 0.000000 -0.945612 1.457970 1.457970 1.457970
3836.583496 0.000000 2266.696045 0.000000 0.287140 0.000000 -0.957889 1.408893 1.408893 1.408893
3829.206299 0.000000 2280.470215 0.000000 0.962598 0.000000 -0.270933 1.080825 1.080825 1.080825
3831.972900 0.000000 2266.886230 0.000000 0.531269 0.000000 -0.847203 1.373442 1.373442 1.373442
3827.141357 0.000000 2272.169189 0.000000 0.163577 0.000000 -0.986530 1.519679 1.519679 1.519679
3826.710938 0.000000 2274.431641 0.000000 0.576262 0.000000 -0.817265 1.353472 1.353472 1.353472
3837.333008 0.000000 2281.024658 0.000000 0.254426 0.000000 -0.967092 1.396798 1.396798 1.396798
3825.126709 0.000000 2267.815186 0.000000 0.990582 0.000000 -0.136921 1.049721 1.049721 1.049721
3831.241699 0.000000 2266.008545 0.000000 0.406139 0.000000 -0.913811 1.425862 1.425862 1.425862
3826.472900 0.000000 2271.345703 0.000000 0.962502 0.000000 -0.271274 1.101505 1.101505 1.101505
3835.047852 0.000000 2267.068604 0.000000 0.475979 0.000000 -0.879457 1.354168 1.354168 1.354168
3837.035156 0.000000 2270.609863 0.000000 0.156672 0.000000 -0.987651 1.522264 1.522264 1.522264
3837.390137 0.000000 2267.252197 0.000000 0.922520 0.000000 -0.385950 1.126621 1.126621 1.126621
3830.475342 0.000000 2271.487061 0.000000 0.960762 0.000000 -0.277375 1.103849 1.103849 1.103849
3836.747803 0.000000 2279.412109 0.000000 0.831095 0.000000 -0.556130 1.217896 1.217896 1.217896
3828.802002 0.000000 2272.053467 0.000000 0.655424 0.000000 -0.755261 1.316302 1.316302 1.316302
3823.716553 0.000000 2270.408691 0.000000 0.998524 0.000000 -0.054305 1.020075 1.020075 1.020075
3830.411865 0.000000 2281.663818 0.000000 0.559980 0.000000 -0.828506 1.294964 1.294964 1.294964
3840.130859 0.000000 2275.303467 0.000000 0.980774 0.000000 -0.195148 1.072571 1.072571 1.072571
3836.050293 0.000000 2280.042725 0.000000 0.673401 0.000000 -0.739278 1.251332 1.251332 1.251332
3832.604004 0.000000 2273.650879 0.000000 0.992485 0.000000 -0.122367 1.045327 1.045327 1.045327
3824.792480 0.000000 2272.337646 0.000000 0.923595 0.000000 -0.383370 1.145373 1.145373 1.145373
3815.673828 0.000000 2284.574951 0.000000 0.901437 0.000000 -0.432910 1.165427 1.165427 1.165427
3834.645020 0.000000 2280.267090 0.000000 0.681733 0.000000 -0.731601 1.247909 1.247909 1.247909
3826.990234 0.000000 2276.941406 0.000000 0.876136 0.000000 -0.482065 1.185857 1.185857 1.185857
3841.820801 0.000000 2274.821777 0.000000 0.195007 0.000000 -0.980802 1.507875 1.507875 1.507875
3835.409180 0.000000 2277.348633 0.000000 0.738990 0.000000 -0.673716 1.273136 1.273136 1.273136
3836.989746 0.000000 2277.843018 0.000000 0.172591 0.000000 -0.984994 1.516301 1.516301 1.516301
3835.574707 0.000000 2273.561768 0.000000 0.949572 0.000000 -0.313550 1.117841 1.117841 1.117841
3799.718018 0.000000 2354.079346 0.000000 0.910417 0.000000 -0.413691 1.008518 1.008518 1.008518
3801.997559 0.000000 2350.823242 0.000000 0.998942 0.000000 -0.045989 1.008499 1.008499 1.008499
3811.354980 0.000000 2342.583740 0.000000 0.853024 0.000000 -0.521872 1.101433 1.101433 1.101433
3813.331543 0.000000 2357.773926 0.000000 0.854539 0.000000 -0.519388 1.024542 1.024542 1.024542
3814.698242 0.000000 2341.369629 0.000000 0.968251 0.000000 -0.249980 1.017662 1.017662 1.017662
3808.145020 0.000000 2343.781250 0.000000 0.378444 0.000000 -0.925624 1.218494 1.218494 1.218494
3800.729736 0.000000 2343.707275 0.000000 0.602850 0.000000 -0.797854 1.170654 1.170654 1.170654
3808.710938 0.000000 2339.181396 0.000000 0.593580 0.000000 -0.804775 1.105076 1.105076 1.105076
3806.893799 0.000000 2349.014160 0.000000 0.386362 0.000000 -0.922347 1.216911 1.216911 1.216911
3813.795166 0.000000 2355.333008 0.000000 0.998382 0.000000 -0.056855 1.008095 1.008095 1.008095
3801.477051 0.000000 2352.860352 0.000000 0.881582 0.000000 -0.472030 1.090819 1.090819 1.090819
3812.158691 0.000000 2354.102539 0.000000 0.996722 0.000000 0.080897 0.988476 0.988476 0.988476
3799.583740 0.000000 2352.099854 0.000000 0.923722 0.000000 -0.383062 1.042201 1.042201 1.042201
3805.345215 0.000000 2347.587402 0.000000 0.987624 0.000000 -0.156838 1.029095 1.029095 1.029095
3814.429932 0.000000 2345.357910 0.000000 0.999658 0.000000 0.026150 0.995168 0.995168 0.995168
3811.959717 0.000000 2344.578613 0.000000 0.694706 0.000000 -0.719294 1.148310 1.148310 1.148310
3813.047852 0.000000 2341.954346 0.000000 0.674066 0.000000 -0.738671 1.130717 1.130717 1.130717
3798.786133 0.000000 2348.566895 0.000000 0.960174 0.000000 -0.279403 1.052315 1.052315 1.052315
3809.718994 0.000000 2343.154785 0.000000 0.891720 0.000000 -0.452587 1.086768 1.086768 1.086768
3803.035400 0.000000 2349.577393 0.000000 0.998413 0.000000 -0.056312 1.010409 1.010409 1.010409
3804.732666 0.000000 2339.243408 0.000000 0.221111 0.000000 -0.975249 1.151423 1.151423 1.151423
3798.327393 0.000000 2353.282471 0.000000 0.032792 0.000000 -0.999462 1.165107 1.165107 1.165107
3800.552490 0.000000 2342.149170 0.000000 0.481005 0.000000 -0.876718 1.197491 1.197491 1.197491
3810.215332 0.000000 2354.759521 0.000000 0.034309 0.000000 -0.999411 1.283856 1.283856 1.283856
3803.322266 0.000000 2346.580078 0.000000 0.067225 0.000000 -0.997738 1.277767 1.277767 1.277767
3801.951172 0.000000 2342.667969 0.000000 0.560456 0.000000 -0.828184 1.180285 1.180285 1.180285
3801.235840 0.000000 2354.275879 0.000000 0.956842 0.000000 -0.290610 1.031654 1.031654 1.031654
3810.673096 0.000000 2341.277832 0.000000 0.987992 0.000000 -0.154504 1.028659 1.028659 1.028659
3809.449219 0.000000 2349.191162 0.000000 0.767629 0.000000 -0.640894 1.128520 1.128520 1.128520
3800.034180 0.000000 2355.656982 0.000000 0.952721 0.000000 -0.303847 1.033142 1.033142 1.033142
3807.363525 0.000000 2350.395996 0.000000 0.377987 0.000000 -0.925811 1.218585 1.218585 1.218585
3802.059814 0.000000 2344.241699 0.000000 0.998481 0.000000 0.055100 0.989815 0.989815 0.989815
3814.875977 0.000000 2349.578613 0.000000 0.209108 0.000000 -0.977893 1.251277 1.251277 1.251277
3804.019287 0.000000 2347.914795 0.000000 0.640860 0.000000 -0.767658 1.161685 1.161685 1.161685
3798.196289 0.000000 2345.516113 0.000000 0.099409 0.000000 -0.995047 1.271801 1.271801 1.271801
3807.059570 0.000000 2352.215820 0.000000 0.710777 0.000000 -0.703417 1.144137 1.144137 1.144137
3808.153564 0.000000 2349.344238 0.000000 0.915062 0.000000 -0.403313 1.076694 1.076694 1.076694
3808.162598 0.000000 2345.120850 0.000000 0.980952 0.000000 -0.194249 1.036116 1.036116 1.036116
3799.575195 0.000000 2344.264404 0.000000 0.935853 0.000000 -0.352390 1.066531 1.066531 1.066531
3801.531738 0.000000 2347.344482 0.000000 0.804044 0.000000 -0.594570 1.117633 1.117633 1.117633
3798.369141 0.000000 2351.999512 0.000000 0.827118 0.000000 -0.562028 1.110262 1.110262 1.110262
3811.937256 0.000000 2341.370117 0.000000 0.400777 0.000000 -0.916176 1.214014 1.214014 1.214014
3813.725830 0.000000 2340.633789 0.000000 0.885014 0.000000 -0.465565 1.076168 1.076168 1.076168
3802.358643 0.000000 2353.686279 0.000000 0.601684 0.000000 -0.798734 1.170924 1.170924 1.170924
3798.260254 0.000000 2349.644531 0.000000 0.122324 0.000000 -0.992490 1.267541 1.267541 1.267541
3799.945312 0.000000 2349.022705 0.000000 0.006110 0.000000 -0.999981 1.289067 1.289067 1.289067
3805.108643 0.000000 2350.848389 0.000000 0.865459 0.000000 -0.500980 1.096941 1.096941 1.096941
3809.133545 0.000000 2344.483154 0.000000 0.229722 0.000000 -0.973256 1.247374 1.247374 1.247374
3805.500977 0.000000 2344.886475 0.000000 0.905562 0.000000 -0.424214 1.080935 1.080935 1.080935
3800.324707 0.000000 2353.041016 0.000000 0.508764 0.000000 -0.860906 1.191589 1.191589 1.191589
3807.893799 0.000000 2351.449951 0.000000 0.139457 0.000000 -0.990228 1.264348 1.264348 1.264348
3807.999023 0.000000 2340.891113 0.000000 0.873407 0.000000 -0.486990 1.093969 1.093969 1.093969
3804.630127 0.000000 2353.609863 0.000000 0.999971 0.000000 0.007577 0.998600 0.998600 0.998600
3811.187012 0.000000 2348.907227 0.000000 0.187173 0.000000 -0.982327 1.255412 1.255412 1.255412
3811.323975 0.000000 2354.841064 0.000000 0.852548 0.000000 -0.522649 1.101601 1.101601 1.101601
3801.371826 0.000000 2351.782471 0.000000 0.863609 0.000000 -0.504163 1.097621 1.097621 1.097621
3813.935547 0.000000 2342.691650 0.000000 0.999187 0.000000 -0.040311 1.007449 1.007449 1.007449
3828.227295 0.000000 2349.795654 0.000000 0.471300 0.000000 -0.881973 1.199530 1.199530 1.199530
3842.161377 0.000000 2336.832520 0.000000 0.090011 0.000000 -0.995941 1.273545 1.273545 1.273545
3821.612305 0.000000 2344.603760 0.000000 0.998386 0.000000 -0.056790 1.010497 1.010497 1.010497
3832.722168 0.000000 2345.278809 0.000000 0.631056 0.000000 -0.775737 1.164031 1.164031 1.164031
3832.773926 0.000000 2336.441406 0.000000 0.943714 0.000000 -0.330762 1.124559 1.124559 1.124559
3830.449463 0.000000 2344.547607 0.000000 0.925112 0.000000 -0.379693 1.071951 1.071951 1.071951
3825.020508 0.000000 2349.031494 0.000000 0.651331 0.000000 -0.758793 1.159150 1.159150 1.159150
3836.988525 0.000000 2334.143555 0.000000 0.315307 0.000000 -0.948990 1.458747 1.458747 1.458747
3820.755859 0.000000 2321.987549 0.000000 0.573144 0.000000 -0.819454 1.177439 1.177439 1.177439
3821.547852 0.000000 2328.339844 0.000000 0.949726 0.000000 -0.313082 1.058829 1.058829 1.058829
3820.456299 0.000000 2339.832764 0.000000 0.926544 0.000000 -0.376185 1.071252 1.071252 1.071252
3830.480957 0.000000 2332.738770 0.000000 0.238354 0.000000 -0.971178 1.557881 1.557881 1.557881
3825.713135 0.000000 2326.674072 0.000000 0.992449 0.000000 -0.122661 1.022718 1.022718 1.022718
3836.798340 0.000000 2324.052246 0.000000 0.410150 0.000000 -0.912018 1.212119 1.212119 1.212119
3843.416504 0.000000 2333.564453 0.000000 0.448238 0.000000 -0.893914 1.204328 1.204328 1.204328
3829.929932 0.000000 2303.659668 0.000000 0.168276 0.000000 -0.985740 1.258959 1.258959 1.258959
3833.132324 0.000000 2316.852051 0.000000 0.997090 0.000000 -0.076234 1.004382 1.004382 1.004382
3837.541260 0.000000 2326.088867 0.000000 0.984042 0.000000 -0.177938 1.033049 1.033049 1.033049
3839.392822 0.000000 2322.480713 0.000000 0.784254 0.000000 -0.620440 1.123650 1.123650 1.123650
3817.535400 0.000000 2351.169434 0.000000 0.433546 0.000000 -0.901131 1.128895 1.128895 1.128895
3838.540283 0.000000 2338.203125 0.000000 0.293523 0.000000 -0.955952 1.317782 1.317782 1.317782
3821.519287 0.000000 2324.372314 0.000000 0.721353 0.000000 -0.692567 1.141337 1.141337 1.141337
3834.298096 0.000000 2343.902100 0.000000 0.994366 0.000000 -0.106002 1.019620 1.019620 1.019620
3826.405273 0.000000 2319.041748 0.000000 0.852562 0.000000 -0.522626 1.101596 1.101596 1.101596
3823.974854 0.000000 2320.968506 0.000000 0.823775 0.000000 -0.566916 1.111356 1.111356 1.111356
3826.784424 0.000000 2337.862305 0.000000 0.728471 0.000000 -0.685077 1.237405 1.237405 1.237405
3822.436768 0.000000 2342.779785 0.000000 0.010218 0.000000 -0.999948 1.288308 1.288308 1.288308
3817.682617 0.000000 2346.640869 0.000000 0.999700 0.000000 -0.024489 1.002813 1.002813 1.002813
3819.559814 0.000000 2338.027588 0.000000 0.685087 0.000000 -0.728462 1.150765 1.150765 1.150765
3840.293213 0.000000 2336.012939 0.000000 0.999870 0.000000 -0.016142 1.002982 1.002982 1.002982
3836.930664 0.000000 2341.325195 0.000000 0.997454 0.000000 -0.071318 1.026374 1.026374 1.026374
3825.596680 0.000000 2335.695312 0.000000 0.486143 0.000000 -0.873879 1.196407 1.196407 1.196407
3839.263672 0.000000 2343.498535 0.000000 0.534246 0.000000 -0.845329 1.065376 1.065376 1.065376
3823.762451 0.000000 2339.147705 0.000000 0.804041 0.000000 -0.594573 1.117633 1.117633 1.117633
3822.557129 0.000000 2325.997070 0.000000 0.707220 0.000000 -0.706994 1.145069 1.145069 1.145069
3838.187988 0.000000 2306.589844 0.000000 0.889836 0.000000 -0.456281 1.087534 1.087534 1.087534
3833.784912 0.000000 2331.306396 0.000000 0.519820 0.000000 -0.854276 1.424438 1.424438 1.424438
3840.739014 0.000000 2341.812256 0.000000 0.206115 0.000000 -0.978528 1.091888 1.091888 1.091888
3815.811279 0.000000 2344.040771 0.000000 0.644674 0.000000 -0.764457 1.160765 1.160765 1.160765
3826.296143 0.000000 2315.480713 0.000000 0.888933 0.000000 -0.458037 1.072457 1.072457 1.072457
3815.597168 0.000000 2351.738525 0.000000 0.067308 0.000000 -0.997732 1.277752 1.277752 1.277752
3832.910889 0.000000 2309.899902 0.000000 0.912931 0.000000 -0.408113 1.077664 1.077664 1.077664
3817.051025 0.000000 2320.318359 0.000000 0.968148 0.000000 -0.250378 1.029063 1.029063 1.029063
3823.966309 0.000000 2304.877441 0.000000 0.382095 0.000000 -0.924123 1.217765 1.217765 1.217765
3829.371338 0.000000 2327.837646 0.000000 0.999920 0.000000 0.012644 0.995328 0.995328 0.995328
3825.524414 0.000000 2317.469482 0.000000 0.655478 0.000000 -0.755214 1.158138 1.158138 1.158138
3837.531250 0.000000 2304.198486 0.000000 0.723067 0.000000 -0.690777 1.140880 1.140880 1.140880
3823.124512 0.000000 2349.285889 0.000000 0.221124 0.000000 -0.975246 1.249004 1.249004 1.249004
3843.871826 0.000000 2324.914551 0.000000 0.700994 0.000000 -0.713167 1.116954 1.116954 1.116954
3819.981201 0.000000 2344.107666 0.000000 0.983863 0.000000 -0.178922 1.033234 1.033234 1.033234
3829.310303 0.000000 2310.995117 0.000000 0.719531 0.000000 -0.694461 1.141823 1.141823 1.141823
3820.672852 0.000000 2334.154785 0.000000 0.733620 0.000000 -0.679560 1.136169 1.136169 1.136169
3820.824707 0.000000 2305.456299 0.000000 0.253197 0.000000 -0.967415 1.242905 1.242905 1.242905
3828.096191 0.000000 2318.638916 0.000000 0.987488 0.000000 -0.157691 1.029255 1.029255 1.029255
3842.800537 0.000000 2335.171143 0.000000 0.866285 0.000000 -0.499551 1.096636 1.096636 1.096636
3829.779541 0.000000 2331.206055 0.000000 0.971367 0.000000 -0.237583 1.131750 1.131750 1.131750
3822.961426 0.000000 2336.625488 0.000000 0.500849 0.000000 -0.865535 1.193283 1.193283 1.193283
3834.718994 0.000000 2339.372070 0.000000 0.995505 0.000000 -0.094705 1.035045 1.035045 1.035045
3830.324951 0.000000 2342.924072 0.000000 0.014746 0.000000 -0.999891 1.287472 1.287472 1.287472
3845.947266 0.000000 2334.479248 0.000000 0.600907 0.000000 -0.799319 1.092488 1.092488 1.092488
3830.818604 0.000000 2319.977539 0.000000 0.538013 0.000000 -0.842936 1.185247 1.185247 1.185247
3819.289062 0.000000 2340.974365 0.000000 0.817835 0.000000 -0.575453 1.113277 1.113277 1.113277
3822.817383 0.000000 2345.687744 0.000000 0.243595 0.000000 -0.969877 1.244736 1.244736 1.244736
3827.567139 0.000000 2320.168457 0.000000 0.150298 0.000000 -0.988641 1.262324 1.262324 1.262324
3818.953613 0.000000 2322.042236 0.000000 0.858727 0.000000 -0.512433 1.099396 1.099396 1.099396
3840.014648 0.000000 2331.869873 0.000000 0.999972 0.000000 -0.007494 1.001384 1.001384 1.001384
3837.809814 0.000000 2342.768799 0.000000 0.922275 0.000000 -0.386533 1.073320 1.073320 1.073320
3832.891846 0.000000 2340.605469 0.000000 0.234000 0.000000 -0.972237 1.493123 1.493123 1.493123
3829.351318 0.000000 2305.146973 0.000000 0.998289 0.000000 0.058467 0.989192 0.989192 0.989192
3841.522705 0.000000 2322.342529 0.000000 0.981048 0.000000 -0.193767 1.028723 1.028723 1.028723
3820.799072 0.000000 2336.937500 0.000000 0.576729 0.000000 -0.816935 1.176630 1.176630 1.176630
3826.797119 0.000000 2322.653809 0.000000 0.867647 0.000000 -0.497181 1.096131 1.096131 1.096131
3822.995117 0.000000 2331.542480 0.000000 0.737721 0.000000 -0.675106 1.160969 1.160969 1.160969
3839.990723 0.000000 2340.456787 0.000000 0.805954 0.000000 -0.591979 1.158159 1.158159 1.158159
3828.990723 0.000000 2343.864990 0.000000 0.049031 0.000000 -0.998797 1.281134 1.281134 1.281134
3822.199219 0.000000 2321.440430 0.000000 0.334291 0.000000 -0.942470 1.227225 1.227225 1.227225
3839.917725 0.000000 2337.501465 0.000000 0.999264 0.000000 -0.038356 1.009578 1.009578 1.009578
3820.831543 0.000000 2317.209717 0.000000 0.527657 0.000000 -0.849458 1.174838 1.174838 1.174838
3825.696289 0.000000 2343.913330 0.000000 0.313024 0.000000 -0.949745 1.231378 1.231378 1.231378
3827.449707 0.000000 2334.517090 0.000000 0.781146 0.000000 -0.624348 1.212110 1.212110 1.212110
3826.616455 0.000000 2349.179932 0.000000 0.759263 0.000000 -0.650784 1.130913 1.130913 1.130913
3820.621582 0.000000 2329.565918 0.000000 0.065395 0.000000 -0.997859 1.278106 1.278106 1.278106
3818.208496 0.000000 2303.629883 0.000000 0.993228 0.000000 -0.116183 1.021513 1.021513 1.021513
3818.642334 0.000000 2345.329590 0.000000 0.999935 0.000000 -0.011380 1.002102 1.002102 1.002102
3820.712891 0.000000 2303.942139 0.000000 0.290615 0.000000 -0.956840 1.235720 1.235720 1.235720
3844.803711 0.000000 2331.496582 0.000000 0.000109 0.000000 -1.000000 1.192144 1.192144 1.192144
3835.768799 0.000000 2330.969727 0.000000 0.856791 0.000000 -0.515664 1.135259 1.135259 1.135259
3827.990479 0.000000 2305.712402 0.000000 0.789726 0.000000 -0.613459 1.122011 1.122011 1.122011
3825.242920 0.000000 2320.035156 0.000000 0.091479 0.000000 -0.995807 1.273272 1.273272 1.273272
3820.079346 0.000000 2324.870117 0.000000 0.068689 0.000000 -0.997638 1.277496 1.277496 1.277496
3816.679688 0.000000 2325.736572 0.000000 0.422150 0.000000 -0.906526 1.130342 1.130342 1.130342
3826.919678 0.000000 2325.837402 0.000000 0.392368 0.000000 -0.919808 1.244856 1.244856 1.244856
3842.096680 0.000000 2330.398193 0.000000 0.997783 0.000000 0.066545 0.987697 0.987697 0.987697
3822.248047 0.000000 2309.601074 0.000000 0.452976 0.000000 -0.891523 1.173120 1.173120 1.173120
3821.683350 0.000000 2341.040527 0.000000 0.997588 0.000000 -0.069416 1.012835 1.012835 1.012835
3827.647949 0.000000 2346.495117 0.000000 0.743657 0.000000 -0.668561 1.135283 1.135283 1.135283
3834.536133 0.000000 2333.747559 0.000000 0.288594 0.000000 -0.957452 1.469031 1.469031 1.469031
3832.394775 0.000000 2308.492188 0.000000 0.964245 0.000000 -0.265014 1.049552 1.049552 1.049552
3831.681396 0.000000 2333.522217 0.000000 0.594872 0.000000 -0.803820 1.391608 1.391608 1.391608
3833.225586 0.000000 2323.478516 0.000000 0.880858 0.000000 -0.473380 1.182204 1.182204 1.182204
3827.914062 0.000000 2310.860352 0.000000 0.325599 0.000000 -0.945508 1.154680 1.154680 1.154680
3838.596680 0.000000 2327.059326 0.000000 0.930979 0.000000 -0.365072 1.069041 1.069041 1.069041
3824.363037 0.000000 2326.425049 0.000000 0.440428 0.000000 -0.897788 1.205939 1.205939 1.205939
3822.147461 0.000000 2334.251709 0.000000 0.728850 0.000000 -0.684673 1.139326 1.139326 1.139326
3841.558594 0.000000 2338.068115 0.000000 0.999565 0.000000 -0.029494 1.005450 1.005450 1.005450
3822.923340 0.000000 2324.275879 0.000000 0.975432 0.000000 -0.220301 1.041036 1.041036 1.041036
3835.258789 0.000000 2311.599121 0.000000 0.370108 0.000000 -0.928989 1.220155 1.220155 1.220155
3834.337646 0.000000 2328.501953 0.000000 0.891392 0.000000 -0.453232 1.110389 1.110389 1.110389
3829.894775 0.000000 2309.756592 0.000000 0.474257 0.000000 -0.880386 1.198910 1.198910 1.198910
3831.399902 0.000000 2336.173828 0.000000 0.997515 0.000000 -0.070460 1.026056 1.026056 1.026056
3840.499512 0.000000 2333.173828 0.000000 0.811266 0.000000 -0.584678 1.115370 1.115370 1.115370
3831.707031 0.000000 2348.150635 0.000000 1.000000 0.000000 0.000711 0.999883 0.999883 0.999883
3845.908936 0.000000 2326.128906 0.000000 0.184449 0.000000 -0.982842 1.169463 1.169463 1.169463
3830.852051 0.000000 2330.237061 0.000000 0.989437 0.000000 -0.144965 1.073728 1.073728 1.073728
3821.244141 0.000000 2318.513184 0.000000 0.007359 0.000000 -0.999973 1.288836 1.288836 1.288836
3836.275879 0.000000 2326.503906 0.000000 0.643792 0.000000 -0.765201 1.160978 1.160978 1.160978
3824.250244 0.000000 2336.089355 0.000000 0.257063 0.000000 -0.966395 1.242166 1.242166 1.242166
3825.433350 0.000000 2307.629639 0.000000 0.548891 0.000000 -0.835894 1.182853 1.182853 1.182853
3831.804688 0.000000 2344.308594 0.000000 0.999760 0.000000 0.021907 0.995952 0.995952 0.995952
3837.997803 0.000000 2307.916504 0.000000 0.782913 0.000000 -0.622131 1.124049 1.124049 1.124049
3821.172363 0.000000 2343.317871 0.000000 0.883899 0.000000 -0.467678 1.089908 1.089908 1.089908
3820.510986 0.000000 2345.381104 0.000000 0.009187 0.000000 -0.999958 1.288499 1.288499 1.288499
3830.524658 0.000000 2328.486572 0.000000 0.944750 0.000000 -0.327791 1.123396 1.123396 1.123396
3826.224854 0.000000 2341.062988 0.000000 0.590832 0.000000 -0.806795 1.173421 1.173421 1.173421
3832.329834 0.000000 2332.313721 0.000000 0.047733 0.000000 -0.998860 1.562749 1.562749 1.562749
3825.049805 0.000000 2334.510986 0.000000 0.359526 0.000000 -0.933135 1.222254 1.222254 1.222254
3842.931396 0.000000 2337.953369 0.000000 0.933083 0.000000 -0.359661 1.067968 1.067968 1.067968
3823.270752 0.000000 2337.896729 0.000000 0.887201 0.000000 -0.461383 1.088595 1.088595 1.088595
3832.081543 0.000000 2341.700439 0.000000 0.576848 0.000000 -0.816851 1.353206 1.353206 1.353206
3835.474854 0.000000 2324.406982 0.000000 0.079667 0.000000 -0.996822 1.405749 1.405749 1.405749
3829.131836 0.000000 2348.855469 0.000000 0.743689 0.000000 -0.668525 1.135274 1.135274 1.135274
3827.079834 0.000000 2332.811035 0.000000 0.016683 0.000000 -0.999861 1.651826 1.651826 1.651826
3828.302979 0.000000 2330.816162 0.000000 0.054931 0.000000 -0.998490 1.832560 1.832560 1.832560
3827.868896 0.000000 2324.957520 0.000000 0.674879 0.000000 -0.737929 1.174058 1.174058 1.174058
3832.939697 0.000000 2307.262451 0.000000 0.994023 0.000000 -0.109175 1.020210 1.020210 1.020210
3828.699463 0.000000 2321.081299 0.000000 0.329759 0.000000 -0.944065 1.228113 1.228113 1.228113
3818.833740 0.000000 2336.984863 0.000000 0.851648 0.000000 -0.524114 1.100541 1.100541 1.100541
3825.986816 0.000000 2327.928711 0.000000 0.493713 0.000000 -0.869625 1.194803 1.194803 1.194803
3835.741699 0.000000 2334.099854 0.000000 0.974654 0.000000 -0.223718 1.083367 1.083367 1.083367
3831.216553 0.000000 2325.532715 0.000000 0.969459 0.000000 -0.245255 1.091553 1.091553 1.091553
3826.472412 0.000000 2304.335938 0.000000 0.897786 0.000000 -0.440432 1.084258 1.084258 1.084258
3823.296875 0.000000 2306.884033 0.000000 0.277629 0.000000 -0.960688 1.238223 1.238223 1.238223
3837.923096 0.000000 2324.872803 0.000000 0.998259 0.000000 0.058988 0.989096 0.989096 0.989096
3823.857666 0.000000 2303.625732 0.000000 0.998702 0.000000 -0.050944 1.009416 1.009416 1.009416
3822.772461 0.000000 2328.554932 0.000000 0.855775 0.000000 -0.517348 1.100455 1.100455 1.100455
3836.579102 0.000000 2325.275879 0.000000 0.945439 0.000000 -0.325799 1.061309 1.061309 1.061309
3838.847656 0.000000 2325.811279 0.000000 0.892896 0.000000 -0.450263 1.086287 1.086287 1.086287
3837.395996 0.000000 2327.314453 0.000000 0.848904 0.000000 -0.528548 1.102882 1.102882 1.102882
3838.196777 0.000000 2334.841064 0.000000 0.999837 0.000000 0.018030 0.995499 0.995499 0.995499
3839.514648 0.000000 2327.953125 0.000000 0.430039 0.000000 -0.902810 1.208071 1.208071 1.208071
3832.301025 0.000000 2306.158691 0.000000 0.977397 0.000000 -0.211411 1.039354 1.039354 1.039354
3822.237793 0.000000 2316.458740 0.000000 0.467669 0.000000 -0.883904 1.200290 1.200290 1.200290
3825.122803 0.000000 2321.552002 0.000000 0.995799 0.000000 -0.091563 1.016940 1.016940 1.016940
3819.392090 0.000000 2326.426270 0.000000 0.964068 0.000000 -0.265655 1.049675 1.049675 1.049675
3830.000488 0.000000 2338.403076 0.000000 0.034980 0.000000 -0.999388 1.567465 1.567465 1.567465
3822.193115 0.000000 2348.275146 0.000000 0.938797 0.000000 -0.344472 1.064970 1.064970 1.064970
3834.036621 0.000000 2332.617676 0.000000 0.542929 0.000000 -0.839779 1.365846 1.365846 1.365846
3821.695312 0.000000 2322.892578 0.000000 0.768474 0.000000 -0.639882 1.128276 1.128276 1.128276
3825.175781 0.000000 2324.131592 0.000000 0.579280 0.000000 -0.815129 1.176053 1.176053 1.176053
3830.530762 0.000000 2317.000977 0.000000 0.341767 0.000000 -0.939785 1.201352 1.201352 1.201352
3835.040527 0.000000 2342.909912 0.000000 0.086717 0.000000 -0.996233 1.274155 1.274155 1.274155
3828.432861 0.000000 2316.897705 0.000000 0.277708 0.000000 -0.960666 1.238208 1.238208 1.238208
3827.464355 0.000000 2315.759521 0.000000 0.889088 0.000000 -0.457737 1.072406 1.072406 1.072406
3831.781250 0.000000 2340.179199 0.000000 0.007306 0.000000 -0.999973 1.499626 1.499626 1.499626
3830.884033 0.000000 2331.593750 0.000000 0.158686 0.000000 -0.987329 1.715315 1.715315 1.715315
3827.160400 0.000000 2344.888672 0.000000 0.969793 0.000000 -0.243929 1.045524 1.045524 1.045524
3842.113770 0.000000 2328.313721 0.000000 0.943009 0.000000 -0.332767 1.062672 1.062672 1.062672
3819.421875 0.000000 2339.186768 0.000000 0.119765 0.000000 -0.992802 1.268017 1.268017 1.268017
3830.879395 0.000000 2322.887695 0.000000 0.998528 0.000000 0.054244 0.984012 0.984012 0.984012
3840.991699 0.000000 2337.027100 0.000000 0.563494 0.000000 -0.826120 1.179606 1.179606 1.179606
3833.643799 0.000000 2310.818115 0.000000 0.232357 0.000000 -0.972631 1.246873 1.246873 1.246873
3831.826660 0.000000 2310.378906 0.000000 0.914258 0.000000 -0.405132 1.077061 1.077061 1.077061
3834.340820 0.000000 2309.198486 0.000000 0.397994 0.000000 -0.917388 1.214575 1.214575 1.214575
3828.581787 0.000000 2335.250244 0.000000 0.687222 0.000000 -0.726448 1.300446 1.300446 1.300446
3815.595703 0.000000 2303.781982 0.000000 0.845888 0.000000 -0.533360 1.103931 1.103931 1.103931
3824.837646 0.000000 2327.898193 0.000000 0.878621 0.000000 -0.477520 1.091971 1.091971 1.091971
3828.116699 0.000000 2333.379395 0.000000 0.994603 0.000000 -0.103756 1.049305 1.049305 1.049305
3827.466309 0.000000 2321.460938 0.000000 0.096623 0.000000 -0.995321 1.272318 1.272318 1.272318
3825.029541 0.000000 2345.125732 0.000000 0.779167 0.000000 -0.626817 1.125157 1.125157 1.125157
3836.417969 0.000000 2333.129639 0.000000 0.509192 0.000000 -0.860653 1.258780 1.258780 1.258780
3830.067871 0.000000 2349.547119 0.000000 0.656939 0.000000 -0.753944 1.140723 1.140723 1.140723
3820.507812 0.000000 2347.255127 0.000000 0.992935 0.000000 -0.118657 1.021973 1.021973 1.021973
3839.394531 0.000000 2332.971680 0.000000 0.348654 0.000000 -0.937252 1.224402 1.224402 1.224402
3839.455322 0.000000 2306.100342 0.000000 0.945826 0.000000 -0.324674 1.061089 1.061089 1.061089
3828.617676 0.000000 2311.918945 0.000000 0.925579 0.000000 -0.378555 1.071724 1.071724 1.071724
3827.233643 0.000000 2331.638428 0.000000 0.409018 0.000000 -0.912526 1.568177 1.568177 1.568177
3820.442627 0.000000 2340.992432 0.000000 0.131409 0.000000 -0.991328 1.265849 1.265849 1.265849
3828.800781 0.000000 2303.628906 0.000000 0.864171 0.000000 -0.503198 1.097415 1.097415 1.097415
3831.034912 0.000000 2308.162354 0.000000 0.899290 0.000000 -0.437353 1.083625 1.083625 1.083625
3821.551758 0.000000 2325.506836 0.000000 0.998282 0.000000 -0.058594 1.010831 1.010831 1.010831
3822.759766 0.000000 2335.389893 0.000000 0.996762 0.000000 -0.080414 1.014872 1.014872 1.014872
3832.195312 0.000000 2323.941895 0.000000 0.994498 0.000000 -0.104756 1.038777 1.038777 1.038777
3826.545166 0.000000 2346.551514 0.000000 0.718910 0.000000 -0.695103 1.141988 1.141988 1.141988
3820.423828 0.000000 2335.236328 0.000000 0.348462 0.000000 -0.937323 1.221407 1.221407 1.221407
3839.629150 0.000000 2323.567627 0.000000 0.934625 0.000000 -0.355635 1.067172 1.067172 1.067172
3824.063965 0.000000 2340.234619 0.000000 0.999430 0.000000 -0.033759 1.006238 1.006238 1.006238
3841.138672 0.000000 2331.291504 0.000000 0.705169 0.000000 -0.709039 1.145604 1.145604 1.145604
3818.775635 0.000000 2324.642578 0.000000 0.061784 0.000000 -0.998090 1.278775 1.278775 1.278775
3838.059814 0.000000 2340.950928 0.000000 0.835371 0.000000 -0.549686 1.145296 1.145296 1.145296
3833.798340 0.000000 2334.592529 0.000000 0.969859 0.000000 -0.243667 1.090948 1.090948 1.090948
3835.226562 0.000000 2336.206543 0.000000 0.929900 0.000000 -0.367813 1.139170 1.139170 1.139170
3826.563232 0.000000 2317.864502 0.000000 0.911620 0.000000 -0.411033 1.078255 1.078255 1.078255
3829.348633 0.000000 2326.752686 0.000000 0.155325 0.000000 -0.987863 1.522768 1.522768 1.522768
3834.139404 0.000000 2307.128174 0.000000 0.470032 0.000000 -0.882649 1.199795 1.199795 1.199795
3831.031738 0.000000 2342.077637 0.000000 0.847608 0.000000 -0.530624 1.103334 1.103334 1.103334
3833.998535 0.000000 2338.566895 0.000000 0.908684 0.000000 -0.417484 1.159130 1.159130 1.159130
3825.348877 0.000000 2318.545898 0.000000 0.999445 0.000000 0.033297 0.993847 0.993847 0.993847
3835.713623 0.000000 2337.420898 0.000000 0.958780 0.000000 -0.284150 1.106457 1.106457 1.106457
3825.601562 0.000000 2316.380127 0.000000 0.975594 0.000000 -0.219584 1.040900 1.040900 1.040900
3829.821289 0.000000 2339.598633 0.000000 0.997674 0.000000 -0.068162 1.021799 1.021799 1.021799
3821.334229 0.000000 2327.114014 0.000000 0.715682 0.000000 -0.698426 1.142844 1.142844 1.142844
3826.873535 0.000000 2336.802979 0.000000 0.786060 0.000000 -0.618150 1.209622 1.209622 1.209622
3822.826904 0.000000 2330.481934 0.000000 0.891890 0.000000 -0.452252 1.101929 1.101929 1.101929
3823.315430 0.000000 2341.955811 0.000000 0.323218 0.000000 -0.946325 1.229391 1.229391 1.229391
3832.733887 0.000000 2328.557617 0.000000 0.996564 0.000000 -0.082821 1.027118 1.027118 1.027118
3833.114990 0.000000 2341.619141 0.000000 0.343840 0.000000 -0.939028 1.450700 1.450700 1.450700
3827.932861 0.000000 2337.050537 0.000000 0.580928 0.000000 -0.813955 1.299129 1.299129 1.299129
3825.432861 0.000000 2333.002686 0.000000 0.765023 0.000000 -0.644004 1.202639 1.202639 1.202639
3834.593262 0.000000 2322.141357 0.000000 0.652560 0.000000 -0.757737 1.233983 1.233983 1.233983
3837.422852 0.000000 2332.808594 0.000000 0.996738 0.000000 0.080705 0.979830 0.979830 0.979830
3830.524902 0.000000 2335.699707 0.000000 0.585134 0.000000 -0.810937 1.349445 1.349445 1.349445
3828.841553 0.000000 2325.169678 0.000000 0.636588 0.000000 -0.771204 1.259457 1.259457 1.259457
3828.638184 0.000000 2336.313477 0.000000 0.608874 0.000000 -0.793267 1.338509 1.338509 1.338509
3824.885498 0.000000 2332.189697 0.000000 0.084709 0.000000 -0.996406 1.430341 1.430341 1.430341
3833.158447 0.000000 2330.558105 0.000000 0.964721 0.000000 -0.263273 1.110409 1.110409 1.110409
3833.369385 0.000000 2335.645996 0.000000 0.929337 0.000000 -0.369234 1.139735 1.139735 1.139735
3829.817627 0.000000 2336.812256 0.000000 0.565992 0.000000 -0.824410 1.358094 1.358094 1.358094
3832.813721 0.000000 2331.474609 0.000000 0.711600 0.000000 -0.702585 1.322849 1.322849 1.322849
3835.209961 0.000000 2328.070801 0.000000 0.418688 0.000000 -0.908130 1.267248 1.267248 1.267248
3832.187744 0.000000 2335.631104 0.000000 0.179401 0.000000 -0.983776 1.513745 1.513745 1.513745
3829.125000 0.000000 2330.341797 0.000000 0.617451 0.000000 -0.786609 1.497227 1.497227 1.497227
3834.660645 0.000000 2331.682617 0.000000 0.031707 0.000000 -0.999497 1.384240 1.384240 1.384240
3831.395996 0.000000 2332.387451 0.000000 0.972877 0.000000 -0.231321 1.097908 1.097908 1.097908
3825.425049 0.000000 2331.402832 0.000000 0.291221 0.000000 -0.956656 1.407530 1.407530 1.407530
3833.676025 0.000000 2325.286865 0.000000 0.910401 0.000000 -0.413727 1.157603 1.157603 1.157603
3827.586426 0.000000 2330.328613 0.000000 0.957573 0.000000 -0.288190 1.144506 1.144506 1.144506
3831.827637 0.000000 2324.804932 0.000000 0.507019 0.000000 -0.861935 1.383926 1.383926 1.383926
3832.930176 0.000000 2322.552002 0.000000 0.542833 0.000000 -0.839841 1.368377 1.368377 1.368377
3833.953125 0.000000 2322.729980 0.000000 0.001592 0.000000 -0.999999 1.579804 1.579804 1.579804
3830.127930 0.000000 2340.427979 0.000000 0.479504 0.000000 -0.877540 1.342153 1.342153 1.342153
3828.616943 0.000000 2324.352539 0.000000 0.998863 0.000000 -0.047681 1.014052 1.014052 1.014052
3832.011963 0.000000 2336.816162 0.000000 0.898015 0.000000 -0.439965 1.168324 1.168324 1.168324
3827.082764 0.000000 2333.695557 0.000000 0.734247 0.000000 -0.678882 1.312988 1.312988 1.312988
3829.187256 0.000000 2338.228760 0.000000 0.890869 0.000000 -0.454260 1.150685 1.150685 1.150685
3827.409668 0.000000 2329.035889 0.000000 0.999917 0.000000 -0.012867 1.003951 1.003951 1.003951
3831.070312 0.000000 2327.851807 0.000000 0.283408 0.000000 -0.958999 1.474221 1.474221 1.474221
3833.150879 0.000000 2326.715088 0.000000 0.020103 0.000000 -0.999798 1.572964 1.572964 1.572964
3830.463623 0.000000 2325.992188 0.000000 0.999929 0.000000 -0.011881 1.004390 1.004390 1.004390
3837.668457 0.000000 2339.629639 0.000000 0.468224 0.000000 -0.883610 1.400348 1.400348 1.400348
3828.841553 0.000000 2329.551025 0.000000 0.491343 0.000000 -0.870966 1.390611 1.390611 1.390611
4893.954102 0.000000 1175.475220 0.000000 0.858329 0.000000 -0.513100 1.020177 1.020177 1.020177
"}
