# Generated by ck3mm from the mod's workspace implementation.
# Complete replacements for touched graphical-region keys.

graphical_east_asia = {
	graphical = yes
	color = { 155 255 155 }
	provinces = {
		7293 12120 12127 12130 12133 12135 12137 12142 12144 12146 12147 12150 12155 12163 12164 12166
		12167 12175 12176 12177 12178 12182 12184 12185 12187 12191 12196 12202 12205 12206 12207 12214
		12216 12221 12223 12224 12225 12227 12230 12231 12238 12241 12242 12256 12260 12266 12268 12269
		12276 12285 12296 12300 12303 12304 12306 12308 12314 12315 12318 12323 12324 12330 12331 12336
		12339 12352 12362 12365 12368 12373 12379 12381 12384 12393 12400 12403 12404 12407 12410 12412
		12414 12415 12426 12428 12433 12444 12459 12461 12466 12467 12468 12474 12475 12478 12481 12487
		12488 12489 12490 12491 12492 12504 12512 12515 12530 12533 12540 12542 12549 12550 12553 12555
		12556 12567 12574 12576 12577 12578 12584 12610 12619 12621 12622 12625 12626 12627 12630 12643
		12644 12645 12646 12649 12655 12657 12661 12670 12675 12676 12679 12682 12685 12688 12690 12694
		12696 12699 12700 12704 12705 12707 12711 12713 12720 12721 12724 12730 12736 12743 12746 12756
		12757 12759 12775 12780 12785 12787 12789 12793 12798 12804 12811 12818 12819 12821 12828 12845
		12850 12851 12852 12863 12869 12873 12879 12882 12893 12896 12900 12902 12905 12907 12909 12910
		12913 12914 12916 12919 12922 12925 12927 12928 12936 12937 12945 12947 12949 12952 12953 12955
		12960 12961 12964 12965 12967 12972 12976 12981 12985 12990 12995 12997 12999 13005 13008 13016
		13021 13022 13024 13025 13027 13031 13032 13034 13035 13040 13041 13043 13044 13048 13054 13056
		13057 13063 13072 13075 13081 13082 13090 13094 13100 13102 13104 13105 13106 13109 13111 13112
		13115 13116 13122 13133 13135 13140 13155 13166 13170 13172 13174 13178 13180 13184 13187 13191
		13192 13195 13199 13201 13205 13211 13214 13228 13232 13236 13237 13243 13247 13250 13251 13253
		13255 13256 13258 13265 13267 13271 13273 13282 13285 13288 13290 13293 13296 13298 13299 13302
		13309 13313 13316 13317 13319 13323 13326 13327 13329 13332 13340 13342 13348 13352 13353 13356
		13360 13361 13367 13369 13372 13376 13387 13391 13401 13406 13409 13410 13411 13416 13418 13419
		13421 13427 13428 13436 13437 13441 13443 13449 13452 13453 13455 13456 13457 13459 13462 13464
		13467 13468 13473 13476 13478 13483 13485 13489 13491 13498 13505 13506 13507 13508 13517 13521
		13530 13532 13533 13537 13538 13541 13545 13546 13553 13563 13565 13569 13570 13575 13576 13578
		13580 13582 13584 13585 13589 13597 13600 13606 13609 13610 13615 13619 13620 13621 13625 13633
		13634 13638 13644 13646 13653 13657 13663 13664 13665 13667 13671 13673 13678 13681 13684 13687
		13688 13698 13700 13701 13714 13721 13729 13733 13735 13744 13745 13747 13749 13753 13756 13762
		13767 13768 13770 13772 13775 13777 13779 13782 13784 13787 13792 13794 13805 13806 13810 13813
		13815 13816 13820 13825 13826 13828 13830 13833 13837 13848 13856 13857 13862 13864 13867 13869
		13875 13879 13883 13887 13888 13892 13893 13894 13896 13898 13902 13903 13904 13908 13910 13916
		13918 13923 13926 13928 13929 13935 13940 13942 13950 13951 13955 13966 13967 13976 13978 13984
		13990 13991 13992 13993 13995 14001 14005 14007 14008 14009 14026 14029 14033 14034 14038 14040
		14042 14050 14064 14072 14073 14074 14075 14078 14084 14086 14090 14093 14106 14118 14119 14121
		14125 14133 14135 14138 14139 14144 14148 14151 14155 14159 14162 14163 14164 14165 14174 14175
		14176 14185 14189 14193 14194 14195 14201 14211 14228 14229 14231 14234 14238 14239 14249 14250
		14255 14257 14260 14263 14267 14273 14276 14285 14287 14289 14291 14292 14305 14307 14308 14311
		14318 14324 14327 14328 14333 14335 14340 14341 14342 14343 14351 14356 14357 14363 14366 14371
		14373 14386 14390 14392 14398 14400 14402 14404 14405 14408 14414 14426 14427 14428 14431 14441
		14467 14470 14473 14476 14480 14484 14487 14488 14501 14506 14507 14508 14512 14534 14535 14537
		14545 14547 14548 14552 14556 14564 14566 14572 14573 14575 14580 14588 14591 14593 14594 14599
		14601 14604 14630 14633 14635 14641 14643 14646 14648 14650 14652 14654 14660 14661 14662 14670
		14671 14673 14676 14680 14683 14686 14688 14697 14703 14711 14712 14713 14717 14718 14724 14727
		14735 14741 14742 14743 14745 14747 14753 14758 14764 14780 14781 14782 14783 14785 14789 14803
		14811 14813 14817 14819 14826 14828 14843 14848 14850 14851 14857 14860 14861 14864 14871 14872
		14874 14876 14877 14878 14879 14880 14882 14892 14893 14900 14909 14918 14921 14924 14925 14928
		14929 14935 14940 14943 14946 14949 14952 14955 14958 14962 14966 14967 14970 14971 14972 14978
		14981 15011 15012 15013 15014 15017 15020 15022 15025 15027 15030 15043 15044 15050 15051 15052
		15054 15057 15058 15063 15065 15070 15072 15082 15083 15098 15105 15106 15107 15110 15112 15114
		15117 15121 15122 15127 15132 15133 15143 15145 15147 15158 15159 15164 15168 15170 15179 15181
		15187 15188 15190 15191 15198 15203 15207 15213 15218 15219 15221 15222 15223 15234 15237 15238
		15241 15245 15246 15249 15250 15251 15254 15269 15272 15280 15283 15293 15297 15298 15303 15307
		15310 15311 15316 15326 15328 15344 15345 15349 15350 15353 15357 15364 15372 15378 15380 15388
		15389 15391 15394 15398 15401 15410 15412 15433 15434 15442 15449 15450 15455 15458 15459 15463
		15465 15474 15499 15508 15509 15514 15515 15518 15522 15523 15525 15527 15532 15536 15537 15540
		15543 15547 15555 15557 15560 15572 15579 15584 15587 15589 15600 15601 15602 15608 15609 15610
		15611 15617 15626 15630 15638 15656 15662 15663 15664 15665 15668 15670 15678 15681 15683 15684
		15685 15686 15691 15699 15706 15712 15715 15718 15720 15727 15732 15737 15740 15741 15745 15746
		15748 15751 15755 15757 15759 15763 15764 15765 15769 15773 15775 15778 15784 15788 15790 15796
		15797 15800 15801 15803 15805 15807 15813 15815 15822 15826 15828 15834 15837 15838 15840 15851
		15859 15861 15864 15866 15870 15871 15872 15873 15874 15875 15885 15891 15892 15896 15901 15907
		15909 15916 15917 15918 15921 15926 15929 15937 15939 15942 15943 15946 15955 15957 15959 15962
		15970 15978 15983 15996 16005 16007 16009 16014 16015 16021 16025 16026 16027 16031 16039 16050
		16055 16062 16065 16067 16072 16073 16080 16081 16085 16089 16093 16097 16105 16106 16118 16123
		16128 16131 16140 16141 16144 16149 16150 16156 16159 16165 16166 16169 16170 16171 16175 16176
		16178 16179 16183 16192 16194 16206 16209 16213 16215 16216 16217 16219 16225 16227 16228 16230
		16235 16236 16241 16242 16244 16246 16252 16260 16262 16269 16271 16278 16282 16288 16289 16292
		16300 16309 16317 16324 16327 16328 16333 16334 16350 16351 16357 16358 16360 16361 16363 16365
		16369 16371 16373 16375 16377 16379 16383 16385 16386 16388 16398 16403 16412 16415 16417 16420
		16425 16427 16430 16431 16432 16433 16434 16435 16442 16446 16453 16456 16461 16463 16467 16468
		16471 16480 16484 16492 16503 16507 16511 16513 16519 16526 16539 16545 16546 16549 16558 16561
		16562 16571 16572 16573 16579 16584 16587 16589 16595 16599 16601 16611 16616 16623 16624 16625
		16626 16630 16632 16633 16639 16654 16665 16666 16671 16674 16677 16678 16679 16681 16683 16685
		16690 16691 16701 16707 16714 16716 16718 16720 16722 16725 16729 16731 16734 16742 16751 16753
		16756 16764 16774 16775 16779 16780 16784 16789 16793 16794 16795 16803 16806 16809 16817 16818
		16822 16823 16827 16833 16835 16844 16850 16855 16864 16865 16871 16879 16881 16885 16887 16890
		16893 16895 16909 16912 16914 16916 16917 16924 16926 16932 16939 16943 16955 16957 16958 16962
		16963 16969 16973 16974 16983 16998 17007 17009 17011 17014 17022 17036 17042 17043 17045 17051
		17054 17063 17075 17077 17087 17093 17098 17103 17106 17107 17108 17110 17112 17121 17122 17126
		17135 17137 17139 17166 17168 17169 17173 17182 17184 17185 17192 17201 17202 17214 17215 17216
		17223 17228 17232 17235 17246 17255 17260 17267 17271 17273 17275 17277 17282 17284 17285 17291
		17293 17294 17295 17303 17308 17310 17315 17318 17319 17322 17324 17325 17333 17336 17343 17344
		17349 17350 17351 17356 17362 17365 17368 17370 17373 17374 17389 17390 17394 17395 17396 17398
		17404 17405 17409 17411 17414 17415 17418 17419 17420 17423 17425 17426 17428 17435 17437 17439
		17445 17447 17465 17467 17468 17469 17470 17475 17482 17487 17493 17497 17498 17500 17503 17506
		17507 17512 17518 17519 17521 17522 17526 17529 17532 17535 17540 17542 17554 17559 17560 17562
		17567 17571 17578 17581 17583 17585 17590 17592 17594 17606 17608 17609 17610 17612 17613 17616
		17617 17632 17637 17638 17642 17644 17649 17655 17656 17659 17668 17679 17680 17682 17683 17684
		17689 17690 17699 17700 17701 17715 17719 17720 17722 17726 17738 17739 17743 17748 17758 17762
		17766 17770 17772 17783 17784 17786 17803 17805 17807 17811 17812 17818 17825 17829 17831 17832
		17834 17836 17838 17841 17846 17850 17861 17862 17866 17869 17871 17889 17895 17900 17909 17913
		17915 17921 17925 17936 17937 17938 17939 17940 17941 17947 17950 17951 17954 17959 17962 17971
		17972 17980 17982 17983 17986 17993 17995 17997 17999 18001 18003 18004 18006 18008 18009 18018
		18022 18024 18026 18028 18030 18041 18043 18044 18049 18051 18053 18054 18056 18057 18058 18061
		18063 18065 18067 18073 18074 18085 18091 18100 18105 18116 18117 18132 18133 18135 18139 18142
		18152 18183 18189 18192 18194 18196 18197 18204 18212 18213 18216 18222 18231 18232 18233 18238
		18241 18250 18252 18259 18260 18274 18277 18288 18293 18297 18299 18300 18302 18303 18305 18307
		18317 18318 18338 18342 18343 18353 18354 18355 18357 18358 18359 18365 18369 18373 18375 18381
		18384 18385 18387 18388 18391 18395 18397 18398 18400 18404 18407 18415 18423 18426 18429 18430
		18431 18433 18438 18447 18449 18450 18459 18462 18466 18467 18469 18471 18472 18473 18476 18494
		18498 18503 18509 18513 18535 18540 18541 18546 18549 18550 18558 18560 18566 18578 18582 18589
		18591 18592 18593 18595 18600 18613 18615 18622 18636 18637 18640 18641 18643 18644 18646 18658
		18668 18669 18673 18682 18687 18689 18692 18706 18710 18716 18718 18720 18721 18723 18724 18727
		18728 18729 18732 18734 18740 18744 18745 18748 18755 18762 18781 18782 18785 18791 18792 18793
		18794 18796 18802 18803 18807 18812 18822 18825 18831 18833 18835 18838 18839 18841 18849 18854
		18863 18866 18870 18871 18873 18884 18885 18886 18889 18892 18898 18905 18907 18914 18922 18923
		18927 18929 18931 18932 18933 18938 18943 18949 18956 18958 18966 18967 18969 18971 18972 18977
		18986 18988 18991 18996 19004 19014 19019 19022 19025 19029 19031 19036 19040 19046 19056 19062
		19067 19071 19074 19081 19093 19110 19129 19130 19132 19140 19149 19153 19156 19163 19164 19165
		19169 19171 19176 19186 19195 19202 19206 19215 19216 19219 19222 19236 19237 19241 19242 19246
		19249 19257 19260 19262 19279 19280 19298 19299 19302 19306 19308 19311 19312 19314 19317 19319
		19323 19325 19327 19328 19330 19335 19338 19348 19349 19357 19358 19359 19365 19370 19371 19381
		19382 19383 19390 19398 19399 19405 19414 19416 19420 19426 19431 19438 19442 19452 19457 19459
		19470 19473 19480 19481 19483 19484 19485 19501 19502 19506 19507 19519 19525 19528 19529 19530
		19533 19544 19547 19548 19549 19552 19553 19556 19572 19574 19584 19585 19597 19600 19603 19607
		19611 19617 19618 19634 19639 19641 19645 19652 19653 19656 19657 19658 19661 19666 19669 19683
		19686 19687 19689 19694 19695 19703 19705 19708 19711 19717 19727 19728 19734 19736 19745 19746
		19748 19752 19758 19760 19762 19766 19774 19791 19793 19810 19821 19825 19827 19830 19833 19834
		19841 19843 19844 19857 19858 19864 19870 19876 19878 19879 19880 19884 19904 19907 19919 19920
		19923 19929 19937 19949 19950 19956 19961 19970 19973 19985 19991 19992 19996 19999 20009 20011
		20012 20018 20020 20021 20025 20026 20029 20038 20041 20047 20048 20065 20069 20072 20073 20074
		20078 20087 20093 20100 20101 20111 20114 20116 20118 20122 20125 20128 20130 20131 20134 20137
		20138 20141 20144 20147 20151 20157 20160 20170 20179 20180 20189 20191 20194 20195 20199 20206
		20214 20216 20224 20227 20229 20238 20242 20243 20245 20249 20254 20256 20260 20262 20264 20269
		20272 20277 20283 20293 20294 20295 20296 20301 20306 20309 20312 20314 20316 20320 20321 20323
		20326 20329 20331 20336 20338 20349 20350 20352 20355 20356 20357 20368 20375 20383 20384 20385
		20387 20388 20390 20391 20393 20401 20406 20411 20418 20435 20445 20447 20453 20457 20459 20465
		20468 20474 20480 20481 20488 20496 20501 20504 20506 20524 20536 20537 20538 20540 20541 20542
		20545 20548 20549 20554 20557 20563 20566 20567 20576 20583 20584 20597 20598 20601 20602 20607
		20611 20617 20618 20621 20626 20630 20631 20636 20645 20648 20649 20657 20664 20665 20668 20673
		20676 20677 20680 20682 20683 20685 20690 20698 20701 20707 20708 20711 20714 20724 20725 20728
		20730 20731 20741 20742 20746 20747 20748 20754 20766 20781 20782 20788 20799 20814 20815 20816
		20822 20827 20837 20853 20858 20860 20861 20865 20867 20871 20876 20877 20884 20910 20915 20922
		20931 20934 20937 20939 20945 20948 20949 20953 20960 20964 20965 20966 20973 20977 20978 20980
		20982 20983 20985 20989 20992 21010 21011 21015 21019 21022 21027 21032 21037 21039 21041 21047
		21050 21054 21055 21061 21065 21072 21073 21078 21082 21101 21104 21107 21109 21111 21113 21115
		21128 21130 21133 21134 21136 21137 21140 21144 21153 21154 21156 21158 21164 21168 21170 21171
		21176 21178 21183 21185 21190 21192 21195 21198 21199 21219 21221 21228 21232 21235 21240 21242
		21243 21250 21257 21261 21263 21265 21269 21279 21280 21283 21284 21288 21290 21292 21293 21295
		21298 21302 21311 21315 21321 21329 21332 21345 21349 21356 21363 21364 21366 21368 21378 21382
		21383 21390 21394 21404 21411 21426 21427 21431 21434 21435 21436 21441 21442 21453 21459 21460
		21462 21469 21470 21472 21477 21479 21480 21483 21485 21488 21489 21490 21491 21496 21501 21502
		21503 21504 21506 21511 21521 21522 21536 21537 21539 21540 21550 21560 21561 21565 21567 21568
		21580 21582 21583 21586 21589 21591 21593 21598 21599 21600 21611 21612 21613 21616 21617 21621
		21622 21625 21626 21629 21630 21635 21638 21641 21643 21645 21649 21653 21654 21660 21662 21665
		21670 21672 21674 21685 21691 21694 21711 21712 21713 21716 21722 21723 21727 21729 21731 21736
		21738 21740 21743 21760 21766 21771 21777 21782 21783 21786 21789 21792 21796 21799 21800 21808
		21817 21819 21823 21824 21826 21829 21830 21832 21842 21843 21845 21847 21859 21860 21864 21867
		21872 21875 21879 21880 21882 21889 21898 21899 21902 21906 21907 21909 21915 21916 21921 21923
		21925 21926 21929 21935 21952 21954 21959 21961 21977 21978 21979 21982 21987 21988 21989 21990
		21994 21998 21999 22005 22008 22010 22012 22015 22016 22019 22020 22023 22028 22038 22039 22041
		22043 22044 22050 22052 22055 22056 22059 22066 22069 22070 22071 22074 22085 22089 22106 22110
		22122 22125 22129 22131 22132 22139 22140 22141 22143 22146 22152 22159 22163 22166 22169 22173
		22175 22179 22180 22183 22186 22190 22195 22196 22206 22209 22218 22219 22220 22227 22231 22233
		22235 22239 22245 22252 22254 22258 22261 22262 22263 22266 22267 22268 22269 22277 22278 22283
		22287 22301 22306 22313 22318 22319 22323 22326 22335 22336 22340 22345 22367 22370 22372 22373
		22376 22380 22382 22384 22387 22388 22393 22408 22409 22415 22419 22421 22422 22423 22426 22435
		22436 22437 22446 22458 22471 22474 22485 22488 22489 22491 22494 22497 22504 22507 22510 22512
		22514 22515 22516 22520 22534 22535 22541 22551 22555 22556 22557 22561 22576 22577 22587 22597
		22599 22602 22606 22611 22626 22638 22641 22645 22650 22651 22656 22657 22659 22660 22661 22664
		22669 22677 22681 22688 22690 22691 22704 22705 22706 22707 22710 22713 22716 22724 22726 22732
		22735 22745 22746 22747 22750 22757 22758 22766 22769 22780 22782 22795 22798 22800 22801 22811
		22816 22818 22823 22824 22828 22829 22836 22841 22843 22846 22849 22864 22866 22880 22886 22887
		22889 22893 22894 22897 22919 22921 22922 22923 22930 22937 22939 22941 22952 22961 22964 22969
		22976 22977 22980 22991 22997 23006 23007 23013 23020 23022 23024 23025 23031 23035 23037 23040
		23041 23044 23048 23050 23063 23066 23068 23084 23087 23091 23095 23103 23105 23113 23114 23117
		23118 23120 23121 23123 23125 23126 23130 23135 23137 23141 23145 23149 23157 23168 23172 23173
		23176 23179 23181 23183 23185 23188 23196 23204 23210 23214 23218 23226 23228 23235 23239 23247
		23249 23251 23258 23260 23265 23270 23274 23275 23278 23280 23281 23284 23286 23289 23290 23291
		23293 23294 23297 23306 23310 23319 23323 23329 23331 23332 23336 23339 23340 23350 23356 23362
		23366 23373 23381 23384 23385 23387 23388 23390 23393 23396 23399 23400 23401 23405 23410 23412
		23421 23422 23426 23427 23428 23434 23439 23441 23443 23448 23449 23450 23452 23453 23455 23456
		23457 23460 23462 23466 23467 23470 23471 23475 23476 23483 23491 23497 23499 23503 23506 23508
		23513 23514 23515 23518 23522 23530 23531 23537 23541 23544 23550 23553 23564 23565 23566 23570
		23571 23572 23577 23581 23589 23590 23592 23595 23599 23603 23606 23608 23609 23615 23617 23619
		23621 23624 23631 23632 23650 23654 23659 23660 23665 23667 23677 23681 23695 23716 23717 23718
		23722 23723 23732 23734 23739 23740 23744 23747 23749 23754 23756 23757 23769 23774 23780 23781
		23784 23785 23791 23794 23798 23802 23808 23812 23819 23822 23823 23824 23825 23828 23833 23835
		23836 23853 23857 23859 23863 23864 23873 23876 23880 23882 23890 23892 23900 23905 23908 23915
		23918 23922 23934 23936 23939 23941 23942 23944 23947 23948 23950 23958 23960 23961 23963 23968
		23971 23972 23982 23986 23988 23989 23991 23995 24002 24008 24012 24023 24028 24038 24041 24056
		24057 24060 24065 24068 24083 24086 24087 24090 24095 24096 24101 24106 24107 24109 24115 24116
		24125 24126 24128 24129 24139 24140 24141 24146 24158 24162 24163 24164 24169 24177 24180 24186
		24188 24196 24198 24202 24211 24215 24226 24227 24230 24231 24232 24234 24239 24244 24245 24248
		24253 24257 24258 24260 24261 24262 24266 24267 24272 24276 24277 24282 24283 24284 24288 24291
		24292 24295 24298 24302 24306 24307 24308 24312 24320 24331 24338 24339 24344 24345 24346 24355
		24362 24365 24375 24376 24378 24379 24383 24388 24391 24395 24397 24401 24412 24416 24426 24429
		24437 24438 24446 24447 24451 24468 24473 24480 24481 24485 24494 24496 24498 24499 24506 24511
		24515 24517 24518 24529 24530 24536 24537 24539 24541 24554 24555 24558 24559 24562 24564 24573
		24576 24577 24578 24579 24588 24594 24596 24599 24603 24604 24615 24620 24621 24622 24628 24629
		24632 24634 24636 24639 24641 24643 24646 24654 24660 24661 24663 24668 24681 24684 24685 24686
		24711 24730 24733 24735 24736 24739 24748 24750 24752 24758 24762 24764 24766 24776 24777 24782
		24785 24788 24789 24802 24814 24816 24821 24822 24823 24837 24838 24844 24851 24859 24860 24861
		24862 24867 24869 24872 24881 24883 24886 24887 24890 24891 24892 24895 24897 24902 24915 24923
		24924 24927 24928 24929 24933 24936 24938 24941 24943 24948 24958 24962 24968 24977 24979 24982
		24983 24986 24996 25002 25018 25021 25026 25029 25032 25033 25036 25040 25041 25061 25072 25075
		25077 25087 25090 25092 25095 25096 25110 25115 25116 25117 25121 25122 25123 25128 25130 25133
		25134 25137 25138 25143 25144 25145 25148 25151 25152 25156 25160 25164 25176 25178 25179 25180
		25183 25185 25188 25200 25201 25202 25208 25210 25212 25217 25220 25221 25224 25225 25227 25230
		25231 25234 25237 25241 25244 25254 25255 25258 25271 25279 25282 25286 25288 25295 25303 25308
		25318 25321 25323 25328 25329 25332 25337 25343 25345 25348 25351 25352 25353 25358 25359 25361
		25374 25375 25376 25385 25386 25393 25394 25395 25400 25403 25404 25407 25411 25412 25415 25416
		25418 25423 25425 25426 25429 25432 25436 25437 25441 25445 25446 25448 25451 25452 25458 25460
		25479 25485 25488 25492 25493 25495 25500 25507 25509 25510 25512 25517 25521 25524 25532 25535
		25536 25538 25542 25544 25546 25549 25551 25554 25558 25568 25569 25572 25575 25576 25578 25582
		25591 25596 25600 25602 25603 25606 25611 25613 25621 25623 25626 25633 25634 25638 25640 25643
		25646 25650 25658 25662 25663 25666 25668 25683 25688 25690 25691 25707 25708 25722 25728 25730
		25737 25741 25743 25756 25764 25770 25773 25774 25780 25781 25785 25789 25793 25796 25805 25811
		25816 25817 25825 25833 25841 25843 25847 25850 25851 25855 25860 25864 25867 25869 25870 25888
		25889 25892 25895 25901 25902 25904 25905 25906 25907 25910 25912 25913 25914 25918 25923 25937
		25941 25949 25951 25959 25960 25971 25972 25975 25977 25989 25996 26009 26010 26013 26015 26026
		26036 26041 26045 26048 26050 26056 26059 26065 26069 26073 26075 26078 26080 26084 26091 26092
		26096 26099 26101 26103 26105 26109 26110 26111 26117 26125 26128 26133 26134 26137 26143 26154
		26159 26167 26175 26177 26179 26180 26189 26201 26210 26211 26212 26214 26222 26226 26233 26236
		26237 26239 26248 26253 26254 26257 26264 26274 26279 26282 26286 26293 26294 26302 26307 26310
		26317 26321 26332 26335 26337 26341 26344 26346 26351 26357 26362 26363 26372 26380 26388 26391
		26392 26395 26402 26404 26414 26419
	}
	duchies = { # Essos Expanded: e_golden_yi_ti, e_leng, e_great_moraq, e_lesser_moraq, e_bloodless_men, e_cannibal_sands, e_hidden_sea, e_thousand_islands, e_ulthos, e_omber, e_jogos_nhai
		d_R100G209B15
		d_R103G34B31
		d_R104G238B108
		d_R106G34B26
		d_R112G28B16
		d_R115G164B11
		d_R118G226B28
		d_R119G203B117
		d_R123G165B62
		d_R123G69B44
		d_R126G207B217
		d_R126G55B188
		d_R127G31B145
		d_R128G163B201
		d_R128G165B91
		d_R129G169B173
		d_R129G31B140
		d_R12G131B170
		d_R12G4B57
		d_R131G200B113
		d_R133G215B116
		d_R133G93B231
		d_R138G163B247
		d_R140G173B221
		d_R140G191B33
		d_R140G63B133
		d_R143G132B81
		d_R143G224B96
		d_R145G62B183
		d_R146G124B54
		d_R146G195B113
		d_R147G113B69
		d_R147G124B78
		d_R147G241B217
		d_R149G188B218
		d_R152G226B139
		d_R154G131B121
		d_R155G213B113
		d_R157G24B25
		d_R15G78B55
		d_R162G147B201
		d_R162G163B218
		d_R162G96B163
		d_R164G158B236
		d_R166G215B77
		d_R166G7B230
		d_R167G215B10
		d_R170G1B201
		d_R173G39B57
		d_R174G82B237
		d_R179G213B70
		d_R184G102B177
		d_R186G98B77
		d_R187G97B55
		d_R197G250B234
		d_R198G191B13
		d_R200G178B4
		d_R204G32B182
		d_R204G81B169
		d_R209G244B199
		d_R209G33B30
		d_R216G170B210
		d_R21G0B50
		d_R220G50B93
		d_R222G220B5
		d_R224G121B183
		d_R224G137B134
		d_R224G201B152
		d_R230G145B81
		d_R232G107B142
		d_R237G75B164
		d_R23G122B200
		d_R243G219B128
		d_R246G38B101
		d_R246G63B205
		d_R24G149B3
		d_R254G161B109
		d_R255G46B176
		d_R29G61B120
		d_R2G223B70
		d_R42G21B193
		d_R43G59B222
		d_R44G198B158
		d_R55G175B124
		d_R55G247B36
		d_R59G123B179
		d_R59G221B136
		d_R5G53B50
		d_R61G109B109
		d_R63G211B67
		d_R64G232B56
		d_R65G217B122
		d_R74G231B172
		d_R79G198B89
		d_R79G215B32
		d_R82G4B39
		d_R82G61B86
		d_R83G108B44
		d_R83G220B141
		d_R84G146B204
		d_R88G169B175
		d_R88G177B122
		d_R96G6B240
		d_R99G52B102
		d_eetlv_wilds_08
		d_R192G168B147
		d_R206G76B102
		d_R228G175B102
		d_R47G193B207
		d_R108G205B118
		d_R117G244B155
		d_R15G248B48
		d_R17G4B254
		d_R180G130B18
		d_R183G81B182
		d_R214G61B80
		d_R25G59B12
		d_R28G255B120
		d_R32G208B71
		d_R34G51B9
		d_R50G12B39
		d_R123G214B68
		d_R13G254B221
		d_R145G141B153
		d_R38G180B116
		d_R104G124B189
		d_R119G143B156
		d_R11G232B14
		d_R13G72B64
		d_R158G10B113
		d_R166G86B71
		d_R178G220B218
		d_R179G19B114
		d_R181G76B165
		d_R184G2B113
		d_R192G133B221
		d_R214G198B42
		d_R217G108B230
		d_R22G126B243
		d_R22G66B24
		d_R239G205B48
		d_R254G116B0
		d_R28G156B183
		d_R35G62B235
		d_R43G42B30
		d_R49G138B7
		d_R52G177B161
		d_R60G23B175
		d_R68G221B98
		d_R72G96B9
		d_R77G245B83
		d_R80G19B19
		d_R82G102B147
		d_R83G216B139
		d_R84G175B167
		d_eetlv_wildm_02
		d_eetlv_wildm_03
		d_eetlv_wildm_04
		d_eetlv_wildm_06
		d_eetlv_wildm_07
		d_eetlv_wildm_09
		d_eetlv_wildm_10
		d_eetlv_wildm_13
		d_eetlv_wildm_14
		d_eetlv_wilds_02
		d_eetlv_wilds_10
		d_R111G75B187
		d_R122G121B140
		d_R193G60B253
		d_R220G226B155
		d_R222G151B16
		d_R232G202B38
		d_R238G6B173
		d_R240G127B159
		d_R28G169B63
		d_R41G226B41
		d_R42G145B84
		d_R45G162B231
		d_R70G73B87
		d_R81G64B118
		d_eetlv_wildm_01
		d_eetlv_wildm_05
		d_eetlv_wildm_08
		d_eetlv_wildm_11
		d_eetlv_wildm_12
		d_eetlv_wilds_06
		d_R164G237B211
		d_R1G86B152
		d_R250G175B97
		d_R32G145B229
		d_R37G186B138
		d_R44G38B62
		d_R52G33B207
		d_R6G17B202
		d_R97G210B157
		d_R48G26B112
		d_R53G140B216
		d_R57G49B210
		d_R67G144B34
		d_R77G214B155
		d_R90G15B103
		d_R148G142B163
		d_R14G65B130
		d_R168G6B61
		d_R16G157B103
		d_R16G61B151
		d_R183G8B95
		d_R1G24B200
		d_R207G75B180
		d_R208G238B46
		d_R222G82B64
		d_R23G248B166
		d_R241G206B28
		d_R25G165B157
		d_R34G180B238
		d_R46G158B212
		d_R61G25B77
		d_R62G111B152
		d_R73G244B60
		d_R83G120B90
		d_R89G161B52
		d_R20G128B134
		d_R87G214B107
		d_R90G171B108
		d_R102G201B167
		d_R106G176B143
		d_R112G39B75
		d_R11G129B100
		d_R123G203B214
		d_R133G181B31
		d_R139G102B179
		d_R139G221B148
		d_R140G100B36
		d_R143G96B105
		d_R145G113B68
		d_R147G232B129
		d_R155G55B87
		d_R155G69B191
		d_R156G7B177
		d_R159G138B147
		d_R16G248B142
		d_R170G220B142
		d_R174G232B107
		d_R179G199B57
		d_R180G134B252
		d_R184G97B29
		d_R189G218B124
		d_R19G206B105
		d_R19G53B215
		d_R202G176B250
		d_R208G13B56
		d_R210G235B19
		d_R212G205B232
		d_R215G35B147
		d_R218G80B203
		d_R221G250B127
		d_R231G180B224
		d_R245G84B157
		d_R250G67B219
		d_R251G79B255
		d_R255G60B143
		d_R255G68B131
		d_R25G185B204
		d_R27G189B204
		d_R28G32B62
		d_R29G161B233
		d_R2G126B112
		d_R30G132B29
		d_R32G189B26
		d_R37G183B63
		d_R38G66B212
		d_R48G134B93
		d_R52G155B180
		d_R55G111B55
		d_R56G193B185
		d_R57G171B81
		d_R60G45B235
		d_R60G66B58
		d_R63G173B203
		d_R66G224B167
		d_R66G45B122
		d_R69G215B129
		d_R72G143B155
		d_R72G14B18
		d_R75G10B128
		d_R75G157B114
		d_R76G29B27
		d_R83G236B170
		d_R89G55B71
		d_eetlv_wilds_04
	}
}

graphical_india = {
	graphical = yes
	color = { 0 255 0 }
# regions = {

# }
	provinces = {
		8219 8220 8221 12115 12117 12124 12125 12129 12136 12156 12158 12186 12189 12208 12228 12235
		12250 12274 12321 12327 12328 12343 12351 12355 12356 12364 12369 12394 12405 12435 12440 12483
		12507 12538 12560 12629 12633 12667 12686 12712 12719 12739 12741 12742 12799 12805 12812 12820
		12825 12839 12841 12848 12856 12871 12872 12881 12918 12920 12932 12979 12987 12993 13011 13017
		13028 13030 13060 13077 13080 13093 13097 13113 13127 13129 13152 13158 13169 13185 13190 13215
		13222 13230 13279 13308 13339 13347 13354 13355 13358 13373 13378 13397 13415 13424 13444 13445
		13465 13484 13494 13522 13558 13572 13577 13599 13614 13616 13635 13639 13648 13655 13656 13683
		13717 13720 13722 13724 13761 13783 13796 13807 13809 13835 13838 13841 13851 13876 13877 13881
		13884 13886 13890 13900 13915 13938 13949 13968 13969 13982 13988 14020 14043 14053 14059 14071
		14082 14089 14092 14100 14146 14160 14169 14177 14215 14236 14248 14256 14290 14298 14314 14317
		14321 14330 14339 14348 14369 14372 14374 14406 14415 14421 14432 14442 14445 14451 14454 14469
		14471 14496 14514 14523 14528 14533 14539 14550 14554 14557 14561 14568 14578 14581 14587 14590
		14642 14668 14672 14678 14690 14705 14707 14752 14787 14810 14827 14836 14837 14859 14862 14895
		14904 14910 14911 14915 14920 14923 14936 14939 14941 14956 14957 14965 14976 14977 14979 14986
		14992 15018 15040 15069 15100 15152 15156 15185 15196 15209 15226 15229 15233 15236 15242 15268
		15279 15301 15313 15336 15348 15379 15395 15409 15431 15448 15462 15478 15482 15484 15487 15495
		15503 15521 15554 15556 15559 15594 15616 15621 15622 15648 15651 15659 15671 15677 15679 15719
		15726 15752 15781 15827 15839 15841 15843 15858 15880 15904 15911 15922 15931 15944 15948 15971
		15974 15977 16036 16046 16059 16063 16090 16121 16127 16147 16151 16162 16168 16177 16180 16198
		16233 16245 16247 16272 16295 16298 16305 16310 16314 16315 16319 16326 16336 16337 16341 16346
		16372 16387 16405 16411 16423 16444 16448 16464 16476 16506 16510 16524 16534 16535 16569 16570
		16582 16585 16592 16597 16603 16604 16606 16607 16609 16615 16647 16650 16651 16670 16673 16689
		16695 16709 16727 16730 16738 16747 16748 16757 16777 16787 16788 16790 16792 16802 16804 16814
		16828 16831 16838 16839 16841 16862 16875 16898 16900 16919 16929 16933 16937 16956 16961 16966
		16977 16978 16984 17003 17065 17079 17083 17088 17092 17119 17124 17125 17134 17148 17156 17176
		17188 17197 17221 17280 17287 17305 17311 17317 17359 17371 17372 17376 17386 17401 17422 17443
		17459 17462 17486 17504 17511 17514 17547 17552 17555 17589 17623 17624 17647 17657 17664 17708
		17714 17717 17727 17729 17732 17737 17742 17756 17773 17775 17787 17795 17821 17826 17845 17848
		17849 17867 17880 17883 17891 17898 17906 17910 17916 17920 17923 17935 17949 17964 17978 18035
		18037 18038 18039 18071 18082 18112 18114 18119 18124 18148 18149 18150 18154 18170 18174 18195
		18262 18264 18278 18283 18285 18290 18311 18319 18405 18413 18434 18442 18443 18452 18454 18455
		18482 18488 18504 18519 18524 18530 18545 18564 18567 18571 18574 18577 18585 18587 18603 18607
		18608 18621 18625 18627 18670 18671 18691 18702 18736 18753 18760 18771 18775 18783 18795 18800
		18824 18826 18829 18856 18875 18900 18921 18941 18997 19001 19009 19011 19060 19072 19076 19100
		19109 19112 19127 19141 19145 19148 19152 19158 19159 19190 19212 19227 19234 19240 19254 19291
		19304 19340 19387 19392 19397 19408 19412 19429 19455 19456 19458 19462 19471 19475 19476 19490
		19499 19517 19550 19561 19566 19568 19577 19587 19592 19594 19605 19625 19627 19632 19649 19675
		19678 19679 19685 19706 19747 19751 19770 19789 19790 19835 19845 19853 19862 19863 19865 19867
		19871 19873 19936 19938 19941 19953 19997 20002 20033 20066 20075 20102 20119 20163 20167 20171
		20175 20190 20247 20288 20298 20322 20328 20381 20441 20450 20460 20464 20466 20507 20508 20509
		20519 20520 20521 20529 20532 20533 20569 20575 20577 20590 20594 20600 20614 20622 20652 20653
		20679 20691 20696 20745 20759 20768 20771 20811 20819 20829 20854 20882 20887 20896 20905 20911
		20927 20928 20943 20974 20995 21008 21012 21045 21070 21080 21119 21132 21141 21146 21148 21155
		21162 21172 21202 21206 21210 21211 21214 21217 21227 21233 21256 21259 21281 21300 21325 21347
		21379 21384 21396 21416 21420 21446 21455 21456 21458 21478 21542 21596 21606 21608 21618 21628
		21647 21648 21661 21664 21675 21679 21681 21684 21692 21699 21701 21706 21709 21752 21757 21764
		21785 21825 21886 21887 21905 21914 21930 21944 21956 21962 21963 21973 21980 21995 21996 22002
		22004 22027 22034 22036 22042 22045 22051 22065 22100 22108 22111 22128 22136 22142 22149 22153
		22154 22174 22185 22223 22237 22249 22288 22297 22298 22320 22331 22359 22369 22385 22389 22401
		22430 22433 22477 22478 22479 22572 22586 22590 22596 22615 22629 22658 22697 22702 22712 22715
		22728 22771 22783 22784 22787 22788 22791 22840 22876 22891 22895 22902 22913 22973 22983 23003
		23055 23058 23062 23069 23072 23098 23104 23107 23111 23133 23158 23163 23177 23187 23192 23209
		23216 23236 23241 23242 23292 23300 23315 23318 23326 23337 23345 23346 23365 23370 23391 23398
		23519 23532 23548 23549 23583 23614 23620 23630 23641 23663 23670 23689 23694 23699 23751 23759
		23770 23775 23776 23778 23821 23840 23842 23860 23862 23874 23881 23886 23888 23916 23920 23924
		23927 23945 23957 24006 24013 24014 24020 24033 24051 24055 24079 24089 24110 24112 24114 24124
		24137 24156 24170 24175 24201 24228 24237 24247 24287 24290 24310 24351 24353 24385 24413 24417
		24427 24433 24435 24463 24475 24479 24497 24510 24514 24553 24568 24583 24587 24602 24667 24670
		24675 24682 24702 24722 24728 24778 24805 24831 24852 24896 24926 24966 24967 24973 24985 24988
		24998 25008 25011 25015 25024 25028 25048 25051 25066 25068 25085 25104 25135 25153 25161 25166
		25169 25173 25181 25195 25223 25247 25249 25250 25259 25260 25261 25263 25266 25272 25277 25280
		25284 25299 25300 25324 25336 25338 25340 25372 25387 25428 25431 25433 25435 25439 25442 25443
		25455 25472 25498 25501 25515 25522 25527 25543 25570 25593 25604 25617 25673 25700 25704 25726
		25729 25744 25752 25754 25759 25766 25779 25791 25802 25804 25808 25824 25826 25828 25839 25881
		25885 25894 25911 25929 25962 25966 25980 25982 25986 25992 25993 25994 26025 26031 26032 26040
		26077 26086 26130 26150 26170 26171 26196 26219 26240 26243 26246 26255 26281 26285 26303 26323
		26327 26342 26349 26352 26361 26364 26373 26377 26389 26398 26411 26420
	}
}

graphical_mediterranean = {
	graphical = yes
# color = { 0 0 255 }
	color = { 255 0 0 }
	regions = {
# EE TempLoV Compatch:
		world_essos_volantis
		world_stepstones
		world_essos_pentos
		world_essos_lys
		world_essos_tyrosh
		world_essos_disputed_lands
		world_essos_myr
		world_westeros_the_westerlands_south
		world_westeros_the_westerlands_coast
		world_westeros_the_westerlands_central
		world_westeros_the_reach
		world_westeros_the_crownlands_reachman
		world_westeros_the_crownlands_riverlander
		world_westeros_the_crownlands_stormlander
		world_westeros_the_crownlands_valyrian_central_islands
		world_westeros_the_riverlands_south
		world_westeros_the_stormlands
		world_westeros_dorne_stone
		world_essos_rhoyne
		world_essos_qohor_south
	}
	provinces = {
		12213 12738 13213 13587 13727 15115 16163 17611 17843 18330 18551 18746 18809 19033 19065 19278
		19379 19664 19872 19885 20184 20207 21112 21538 21851 21981 22030 22243 22334 22741 23102 23160
		23479 23535 23894 24939 25380 25440 25585 25655 26098 26384
	}
}

graphical_mena = {
	graphical = yes
	color = { 255 255 0 }
	regions = {
# EE TempLoV Compatch:
		world_essos_rhoyne world_essos_slavers_bay
		world_westeros_dorne_rhoynish
	}
	duchies = { # Essos Expanded: e_qarth, e_lhazar, e_sarnor, e_sothoryos, e_summer_isles, e_naath
		d_R104G144B83
		d_R107G39B102
		d_R132G234B228
		d_R138G113B254
		d_R139G230B165
		d_R152G107B185
		d_R154G148B140
		d_R154G226B97
		d_R15G243B61
		d_R161G200B9
		d_R162G253B150
		d_R168G53B18
		d_R187G116B155
		d_R195G123B114
		d_R196G175B150
		d_R201G149B127
		d_R237G121B181
		d_R251G71B132
		d_R48G116B227
		d_R56G50B236
		d_R58G69B30
		d_R60G1B218
		d_R66G158B239
		d_R67G9B102
		d_R73G133B15
		d_R73G169B117
		d_R78G20B134
		d_R88G13B155
		d_R90G57B150
		d_R95G51B86
		d_R104G214B80
		d_R110G255B130
		d_R111G255B221
		d_R113G164B41
		d_R116G59B108
		d_R11G59B233
		d_R122G12B245
		d_R12G187B142
		d_R138G214B148
		d_R140G37B103
		d_R153G254B88
		d_R165G143B36
		d_R167G35B69
		d_R173G29B222
		d_R192G69B2
		d_R193G200B79
		d_R1G6B11
		d_R225G47B160
		d_R231G23B54
		d_R238G196B139
		d_R241G81B107
		d_R24G232B25
		d_R3G153B214
		d_R98G157B224
		d_R98G99B89
		d_eetlv_wild_01
		d_eetlv_wild_02
		d_eetlv_wild_03
		d_eetlv_wild_04
		d_eetlv_wild_05
		d_eetlv_wild_06
		d_eetlv_wild_07
		d_eetlv_wild_08
		d_eetlv_wild_09
		d_eetlv_wild_10
		d_eetlv_wild_11
		d_eetlv_wild_12
		d_R113G237B226
		d_R204G205B212
		d_R210G115B75
		d_R109G18B231
		d_R113G235B150
		d_R114G20B228
		d_R120G124B181
		d_R132G114B116
		d_R141G56B178
		d_R142G130B143
		d_R144G166B39
		d_R146G56B229
		d_R164G162B93
		d_R190G225B153
		d_R198G233B16
		d_R200G232B177
		d_R200G250B80
		d_R205G224B76
		d_R206G85B199
		d_R214G186B131
		d_R216G227B230
		d_R229G105B66
		d_R30G190B79
		d_R38G62B151
		d_R54G55B57
		d_R59G128B211
		d_R80G145B180
		d_R88G87B166
		d_R103G163B139
		d_R124G167B9
		d_R131G64B72
		d_R152G30B153
		d_R177G111B163
		d_R202G240B76
		d_R205G235B19
		d_R218G131B54
		d_R31G5B22
		d_R50G233B173
		d_R141G72B14
	}
	provinces = {
		12121 12140 12141 12143 12148 12152 12153 12154 12169 12188 12193 12199 12244 12264 12281 12298
		12309 12316 12319 12333 12337 12340 12341 12342 12374 12397 12411 12413 12430 12442 12443 12450
		12458 12465 12476 12486 12493 12503 12519 12522 12531 12548 12558 12561 12565 12582 12591 12594
		12595 12604 12614 12615 12639 12647 12663 12691 12693 12706 12714 12731 12735 12749 12752 12761
		12781 12783 12791 12795 12796 12813 12849 12855 12868 12870 12878 12884 12885 12888 12908 12917
		12931 12944 12950 12957 12978 12983 12989 12991 13002 13004 13007 13009 13029 13039 13047 13058
		13083 13084 13085 13091 13092 13101 13138 13153 13159 13176 13216 13229 13246 13249 13262 13263
		13277 13289 13310 13333 13351 13394 13402 13431 13438 13451 13474 13492 13493 13495 13511 13512
		13514 13519 13523 13536 13542 13544 13548 13559 13591 13596 13604 13622 13624 13645 13652 13679
		13686 13694 13695 13696 13710 13752 13778 13786 13798 13819 13821 13823 13827 13842 13854 13855
		13878 13907 13921 13941 13946 13948 13952 13956 13958 13960 13961 13983 13998 14006 14051 14055
		14067 14077 14081 14087 14102 14108 14110 14115 14116 14129 14137 14167 14208 14210 14212 14218
		14227 14233 14243 14245 14247 14268 14270 14283 14284 14313 14338 14345 14352 14364 14368 14370
		14382 14383 14391 14396 14397 14418 14420 14425 14429 14443 14449 14455 14475 14481 14492 14520
		14522 14531 14553 14579 14582 14600 14603 14609 14616 14626 14644 14651 14655 14665 14666 14669
		14684 14691 14696 14708 14728 14730 14732 14760 14796 14802 14824 14833 14840 14841 14855 14873
		14881 14886 14888 14891 14896 14912 14947 14963 14974 14983 14996 15032 15056 15061 15068 15079
		15088 15120 15137 15146 15154 15163 15171 15178 15195 15225 15232 15267 15278 15285 15289 15325
		15341 15347 15351 15352 15356 15361 15368 15381 15387 15413 15414 15418 15423 15441 15443 15460
		15473 15493 15511 15519 15530 15549 15550 15569 15598 15599 15606 15612 15618 15627 15631 15633
		15636 15642 15675 15687 15692 15693 15698 15701 15731 15733 15736 15787 15793 15820 15825 15830
		15842 15876 15890 15908 15920 15927 15951 15954 15960 15969 15980 15981 15989 15995 16006 16019
		16024 16051 16057 16060 16061 16069 16074 16075 16086 16091 16124 16143 16181 16204 16207 16220
		16243 16255 16280 16291 16294 16306 16329 16368 16378 16389 16390 16391 16400 16426 16429 16440
		16455 16460 16462 16488 16490 16496 16515 16517 16529 16537 16555 16557 16574 16580 16583 16590
		16600 16612 16622 16638 16642 16652 16660 16684 16702 16758 16766 16767 16773 16783 16805 16820
		16826 16840 16842 16869 16876 16894 16902 16936 16938 16950 16951 16960 16980 16987 17004 17018
		17023 17034 17037 17038 17048 17052 17053 17061 17069 17089 17100 17131 17147 17150 17151 17153
		17161 17164 17167 17203 17204 17213 17231 17256 17257 17272 17283 17314 17321 17342 17353 17360
		17363 17375 17380 17392 17393 17408 17473 17474 17485 17490 17531 17569 17570 17604 17618 17619
		17631 17650 17651 17654 17678 17691 17704 17730 17753 17755 17760 17764 17768 17777 17780 17785
		17810 17827 17847 17863 17876 17878 17903 17911 17929 17932 17933 17942 17960 17961 17963 17970
		17974 17990 17996 17998 18031 18066 18072 18078 18087 18097 18098 18118 18129 18161 18165 18176
		18193 18219 18237 18242 18249 18265 18267 18271 18281 18286 18292 18295 18309 18310 18312 18326
		18333 18336 18339 18340 18367 18386 18399 18401 18406 18411 18416 18440 18453 18478 18483 18492
		18493 18495 18507 18512 18523 18527 18529 18531 18536 18569 18588 18590 18628 18639 18642 18647
		18663 18664 18667 18680 18699 18741 18749 18751 18764 18787 18788 18805 18817 18842 18851 18857
		18860 18925 18936 18944 18965 18975 19010 19015 19035 19068 19086 19092 19105 19107 19144 19155
		19167 19173 19178 19185 19191 19196 19199 19225 19226 19230 19233 19248 19250 19253 19309 19329
		19343 19361 19372 19375 19411 19432 19434 19443 19450 19461 19474 19479 19489 19493 19495 19500
		19512 19534 19541 19551 19555 19588 19602 19608 19614 19621 19622 19624 19662 19670 19673 19684
		19691 19707 19709 19724 19730 19735 19741 19775 19778 19780 19801 19826 19829 19842 19889 19901
		19905 19934 19948 19954 19959 19967 19969 19978 20013 20019 20034 20040 20049 20060 20063 20092
		20099 20117 20152 20198 20226 20230 20241 20278 20284 20290 20317 20325 20327 20342 20348 20358
		20376 20382 20392 20423 20425 20429 20432 20433 20449 20456 20485 20494 20510 20515 20550 20551
		20552 20572 20608 20639 20641 20642 20660 20669 20674 20709 20723 20729 20732 20735 20739 20779
		20810 20812 20821 20833 20866 20870 20874 20888 20892 20919 20924 20935 20938 20940 20951 20955
		20956 20991 21007 21023 21033 21056 21058 21069 21076 21085 21088 21092 21129 21143 21150 21165
		21173 21196 21218 21220 21223 21229 21231 21244 21253 21258 21264 21272 21301 21336 21346 21350
		21354 21369 21373 21385 21389 21410 21414 21429 21433 21440 21447 21526 21535 21571 21572 21585
		21592 21602 21627 21637 21658 21686 21693 21697 21715 21724 21742 21746 21750 21779 21822 21831
		21839 21855 21858 21883 21888 21895 21908 21924 21938 21965 21966 22031 22040 22048 22063 22083
		22086 22094 22102 22109 22118 22134 22135 22158 22172 22177 22192 22200 22202 22210 22215 22224
		22225 22234 22257 22274 22280 22281 22295 22308 22357 22361 22366 22403 22434 22447 22450 22456
		22492 22519 22526 22540 22543 22554 22569 22580 22598 22609 22617 22619 22623 22633 22636 22670
		22686 22718 22722 22759 22760 22768 22812 22833 22834 22851 22867 22873 22881 22882 22885 22896
		22925 22932 22942 22946 22955 22960 22972 22987 22999 23002 23016 23023 23033 23038 23042 23051
		23052 23067 23086 23088 23097 23099 23109 23174 23186 23195 23205 23223 23230 23240 23261 23268
		23301 23303 23307 23311 23344 23347 23354 23360 23367 23372 23375 23378 23383 23395 23446 23451
		23454 23495 23510 23520 23527 23557 23567 23568 23576 23578 23600 23604 23687 23693 23700 23708
		23720 23721 23733 23735 23758 23762 23777 23786 23816 23827 23829 23837 23843 23870 23875 23879
		23896 23933 23956 23975 23994 23998 24003 24011 24029 24035 24040 24054 24076 24077 24094 24097
		24100 24122 24127 24135 24147 24152 24160 24179 24192 24194 24219 24220 24233 24236 24241 24246
		24256 24293 24301 24304 24315 24340 24366 24370 24404 24407 24419 24431 24439 24440 24443 24449
		24453 24462 24483 24488 24489 24490 24492 24505 24508 24509 24521 24526 24532 24552 24567 24595
		24650 24655 24659 24666 24669 24695 24716 24738 24744 24746 24760 24761 24769 24772 24786 24787
		24800 24801 24803 24813 24818 24841 24848 24849 24868 24885 24893 24903 24906 24907 24908 24913
		24922 24950 24952 24963 24971 24978 24989 24991 25009 25014 25019 25039 25046 25056 25057 25058
		25062 25081 25083 25091 25099 25100 25105 25111 25127 25131 25150 25155 25159 25165 25175 25205
		25213 25214 25216 25262 25274 25275 25298 25304 25313 25315 25333 25347 25354 25381 25382 25392
		25405 25408 25450 25463 25464 25471 25481 25483 25484 25511 25529 25533 25539 25556 25587 25628
		25629 25644 25660 25681 25693 25699 25701 25714 25720 25731 25742 25751 25753 25767 25772 25783
		25784 25800 25807 25809 25819 25823 25835 25842 25852 25866 25868 25872 25873 25893 25928 26002
		26006 26023 26030 26033 26035 26038 26044 26046 26051 26060 26062 26071 26074 26082 26090 26094
		26100 26115 26123 26126 26136 26151 26162 26178 26215 26224 26228 26238 26244 26245 26275 26287
		26290 26314 26322 26331 26340 26347 26354 26356 26360 26376 26379 26382 26409 26413
	}
}

graphical_siberia = {
	graphical = yes
# color = { 0 0 255 }
	color = { 250 250 250 }
	regions = {
		world_westeros_beyond_the_wall
		world_westeros_the_wall
	}
	duchies = {
		d_skagos
		d_deepdown
		d_driftwood_hall
	}
	provinces = {
		12132 12149 12151 12162 12179 12183 12192 12233 12236 12239 12259 12275 12280 12283 12291 12292
		12297 12305 12354 12357 12382 12387 12419 12434 12448 12457 12498 12500 12501 12505 12511 12514
		12520 12524 12529 12534 12546 12547 12571 12585 12596 12600 12602 12624 12635 12640 12652 12658
		12681 12683 12684 12710 12728 12772 12786 12790 12792 12794 12797 12810 12815 12816 12832 12858
		12859 12860 12876 12892 12897 12911 12912 12923 12939 12940 12942 12959 12992 12994 13000 13001
		13012 13015 13045 13064 13065 13066 13076 13079 13098 13099 13107 13120 13146 13150 13197 13207
		13208 13209 13217 13227 13239 13240 13245 13248 13259 13297 13307 13311 13318 13331 13359 13377
		13384 13395 13396 13417 13432 13434 13475 13480 13500 13503 13516 13520 13531 13535 13539 13547
		13594 13637 13680 13682 13685 13706 13750 13757 13771 13780 13791 13797 13802 13803 13808 13814
		13824 13834 13844 13845 13846 13858 13860 13873 13912 13917 13924 13933 13945 13954 13962 13964
		13970 13971 13979 13986 13987 14012 14019 14027 14030 14036 14037 14041 14080 14111 14112 14120
		14123 14132 14158 14161 14184 14196 14199 14219 14246 14258 14261 14264 14271 14277 14293 14295
		14319 14329 14337 14346 14361 14407 14422 14448 14450 14468 14489 14509 14518 14525 14544 14549
		14571 14576 14607 14608 14621 14653 14681 14694 14716 14737 14746 14748 14749 14761 14763 14768
		14771 14784 14788 14794 14799 14820 14835 14839 14844 14856 14858 14869 14883 14897 14902 14903
		14926 14927 14930 14938 14948 14987 15000 15004 15009 15010 15016 15019 15076 15085 15089 15093
		15116 15144 15160 15173 15176 15180 15199 15201 15202 15205 15212 15216 15239 15276 15286 15333
		15338 15359 15360 15363 15369 15377 15383 15390 15403 15404 15405 15406 15416 15451 15453 15456
		15466 15479 15486 15491 15500 15517 15520 15534 15541 15553 15567 15578 15580 15591 15647 15658
		15669 15682 15688 15689 15723 15735 15747 15772 15776 15798 15810 15824 15829 15882 15889 15900
		15903 15919 15924 15945 15956 15958 15979 15990 15993 15999 16022 16028 16029 16035 16038 16044
		16048 16049 16054 16077 16082 16087 16102 16112 16113 16119 16126 16135 16137 16152 16155 16158
		16173 16189 16197 16199 16222 16239 16265 16268 16273 16274 16283 16296 16302 16321 16370 16374
		16382 16394 16408 16410 16436 16439 16477 16485 16532 16540 16556 16563 16564 16565 16566 16594
		16605 16613 16614 16628 16631 16637 16640 16644 16656 16657 16661 16668 16712 16726 16733 16743
		16745 16749 16759 16776 16781 16798 16812 16837 16845 16846 16847 16861 16897 16911 16922 16928
		16931 16942 16946 16954 16959 16971 16972 16985 17033 17041 17044 17049 17055 17062 17070 17071
		17084 17097 17127 17145 17154 17165 17178 17207 17264 17279 17298 17302 17312 17316 17339 17346
		17355 17364 17381 17385 17403 17412 17416 17430 17440 17441 17456 17471 17525 17538 17548 17553
		17572 17573 17579 17597 17598 17615 17628 17633 17639 17693 17702 17707 17709 17724 17740 17749
		17765 17771 17794 17798 17801 17809 17830 17857 17864 17879 17881 17888 17890 17893 17918 17934
		17945 17957 17976 17987 17988 18000 18016 18020 18021 18064 18069 18080 18081 18130 18131 18156
		18160 18162 18167 18178 18187 18190 18202 18214 18218 18224 18229 18234 18258 18261 18304 18315
		18360 18361 18372 18390 18392 18410 18421 18436 18441 18446 18460 18463 18484 18501 18510 18537
		18548 18553 18573 18579 18598 18601 18602 18616 18650 18651 18672 18678 18679 18683 18693 18694
		18715 18730 18735 18739 18743 18752 18769 18811 18820 18823 18836 18861 18867 18878 18888 18895
		18911 18937 18950 18954 18961 18968 18970 18979 18985 18990 18999 19005 19028 19038 19049 19057
		19083 19091 19096 19102 19114 19116 19121 19125 19134 19137 19142 19143 19154 19172 19174 19179
		19180 19187 19192 19210 19217 19229 19232 19235 19243 19259 19266 19272 19274 19286 19289 19294
		19310 19313 19321 19332 19334 19337 19353 19367 19368 19389 19396 19415 19428 19439 19467 19487
		19518 19526 19536 19540 19554 19562 19573 19575 19582 19598 19609 19620 19631 19640 19643 19668
		19681 19698 19715 19716 19720 19739 19768 19783 19798 19802 19805 19808 19811 19817 19819 19824
		19828 19837 19850 19866 19891 19896 19909 19912 19921 19931 19946 19971 19976 19982 19989 20003
		20007 20010 20014 20016 20017 20046 20057 20076 20084 20103 20146 20156 20158 20166 20185 20193
		20197 20201 20205 20217 20252 20274 20282 20289 20297 20299 20313 20340 20347 20360 20361 20362
		20372 20386 20395 20404 20407 20420 20421 20430 20439 20467 20470 20472 20475 20476 20478 20489
		20492 20495 20503 20514 20522 20528 20544 20546 20571 20579 20582 20586 20593 20615 20627 20634
		20638 20646 20686 20692 20720 20722 20740 20743 20752 20755 20760 20769 20774 20785 20789 20803
		20806 20817 20825 20832 20835 20846 20851 20872 20890 20899 20917 20921 20942 20990 21016 21018
		21026 21046 21063 21074 21091 21103 21116 21135 21159 21161 21177 21179 21181 21182 21193 21203
		21207 21216 21225 21226 21251 21255 21260 21262 21267 21273 21276 21277 21294 21303 21304 21305
		21314 21318 21323 21338 21348 21357 21359 21361 21362 21367 21374 21376 21391 21398 21437 21445
		21449 21467 21481 21484 21494 21498 21509 21515 21518 21525 21534 21545 21547 21577 21579 21601
		21632 21634 21639 21671 21673 21678 21695 21705 21719 21720 21745 21747 21748 21762 21778 21781
		21790 21802 21809 21810 21821 21836 21840 21844 21856 21866 21897 21900 21904 21912 21920 21934
		21936 21939 21958 21976 21984 21986 22025 22037 22053 22062 22076 22082 22092 22096 22099 22104
		22123 22144 22148 22155 22168 22184 22189 22207 22221 22238 22241 22265 22286 22289 22321 22324
		22364 22365 22378 22390 22406 22412 22417 22418 22425 22452 22453 22459 22467 22481 22486 22487
		22490 22503 22522 22537 22544 22553 22558 22570 22579 22588 22592 22610 22612 22620 22652 22654
		22662 22663 22675 22683 22694 22711 22720 22723 22730 22731 22742 22743 22748 22751 22804 22808
		22825 22826 22831 22857 22862 22870 22871 22874 22890 22906 22908 22956 22958 22963 22982 22989
		22992 23014 23018 23021 23032 23043 23045 23057 23101 23119 23132 23139 23147 23148 23180 23191
		23206 23231 23245 23256 23259 23266 23272 23279 23282 23299 23324 23341 23358 23364 23369 23374
		23394 23408 23417 23429 23437 23438 23463 23490 23511 23525 23551 23556 23559 23563 23579 23585
		23623 23626 23629 23638 23644 23683 23685 23696 23729 23750 23760 23773 23788 23796 23799 23803
		23848 23850 23865 23871 23872 23901 23926 23931 23953 23969 23970 23977 23996 24010 24022 24024
		24030 24050 24053 24059 24069 24088 24098 24120 24130 24150 24159 24165 24167 24181 24208 24209
		24210 24214 24221 24224 24264 24278 24299 24309 24317 24336 24361 24374 24377 24382 24392 24399
		24436 24461 24467 24491 24495 24503 24512 24522 24524 24527 24534 24535 24538 24563 24569 24572
		24574 24586 24608 24616 24617 24649 24679 24688 24690 24692 24693 24696 24703 24714 24717 24719
		24725 24784 24796 24799 24850 24854 24900 24910 24944 24953 24954 24955 24957 24969 24974 25000
		25001 25013 25020 25027 25043 25047 25069 25076 25079 25080 25086 25103 25106 25108 25112 25113
		25136 25142 25193 25198 25218 25233 25238 25239 25252 25265 25267 25305 25307 25326 25355 25364
		25377 25378 25399 25419 25438 25444 25468 25476 25480 25516 25553 25588 25631 25647 25656 25657
		25664 25669 25672 25687 25697 25710 25716 25758 25760 25775 25806 25810 25813 25814 25863 25876
		25879 25882 25890 25899 25903 25930 25939 25943 25944 25952 25963 25965 25967 25984 25991 26007
		26014 26024 26037 26063 26072 26083 26107 26112 26121 26129 26155 26156 26158 26164 26181 26182
		26188 26191 26199 26202 26209 26241 26260 26270 26277 26297 26305 26309 26319 26325 26365 26370
		26378 26393 26417
	}
}

graphical_sothoryos = {
	graphical = yes
    color = { 61 248 50 }
    regions = {
		world_sothoryos
	}
	provinces = {
		12212 12226 12245 12270 12290 12363 12409 12416 12470 12518 12551 12552 12566 12580 12593 12601
		12638 12654 12660 12729 12732 12745 12747 12806 12829 12840 12842 12901 12963 12975 13033 13141
		13161 13233 13301 13315 13363 13400 13446 13458 13460 13488 13499 13524 13555 13568 13618 13659
		13676 13690 13715 13743 13746 13781 13812 13832 13840 13880 13905 13914 13927 13937 13972 13975
		13994 14003 14057 14186 14225 14262 14281 14288 14296 14303 14355 14367 14379 14380 14385 14388
		14417 14436 14498 14500 14511 14526 14543 14574 14657 14658 14700 14706 14710 14766 14775 14777
		14790 14815 14865 14868 14884 14899 14908 14931 14932 14993 15015 15028 15033 15034 15053 15084
		15099 15103 15149 15184 15189 15256 15266 15337 15365 15366 15399 15425 15426 15427 15439 15494
		15498 15529 15620 15623 15625 15637 15667 15721 15730 15750 15758 15804 15809 15850 15985 16016
		16020 16030 16034 16043 16056 16064 16088 16092 16104 16115 16221 16226 16248 16320 16332 16335
		16381 16404 16414 16441 16445 16452 16596 16608 16618 16621 16694 16697 16703 16872 16896 16905
		16975 17013 17021 17050 17060 17096 17142 17152 17181 17244 17252 17254 17301 17323 17330 17429
		17444 17450 17484 17523 17586 17653 17667 17681 17703 17721 17816 17840 17885 17899 17928 17943
		17944 17966 17973 17989 18015 18093 18108 18151 18172 18201 18239 18325 18347 18351 18363 18417
		18425 18428 18456 18461 18470 18489 18539 18557 18619 18633 18677 18750 18780 18790 18808 18816
		18834 18862 18874 18880 18899 18903 18917 18934 18998 19008 19037 19050 19058 19094 19098 19115
		19131 19182 19247 19297 19393 19451 19453 19492 19510 19524 19532 19586 19599 19712 19723 19763
		19764 19771 19788 19883 19890 19958 19966 19987 19988 20039 20079 20105 20106 20133 20136 20143
		20208 20234 20244 20257 20258 20330 20354 20373 20414 20448 20471 20543 20561 20616 20629 20637
		20662 20671 20697 20704 20719 20734 20784 20908 20925 20950 20986 20987 20999 21043 21048 21049
		21053 21057 21060 21110 21166 21278 21285 21289 21322 21388 21461 21468 21528 21531 21546 21566
		21594 21605 21609 21650 21688 21696 21710 21721 21769 21774 21804 21812 21814 21857 21885 21910
		21913 21947 21968 21993 22088 22097 22098 22156 22205 22208 22236 22272 22273 22309 22311 22360
		22454 22505 22538 22589 22594 22614 22642 22672 22680 22781 22792 22799 22820 22838 22879 22914
		22926 22927 22943 22998 23026 23039 23153 23166 23167 23171 23199 23203 23211 23220 23227 23269
		23283 23298 23333 23386 23392 23419 23440 23442 23458 23501 23545 23560 23575 23594 23598 23651
		23657 23666 23671 23691 23724 23727 23753 23792 23809 23903 23909 23911 23940 23962 24000 24004
		24009 24043 24058 24067 24072 24074 24118 24131 24142 24155 24166 24178 24190 24216 24263 24321
		24337 24341 24352 24384 24389 24410 24465 24551 24571 24575 24676 24678 24706 24709 24742 24756
		24864 24888 24898 24901 24921 24976 24997 24999 25023 25060 25109 25140 25182 25246 25292 25310
		25383 25406 25427 25523 25563 25573 25630 25654 25705 25721 25763 25832 25891 25942 25946 25988
		25999 26011 26012 26042 26085 26087 26095 26157 26168 26184 26251 26345 26348 26387
	}
}

graphical_steppe = {
	graphical = yes
	color = { 0 255 255 }
	provinces = {
		7291 7292 12114 12118 12119 12122 12128 12131 12134 12145 12157 12159 12161 12165 12170 12171
		12172 12173 12180 12181 12190 12195 12197 12198 12200 12201 12209 12210 12211 12217 12218 12219
		12220 12229 12232 12234 12237 12243 12248 12249 12251 12252 12253 12261 12262 12263 12265 12267
		12271 12272 12273 12277 12278 12279 12282 12286 12289 12293 12295 12301 12302 12307 12311 12317
		12320 12325 12329 12332 12334 12338 12344 12345 12346 12347 12348 12350 12358 12359 12366 12371
		12372 12376 12378 12380 12386 12388 12389 12390 12391 12395 12396 12398 12399 12401 12406 12408
		12417 12418 12420 12422 12423 12424 12425 12427 12431 12432 12437 12438 12441 12445 12446 12447
		12449 12451 12452 12453 12456 12462 12471 12472 12473 12477 12479 12482 12484 12494 12495 12496
		12502 12509 12510 12516 12523 12526 12527 12532 12535 12539 12541 12544 12545 12554 12559 12562
		12564 12568 12569 12573 12575 12586 12588 12597 12603 12605 12606 12608 12609 12611 12612 12613
		12616 12618 12620 12631 12632 12637 12641 12642 12650 12653 12659 12662 12664 12665 12669 12671
		12673 12678 12680 12689 12697 12702 12703 12709 12715 12716 12717 12718 12722 12723 12725 12727
		12734 12737 12740 12750 12751 12753 12754 12760 12764 12768 12769 12770 12771 12773 12774 12776
		12777 12778 12779 12782 12788 12801 12802 12803 12807 12822 12823 12824 12826 12827 12830 12833
		12835 12836 12837 12838 12843 12846 12853 12857 12862 12864 12865 12866 12867 12875 12877 12880
		12883 12886 12887 12889 12924 12926 12933 12934 12943 12948 12951 12954 12956 12958 12962 12968
		12969 12970 12971 12973 12974 12977 12982 12996 12998 13003 13013 13014 13018 13023 13036 13037
		13038 13042 13046 13049 13050 13052 13053 13055 13059 13061 13062 13067 13068 13069 13070 13073
		13078 13086 13087 13088 13089 13095 13103 13108 13114 13117 13118 13119 13121 13123 13124 13126
		13130 13132 13139 13142 13147 13149 13151 13156 13162 13163 13164 13165 13167 13168 13171 13173
		13177 13181 13182 13183 13186 13188 13189 13193 13194 13200 13203 13204 13206 13210 13212 13218
		13219 13220 13221 13224 13231 13241 13242 13252 13254 13260 13261 13264 13266 13268 13270 13272
		13274 13276 13278 13280 13281 13284 13286 13294 13295 13303 13304 13305 13306 13312 13314 13320
		13321 13325 13334 13335 13337 13338 13341 13343 13344 13345 13350 13357 13364 13365 13375 13380
		13381 13382 13385 13386 13388 13389 13392 13393 13398 13403 13405 13407 13408 13412 13413 13422
		13423 13425 13426 13429 13430 13433 13440 13442 13448 13450 13454 13461 13463 13470 13471 13477
		13479 13481 13482 13487 13490 13497 13504 13513 13515 13525 13526 13527 13528 13529 13534 13540
		13543 13549 13550 13552 13554 13556 13557 13560 13561 13562 13564 13567 13574 13581 13588 13590
		13592 13601 13602 13607 13608 13612 13613 13623 13626 13627 13629 13630 13631 13640 13641 13642
		13643 13647 13649 13651 13658 13661 13662 13666 13668 13669 13674 13675 13677 13689 13691 13693
		13703 13709 13711 13723 13726 13728 13731 13732 13734 13736 13737 13738 13739 13740 13741 13748
		13754 13755 13758 13759 13760 13763 13764 13765 13773 13774 13785 13788 13793 13800 13811 13829
		13831 13836 13843 13849 13850 13852 13853 13859 13863 13868 13870 13871 13874 13882 13889 13891
		13897 13899 13906 13911 13919 13920 13925 13930 13931 13932 13934 13944 13947 13957 13959 13963
		13973 13980 13981 13989 13996 13997 14010 14011 14013 14014 14015 14016 14017 14022 14024 14025
		14028 14031 14032 14039 14044 14047 14049 14054 14056 14061 14062 14065 14068 14069 14070 14079
		14083 14085 14088 14094 14095 14096 14098 14099 14101 14104 14105 14107 14109 14113 14114 14122
		14126 14128 14130 14131 14134 14136 14141 14143 14145 14152 14154 14156 14157 14166 14170 14171
		14172 14173 14179 14180 14181 14182 14183 14187 14188 14190 14197 14198 14202 14204 14206 14207
		14209 14213 14220 14221 14222 14223 14224 14226 14232 14235 14240 14241 14242 14244 14253 14259
		14266 14269 14272 14278 14279 14280 14282 14286 14297 14299 14300 14302 14309 14310 14315 14316
		14320 14322 14326 14334 14344 14347 14353 14354 14358 14360 14376 14377 14381 14384 14389 14393
		14394 14395 14401 14403 14409 14410 14411 14412 14413 14416 14419 14424 14433 14435 14438 14439
		14440 14447 14452 14456 14457 14459 14460 14461 14463 14464 14466 14472 14474 14477 14478 14479
		14483 14485 14486 14493 14494 14495 14497 14499 14503 14504 14505 14517 14519 14521 14524 14527
		14529 14530 14532 14536 14538 14541 14542 14546 14555 14559 14562 14563 14567 14569 14570 14577
		14583 14584 14585 14595 14597 14598 14602 14605 14606 14611 14614 14618 14619 14620 14622 14624
		14625 14627 14632 14636 14637 14639 14640 14649 14659 14664 14667 14675 14677 14679 14682 14685
		14689 14692 14693 14695 14698 14699 14704 14709 14714 14715 14720 14723 14726 14729 14733 14734
		14736 14738 14739 14744 14750 14751 14754 14755 14759 14765 14767 14770 14773 14774 14776 14778
		14786 14791 14795 14800 14801 14804 14805 14806 14808 14809 14812 14814 14816 14821 14823 14831
		14832 14834 14842 14846 14852 14854 14863 14866 14867 14870 14875 14885 14887 14890 14894 14905
		14906 14914 14917 14919 14922 14933 14934 14944 14945 14961 14968 14969 14973 14980 14982 14984
		14988 14991 14994 14995 14997 14998 15001 15006 15007 15008 15021 15023 15026 15029 15031 15035
		15037 15038 15039 15041 15042 15045 15046 15047 15048 15055 15059 15060 15062 15073 15080 15086
		15087 15090 15091 15092 15095 15096 15101 15102 15104 15108 15109 15111 15113 15118 15124 15128
		15129 15130 15135 15136 15138 15141 15142 15148 15151 15157 15162 15165 15167 15172 15174 15175
		15177 15183 15186 15192 15193 15194 15197 15200 15204 15208 15210 15211 15214 15217 15220 15224
		15227 15230 15231 15235 15247 15248 15252 15257 15259 15261 15262 15265 15271 15274 15275 15282
		15287 15288 15291 15295 15300 15302 15304 15309 15314 15315 15319 15320 15321 15322 15329 15334
		15335 15340 15343 15354 15358 15362 15370 15371 15373 15376 15384 15392 15393 15397 15400 15402
		15407 15408 15411 15415 15417 15422 15424 15429 15430 15432 15435 15436 15437 15438 15440 15444
		15445 15446 15452 15454 15467 15469 15471 15472 15476 15477 15480 15485 15492 15496 15501 15507
		15513 15516 15524 15526 15528 15533 15535 15539 15542 15544 15545 15552 15558 15561 15562 15564
		15565 15570 15571 15573 15574 15575 15576 15577 15582 15583 15586 15590 15592 15593 15595 15596
		15597 15603 15604 15614 15615 15619 15624 15628 15629 15632 15640 15641 15644 15645 15646 15652
		15654 15655 15657 15660 15661 15666 15672 15673 15676 15680 15690 15695 15696 15697 15700 15705
		15707 15708 15710 15711 15713 15716 15717 15722 15724 15729 15738 15739 15742 15743 15749 15753
		15754 15756 15760 15762 15774 15779 15782 15783 15789 15791 15794 15795 15802 15806 15811 15816
		15817 15818 15819 15821 15823 15832 15833 15836 15844 15846 15847 15849 15852 15853 15854 15855
		15856 15860 15863 15867 15869 15878 15881 15883 15884 15888 15895 15897 15902 15905 15906 15910
		15913 15915 15923 15928 15932 15933 15936 15938 15940 15941 15949 15950 15952 15953 15965 15966
		15972 15975 15982 15986 15987 15991 15992 15997 15998 16000 16002 16008 16010 16012 16013 16017
		16018 16037 16041 16042 16047 16052 16053 16058 16068 16076 16078 16079 16084 16094 16096 16098
		16099 16100 16101 16107 16108 16109 16110 16111 16117 16125 16130 16132 16136 16138 16142 16145
		16146 16153 16154 16157 16164 16182 16185 16186 16187 16188 16190 16191 16195 16200 16201 16202
		16205 16218 16223 16231 16232 16234 16238 16250 16251 16254 16258 16259 16261 16266 16267 16281
		16284 16285 16287 16290 16297 16303 16304 16308 16312 16313 16316 16318 16322 16325 16330 16331
		16338 16339 16340 16342 16343 16344 16347 16348 16349 16352 16353 16354 16355 16359 16362 16366
		16367 16376 16380 16384 16392 16393 16401 16406 16409 16413 16416 16418 16424 16437 16438 16443
		16447 16449 16450 16451 16457 16458 16466 16469 16470 16473 16479 16481 16482 16486 16487 16489
		16491 16493 16495 16498 16499 16500 16502 16504 16508 16509 16512 16514 16516 16518 16521 16523
		16525 16530 16531 16533 16536 16538 16543 16544 16547 16548 16551 16552 16553 16559 16560 16567
		16568 16575 16576 16577 16578 16581 16588 16591 16593 16598 16602 16610 16617 16619 16620 16629
		16634 16635 16641 16643 16645 16646 16649 16653 16655 16658 16659 16663 16664 16667 16676 16682
		16686 16687 16693 16698 16700 16704 16705 16706 16710 16711 16713 16717 16719 16723 16724 16728
		16740 16741 16746 16752 16754 16760 16761 16762 16763 16765 16768 16769 16772 16778 16782 16785
		16791 16797 16799 16800 16807 16808 16810 16811 16815 16816 16819 16821 16824 16825 16830 16834
		16836 16843 16848 16849 16852 16853 16854 16856 16857 16859 16863 16866 16868 16873 16874 16877
		16878 16882 16883 16884 16886 16888 16889 16891 16899 16903 16904 16906 16907 16910 16913 16915
		16921 16925 16927 16934 16935 16941 16944 16947 16948 16949 16967 16968 16979 16981 16982 16986
		16988 16989 16990 16992 16993 16995 16997 17001 17002 17012 17015 17019 17020 17024 17025 17026
		17028 17029 17030 17031 17035 17040 17046 17047 17056 17057 17058 17064 17066 17068 17074 17076
		17078 17081 17085 17090 17094 17095 17099 17101 17109 17114 17115 17116 17128 17132 17133 17136
		17140 17141 17143 17146 17149 17155 17157 17158 17159 17160 17162 17163 17171 17172 17174 17175
		17177 17179 17180 17187 17189 17190 17191 17194 17196 17198 17200 17205 17208 17210 17211 17218
		17219 17224 17225 17226 17236 17237 17238 17239 17241 17242 17243 17245 17249 17250 17253 17259
		17261 17263 17265 17266 17268 17270 17274 17276 17281 17288 17289 17292 17299 17304 17306 17307
		17309 17320 17327 17331 17332 17334 17337 17338 17340 17341 17345 17347 17348 17358 17361 17366
		17367 17377 17378 17379 17382 17383 17384 17388 17397 17400 17402 17406 17407 17413 17417 17434
		17436 17442 17446 17448 17449 17451 17452 17453 17454 17463 17466 17476 17477 17479 17480 17481
		17488 17489 17491 17492 17496 17499 17505 17508 17510 17515 17524 17527 17528 17530 17533 17534
		17536 17543 17544 17546 17549 17551 17556 17557 17561 17563 17564 17565 17574 17575 17576 17577
		17582 17584 17588 17591 17593 17596 17599 17601 17603 17614 17621 17622 17625 17626 17627 17630
		17635 17641 17643 17645 17652 17661 17662 17671 17672 17674 17675 17676 17685 17687 17688 17694
		17695 17696 17697 17706 17712 17713 17716 17718 17723 17725 17728 17734 17735 17736 17745 17750
		17752 17754 17757 17759 17763 17767 17769 17774 17776 17778 17781 17782 17789 17790 17791 17792
		17797 17799 17800 17804 17808 17813 17814 17815 17817 17820 17822 17828 17835 17839 17851 17852
		17853 17854 17855 17860 17865 17868 17870 17872 17873 17877 17882 17884 17886 17892 17901 17902
		17904 17917 17922 17930 17931 17946 17948 17952 17953 17955 17956 17958 17965 17968 17969 17977
		17979 17981 17985 17994 18002 18005 18012 18013 18014 18017 18019 18025 18027 18029 18033 18034
		18036 18040 18045 18046 18047 18048 18055 18059 18060 18068 18076 18083 18084 18086 18089 18090
		18096 18099 18101 18102 18103 18104 18106 18107 18110 18111 18120 18121 18122 18123 18126 18127
		18134 18137 18138 18140 18143 18144 18145 18146 18147 18157 18158 18159 18163 18164 18168 18169
		18171 18173 18177 18179 18180 18181 18184 18186 18198 18199 18200 18203 18207 18220 18221 18223
		18225 18226 18227 18228 18230 18235 18236 18240 18243 18244 18246 18251 18253 18254 18257 18263
		18266 18269 18270 18272 18273 18275 18279 18280 18282 18291 18301 18313 18314 18316 18320 18322
		18323 18324 18327 18329 18331 18335 18337 18341 18344 18346 18348 18349 18350 18352 18356 18368
		18376 18378 18389 18393 18396 18402 18409 18412 18414 18418 18422 18427 18432 18437 18439 18444
		18445 18448 18451 18465 18468 18477 18481 18486 18487 18490 18491 18499 18500 18505 18511 18514
		18515 18516 18518 18521 18522 18526 18528 18532 18533 18534 18538 18542 18543 18552 18561 18562
		18565 18568 18570 18572 18575 18583 18584 18604 18610 18611 18614 18617 18629 18630 18631 18632
		18634 18635 18638 18648 18649 18652 18653 18654 18655 18657 18659 18662 18665 18666 18674 18675
		18681 18684 18685 18686 18688 18690 18695 18698 18700 18701 18703 18707 18708 18709 18711 18712
		18713 18714 18719 18722 18725 18726 18731 18733 18737 18738 18747 18756 18757 18759 18761 18763
		18765 18766 18767 18770 18772 18773 18776 18778 18779 18786 18789 18797 18798 18799 18801 18806
		18810 18813 18814 18815 18818 18819 18827 18828 18830 18832 18837 18846 18848 18850 18855 18858
		18859 18864 18868 18869 18872 18877 18879 18882 18887 18891 18894 18896 18897 18902 18904 18906
		18908 18909 18912 18915 18916 18918 18919 18920 18926 18930 18939 18942 18945 18948 18951 18952
		18953 18955 18957 18959 18960 18962 18973 18974 18980 18981 18982 18984 18987 18989 18992 18994
		19002 19003 19007 19012 19017 19018 19021 19023 19026 19027 19032 19039 19042 19043 19047 19048
		19051 19053 19055 19059 19061 19063 19064 19066 19069 19070 19075 19078 19079 19082 19084 19085
		19087 19088 19090 19095 19097 19099 19101 19104 19106 19108 19111 19113 19117 19118 19120 19122
		19123 19126 19128 19135 19139 19146 19150 19151 19157 19160 19161 19168 19175 19181 19183 19184
		19197 19198 19200 19203 19204 19205 19208 19211 19213 19214 19223 19224 19228 19239 19244 19245
		19251 19252 19255 19256 19258 19264 19265 19267 19269 19270 19271 19273 19276 19277 19282 19283
		19284 19285 19288 19292 19295 19300 19301 19303 19315 19324 19326 19331 19333 19342 19345 19346
		19350 19351 19352 19355 19356 19360 19362 19369 19373 19374 19380 19384 19385 19386 19388 19391
		19394 19395 19401 19403 19404 19406 19407 19409 19421 19422 19423 19425 19427 19430 19433 19437
		19441 19444 19445 19447 19448 19449 19454 19460 19465 19466 19468 19469 19477 19482 19486 19494
		19496 19498 19503 19504 19505 19508 19509 19511 19521 19522 19523 19531 19535 19538 19545 19546
		19557 19559 19560 19563 19564 19565 19567 19569 19570 19571 19578 19580 19581 19583 19589 19590
		19591 19593 19595 19601 19604 19610 19612 19613 19615 19616 19619 19626 19629 19630 19633 19635
		19636 19637 19638 19642 19644 19647 19648 19650 19651 19655 19659 19663 19665 19676 19677 19680
		19682 19688 19690 19692 19693 19696 19697 19699 19702 19704 19710 19714 19719 19721 19725 19726
		19731 19732 19733 19737 19738 19743 19744 19749 19750 19757 19759 19765 19767 19772 19773 19777
		19779 19782 19784 19786 19792 19794 19795 19796 19797 19800 19806 19807 19812 19813 19814 19816
		19818 19822 19823 19832 19836 19838 19839 19846 19848 19851 19852 19855 19860 19861 19868 19869
		19874 19882 19886 19887 19892 19894 19899 19903 19908 19910 19913 19914 19915 19917 19918 19924
		19925 19927 19932 19933 19935 19942 19943 19945 19951 19952 19957 19963 19964 19965 19968 19972
		19979 19980 19983 19986 19998 20000 20001 20004 20008 20022 20024 20027 20032 20035 20037 20042
		20044 20045 20050 20051 20053 20055 20056 20058 20059 20061 20062 20067 20071 20077 20080 20083
		20085 20086 20088 20089 20090 20096 20097 20098 20104 20107 20108 20115 20124 20126 20127 20129
		20135 20140 20150 20154 20155 20159 20164 20165 20168 20169 20172 20174 20177 20181 20182 20186
		20187 20196 20200 20203 20204 20209 20211 20212 20215 20218 20219 20220 20222 20225 20228 20231
		20232 20235 20236 20237 20240 20246 20250 20253 20261 20263 20265 20267 20268 20270 20271 20280
		20281 20285 20286 20287 20291 20302 20303 20305 20307 20311 20315 20319 20332 20333 20334 20335
		20341 20344 20346 20353 20359 20363 20364 20365 20367 20369 20371 20377 20379 20380 20389 20394
		20396 20398 20400 20402 20403 20405 20408 20409 20410 20412 20413 20424 20426 20427 20431 20434
		20436 20437 20451 20452 20458 20461 20462 20463 20469 20477 20482 20486 20487 20497 20499 20500
		20505 20511 20512 20516 20517 20518 20527 20530 20535 20539 20556 20559 20564 20565 20568 20573
		20578 20580 20581 20588 20589 20603 20604 20609 20612 20613 20619 20620 20623 20625 20628 20643
		20644 20647 20650 20651 20655 20658 20659 20661 20663 20666 20670 20672 20675 20678 20681 20687
		20688 20689 20693 20699 20700 20702 20705 20706 20710 20712 20717 20718 20721 20726 20727 20736
		20744 20749 20751 20756 20757 20761 20762 20763 20764 20765 20767 20772 20775 20776 20777 20780
		20783 20790 20791 20793 20795 20796 20797 20798 20800 20801 20802 20807 20808 20809 20813 20818
		20820 20826 20828 20830 20831 20834 20836 20838 20840 20843 20844 20847 20848 20849 20850 20855
		20856 20857 20859 20862 20863 20868 20878 20879 20881 20883 20885 20893 20895 20897 20898 20901
		20902 20903 20904 20907 20913 20914 20918 20920 20923 20926 20929 20936 20941 20946 20947 20954
		20959 20963 20967 20968 20971 20976 20979 20981 20984 20988 20994 20996 20997 20998 21000 21001
		21003 21004 21005 21006 21013 21014 21017 21021 21025 21029 21030 21034 21035 21036 21040 21042
		21051 21052 21064 21066 21068 21071 21077 21081 21083 21086 21087 21089 21090 21094 21096 21097
		21098 21102 21105 21106 21114 21120 21121 21125 21139 21142 21147 21149 21157 21160 21163 21169
		21174 21175 21187 21188 21189 21191 21194 21197 21200 21201 21204 21205 21212 21213 21215 21222
		21224 21236 21238 21246 21248 21254 21271 21274 21286 21287 21291 21296 21299 21306 21307 21309
		21310 21316 21319 21324 21326 21327 21328 21330 21333 21335 21337 21341 21342 21343 21344 21351
		21353 21358 21365 21370 21372 21375 21381 21386 21387 21393 21395 21397 21399 21400 21403 21405
		21406 21408 21409 21412 21413 21415 21417 21418 21419 21421 21422 21424 21428 21432 21439 21443
		21448 21450 21452 21454 21463 21471 21473 21474 21475 21476 21486 21493 21495 21508 21512 21514
		21516 21517 21520 21524 21527 21529 21530 21532 21533 21541 21543 21544 21549 21551 21552 21555
		21556 21557 21558 21559 21562 21564 21570 21573 21575 21576 21578 21584 21587 21588 21590 21595
		21597 21603 21607 21610 21614 21619 21620 21624 21633 21636 21640 21642 21644 21646 21651 21656
		21657 21663 21666 21668 21669 21676 21680 21683 21687 21690 21698 21702 21703 21714 21718 21725
		21726 21728 21730 21732 21733 21741 21749 21753 21755 21756 21759 21761 21763 21765 21767 21772
		21773 21775 21776 21787 21791 21794 21797 21798 21801 21803 21805 21806 21811 21813 21816 21827
		21828 21833 21834 21837 21838 21841 21849 21850 21852 21853 21854 21865 21868 21870 21873 21876
		21881 21891 21892 21893 21901 21903 21911 21918 21919 21922 21927 21928 21931 21932 21937 21940
		21941 21942 21945 21946 21948 21949 21950 21955 21957 21964 21967 21969 21970 21971 21972 21974
		21975 21983 21985 21991 21997 22001 22003 22013 22014 22017 22018 22021 22022 22029 22033 22035
		22046 22047 22057 22060 22061 22067 22068 22072 22073 22075 22078 22079 22080 22081 22090 22091
		22095 22103 22105 22107 22113 22116 22117 22120 22121 22124 22133 22137 22160 22161 22162 22164
		22165 22170 22171 22181 22182 22188 22197 22199 22201 22203 22211 22213 22214 22216 22217 22226
		22229 22240 22242 22244 22246 22250 22251 22253 22259 22260 22270 22271 22275 22276 22279 22282
		22284 22285 22291 22292 22293 22294 22299 22300 22302 22307 22310 22314 22315 22316 22327 22328
		22329 22330 22332 22333 22339 22341 22343 22348 22351 22353 22355 22363 22368 22374 22381 22391
		22392 22395 22397 22398 22400 22402 22405 22410 22411 22414 22420 22424 22427 22428 22429 22431
		22432 22438 22440 22441 22442 22443 22444 22448 22449 22451 22457 22460 22462 22463 22465 22466
		22468 22473 22475 22476 22480 22482 22483 22484 22493 22495 22498 22499 22506 22508 22513 22517
		22518 22523 22524 22525 22527 22528 22529 22530 22531 22533 22539 22542 22546 22547 22548 22549
		22560 22562 22564 22565 22566 22567 22568 22571 22573 22581 22582 22583 22584 22585 22591 22595
		22600 22604 22605 22607 22618 22621 22622 22624 22625 22627 22628 22630 22631 22632 22635 22639
		22640 22644 22647 22648 22665 22666 22668 22671 22673 22674 22676 22678 22679 22685 22687 22689
		22692 22693 22698 22700 22703 22708 22709 22714 22719 22721 22729 22733 22734 22736 22737 22749
		22752 22753 22755 22762 22765 22767 22770 22773 22775 22776 22777 22785 22789 22790 22794 22802
		22805 22806 22807 22809 22810 22813 22815 22822 22827 22832 22835 22839 22844 22847 22850 22852
		22853 22854 22855 22859 22861 22868 22869 22872 22875 22877 22878 22892 22898 22900 22901 22903
		22907 22909 22911 22912 22915 22918 22920 22924 22928 22931 22935 22936 22938 22940 22944 22945
		22947 22948 22949 22950 22951 22953 22954 22957 22959 22962 22965 22966 22967 22970 22974 22975
		22978 22981 22984 22985 22988 22990 22993 22994 22995 22996 23000 23005 23008 23009 23011 23012
		23017 23019 23028 23029 23034 23036 23047 23049 23053 23054 23056 23060 23061 23064 23065 23070
		23077 23078 23080 23081 23082 23083 23089 23092 23093 23096 23100 23106 23108 23116 23124 23128
		23129 23134 23138 23142 23143 23144 23151 23152 23154 23156 23159 23161 23162 23164 23165 23169
		23170 23175 23182 23184 23189 23190 23194 23197 23198 23200 23201 23202 23208 23212 23213 23215
		23217 23219 23221 23222 23224 23225 23229 23232 23233 23234 23237 23246 23248 23250 23254 23255
		23257 23263 23267 23271 23273 23277 23287 23288 23295 23296 23304 23308 23309 23312 23317 23320
		23321 23322 23325 23330 23334 23335 23338 23342 23348 23349 23351 23353 23357 23359 23361 23363
		23371 23376 23380 23382 23389 23404 23406 23413 23418 23433 23435 23444 23445 23447 23459 23461
		23464 23468 23469 23472 23473 23474 23478 23480 23482 23484 23485 23486 23487 23488 23492 23493
		23500 23502 23504 23505 23509 23517 23526 23528 23529 23533 23534 23538 23539 23542 23546 23552
		23554 23558 23569 23574 23580 23582 23586 23591 23596 23602 23605 23607 23610 23611 23612 23613
		23616 23622 23625 23627 23628 23633 23635 23637 23640 23645 23647 23648 23649 23653 23655 23656
		23658 23661 23668 23669 23672 23673 23674 23676 23679 23680 23682 23690 23697 23698 23705 23706
		23707 23710 23711 23712 23714 23715 23719 23726 23728 23736 23737 23738 23741 23743 23746 23748
		23752 23755 23761 23764 23765 23766 23768 23771 23772 23779 23782 23787 23795 23797 23800 23804
		23805 23810 23811 23813 23815 23818 23826 23831 23832 23838 23839 23844 23845 23847 23849 23851
		23852 23856 23866 23883 23884 23885 23887 23895 23898 23899 23902 23904 23907 23910 23912 23913
		23917 23919 23923 23925 23928 23930 23943 23951 23954 23955 23959 23964 23965 23966 23973 23974
		23976 23980 23983 23984 23985 23987 23990 23992 23999 24007 24016 24017 24018 24019 24021 24026
		24034 24036 24037 24039 24045 24046 24048 24049 24052 24062 24063 24066 24070 24071 24073 24075
		24078 24081 24085 24092 24093 24102 24103 24104 24108 24113 24117 24123 24132 24133 24134 24136
		24138 24143 24144 24145 24148 24149 24151 24153 24157 24161 24168 24171 24172 24173 24174 24176
		24182 24184 24185 24187 24189 24191 24195 24199 24204 24205 24212 24217 24222 24229 24238 24240
		24242 24249 24250 24251 24252 24268 24269 24270 24271 24274 24275 24279 24280 24289 24296 24297
		24303 24305 24311 24314 24318 24322 24323 24324 24325 24326 24327 24328 24330 24333 24334 24335
		24342 24343 24347 24349 24350 24354 24356 24359 24360 24364 24372 24381 24386 24387 24390 24393
		24394 24396 24400 24402 24403 24406 24408 24409 24411 24414 24415 24421 24422 24423 24424 24428
		24430 24432 24434 24441 24442 24445 24448 24450 24452 24454 24456 24464 24466 24469 24470 24471
		24472 24474 24476 24477 24478 24482 24486 24493 24500 24501 24504 24507 24513 24520 24523 24525
		24528 24531 24533 24543 24544 24545 24547 24549 24550 24557 24560 24561 24580 24582 24585 24589
		24590 24591 24592 24597 24600 24601 24605 24606 24607 24609 24611 24612 24613 24614 24619 24623
		24624 24625 24626 24627 24637 24638 24640 24642 24645 24648 24651 24652 24656 24658 24664 24672
		24673 24674 24680 24683 24689 24699 24700 24704 24705 24707 24708 24710 24712 24713 24718 24720
		24721 24727 24729 24732 24734 24737 24740 24741 24743 24745 24751 24753 24754 24765 24767 24768
		24770 24774 24775 24779 24783 24790 24791 24792 24793 24795 24797 24806 24809 24810 24811 24819
		24820 24824 24825 24826 24827 24830 24832 24835 24836 24839 24842 24847 24853 24857 24858 24863
		24865 24866 24870 24871 24873 24874 24875 24877 24878 24880 24882 24884 24894 24904 24905 24909
		24911 24914 24917 24918 24919 24925 24930 24932 24934 24935 24937 24940 24945 24946 24949 24951
		24959 24960 24970 24975 24984 24987 24993 24994 24995 25003 25004 25007 25010 25025 25030 25031
		25034 25035 25038 25042 25045 25049 25052 25053 25055 25059 25063 25071 25073 25074 25078 25082
		25084 25088 25093 25097 25098 25101 25102 25118 25119 25120 25124 25126 25129 25139 25141 25149
		25154 25157 25158 25167 25168 25171 25174 25177 25189 25190 25192 25194 25196 25197 25199 25206
		25209 25215 25222 25228 25229 25232 25235 25242 25243 25245 25248 25251 25253 25256 25257 25264
		25268 25270 25273 25283 25285 25287 25290 25291 25293 25294 25296 25297 25302 25306 25309 25311
		25312 25314 25319 25320 25330 25331 25334 25339 25341 25349 25357 25363 25365 25366 25367 25368
		25369 25370 25371 25373 25384 25388 25389 25390 25391 25396 25398 25401 25402 25409 25410 25413
		25414 25420 25421 25422 25424 25430 25434 25449 25453 25454 25456 25457 25459 25461 25462 25465
		25473 25478 25486 25487 25489 25497 25502 25504 25505 25508 25513 25514 25518 25519 25520 25526
		25528 25530 25531 25537 25540 25541 25545 25548 25550 25552 25555 25559 25564 25566 25567 25571
		25574 25577 25579 25581 25584 25586 25589 25592 25594 25597 25598 25601 25605 25607 25609 25610
		25614 25618 25619 25620 25622 25624 25637 25639 25642 25648 25651 25653 25661 25670 25671 25674
		25675 25676 25678 25679 25682 25684 25689 25692 25694 25695 25702 25711 25713 25717 25718 25719
		25723 25725 25727 25732 25738 25739 25740 25745 25746 25747 25748 25750 25755 25757 25762 25765
		25771 25776 25778 25782 25787 25790 25794 25795 25797 25798 25799 25801 25803 25812 25815 25818
		25822 25831 25838 25845 25846 25848 25849 25853 25858 25859 25861 25865 25875 25877 25878 25880
		25883 25884 25886 25887 25896 25900 25908 25915 25919 25922 25924 25925 25933 25935 25936 25938
		25940 25950 25953 25961 25968 25969 25973 25974 25978 25979 25983 25985 25987 25990 25995 25997
		26001 26003 26004 26005 26008 26016 26018 26019 26021 26022 26028 26034 26043 26047 26049 26054
		26055 26058 26061 26064 26068 26070 26076 26079 26089 26093 26102 26104 26106 26108 26113 26114
		26116 26118 26119 26120 26122 26124 26131 26139 26140 26142 26144 26145 26146 26147 26148 26149
		26153 26160 26161 26163 26165 26166 26169 26172 26173 26174 26176 26186 26187 26192 26193 26195
		26198 26200 26205 26207 26208 26213 26216 26217 26218 26220 26221 26231 26232 26234 26235 26242
		26247 26252 26256 26265 26267 26271 26278 26280 26283 26284 26288 26289 26291 26295 26296 26298
		26300 26306 26308 26312 26313 26315 26316 26318 26320 26324 26328 26334 26336 26338 26343 26350
		26353 26355 26359 26366 26367 26369 26374 26375 26383 26385 26390 26399 26400 26401 26407 26408
		26412 26418
	}
}

graphical_western = {
	graphical = yes
	color = { 0 0 255 }
# EETLV v2.1:
	provinces = {
		1697 1698 1699 1700 1701 12114 12115 12116 12117 12118 12119 12120 12121 12122 12124 12125
		12127 12128 12129 12130 12131 12132 12133 12134 12135 12136 12137 12138 12139 12140 12141 12142
		12143 12144 12145 12146 12147 12148 12149 12150 12151 12152 12153 12154 12155 12156 12157 12158
		12159 12161 12162 12163 12164 12165 12166 12167 12168 12169 12170 12171 12172 12173 12175 12176
		12177 12178 12179 12180 12181 12182 12183 12184 12185 12186 12187 12188 12189 12190 12191 12192
		12193 12195 12196 12197 12198 12199 12200 12201 12202 12203 12205 12206 12207 12208 12209 12210
		12211 12212 12213 12214 12215 12216 12217 12218 12219 12220 12221 12223 12224 12225 12226 12227
		12228 12229 12230 12231 12232 12233 12234 12235 12236 12237 12238 12239 12240 12241 12242 12243
		12244 12245 12247 12248 12249 12250 12251 12252 12253 12255 12256 12259 12260 12261 12262 12263
		12264 12265 12266 12267 12268 12269 12270 12271 12272 12273 12274 12275 12276 12277 12278 12279
		12280 12281 12282 12283 12285 12286 12288 12289 12290 12291 12292 12293 12295 12296 12297 12298
		12299 12300 12301 12302 12303 12304 12305 12306 12307 12308 12309 12311 12314 12315 12316 12317
		12318 12319 12320 12321 12322 12323 12324 12325 12326 12327 12328 12329 12330 12331 12332 12333
		12334 12335 12336 12337 12338 12339 12340 12341 12342 12343 12344 12345 12346 12347 12348 12350
		12351 12352 12354 12355 12356 12357 12358 12359 12360 12362 12363 12364 12365 12366 12367 12368
		12369 12371 12372 12373 12374 12376 12378 12379 12380 12381 12382 12384 12385 12386 12387 12388
		12389 12390 12391 12393 12394 12395 12396 12397 12398 12399 12400 12401 12402 12403 12404 12405
		12406 12407 12408 12409 12410 12411 12412 12413 12414 12415 12416 12417 12418 12419 12420 12422
		12423 12424 12425 12426 12427 12428 12430 12431 12432 12433 12434 12435 12437 12438 12439 12440
		12441 12442 12443 12444 12445 12446 12447 12448 12449 12450 12451 12452 12453 12455 12456 12457
		12458 12459 12461 12462 12465 12466 12467 12468 12470 12471 12472 12473 12474 12475 12476 12477
		12478 12479 12481 12482 12483 12484 12486 12487 12488 12489 12490 12491 12492 12493 12494 12495
		12496 12498 12500 12501 12502 12503 12504 12505 12507 12508 12509 12510 12511 12512 12513 12514
		12515 12516 12518 12519 12520 12522 12523 12524 12526 12527 12529 12530 12531 12532 12533 12534
		12535 12537 12538 12539 12540 12541 12542 12544 12545 12546 12547 12548 12549 12550 12551 12552
		12553 12554 12555 12556 12557 12558 12559 12560 12561 12562 12564 12565 12566 12567 12568 12569
		12571 12573 12574 12575 12576 12577 12578 12580 12582 12584 12585 12586 12588 12591 12593 12594
		12595 12596 12597 12600 12601 12602 12603 12604 12605 12606 12607 12608 12609 12610 12611 12612
		12613 12614 12615 12616 12617 12618 12619 12620 12621 12622 12623 12624 12625 12626 12627 12629
		12630 12631 12632 12633 12634 12635 12636 12637 12638 12639 12640 12641 12642 12643 12644 12645
		12646 12647 12649 12650 12652 12653 12654 12655 12656 12657 12658 12659 12660 12661 12662 12663
		12664 12665 12666 12667 12668 12669 12670 12671 12673 12674 12675 12676 12678 12679 12680 12681
		12682 12683 12684 12685 12686 12687 12688 12689 12690 12691 12693 12694 12696 12697 12698 12699
		12700 12701 12702 12703 12704 12705 12706 12707 12708 12709 12710 12711 12712 12713 12714 12715
		12716 12717 12718 12719 12720 12721 12722 12723 12724 12725 12727 12728 12729 12730 12731 12732
		12733 12734 12735 12736 12737 12738 12739 12740 12741 12742 12743 12745 12746 12747 12748 12749
		12750 12751 12752 12753 12754 12755 12756 12757 12759 12760 12761 12763 12764 12767 12768 12769
		12770 12771 12772 12773 12774 12775 12776 12777 12778 12779 12780 12781 12782 12783 12785 12786
		12787 12788 12789 12790 12791 12792 12793 12794 12795 12796 12797 12798 12799 12801 12802 12803
		12804 12805 12806 12807 12808 12810 12811 12812 12813 12815 12816 12818 12819 12820 12821 12822
		12823 12824 12825 12826 12827 12828 12829 12830 12832 12833 12834 12835 12836 12837 12838 12839
		12840 12841 12842 12843 12844 12845 12846 12848 12849 12850 12851 12852 12853 12855 12856 12857
		12858 12859 12860 12862 12863 12864 12865 12866 12867 12868 12869 12870 12871 12872 12873 12874
		12875 12876 12877 12878 12879 12880 12881 12882 12883 12884 12885 12886 12887 12888 12889 12892
		12893 12894 12896 12897 12900 12901 12902 12903 12905 12907 12908 12909 12910 12911 12912 12913
		12914 12915 12916 12917 12918 12919 12920 12922 12923 12924 12925 12926 12927 12928 12931 12932
		12933 12934 12935 12936 12937 12939 12940 12941 12942 12943 12944 12945 12946 12947 12948 12949
		12950 12951 12952 12953 12954 12955 12956 12957 12958 12959 12960 12961 12962 12963 12964 12965
		12966 12967 12968 12969 12970 12971 12972 12973 12974 12975 12976 12977 12978 12979 12981 12982
		12983 12984 12985 12987 12989 12990 12991 12992 12993 12994 12995 12996 12997 12998 12999 13000
		13001 13002 13003 13004 13005 13007 13008 13009 13011 13012 13013 13014 13015 13016 13017 13018
		13019 13021 13022 13023 13024 13025 13027 13028 13029 13030 13031 13032 13033 13034 13035 13036
		13037 13038 13039 13040 13041 13042 13043 13044 13045 13046 13047 13048 13049 13050 13051 13052
		13053 13054 13055 13056 13057 13058 13059 13060 13061 13062 13063 13064 13065 13066 13067 13068
		13069 13070 13072 13073 13075 13076 13077 13078 13079 13080 13081 13082 13083 13084 13085 13086
		13087 13088 13089 13090 13091 13092 13093 13094 13095 13096 13097 13098 13099 13100 13101 13102
		13103 13104 13105 13106 13107 13108 13109 13111 13112 13113 13114 13115 13116 13117 13118 13119
		13120 13121 13122 13123 13124 13125 13126 13127 13129 13130 13131 13132 13133 13135 13138 13139
		13140 13141 13142 13144 13146 13147 13148 13149 13150 13151 13152 13153 13154 13155 13156 13157
		13158 13159 13161 13162 13163 13164 13165 13166 13167 13168 13169 13170 13171 13172 13173 13174
		13175 13176 13177 13178 13180 13181 13182 13183 13184 13185 13186 13187 13188 13189 13190 13191
		13192 13193 13194 13195 13197 13199 13200 13201 13203 13204 13205 13206 13207 13208 13209 13210
		13211 13212 13213 13214 13215 13216 13217 13218 13219 13220 13221 13222 13224 13227 13228 13229
		13230 13231 13232 13233 13236 13237 13239 13240 13241 13242 13243 13244 13245 13246 13247 13248
		13249 13250 13251 13252 13253 13254 13255 13256 13257 13258 13259 13260 13261 13262 13263 13264
		13265 13266 13267 13268 13270 13271 13272 13273 13274 13276 13277 13278 13279 13280 13281 13282
		13283 13284 13285 13286 13288 13289 13290 13292 13293 13294 13295 13296 13297 13298 13299 13301
		13302 13303 13304 13305 13306 13307 13308 13309 13310 13311 13312 13313 13314 13315 13316 13317
		13318 13319 13320 13321 13323 13324 13325 13326 13327 13328 13329 13331 13332 13333 13334 13335
		13337 13338 13339 13340 13341 13342 13343 13344 13345 13347 13348 13350 13351 13352 13353 13354
		13355 13356 13357 13358 13359 13360 13361 13362 13363 13364 13365 13367 13368 13369 13371 13372
		13373 13374 13375 13376 13377 13378 13380 13381 13382 13384 13385 13386 13387 13388 13389 13391
		13392 13393 13394 13395 13396 13397 13398 13399 13400 13401 13402 13403 13405 13406 13407 13408
		13409 13410 13411 13412 13413 13415 13416 13417 13418 13419 13421 13422 13423 13424 13425 13426
		13427 13428 13429 13430 13431 13432 13433 13434 13436 13437 13438 13440 13441 13442 13443 13444
		13445 13446 13448 13449 13450 13451 13452 13453 13454 13455 13456 13457 13458 13459 13460 13461
		13462 13463 13464 13465 13467 13468 13470 13471 13473 13474 13475 13476 13477 13478 13479 13480
		13481 13482 13483 13484 13485 13486 13487 13488 13489 13490 13491 13492 13493 13494 13495 13497
		13498 13499 13500 13501 13503 13504 13505 13506 13507 13508 13511 13512 13513 13514 13515 13516
		13517 13519 13520 13521 13522 13523 13524 13525 13526 13527 13528 13529 13530 13531 13532 13533
		13534 13535 13536 13537 13538 13539 13540 13541 13542 13543 13544 13545 13546 13547 13548 13549
		13550 13552 13553 13554 13555 13556 13557 13558 13559 13560 13561 13562 13563 13564 13565 13566
		13567 13568 13569 13570 13572 13573 13574 13575 13576 13577 13578 13579 13580 13581 13582 13583
		13584 13585 13587 13588 13589 13590 13591 13592 13594 13595 13596 13597 13599 13600 13601 13602
		13604 13606 13607 13608 13609 13610 13612 13613 13614 13615 13616 13618 13619 13620 13621 13622
		13623 13624 13625 13626 13627 13629 13630 13631 13633 13634 13635 13637 13638 13639 13640 13641
		13642 13643 13644 13645 13646 13647 13648 13649 13650 13651 13652 13653 13654 13655 13656 13657
		13658 13659 13660 13661 13662 13663 13664 13665 13666 13667 13668 13669 13671 13672 13673 13674
		13675 13676 13677 13678 13679 13680 13681 13682 13683 13684 13685 13686 13687 13688 13689 13690
		13691 13692 13693 13694 13695 13696 13698 13699 13700 13701 13703 13704 13706 13707 13709 13710
		13711 13714 13715 13717 13720 13721 13722 13723 13724 13726 13727 13728 13729 13731 13732 13733
		13734 13735 13736 13737 13738 13739 13740 13741 13743 13744 13745 13746 13747 13748 13749 13750
		13752 13753 13754 13755 13756 13757 13758 13759 13760 13761 13762 13763 13764 13765 13767 13768
		13770 13771 13772 13773 13774 13775 13776 13777 13778 13779 13780 13781 13782 13783 13784 13785
		13786 13787 13788 13791 13792 13793 13794 13795 13796 13797 13798 13800 13802 13803 13804 13805
		13806 13807 13808 13809 13810 13811 13812 13813 13814 13815 13816 13819 13820 13821 13823 13824
		13825 13826 13827 13828 13829 13830 13831 13832 13833 13834 13835 13836 13837 13838 13839 13840
		13841 13842 13843 13844 13845 13846 13848 13849 13850 13851 13852 13853 13854 13855 13856 13857
		13858 13859 13860 13861 13862 13863 13864 13867 13868 13869 13870 13871 13872 13873 13874 13875
		13876 13877 13878 13879 13880 13881 13882 13883 13884 13886 13887 13888 13889 13890 13891 13892
		13893 13894 13896 13897 13898 13899 13900 13902 13903 13904 13905 13906 13907 13908 13910 13911
		13912 13914 13915 13916 13917 13918 13919 13920 13921 13923 13924 13925 13926 13927 13928 13929
		13930 13931 13932 13933 13934 13935 13937 13938 13940 13941 13942 13944 13945 13946 13947 13948
		13949 13950 13951 13952 13954 13955 13956 13957 13958 13959 13960 13961 13962 13963 13964 13966
		13967 13968 13969 13970 13971 13972 13973 13975 13976 13978 13979 13980 13981 13982 13983 13984
		13985 13986 13987 13988 13989 13990 13991 13992 13993 13994 13995 13996 13997 13998 14001 14003
		14005 14006 14007 14008 14009 14010 14011 14012 14013 14014 14015 14016 14017 14019 14020 14022
		14024 14025 14026 14027 14028 14029 14030 14031 14032 14033 14034 14036 14037 14038 14039 14040
		14041 14042 14043 14044 14046 14047 14049 14050 14051 14053 14054 14055 14056 14057 14059 14061
		14062 14064 14065 14067 14068 14069 14070 14071 14072 14073 14074 14075 14077 14078 14079 14080
		14081 14082 14083 14084 14085 14086 14087 14088 14089 14090 14091 14092 14093 14094 14095 14096
		14098 14099 14100 14101 14102 14104 14105 14106 14107 14108 14109 14110 14111 14112 14113 14114
		14115 14116 14117 14118 14119 14120 14121 14122 14123 14125 14126 14127 14128 14129 14130 14131
		14132 14133 14134 14135 14136 14137 14138 14139 14141 14142 14143 14144 14145 14146 14148 14149
		14151 14152 14153 14154 14155 14156 14157 14158 14159 14160 14161 14162 14163 14164 14165 14166
		14167 14169 14170 14171 14172 14173 14174 14175 14176 14177 14179 14180 14181 14182 14183 14184
		14185 14186 14187 14188 14189 14190 14191 14193 14194 14195 14196 14197 14198 14199 14201 14202
		14203 14204 14206 14207 14208 14209 14210 14211 14212 14213 14215 14218 14219 14220 14221 14222
		14223 14224 14225 14226 14227 14228 14229 14230 14231 14232 14233 14234 14235 14236 14237 14238
		14239 14240 14241 14242 14243 14244 14245 14246 14247 14248 14249 14250 14251 14252 14253 14254
		14255 14256 14257 14258 14259 14260 14261 14262 14263 14264 14265 14266 14267 14268 14269 14270
		14271 14272 14273 14276 14277 14278 14279 14280 14281 14282 14283 14284 14285 14286 14287 14288
		14289 14290 14291 14292 14293 14295 14296 14297 14298 14299 14300 14302 14303 14304 14305 14307
		14308 14309 14310 14311 14313 14314 14315 14316 14317 14318 14319 14320 14321 14322 14324 14325
		14326 14327 14328 14329 14330 14333 14334 14335 14336 14337 14338 14339 14340 14341 14342 14343
		14344 14345 14346 14347 14348 14351 14352 14353 14354 14355 14356 14357 14358 14359 14360 14361
		14363 14364 14366 14367 14368 14369 14370 14371 14372 14373 14374 14376 14377 14378 14379 14380
		14381 14382 14383 14384 14385 14386 14388 14389 14390 14391 14392 14393 14394 14395 14396 14397
		14398 14400 14401 14402 14403 14404 14405 14406 14407 14408 14409 14410 14411 14412 14413 14414
		14415 14416 14417 14418 14419 14420 14421 14422 14424 14425 14426 14427 14428 14429 14431 14432
		14433 14435 14436 14437 14438 14439 14440 14441 14442 14443 14444 14445 14447 14448 14449 14450
		14451 14452 14453 14454 14455 14456 14457 14459 14460 14461 14463 14464 14465 14466 14467 14468
		14469 14470 14471 14472 14473 14474 14475 14476 14477 14478 14479 14480 14481 14483 14484 14485
		14486 14487 14488 14489 14491 14492 14493 14494 14495 14496 14497 14498 14499 14500 14501 14503
		14504 14505 14506 14507 14508 14509 14511 14512 14513 14514 14516 14517 14518 14519 14520 14521
		14522 14523 14524 14525 14526 14527 14528 14529 14530 14531 14532 14533 14534 14535 14536 14537
		14538 14539 14541 14542 14543 14544 14545 14546 14547 14548 14549 14550 14551 14552 14553 14554
		14555 14556 14557 14558 14559 14561 14562 14563 14564 14565 14566 14567 14568 14569 14570 14571
		14572 14573 14574 14575 14576 14577 14578 14579 14580 14581 14582 14583 14584 14585 14586 14587
		14588 14590 14591 14593 14594 14595 14596 14597 14598 14599 14600 14601 14602 14603 14604 14605
		14606 14607 14608 14609 14610 14611 14614 14616 14618 14619 14620 14621 14622 14624 14625 14626
		14627 14630 14632 14633 14634 14635 14636 14637 14638 14639 14640 14641 14642 14643 14644 14646
		14648 14649 14650 14651 14652 14653 14654 14655 14657 14658 14659 14660 14661 14662 14664 14665
		14666 14667 14668 14669 14670 14671 14672 14673 14674 14675 14676 14677 14678 14679 14680 14681
		14682 14683 14684 14685 14686 14687 14688 14689 14690 14691 14692 14693 14694 14695 14696 14697
		14698 14699 14700 14701 14703 14704 14705 14706 14707 14708 14709 14710 14711 14712 14713 14714
		14715 14716 14717 14718 14720 14723 14724 14726 14727 14728 14729 14730 14732 14733 14734 14735
		14736 14737 14738 14739 14741 14742 14743 14744 14745 14746 14747 14748 14749 14750 14751 14752
		14753 14754 14755 14758 14759 14760 14761 14763 14764 14765 14766 14767 14768 14769 14770 14771
		14773 14774 14775 14776 14777 14778 14780 14781 14782 14783 14784 14785 14786 14787 14788 14789
		14790 14791 14794 14795 14796 14799 14800 14801 14802 14803 14804 14805 14806 14807 14808 14809
		14810 14811 14812 14813 14814 14815 14816 14817 14818 14819 14820 14821 14823 14824 14825 14826
		14827 14828 14831 14832 14833 14834 14835 14836 14837 14838 14839 14840 14841 14842 14843 14844
		14846 14848 14850 14851 14852 14854 14855 14856 14857 14858 14859 14860 14861 14862 14863 14864
		14865 14866 14867 14868 14869 14870 14871 14872 14873 14874 14875 14876 14877 14878 14879 14880
		14881 14882 14883 14884 14885 14886 14887 14888 14890 14891 14892 14893 14894 14895 14896 14897
		14899 14900 14902 14903 14904 14905 14906 14908 14909 14910 14911 14912 14914 14915 14917 14918
		14919 14920 14921 14922 14923 14924 14925 14926 14927 14928 14929 14930 14931 14932 14933 14934
		14935 14936 14938 14939 14940 14941 14943 14944 14945 14946 14947 14948 14949 14951 14952 14953
		14954 14955 14956 14957 14958 14959 14961 14962 14963 14964 14965 14966 14967 14968 14969 14970
		14971 14972 14973 14974 14976 14977 14978 14979 14980 14981 14982 14983 14984 14986 14987 14988
		14989 14991 14992 14993 14994 14995 14996 14997 14998 15000 15001 15004 15006 15007 15008 15009
		15010 15011 15012 15013 15014 15015 15016 15017 15018 15019 15020 15021 15022 15023 15025 15026
		15027 15028 15029 15030 15031 15032 15033 15034 15035 15036 15037 15038 15039 15040 15041 15042
		15043 15044 15045 15046 15047 15048 15049 15050 15051 15052 15053 15054 15055 15056 15057 15058
		15059 15060 15061 15062 15063 15064 15065 15068 15069 15070 15072 15073 15074 15076 15079 15080
		15082 15083 15084 15085 15086 15087 15088 15089 15090 15091 15092 15093 15095 15096 15098 15099
		15100 15101 15102 15103 15104 15105 15106 15107 15108 15109 15110 15111 15112 15113 15114 15115
		15116 15117 15118 15119 15120 15121 15122 15124 15125 15127 15128 15129 15130 15131 15132 15133
		15135 15136 15137 15138 15141 15142 15143 15144 15145 15146 15147 15148 15149 15150 15151 15152
		15153 15154 15156 15157 15158 15159 15160 15161 15162 15163 15164 15165 15166 15167 15168 15170
		15171 15172 15173 15174 15175 15176 15177 15178 15179 15180 15181 15183 15184 15185 15186 15187
		15188 15189 15190 15191 15192 15193 15194 15195 15196 15197 15198 15199 15200 15201 15202 15203
		15204 15205 15206 15207 15208 15209 15210 15211 15212 15213 15214 15216 15217 15218 15219 15220
		15221 15222 15223 15224 15225 15226 15227 15228 15229 15230 15231 15232 15233 15234 15235 15236
		15237 15238 15239 15241 15242 15245 15246 15247 15248 15249 15250 15251 15252 15254 15256 15257
		15259 15261 15262 15265 15266 15267 15268 15269 15271 15272 15274 15275 15276 15278 15279 15280
		15282 15283 15284 15285 15286 15287 15288 15289 15291 15292 15293 15295 15297 15298 15299 15300
		15301 15302 15303 15304 15306 15307 15309 15310 15311 15313 15314 15315 15316 15319 15320 15321
		15322 15323 15325 15326 15328 15329 15332 15333 15334 15335 15336 15337 15338 15340 15341 15342
		15343 15344 15345 15346 15347 15348 15349 15350 15351 15352 15353 15354 15356 15357 15358 15359
		15360 15361 15362 15363 15364 15365 15366 15368 15369 15370 15371 15372 15373 15375 15376 15377
		15378 15379 15380 15381 15382 15383 15384 15387 15388 15389 15390 15391 15392 15393 15394 15395
		15397 15398 15399 15400 15401 15402 15403 15404 15405 15406 15407 15408 15409 15410 15411 15412
		15413 15414 15415 15416 15417 15418 15422 15423 15424 15425 15426 15427 15429 15430 15431 15432
		15433 15434 15435 15436 15437 15438 15439 15440 15441 15442 15443 15444 15445 15446 15448 15449
		15450 15451 15452 15453 15454 15455 15456 15458 15459 15460 15462 15463 15464 15465 15466 15467
		15469 15470 15471 15472 15473 15474 15476 15477 15478 15479 15480 15482 15484 15485 15486 15487
		15489 15491 15492 15493 15494 15495 15496 15497 15498 15499 15500 15501 15503 15507 15508 15509
		15511 15513 15514 15515 15516 15517 15518 15519 15520 15521 15522 15523 15524 15525 15526 15527
		15528 15529 15530 15532 15533 15534 15535 15536 15537 15539 15540 15541 15542 15543 15544 15545
		15546 15547 15549 15550 15552 15553 15554 15555 15556 15557 15558 15559 15560 15561 15562 15563
		15564 15565 15567 15568 15569 15570 15571 15572 15573 15574 15575 15576 15577 15578 15579 15580
		15582 15583 15584 15585 15586 15587 15588 15589 15590 15591 15592 15593 15594 15595 15596 15597
		15598 15599 15600 15601 15602 15603 15604 15605 15606 15608 15609 15610 15611 15612 15613 15614
		15615 15616 15617 15618 15619 15620 15621 15622 15623 15624 15625 15626 15627 15628 15629 15630
		15631 15632 15633 15636 15637 15638 15639 15640 15641 15642 15643 15644 15645 15646 15647 15648
		15651 15652 15653 15654 15655 15656 15657 15658 15659 15660 15661 15662 15663 15664 15665 15666
		15667 15668 15669 15670 15671 15672 15673 15674 15675 15676 15677 15678 15679 15680 15681 15682
		15683 15684 15685 15686 15687 15688 15689 15690 15691 15692 15693 15695 15696 15697 15698 15699
		15700 15701 15702 15705 15706 15707 15708 15709 15710 15711 15712 15713 15715 15716 15717 15718
		15719 15720 15721 15722 15723 15724 15726 15727 15729 15730 15731 15732 15733 15735 15736 15737
		15738 15739 15740 15741 15742 15743 15744 15745 15746 15747 15748 15749 15750 15751 15752 15753
		15754 15755 15756 15757 15758 15759 15760 15762 15763 15764 15765 15769 15770 15772 15773 15774
		15775 15776 15778 15779 15781 15782 15783 15784 15787 15788 15789 15790 15791 15793 15794 15795
		15796 15797 15798 15800 15801 15802 15803 15804 15805 15806 15807 15808 15809 15810 15811 15813
		15815 15816 15817 15818 15819 15820 15821 15822 15823 15824 15825 15826 15827 15828 15829 15830
		15831 15832 15833 15834 15835 15836 15837 15838 15839 15840 15841 15842 15843 15844 15846 15847
		15849 15850 15851 15852 15853 15854 15855 15856 15858 15859 15860 15861 15863 15864 15865 15866
		15867 15869 15870 15871 15872 15873 15874 15875 15876 15877 15878 15880 15881 15882 15883 15884
		15885 15887 15888 15889 15890 15891 15892 15893 15895 15896 15897 15900 15901 15902 15903 15904
		15905 15906 15907 15908 15909 15910 15911 15913 15915 15916 15917 15918 15919 15920 15921 15922
		15923 15924 15926 15927 15928 15929 15931 15932 15933 15936 15937 15938 15939 15940 15941 15942
		15943 15944 15945 15946 15948 15949 15950 15951 15952 15953 15954 15955 15956 15957 15958 15959
		15960 15962 15965 15966 15969 15970 15971 15972 15974 15975 15976 15977 15978 15979 15980 15981
		15982 15983 15985 15986 15987 15989 15990 15991 15992 15993 15995 15996 15997 15998 15999 16000
		16001 16002 16005 16006 16007 16008 16009 16010 16012 16013 16014 16015 16016 16017 16018 16019
		16020 16021 16022 16023 16024 16025 16026 16027 16028 16029 16030 16031 16034 16035 16036 16037
		16038 16039 16041 16042 16043 16044 16046 16047 16048 16049 16050 16051 16052 16053 16054 16055
		16056 16057 16058 16059 16060 16061 16062 16063 16064 16065 16067 16068 16069 16072 16073 16074
		16075 16076 16077 16078 16079 16080 16081 16082 16084 16085 16086 16087 16088 16089 16090 16091
		16092 16093 16094 16096 16097 16098 16099 16100 16101 16102 16103 16104 16105 16106 16107 16108
		16109 16110 16111 16112 16113 16115 16117 16118 16119 16121 16123 16124 16125 16126 16127 16128
		16130 16131 16132 16135 16136 16137 16138 16139 16140 16141 16142 16143 16144 16145 16146 16147
		16148 16149 16150 16151 16152 16153 16154 16155 16156 16157 16158 16159 16160 16162 16163 16164
		16165 16166 16167 16168 16169 16170 16171 16172 16173 16174 16175 16176 16177 16178 16179 16180
		16181 16182 16183 16185 16186 16187 16188 16189 16190 16191 16192 16194 16195 16197 16198 16199
		16200 16201 16202 16204 16205 16206 16207 16208 16209 16213 16215 16216 16217 16218 16219 16220
		16221 16222 16223 16225 16226 16227 16228 16230 16231 16232 16233 16234 16235 16236 16238 16239
		16241 16242 16243 16244 16245 16246 16247 16248 16250 16251 16252 16254 16255 16258 16259 16260
		16261 16262 16265 16266 16267 16268 16269 16271 16272 16273 16274 16278 16279 16280 16281 16282
		16283 16284 16285 16287 16288 16289 16290 16291 16292 16294 16295 16296 16297 16298 16300 16302
		16303 16304 16305 16306 16308 16309 16310 16312 16313 16314 16315 16316 16317 16318 16319 16320
		16321 16322 16324 16325 16326 16327 16328 16329 16330 16331 16332 16333 16334 16335 16336 16337
		16338 16339 16340 16341 16342 16343 16344 16346 16347 16348 16349 16350 16351 16352 16353 16354
		16355 16356 16357 16358 16359 16360 16361 16362 16363 16365 16366 16367 16368 16369 16370 16371
		16372 16373 16374 16375 16376 16377 16378 16379 16380 16381 16382 16383 16384 16385 16386 16387
		16388 16389 16390 16391 16392 16393 16394 16397 16398 16400 16401 16403 16404 16405 16406 16408
		16409 16410 16411 16412 16413 16414 16415 16416 16417 16418 16420 16423 16424 16425 16426 16427
		16428 16429 16430 16431 16432 16433 16434 16435 16436 16437 16438 16439 16440 16441 16442 16443
		16444 16445 16446 16447 16448 16449 16450 16451 16452 16453 16455 16456 16457 16458 16460 16461
		16462 16463 16464 16466 16467 16468 16469 16470 16471 16473 16475 16476 16477 16479 16480 16481
		16482 16483 16484 16485 16486 16487 16488 16489 16490 16491 16492 16493 16495 16496 16497 16498
		16499 16500 16502 16503 16504 16505 16506 16507 16508 16509 16510 16511 16512 16513 16514 16515
		16516 16517 16518 16519 16521 16523 16524 16525 16526 16527 16529 16530 16531 16532 16533 16534
		16535 16536 16537 16538 16539 16540 16541 16543 16544 16545 16546 16547 16548 16549 16550 16551
		16552 16553 16555 16556 16557 16558 16559 16560 16561 16562 16563 16564 16565 16566 16567 16568
		16569 16570 16571 16572 16573 16574 16575 16576 16577 16578 16579 16580 16581 16582 16583 16584
		16585 16587 16588 16589 16590 16591 16592 16593 16594 16595 16596 16597 16598 16599 16600 16601
		16602 16603 16604 16605 16606 16607 16608 16609 16610 16611 16612 16613 16614 16615 16616 16617
		16618 16619 16620 16621 16622 16623 16624 16625 16626 16627 16628 16629 16630 16631 16632 16633
		16634 16635 16637 16638 16639 16640 16641 16642 16643 16644 16645 16646 16647 16648 16649 16650
		16651 16652 16653 16654 16655 16656 16657 16658 16659 16660 16661 16662 16663 16664 16665 16666
		16667 16668 16670 16671 16673 16674 16675 16676 16677 16678 16679 16681 16682 16683 16684 16685
		16686 16687 16688 16689 16690 16691 16693 16694 16695 16697 16698 16699 16700 16701 16702 16703
		16704 16705 16706 16707 16708 16709 16710 16711 16712 16713 16714 16716 16717 16718 16719 16720
		16722 16723 16724 16725 16726 16727 16728 16729 16730 16731 16733 16734 16735 16738 16740 16741
		16742 16743 16744 16745 16746 16747 16748 16749 16750 16751 16752 16753 16754 16756 16757 16758
		16759 16760 16761 16762 16763 16764 16765 16766 16767 16768 16769 16771 16772 16773 16774 16775
		16776 16777 16778 16779 16780 16781 16782 16783 16784 16785 16787 16788 16789 16790 16791 16792
		16793 16794 16795 16796 16797 16798 16799 16800 16801 16802 16803 16804 16805 16806 16807 16808
		16809 16810 16811 16812 16814 16815 16816 16817 16818 16819 16820 16821 16822 16823 16824 16825
		16826 16827 16828 16830 16831 16832 16833 16834 16835 16836 16837 16838 16839 16840 16841 16842
		16843 16844 16845 16846 16847 16848 16849 16850 16852 16853 16854 16855 16856 16857 16859 16861
		16862 16863 16864 16865 16866 16868 16869 16870 16871 16872 16873 16874 16875 16876 16877 16878
		16879 16881 16882 16883 16884 16885 16886 16887 16888 16889 16890 16891 16892 16893 16894 16895
		16896 16897 16898 16899 16900 16901 16902 16903 16904 16905 16906 16907 16908 16909 16910 16911
		16912 16913 16914 16915 16916 16917 16919 16921 16922 16923 16924 16925 16926 16927 16928 16929
		16931 16932 16933 16934 16935 16936 16937 16938 16939 16941 16942 16943 16944 16946 16947 16948
		16949 16950 16951 16954 16955 16956 16957 16958 16959 16960 16961 16962 16963 16964 16966 16967
		16968 16969 16971 16972 16973 16974 16975 16976 16977 16978 16979 16980 16981 16982 16983 16984
		16985 16986 16987 16988 16989 16990 16991 16992 16993 16995 16997 16998 17000 17001 17002 17003
		17004 17006 17007 17009 17010 17011 17012 17013 17014 17015 17016 17018 17019 17020 17021 17022
		17023 17024 17025 17026 17028 17029 17030 17031 17032 17033 17034 17035 17036 17037 17038 17039
		17040 17041 17042 17043 17044 17045 17046 17047 17048 17049 17050 17051 17052 17053 17054 17055
		17056 17057 17058 17059 17060 17061 17062 17063 17064 17065 17066 17067 17068 17069 17070 17071
		17072 17074 17075 17076 17077 17078 17079 17081 17082 17083 17084 17085 17086 17087 17088 17089
		17090 17092 17093 17094 17095 17096 17097 17098 17099 17100 17101 17102 17103 17106 17107 17108
		17109 17110 17112 17114 17115 17116 17118 17119 17120 17121 17122 17123 17124 17125 17126 17127
		17128 17131 17132 17133 17134 17135 17136 17137 17139 17140 17141 17142 17143 17144 17145 17146
		17147 17148 17149 17150 17151 17152 17153 17154 17155 17156 17157 17158 17159 17160 17161 17162
		17163 17164 17165 17166 17167 17168 17169 17171 17172 17173 17174 17175 17176 17177 17178 17179
		17180 17181 17182 17183 17184 17185 17187 17188 17189 17190 17191 17192 17194 17196 17197 17198
		17200 17201 17202 17203 17204 17205 17207 17208 17209 17210 17211 17212 17213 17214 17215 17216
		17218 17219 17221 17223 17224 17225 17226 17228 17229 17231 17232 17235 17236 17237 17238 17239
		17241 17242 17243 17244 17245 17246 17247 17249 17250 17251 17252 17253 17254 17255 17256 17257
		17259 17260 17261 17262 17263 17264 17265 17266 17267 17268 17270 17271 17272 17273 17274 17275
		17276 17277 17278 17279 17280 17281 17282 17283 17284 17285 17287 17288 17289 17291 17292 17293
		17294 17295 17298 17299 17301 17302 17303 17304 17305 17306 17307 17308 17309 17310 17311 17312
		17314 17315 17316 17317 17318 17319 17320 17321 17322 17323 17324 17325 17326 17327 17330 17331
		17332 17333 17334 17336 17337 17338 17339 17340 17341 17342 17343 17344 17345 17346 17347 17348
		17349 17350 17351 17352 17353 17355 17356 17358 17359 17360 17361 17362 17363 17364 17365 17366
		17367 17368 17370 17371 17372 17373 17374 17375 17376 17377 17378 17379 17380 17381 17382 17383
		17384 17385 17386 17388 17389 17390 17391 17392 17393 17394 17395 17396 17397 17398 17400 17401
		17402 17403 17404 17405 17406 17407 17408 17409 17411 17412 17413 17414 17415 17416 17417 17418
		17419 17420 17422 17423 17425 17426 17428 17429 17430 17434 17435 17436 17437 17439 17440 17441
		17442 17443 17444 17445 17446 17447 17448 17449 17450 17451 17452 17453 17454 17456 17459 17462
		17463 17465 17466 17467 17468 17469 17470 17471 17472 17473 17474 17475 17476 17477 17479 17480
		17481 17482 17484 17485 17486 17487 17488 17489 17490 17491 17492 17493 17496 17497 17498 17499
		17500 17503 17504 17505 17506 17507 17508 17510 17511 17512 17514 17515 17516 17518 17519 17521
		17522 17523 17524 17525 17526 17527 17528 17529 17530 17531 17532 17533 17534 17535 17536 17538
		17540 17542 17543 17544 17545 17546 17547 17548 17549 17551 17552 17553 17554 17555 17556 17557
		17559 17560 17561 17562 17563 17564 17565 17566 17567 17568 17569 17570 17571 17572 17573 17574
		17575 17576 17577 17578 17579 17581 17582 17583 17584 17585 17586 17587 17588 17589 17590 17591
		17592 17593 17594 17596 17597 17598 17599 17601 17603 17604 17606 17608 17609 17610 17611 17612
		17613 17614 17615 17616 17617 17618 17619 17620 17621 17622 17623 17624 17625 17626 17627 17628
		17630 17631 17632 17633 17635 17637 17638 17639 17641 17642 17643 17644 17645 17647 17649 17650
		17651 17652 17653 17654 17655 17656 17657 17658 17659 17660 17661 17662 17664 17666 17667 17668
		17671 17672 17674 17675 17676 17678 17679 17680 17681 17682 17683 17684 17685 17687 17688 17689
		17690 17691 17693 17694 17695 17696 17697 17699 17700 17701 17702 17703 17704 17706 17707 17708
		17709 17711 17712 17713 17714 17715 17716 17717 17718 17719 17720 17721 17722 17723 17724 17725
		17726 17727 17728 17729 17730 17731 17732 17733 17734 17735 17736 17737 17738 17739 17740 17742
		17743 17745 17746 17748 17749 17750 17752 17753 17754 17755 17756 17757 17758 17759 17760 17762
		17763 17764 17765 17766 17767 17768 17769 17770 17771 17772 17773 17774 17775 17776 17777 17778
		17779 17780 17781 17782 17783 17784 17785 17786 17787 17789 17790 17791 17792 17793 17794 17795
		17797 17798 17799 17800 17801 17802 17803 17804 17805 17807 17808 17809 17810 17811 17812 17813
		17814 17815 17816 17817 17818 17819 17820 17821 17822 17825 17826 17827 17828 17829 17830 17831
		17832 17833 17834 17835 17836 17837 17838 17839 17840 17841 17843 17845 17846 17847 17848 17849
		17850 17851 17852 17853 17854 17855 17857 17858 17859 17860 17861 17862 17863 17864 17865 17866
		17867 17868 17869 17870 17871 17872 17873 17876 17877 17878 17879 17880 17881 17882 17883 17884
		17885 17886 17888 17889 17890 17891 17892 17893 17895 17896 17897 17898 17899 17900 17901 17902
		17903 17904 17905 17906 17909 17910 17911 17913 17915 17916 17917 17918 17920 17921 17922 17923
		17925 17926 17927 17928 17929 17930 17931 17932 17933 17934 17935 17936 17937 17938 17939 17940
		17941 17942 17943 17944 17945 17946 17947 17948 17949 17950 17951 17952 17953 17954 17955 17956
		17957 17958 17959 17960 17961 17962 17963 17964 17965 17966 17967 17968 17969 17970 17971 17972
		17973 17974 17976 17977 17978 17979 17980 17981 17982 17983 17985 17986 17987 17988 17989 17990
		17993 17994 17995 17996 17997 17998 17999 18000 18001 18002 18003 18004 18005 18006 18008 18009
		18010 18012 18013 18014 18015 18016 18017 18018 18019 18020 18021 18022 18024 18025 18026 18027
		18028 18029 18030 18031 18032 18033 18034 18035 18036 18037 18038 18039 18040 18041 18043 18044
		18045 18046 18047 18048 18049 18051 18052 18053 18054 18055 18056 18057 18058 18059 18060 18061
		18063 18064 18065 18066 18067 18068 18069 18071 18072 18073 18074 18075 18076 18077 18078 18079
		18080 18081 18082 18083 18084 18085 18086 18087 18089 18090 18091 18093 18096 18097 18098 18099
		18100 18101 18102 18103 18104 18105 18106 18107 18108 18109 18110 18111 18112 18113 18114 18115
		18116 18117 18118 18119 18120 18121 18122 18123 18124 18125 18126 18127 18129 18130 18131 18132
		18133 18134 18135 18136 18137 18138 18139 18140 18142 18143 18144 18145 18146 18147 18148 18149
		18150 18151 18152 18153 18154 18156 18157 18158 18159 18160 18161 18162 18163 18164 18165 18167
		18168 18169 18170 18171 18172 18173 18174 18176 18177 18178 18179 18180 18181 18183 18184 18185
		18186 18187 18188 18189 18190 18192 18193 18194 18195 18196 18197 18198 18199 18200 18201 18202
		18203 18204 18206 18207 18208 18210 18212 18213 18214 18216 18218 18219 18220 18221 18222 18223
		18224 18225 18226 18227 18228 18229 18230 18231 18232 18233 18234 18235 18236 18237 18238 18239
		18240 18241 18242 18243 18244 18246 18247 18248 18249 18250 18251 18252 18253 18254 18256 18257
		18258 18259 18260 18261 18262 18263 18264 18265 18266 18267 18269 18270 18271 18272 18273 18274
		18275 18277 18278 18279 18280 18281 18282 18283 18284 18285 18286 18288 18290 18291 18292 18293
		18295 18297 18299 18300 18301 18302 18303 18304 18305 18306 18307 18309 18310 18311 18312 18313
		18314 18315 18316 18317 18318 18319 18320 18321 18322 18323 18324 18325 18326 18327 18329 18330
		18331 18333 18335 18336 18337 18338 18339 18340 18341 18342 18343 18344 18346 18347 18348 18349
		18350 18351 18352 18353 18354 18355 18356 18357 18358 18359 18360 18361 18363 18365 18367 18368
		18369 18372 18373 18374 18375 18376 18378 18379 18381 18382 18384 18385 18386 18387 18388 18389
		18390 18391 18392 18393 18395 18396 18397 18398 18399 18400 18401 18402 18404 18405 18406 18407
		18409 18410 18411 18412 18413 18414 18415 18416 18417 18418 18419 18421 18422 18423 18425 18426
		18427 18428 18429 18430 18431 18432 18433 18434 18435 18436 18437 18438 18439 18440 18441 18442
		18443 18444 18445 18446 18447 18448 18449 18450 18451 18452 18453 18454 18455 18456 18459 18460
		18461 18462 18463 18464 18465 18466 18467 18468 18469 18470 18471 18472 18473 18474 18476 18477
		18478 18481 18482 18483 18484 18486 18487 18488 18489 18490 18491 18492 18493 18494 18495 18498
		18499 18500 18501 18502 18503 18504 18505 18506 18507 18509 18510 18511 18512 18513 18514 18515
		18516 18518 18519 18520 18521 18522 18523 18524 18525 18526 18527 18528 18529 18530 18531 18532
		18533 18534 18535 18536 18537 18538 18539 18540 18541 18542 18543 18545 18546 18548 18549 18550
		18551 18552 18553 18554 18557 18558 18559 18560 18561 18562 18564 18565 18566 18567 18568 18569
		18570 18571 18572 18573 18574 18575 18577 18578 18579 18581 18582 18583 18584 18585 18587 18588
		18589 18590 18591 18592 18593 18595 18598 18600 18601 18602 18603 18604 18607 18608 18610 18611
		18613 18614 18615 18616 18617 18619 18621 18622 18625 18627 18628 18629 18630 18631 18632 18633
		18634 18635 18636 18637 18638 18639 18640 18641 18642 18643 18644 18646 18647 18648 18649 18650
		18651 18652 18653 18654 18655 18657 18658 18659 18660 18662 18663 18664 18665 18666 18667 18668
		18669 18670 18671 18672 18673 18674 18675 18676 18677 18678 18679 18680 18681 18682 18683 18684
		18685 18686 18687 18688 18689 18690 18691 18692 18693 18694 18695 18698 18699 18700 18701 18702
		18703 18706 18707 18708 18709 18710 18711 18712 18713 18714 18715 18716 18718 18719 18720 18721
		18722 18723 18724 18725 18726 18727 18728 18729 18730 18731 18732 18733 18734 18735 18736 18737
		18738 18739 18740 18741 18743 18744 18745 18746 18747 18748 18749 18750 18751 18752 18753 18754
		18755 18756 18757 18758 18759 18760 18761 18762 18763 18764 18765 18766 18767 18769 18770 18771
		18772 18773 18774 18775 18776 18777 18778 18779 18780 18781 18782 18783 18785 18786 18787 18788
		18789 18790 18791 18792 18793 18794 18795 18796 18797 18798 18799 18800 18801 18802 18803 18805
		18806 18807 18808 18809 18810 18811 18812 18813 18814 18815 18816 18817 18818 18819 18820 18822
		18823 18824 18825 18826 18827 18828 18829 18830 18831 18832 18833 18834 18835 18836 18837 18838
		18839 18840 18841 18842 18846 18848 18849 18850 18851 18853 18854 18855 18856 18857 18858 18859
		18860 18861 18862 18863 18864 18865 18866 18867 18868 18869 18870 18871 18872 18873 18874 18875
		18876 18877 18878 18879 18880 18882 18884 18885 18886 18887 18888 18889 18890 18891 18892 18894
		18895 18896 18897 18898 18899 18900 18901 18902 18903 18904 18905 18906 18907 18908 18909 18911
		18912 18914 18915 18916 18917 18918 18919 18920 18921 18922 18923 18925 18926 18927 18928 18929
		18930 18931 18932 18933 18934 18935 18936 18937 18938 18939 18941 18942 18943 18944 18945 18948
		18949 18950 18951 18952 18953 18954 18955 18956 18957 18958 18959 18960 18961 18962 18963 18965
		18966 18967 18968 18969 18970 18971 18972 18973 18974 18975 18977 18979 18980 18981 18982 18984
		18985 18986 18987 18988 18989 18990 18991 18992 18994 18996 18997 18998 18999 19001 19002 19003
		19004 19005 19007 19008 19009 19010 19011 19012 19014 19015 19017 19018 19019 19020 19021 19022
		19023 19024 19025 19026 19027 19028 19029 19031 19032 19033 19034 19035 19036 19037 19038 19039
		19040 19041 19042 19043 19046 19047 19048 19049 19050 19051 19052 19053 19054 19055 19056 19057
		19058 19059 19060 19061 19062 19063 19064 19065 19066 19067 19068 19069 19070 19071 19072 19074
		19075 19076 19078 19079 19081 19082 19083 19084 19085 19086 19087 19088 19090 19091 19092 19093
		19094 19095 19096 19097 19098 19099 19100 19101 19102 19104 19105 19106 19107 19108 19109 19110
		19111 19112 19113 19114 19115 19116 19117 19118 19120 19121 19122 19123 19125 19126 19127 19128
		19129 19130 19131 19132 19134 19135 19137 19138 19139 19140 19141 19142 19143 19144 19145 19146
		19148 19149 19150 19151 19152 19153 19154 19155 19156 19157 19158 19159 19160 19161 19162 19163
		19164 19165 19167 19168 19169 19171 19172 19173 19174 19175 19176 19178 19179 19180 19181 19182
		19183 19184 19185 19186 19187 19190 19191 19192 19194 19195 19196 19197 19198 19199 19200 19202
		19203 19204 19205 19206 19208 19209 19210 19211 19212 19213 19214 19215 19216 19217 19218 19219
		19221 19222 19223 19224 19225 19226 19227 19228 19229 19230 19231 19232 19233 19234 19235 19236
		19237 19239 19240 19241 19242 19243 19244 19245 19246 19247 19248 19249 19250 19251 19252 19253
		19254 19255 19256 19257 19258 19259 19260 19261 19262 19263 19264 19265 19266 19267 19268 19269
		19270 19271 19272 19273 19274 19275 19276 19277 19278 19279 19280 19282 19283 19284 19285 19286
		19288 19289 19290 19291 19292 19294 19295 19297 19298 19299 19300 19301 19302 19303 19304 19305
		19306 19308 19309 19310 19311 19312 19313 19314 19315 19316 19317 19319 19320 19321 19323 19324
		19325 19326 19327 19328 19329 19330 19331 19332 19333 19334 19335 19337 19338 19339 19340 19342
		19343 19344 19345 19346 19347 19348 19349 19350 19351 19352 19353 19355 19356 19357 19358 19359
		19360 19361 19362 19363 19365 19366 19367 19368 19369 19370 19371 19372 19373 19374 19375 19379
		19380 19381 19382 19383 19384 19385 19386 19387 19388 19389 19390 19391 19392 19393 19394 19395
		19396 19397 19398 19399 19400 19401 19403 19404 19405 19406 19407 19408 19409 19411 19412 19414
		19415 19416 19420 19421 19422 19423 19425 19426 19427 19428 19429 19430 19431 19432 19433 19434
		19435 19437 19438 19439 19441 19442 19443 19444 19445 19447 19448 19449 19450 19451 19452 19453
		19454 19455 19456 19457 19458 19459 19460 19461 19462 19465 19466 19467 19468 19469 19470 19471
		19473 19474 19475 19476 19477 19479 19480 19481 19482 19483 19484 19485 19486 19487 19489 19490
		19492 19493 19494 19495 19496 19497 19498 19499 19500 19501 19502 19503 19504 19505 19506 19507
		19508 19509 19510 19511 19512 19517 19518 19519 19520 19521 19522 19523 19524 19525 19526 19528
		19529 19530 19531 19532 19533 19534 19535 19536 19537 19538 19540 19541 19544 19545 19546 19547
		19548 19549 19550 19551 19552 19553 19554 19555 19556 19557 19559 19560 19561 19562 19563 19564
		19565 19566 19567 19568 19569 19570 19571 19572 19573 19574 19575 19577 19578 19580 19581 19582
		19583 19584 19585 19586 19587 19588 19589 19590 19591 19592 19593 19594 19595 19596 19597 19598
		19599 19600 19601 19602 19603 19604 19605 19607 19608 19609 19610 19611 19612 19613 19614 19615
		19616 19617 19618 19619 19620 19621 19622 19624 19625 19626 19627 19628 19629 19630 19631 19632
		19633 19634 19635 19636 19637 19638 19639 19640 19641 19642 19643 19644 19645 19647 19648 19649
		19650 19651 19652 19653 19654 19655 19656 19657 19658 19659 19661 19662 19663 19664 19665 19666
		19668 19669 19670 19671 19673 19675 19676 19677 19678 19679 19680 19681 19682 19683 19684 19685
		19686 19687 19688 19689 19690 19691 19692 19693 19694 19695 19696 19697 19698 19699 19700 19702
		19703 19704 19705 19706 19707 19708 19709 19710 19711 19712 19714 19715 19716 19717 19719 19720
		19721 19722 19723 19724 19725 19726 19727 19728 19730 19731 19732 19733 19734 19735 19736 19737
		19738 19739 19741 19743 19744 19745 19746 19747 19748 19749 19750 19751 19752 19753 19755 19757
		19758 19759 19760 19762 19763 19764 19765 19766 19767 19768 19770 19771 19772 19773 19774 19775
		19777 19778 19779 19780 19782 19783 19784 19786 19788 19789 19790 19791 19792 19793 19794 19795
		19796 19797 19798 19800 19801 19802 19804 19805 19806 19807 19808 19810 19811 19812 19813 19814
		19815 19816 19817 19818 19819 19820 19821 19822 19823 19824 19825 19826 19827 19828 19829 19830
		19832 19833 19834 19835 19836 19837 19838 19839 19841 19842 19843 19844 19845 19846 19848 19850
		19851 19852 19853 19854 19855 19857 19858 19860 19861 19862 19863 19864 19865 19866 19867 19868
		19869 19870 19871 19872 19873 19874 19876 19878 19879 19880 19881 19882 19883 19884 19885 19886
		19887 19889 19890 19891 19892 19893 19894 19895 19896 19898 19899 19901 19902 19903 19904 19905
		19907 19908 19909 19910 19911 19912 19913 19914 19915 19917 19918 19919 19920 19921 19923 19924
		19925 19927 19929 19931 19932 19933 19934 19935 19936 19937 19938 19940 19941 19942 19943 19944
		19945 19946 19947 19948 19949 19950 19951 19952 19953 19954 19956 19957 19958 19959 19960 19961
		19962 19963 19964 19965 19966 19967 19968 19969 19970 19971 19972 19973 19975 19976 19977 19978
		19979 19980 19982 19983 19985 19986 19987 19988 19989 19991 19992 19996 19997 19998 19999 20000
		20001 20002 20003 20004 20007 20008 20009 20010 20011 20012 20013 20014 20016 20017 20018 20019
		20020 20021 20022 20024 20025 20026 20027 20028 20029 20032 20033 20034 20035 20036 20037 20038
		20039 20040 20041 20042 20044 20045 20046 20047 20048 20049 20050 20051 20053 20054 20055 20056
		20057 20058 20059 20060 20061 20062 20063 20064 20065 20066 20067 20068 20069 20071 20072 20073
		20074 20075 20076 20077 20078 20079 20080 20083 20084 20085 20086 20087 20088 20089 20090 20092
		20093 20095 20096 20097 20098 20099 20100 20101 20102 20103 20104 20105 20106 20107 20108 20111
		20114 20115 20116 20117 20118 20119 20122 20123 20124 20125 20126 20127 20128 20129 20130 20131
		20133 20134 20135 20136 20137 20138 20139 20140 20141 20142 20143 20144 20145 20146 20147 20148
		20150 20151 20152 20153 20154 20155 20156 20157 20158 20159 20160 20161 20163 20164 20165 20166
		20167 20168 20169 20170 20171 20172 20174 20175 20176 20177 20179 20180 20181 20182 20184 20185
		20186 20187 20189 20190 20191 20193 20194 20195 20196 20197 20198 20199 20200 20201 20203 20204
		20205 20206 20207 20208 20209 20210 20211 20212 20213 20214 20215 20216 20217 20218 20219 20220
		20221 20222 20224 20225 20226 20227 20228 20229 20230 20231 20232 20233 20234 20235 20236 20237
		20238 20240 20241 20242 20243 20244 20245 20246 20247 20249 20250 20252 20253 20254 20255 20256
		20257 20258 20260 20261 20262 20263 20264 20265 20266 20267 20268 20269 20270 20271 20272 20273
		20274 20276 20277 20278 20279 20280 20281 20282 20283 20284 20285 20286 20287 20288 20289 20290
		20291 20293 20294 20295 20296 20297 20298 20299 20301 20302 20303 20305 20306 20307 20309 20310
		20311 20312 20313 20314 20315 20316 20317 20319 20320 20321 20322 20323 20324 20325 20326 20327
		20328 20329 20330 20331 20332 20333 20334 20335 20336 20338 20340 20341 20342 20344 20345 20346
		20347 20348 20349 20350 20352 20353 20354 20355 20356 20357 20358 20359 20360 20361 20362 20363
		20364 20365 20367 20368 20369 20370 20371 20372 20373 20375 20376 20377 20379 20380 20381 20382
		20383 20384 20385 20386 20387 20388 20389 20390 20391 20392 20393 20394 20395 20396 20397 20398
		20399 20400 20401 20402 20403 20404 20405 20406 20407 20408 20409 20410 20411 20412 20413 20414
		20418 20420 20421 20423 20424 20425 20426 20427 20429 20430 20431 20432 20433 20434 20435 20436
		20437 20438 20439 20441 20445 20447 20448 20449 20450 20451 20452 20453 20456 20457 20458 20459
		20460 20461 20462 20463 20464 20465 20466 20467 20468 20469 20470 20471 20472 20474 20475 20476
		20477 20478 20480 20481 20482 20483 20484 20485 20486 20487 20488 20489 20492 20494 20495 20496
		20497 20498 20499 20500 20501 20503 20504 20505 20506 20507 20508 20509 20510 20511 20512 20513
		20514 20515 20516 20517 20518 20519 20520 20521 20522 20524 20526 20527 20528 20529 20530 20531
		20532 20533 20534 20535 20536 20537 20538 20539 20540 20541 20542 20543 20544 20545 20546 20548
		20549 20550 20551 20552 20554 20556 20557 20559 20561 20563 20564 20565 20566 20567 20568 20569
		20570 20571 20572 20573 20575 20576 20577 20578 20579 20580 20581 20582 20583 20584 20585 20586
		20588 20589 20590 20593 20594 20595 20597 20598 20600 20601 20602 20603 20604 20607 20608 20609
		20610 20611 20612 20613 20614 20615 20616 20617 20618 20619 20620 20621 20622 20623 20625 20626
		20627 20628 20629 20630 20631 20632 20634 20636 20637 20638 20639 20641 20642 20643 20644 20645
		20646 20647 20648 20649 20650 20651 20652 20653 20654 20655 20657 20658 20659 20660 20661 20662
		20663 20664 20665 20666 20668 20669 20670 20671 20672 20673 20674 20675 20676 20677 20678 20679
		20680 20681 20682 20683 20685 20686 20687 20688 20689 20690 20691 20692 20693 20694 20695 20696
		20697 20698 20699 20700 20701 20702 20704 20705 20706 20707 20708 20709 20710 20711 20712 20713
		20714 20715 20716 20717 20718 20719 20720 20721 20722 20723 20724 20725 20726 20727 20728 20729
		20730 20731 20732 20734 20735 20736 20739 20740 20741 20742 20743 20744 20745 20746 20747 20748
		20749 20750 20751 20752 20754 20755 20756 20757 20759 20760 20761 20762 20763 20764 20765 20766
		20767 20768 20769 20771 20772 20774 20775 20776 20777 20779 20780 20781 20782 20783 20784 20785
		20788 20789 20790 20791 20793 20794 20795 20796 20797 20798 20799 20800 20801 20802 20803 20806
		20807 20808 20809 20810 20811 20812 20813 20814 20815 20816 20817 20818 20819 20820 20821 20822
		20823 20825 20826 20827 20828 20829 20830 20831 20832 20833 20834 20835 20836 20837 20838 20840
		20841 20842 20843 20844 20846 20847 20848 20849 20850 20851 20853 20854 20855 20856 20857 20858
		20859 20860 20861 20862 20863 20865 20866 20867 20868 20870 20871 20872 20874 20876 20877 20878
		20879 20881 20882 20883 20884 20885 20887 20888 20889 20890 20892 20893 20895 20896 20897 20898
		20899 20901 20902 20903 20904 20905 20906 20907 20908 20910 20911 20912 20913 20914 20915 20916
		20917 20918 20919 20920 20921 20922 20923 20924 20925 20926 20927 20928 20929 20930 20931 20934
		20935 20936 20937 20938 20939 20940 20941 20942 20943 20945 20946 20947 20948 20949 20950 20951
		20953 20954 20955 20956 20957 20958 20959 20960 20961 20962 20963 20964 20965 20966 20967 20968
		20971 20973 20974 20976 20977 20978 20979 20980 20981 20982 20983 20984 20985 20986 20987 20988
		20989 20990 20991 20992 20993 20994 20995 20996 20997 20998 20999 21000 21001 21002 21003 21004
		21005 21006 21007 21008 21010 21011 21012 21013 21014 21015 21016 21017 21018 21019 21021 21022
		21023 21024 21025 21026 21027 21028 21029 21030 21031 21032 21033 21034 21035 21036 21037 21038
		21039 21040 21041 21042 21043 21045 21046 21047 21048 21049 21050 21051 21052 21053 21054 21055
		21056 21057 21058 21060 21061 21062 21063 21064 21065 21066 21068 21069 21070 21071 21072 21073
		21074 21076 21077 21078 21080 21081 21082 21083 21085 21086 21087 21088 21089 21090 21091 21092
		21094 21095 21096 21097 21098 21100 21101 21102 21103 21104 21105 21106 21107 21109 21110 21111
		21112 21113 21114 21115 21116 21119 21120 21121 21124 21125 21128 21129 21130 21132 21133 21134
		21135 21136 21137 21138 21139 21140 21141 21142 21143 21144 21146 21147 21148 21149 21150 21151
		21153 21154 21155 21156 21157 21158 21159 21160 21161 21162 21163 21164 21165 21166 21167 21168
		21169 21170 21171 21172 21173 21174 21175 21176 21177 21178 21179 21181 21182 21183 21184 21185
		21186 21187 21188 21189 21190 21191 21192 21193 21194 21195 21196 21197 21198 21199 21200 21201
		21202 21203 21204 21205 21206 21207 21210 21211 21212 21213 21214 21215 21216 21217 21218 21219
		21220 21221 21222 21223 21224 21225 21226 21227 21228 21229 21230 21231 21232 21233 21235 21236
		21237 21238 21239 21240 21242 21243 21244 21246 21247 21248 21249 21250 21251 21253 21254 21255
		21256 21257 21258 21259 21260 21261 21262 21263 21264 21265 21266 21267 21269 21270 21271 21272
		21273 21274 21276 21277 21278 21279 21280 21281 21282 21283 21284 21285 21286 21287 21288 21289
		21290 21291 21292 21293 21294 21295 21296 21298 21299 21300 21301 21302 21303 21304 21305 21306
		21307 21308 21309 21310 21311 21313 21314 21315 21316 21318 21319 21321 21322 21323 21324 21325
		21326 21327 21328 21329 21330 21331 21332 21333 21334 21335 21336 21337 21338 21341 21342 21343
		21344 21345 21346 21347 21348 21349 21350 21351 21352 21353 21354 21356 21357 21358 21359 21361
		21362 21363 21364 21365 21366 21367 21368 21369 21370 21371 21372 21373 21374 21375 21376 21377
		21378 21379 21381 21382 21383 21384 21385 21386 21387 21388 21389 21390 21391 21393 21394 21395
		21396 21397 21398 21399 21400 21402 21403 21404 21405 21406 21408 21409 21410 21411 21412 21413
		21414 21415 21416 21417 21418 21419 21420 21421 21422 21424 21425 21426 21427 21428 21429 21431
		21432 21433 21434 21435 21436 21437 21439 21440 21441 21442 21443 21444 21445 21446 21447 21448
		21449 21450 21451 21452 21453 21454 21455 21456 21457 21458 21459 21460 21461 21462 21463 21467
		21468 21469 21470 21471 21472 21473 21474 21475 21476 21477 21478 21479 21480 21481 21482 21483
		21484 21485 21486 21488 21489 21490 21491 21492 21493 21494 21495 21496 21498 21501 21502 21503
		21504 21505 21506 21508 21509 21511 21512 21514 21515 21516 21517 21518 21520 21521 21522 21523
		21524 21525 21526 21527 21528 21529 21530 21531 21532 21533 21534 21535 21536 21537 21538 21539
		21540 21541 21542 21543 21544 21545 21546 21547 21549 21550 21551 21552 21555 21556 21557 21558
		21559 21560 21561 21562 21564 21565 21566 21567 21568 21570 21571 21572 21573 21574 21575 21576
		21577 21578 21579 21580 21582 21583 21584 21585 21586 21587 21588 21589 21590 21591 21592 21593
		21594 21595 21596 21597 21598 21599 21600 21601 21602 21603 21605 21606 21607 21608 21609 21610
		21611 21612 21613 21614 21615 21616 21617 21618 21619 21620 21621 21622 21624 21625 21626 21627
		21628 21629 21630 21632 21633 21634 21635 21636 21637 21638 21639 21640 21641 21642 21643 21644
		21645 21646 21647 21648 21649 21650 21651 21653 21654 21656 21657 21658 21660 21661 21662 21663
		21664 21665 21666 21668 21669 21670 21671 21672 21673 21674 21675 21676 21677 21678 21679 21680
		21681 21683 21684 21685 21686 21687 21688 21690 21691 21692 21693 21694 21695 21696 21697 21698
		21699 21700 21701 21702 21703 21705 21706 21707 21709 21710 21711 21712 21713 21714 21715 21716
		21718 21719 21720 21721 21722 21723 21724 21725 21726 21727 21728 21729 21730 21731 21732 21733
		21736 21738 21740 21741 21742 21743 21745 21746 21747 21748 21749 21750 21752 21753 21755 21756
		21757 21758 21759 21760 21761 21762 21763 21764 21765 21766 21767 21769 21770 21771 21772 21773
		21774 21775 21776 21777 21778 21779 21781 21782 21783 21785 21786 21787 21788 21789 21790 21791
		21792 21794 21795 21796 21797 21798 21799 21800 21801 21802 21803 21804 21805 21806 21808 21809
		21810 21811 21812 21813 21814 21816 21817 21819 21821 21822 21823 21824 21825 21826 21827 21828
		21829 21830 21831 21832 21833 21834 21835 21836 21837 21838 21839 21840 21841 21842 21843 21844
		21845 21847 21849 21850 21851 21852 21853 21854 21855 21856 21857 21858 21859 21860 21861 21864
		21865 21866 21867 21868 21869 21870 21872 21873 21874 21875 21876 21877 21878 21879 21880 21881
		21882 21883 21885 21886 21887 21888 21889 21891 21892 21893 21894 21895 21897 21898 21899 21900
		21901 21902 21903 21904 21905 21906 21907 21908 21909 21910 21911 21912 21913 21914 21915 21916
		21918 21919 21920 21921 21922 21923 21924 21925 21926 21927 21928 21929 21930 21931 21932 21934
		21935 21936 21937 21938 21939 21940 21941 21942 21944 21945 21946 21947 21948 21949 21950 21952
		21954 21955 21956 21957 21958 21959 21961 21962 21963 21964 21965 21966 21967 21968 21969 21970
		21971 21972 21973 21974 21975 21976 21977 21978 21979 21980 21981 21982 21983 21984 21985 21986
		21987 21988 21989 21990 21991 21992 21993 21994 21995 21996 21997 21998 21999 22000 22001 22002
		22003 22004 22005 22008 22010 22012 22013 22014 22015 22016 22017 22018 22019 22020 22021 22022
		22023 22025 22027 22028 22029 22030 22031 22033 22034 22035 22036 22037 22038 22039 22040 22041
		22042 22043 22044 22045 22046 22047 22048 22050 22051 22052 22053 22055 22056 22057 22058 22059
		22060 22061 22062 22063 22065 22066 22067 22068 22069 22070 22071 22072 22073 22074 22075 22076
		22078 22079 22080 22081 22082 22083 22085 22086 22088 22089 22090 22091 22092 22093 22094 22095
		22096 22097 22098 22099 22100 22101 22102 22103 22104 22105 22106 22107 22108 22109 22110 22111
		22113 22116 22117 22118 22120 22121 22122 22123 22124 22125 22128 22129 22131 22132 22133 22134
		22135 22136 22137 22139 22140 22141 22142 22143 22144 22146 22148 22149 22152 22153 22154 22155
		22156 22158 22159 22160 22161 22162 22163 22164 22165 22166 22167 22168 22169 22170 22171 22172
		22173 22174 22175 22177 22178 22179 22180 22181 22182 22183 22184 22185 22186 22188 22189 22190
		22192 22195 22196 22197 22199 22200 22201 22202 22203 22205 22206 22207 22208 22209 22210 22211
		22213 22214 22215 22216 22217 22218 22219 22220 22221 22223 22224 22225 22226 22227 22229 22231
		22233 22234 22235 22236 22237 22238 22239 22240 22241 22242 22243 22244 22245 22246 22248 22249
		22250 22251 22252 22253 22254 22256 22257 22258 22259 22260 22261 22262 22263 22265 22266 22267
		22268 22269 22270 22271 22272 22273 22274 22275 22276 22277 22278 22279 22280 22281 22282 22283
		22284 22285 22286 22287 22288 22289 22291 22292 22293 22294 22295 22297 22298 22299 22300 22301
		22302 22303 22306 22307 22308 22309 22310 22311 22313 22314 22315 22316 22318 22319 22320 22321
		22323 22324 22326 22327 22328 22329 22330 22331 22332 22333 22334 22335 22336 22339 22340 22341
		22343 22344 22345 22348 22351 22353 22355 22357 22358 22359 22360 22361 22363 22364 22365 22366
		22367 22368 22369 22370 22372 22373 22374 22376 22378 22379 22380 22381 22382 22383 22384 22385
		22387 22388 22389 22390 22391 22392 22393 22395 22396 22397 22398 22400 22401 22402 22403 22404
		22405 22406 22407 22408 22409 22410 22411 22412 22413 22414 22415 22416 22417 22418 22419 22420
		22421 22422 22423 22424 22425 22426 22427 22428 22429 22430 22431 22432 22433 22434 22435 22436
		22437 22438 22439 22440 22441 22442 22443 22444 22446 22447 22448 22449 22450 22451 22452 22453
		22454 22456 22457 22458 22459 22460 22462 22463 22465 22466 22467 22468 22471 22473 22474 22475
		22476 22477 22478 22479 22480 22481 22482 22483 22484 22485 22486 22487 22488 22489 22490 22491
		22492 22493 22494 22495 22497 22498 22499 22501 22502 22503 22504 22505 22506 22507 22508 22509
		22510 22512 22513 22514 22515 22516 22517 22518 22519 22520 22522 22523 22524 22525 22526 22527
		22528 22529 22530 22531 22532 22533 22534 22535 22537 22538 22539 22540 22541 22542 22543 22544
		22546 22547 22548 22549 22550 22551 22553 22554 22555 22556 22557 22558 22559 22560 22561 22562
		22563 22564 22565 22566 22567 22568 22569 22570 22571 22572 22573 22576 22577 22579 22580 22581
		22582 22583 22584 22585 22586 22587 22588 22589 22590 22591 22592 22593 22594 22595 22596 22597
		22598 22599 22600 22602 22604 22605 22606 22607 22609 22610 22611 22612 22613 22614 22615 22616
		22617 22618 22619 22620 22621 22622 22623 22624 22625 22626 22627 22628 22629 22630 22631 22632
		22633 22635 22636 22638 22639 22640 22641 22642 22643 22644 22645 22646 22647 22648 22649 22650
		22651 22652 22654 22655 22656 22657 22658 22659 22660 22661 22662 22663 22664 22665 22666 22667
		22668 22669 22670 22671 22672 22673 22674 22675 22676 22677 22678 22679 22680 22681 22683 22685
		22686 22687 22688 22689 22690 22691 22692 22693 22694 22697 22698 22700 22702 22703 22704 22705
		22706 22707 22708 22709 22710 22711 22712 22713 22714 22715 22716 22717 22718 22719 22720 22721
		22722 22723 22724 22725 22726 22728 22729 22730 22731 22732 22733 22734 22735 22736 22737 22740
		22741 22742 22743 22745 22746 22747 22748 22749 22750 22751 22752 22753 22755 22756 22757 22758
		22759 22760 22761 22762 22763 22765 22766 22767 22768 22769 22770 22771 22772 22773 22775 22776
		22777 22780 22781 22782 22783 22784 22785 22787 22788 22789 22790 22791 22792 22793 22794 22795
		22796 22798 22799 22800 22801 22802 22803 22804 22805 22806 22807 22808 22809 22810 22811 22812
		22813 22815 22816 22818 22819 22820 22821 22822 22823 22824 22825 22826 22827 22828 22829 22831
		22832 22833 22834 22835 22836 22837 22838 22839 22840 22841 22842 22843 22844 22846 22847 22849
		22850 22851 22852 22853 22854 22855 22857 22858 22859 22861 22862 22864 22866 22867 22868 22869
		22870 22871 22872 22873 22874 22875 22876 22877 22878 22879 22880 22881 22882 22883 22885 22886
		22887 22889 22890 22891 22892 22893 22894 22895 22896 22897 22898 22899 22900 22901 22902 22903
		22906 22907 22908 22909 22910 22911 22912 22913 22914 22915 22918 22919 22920 22921 22922 22923
		22924 22925 22926 22927 22928 22929 22930 22931 22932 22934 22935 22936 22937 22938 22939 22940
		22941 22942 22943 22944 22945 22946 22947 22948 22949 22950 22951 22952 22953 22954 22955 22956
		22957 22958 22959 22960 22961 22962 22963 22964 22965 22966 22967 22969 22970 22972 22973 22974
		22975 22976 22977 22978 22980 22981 22982 22983 22984 22985 22987 22988 22989 22990 22991 22992
		22993 22994 22995 22996 22997 22998 22999 23000 23001 23002 23003 23005 23006 23007 23008 23009
		23010 23011 23012 23013 23014 23016 23017 23018 23019 23020 23021 23022 23023 23024 23025 23026
		23028 23029 23031 23032 23033 23034 23035 23036 23037 23038 23039 23040 23041 23042 23043 23044
		23045 23046 23047 23048 23049 23050 23051 23052 23053 23054 23055 23056 23057 23058 23060 23061
		23062 23063 23064 23065 23066 23067 23068 23069 23070 23072 23075 23076 23077 23078 23080 23081
		23082 23083 23084 23086 23087 23088 23089 23091 23092 23093 23095 23096 23097 23098 23099 23100
		23101 23102 23103 23104 23105 23106 23107 23108 23109 23111 23112 23113 23114 23116 23117 23118
		23119 23120 23121 23123 23124 23125 23126 23127 23128 23129 23130 23131 23132 23133 23134 23135
		23137 23138 23139 23141 23142 23143 23144 23145 23146 23147 23148 23149 23150 23151 23152 23153
		23154 23156 23157 23158 23159 23160 23161 23162 23163 23164 23165 23166 23167 23168 23169 23170
		23171 23172 23173 23174 23175 23176 23177 23179 23180 23181 23182 23183 23184 23185 23186 23187
		23188 23189 23190 23191 23192 23194 23195 23196 23197 23198 23199 23200 23201 23202 23203 23204
		23205 23206 23207 23208 23209 23210 23211 23212 23213 23214 23215 23216 23217 23218 23219 23220
		23221 23222 23223 23224 23225 23226 23227 23228 23229 23230 23231 23232 23233 23234 23235 23236
		23237 23239 23240 23241 23242 23244 23245 23246 23247 23248 23249 23250 23251 23252 23254 23255
		23256 23257 23258 23259 23260 23261 23263 23265 23266 23267 23268 23269 23270 23271 23272 23273
		23274 23275 23276 23277 23278 23279 23280 23281 23282 23283 23284 23286 23287 23288 23289 23290
		23291 23292 23293 23294 23295 23296 23297 23298 23299 23300 23301 23302 23303 23304 23306 23307
		23308 23309 23310 23311 23312 23315 23317 23318 23319 23320 23321 23322 23323 23324 23325 23326
		23327 23329 23330 23331 23332 23333 23334 23335 23336 23337 23338 23339 23340 23341 23342 23344
		23345 23346 23347 23348 23349 23350 23351 23352 23353 23354 23355 23356 23357 23358 23359 23360
		23361 23362 23363 23364 23365 23366 23367 23369 23370 23371 23372 23373 23374 23375 23376 23378
		23380 23381 23382 23383 23384 23385 23386 23387 23388 23389 23390 23391 23392 23393 23394 23395
		23396 23398 23399 23400 23401 23403 23404 23405 23406 23408 23409 23410 23412 23413 23414 23416
		23417 23418 23419 23420 23421 23422 23426 23427 23428 23429 23431 23432 23433 23434 23435 23437
		23438 23439 23440 23441 23442 23443 23444 23445 23446 23447 23448 23449 23450 23451 23452 23453
		23454 23455 23456 23457 23458 23459 23460 23461 23462 23463 23464 23465 23466 23467 23468 23469
		23470 23471 23472 23473 23474 23475 23476 23478 23479 23480 23482 23483 23484 23485 23486 23487
		23488 23490 23491 23492 23493 23495 23497 23499 23500 23501 23502 23503 23504 23505 23506 23508
		23509 23510 23511 23512 23513 23514 23515 23517 23518 23519 23520 23521 23522 23523 23524 23525
		23526 23527 23528 23529 23530 23531 23532 23533 23534 23535 23537 23538 23539 23541 23542 23544
		23545 23546 23548 23549 23550 23551 23552 23553 23554 23555 23556 23557 23558 23559 23560 23563
		23564 23565 23566 23567 23568 23569 23570 23571 23572 23574 23575 23576 23577 23578 23579 23580
		23581 23582 23583 23584 23585 23586 23587 23588 23589 23590 23591 23592 23593 23594 23595 23596
		23597 23598 23599 23600 23602 23603 23604 23605 23606 23607 23608 23609 23610 23611 23612 23613
		23614 23615 23616 23617 23619 23620 23621 23622 23623 23624 23625 23626 23627 23628 23629 23630
		23631 23632 23633 23635 23637 23638 23640 23641 23642 23644 23645 23646 23647 23648 23649 23650
		23651 23653 23654 23655 23656 23657 23658 23659 23660 23661 23663 23665 23666 23667 23668 23669
		23670 23671 23672 23673 23674 23676 23677 23678 23679 23680 23681 23682 23683 23685 23687 23689
		23690 23691 23693 23694 23695 23696 23697 23698 23699 23700 23702 23705 23706 23707 23708 23710
		23711 23712 23714 23715 23716 23717 23718 23719 23720 23721 23722 23723 23724 23726 23727 23728
		23729 23732 23733 23734 23735 23736 23737 23738 23739 23740 23741 23743 23744 23745 23746 23747
		23748 23749 23750 23751 23752 23753 23754 23755 23756 23757 23758 23759 23760 23761 23762 23764
		23765 23766 23768 23769 23770 23771 23772 23773 23774 23775 23776 23777 23778 23779 23780 23781
		23782 23783 23784 23785 23786 23787 23788 23790 23791 23792 23794 23795 23796 23797 23798 23799
		23800 23801 23802 23803 23804 23805 23808 23809 23810 23811 23812 23813 23814 23815 23816 23818
		23819 23820 23821 23822 23823 23824 23825 23826 23827 23828 23829 23830 23831 23832 23833 23834
		23835 23836 23837 23838 23839 23840 23842 23843 23844 23845 23847 23848 23849 23850 23851 23852
		23853 23854 23856 23857 23859 23860 23861 23862 23863 23864 23865 23866 23869 23870 23871 23872
		23873 23874 23875 23876 23878 23879 23880 23881 23882 23883 23884 23885 23886 23887 23888 23890
		23892 23893 23894 23895 23896 23898 23899 23900 23901 23902 23903 23904 23905 23906 23907 23908
		23909 23910 23911 23912 23913 23915 23916 23917 23918 23919 23920 23922 23923 23924 23925 23926
		23927 23928 23929 23930 23931 23932 23933 23934 23935 23936 23937 23938 23939 23940 23941 23942
		23943 23944 23945 23947 23948 23950 23951 23953 23954 23955 23956 23957 23958 23959 23960 23961
		23962 23963 23964 23965 23966 23967 23968 23969 23970 23971 23972 23973 23974 23975 23976 23977
		23978 23980 23982 23983 23984 23985 23986 23987 23988 23989 23990 23991 23992 23994 23995 23996
		23998 23999 24000 24002 24003 24004 24006 24007 24008 24009 24010 24011 24012 24013 24014 24016
		24017 24018 24019 24020 24021 24022 24023 24024 24026 24028 24029 24030 24031 24033 24034 24035
		24036 24037 24038 24039 24040 24041 24043 24045 24046 24048 24049 24050 24051 24052 24053 24054
		24055 24056 24057 24058 24059 24060 24062 24063 24065 24066 24067 24068 24069 24070 24071 24072
		24073 24074 24075 24076 24077 24078 24079 24081 24083 24085 24086 24087 24088 24089 24090 24091
		24092 24093 24094 24095 24096 24097 24098 24099 24100 24101 24102 24103 24104 24105 24106 24107
		24108 24109 24110 24111 24112 24113 24114 24115 24116 24117 24118 24120 24122 24123 24124 24125
		24126 24127 24128 24129 24130 24131 24132 24133 24134 24135 24136 24137 24138 24139 24140 24141
		24142 24143 24144 24145 24146 24147 24148 24149 24150 24151 24152 24153 24155 24156 24157 24158
		24159 24160 24161 24162 24163 24164 24165 24166 24167 24168 24169 24170 24171 24172 24173 24174
		24175 24176 24177 24178 24179 24180 24181 24182 24184 24185 24186 24187 24188 24189 24190 24191
		24192 24193 24194 24195 24196 24198 24199 24201 24202 24204 24205 24208 24209 24210 24211 24212
		24214 24215 24216 24217 24218 24219 24220 24221 24222 24224 24226 24227 24228 24229 24230 24231
		24232 24233 24234 24236 24237 24238 24239 24240 24241 24242 24244 24245 24246 24247 24248 24249
		24250 24251 24252 24253 24256 24257 24258 24260 24261 24262 24263 24264 24266 24267 24268 24269
		24270 24271 24272 24274 24275 24276 24277 24278 24279 24280 24282 24283 24284 24287 24288 24289
		24290 24291 24292 24293 24294 24295 24296 24297 24298 24299 24301 24302 24303 24304 24305 24306
		24307 24308 24309 24310 24311 24312 24314 24315 24316 24317 24318 24320 24321 24322 24323 24324
		24325 24326 24327 24328 24330 24331 24332 24333 24334 24335 24336 24337 24338 24339 24340 24341
		24342 24343 24344 24345 24346 24347 24349 24350 24351 24352 24353 24354 24355 24356 24359 24360
		24361 24362 24363 24364 24365 24366 24369 24370 24371 24372 24374 24375 24376 24377 24378 24379
		24381 24382 24383 24384 24385 24386 24387 24388 24389 24390 24391 24392 24393 24394 24395 24396
		24397 24398 24399 24400 24401 24402 24403 24404 24406 24407 24408 24409 24410 24411 24412 24413
		24414 24415 24416 24417 24419 24420 24421 24422 24423 24424 24426 24427 24428 24429 24430 24431
		24432 24433 24434 24435 24436 24437 24438 24439 24440 24441 24442 24443 24445 24446 24447 24448
		24449 24450 24451 24452 24453 24454 24455 24456 24460 24461 24462 24463 24464 24465 24466 24467
		24468 24469 24470 24471 24472 24473 24474 24475 24476 24477 24478 24479 24480 24481 24482 24483
		24484 24485 24486 24488 24489 24490 24491 24492 24493 24494 24495 24496 24497 24498 24499 24500
		24501 24503 24504 24505 24506 24507 24508 24509 24510 24511 24512 24513 24514 24515 24517 24518
		24520 24521 24522 24523 24524 24525 24526 24527 24528 24529 24530 24531 24532 24533 24534 24535
		24536 24537 24538 24539 24541 24543 24544 24545 24547 24549 24550 24551 24552 24553 24554 24555
		24556 24557 24558 24559 24560 24561 24562 24563 24564 24566 24567 24568 24569 24571 24572 24573
		24574 24575 24576 24577 24578 24579 24580 24582 24583 24584 24585 24586 24587 24588 24589 24590
		24591 24592 24594 24595 24596 24597 24598 24599 24600 24601 24602 24603 24604 24605 24606 24607
		24608 24609 24610 24611 24612 24613 24614 24615 24616 24617 24619 24620 24621 24622 24623 24624
		24625 24626 24627 24628 24629 24632 24633 24634 24636 24637 24638 24639 24640 24641 24642 24643
		24645 24646 24647 24648 24649 24650 24651 24652 24654 24655 24656 24658 24659 24660 24661 24663
		24664 24666 24667 24668 24669 24670 24672 24673 24674 24675 24676 24677 24678 24679 24680 24681
		24682 24683 24684 24685 24686 24688 24689 24690 24692 24693 24695 24696 24698 24699 24700 24701
		24702 24703 24704 24705 24706 24707 24708 24709 24710 24711 24712 24713 24714 24716 24717 24718
		24719 24720 24721 24722 24725 24727 24728 24729 24730 24732 24733 24734 24735 24736 24737 24738
		24739 24740 24741 24742 24743 24744 24745 24746 24748 24750 24751 24752 24753 24754 24756 24757
		24758 24760 24761 24762 24764 24765 24766 24767 24768 24769 24770 24772 24774 24775 24776 24777
		24778 24779 24781 24782 24783 24784 24785 24786 24787 24788 24789 24790 24791 24792 24793 24794
		24795 24796 24797 24798 24799 24800 24801 24802 24803 24804 24805 24806 24809 24810 24811 24813
		24814 24816 24817 24818 24819 24820 24821 24822 24823 24824 24825 24826 24827 24830 24831 24832
		24835 24836 24837 24838 24839 24841 24842 24843 24844 24847 24848 24849 24850 24851 24852 24853
		24854 24855 24856 24857 24858 24859 24860 24861 24862 24863 24864 24865 24866 24867 24868 24869
		24870 24871 24872 24873 24874 24875 24877 24878 24879 24880 24881 24882 24883 24884 24885 24886
		24887 24888 24890 24891 24892 24893 24894 24895 24896 24897 24898 24900 24901 24902 24903 24904
		24905 24906 24907 24908 24909 24910 24911 24912 24913 24914 24915 24917 24918 24919 24920 24921
		24922 24923 24924 24925 24926 24927 24928 24929 24930 24932 24933 24934 24935 24936 24937 24938
		24939 24940 24941 24943 24944 24945 24946 24947 24948 24949 24950 24951 24952 24953 24954 24955
		24957 24958 24959 24960 24962 24963 24966 24967 24968 24969 24970 24971 24972 24973 24974 24975
		24976 24977 24978 24979 24982 24983 24984 24985 24986 24987 24988 24989 24991 24993 24994 24995
		24996 24997 24998 24999 25000 25001 25002 25003 25004 25007 25008 25009 25010 25011 25013 25014
		25015 25017 25018 25019 25020 25021 25023 25024 25025 25026 25027 25028 25029 25030 25031 25032
		25033 25034 25035 25036 25038 25039 25040 25041 25042 25043 25045 25046 25047 25048 25049 25050
		25051 25052 25053 25055 25056 25057 25058 25059 25060 25061 25062 25063 25064 25065 25066 25068
		25069 25071 25072 25073 25074 25075 25076 25077 25078 25079 25080 25081 25082 25083 25084 25085
		25086 25087 25088 25090 25091 25092 25093 25095 25096 25097 25098 25099 25100 25101 25102 25103
		25104 25105 25106 25108 25109 25110 25111 25112 25113 25115 25116 25117 25118 25119 25120 25121
		25122 25123 25124 25125 25126 25127 25128 25129 25130 25131 25132 25133 25134 25135 25136 25137
		25138 25139 25140 25141 25142 25143 25144 25145 25148 25149 25150 25151 25152 25153 25154 25155
		25156 25157 25158 25159 25160 25161 25162 25163 25164 25165 25166 25167 25168 25169 25170 25171
		25173 25174 25175 25176 25177 25178 25179 25180 25181 25182 25183 25185 25188 25189 25190 25192
		25193 25194 25195 25196 25197 25198 25199 25200 25201 25202 25203 25204 25205 25206 25208 25209
		25210 25212 25213 25214 25215 25216 25217 25218 25220 25221 25222 25223 25224 25225 25227 25228
		25229 25230 25231 25232 25233 25234 25235 25237 25238 25239 25241 25242 25243 25244 25245 25246
		25247 25248 25249 25250 25251 25252 25253 25254 25255 25256 25257 25258 25259 25260 25261 25262
		25263 25264 25265 25266 25267 25268 25270 25271 25272 25273 25274 25275 25276 25277 25279 25280
		25281 25282 25283 25284 25285 25286 25287 25288 25290 25291 25292 25293 25294 25295 25296 25297
		25298 25299 25300 25302 25303 25304 25305 25306 25307 25308 25309 25310 25311 25312 25313 25314
		25315 25317 25318 25319 25320 25321 25323 25324 25325 25326 25328 25329 25330 25331 25332 25333
		25334 25336 25337 25338 25339 25340 25341 25342 25343 25345 25346 25347 25348 25349 25350 25351
		25352 25353 25354 25355 25357 25358 25359 25361 25363 25364 25365 25366 25367 25368 25369 25370
		25371 25372 25373 25374 25375 25376 25377 25378 25380 25381 25382 25383 25384 25385 25386 25387
		25388 25389 25390 25391 25392 25393 25394 25395 25396 25398 25399 25400 25401 25402 25403 25404
		25405 25406 25407 25408 25409 25410 25411 25412 25413 25414 25415 25416 25418 25419 25420 25421
		25422 25423 25424 25425 25426 25427 25428 25429 25430 25431 25432 25433 25434 25435 25436 25437
		25438 25439 25440 25441 25442 25443 25444 25445 25446 25448 25449 25450 25451 25452 25453 25454
		25455 25456 25457 25458 25459 25460 25461 25462 25463 25464 25465 25468 25471 25472 25473 25475
		25476 25478 25479 25480 25481 25483 25484 25485 25486 25487 25488 25489 25490 25492 25493 25495
		25496 25497 25498 25499 25500 25501 25502 25504 25505 25507 25508 25509 25510 25511 25512 25513
		25514 25515 25516 25517 25518 25519 25520 25521 25522 25523 25524 25526 25527 25528 25529 25530
		25531 25532 25533 25535 25536 25537 25538 25539 25540 25541 25542 25543 25544 25545 25546 25547
		25548 25549 25550 25551 25552 25553 25554 25555 25556 25557 25558 25559 25563 25564 25566 25567
		25568 25569 25570 25571 25572 25573 25574 25575 25576 25577 25578 25579 25580 25581 25582 25584
		25585 25586 25587 25588 25589 25591 25592 25593 25594 25596 25597 25598 25600 25601 25602 25603
		25604 25605 25606 25607 25609 25610 25611 25613 25614 25616 25617 25618 25619 25620 25621 25622
		25623 25624 25626 25627 25628 25629 25630 25631 25633 25634 25636 25637 25638 25639 25640 25642
		25643 25644 25645 25646 25647 25648 25649 25650 25651 25653 25654 25655 25656 25657 25658 25659
		25660 25661 25662 25663 25664 25665 25666 25668 25669 25670 25671 25672 25673 25674 25675 25676
		25677 25678 25679 25681 25682 25683 25684 25686 25687 25688 25689 25690 25691 25692 25693 25694
		25695 25697 25699 25700 25701 25702 25704 25705 25707 25708 25709 25710 25711 25713 25714 25715
		25716 25717 25718 25719 25720 25721 25722 25723 25725 25726 25727 25728 25729 25730 25731 25732
		25733 25737 25738 25739 25740 25741 25742 25743 25744 25745 25746 25747 25748 25750 25751 25752
		25753 25754 25755 25756 25757 25758 25759 25760 25762 25763 25764 25765 25766 25767 25768 25770
		25771 25772 25773 25774 25775 25776 25777 25778 25779 25780 25781 25782 25783 25784 25785 25786
		25787 25789 25790 25791 25793 25794 25795 25796 25797 25798 25799 25800 25801 25802 25803 25804
		25805 25806 25807 25808 25809 25810 25811 25812 25813 25814 25815 25816 25817 25818 25819 25822
		25823 25824 25825 25826 25827 25828 25831 25832 25833 25835 25836 25838 25839 25841 25842 25843
		25845 25846 25847 25848 25849 25850 25851 25852 25853 25855 25858 25859 25860 25861 25863 25864
		25865 25866 25867 25868 25869 25870 25872 25873 25875 25876 25877 25878 25879 25880 25881 25882
		25883 25884 25885 25886 25887 25888 25889 25890 25891 25892 25893 25894 25895 25896 25899 25900
		25901 25902 25903 25904 25905 25906 25907 25908 25909 25910 25911 25912 25913 25914 25915 25917
		25918 25919 25921 25922 25923 25924 25925 25927 25928 25929 25930 25932 25933 25935 25936 25937
		25938 25939 25940 25941 25942 25943 25944 25946 25947 25948 25949 25950 25951 25952 25953 25959
		25960 25961 25962 25963 25965 25966 25967 25968 25969 25970 25971 25972 25973 25974 25975 25977
		25978 25979 25980 25982 25983 25984 25985 25986 25987 25988 25989 25990 25991 25992 25993 25994
		25995 25996 25997 25999 26001 26002 26003 26004 26005 26006 26007 26008 26009 26010 26011 26012
		26013 26014 26015 26016 26018 26019 26020 26021 26022 26023 26024 26025 26026 26028 26030 26031
		26032 26033 26034 26035 26036 26037 26038 26040 26041 26042 26043 26044 26045 26046 26047 26048
		26049 26050 26051 26053 26054 26055 26056 26058 26059 26060 26061 26062 26063 26064 26065 26068
		26069 26070 26071 26072 26073 26074 26075 26076 26077 26078 26079 26080 26081 26082 26083 26084
		26085 26086 26087 26089 26090 26091 26092 26093 26094 26095 26096 26097 26098 26099 26100 26101
		26102 26103 26104 26105 26106 26107 26108 26109 26110 26111 26112 26113 26114 26115 26116 26117
		26118 26119 26120 26121 26122 26123 26124 26125 26126 26128 26129 26130 26131 26132 26133 26134
		26136 26137 26139 26140 26141 26142 26143 26144 26145 26146 26147 26148 26149 26150 26151 26152
		26153 26154 26155 26156 26157 26158 26159 26160 26161 26162 26163 26164 26165 26166 26167 26168
		26169 26170 26171 26172 26173 26174 26175 26176 26177 26178 26179 26180 26181 26182 26184 26186
		26187 26188 26189 26191 26192 26193 26195 26196 26197 26198 26199 26200 26201 26202 26204 26205
		26207 26208 26209 26210 26211 26212 26213 26214 26215 26216 26217 26218 26219 26220 26221 26222
		26223 26224 26225 26226 26228 26231 26232 26233 26234 26235 26236 26237 26238 26239 26240 26241
		26242 26243 26244 26245 26246 26247 26248 26251 26252 26253 26254 26255 26256 26257 26258 26260
		26263 26264 26265 26266 26267 26268 26270 26271 26273 26274 26275 26277 26278 26279 26280 26281
		26282 26283 26284 26285 26286 26287 26288 26289 26290 26291 26293 26294 26295 26296 26297 26298
		26299 26300 26302 26303 26305 26306 26307 26308 26309 26310 26312 26313 26314 26315 26316 26317
		26318 26319 26320 26321 26322 26323 26324 26325 26326 26327 26328 26331 26332 26333 26334 26335
		26336 26337 26338 26339 26340 26341 26342 26343 26344 26345 26346 26347 26348 26349 26350 26351
		26352 26353 26354 26355 26356 26357 26358 26359 26360 26361 26362 26363 26364 26365 26366 26367
		26368 26369 26370 26371 26372 26373 26374 26375 26376 26377 26378 26379 26380 26382 26383 26384
		26385 26386 26387 26388 26389 26390 26391 26392 26393 26394 26395 26397 26398 26399 26400 26401
		26402 26403 26404 26406 26407 26408 26409 26411 26412 26413 26414 26417 26418 26419 26420 26421
		26422 26423 26424 26425 26426 26427 26428 26430 26432 26434 26435 26437 26438 26439 26440 26441
		26442 26443 26444 26446 26448 26449 26450 26451 26452 26453 26454 26455 26456 26459 26460 26461
		26462 26464 26466 26467 26468 26469 26470 26471 26472 26473 26474 26475 26477 26479 26480 26481
		26483 26484 26485 26487 26488 26489 26490 26491 26492 26494 26495 26496 26497 26498 26499 26500
		26501 26502 26503 26504 26505 26506 26507 26508 26509 26510 26512 26513 26514 26515 26516 26517
		26518 26520 26521 26522 26524 26525 26526 26527 26528 26529 26530 26531 26532 26533 26534 26535
		26536 26537 26538 26540 26541 26542 26544 26546 26547 26548 26549 26550 26551 26552 26553 26554
		26555 26556 26557 26558 26559 26561 26563 26565 26566 26567 26568 26569 26570 26572 26573 26574
		26575 26576 26578 26580 26581 26584 26585 26586 26587 26588 26589 26590 26591 26592 26594 26595
		26596 26597 26598 26599 26601 26603 26604 26606 26607 26610 26611 26612 26613 26614 26615 26616
		26617 26618 26619 26620 26621 26622 26623 26625 26626 26627 26629 26630 26631 26632 26633 26634
		26637 26638 26639 26640 26641 26643 26646 26647 26648 26649 26650 26651 26652 26653 26654 26655
		26656 26657 26658 26659 26660 26661 26662 26663 26664 26665 26666 26667 26668 26669 26670 26671
		26672 26673 26674 26675 26676 26677 26678 26679 26680 26681 26683 26684 26685 26686 26687 26688
		26689 26691 26692 26693 26694 26696 26697 26698 26699 26700 26702 26704 26705 26706 26707 26708
		26709 26710 26711 26712 26713 26715 26716 26717 26718 26719 26720 26721 26722 26723 26725 26726
		26727 26729 26730 26731 26732 26733 26734 26736 26737 26738 26739 26740 26741 26742 26743 26744
		26745 26746 26747 26748 26749 26750 26751 26752 26753 26754 26755 26756 26757 26758 26759 26760
		26761 26762 26764 26765 26766 26767 26768 26770 26772 26773 26774 26775 26776 26778 26779 26780
		26782 26785 26786 26787 26789 26790 26791 26792 26793 26794 26795 26796 26797 26798 26799 26800
		26801 26802 26803 26804 26805 26806 26807 26808 26809 26810 26811 26812 26813 26815 26816 26818
		26820 26822 26823 26824 26825 26826 26827 26828 26829 26830 26831 26832 26833 26834 26835 26836
		26837 26839 26840 26841 26842 26843 26844 26845 26846 26847 26848 26849 26850 26851 26854 26855
		26856 26857 26858 26859 26860 26861 26862 26864 26865 26866 26867 26868 26870 26871 26873 26874
		26875 26876 26877 26878 26880 26881 26882 26883 26884 26885 26886 26888 26889 26890 26891 26892
		26893 26894 26896 26897 26898 26899 26900 26902 26903 26904 26905 26906 26907 26908 26909 26910
		26911 26912 26913 26915 26917 26918 26920 26921 26922 26923 26924 26925 26926 26929 26930 26931
		26932 26933 26934 26935 26936 26937 26938 26939 26940 26941 26942 26943 26944 26945 26946 26948
		26949 26950 26951 26952 26954 26955 26956 26958 26959 26960 26961 26962 26963 26964 26965 26966
		26967 26968 26970 26971 26974 26975 26976 26977 26978 26979 26980 26981 26982 26983 26984 26986
		26987 26988 26989 26990 26991 26992 26993 26994 26995 26997 26998 26999 27000 27001 27003 27004
		27006 27007 27008 27009 27010 27011 27012 27013 27014 27015 27016 27018 27019 27020 27021 27022
		27023 27024 27025 27026 27027 27028 27029 27031 27032 27034 27036 27037 27039 27040 27042 27043
		27044 27045 27046 27047 27048 27050 27051 27052 27053 27054 27055 27057 27058 27059 27060 27061
		27062 27064 27065 27067 27068 27069 27070 27071 27072 27073 27074 27075 27076 27077 27078 27079
		27081 27082 27083 27084 27085 27086 27087 27088 27089 27090 27091 27092 27093 27095 27096 27097
		27098 27099 27100 27101 27102 27103 27104 27105 27106 27109 27111 27112 27113 27114 27115 27116
		27117 27118 27119 27120 27121 27122 27583 27584 27585 27586 27588
	}
	regions = { # all of Westeros south of the Neck except Rhoynish Dorne
		world_westeros_the_neck
		world_westeros_the_north_mainland
		world_westeros_the_crownlands_crackclaw
		world_westeros_the_crownlands_valyrian_north_islands
		world_westeros_the_westerlands_north
		world_westeros_the_iron_islands
		world_westeros_moonclans
		world_westeros_the_riverlands_north
		world_westeros_the_vale
		world_essos_braavos
		world_essos_andalos
		world_essos_lorath
		world_essos_norvos
		world_essos_the_axe
		world_essos_qohor_north
	}
	duchies = {
		d_bear_island
	}
}
