0;0;0;0;x;x
1;78;78;78;b_the_nightfort;x
2;56;54;57;b_icemark;x
3;52;52;52;b_deep_lake;x
4;26;26;26;b_queensgate;x
5;1;1;1;b_castle_black;x
6;13;13;13;b_oakenshield;x
7;39;39;39;b_woodswatch_by_the_pool;x
8;20;20;20;b_the_shadow_tower;x
9;56;56;55;b_westwatch_by_the_bridge;x
10;61;61;61;b_sentinel_stand;x
11;33;34;33;b_greyguard;x
12;71;72;73;b_stonedoor;x
13;35;36;35;b_hoarfrost_hill;x
14;12;12;12;b_eastwatch_by_the_sea;x
15;65;65;65;b_sable_hall;x
16;91;91;91;b_rimegate;x
17;38;39;37;b_long_barrow;x
18;48;49;48;b_the_torches;x
19;87;85;84;b_greenguard;x
20;99;99;100;b_weatherback_ridge;x
21;130;129;130;b_toothcliff;x
22;86;86;86;b_blackburn_rush;x
23;99;101;100;b_whitebarrow;x
24;79;80;79;b_the_crowsticks;x
25;56;57;59;b_nightsrest;x
26;76;77;75;b_heathertop;x
27;65;69;65;b_woodbone;x
28;45;45;45;b_moles_town;x
29;100;102;99;b_whoresbarrow;x
30;105;107;103;b_spiderbridge;x
31;57;57;53;b_dogswool;x
32;115;113;113;b_old_croft;x
33;73;77;73;b_ashburn;x
34;104;101;97;b_hazeldown;x
35;99;99;97;b_pikesrush;x
36;104;103;101;b_standing_stones;x
37;110;106;111;b_wierrush;x
38;78;82;79;b_brandons_castle;x
39;83;85;86;b_old_bog;x
40;104;103;104;b_boarstone;x
41;107;107;107;b_edge;x
42;94;100;94;b_bearbones;x
43;45;48;45;b_hoarburn;x
44;66;67;65;b_briarsward;x
45;110;113;111;b_pinehollow;x
46;79;82;84;b_mossberry_bog;x
47;53;53;53;b_norlinton;x
48;99;97;100;b_stoneblood;x
49;27;26;26;b_glenhaven;x
50;94;93;94;b_stone_spears;x
51;96;96;96;b_otherstand;x
52;79;78;79;b_witchlight;x
53;109;105;109;b_waysrest;x
54;73;73;73;b_the_heath;x
55;86;90;86;b_boreharrow;x
56;94;94;94;b_batscave;x
57;45;45;50;b_whitecross;x
58;112;112;112;b_the_deadcopse;x
59;68;68;68;b_ash_hollow;x
60;79;79;79;b_wildlings_rest;x
61;79;77;79;b_queenscrown;x
62;51;51;51;b_thistledown;x
63;76;76;76;b_antlerfell;x
64;82;80;83;b_old_hedge;x
65;64;64;64;b_new_bunk;x
66;112;116;112;b_north_town;x
67;56;56;56;b_knightsrange;x
68;33;33;33;b_giantsbeard;x
69;63;63;63;b_wightspear;x
70;114;115;117;b_grims_grave;x
71;85;85;84;b_old_reeds;x
72;79;84;79;b_starkstones;x
73;45;44;45;b_stonestead;x
74;78;79;79;b_thistleweald;x
75;45;45;44;b_wildelanding;x
76;71;71;71;b_chain_lake;x
77;209;210;204;b_winterfell;x
78;216;213;204;b_winter_town;x
79;211;212;205;b_whitegate;x
80;224;220;217;b_whiteward_tower;x
81;226;221;215;b_sullen_wall;x
82;213;215;207;b_waltons_wood;x
83;223;217;212;b_colbrand;x
84;207;209;199;b_dorrengrounds;x
85;217;212;205;b_brandford;x
86;226;220;214;b_burns_gate;x
87;207;206;205;b_greyward_tower;x
88;211;211;201;b_winterwood;x
89;201;206;203;b_bramble_hall;x
90;216;211;202;b_glencastle;x
91;208;206;203;b_berken_meadow;x
92;213;208;203;b_dembrook;x
93;221;217;210;b_pines_melt;x
94;200;203;198;b_wilhorn_ford;x
95;221;215;210;b_broken_fir_hold;x
96;208;206;197;b_winderset;x
97;210;210;201;b_old_copse;x
98;201;204;202;b_palewood;x
99;224;220;213;b_fullden;x
100;216;211;204;b_sentwright;x
101;219;216;210;b_knifes_drip;x
102;216;219;213;b_travel_town;x
103;215;210;203;b_southerway;x
104;220;219;213;b_emmsbirch;x
105;218;213;205;b_the_denary;x
106;225;223;220;b_openhollow;x
107;219;213;206;b_woodendell;x
108;216;217;210;b_wolf_branch_woods;x
109;209;207;203;b_coldstream;x
110;210;212;207;b_long_spear;x
111;207;208;201;b_denby;x
112;220;214;208;b_beat_field;x
113;220;217;209;b_wrathbone;x
114;215;210;202;b_bird_hill;x
115;214;213;211;b_stoke_forest;x
116;205;207;196;b_logboat_house;x
117;214;213;212;b_heathpatch;x
118;204;203;201;b_pitch_hold;x
119;209;210;205;b_brustfield;x
120;214;205;199;b_brustfield_hall;x
121;218;212;210;b_pitchbrook;x
122;212;213;203;b_hairy_rock;x
123;215;218;212;b_the_scalps;x
124;216;211;205;b_turnbull_wood;x
125;215;216;212;b_leid_stone;x
126;221;214;212;b_dungwell;x
127;218;211;205;b_cedarhelm;x
128;210;208;204;b_millton;x
129;221;215;209;b_coldhedge_ridge;x
130;208;209;201;b_stone_clover;x
131;205;204;204;b_lone_pine;x
132;202;210;204;b_branswood_hold;x
133;225;219;213;b_cutter_grove;x
134;224;224;218;b_foxwood;x
135;216;211;207;b_white_den;x
136;200;160;170;b_last_hearth;x
137;196;168;167;b_hearthwood;x
138;180;157;174;b_fellber;x
139;208;175;174;b_northwold;x
140;190;167;169;b_raiders_whim;x
141;173;169;171;b_crackingfield;x
142;202;182;178;b_chainskeep;x
143;183;170;178;b_giants_sapling;x
144;210;172;173;b_tallroot;x
145;192;164;175;b_snowy_oaks;x
146;194;164;171;b_chainborne;x
147;198;172;175;b_woodhaven;x
148;173;150;172;b_oakburr;x
149;187;157;174;b_green_ash;x
150;194;173;182;b_crow_river;x
151;209;176;179;b_basswood;x
152;188;177;178;b_stonepike;x
153;215;183;184;b_dandridge;x
154;196;178;181;b_trybeck_lake;x
155;190;174;176;b_blackmantle;x
156;183;168;174;b_rout_hall;x
157;196;159;167;b_broken_rune;x
158;179;164;174;b_old_bread;x
159;200;170;167;b_iron_wolf;x
160;191;170;183;b_nightwing_wood;x
161;180;161;168;b_rustraven;x
162;186;164;177;b_silvercade;x
163;187;168;169;b_blacksplint;x
164;194;174;173;b_lowcroft;x
165;202;178;175;b_sullen_foothold;x
166;179;164;170;b_bleakway;x
167;190;171;169;b_deer_hill;x
168;164;164;178;b_circlewood;x
169;164;166;172;b_barewalls;x
170;210;172;176;b_pothers_keep;x
171;203;173;173;b_sullenfields;x
172;185;175;183;b_dole_forest;x
173;190;169;180;b_outer_well;x
174;203;182;173;b_forgotten_rock;x
175;175;168;180;b_whitemore_motte;x
176;179;160;168;b_whitemore_barrens;x
177;200;158;173;b_wimpering_meadow;x
178;161;165;173;b_upper_bounds;x
179;200;173;173;b_windy_crypts;x
180;205;176;172;b_whitemore_town;x
181;171;171;174;b_frostfall;x
182;208;178;184;b_cooks_guard;x
183;176;157;175;b_coalwood;x
184;182;158;173;b_oldchamber;x
185;200;167;169;b_pinns_ledge;x
186;200;181;176;b_pinns_port;x
187;174;150;172;b_barkingside;x
188;204;173;177;b_finnwall;x
189;174;170;181;b_seabear_tower;x
190;177;161;175;b_freshmans_song;x
191;187;164;177;b_fort_boils;x
192;205;176;183;b_cat_shore;x
193;143;160;178;b_blubber;x
194;185;182;213;b_old_lake_cove;x
195;174;177;194;b_frostguard;x
196;180;192;217;b_skymeadow;x
197;177;182;206;b_cold_head;x
198;183;190;214;b_bendgate;x
199;182;178;194;b_frozen_ford;x
200;182;195;219;b_bitter_forest;x
201;201;195;217;b_bleakwood;x
202;203;193;214;b_wayn_rocks;x
203;174;195;219;b_cornden;x
204;194;192;215;b_blighted_barley;x
205;172;177;199;b_long_lake_fort;x
206;201;189;214;b_longtown;x
207;176;192;216;b_sedgepool;x
208;180;197;220;b_greendells;x
209;189;192;208;b_rowding;x
210;184;194;208;b_hatchbrook;x
211;203;201;229;b_keeps_barrens;x
212;207;210;209;b_bleak_scar;x
213;162;192;216;b_beacon_hill;x
214;198;198;204;b_belldurn;x
215;188;197;205;b_long_hall;x
216;174;174;193;b_spearhouse;x
217;172;195;210;b_battle_stream;x
218;201;192;214;b_pooleside;x
219;173;189;213;b_highriver;x
220;177;180;206;b_shore_hold;x
221;197;197;208;b_longrock;x
222;198;201;208;b_spearhead;x
223;160;193;208;b_old_longfort;x
224;194;194;189;b_mute_hill;x
225;198;191;209;b_dartlier;x
226;196;191;210;b_brownbriars_dell;x
227;180;191;210;b_highbrake;x
228;179;182;201;b_outer_hills;x
229;182;204;211;b_snowmill_rolls;x
230;197;194;199;b_nevermelt;x
231;200;205;209;b_skinners_ridge;x
232;192;201;208;b_huntingsing;x
233;189;193;206;b_snowmelt_hall;x
234;172;189;201;b_recluse_bank;x
235;175;179;202;b_smiths_edge;x
236;173;193;206;b_last_post;x
237;193;188;212;b_final_pool;x
238;180;206;213;b_first_wells;x
239;186;188;203;b_ragged_hold;x
240;188;189;208;b_cold_fort;x
241;161;195;219;b_flushfield;x
242;180;189;209;b_riverside_wood;x
243;197;195;214;b_last_rivers_stand;x
244;164;182;208;b_mistfield;x
245;189;190;202;b_coldens_hill;x
246;179;194;212;b_denfrost_greens;x
247;214;198;196;b_karhold;x
248;203;194;170;b_barbleton;x
249;217;204;195;b_brightwolf;x
250;201;180;165;b_snowdell;x
251;220;207;195;b_whitefauld;x
252;182;176;177;b_harwoods_grove;x
253;206;199;189;b_estarbor;x
254;217;200;192;b_suns_hedge;x
255;197;210;198;b_woolenwood;x
256;218;197;211;b_morsfall;x
257;212;207;192;b_enhelm;x
258;228;225;213;b_wintercairn;x
259;212;222;201;b_groundpress;x
260;204;202;201;b_barewood_port;x
261;182;189;188;b_lightfoot_wood;x
262;226;215;195;b_brown_stem;x
263;200;199;185;b_woodspine;x
264;217;199;190;b_lightfront;x
265;193;188;172;b_white_claw;x
266;194;206;197;b_queens_burrow;x
267;208;206;205;b_heavyside;x
268;193;187;185;b_norrens_step;x
269;215;199;193;b_ganncliff;x
270;210;219;199;b_rangers_refuge;x
271;181;197;171;b_deerwater;x
272;215;201;196;b_port_dormund;x
273;218;204;223;b_far_ledge;x
274;195;190;165;b_watermill;x
275;215;192;207;b_whitetail;x
276;226;210;202;b_brocketbrook;x
277;220;200;200;b_rockwold;x
278;224;213;200;b_mundell;x
279;199;196;178;b_dorridge_wood;x
280;191;196;183;b_spotted_shore;x
281;198;185;202;b_dorridge_island;x
282;204;186;167;b_eastmelt;x
283;211;204;190;b_warmen;x
284;220;200;181;b_meltingstream;x
285;219;213;197;b_robinwood;x
286;222;203;195;b_furrowkeep;x
287;176;183;182;b_firestand;x
288;219;199;190;b_lamp_brush;x
289;189;201;176;b_coal_forest;x
290;216;210;192;b_full_hearth;x
291;225;207;198;b_steamwood;x
292;224;219;205;b_breakchain;x
293;215;184;195;b_shadows_run;x
294;182;201;180;b_grey_spring;x
295;218;200;183;b_leafy_mill;x
296;195;197;179;b_kiln_house;x
297;222;209;198;b_piddlespoon;x
298;207;201;184;b_lonely_day;x
299;214;200;196;b_tusk_ledge;x
300;226;203;198;b_thinline;x
301;226;222;209;b_murrow;x
302;208;206;202;b_everwood_keep;x
303;210;216;197;b_everwood;x
304;200;187;175;b_lockside;x
305;196;201;189;b_pail_port;x
306;215;200;220;b_standleaf;x
307;212;210;206;b_feathermoss;x
308;217;197;210;b_mossycade;x
309;228;201;191;b_bricksward;x
310;203;201;184;b_ashfeld;x
311;199;204;185;b_oldgrove;x
312;203;198;202;b_dustedkeep;x
313;194;183;188;b_prudesward;x
314;214;201;196;b_crumb_gap;x
315;208;197;190;b_woodlot;x
316;196;194;174;b_whitelance;x
317;204;204;215;b_oldburl_wood;x
318;141;144;167;b_heathcliff;x
319;199;193;197;b_smokeshelf;x
320;217;203;190;b_slate_cliff;x
321;214;196;202;b_lichen_bluff;x
322;212;203;192;b_the_drophold;x
323;200;185;185;b_whiteridge_tower;x
324;199;188;178;b_dropwood;x
325;218;198;208;b_spike_port;x
326;228;214;206;b_whiteridge_pines;x
327;217;199;185;b_leviathans_run;x
328;205;203;204;b_dropwatch;x
329;141;156;167;b_oversea_bluff;x
330;175;169;163;b_spotted_steeps;x
331;219;206;196;b_grey_clutch;x
332;217;201;205;b_long_sentence;x
333;174;141;146;b_the_dreadfort;x
334;170;160;139;b_weeps_kin;x
335;152;137;139;b_windygrove;x
336;172;148;120;b_caterwall;x
337;176;158;142;b_bloodlet_creek;x
338;128;140;88;b_shuckside;x
339;145;148;125;b_bolt_town;x
340;170;148;130;b_redderm;x
341;185;157;140;b_gravewood;x
342;181;157;135;b_pups_pelt;x
343;167;148;132;b_shudders;x
344;155;132;119;b_kingsrest;x
345;157;139;142;b_castlepane;x
346;168;157;137;b_overton;x
347;135;147;119;b_dormer_lake;x
348;158;136;109;b_talwell_keep;x
349;143;140;138;b_over_keep;x
350;169;145;156;b_narrowseer_tower;x
351;171;147;126;b_crofters_pass;x
352;150;150;105;b_casement;x
353;128;135;88;b_darkford;x
354;155;139;130;b_sapwood;x
355;170;150;145;b_tyve_hold;x
356;158;150;117;b_rightwell;x
357;183;146;158;b_scorekeep;x
358;173;169;125;b_upper_branch;x
359;157;129;117;b_redtombs;x
360;163;150;92;b_vinedowning;x
361;161;157;147;b_full_spring;x
362;156;151;139;b_bailwood;x
363;152;141;125;b_woods_lake;x
364;156;125;124;b_forests_end;x
365;155;137;119;b_grimms_fort;x
366;172;148;144;b_grimms_bank;x
367;180;147;155;b_newmock;x
368;163;143;136;b_scarlton;x
369;148;147;138;b_nattick_woods;x
370;155;138;116;b_dustplace;x
371;168;137;137;b_flayer_point;x
372;163;149;130;b_grimm_lake;x
373;163;143;155;b_beechmaple;x
374;169;132;138;b_flushgrove;x
375;177;157;141;b_weep_keep;x
376;172;157;126;b_rannicks_falls;x
377;177;154;149;b_the_dredge;x
378;162;130;151;b_pinelock;x
379;151;146;122;b_shudder_hill;x
380;168;142;131;b_dropdown;x
381;165;154;136;b_ledgetree;x
382;161;145;129;b_weeps_well;x
383;158;131;132;b_weepspoint;x
384;165;137;133;b_shattered_star;x
385;167;158;124;b_wraithfeld_hold;x
386;169;148;120;b_wraithfeld_forest;x
387;189;145;167;b_slender_stream;x
388;183;149;125;b_veiled_ridge;x
389;157;142;123;b_kipskin;x
390;183;158;125;b_calmpine;x
391;180;157;139;b_kettle_hill;x
392;166;145;136;b_shearlings;x
393;171;142;134;b_dark_ditch;x
394;165;137;154;b_ethersfort;x
395;162;142;130;b_etherington;x
396;155;142;119;b_ethers_grove;x
397;180;176;139;b_skybank;x
398;163;140;117;b_boltongate;x
399;174;151;149;b_dreadside;x
400;170;133;142;b_osricfield;x
401;128;145;88;b_redwolf_march;x
402;159;143;116;b_restingmeadow;x
403;137;138;122;b_breathing_down;x
404;168;158;136;b_matchwood_sett;x
405;192;144;171;b_matchwood_town;x
406;144;131;114;b_old_cedar;x
407;174;154;149;b_snare_hill;x
408;162;137;151;b_splint_rill;x
409;134;122;115;b_forest_curl;x
410;148;129;135;b_wild_tree;x
411;176;151;145;b_deerborn;x
412;147;125;108;b_curdle;x
413;174;154;130;b_larch_grove;x
414;184;151;153;b_stonehill_bluff;x
415;147;143;131;b_hillgrund;x
416;155;135;137;b_stonehill_rush;x
417;152;135;121;b_sallow_chase;x
418;157;153;150;b_wind_peak;x
419;163;143;145;b_shearpoint;x
420;128;142;137;b_dimhollow;x
421;162;145;140;b_jagged_crown;x
422;164;154;165;b_frostmere;x
423;176;184;153;b_new_castle;x
424;173;181;155;b_white_harbor;x
425;155;155;152;b_wolfs_den;x
426;131;202;198;b_seal_rock;x
427;152;155;142;b_gillbridge;x
428;164;180;167;b_brokersbrook;x
429;154;162;153;b_honeybucket;x
430;154;167;154;b_whittarfield;x
431;175;176;160;b_pronged_port;x
432;175;188;139;b_sept_of_the_snows;x
433;160;165;143;b_whittarkeep;x
434;154;175;138;b_holhold;x
435;182;184;174;b_silverfield_hall;x
436;189;199;158;b_grain_stem;x
437;149;151;130;b_old_mill;x
438;171;171;152;b_lilac_house;x
439;176;184;162;b_silverport;x
440;175;179;158;b_sea_holly;x
441;166;172;143;b_harborstone;x
442;156;172;143;b_purple_hill;x
443;175;180;154;b_whetmarsh;x
444;184;190;160;b_white_bluff;x
445;174;190;163;b_abercorn;x
446;179;192;170;b_knightrunnel;x
447;166;188;160;b_millstream;x
448;174;202;166;b_greywolf_cove;x
449;159;171;145;b_leoboldon;x
450;167;175;162;b_broadpond;x
451;157;184;149;b_dry_marsh;x
452;147;166;166;b_whitecreek_castle;x
453;153;156;164;b_whitecreek_town;x
454;154;161;152;b_cuttingbeck;x
455;147;167;140;b_harstill;x
456;164;170;185;b_littenport;x
457;170;173;180;b_chalkchild;x
458;156;172;179;b_bosk_edge;x
459;130;167;127;b_fernside;x
460;160;181;191;b_elmdale;x
461;134;166;127;b_fordswatch;x
462;148;162;142;b_whitfordton;x
463;110;124;107;b_upper_wickwhite;x
464;134;162;127;b_waterley;x
465;144;162;146;b_whitrock;x
466;160;161;155;b_wickwhite;x
467;117;130;119;b_ferry_cross;x
468;122;140;119;b_worthwade;x
469;113;143;128;b_rithercost;x
470;132;155;143;b_whitford_keep;x
471;139;162;138;b_woodward_hall;x
472;159;174;137;b_new_chaff;x
473;154;163;152;b_old_chaff;x
474;164;184;167;b_whatmell;x
475;142;159;133;b_forestdale;x
476;164;172;140;b_hickory_grove;x
477;165;184;147;b_brookline;x
478;158;173;136;b_weasel_river;x
479;127;148;137;b_motteburn;x
480;137;155;125;b_otterden;x
481;164;172;135;b_twilight_fort;x
482;154;175;154;b_wolfs_cloak;x
483;165;184;152;b_featherplate;x
484;168;181;144;b_hornhelm;x
485;160;168;131;b_truce;x
486;132;172;130;b_defenders_wood;x
487;160;168;137;b_last_stand;x
488;153;179;152;b_allisdare;x
489;164;174;137;b_ridgeback;x
490;247;239;236;b_oldcastle;x
491;224;239;229;b_bitesmouth_town;x
492;239;232;222;b_the_tooth;x
493;223;234;229;b_dodge_well;x
494;241;235;225;b_silent_keep;x
495;244;235;232;b_staunchfield;x
496;216;222;221;b_rendell_town;x
497;248;242;236;b_keyhouse;x
498;254;237;223;b_bit_grove;x
499;207;231;213;b_keyturne;x
500;254;237;226;b_brockade;x
501;241;233;223;b_thorncroft;x
502;244;236;227;b_ryeflower;x
503;247;236;236;b_old_greywolf;x
504;246;241;234;b_bare_warren;x
505;246;240;229;b_greysward_mill;x
506;254;232;214;b_lost_keep;x
507;223;237;229;b_greysward_tower;x
508;223;226;234;b_board_lake;x
509;254;235;211;b_lowgrain;x
510;201;228;227;b_the_tusk;x
511;247;243;229;b_ironwell;x
512;223;232;234;b_hathermill;x
513;242;233;227;b_nash_hill;x
514;223;229;234;b_bald_creek;x
515;238;225;227;b_sharpmead;x
516;254;237;224;b_trackford;x
517;247;249;229;b_windview;x
518;254;233;224;b_bites_wood;x
519;246;240;235;b_woodenbar;x
520;238;225;224;b_latchwood;x
521;230;225;223;b_padlock;x
522;255;235;224;b_moortise;x
523;254;227;193;b_pullock;x
524;230;233;218;b_shackle_forest;x
525;255;245;224;b_tumbler_ward;x
526;224;231;234;b_chest_bolt;x
527;250;227;220;b_beamcross_wood;x
528;202;237;223;b_keyguard;x
529;240;225;224;b_padcove;x
530;216;226;221;b_stemdoor;x
531;229;226;190;b_fetterlock;x
532;250;226;220;b_copplate;x
533;253;231;224;b_chamberland;x
534;184;197;188;b_ramsgate;x
535;188;204;212;b_haysprain;x
536;192;208;214;b_fleecemarket;x
537;180;200;200;b_the_woolsacks;x
538;184;200;192;b_ramsbank;x
539;186;202;200;b_deadroll_creek;x
540;169;196;198;b_packstock;x
541;160;187;187;b_liverground;x
542;167;191;187;b_mouflon_brook;x
543;169;198;198;b_sheeps_wing;x
544;159;188;187;b_haverstock_keep;x
545;185;198;199;b_haverstock;x
546;186;202;201;b_lynnstream;x
547;188;203;207;b_blue_stem;x
548;185;198;198;b_paleview;x
549;185;199;198;b_hawleyfield;x
550;189;203;203;b_halfwrench;x
551;168;191;200;b_jarmans_brook;x
552;191;207;214;b_haverhill;x
553;178;194;190;b_reamwright;x
554;159;186;186;b_forest_ream;x
555;159;186;184;b_windraven;x
556;177;195;198;b_detwell;x
557;173;201;200;b_amber_stand;x
558;187;198;199;b_breck_ridge;x
559;188;202;192;b_blind_hill;x
560;168;193;187;b_reamys_mill;x
561;168;185;187;b_oldseason;x
562;165;187;183;b_shepherds_hearth;x
563;182;193;188;b_herds_hill;x
564;175;189;189;b_lamb_fort;x
565;173;200;189;b_theave_top;x
566;159;179;178;b_heftbrooks;x
567;172;186;179;b_giltwood;x
568;187;201;192;b_rouseabout;x
569;173;191;187;b_west_sheephill;x
570;171;192;185;b_branch_head_hold;x
571;169;196;187;b_branch_head_town;x
572;186;198;192;b_crooks_wood;x
573;165;186;183;b_gimmer;x
574;159;177;179;b_kedbane;x
575;168;187;186;b_balecade;x
576;171;198;189;b_flockdown;x
577;159;179;177;b_muster_mound;x
578;154;168;169;b_cull_ditch;x
579;228;207;173;b_hornwood;x
580;230;200;157;b_steelhorn;x
581;212;194;145;b_hunters_lodge;x
582;229;196;140;b_hightree;x
583;231;204;159;b_manvers;x
584;227;196;150;b_bullstone;x
585;229;201;149;b_wierden;x
586;233;213;163;b_knifehorn;x
587;233;201;144;b_broadmoose;x
588;223;199;145;b_solebuck_woods;x
589;221;202;141;b_cinderfall;x
590;228;203;180;b_greyhurst;x
591;230;204;158;b_wytchwood;x
592;224;205;160;b_black_branch;x
593;215;199;156;b_slumbering_weald;x
594;211;194;146;b_dusky_grove;x
595;235;214;201;b_wraithview;x
596;229;201;160;b_ebony_glen;x
597;232;216;198;b_old_autumn;x
598;232;200;141;b_calfs_fort;x
599;229;193;139;b_calfton;x
600;220;192;138;b_trappers_dell;x
601;231;214;192;b_hoofway;x
602;230;198;151;b_dewlap_downs;x
603;229;211;195;b_ruttridge;x
604;228;205;158;b_greybuck;x
605;218;191;148;b_lumbercorn;x
606;225;211;188;b_alder_branch;x
607;232;206;159;b_flatpoint;x
608;224;193;150;b_velvet_hall;x
609;233;207;161;b_blood_drop;x
610;227;190;139;b_elkstand;x
611;228;198;153;b_crumb_town;x
612;230;195;141;b_grovesett;x
613;231;202;158;b_tapwood;x
614;232;195;140;b_breadmill;x
615;228;212;174;b_frostbite_falls;x
616;234;205;164;b_alysanes_meadow;x
617;212;189;151;b_widows_watch;x
618;186;165;125;b_flint_cove;x
619;210;186;124;b_crestview_town;x
620;203;180;142;b_isfield;x
621;203;181;142;b_jaw_hill;x
622;205;173;118;b_flints_island;x
623;221;195;160;b_ragged_hill;x
624;212;189;158;b_estraton;x
625;231;215;145;b_flints_bine;x
626;201;178;140;b_widowstitch;x
627;211;191;150;b_spirestalks;x
628;215;197;164;b_broken_hold;x
629;217;207;168;b_brookgren;x
630;224;204;157;b_holmfield;x
631;219;205;179;b_bare_hill;x
632;217;205;172;b_patched_tower;x
633;220;197;143;b_rock_mill;x
634;224;211;180;b_wintersett;x
635;228;209;157;b_wavestone;x
636;224;204;156;b_branchside;x
637;225;204;164;b_woodsorrel;x
638;228;214;167;b_holly_hedge;x
639;220;200;143;b_slake;x
640;231;201;139;b_suckleberry;x
641;234;216;126;b_notchleaf;x
642;224;195;153;b_axe_lick;x
643;222;190;154;b_spruce_meadow;x
644;223;194;153;b_widows_peak;x
645;228;201;160;b_coldwell;x
646;221;206;164;b_tawney_port;x
647;213;196;151;b_light_oat;x
648;234;205;159;b_bays_tower;x
649;221;190;150;b_woodpick_hall;x
650;224;200;159;b_tawney_wood;x
651;231;212;145;b_wolfbine;x
652;222;192;150;b_crooked_tap;x
653;228;212;164;b_griphook;x
654;201;180;140;b_broadmend;x
655;218;190;141;b_whalecliffs;x
656;228;201;163;b_baywood;x
657;215;196;154;b_mermaids_grip;x
658;210;183;124;b_worn_post;x
659;224;207;157;b_oakenfield;x
660;219;205;180;b_coldspring;x
661;227;200;154;b_pinewalk;x
662;225;211;173;b_skim;x
663;223;194;151;b_deerflower;x
664;230;175;196;b_grailheart;x
665;193;140;157;b_grailhearts_town;x
666;218;173;190;b_grailmeadow;x
667;222;185;195;b_chestnut_keep;x
668;208;152;169;b_skillride;x
669;213;160;177;b_rycroft;x
670;212;158;177;b_highbrook_tower;x
671;214;156;181;b_geldwood;x
672;220;195;205;b_rillhill_shore;x
673;216;184;199;b_old_post;x
674;229;154;186;b_twins_pond;x
675;244;179;207;b_rillhill_wood;x
676;198;153;167;b_tackfeld_keep;x
677;184;160;168;b_brackston;x
678;223;179;194;b_sockfield;x
679;235;183;200;b_heel_row;x
680;193;137;154;b_flat_rill;x
681;201;155;164;b_shrouded_grove;x
682;216;198;199;b_firemane;x
683;209;177;187;b_brashwell;x
684;223;200;212;b_balewood;x
685;216;190;199;b_farlens_spurs;x
686;211;152;166;b_grindstone;x
687;201;145;157;b_blackleton;x
688;190;134;147;b_darkshoe_hills;x
689;203;154;166;b_smiths_ferry;x
690;196;145;154;b_horses_post;x
691;208;150;173;b_darksward;x
692;227;191;206;b_frontpoint;x
693;224;186;199;b_brogans_keep;x
694;204;174;180;b_iron_hoof;x
695;195;142;152;b_caulkin;x
696;209;179;187;b_rillwater_crossing;x
697;213;185;193;b_melton;x
698;214;187;196;b_rivercrest;x
699;206;172;183;b_broken_brook;x
700;218;189;201;b_eskerill;x
701;212;179;194;b_sam_hill;x
702;223;198;212;b_creeks_rush;x
703;209;192;197;b_barrentree;x
704;208;162;175;b_spearmans_cairn;x
705;195;142;154;b_witheredheath;x
706;210;171;179;b_ryfield;x
707;193;139;154;b_sons_hope;x
708;216;193;199;b_dandy;x
709;201;156;167;b_gladestream;x
710;199;151;162;b_brickrun;x
711;223;162;176;b_spearwatch_island;x
712;242;176;191;b_greenbrook;x
713;223;187;195;b_hoofpick_hill;x
714;235;200;208;b_ronnels_hold;x
715;214;187;195;b_soddenburn_hall;x
716;213;192;194;b_soddenburn;x
717;213;184;193;b_pinestream;x
718;216;188;196;b_soddenburn_mouth;x
719;213;185;194;b_moorsend;x
720;200;165;167;b_ravenswood;x
721;199;149;160;b_young_run;x
722;203;160;171;b_beckbrush;x
723;224;199;215;b_lake_rustwell;x
724;209;177;190;b_rustwell;x
725;221;172;192;b_rushcrest;x
726;213;180;197;b_red_barrow;x
727;193;138;151;b_blackhorse;x
728;203;160;172;b_floodbottle;x
729;196;144;160;b_grey_nest;x
730;211;176;193;b_slitstone_wash;x
731;216;186;200;b_skysmeet;x
732;193;138;154;b_copper_creek;x
733;211;176;186;b_bottom_meadow;x
734;215;152;170;b_rillmead_keep;x
735;192;133;150;b_slitstone_bay;x
736;181;153;161;b_bottom_run_island;x
737;218;188;202;b_atwater_hold;x
738;214;185;199;b_brownblock;x
739;206;163;181;b_pale_field;x
740;222;195;207;b_brewers_woods;x
741;222;195;200;b_ale_port;x
742;214;182;199;b_brewriver;x
743;205;170;191;b_corktown;x
744;216;178;201;b_tap_house;x
745;234;175;211;b_blonde_fields;x
746;204;174;192;b_atwater_hill;x
747;220;177;193;b_baileybridge;x
748;222;181;195;b_brightrill;x
749;196;144;156;b_riders_comb;x
750;214;180;196;b_wettingrock;x
751;224;187;195;b_branforest;x
752;212;158;178;b_upper_rills;x
753;222;185;197;b_manehall;x
754;216;170;186;b_burned_branch;x
755;215;168;186;b_red_branch;x
756;207;177;188;b_beaten_tower;x
757;199;169;180;b_woodwater;x
758;218;193;202;b_smallrill_hall;x
759;215;182;198;b_fullers_wood;x
760;206;166;181;b_small_brooks;x
761;208;168;189;b_the_meadhouse;x
762;214;176;190;b_buried_helm;x
763;231;178;198;b_glenbrook;x
764;226;201;195;b_whitecaster;x
765;237;212;206;b_anglerage;x
766;218;207;185;b_fish_lake;x
767;208;186;181;b_fullock;x
768;213;195;169;b_snagglehook;x
769;213;189;179;b_shelled_shore;x
770;210;186;185;b_reavers_watch;x
771;207;196;169;b_barrycross;x
772;206;193;160;b_fishwife;x
773;214;202;173;b_herons_rest;x
774;225;215;189;b_lunker;x
775;223;206;193;b_hillcrest;x
776;212;188;169;b_bysea_keep;x
777;208;188;161;b_ottercat;x
778;213;192;169;b_great_bar;x
779;211;192;180;b_pebble_creek;x
780;226;210;188;b_goodwell;x
781;214;198;187;b_doubletree;x
782;221;189;163;b_cats_kill;x
783;210;190;174;b_upperfield;x
784;220;178;145;b_marten;x
785;206;181;149;b_deep_lure;x
786;219;195;180;b_white_pine_bay;x
787;216;197;180;b_old_lure;x
788;214;202;190;b_crane_creek;x
789;216;201;192;b_cold_rock;x
790;223;196;178;b_roundtop;x
791;232;204;187;b_cone_hill;x
792;191;168;154;b_fishbait;x
793;211;182;164;b_stonebait;x
794;216;176;152;b_smallbait;x
795;219;199;179;b_ridgewater;x
796;206;177;154;b_darkenbay;x
797;213;201;172;b_ridgehaven;x
798;214;203;188;b_forgestones;x
799;214;208;190;b_brookland;x
800;208;190;180;b_scarford;x
801;220;193;146;b_braylock;x
802;220;198;146;b_skipstone;x
803;224;196;130;b_far_stone_keep;x
804;211;191;143;b_far_stone_point;x
805;220;205;171;b_broken_stone;x
806;219;199;185;b_bywash_keep;x
807;215;196;181;b_able_brook;x
808;191;182;176;b_washbrook;x
809;205;186;163;b_ironhilt;x
810;214;197;186;b_washing_mill;x
811;228;205;190;b_washbrook_hills;x
812;216;199;188;b_brookhelm;x
813;232;205;188;b_washfields;x
814;212;184;165;b_creek_caves;x
815;207;186;176;b_steelwater_castle;x
816;191;179;171;b_swordbird;x
817;213;196;172;b_grysend;x
818;210;200;181;b_stonebricks;x
819;218;197;173;b_standmont;x
820;211;188;175;b_slabtree;x
821;224;194;174;b_knockview;x
822;213;211;175;b_blue_tower;x
823;215;195;175;b_first_fort;x
824;196;172;166;b_kiddle_docks;x
825;204;186;153;b_blueport;x
826;216;200;184;b_rueford;x
827;213;197;180;b_stony_grain;x
828;220;199;175;b_kidds_hill;x
829;196;183;169;b_hilltop;x
830;191;201;209;b_blackpool;x
831;190;199;210;b_the_splinters;x
832;186;194;202;b_torchstone;x
833;189;198;209;b_charnel_shore;x
834;189;198;211;b_marland_grove;x
835;135;139;156;b_slatefields;x
836;197;207;212;b_ashlar;x
837;195;210;216;b_blacktown;x
838;183;190;200;b_greymarsh;x
839;162;164;188;b_greystone;x
840;145;148;171;b_slate_watch;x
841;179;212;219;b_stonebrand;x
842;194;207;214;b_hemlock;x
843;156;185;193;b_oakenyard;x
844;183;193;203;b_wooded_way;x
845;192;202;212;b_trailhead;x
846;196;209;218;b_low_lake;x
847;185;194;203;b_stonebrands_summit;x
848;189;198;206;b_waterhill;x
849;176;191;199;b_bestmotte;x
850;191;200;211;b_weltcastle;x
851;191;202;208;b_welton;x
852;194;207;212;b_woodplate;x
853;191;201;211;b_gable;x
854;198;206;211;b_slab_hill;x
855;173;173;191;b_weltwood;x
856;193;202;211;b_radmoor;x
857;200;210;213;b_cleavehall;x
858;158;166;182;b_first_hollow;x
859;178;196;210;b_whetstone;x
860;159;182;194;b_bittercairns;x
861;174;196;209;b_siltburrow;x
862;164;167;184;b_grainstone_watch;x
863;156;177;190;b_chalkgrave;x
864;171;189;201;b_slaughtertree;x
865;166;184;197;b_burledcade;x
866;162;182;194;b_silt_town;x
867;156;153;172;b_slowburn;x
868;168;169;188;b_slatepool;x
869;190;179;210;b_hilltable;x
870;161;159;181;b_nestling;x
871;169;169;189;b_lords_wood;x
872;175;172;191;b_marl_river;x
873;186;190;210;b_slate_lake_hold;x
874;194;201;219;b_denwarren;x
875;181;185;205;b_grey_rill;x
876;195;201;221;b_bownsglade;x
877;192;198;217;b_gravel_keep;x
878;177;179;201;b_gravencook;x
879;153;158;180;b_pools_wood;x
880;168;167;192;b_dead_shore;x
881;185;189;210;b_spearpool;x
882;193;200;220;b_the_break;x
883;181;190;209;b_wrecked_riverfort;x
884;170;178;198;b_pinemudd;x
885;173;174;195;b_woodswill;x
886;188;170;117;b_torrhens_square;x
887;190;171;120;b_henslaton;x
888;173;181;125;b_three_pines;x
889;203;182;132;b_sennelstream;x
890;189;172;119;b_less_hollow;x
891;183;167;114;b_highbough;x
892;199;185;131;b_proudtree;x
893;185;169;117;b_sentinels_grove;x
894;182;165;113;b_eastitch_barrens;x
895;200;184;131;b_the_needles;x
896;204;182;114;b_silverglade;x
897;200;183;131;b_jorston;x
898;170;153;100;b_oak_barren;x
899;175;160;106;b_ladys_loss;x
900;184;167;114;b_greybush;x
901;193;182;126;b_gladewythe;x
902;183;165;110;b_fairbush;x
903;155;139;86;b_haysfield;x
904;198;190;134;b_scoldwell;x
905;200;179;129;b_big_horn;x
906;181;162;110;b_timberwatch;x
907;167;148;96;b_marracade;x
908;186;167;115;b_oakcrest;x
909;182;172;118;b_crawls;x
910;173;155;101;b_elm_hollow;x
911;132;127;84;b_bywood;x
912;168;149;97;b_fieldhurst;x
913;177;162;132;b_brantford;x
914;158;159;110;b_dull_forest;x
915;183;173;119;b_denwood_castle;x
916;199;188;132;b_spruce_grove;x
917;197;187;131;b_shoehorse;x
918;203;192;136;b_pinewood;x
919;203;191;135;b_oldcone;x
920;197;178;125;b_creeping_pine;x
921;185;175;119;b_branchcross;x
922;201;179;128;b_trunkwell;x
923;196;183;129;b_lakewood;x
924;180;162;109;b_cryton;x
925;193;175;122;b_old_amber_ruins;x
926;196;179;126;b_clusterpine;x
927;202;181;131;b_bellpit_river;x
928;198;179;129;b_poplar_weep;x
929;195;178;126;b_rotten_stone;x
930;187;169;115;b_bennards_well;x
931;184;167;113;b_blueflame;x
932;185;167;114;b_baileywood;x
933;181;163;110;b_birchwatch;x
934;183;171;134;b_songtree;x
935;174;156;102;b_riverbrace;x
936;168;152;117;b_chillwater_tower;x
937;171;152;100;b_thinwash;x
938;173;154;103;b_gonegrounds;x
939;170;150;99;b_woodenfield;x
940;186;195;160;b_deepwood_motte;x
941;159;179;155;b_honest_cove;x
942;181;194;184;b_deepwood_point;x
943;142;166;144;b_scarlet_shore;x
944;155;176;164;b_first_shore;x
945;135;164;148;b_sentinel_crest;x
946;166;195;184;b_shademail;x
947;180;192;188;b_bloodfist;x
948;190;199;192;b_mastden;x
949;169;174;169;b_mailed_pines;x
950;166;174;148;b_deepglade;x
951;142;168;148;b_barkwood_sett;x
952;187;193;189;b_howling_forest;x
953;142;169;148;b_forest_refuge;x
954;161;177;152;b_crofters_clearing;x
955;127;164;154;b_greenwood_grave;x
956;153;167;149;b_firstmans_solace;x
957;195;204;190;b_poplar_bed;x
958;172;186;181;b_fallentable;x
959;165;184;173;b_leafbed;x
960;119;138;133;b_cloakwood;x
961;160;166;169;b_blackbird_hall;x
962;185;199;188;b_leafy_motte;x
963;153;180;162;b_woodencade;x
964;181;202;184;b_brandons_chase;x
965;188;189;188;b_brierscroft;x
966;168;195;180;b_triproot;x
967;182;195;167;b_wolfhall;x
968;184;189;182;b_broad_stand;x
969;160;171;169;b_winters_paw;x
970;155;171;154;b_frostleaf;x
971;162;177;156;b_two_towers;x
972;173;184;174;b_marrs_acorn;x
973;142;183;170;b_harmondswood;x
974;156;177;163;b_gnawing_run;x
975;182;192;190;b_grovefort;x
976;151;190;176;b_weir_trail;x
977;175;187;180;b_critters_keep;x
978;152;172;146;b_hawkeye_perch;x
979;171;174;142;b_eldercade;x
980;162;185;170;b_thickshade;x
981;160;177;174;b_cloudforest_motte;x
982;149;184;163;b_fogbreak;x
983;176;188;163;b_pointwind_woods;x
984;146;170;152;b_woodfell_mists;x
985;163;183;148;b_woodfell_town;x
986;149;166;138;b_cloudharvest;x
987;159;181;155;b_smoke_pond;x
988;158;194;175;b_carvers_cast;x
989;163;177;148;b_rickswood_lot;x
990;154;180;168;b_fieldenwood;x
991;159;177;157;b_knothole;x
992;153;174;164;b_squirrels_ground;x
993;193;199;178;b_sea_dragon_watch;x
994;153;177;164;b_thornbird;x
995;168;184;163;b_aldenstand;x
996;178;185;185;b_ironmans_tail;x
997;183;187;177;b_wargs_clearing;x
998;166;166;162;b_wild_leaf;x
999;149;168;138;b_altons_rock;x
1000;146;178;152;b_galehaven;x
1001;163;181;170;b_stillport;x
1002;158;189;175;b_serene_shore;x
1003;179;202;167;b_restmarket;x
1004;152;170;146;b_steadfarm;x
1005;154;169;145;b_stillfields;x
1006;158;187;175;b_crossed_pines;x
1007;182;189;173;b_cregancroft;x
1008;146;173;152;b_given_house;x
1009;174;184;174;b_stonedrift;x
1010;163;189;170;b_wrongport;x
1011;185;191;178;b_spruce_cove;x
1012;152;173;146;b_bucksway;x
1013;183;196;177;b_blackfrog;x
1014;172;186;168;b_farview;x
1015;168;182;163;b_ashy_bog;x
1016;171;187;166;b_chestnut;x
1017;163;183;170;b_forestbrook;x
1018;144;170;165;b_howell;x
1019;142;175;161;b_stump_cross;x
1020;149;182;163;b_thorntill;x
1021;111;134;139;b_poolbrook;x
1022;119;136;133;b_rats_wood;x
1023;165;169;159;b_firsenfort;x
1024;159;179;157;b_kings_grove;x
1025;177;177;169;b_rootcairn;x
1026;183;200;174;b_howlgrove;x
1027;184;170;197;b_ironrath;x
1028;191;176;199;b_ironwood_stand;x
1029;200;184;213;b_brushcade;x
1030;202;186;209;b_rustwood;x
1031;200;172;182;b_bedload_forest;x
1032;166;156;184;b_gerhards_ironlot;x
1033;162;150;176;b_rathwood_tower;x
1034;179;167;194;b_ironroot;x
1035;187;173;199;b_blackgrove;x
1036;209;196;222;b_thunder_brook;x
1037;201;182;204;b_highpoint;x
1038;185;169;189;b_wealdroot;x
1039;187;171;191;b_whitepeak;x
1040;187;172;196;b_white_town;x
1041;209;193;213;b_steelstumps;x
1042;180;169;196;b_stellingsdown;x
1043;196;178;200;b_evergreen;x
1044;206;189;210;b_deepcroft;x
1045;187;174;195;b_lakehold;x
1046;204;187;207;b_corewood;x
1047;200;185;210;b_dark_sett;x
1048;191;174;194;b_sentinel_stack;x
1049;194;178;198;b_darsetton;x
1050;180;166;192;b_wolvenhill;x
1051;185;172;199;b_furbranch;x
1052;185;167;190;b_black_pine_field;x
1053;192;178;207;b_joronsglade;x
1054;196;177;197;b_blackpine_grove;x
1055;166;155;181;b_greyleaf_tower;x
1056;182;166;187;b_moorwood_hold;x
1057;187;170;191;b_moorwood_docks;x
1058;187;169;191;b_wolfs_cradle;x
1059;196;180;200;b_torntree;x
1060;191;177;205;b_middlerise;x
1061;199;182;203;b_hills_trade;x
1062;194;177;198;b_pinnenridge;x
1063;189;172;193;b_blackridge;x
1064;188;174;200;b_allpine_hold;x
1065;199;182;208;b_allpine_stream;x
1066;194;181;209;b_five_leaves;x
1067;184;172;197;b_worstburn;x
1068;198;184;212;b_keepscribe;x
1069;189;179;206;b_mottcon;x
1070;199;180;200;b_fires_start;x
1071;166;154;183;b_hallertown;x
1072;203;195;190;b_castle_cerwyn;x
1073;203;199;193;b_haftbrook;x
1074;185;186;179;b_axes_rise;x
1075;207;202;198;b_keen_branch;x
1076;182;192;185;b_cerwyns_trench;x
1077;208;206;199;b_withered_wood;x
1078;193;193;191;b_wolfs_spite;x
1079;202;195;193;b_smokeheave;x
1080;183;193;183;b_trenchwood_forest;x
1081;201;195;188;b_lords_sight;x
1082;205;201;192;b_eagle_tower;x
1083;197;192;186;b_red_wings;x
1084;201;195;194;b_tinebrush;x
1085;203;198;191;b_condonfield;x
1086;197;188;191;b_barbwood;x
1087;187;187;177;b_wood_talon;x
1088;199;194;189;b_hopespring;x
1089;204;199;195;b_pointed_hall;x
1090;188;184;185;b_birchstand;x
1091;200;194;187;b_eagles_run;x
1092;202;195;190;b_wynmend;x
1093;193;194;186;b_wynmend_field;x
1094;200;195;190;b_woodenmage;x
1095;205;203;199;b_candlerton;x
1096;205;202;196;b_black_log;x
1097;192;194;191;b_fort_handle;x
1098;194;186;180;b_fallen_trunk;x
1099;202;196;194;b_windy_stand;x
1100;192;194;186;b_alden_perch;x
1101;202;196;196;b_lastmend;x
1102;198;194;184;b_bullwark;x
1103;200;196;188;b_thorpe;x
1104;193;195;190;b_brabblerock;x
1105;203;199;192;b_buckhorn;x
1106;199;202;196;b_brownleaf;x
1107;206;199;192;b_pond_ridge;x
1108;208;203;200;b_elm_vine;x
1109;193;194;188;b_clay_hold;x
1110;202;199;192;b_glenwood;x
1111;199;194;190;b_deerweald;x
1112;211;203;187;b_sharpwater;x
1113;204;195;185;b_splitbranch;x
1114;194;195;189;b_needlewood;x
1115;198;192;189;b_cutpools;x
1116;193;197;190;b_spineside;x
1117;204;199;193;b_winterkings_stand;x
1118;190;192;187;b_sharpwater_woods;x
1119;206;199;196;b_thorngrowth;x
1120;199;195;192;b_sharp_mills;x
1121;235;238;220;b_barrow_hall;x
1122;192;186;144;b_barrowton;x
1123;206;196;145;b_gods_hill;x
1124;181;172;129;b_harwoods_hold;x
1125;207;196;146;b_the_rustkeep;x
1126;195;189;145;b_chamber_tower;x
1127;219;226;139;b_dustmund;x
1128;203;194;146;b_crosshaft;x
1129;200;193;145;b_first_crown;x
1130;197;192;158;b_graveclyffe;x
1131;189;179;157;b_rivercairns;x
1132;178;168;149;b_brockwood;x
1133;221;219;156;b_goldgrass;x
1134;181;174;129;b_strong_grains;x
1135;184;195;156;b_black_kiln;x
1136;208;198;149;b_proudford;x
1137;167;178;135;b_pale_malt;x
1138;192;183;133;b_oatmeal_hill;x
1139;198;202;153;b_brewbarrow;x
1140;193;192;144;b_mashmound;x
1141;217;215;163;b_maltgate;x
1142;188;202;153;b_brownmalt_barrow;x
1143;192;206;161;b_roastfield;x
1144;219;223;161;b_brownglass;x
1145;195;190;144;b_wheat_root;x
1146;185;201;151;b_meadfort;x
1147;205;212;152;b_grainbarrow;x
1148;214;215;158;b_black_eagle;x
1149;213;215;155;b_roastwater;x
1150;201;205;152;b_brownmelt;x
1151;202;210;151;b_honeywood;x
1152;200;189;142;b_whitbread;x
1153;183;183;144;b_coughing_keep;x
1154;202;195;166;b_brown_graves;x
1155;182;183;143;b_old_tomb_hill;x
1156;236;246;186;b_roundbluff;x
1157;180;183;141;b_brownlow;x
1158;212;215;156;b_bentbarrow;x
1159;213;206;153;b_dugglestone;x
1160;210;213;153;b_birthmark;x
1161;202;195;145;b_elders_hill;x
1162;197;213;153;b_lords_rest;x
1163;179;159;143;b_spearmouth;x
1164;197;186;141;b_ditch_town;x
1165;208;210;154;b_dockgrave;x
1166;223;227;169;b_bermcade;x
1167;193;181;151;b_lummund;x
1168;184;175;145;b_pointmound;x
1169;175;163;146;b_milkcroft;x
1170;179;191;148;b_barstone;x
1171;179;165;146;b_bellgrove;x
1172;184;173;149;b_bent_ring;x
1173;208;200;160;b_mundpress;x
1174;181;183;141;b_grange_hall;x
1175;198;219;143;b_brave_well;x
1176;202;194;145;b_drybarrel;x
1177;192;207;161;b_broadmane;x
1178;173;177;137;b_wedding_hill;x
1179;167;173;135;b_spitbeck;x
1180;170;174;137;b_cleatmill;x
1181;213;214;151;b_rare_dell;x
1182;191;183;141;b_lea_meadow;x
1183;209;202;152;b_barstock;x
1184;202;196;145;b_bristleton;x
1185;212;205;151;b_pile_hill;x
1186;207;199;152;b_tump_marsh;x
1187;195;210;154;b_draught_hill;x
1188;200;195;157;b_lostcairn;x
1189;214;206;152;b_hags_barrow;x
1190;215;205;154;b_welvery;x
1191;205;214;165;b_longdown;x
1192;210;201;151;b_cracked_mound;x
1193;216;220;160;b_draywin_keep;x
1194;227;214;149;b_flowerdown;x
1195;200;210;151;b_flank_ridges;x
1196;197;190;144;b_buried_hill;x
1197;187;201;150;b_draymalt;x
1198;214;218;156;b_bermdown;x
1199;199;209;152;b_river_barrow;x
1200;217;212;163;b_rockwattle;x
1201;199;213;162;b_corkford;x
1202;191;206;152;b_windy_wood;x
1203;195;186;132;b_heapsdown;x
1204;198;189;143;b_rut_town;x
1205;202;201;158;b_mundter;x
1206;204;199;149;b_hillfort;x
1207;207;198;146;b_smooth_hills;x
1208;206;201;152;b_good_pits;x
1209;208;201;151;b_oatridge;x
1210;212;211;166;b_stonepile;x
1211;182;194;147;b_mucksbumps;x
1212;213;207;151;b_barbrook;x
1213;179;166;147;b_drumlynn_castle;x
1214;201;201;179;b_drumlynn_town;x
1215;181;169;148;b_greybarrow;x
1216;185;189;127;b_upgrains;x
1217;184;174;148;b_ridge_of_reavers;x
1218;188;177;150;b_port_wane;x
1219;182;171;149;b_meadow_hill;x
1220;212;213;162;b_gravery;x
1221;193;186;142;b_creamwood;x
1222;190;183;137;b_strongstream;x
1223;179;162;150;b_holdwater;x
1224;131;159;122;b_walrus_rock;x
1225;142;158;127;b_woodenbrim;x
1226;169;162;145;b_stone_point;x
1227;168;171;143;b_oakcade;x
1228;170;162;142;b_boulder_downs;x
1229;175;166;151;b_bail_peak;x
1230;152;154;153;b_wulls_drop;x
1231;159;170;144;b_the_bucket;x
1232;171;163;138;b_bushcrest;x
1233;156;145;134;b_blue_mount;x
1234;166;180;143;b_breakstone_hill;x
1235;170;157;147;b_the_fist;x
1236;176;161;144;b_breakstone_cave;x
1237;184;171;160;b_firstmont;x
1238;170;161;151;b_breakstone_pass;x
1239;181;177;151;b_flintway;x
1240;187;184;156;b_ridgeside;x
1241;178;174;160;b_flinney;x
1242;171;159;140;b_the_stone_hand;x
1243;161;152;149;b_the_flint_flats;x
1244;171;167;146;b_buried_moon;x
1245;166;175;143;b_arrendell;x
1246;162;160;138;b_whitebend_basin;x
1247;183;167;151;b_brim_shore;x
1248;172;161;156;b_traders_crest;x
1249;176;164;144;b_fadewane;x
1250;160;169;136;b_bluegorge;x
1251;152;124;134;b_the_full_moon;x
1252;162;151;148;b_cold_cove;x
1253;171;166;148;b_the_notch;x
1254;155;175;128;b_knottheart;x
1255;171;166;136;b_knott_pass;x
1256;170;159;138;b_braided_trench;x
1257;171;166;139;b_crestbent;x
1258;161;156;150;b_true_gorge;x
1259;169;162;146;b_braidstone;x
1260;138;163;145;b_windrise;x
1261;161;156;146;b_arwood_tower;x
1262;175;163;147;b_tangled_glen;x
1263;162;151;152;b_carvestone;x
1264;161;166;137;b_blue_pile;x
1265;177;168;148;b_traders_mill;x
1266;147;148;132;b_the_foothold;x
1267;179;166;146;b_the_ribs;x
1268;176;164;146;b_wrinkle;x
1269;170;162;140;b_broken_hill;x
1270;172;161;159;b_whitewound;x
1271;147;160;140;b_carvers_keep;x
1272;141;159;131;b_firmont;x
1273;149;136;124;b_trees_edge;x
1274;175;174;158;b_highwood_pass;x
1275;144;138;137;b_highwood_hall;x
1276;170;162;152;b_bronzemill;x
1277;149;136;127;b_pinecone;x
1278;160;169;137;b_woodenline;x
1279;143;137;136;b_dermont;x
1280;174;165;140;b_deep_hill;x
1281;174;163;140;b_brookmont;x
1282;170;165;138;b_the_thistle;x
1283;155;150;136;b_crows_edge;x
1284;147;157;135;b_stout_hill;x
1285;160;150;148;b_brothersback;x
1286;161;164;134;b_norrkin_keep;x
1287;183;172;161;b_thistle_fork;x
1288;182;167;157;b_norrey_pass;x
1289;140;159;145;b_highspine;x
1290;170;162;135;b_jagged_brook;x
1291;156;171;128;b_prickle;x
1292;171;163;143;b_trenchstone_watch;x
1293;175;162;152;b_duggery;x
1294;179;162;151;b_barb_rock;x
1295;165;184;143;b_high_heath;x
1296;156;148;134;b_swine_point;x
1297;172;164;156;b_trenchwood;x
1298;143;154;128;b_trenchfoot;x
1299;152;150;151;b_snaggle_pass;x
1300;175;161;137;b_the_trench;x
1301;142;156;131;b_downpoint;x
1302;176;164;158;b_grey_heath;x
1303;155;150;138;b_nibstone;x
1304;155;159;141;b_last_thorpe;x
1305;179;174;155;b_hilltrade_forge;x
1306;155;159;146;b_scar_river;x
1307;179;174;159;b_midpass;x
1308;175;170;146;b_gravepath;x
1309;182;175;156;b_stokerain;x
1310;224;213;203;b_greywater_watch;x
1311;219;211;198;b_poisonkiss_crann;x
1312;210;199;186;b_the_sludge;x
1313;211;197;181;b_reedhall;x
1314;227;227;219;b_deepbask;x
1315;210;200;184;b_the_tail;x
1316;228;232;225;b_ditchcourse;x
1317;205;189;174;b_scalemurk;x
1318;202;175;151;b_singers_hideaway;x
1319;208;194;182;b_the_reedway;x
1320;192;187;183;b_lizards_bask;x
1321;213;207;181;b_the_cray;x
1322;210;201;187;b_craypool;x
1323;205;187;166;b_leamlands;x
1324;202;192;163;b_curlew;x
1325;202;192;169;b_ironmarsh;x
1326;224;215;200;b_floatingside;x
1327;204;191;187;b_hiddenhill;x
1328;220;206;167;b_snakeroot;x
1329;205;194;163;b_sloughswallow;x
1330;218;209;183;b_creepen;x
1331;186;183;166;b_the_mire;x
1332;184;186;170;b_dragonfly_crannog;x
1333;211;197;180;b_damselrest;x
1334;206;196;163;b_bluetail;x
1335;199;189;153;b_stenchwater;x
1336;174;177;153;b_grimm_moor;x
1337;203;207;178;b_lily_churn;x
1338;192;198;154;b_collyfirth;x
1339;182;187;145;b_fogview;x
1340;207;199;181;b_the_moates;x
1341;201;191;163;b_deepdrink;x
1342;212;199;184;b_wringwood;x
1343;213;203;185;b_cattails_cradle;x
1344;199;183;158;b_gunnister;x
1345;191;186;152;b_swalemose;x
1346;209;194;170;b_mist_farm;x
1347;221;196;156;b_swallow_rush;x
1348;202;176;134;b_sedgeflower;x
1349;203;188;172;b_cottongum;x
1350;212;199;188;b_swampwood;x
1351;207;191;162;b_croggen;x
1352;211;197;186;b_soalwaters;x
1353;206;193;163;b_undertow;x
1354;201;188;163;b_southrons_grave;x
1355;207;196;159;b_green_bog;x
1356;218;200;186;b_dankmire;x
1357;228;205;187;b_cypresschock;x
1358;204;196;162;b_dewlock;x
1359;211;205;190;b_the_fogged_causeway;x
1360;209;202;182;b_duckboards;x
1361;209;198;191;b_greensmear;x
1362;209;197;182;b_buttonbush;x
1363;182;189;172;b_float_hold;x
1364;216;196;171;b_neck_lace;x
1365;226;206;180;b_ditchgrove;x
1366;208;195;175;b_slewell;x
1367;208;195;174;b_upperness;x
1368;209;196;179;b_slewness;x
1369;203;191;175;b_drowning;x
1370;201;187;175;b_shinedrift;x
1371;208;198;180;b_dead_float;x
1372;208;197;180;b_wetweir;x
1373;201;193;175;b_lilyblanket;x
1374;211;203;185;b_miry;x
1375;213;201;189;b_churwell_crannog;x
1376;213;200;189;b_sinksoil;x
1377;211;193;178;b_churford;x
1378;207;196;187;b_necks_heart;x
1379;208;201;175;b_medgecourse;x
1380;223;199;178;b_larkspur;x
1381;200;185;172;b_under_stick;x
1382;202;177;155;b_tussock;x
1383;197;189;182;b_marshgate;x
1384;174;161;150;b_downshrub;x
1385;208;200;184;b_greenspring;x
1386;200;193;173;b_toirns_bog;x
1387;223;211;192;b_soakcrann;x
1388;211;201;183;b_drenchway;x
1389;209;199;178;b_plankedway;x
1390;198;190;177;b_muddy_walk;x
1391;214;204;182;b_leaky_path;x
1392;206;196;177;b_frogwaters;x
1393;218;208;188;b_lillons_drag;x
1394;215;209;197;b_bloody_vein;x
1395;217;203;197;b_drinkstrand;x
1396;202;191;172;b_back_water;x
1397;210;198;186;b_swampling;x
1398;195;190;169;b_downglen;x
1399;211;198;181;b_blottwater;x
1400;208;204;188;b_cashel;x
1401;204;193;164;b_dewbrine;x
1402;203;191;168;b_floodfence;x
1403;218;208;190;b_muck_arm;x
1404;209;196;181;b_frostfenn;x
1405;208;197;185;b_dripblossom;x
1406;205;194;182;b_drownview;x
1407;210;197;182;b_the_sunken_grove;x
1408;219;210;185;b_talland;x
1409;218;208;183;b_fenblanket;x
1410;212;199;181;b_lockspring;x
1411;224;204;177;b_mudbrook;x
1412;222;211;195;b_wallow_cavern;x
1413;208;195;180;b_crannbrook;x
1414;204;192;180;b_carrs_keep;x
1415;213;201;184;b_carragan;x
1416;210;198;187;b_greenan;x
1417;211;205;191;b_wightmoor;x
1418;212;200;190;b_undergrove;x
1419;204;191;176;b_sundew;x
1420;219;213;205;b_gloomy_moat;x
1421;209;199;180;b_basaltback;x
1422;198;187;177;b_drainside;x
1423;206;196;183;b_spicebush;x
1424;221;219;214;b_swamphen;x
1425;239;230;238;b_missecrest;x
1426;203;188;174;b_blackgum;x
1427;198;187;178;b_osterby;x
1428;223;205;189;b_bottombridge;x
1429;209;203;178;b_peats_wash;x
1430;207;196;177;b_childrens_fury;x
1431;209;198;186;b_peat_blanket;x
1432;204;196;181;b_sinking_marsh;x
1433;192;187;154;b_bulrush;x
1434;200;190;171;b_mudwall;x
1435;180;171;154;b_amarack;x
1436;180;177;154;b_squirrels_log;x
1437;197;191;151;b_churnstone;x
1438;203;191;180;b_shallowseek;x
1439;203;191;176;b_poursmose;x
1440;210;195;176;b_seer_swamp;x
1441;212;200;179;b_bocksten;x
1442;203;191;183;b_croakcrann;x
1443;201;188;172;b_musk_egg;x
1444;208;191;180;b_the_dampwood;x
1445;212;194;178;b_rost;x
1446;212;207;189;b_leachs_fort;x
1447;215;199;189;b_feverview;x
1448;207;196;185;b_marlgloom;x
1449;239;230;234;b_creekblend;x
1450;228;232;227;b_barrow_bog;x
1451;206;194;190;b_swamp_rose;x
1452;201;189;174;b_flood_chock;x
1453;197;182;163;b_limberlost;x
1454;187;173;155;b_catberry;x
1455;194;183;170;b_washmoss;x
1456;208;189;167;b_plaguemoor;x
1457;171;183;174;b_flints_finger;x
1458;163;174;167;b_the_thumb;x
1459;151;171;147;b_forrent;x
1460;166;176;175;b_chertwell;x
1461;159;175;155;b_fingerfield;x
1462;163;170;154;b_flintspall;x
1463;165;185;160;b_freewood;x
1464;149;166;145;b_knucklebrush;x
1465;145;166;145;b_new_stonehand;x
1466;147;179;148;b_byfinger;x
1467;143;163;143;b_knapes;x
1468;166;179;172;b_blazemark;x
1469;183;200;202;b_blaze_harbor;x
1470;158;179;172;b_mistmooring;x
1471;161;183;181;b_faded_keep;x
1472;170;184;175;b_skunkstone;x
1473;172;183;184;b_jointwood;x
1474;140;176;140;b_white_widow;x
1475;129;171;175;b_herery;x
1476;130;169;172;b_green_watch;x
1477;175;196;198;b_northlight;x
1478;157;180;182;b_pot_and_bowl;x
1479;163;175;174;b_greencliffe;x
1480;147;194;199;b_strafton;x
1481;164;183;185;b_strafton_bank;x
1482;172;182;185;b_plainbrand;x
1483;158;179;167;b_coast_rest;x
1484;163;183;183;b_squidbreach;x
1485;155;178;179;b_tidewrath;x
1486;162;186;188;b_sharpbrush;x
1487;150;167;169;b_krakens_cut;x
1488;148;190;194;b_ringrock;x
1489;165;183;181;b_castle_beastyrn;x
1490;167;186;184;b_liars_care;x
1491;163;181;181;b_fiendhold;x
1492;165;183;187;b_beast_iron_stay;x
1493;155;178;183;b_werfworth;x
1494;166;193;207;b_beasts_cistern;x
1495;166;204;207;b_rottenvain;x
1496;157;191;194;b_flamewell;x
1497;174;192;201;b_lightpool;x
1498;146;181;184;b_anchor_point;x
1499;176;198;163;b_cliffstower;x
1500;170;190;177;b_ravena;x
1501;164;187;185;b_rocky_cliff;x
1502;167;184;198;b_the_chests_drop;x
1503;172;182;180;b_narrowdown;x
1504;167;182;175;b_bleakrock_cliff;x
1505;164;173;159;b_arrowgrass_road;x
1506;156;174;147;b_steepstone;x
1507;164;184;152;b_waneridge;x
1508;178;193;170;b_flintfall;x
1509;161;190;169;b_cannmill_hold;x
1510;169;192;172;b_bluerock_heights;x
1511;166;190;167;b_fathers_drop;x
1512;168;198;175;b_stockplace;x
1513;163;168;153;b_canns_mill;x
1514;162;172;167;b_flattenfrost;x
1515;170;187;178;b_slumbering_chasm;x
1516;172;183;180;b_old_linn;x
1517;163;181;172;b_linn_watch;x
1518;181;202;191;b_gravelcliff;x
1519;166;194;163;b_wrist_keep;x
1520;173;182;184;b_wristerley;x
1521;169;192;177;b_wrist_rock;x
1522;161;188;165;b_longshot;x
1523;140;174;159;b_rollfield;x
1524;136;178;160;b_burrseam;x
1525;158;191;176;b_losthurst;x
1526;148;191;150;b_the_wayknot;x
1527;148;191;183;b_rambling_rill;x
1528;163;173;168;b_arnscarre;x
1529;144;150;137;b_clayton;x
1530;146;173;139;b_eddaras_throw;x
1531;151;168;147;b_flinthead;x
1532;171;181;179;b_maidens_curse;x
1533;169;182;172;b_scabstone;x
1534;155;173;139;b_pit_keep;x
1535;156;170;144;b_greenblotch;x
1536;173;193;154;b_pockmark;x
1537;148;159;138;b_wounded_walk;x
1538;149;163;134;b_blazewater_watch;x
1539;128;159;146;b_waterstone;x
1540;164;175;167;b_loombick;x
1541;161;171;155;b_broadmore;x
1542;161;171;159;b_seeping;x
1543;130;151;144;b_the_wells;x
1544;141;175;160;b_marshbrink;x
1545;151;165;145;b_dalden_keep;x
1546;170;184;177;b_borespring;x
1547;145;165;156;b_rainmask;x
1548;149;185;170;b_stillmead;x
1549;169;178;181;b_spears_tower;x
1550;163;180;175;b_gimmymoor;x
1551;169;178;175;b_crosswood;x
1552;163;177;157;b_framehouse;x
1553;169;182;170;b_crooked_guard;x
1554;147;171;149;b_lonely_nest;x
1555;153;182;156;b_sweet_kiss;x
1556;179;188;180;b_kentwood;x
1557;136;169;132;b_morrenhold;x
1558;140;177;159;b_cobbleton;x
1559;169;178;179;b_tuningwood;x
1560;173;189;182;b_morren_forest;x
1561;160;172;154;b_rockvale;x
1562;145;162;143;b_stillglade;x
1563;162;178;154;b_mournfield;x
1564;147;177;132;b_hushwell;x
1565;170;182;192;b_old_cypress;x
1566;161;189;165;b_rockdale;x
1567;170;180;171;b_ridgerise;x
1568;159;171;153;b_firthfoot;x
1569;169;189;187;b_starters_forest;x
1570;173;185;184;b_new_cypress;x
1571;169;196;193;b_presswood;x
1572;181;196;195;b_cedarberry;x
1573;163;188;185;b_ginbrook;x
1574;177;209;206;b_juneberry;x
1575;186;213;172;b_younghorn;x
1576;169;187;187;b_murkwood;x
1577;170;180;177;b_bywell;x
1578;163;172;162;b_old_flintswood;x
1579;152;163;158;b_lossrising;x
1580;166;177;175;b_forest_gate;x
1581;156;174;170;b_strange_wood;x
1582;165;176;165;b_burrseed;x
1583;173;187;187;b_cypress_well;x
1584;154;181;181;b_silvan_glen;x
1585;145;177;177;b_hist_grove;x
1586;217;191;177;b_kingshouse;x
1587;213;192;187;b_bitter_dryn;x
1588;219;181;164;b_skrirdgluh;x
1589;211;180;157;b_horngluh;x
1590;207;193;199;b_delvestand;x
1591;221;201;181;b_stonecave;x
1592;215;185;166;b_cloven_valley;x
1593;207;193;203;b_kaldusk;x
1594;185;165;155;b_shellspear;x
1595;206;184;164;b_deepdown;x
1596;210;186;164;b_weirrocks;x
1597;211;180;160;b_last_horn;x
1598;206;182;182;b_caves_eye;x
1599;167;158;155;b_fallentopp;x
1600;162;158;137;b_tigvark;x
1601;221;202;182;b_oeritaldr;x
1602;206;182;178;b_hiravr;x
1603;213;190;160;b_driftwood_hall;x
1604;219;193;155;b_hrunvark;x
1605;162;154;137;b_skuspry;x
1606;211;182;160;b_downscar;x
1607;219;196;180;b_peakhome;x
1608;157;158;134;b_warriors_point;x
1609;216;193;178;b_molkridge;x
1610;185;175;171;b_kratan_destuyn;x
1611;176;163;124;b_offering_tree;x
1612;215;183;149;b_felkragg;x
1613;167;158;156;b_dreggangluh;x
1614;210;186;166;b_arerdryn;x
1615;207;193;198;b_the_lowland;x
1616;210;172;165;b_crow_port;x
1617;216;191;177;b_reckshore;x
1618;207;193;200;b_greenchask;x
1619;211;196;179;b_blood_bluff;x
1620;206;182;184;b_kraggyk;x
1621;206;182;187;b_veksdaenk_gluh;x
1622;215;192;180;b_cold_peaks;x
1623;219;202;179;b_shadowcrest;x
1624;214;185;176;b_veksvark;x
1625;171;171;139;b_eoreckstone;x
1626;191;157;144;b_overwater_keep;x
1627;212;201;176;b_burngluh;x
1628;187;179;152;b_daskkaj;x
1629;200;179;157;b_ber_skurt;x
1630;175;147;123;b_skane;x
1631;186;169;159;b_lonely_hall;x
1632;207;181;164;b_trytlisk;x
1633;212;192;180;b_kirs_du;x
1634;179;180;162;b_riis;x
1635;225;185;162;b_riisvark;x
1636;134;158;88;b_mormont_keep;x
1637;94;134;77;b_ursingwood;x
1638;119;147;80;b_waveland;x
1639;104;143;80;b_mormont;x
1640;95;132;80;b_bearclaw;x
1641;134;162;88;b_rodspar;x
1642;111;134;80;b_heavy_maul;x
1643;111;141;89;b_timber_rock;x
1644;121;159;88;b_bearstone;x
1645;119;143;80;b_timber_glen;x
1646;106;144;79;b_woodfoot_watch;x
1647;111;137;80;b_salmon_stream;x
1648;106;136;79;b_woodfoot_rock;x
1649;104;138;80;b_iron_tooth;x
1650;189;193;205;b_moat_cailin;x
1651;159;155;170;b_feverhead;x
1652;178;172;189;b_marshfall;x
1653;172;163;176;b_hammerstrike;x
1654;155;151;169;b_bogmans_approach;x
1655;193;200;211;b_cailins_step;x
1656;165;162;174;b_laughing_run;x
1657;158;163;177;b_lizardfields;x
1658;0;132;223;b_riverrun;x
1659;0;100;180;b_riverview;x
1660;0;119;186;b_greetland;x
1661;0;117;178;b_havercroft;x
1662;62;119;255;b_steelhead;x
1663;20;71;228;b_seventrout;x
1664;0;90;214;b_turnbridge;x
1665;64;142;201;b_bullocky;x
1666;22;161;255;b_muleskins;x
1667;34;157;234;b_turnwood;x
1668;6;138;234;b_checker_rolls;x
1669;0;119;208;b_martlets_stand;x
1670;0;65;138;b_martinhouse;x
1671;0;75;145;b_redfeather;x
1672;0;56;175;b_nestingwood;x
1673;0;105;193;b_burnout;x
1674;56;144;190;b_sherrer;x
1675;36;159;214;b_stompfrost;x
1676;0;155;186;b_double_down;x
1677;20;153;192;b_stars_ban;x
1678;0;96;123;b_tricksleeve;x
1679;0;88;184;b_wisegrin;x
1680;28;98;216;b_heathersage;x
1681;31;148;201;b_mory;x
1682;25;157;193;b_joustford;x
1683;62;111;175;b_illfieldhold;x
1684;0;161;220;b_illfieldtown;x
1685;0;123;255;b_hemhawk;x
1686;60;70;108;b_raventree_hall;x
1687;51;104;122;b_the_scales;x
1688;78;94;121;b_raventree_shore;x
1689;69;79;118;b_weirhill;x
1690;45;80;110;b_horses_halt;x
1691;91;113;149;b_lushton;x
1692;91;112;125;b_mudgrave;x
1693;94;116;142;b_sollbrush;x
1694;86;107;146;b_grindcorn_mill;x
1695;59;101;115;b_muddy_hall;x
1696;87;111;128;b_claypool;x
1697;39;97;100;b_ruttingkeep;x
1698;47;93;128;b_cairns;x
1699;43;68;81;b_rutting_meadow;x
1700;97;112;121;b_whispering_wood;x
1701;41;99;102;b_blackbuckle;x
1702;91;101;140;b_flockshade;x
1703;59;117;121;b_conspire;x
1704;43;76;107;b_oldtreach;x
1705;30;68;95;b_duffey;x
1706;30;65;100;b_maidstone;x
1707;98;130;142;b_maidfalls;x
1708;36;84;100;b_biggle;x
1709;37;89;98;b_oxenhope;x
1710;64;89;122;b_pebble_keep;x
1711;40;89;100;b_pebblewood;x
1712;68;109;124;b_halterfalls;x
1713;39;94;101;b_benedicts_hollow;x
1714;41;82;101;b_shrewmill;x
1715;58;87;117;b_thickbill;x
1716;56;78;114;b_waspwood;x
1717;22;56;73;b_lorgens_wood;x
1718;94;89;132;b_oldforge;x
1719;21;46;80;b_greenhill;x
1720;22;55;73;b_battle_valley;x
1721;44;74;126;b_the_ravishment;x
1722;91;106;116;b_the_teats;x
1723;89;121;130;b_pennytree;x
1724;64;81;128;b_honeytree;x
1725;30;60;114;b_woodhedge;x
1726;48;65;97;b_buckle;x
1727;38;82;117;b_crossbow_ridge;x
1728;50;95;133;b_lords_mill;x
1729;80;67;241;b_seagard_castle;x
1730;74;60;232;b_seagard;x
1731;91;99;247;b_seawatch;x
1732;83;71;243;b_cullingsail;x
1733;91;89;252;b_silverbeak;x
1734;66;58;160;b_hammerford;x
1735;137;137;235;b_woodenseed;x
1736;93;123;208;b_tristonkeep;x
1737;102;134;255;b_oldstones;x
1738;83;121;182;b_beckwade;x
1739;95;117;189;b_gravesham;x
1740;96;95;236;b_whitefish_keep;x
1741;114;123;233;b_whitefish;x
1742;87;121;201;b_millmouth;x
1743;103;103;185;b_wimborn;x
1744;104;129;247;b_hookwell;x
1745;93;114;244;b_moorkeep;x
1746;92;123;227;b_letwell;x
1747;97;149;231;b_moortown;x
1748;94;127;250;b_rushford;x
1749;91;98;255;b_stalecastle;x
1750;88;78;252;b_roosters_bluff;x
1751;85;75;241;b_fulton;x
1752;91;92;255;b_dirtpans;x
1753;92;108;248;b_grungeside;x
1754;94;123;250;b_mistcore_keep;x
1755;85;75;249;b_hiddenhall;x
1756;90;87;248;b_glimmerdell;x
1757;113;108;251;b_norwyns_wood;x
1758;85;76;246;b_eagleside_castle;x
1759;92;110;253;b_eagleside;x
1760;104;73;247;b_rapsworth;x
1761;83;70;245;b_malliston;x
1762;81;68;240;b_silkstone;x
1763;91;99;241;b_eaglewood;x
1764;110;162;255;b_the_twins;x
1765;110;183;255;b_woodmere;x
1766;110;133;244;b_mistlewatch;x
1767;121;224;255;b_tatterton;x
1768;110;232;255;b_ravelkeep;x
1769;110;190;255;b_ragged_wash;x
1770;145;195;255;b_hullfort;x
1771;110;161;243;b_arganbrook;x
1772;112;217;255;b_tinderspring;x
1773;140;249;255;b_chanten;x
1774;118;170;250;b_beckbrill;x
1775;112;205;238;b_hags_mire;x
1776;110;211;243;b_sevenstreams;x
1777;140;190;242;b_buckdam;x
1778;122;194;255;b_leechfield;x
1779;153;190;255;b_leechbank;x
1780;110;169;255;b_mistlewood;x
1781;118;194;250;b_greentrim;x
1782;110;205;255;b_riverbounds;x
1783;115;188;247;b_clusterberry;x
1784;120;189;250;b_oakseed;x
1785;110;196;239;b_erenford_hall;x
1786;135;205;255;b_erenford_town;x
1787;95;201;235;b_silverfish;x
1788;110;204;251;b_heronstand;x
1789;110;220;255;b_micklebring;x
1790;110;208;255;b_blackpitch_castle;x
1791;95;198;242;b_fairstead;x
1792;110;189;255;b_pronghold;x
1793;110;176;255;b_hayhills;x
1794;110;212;255;b_tine_rise;x
1795;110;208;249;b_helney_hill;x
1796;106;125;230;b_helneyton;x
1797;109;208;255;b_rithpool;x
1798;110;186;255;b_innriver;x
1799;171;224;255;b_grourne;x
1800;174;175;255;b_ironwater;x
1801;160;215;255;b_greenhood;x
1802;121;193;255;b_polecroft;x
1803;152;174;239;b_grimburst;x
1804;121;195;255;b_domblewire;x
1805;43;159;208;b_stillfen;x
1806;25;150;210;b_peasedale;x
1807;16;133;192;b_warter;x
1808;11;124;185;b_blottage;x
1809;21;142;205;b_picketts;x
1810;5;113;173;b_toadstone;x
1811;0;84;147;b_wernell;x
1812;0;123;196;b_wilton;x
1813;9;93;157;b_blue_ache;x
1814;0;109;162;b_roads_keep;x
1815;7;107;169;b_castle_grimwind;x
1816;7;93;147;b_vorian_hill;x
1817;8;77;121;b_deeploche;x
1818;6;67;105;b_horp_lake;x
1819;7;124;185;b_wayleroot_circle;x
1820;3;114;174;b_shriek;x
1821;16;136;202;b_spellmont;x
1822;7;130;187;b_covens_grove;x
1823;0;102;150;b_garehouse;x
1824;0;150;208;b_castle_greenlily;x
1825;8;66;97;b_lilyfield;x
1826;0;127;198;b_firbeck;x
1827;22;69;94;b_newer_rock;x
1828;11;107;201;b_riverend;x
1829;6;83;131;b_grimwind_mountain;x
1830;0;150;207;b_stonyhead;x
1831;0;119;183;b_moonsridge;x
1832;0;129;171;b_dampstone;x
1833;0;70;156;b_upper_voprey;x
1834;0;94;160;b_voprey;x
1835;7;76;121;b_moonview;x
1836;10;230;236;b_willow_wood;x
1837;61;233;255;b_branchbend;x
1838;0;222;236;b_crossways;x
1839;0;255;236;b_old_willow;x
1840;107;233;250;b_beverle;x
1841;0;213;191;b_braithwell;x
1842;7;241;172;b_longleaf;x
1843;61;255;201;b_filmbrooks;x
1844;4;255;227;b_scouringrush;x
1845;89;200;255;b_whiskykeep;x
1846;0;188;102;b_greenwithe;x
1847;69;172;151;b_littlebrook;x
1848;48;255;252;b_poolingdown;x
1849;76;201;221;b_morey_keep;x
1850;0;255;183;b_bundlebranch;x
1851;31;201;255;b_benthill;x
1852;64;198;200;b_ironshaft;x
1853;64;181;200;b_mount_morey;x
1854;0;225;195;b_switch_hills;x
1855;0;241;160;b_smallbasket;x
1856;0;180;152;b_oldferns;x
1857;0;189;102;b_sweetwillow;x
1858;0;200;213;b_timnett;x
1859;120;216;255;b_elmbridge_keep;x
1860;107;205;255;b_elmbridge_wood;x
1861;0;243;255;b_white_willow;x
1862;0;205;195;b_weepingford;x
1863;13;197;199;b_elmspeak;x
1864;56;207;215;b_helmesmont_hold;x
1865;19;230;182;b_helmesmont;x
1866;65;162;135;b_longleaf_drop;x
1867;0;238;241;b_crestpool;x
1868;12;219;163;b_galemont;x
1869;82;185;236;b_white_wood_hold;x
1870;0;208;213;b_night_bend;x
1871;10;214;168;b_woodford;x
1872;0;188;208;b_cracked_sallow;x
1873;10;208;246;b_white_mines;x
1874;128;132;146;b_castle_darry;x
1875;122;145;146;b_plowmans_keep;x
1876;128;132;157;b_fangfoss;x
1877;126;147;177;b_widows_ford;x
1878;111;141;170;b_rosemallow_pond;x
1879;137;154;157;b_sevens_love;x
1880;126;146;157;b_riverbend;x
1881;128;152;152;b_wendish_town;x
1882;129;168;146;b_inn_at_the_crossroads;x
1883;119;155;174;b_clanking_tower;x
1884;113;136;164;b_nutten;x
1885;125;154;168;b_ruby_ford;x
1886;123;155;179;b_coxbailey;x
1887;128;143;165;b_saltpans;x
1888;106;131;155;b_cowden;x
1889;101;148;151;b_saltfields;x
1890;111;141;169;b_saltywood;x
1891;114;134;164;b_saltpans_hills;x
1892;113;134;164;b_hawick_keep;x
1893;92;111;196;b_flocks_clover;x
1894;103;138;152;b_pepperbore;x
1895;114;149;165;b_ironbill;x
1896;100;148;151;b_little_leaf;x
1897;104;138;154;b_marrtown;x
1898;125;147;170;b_marstone_castle;x
1899;131;140;170;b_fullground;x
1900;103;141;146;b_mudpatch;x
1901;134;163;180;b_falcon_climb;x
1902;134;155;169;b_stillside;x
1903;130;146;179;b_stillsfield;x
1904;132;135;149;b_quiet_isle;x
1905;114;143;168;b_crossmont;x
1906;94;145;169;b_spiderwood;x
1907;88;133;157;b_bloody_meadow;x
1908;109;150;169;b_moonsett_hills;x
1909;125;155;153;b_samfer;x
1910;5;82;168;b_pools_guard;x
1911;97;135;177;b_maidenpool;x
1912;0;144;247;b_huggate;x
1913;46;152;205;b_poolmoor;x
1914;14;118;172;b_goltress_castle;x
1915;88;152;175;b_karmfort;x
1916;32;171;235;b_grenochre;x
1917;0;79;180;b_oldhonor;x
1918;0;115;213;b_cows_town;x
1919;0;99;180;b_tallpine_keep;x
1920;0;123;178;b_marble_lake;x
1921;0;197;218;b_hogshead;x
1922;0;140;158;b_lollys_town;x
1923;0;99;188;b_oakbarrel;x
1924;28;67;153;b_stavehold;x
1925;14;168;200;b_notton;x
1926;0;168;230;b_brightbridge;x
1927;0;87;195;b_honeymaiden_hall;x
1928;0;108;172;b_honeymaiden_town;x
1929;37;180;235;b_sarris;x
1930;0;152;223;b_werthport_keep;x
1931;0;94;183;b_werthport;x
1932;0;125;200;b_camber;x
1933;0;79;190;b_groundback;x
1934;57;67;120;b_harrenhal;x
1935;57;66;128;b_harrentown;x
1936;68;66;135;b_godsfort;x
1937;62;70;130;b_richfield;x
1938;56;64;119;b_upstream;x
1939;62;67;133;b_worthriver;x
1940;63;62;126;b_hoarespring;x
1941;66;71;132;b_ferrybridge;x
1942;77;101;142;b_rushfield;x
1943;72;91;136;b_streamgrove;x
1944;76;101;138;b_harroway_tower;x
1945;62;77;136;b_lord_harroways_town;x
1946;66;69;129;b_gowdall;x
1947;54;63;124;b_claybend;x
1948;55;60;126;b_cedar_pond;x
1949;64;68;134;b_milkstone;x
1950;70;88;141;b_whitewalls;x
1951;64;85;138;b_nightstay;x
1952;62;78;130;b_butter_hall;x
1953;65;81;136;b_lofthouse;x
1954;51;64;122;b_hogg_hall;x
1955;64;85;135;b_timberhall;x
1956;52;59;113;b_cowstone;x
1957;65;76;140;b_whiteneedles;x
1958;82;83;145;b_spinekeep;x
1959;52;50;114;b_oakworth;x
1960;62;82;130;b_briarwhite;x
1961;72;71;134;b_lakehall;x
1962;78;102;142;b_rippledown;x
1963;55;72;129;b_ashlen;x
1964;74;88;137;b_moorglen;x
1965;65;74;132;b_ripplewood;x
1966;59;66;125;b_crestwood;x
1967;62;80;137;b_horsehead;x
1968;69;88;136;b_horseshoe_turn;x
1969;53;72;127;b_horsefield;x
1970;62;74;136;b_greenrivers;x
1971;59;57;121;b_red_deer;x
1972;189;255;255;b_lakehaven;x
1973;104;246;255;b_lakehaventon;x
1974;30;216;255;b_scarcroft;x
1975;102;246;255;b_blondefield;x
1976;51;224;255;b_bluebend;x
1977;67;231;255;b_fullriver;x
1978;109;248;255;b_robinling;x
1979;46;222;255;b_elmcastle;x
1980;86;245;241;b_crossed_elms;x
1981;139;255;255;b_waterford;x
1982;126;255;255;b_harts_head;x
1983;76;234;255;b_lakewalls;x
1984;128;237;222;b_castlewood;x
1985;65;230;255;b_three_stones;x
1986;97;243;255;b_headroot;x
1987;30;216;250;b_oldenbive;x
1988;165;255;255;b_branchesfield;x
1989;152;224;244;b_tanglewood;x
1990;136;255;255;b_merrydown_dell;x
1991;117;251;255;b_deepland;x
1992;96;222;237;b_false_vale;x
1993;128;255;255;b_oak_branch;x
1994;117;230;237;b_darkmoor;x
1995;98;222;237;b_burning_heath;x
1996;20;212;255;b_crones_mill;x
1997;107;247;255;b_lashcone_river;x
1998;86;238;255;b_stonebrook;x
1999;67;200;255;b_castle_rushdown;x
2000;25;213;255;b_hungry_rill;x
2001;34;217;255;b_rushing_falls;x
2002;64;135;168;b_atranta;x
2003;75;166;177;b_knightwick;x
2004;85;148;191;b_rastrick;x
2005;91;171;241;b_whitebrick;x
2006;78;156;207;b_dragonrun;x
2007;82;186;198;b_woolhope;x
2008;72;163;202;b_ashmouth;x
2009;68;139;182;b_castle_armistead;x
2010;72;142;204;b_greenstable;x
2011;79;137;209;b_mossleyfield;x
2012;64;117;170;b_clearwell;x
2013;50;118;190;b_millcreek;x
2014;54;163;187;b_blackrush_keep;x
2015;39;94;104;b_brushton;x
2016;54;156;205;b_riverhilt;x
2017;96;186;252;b_starsmight;x
2018;72;135;191;b_castle_hagedorn;x
2019;85;183;227;b_eyetown;x
2020;77;170;181;b_altair;x
2021;79;134;209;b_claghorn;x
2022;67;200;210;b_phane;x
2023;51;149;195;b_cadwall;x
2024;55;168;191;b_bringrunn;x
2025;66;174;184;b_tumbling_stone;x
2026;64;180;190;b_overland;x
2027;59;147;159;b_toldwell_castle;x
2028;68;153;188;b_breakback_ridge;x
2029;67;179;247;b_rumors_ruin;x
2030;57;149;215;b_newroll;x
2031;0;70;213;b_stoney_holdfast;x
2032;0;65;135;b_stoney_sept;x
2033;0;64;194;b_marketridge;x
2034;0;70;187;b_falling_lake;x
2035;0;33;178;b_maplekeep;x
2036;0;61;161;b_stump_leg;x
2037;0;70;143;b_mousedown_mill;x
2038;0;102;200;b_stonemound;x
2039;0;62;213;b_fieldstone;x
2040;0;83;190;b_edgemoss;x
2041;0;71;202;b_troutleap;x
2042;1;80;223;b_highwall;x
2043;0;67;138;b_tumblers_tower;x
2044;0;95;189;b_tumblers_falls;x
2045;0;70;235;b_willpen;x
2046;0;49;202;b_lightgrove;x
2047;0;81;160;b_yellowseed;x
2048;0;80;166;b_old_mound;x
2049;0;68;178;b_sheeps_home;x
2050;0;75;199;b_winstead;x
2051;0;79;186;b_crackwhip;x
2052;0;66;229;b_commonbend;x
2053;0;49;171;b_ridgemoss;x
2054;11;76;235;b_bechester_hall;x
2055;6;71;234;b_stonebuck;x
2056;0;85;173;b_durranscamp;x
2057;0;59;208;b_pennybranch;x
2058;121;136;159;b_stone_hedge;x
2059;115;142;156;b_fiddle_head;x
2060;124;141;155;b_burningmane;x
2061;103;139;159;b_ferncourse;x
2062;111;136;154;b_stallions_grove;x
2063;109;137;153;b_wolfs_bend;x
2064;95;126;146;b_lambswold;x
2065;111;132;154;b_ironhedge;x
2066;113;137;149;b_sallydance;x
2067;114;142;156;b_maidenmill;x
2068;101;133;148;b_mudford;x
2069;104;137;148;b_everspring;x
2070;127;149;158;b_the_hearthold;x
2071;123;148;156;b_high_heart;x
2072;122;141;159;b_woodlan_route;x
2073;126;143;155;b_settledown;x
2074;115;150;160;b_threepenny_wood;x
2075;103;132;147;b_deadsteady_hall;x
2076;137;151;159;b_whitenote;x
2077;111;136;151;b_maidens_meet;x
2078;91;118;138;b_burning_mill;x
2079;127;145;159;b_harmward;x
2080;123;142;155;b_castle_lychester;x
2081;107;138;150;b_medway;x
2082;108;137;155;b_bridgetree;x
2083;126;149;165;b_middlestand;x
2084;110;131;152;b_stable_hall;x
2085;115;140;153;b_coppice;x
2086;117;143;158;b_willowsmeet;x
2087;104;133;151;b_smallwillow;x
2088;101;122;144;b_weepside;x
2089;97;132;149;b_lornstring;x
2090;106;129;150;b_dirtwood;x
2091;131;144;157;b_ponderkeep;x
2092;110;133;153;b_streamborn;x
2093;103;128;146;b_rushs_watch;x
2094;111;136;152;b_blackbottom_bend;x
2095;110;136;149;b_recounter;x
2096;110;133;151;b_oldwithe;x
2097;111;137;156;b_osswitch;x
2098;108;130;150;b_greenhorne;x
2099;112;133;147;b_keeler;x
2100;110;136;152;b_bensing;x
2101;106;134;150;b_weaver_fall;x
2102;141;184;215;b_pinkmaiden_castle;x
2103;150;204;232;b_broadfield;x
2104;149;199;228;b_brockhall;x
2105;166;158;232;b_muddleshaw;x
2106;132;176;232;b_brotherpool;x
2107;172;189;232;b_skinrose;x
2108;161;204;232;b_new_flower;x
2109;193;200;228;b_mightsing;x
2110;151;200;232;b_buried_light;x
2111;168;202;232;b_mothers_wing;x
2112;150;200;222;b_barretton;x
2113;174;192;230;b_syds_roots;x
2114;150;200;229;b_throughland;x
2115;126;187;198;b_justbrick;x
2116;160;193;195;b_hells_run;x
2117;73;190;204;b_cockleshell;x
2118;144;199;230;b_hammersdoor;x
2119;144;204;229;b_greensound_tower;x
2120;131;198;193;b_blackhill_keep;x
2121;121;189;173;b_dawngate;x
2122;173;198;230;b_sidepress;x
2123;173;202;231;b_careful_axe;x
2124;122;189;229;b_windwillow;x
2125;165;207;232;b_miranda;x
2126;160;200;232;b_pilemore_hold;x
2127;155;196;229;b_fishbowl;x
2128;198;201;232;b_truthmine;x
2129;171;204;232;b_steel_breeze;x
2130;176;202;229;b_morelight;x
2131;169;195;230;b_roundhouse;x
2132;122;195;229;b_velvetbride;x
2133;180;169;207;b_float_river;x
2134;172;201;232;b_earlygrave;x
2135;200;200;232;b_stolen_choice;x
2136;198;199;232;b_rabbits_run;x
2137;154;195;232;b_puresprings;x
2138;160;198;232;b_coldsteel;x
2139;151;198;231;b_the_echoes;x
2140;176;190;231;b_generals_seat;x
2141;155;198;228;b_meddle_creeks;x
2142;144;200;231;b_rolling_wave;x
2143;82;133;137;b_wayfarers_rest;x
2144;92;125;130;b_liverhook;x
2145;89;133;137;b_gold_bands;x
2146;86;94;137;b_morebrook;x
2147;65;106;137;b_walnut_gap;x
2148;75;122;117;b_forkview_bridge;x
2149;71;122;137;b_homechester;x
2150;55;102;117;b_red_shoal_hold;x
2151;76;129;137;b_millgrove;x
2152;106;125;137;b_cutlands;x
2153;116;133;147;b_aerlith;x
2154;82;124;137;b_mummers_ford;x
2155;81;126;131;b_coldstone_pass;x
2156;52;121;136;b_roberts_greeting;x
2157;83;109;131;b_five_families;x
2158;62;116;77;b_briskwood;x
2159;101;128;135;b_chillbox_hill;x
2160;91;122;137;b_runvane_hall;x
2161;90;96;137;b_justfire;x
2162;79;121;117;b_rue_well;x
2163;37;124;135;b_tilldown;x
2164;105;123;137;b_daybreak;x
2165;68;117;137;b_donnelwood;x
2166;76;133;137;b_stone_mill;x
2167;56;122;109;b_shelvie;x
2168;93;99;127;b_shallowfork;x
2169;93;153;133;b_old_betters_spring;x
2170;85;127;137;b_acorn_hall;x
2171;77;98;134;b_brookfoot;x
2172;86;127;129;b_white_oak;x
2173;56;108;121;b_roastingseed;x
2174;94;127;136;b_oaknut_mounds;x
2175;51;90;67;b_lostmaiden;x
2176;121;125;132;b_banbeck_hall;x
2177;78;124;123;b_givenkeep;x
2178;87;128;123;b_uttermen;x
2179;76;136;117;b_berril_cave;x
2180;88;148;137;b_unicorns_drain;x
2181;78;124;101;b_salmonby;x
2182;74;113;135;b_morningswake_castle;x
2183;95;128;137;b_persimmon;x
2184;74;121;135;b_windrun;x
2185;98;114;132;b_the_mull;x
2186;78;113;123;b_grey_prince;x
2187;90;127;137;b_durdane;x
2188;186;178;225;b_fairgate_tower;x
2189;169;166;231;b_fairmarket;x
2190;186;178;223;b_crossflatts;x
2191;160;164;228;b_three_roll;x
2192;163;186;221;b_harshwell;x
2193;189;199;216;b_adderstone;x
2194;147;144;208;b_ramsford;x
2195;174;174;226;b_bushmill;x
2196;159;125;198;b_serpents_weave;x
2197;175;168;214;b_sludgy_pond;x
2198;194;174;232;b_castle_runny;x
2199;169;161;227;b_runnymudd;x
2200;162;146;203;b_swynford;x
2201;175;186;224;b_battering_wood;x
2202;170;175;231;b_old_ferry;x
2203;168;181;223;b_whiskermoor;x
2204;177;164;219;b_low_wells;x
2205;158;159;220;b_catpools;x
2206;170;160;226;b_eysen;x
2207;191;187;227;b_paddlewood;x
2208;5;99;185;b_lancewood;x
2209;23;112;206;b_deddington;x
2210;19;101;200;b_the_rivulets;x
2211;49;144;207;b_pondmill;x
2212;40;117;215;b_strong_keep;x
2213;24;114;203;b_mighty_point;x
2214;66;136;236;b_wakeside;x
2215;12;100;184;b_oldfork_forest;x
2216;2;85;183;b_branstone;x
2217;15;100;201;b_wheatstone;x
2218;43;136;220;b_fiftyford;x
2219;34;134;215;b_reedness;x
2220;57;110;212;b_specklekeep;x
2221;2;98;181;b_gods_muck;x
2222;9;100;190;b_berrydrink;x
2223;18;129;204;b_skipping_stones;x
2224;110;213;242;b_rkayt;x
2225;67;182;244;b_ihrdilk;x
2226;16;154;181;b_vros_ukhedak;x
2227;60;202;242;b_vanyiik;x
2228;36;198;244;b_rkirih;x
2229;77;148;218;b_ann_edak;x
2230;67;178;235;b_kyir_vroln;x
2231;89;143;181;b_vros_kih;x
2232;43;155;181;b_eihannk;x
2233;39;136;168;b_annrkhaih;x
2234;55;141;178;b_nrol_ihedak;x
2235;10;133;152;b_avkerihdak;x
2236;4;180;194;b_tannrayt;x
2237;40;124;170;b_dhanyiihk;x
2238;51;119;161;b_kihrak_annih;x
2239;98;152;181;b_tanyt_ilyk;x
2240;58;119;169;b_vekirmued;x
2241;41;136;178;b_eih_annag;x
2242;33;141;178;b_dihvek_vroln;x
2243;34;136;168;b_nrikannk;x
2244;1;133;179;b_rroln;x
2245;23;117;187;b_nroilh_dkehmued;x
2246;1;186;216;b_viredak;x
2247;27;155;196;b_sinyt;x
2248;42;88;156;b_annvredak;x
2249;21;115;203;b_caihk_annag;x
2250;6;83;154;b_khayt_edak;x
2251;47;114;166;b_the_eyrie;x
2252;3;139;185;b_sky;x
2253;31;124;170;b_snow;x
2254;36;130;167;b_stone;x
2255;31;147;171;b_the_gates_of_the_moon;x
2256;31;136;168;b_moontown;x
2257;53;145;175;b_shadyside;x
2258;42;141;179;b_stoneybrook;x
2259;5;132;171;b_rocky_view;x
2260;43;147;167;b_moons_approach;x
2261;68;143;181;b_rivers_high_road;x
2262;66;155;183;b_bloody_high_road;x
2263;47;141;178;b_the_bloody_gate;x
2264;86;154;177;b_godsroost;x
2265;53;135;166;b_clans_end;x
2266;82;143;182;b_waneglume;x
2267;81;149;178;b_donnersdown;x
2268;71;134;179;b_olveredge;x
2269;107;138;175;b_shadows_fall;x
2270;87;144;181;b_ragged_keep;x
2271;68;144;171;b_rushgreen;x
2272;27;141;178;b_highstone;x
2273;34;136;175;b_seven_stars;x
2274;29;141;173;b_valleystock;x
2275;16;154;186;b_walridge;x
2276;27;137;168;b_bleakmont;x
2277;150;230;254;b_the_redfort;x
2278;140;224;254;b_pimley;x
2279;164;250;253;b_weirweald;x
2280;164;250;251;b_fellmore;x
2281;151;230;254;b_preading;x
2282;151;227;254;b_trowelwood;x
2283;184;243;255;b_breckland;x
2284;158;224;254;b_brecklands_town;x
2285;139;242;245;b_denwell;x
2286;130;224;252;b_meddick;x
2287;152;245;253;b_forgewood;x
2288;159;249;254;b_keel_cove;x
2289;159;245;252;b_slabstone_keep;x
2290;142;243;248;b_brumepeak;x
2291;176;225;254;b_mallow_tower;x
2292;92;213;180;b_gladetree;x
2293;128;218;246;b_woodenmist;x
2294;199;240;255;b_breaknabb;x
2295;119;221;249;b_wisdom_hall;x
2296;157;232;247;b_hawkesbury;x
2297;135;241;247;b_lightspool;x
2298;111;214;240;b_strand_valley;x
2299;150;217;244;b_reece;x
2300;134;217;245;b_deepstone;x
2301;145;240;254;b_mullbry_keep;x
2302;132;242;250;b_mullbry;x
2303;171;226;254;b_pillock;x
2304;158;229;254;b_slatwall;x
2305;102;189;219;b_follensby;x
2306;135;240;251;b_wakerock;x
2307;0;133;152;b_castle_wickenden;x
2308;0;167;190;b_wickenden;x
2309;0;206;223;b_candle_town;x
2310;0;197;216;b_gambrell;x
2311;0;188;221;b_hillwick;x
2312;0;169;187;b_marbleplate;x
2313;0;194;215;b_artysfort;x
2314;1;209;225;b_shelston;x
2315;0;197;209;b_woodglume;x
2316;0;104;131;b_bittertuft;x
2317;33;224;229;b_crabs_watch;x
2318;0;199;210;b_marble_pass;x
2319;0;196;208;b_weather_toft;x
2320;0;180;200;b_clans_drop;x
2321;0;182;198;b_keeplight;x
2322;3;215;221;b_downfall;x
2323;58;92;127;b_ninestars;x
2324;79;115;149;b_templeton;x
2325;70;105;142;b_tembridge;x
2326;68;100;140;b_darkplate;x
2327;78;119;153;b_old_andals_grave;x
2328;72;108;144;b_high_stars;x
2329;53;88;122;b_kipress;x
2330;68;107;143;b_yellowstone;x
2331;69;103;140;b_finchwick;x
2332;71;96;132;b_riving;x
2333;75;101;139;b_peltry;x
2334;59;94;129;b_chestlyn;x
2335;58;88;122;b_stoutstone;x
2336;60;86;120;b_borrsbattle;x
2337;64;95;131;b_star_spine;x
2338;50;74;105;b_red_quarry;x
2339;54;84;117;b_snowbell;x
2340;65;97;133;b_newberry;x
2341;60;88;122;b_web_wood;x
2342;56;89;123;b_old_book;x
2343;61;100;137;b_elwynbrook;x
2344;61;218;190;b_ironoaks_castle;x
2345;47;237;173;b_broken_lake;x
2346;16;220;161;b_timberton;x
2347;20;227;181;b_waynford;x
2348;66;240;190;b_wayncroft;x
2349;108;219;193;b_proudwood;x
2350;24;215;182;b_hardyng_hall;x
2351;68;240;176;b_hardvales_town;x
2352;56;227;188;b_reddenwhyte_peak;x
2353;70;225;190;b_hardstone;x
2354;29;237;174;b_kitemont;x
2355;114;244;167;b_borton_hill;x
2356;85;248;183;b_bannerfall;x
2357;66;221;188;b_iron_banner;x
2358;72;230;192;b_black_talon;x
2359;68;229;190;b_blackshield;x
2360;13;205;164;b_cliffside;x
2361;24;228;184;b_hazen;x
2362;82;222;190;b_hazentown;x
2363;19;227;178;b_tower_of_woe;x
2364;112;222;190;b_echo_glade;x
2365;108;202;192;b_wheatcairn;x
2366;52;242;169;b_ryefeld;x
2367;35;232;185;b_longyoke;x
2368;89;242;167;b_spokemoor;x
2369;24;234;184;b_oak_glen;x
2370;21;230;178;b_whitbarrow;x
2371;82;217;189;b_delstream;x
2372;77;236;125;b_old_anchor;x
2373;52;156;104;b_kedge_island;x
2374;65;196;127;b_platesport;x
2375;59;180;115;b_melford;x
2376;62;187;120;b_anchor_river;x
2377;66;201;126;b_turrfield;x
2378;55;164;117;b_rusty_fort;x
2379;57;170;120;b_break_wier;x
2380;50;152;94;b_rustpointe_town;x
2381;56;168;120;b_mount_rust;x
2382;65;199;117;b_rustpass;x
2383;49;146;104;b_scarle_keep;x
2384;58;177;111;b_grosscrest;x
2385;50;149;117;b_striped_lance;x
2386;58;179;99;b_stockpoint;x
2387;66;200;122;b_polestone;x
2388;58;176;111;b_tetchmere;x
2389;61;187;110;b_stocktree;x
2390;65;199;118;b_cotterglume;x
2391;64;193;120;b_strandpool;x
2392;46;204;240;b_longbow_hall;x
2393;47;206;239;b_huntington;x
2394;26;192;226;b_fletching;x
2395;84;228;247;b_arrowcrest;x
2396;75;227;244;b_brownsfield;x
2397;80;219;243;b_huntsport;x
2398;57;205;247;b_starfish_spire;x
2399;76;220;238;b_rutherton;x
2400;36;197;242;b_starstack;x
2401;78;219;234;b_peans_port;x
2402;53;202;251;b_blood_star_shore;x
2403;52;212;237;b_awarded_isle;x
2404;107;236;248;b_craynes_nest;x
2405;31;202;235;b_pipping;x
2406;90;243;249;b_hockridge;x
2407;17;173;210;b_hilldance;x
2408;75;218;250;b_pipstone;x
2409;36;197;244;b_island_estrock;x
2410;53;210;245;b_lymestone;x
2411;58;217;240;b_port_lyme;x
2412;80;219;244;b_black_leg;x
2413;31;199;241;b_lyme_peak;x
2414;71;215;251;b_highfield;x
2415;74;211;241;b_brackenbrick_hall;x
2416;45;198;236;b_brackenbrick;x
2417;72;209;244;b_sleece;x
2418;53;207;241;b_sapflower;x
2419;75;218;253;b_sapfield;x
2420;58;209;231;b_crappclaw_isle;x
2421;41;206;241;b_bowlyn_hall;x
2422;63;218;243;b_bowlyn;x
2423;27;192;228;b_oakenstead;x
2424;76;218;251;b_cardwell;x
2425;85;229;250;b_springwood;x
2426;48;213;238;b_silver_cove;x
2427;69;212;239;b_stillwater;x
2428;76;218;233;b_portnock;x
2429;71;217;237;b_deer_court;x
2430;62;215;236;b_sablepelt;x
2431;67;230;244;b_gilwood;x
2432;81;212;236;b_crumbling_isle;x
2433;0;202;180;b_graftons_holdfast;x
2434;0;176;187;b_gulltown;x
2435;0;151;189;b_grafton;x
2436;0;132;180;b_gulls_field;x
2437;0;151;177;b_yellow_rock;x
2438;0;146;194;b_the_burning_tower;x
2439;0;155;195;b_osgoods_square;x
2440;0;97;183;b_shettswood;x
2441;0;151;192;b_goodswell;x
2442;0;146;189;b_port_of_arryn;x
2443;0;160;187;b_arrynmarket;x
2444;0;195;191;b_gull_orchard;x
2445;0;148;192;b_etterbill;x
2446;0;169;194;b_dourdocks;x
2447;0;172;196;b_shade_port;x
2448;0;155;189;b_willow_mill;x
2449;0;174;196;b_etterwater;x
2450;24;162;201;b_kear;x
2451;21;117;194;b_wilmarth;x
2452;22;209;191;b_harster;x
2453;21;182;204;b_lowkear;x
2454;23;158;203;b_treebeck;x
2455;133;218;232;b_runestone;x
2456;133;220;247;b_yohnston;x
2457;133;221;227;b_runeport;x
2458;133;221;228;b_falcon_tower;x
2459;133;227;239;b_memory_shore;x
2460;146;214;225;b_casting;x
2461;141;218;238;b_bronzeguard;x
2462;141;212;225;b_bronzeley;x
2463;133;223;234;b_remembrance_isle;x
2464;172;217;218;b_old_rune;x
2465;133;224;234;b_fieldrune;x
2466;159;209;254;b_gull_tower;x
2467;133;208;247;b_shettdocks;x
2468;133;201;225;b_checkerwing;x
2469;133;198;247;b_faithkey;x
2470;133;212;221;b_the_etchings;x
2471;133;220;233;b_whistle_ridge;x
2472;172;217;219;b_old_etch;x
2473;133;218;233;b_upcliffs_haven;x
2474;164;222;255;b_merling_kings_town;x
2475;144;215;228;b_lost_witch;x
2476;133;218;234;b_coldwater_castle;x
2477;133;212;250;b_mouthburn;x
2478;133;213;230;b_tredwell;x
2479;136;219;252;b_red_gully;x
2480;133;209;237;b_coldburn_hills;x
2481;133;219;241;b_snakeweed;x
2482;133;213;237;b_grey_glen;x
2483;133;214;218;b_lord_tolletts_town;x
2484;148;218;251;b_greypools;x
2485;133;214;255;b_darkpile;x
2486;133;219;255;b_drab_hills;x
2487;133;216;231;b_murkwell;x
2488;133;225;250;b_tammerlan;x
2489;133;227;234;b_markand;x
2490;133;221;251;b_barlace;x
2491;133;217;243;b_rum_shore;x
2492;133;222;238;b_prowbreak;x
2493;133;212;255;b_sutton_islands;x
2494;104;217;246;b_crown;x
2495;75;203;248;b_egensford;x
2496;175;233;255;b_moonriver;x
2497;190;239;251;b_daystream;x
2498;159;240;252;b_lancewatch;x
2499;66;206;246;b_teary_mist;x
2500;149;228;249;b_morency;x
2501;53;202;242;b_creston;x
2502;110;218;251;b_mount_morency;x
2503;175;233;252;b_leaking_river;x
2504;81;211;246;b_rivermore;x
2505;109;214;247;b_crestfall;x
2506;67;178;244;b_oakhollow;x
2507;110;209;238;b_high_plains;x
2508;28;198;244;b_kinshelm;x
2509;128;214;253;b_crest_hook;x
2510;55;204;239;b_purling_hall;x
2511;135;233;248;b_purling;x
2512;170;232;249;b_hayhead;x
2513;126;213;255;b_alsensward;x
2514;55;124;240;b_hearts_home;x
2515;65;146;237;b_creek_castle;x
2516;22;140;225;b_proud_town;x
2517;67;118;241;b_ravenstoft;x
2518;74;129;242;b_wing_pass;x
2519;44;133;239;b_hearts_hill;x
2520;14;122;209;b_bronzespear;x
2521;33;136;234;b_bronzemoore;x
2522;72;149;237;b_cleft;x
2523;68;148;224;b_bronzemont;x
2524;19;139;222;b_darkheight;x
2525;77;138;212;b_sledge_house;x
2526;39;133;202;b_brightstone;x
2527;78;113;216;b_grinport;x
2528;38;121;211;b_mauls_docks;x
2529;58;127;214;b_crackedstone;x
2530;68;119;215;b_hammerhill;x
2531;56;138;238;b_castle_rathmore;x
2532;19;132;233;b_coarse_stones;x
2533;39;147;232;b_spineburrow;x
2534;66;111;205;b_moonvale_pass;x
2535;35;148;225;b_old_shell_tower;x
2536;59;138;238;b_standish;x
2537;89;151;221;b_creekmore;x
2538;61;132;239;b_floodwood;x
2539;16;115;209;b_middlemill;x
2540;55;148;237;b_scritchway;x
2541;51;112;180;b_strongsong;x
2542;47;107;177;b_bellport;x
2543;38;90;161;b_bells_lake;x
2544;48;82;160;b_bronze_rings;x
2545;64;97;186;b_clapper_curve;x
2546;41;65;138;b_clifthaven;x
2547;73;120;200;b_vearnon_keep;x
2548;69;104;186;b_forgotten_hollow;x
2549;50;131;206;b_morning_star;x
2550;49;93;170;b_stars_teeth;x
2551;44;109;183;b_halfvale;x
2552;58;94;169;b_willowcreek;x
2553;64;135;213;b_wedge_keep;x
2554;42;117;183;b_timberwedge;x
2555;67;101;186;b_tightfield;x
2556;53;126;195;b_warridge;x
2557;58;108;185;b_warricks_watch;x
2558;46;83;156;b_clammath_keep;x
2559;63;131;209;b_clammath;x
2560;37;92;165;b_open_stone;x
2561;67;106;186;b_sawtooth;x
2562;44;116;183;b_dropvale;x
2563;74;107;196;b_burm;x
2564;40;65;147;b_topperpoole;x
2565;48;113;184;b_whetmont;x
2566;55;130;202;b_torndew;x
2567;54;106;188;b_falling_brook;x
2568;50;62;145;b_ledgestone;x
2569;69;148;218;b_belmont_hold;x
2570;64;120;188;b_gressitt;x
2571;65;112;180;b_carrmill;x
2572;75;126;199;b_pitchfork;x
2573;44;94;159;b_castle_vane;x
2574;45;94;160;b_bluewater_hold;x
2575;69;110;195;b_glimmerbrook;x
2576;64;141;218;b_brindleton;x
2577;49;109;179;b_placid_water;x
2578;52;118;194;b_pine_lake;x
2579;125;172;144;b_snakewood;x
2580;82;159;139;b_lynderport;x
2581;97;181;142;b_serpentyne;x
2582;114;177;147;b_woodvale;x
2583;112;179;144;b_three_seeds;x
2584;92;160;141;b_flatcrown;x
2585;84;181;142;b_sunken_castle;x
2586;90;172;143;b_greythorns;x
2587;105;174;145;b_coopers_wood;x
2588;69;160;137;b_bramblewood;x
2589;140;177;144;b_resterpine;x
2590;149;189;147;b_sunken_town;x
2591;78;172;140;b_hunger_keep;x
2592;78;157;137;b_hungerford;x
2593;89;160;140;b_potbelly;x
2594;81;162;138;b_maws_mead;x
2595;76;174;140;b_yearnwood;x
2596;113;174;145;b_hoardvale;x
2597;136;182;145;b_castle_at_harrowpool;x
2598;39;154;129;b_greater_harrowpool;x
2599;84;169;143;b_lesser_harrowpool;x
2600;48;158;131;b_harstrath;x
2601;83;160;138;b_harrowed_wood;x
2602;101;171;142;b_pools_hill;x
2603;88;185;146;b_willowspire;x
2604;118;182;147;b_grensallow;x
2605;119;180;147;b_sallocks;x
2606;82;160;139;b_weeps_fall;x
2607;105;179;145;b_oshermusk;x
2608;94;171;143;b_downwillow;x
2609;116;180;147;b_correll;x
2610;85;167;140;b_weepthorn;x
2611;123;181;145;b_latherleaf;x
2612;105;192;144;b_rainflower;x
2613;79;176;143;b_the_crying_tower;x
2614;95;187;151;b_rutley_hall;x
2615;80;153;136;b_misty_wood;x
2616;130;179;145;b_loatbush;x
2617;77;173;141;b_sloping_weald;x
2618;118;178;144;b_naked_wood;x
2619;69;141;239;b_secondstone;x
2620;76;179;245;b_stonewash;x
2621;73;164;237;b_darkmullet;x
2622;70;148;237;b_pinkstrath;x
2623;73;164;250;b_roundhill;x
2624;75;174;244;b_pink_spur;x
2625;75;173;246;b_gillstone;x
2626;74;166;248;b_midlors_fort;x
2627;66;130;231;b_barrentack;x
2628;63;117;220;b_midlor_rock;x
2629;72;161;234;b_longmoor;x
2630;85;170;237;b_moorhill;x
2631;75;172;241;b_dellrose;x
2632;75;174;234;b_moors_end;x
2633;74;170;241;b_knar;x
2634;71;156;236;b_the_shard;x
2635;72;156;244;b_midlor_hall;x
2636;71;155;236;b_bleakriver;x
2637;73;164;233;b_wormroot;x
2638;66;129;237;b_bystone;x
2639;72;157;239;b_rockseed;x
2640;71;152;240;b_trimpley;x
2641;75;170;250;b_hullbreach;x
2642;70;150;234;b_brownden;x
2643;72;159;244;b_old_mast;x
2644;75;177;229;b_papsview;x
2645;75;172;248;b_bommenstone;x
2646;77;185;248;b_widemouth;x
2647;76;182;234;b_bad_apple;x
2648;69;146;234;b_chimney;x
2649;72;158;246;b_sunken_isles;x
2650;4;54;113;b_newkeep;x
2651;6;68;152;b_silverplume;x
2652;4;75;158;b_roundwing;x
2653;5;74;157;b_hersys_hills;x
2654;5;82;161;b_chalice_town;x
2655;6;74;144;b_woodenbounds;x
2656;3;71;144;b_blackmoon;x
2657;6;86;158;b_sunbite;x
2658;6;64;148;b_bridgepebble;x
2659;4;69;138;b_far_pebble;x
2660;5;74;149;b_castle_eventide;x
2661;6;64;138;b_sinking_docks;x
2662;5;66;138;b_shattered_finger;x
2663;4;58;137;b_drowned_wish;x
2664;6;79;154;b_gales_watch;x
2665;6;77;158;b_portmouth;x
2666;4;74;146;b_anchorlight;x
2667;3;63;139;b_greendove;x
2668;6;66;149;b_doomed_sea;x
2669;5;64;138;b_castle_reckshaw;x
2670;6;65;141;b_twinbrook;x
2671;6;91;162;b_port_reckshaw;x
2672;5;81;159;b_dwindlers_ridge;x
2673;7;87;163;b_stolen_mill;x
2674;48;98;167;b_biteport;x
2675;4;71;148;b_blackholm;x
2676;6;84;160;b_darkcroft;x
2677;5;75;158;b_blackened_forest;x
2678;6;78;150;b_scarredusk;x
2679;3;74;153;b_shores_fort;x
2680;3;71;152;b_sunken_cavern;x
2681;4;84;155;b_archers_line;x
2682;3;66;140;b_starforge;x
2683;15;71;143;b_ash_coves;x
2684;6;73;141;b_strikeguard;x
2685;6;80;157;b_glaivelily;x
2686;6;67;147;b_quitters_well;x
2687;132;207;251;b_sunrise_keep;x
2688;90;201;248;b_greenmoor;x
2689;127;214;255;b_castlerise;x
2690;149;227;255;b_barrowdale;x
2691;144;207;255;b_dawn_hall;x
2692;129;223;251;b_sunset_height;x
2693;144;208;255;b_rockle;x
2694;123;206;250;b_rockledock;x
2695;138;208;254;b_portlick;x
2696;97;206;250;b_stonetime;x
2697;118;217;250;b_rivermarch;x
2698;95;204;248;b_bludden;x
2699;104;209;249;b_stars_mead;x
2700;99;209;253;b_slowmarch;x
2701;139;228;252;b_knockwood;x
2702;82;183;232;b_black_wave;x
2703;112;210;253;b_barren_rock;x
2704;116;214;254;b_crows_cove;x
2705;123;216;252;b_havenheath;x
2706;174;217;255;b_buckleburn;x
2707;144;224;252;b_moonsgarde;x
2708;94;198;244;b_toppsfall;x
2709;151;198;255;b_sunderland_hall;x
2710;136;226;251;b_rookmore;x
2711;129;206;236;b_sundkin_island;x
2712;123;173;241;b_seas_beacon;x
2713;127;195;243;b_birchmoor;x
2714;127;225;243;b_old_werfpoint;x
2715;148;197;238;b_breakwater_castle;x
2716;126;196;255;b_breakwater_watch;x
2717;122;184;241;b_dordon;x
2718;127;207;248;b_sisterton;x
2719;128;204;231;b_havenry;x
2720;67;205;232;b_polesworth;x
2721;154;196;223;b_sistercairn;x
2722;111;213;255;b_tormore_island;x
2723;70;101;90;b_pyke;x
2724;91;105;100;b_neverharrow;x
2725;101;116;110;b_krakenrock;x
2726;91;114;106;b_brodsworth;x
2727;131;152;112;b_lordsport_keep;x
2728;131;147;117;b_shoalstone;x
2729;136;154;121;b_lordsport;x
2730;143;163;156;b_iron_holt;x
2731;132;180;164;b_red_harbor;x
2732;133;164;154;b_moonport;x
2733;126;180;162;b_seagrave;x
2734;119;172;154;b_pigsmith;x
2735;131;179;179;b_bloatstone;x
2736;139;172;172;b_fetid_hold;x
2737;157;189;189;b_saltford;x
2738;186;186;186;b_serpents_mouth;x
2739;172;169;169;b_salt_end;x
2740;81;146;99;b_pebbleton_tower;x
2741;70;137;89;b_pebbleton;x
2742;108;181;140;b_mouldering;x
2743;102;186;139;b_herringby;x
2744;88;156;107;b_spoutside;x
2745;118;189;99;b_blackblood;x
2746;124;193;104;b_demons_bump;x
2747;139;202;121;b_sourgrain;x
2748;107;185;85;b_hoare_castle;x
2749;152;191;142;b_axfirth;x
2750;163;201;152;b_trenchwater;x
2751;147;188;135;b_riptooth;x
2752;105;177;85;b_fishbourne;x
2753;100;185;76;b_rankmarket;x
2754;103;177;135;b_tiller;x
2755;83;165;120;b_baftwood;x
2756;187;31;31;b_hammerhorn;x
2757;195;37;37;b_lurrkeep;x
2758;178;20;20;b_huskwell;x
2759;201;41;41;b_goldband;x
2760;181;18;18;b_baden;x
2761;209;73;73;b_blackbuke;x
2762;205;33;33;b_brothers_port;x
2763;203;74;101;b_downdelving;x
2764;224;73;105;b_down_quay;x
2765;207;94;118;b_leeward;x
2766;209;74;103;b_hornhaven;x
2767;237;31;31;b_cradlewatch;x
2768;252;36;36;b_woodkeel;x
2769;240;25;25;b_martingale;x
2770;243;39;39;b_tilted_river;x
2771;170;61;84;b_keep_of_corpses;x
2772;160;63;84;b_deadbranch;x
2773;182;71;94;b_colt_shallows;x
2774;194;113;130;b_deadlock;x
2775;187;108;124;b_dusk_keep;x
2776;202;104;125;b_stalkside;x
2777;225;20;20;b_crow_spike_keep;x
2778;244;31;31;b_blackvine;x
2779;245;26;26;b_hackwater;x
2780;240;16;16;b_sperry;x
2781;213;76;76;b_sealskin_point;x
2782;186;69;69;b_wynden;x
2783;206;71;71;b_broken_rookery;x
2784;193;78;78;b_sting_island;x
2785;182;54;54;b_far_oar;x
2786;233;122;122;b_harkaway;x
2787;232;136;136;b_dying_gull;x
2788;239;103;103;b_black_pearl;x
2789;235;96;96;b_ruddy_rose;x
2790;165;49;74;b_stone_chain;x
2791;169;55;79;b_black_chain;x
2792;137;42;62;b_link_rock;x
2793;134;169;189;b_drumm_tower;x
2794;141;177;197;b_port_lye;x
2795;129;160;178;b_naggas_hill;x
2796;130;173;197;b_yggs_spear;x
2797;182;206;162;b_shatterstone;x
2798;179;213;148;b_stonehouse;x
2799;177;213;144;b_cleft_tower;x
2800;225;179;146;b_coarse_lair;x
2801;213;187;168;b_morton;x
2802;174;194;149;b_nettlebank;x
2803;183;195;167;b_nettleton;x
2804;174;190;153;b_galleywood;x
2805;162;176;143;b_bloodleaf;x
2806;168;172;214;b_orkwatch;x
2807;161;162;179;b_pinehole;x
2808;183;185;204;b_oldwood;x
2809;183;170;146;b_iron_keep;x
2810;194;178;149;b_claychest;x
2811;201;187;162;b_codd_hall;x
2812;189;174;146;b_redhand_tomb;x
2813;136;136;174;b_trawling;x
2814;151;151;162;b_oaken_shore;x
2815;124;143;125;b_blacktyde_castle;x
2816;96;131;97;b_blackcove;x
2817;143;166;177;b_brinewick;x
2818;131;152;162;b_littleport;x
2819;101;123;113;b_ten_towers;x
2820;122;145;134;b_mockery;x
2821;112;139;127;b_kinscythe;x
2822;114;134;125;b_prowdocks;x
2823;128;144;136;b_harlaw_hall;x
2824;122;147;136;b_threshcroft;x
2825;112;116;121;b_ternehold;x
2826;120;126;135;b_grey_cove;x
2827;83;86;91;b_petrified_post;x
2828;120;129;144;b_lapidwell;x
2829;143;133;114;b_shieldrow;x
2830;151;141;123;b_scuttle;x
2831;151;138;115;b_glinting;x
2832;171;154;125;b_cloudstone;x
2833;131;126;117;b_volmark;x
2834;119;113;101;b_greatfast;x
2835;139;129;111;b_envy_well;x
2836;140;135;126;b_wreathscar;x
2837;146;141;132;b_twine_holt;x
2838;122;117;108;b_forecastle;x
2839;108;101;108;b_dule_tree;x
2840;125;113;125;b_wringby;x
2841;139;128;139;b_sway_hill;x
2842;121;111;121;b_myregate;x
2843;119;101;119;b_jolly_gallows;x
2844;101;119;104;b_tower_of_glimmering;x
2845;97;132;103;b_great_harbor;x
2846;120;131;121;b_low_streak;x
2847;128;149;131;b_grey_garden;x
2848;96;114;99;b_silvernest;x
2849;103;125;106;b_greyport;x
2850;114;127;116;b_preenmark;x
2851;125;139;127;b_harridan_hill;x
2852;115;134;118;b_teardrain;x
2853;119;132;121;b_drowned_crone;x
2854;197;141;141;b_lonely_light;x
2855;224;21;21;b_casterly_rock;x
2856;255;22;4;b_casterbridge;x
2857;225;14;45;b_crimson_field;x
2858;208;37;45;b_pridemane;x
2859;255;72;72;b_goldengate;x
2860;171;91;91;b_the_roar;x
2861;225;60;33;b_wynnewood;x
2862;225;29;62;b_lanniskeep;x
2863;225;45;30;b_lannisport;x
2864;225;38;4;b_brightwall;x
2865;225;22;40;b_lions_harbor;x
2866;225;3;4;b_debtors_docks;x
2867;225;24;18;b_cleganes_keep;x
2868;233;19;25;b_the_kennel;x
2869;225;84;0;b_fang_hill;x
2870;225;140;48;b_lanns_hall;x
2871;185;39;49;b_hetherfield_hall;x
2872;225;92;41;b_hillview;x
2873;238;56;83;b_oaklade;x
2874;225;14;40;b_dipple;x
2875;169;39;28;b_steaming_stream;x
2876;79;14;29;b_riverthorn;x
2877;159;63;44;b_foote_hill;x
2878;79;31;18;b_dropkeep;x
2879;79;10;26;b_dropside;x
2880;195;17;25;b_hadersly;x
2881;255;55;18;b_tenbury;x
2882;141;28;28;b_kilter;x
2883;225;53;40;b_cleverton;x
2884;70;9;9;b_crakehall;x
2885;148;13;30;b_crakeport;x
2886;160;24;24;b_aylmore;x
2887;186;10;26;b_borrun;x
2888;114;5;5;b_anvils;x
2889;117;20;20;b_brindlegard;x
2890;186;29;53;b_greenrust_keep;x
2891;153;29;44;b_greenrust_town;x
2892;168;57;75;b_oxbridge;x
2893;180;82;82;b_fieldsview;x
2894;139;47;47;b_hempstead;x
2895;242;3;3;b_patecross;x
2896;90;11;11;b_allfort;x
2897;131;0;0;b_hardwood;x
2898;103;15;31;b_bracebrook;x
2899;141;34;43;b_gravenhill;x
2900;161;10;10;b_blind_oak;x
2901;172;39;50;b_castle_haw;x
2902;172;12;13;b_biltmore;x
2903;172;51;119;b_bowgreave;x
2904;172;31;12;b_grasstown;x
2905;172;10;34;b_hopehill;x
2906;225;48;48;b_reamhaw;x
2907;186;0;16;b_stillkeep;x
2908;174;0;59;b_huntrich;x
2909;174;41;32;b_stilwood;x
2910;118;18;17;b_wild_ridge;x
2911;196;17;17;b_hunters_rest;x
2912;133;10;10;b_broughton;x
2913;102;25;25;b_digswell;x
2914;155;16;16;b_tyfield;x
2915;81;25;25;b_goodguard;x
2916;213;84;84;b_cornfield;x
2917;218;13;13;b_the_henhouse;x
2918;177;24;24;b_pastures;x
2919;149;40;40;b_kernstalk;x
2920;184;106;106;b_dawnrooster;x
2921;225;53;53;b_pullet;x
2922;136;18;18;b_the_bower;x
2923;234;38;38;b_greenfield;x
2924;232;79;79;b_chartren;x
2925;181;61;61;b_shuckle;x
2926;156;45;45;b_shearside;x
2927;230;68;68;b_sylford;x
2928;159;111;107;b_coppermine;x
2929;159;62;62;b_steepridge;x
2930;215;39;39;b_blanchland;x
2931;201;65;65;b_stone_arch;x
2932;164;27;27;b_castle_wellsmere;x
2933;148;101;101;b_fieldale;x
2934;203;87;87;b_settlers_hill;x
2935;238;24;24;b_wellsmere;x
2936;222;70;70;b_toll_tower;x
2937;186;28;28;b_woodentop;x
2938;209;24;24;b_blind_field;x
2939;170;49;49;b_glasspost;x
2940;211;30;30;b_ladybank;x
2941;132;72;67;b_roundtowers;x
2942;182;35;35;b_bentgreave;x
2943;202;39;39;b_uppermill;x
2944;173;48;37;b_prunehelm;x
2945;218;35;35;b_murbeck;x
2946;188;30;30;b_plumleaf;x
2947;166;93;91;b_manticores_keep;x
2948;233;74;72;b_prong;x
2949;189;69;67;b_split_tail;x
2950;223;60;58;b_highfaith;x
2951;169;63;14;b_kings_fall;x
2952;229;42;71;b_pleasant_hill;x
2953;194;29;30;b_fulgrave;x
2954;230;49;77;b_stonesdale;x
2955;153;45;43;b_pleasant_tree;x
2956;229;63;55;b_huskheights;x
2957;169;45;8;b_rushing_fork;x
2958;17;24;58;sea_province_528;x
2959;23;43;105;sea_province_volantis_bay;x
2960;30;21;63;thousand_island_sea_1;x
2961;120;31;5;b_silverhall;x
2962;147;43;26;b_brightfeather;x
2963;147;10;13;b_serrock;x
2964;120;21;30;b_sterling_pass;x
2965;155;30;42;b_argent_mine;x
2966;133;15;13;b_spalding;x
2967;110;24;25;b_featherhorn;x
2968;135;24;25;b_duplin;x
2969;133;7;7;b_whitmire;x
2970;124;46;21;b_canterlot;x
2971;110;14;4;b_lenore;x
2972;140;38;27;b_redbramble;x
2973;141;15;13;b_truss_hedge;x
2974;141;22;15;b_goodberry;x
2975;141;33;11;b_everbearing;x
2976;141;19;29;b_silverdale;x
2977;141;0;0;b_strawberry_fields;x
2978;127;31;24;b_drox_castle;x
2979;127;21;37;b_longbolt;x
2980;127;7;4;b_cross_creek;x
2981;127;9;16;b_derver;x
2982;127;41;26;b_bolts_tip;x
2983;140;47;64;b_lansdale_watch;x
2984;159;14;41;b_claggett;x
2985;127;21;12;b_berrygrove;x
2986;127;15;21;b_grenvale;x
2987;127;46;7;b_landover;x
2988;136;3;16;b_flameguard_keep;x
2989;127;3;16;b_grannet;x
2990;136;26;17;b_rockaway;x
2991;136;36;34;b_sourspring;x
2992;136;77;20;b_whiteridge;x
2993;123;10;20;b_pridefield;x
2994;136;24;41;b_gods_ghost;x
2995;136;21;20;b_rockford;x
2996;133;50;16;b_louth;x
2997;133;26;12;b_cooks_keep;x
2998;133;34;32;b_forsby;x
2999;176;25;16;b_deep_den;x
3000;221;25;7;b_settwood;x
3001;197;25;8;b_the_caverns;x
3002;202;25;83;b_martenmines;x
3003;252;25;41;b_peltmore;x
3004;252;25;22;b_rattelmont;x
3005;213;71;71;b_standground;x
3006;223;52;52;b_stayfell;x
3007;133;21;30;b_starcliffes;x
3008;120;12;9;b_pointridge;x
3009;229;69;69;b_peckledons_pass;x
3010;211;61;61;b_longscar;x
3011;229;12;12;b_ferrens_keep;x
3012;215;30;30;b_raddle;x
3013;206;45;52;b_minksway;x
3014;194;22;22;b_oakbury;x
3015;203;57;57;b_polecats_hill;x
3016;161;25;29;b_long_rock;x
3017;240;40;40;b_bristlebunch;x
3018;226;25;28;b_rockwood;x
3019;233;25;50;b_broomes_ridge;x
3020;237;27;27;b_brockryn;x
3021;193;47;47;b_hillsdale;x
3022;238;54;54;b_setts_gate;x
3023;207;25;73;b_payne_hall;x
3024;176;25;17;b_worthmarket;x
3025;236;25;44;b_sevens_ridge;x
3026;200;25;48;b_goldmont;x
3027;175;53;85;b_coin_keep;x
3028;192;25;24;b_riverspring;x
3029;238;25;15;b_hopes_town;x
3030;224;25;45;b_steelwell;x
3031;222;25;18;b_broken_sword;x
3032;222;25;41;b_kins_ward;x
3033;219;25;24;b_bramhope;x
3034;157;25;12;b_rose_hill;x
3035;236;13;24;b_cuffmarket;x
3036;173;13;3;b_four_ponds;x
3037;209;13;53;b_gallowstree;x
3038;246;25;25;b_brixhall;x
3039;195;25;15;b_shawfield;x
3040;239;48;48;b_grace_hill;x
3041;173;26;55;b_aldershot;x
3042;175;13;59;b_brixworth;x
3043;241;17;0;b_hornvale;x
3044;231;37;0;b_maidens_rest;x
3045;222;11;25;b_unicorns_pass;x
3046;243;48;25;b_hardline;x
3047;175;16;5;b_pates_mill;x
3048;216;67;5;b_clovenfield;x
3049;229;83;30;b_alderedge;x
3050;246;24;5;b_bressing;x
3051;212;11;5;b_toad_hall;x
3052;243;69;5;b_wendfire_ridge;x
3053;226;25;33;b_gronnwith;x
3054;230;70;56;b_the_folds;x
3055;222;22;25;b_deadwater;x
3056;192;46;35;b_dogbane;x
3057;188;25;25;b_gloat_peak;x
3058;245;22;25;b_shellworth;x
3059;209;63;25;b_milkweed;x
3060;216;12;25;b_kordrich;x
3061;236;42;25;b_castle_bymore;x
3062;204;21;25;b_bymore;x
3063;243;37;25;b_redhollow;x
3064;240;73;25;b_wild_falls;x
3065;206;61;34;b_shaffron;x
3066;172;31;23;b_helmsdale;x
3067;66;14;12;b_the_golden_tooth;x
3068;66;5;20;b_cerimore;x
3069;78;7;5;b_west_jaw;x
3070;66;5;17;b_boneroot;x
3071;78;14;20;b_plackment;x
3072;66;21;25;b_sagebrush;x
3073;66;0;15;b_broadhollow;x
3074;169;29;18;b_shelley;x
3075;169;17;13;b_kings_glaive;x
3076;169;99;30;b_watered_lands;x
3077;79;19;18;b_wildspire;x
3078;79;9;12;b_ruffell;x
3079;79;5;4;b_cats_tomb;x
3080;79;10;12;b_spotthelm;x
3081;66;15;20;b_claw_mark;x
3082;209;54;66;b_rivermont;x
3083;211;12;16;b_burned_ford;x
3084;240;12;29;b_bearbridge;x
3085;154;29;26;b_vellon;x
3086;208;37;43;b_lowell_hall;x
3087;255;84;92;b_lowell;x
3088;66;22;15;b_bellantine;x
3089;66;15;36;b_ruskdale;x
3090;66;39;42;b_yokewell;x
3091;169;67;30;b_the_rift;x
3092;169;10;11;b_ashemark;x
3093;169;9;26;b_asheton;x
3094;169;22;12;b_smoke_lake;x
3095;169;31;17;b_burntree;x
3096;169;29;30;b_tatterhall;x
3097;231;19;19;b_sarsfield;x
3098;205;55;55;b_arrow_town;x
3099;189;39;39;b_greenstroke;x
3100;248;43;43;b_roadwater;x
3101;182;47;47;b_longdowns;x
3102;242;29;29;b_norhawke;x
3103;233;29;22;b_oxcross_castle;x
3104;66;19;40;b_oxcross;x
3105;224;110;25;b_alynmill;x
3106;217;61;61;b_redpoints;x
3107;225;45;45;b_longsight;x
3108;209;25;25;b_silver_creek;x
3109;238;34;34;b_motley_house;x
3110;124;14;14;b_falwell;x
3111;229;41;41;b_fools_hill;x
3112;217;17;17;b_hareforth;x
3113;151;41;41;b_churlame;x
3114;198;24;12;b_lonmont;x
3115;231;10;25;b_sulford;x
3116;214;29;28;b_goldpall;x
3117;206;56;28;b_vantage;x
3118;225;22;25;b_cubs_brook;x
3119;169;33;17;b_nunns_deep;x
3120;169;29;22;b_heel_falls;x
3121;169;21;20;b_daggermere;x
3122;243;12;26;b_provence;x
3123;231;12;10;b_fodder;x
3124;219;12;14;b_goatport;x
3125;207;12;20;b_lost_helm;x
3126;205;12;41;b_birch_keep;x
3127;246;12;31;b_castle_algood;x
3128;197;12;14;b_burnbray;x
3129;208;37;44;b_underhill;x
3130;175;12;12;b_goodport;x
3131;180;12;22;b_deepen_hall;x
3132;172;26;35;b_handfast;x
3133;229;12;41;b_copperton;x
3134;195;12;10;b_darwater;x
3135;154;19;25;b_banefort;x
3136;154;10;16;b_cliffhead;x
3137;154;29;34;b_the_shadows;x
3138;154;48;18;b_hoodhill;x
3139;175;19;26;b_irongrave;x
3140;151;65;41;b_morgons_rise;x
3141;169;12;20;b_wyndhall;x
3142;243;12;10;b_hawk_hill;x
3143;205;12;17;b_graveltown;x
3144;154;45;27;b_gold_bay;x
3145;154;41;37;b_redds_wing;x
3146;201;28;32;b_wyndisle;x
3147;154;26;43;b_fearby;x
3148;207;41;63;b_dark_barrow;x
3149;154;10;33;b_windy_heights;x
3150;154;43;41;b_half_hill;x
3151;215;60;81;b_ruskstone;x
3152;178;12;22;b_westford;x
3153;207;12;16;b_oldwalls;x
3154;144;49;55;b_howling_ridge;x
3155;193;61;69;b_dark_dog_hills;x
3156;199;12;24;b_knowle;x
3157;154;38;8;b_highview;x
3158;154;27;17;b_rain_fort;x
3159;154;0;9;b_skullbreak;x
3160;154;15;13;b_thralder;x
3161;221;35;25;b_the_crag;x
3162;226;12;25;b_river_running;x
3163;204;22;25;b_sandcastle;x
3164;212;27;25;b_crags_bay;x
3165;191;31;40;b_seashell;x
3166;243;41;25;b_eldress;x
3167;154;22;12;b_spiceport;x
3168;154;67;51;b_gleamhollow;x
3169;154;50;46;b_deepway;x
3170;192;27;82;b_pepperpot;x
3171;255;53;39;b_latchford;x
3172;204;56;63;b_casterisle;x
3173;184;19;27;b_orstack;x
3174;226;16;25;b_castle_pendric;x
3175;211;18;25;b_balliwick;x
3176;163;47;44;b_garring;x
3177;154;36;35;b_spearcross;x
3178;169;41;25;b_goldboard;x
3179;169;15;30;b_fallen_hill;x
3180;255;99;81;b_castamere;x
3181;255;63;90;b_reynes_port;x
3182;169;14;15;b_meres_mine;x
3183;255;77;75;b_loreons_hill;x
3184;227;44;50;b_prides_keep;x
3185;245;17;25;b_forkrich;x
3186;255;89;34;b_tarbeck_hall;x
3187;255;51;64;b_gyronny_port;x
3188;255;39;56;b_pointwell;x
3189;255;48;44;b_tarford;x
3190;233;14;14;b_beckyng;x
3191;255;60;68;b_vikary_house;x
3192;255;53;89;b_twotail_wood;x
3193;255;50;60;b_borrenline;x
3194;255;79;20;b_bastards_dock;x
3195;169;39;41;b_goldburn;x
3196;217;46;76;b_strongboar;x
3197;225;12;21;b_wrexdale;x
3198;255;115;92;b_three_hills;x
3199;187;111;111;b_midvale;x
3200;240;17;25;b_pendric_hills;x
3201;156;29;13;b_feastfires;x
3202;156;31;39;b_springerstead;x
3203;156;21;30;b_lowmarket;x
3204;136;32;81;b_tireless_island;x
3205;156;26;26;b_kayce;x
3206;156;48;42;b_kayce_keep;x
3207;156;58;63;b_hornhurst;x
3208;156;41;25;b_herrock;x
3209;189;37;45;b_whoresons_isle;x
3210;156;46;81;b_kynhold;x
3211;156;45;48;b_hearday;x
3212;253;26;25;b_thornhill;x
3213;156;70;46;b_borrhurst;x
3214;194;33;38;b_eckerdean;x
3215;156;31;17;b_tremblestone;x
3216;156;19;35;b_trembley;x
3217;156;45;34;b_brace_hill;x
3218;255;110;47;b_redgloss;x
3219;255;89;63;b_leachton;x
3220;156;31;37;b_clever_keep;x
3221;156;38;47;b_westerport;x
3222;185;37;44;b_sowerby;x
3223;214;7;33;b_faircastle;x
3224;225;50;71;b_tidewell;x
3225;237;30;69;b_maston;x
3226;223;22;60;b_ashwater;x
3227;198;32;63;b_farshield;x
3228;225;24;37;b_windy_ferry;x
3229;255;9;39;b_the_beacon;x
3230;235;55;78;b_clifton;x
3231;217;33;56;b_highgreave;x
3232;240;11;40;b_balefire;x
3233;218;37;48;b_madgerich;x
3234;243;62;73;b_wayden;x
3235;233;12;26;b_willemore;x
3236;252;8;54;b_perish;x
3237;0;70;23;b_highgarden;x
3238;7;90;0;b_lush_town;x
3239;0;85;0;b_manders_grasp;x
3240;0;79;1;b_savorgarn;x
3241;0;91;4;b_rosebury;x
3242;0;82;11;b_castle_grennan;x
3243;21;97;13;b_mallock_heights;x
3244;0;70;24;b_castle_middlebury;x
3245;0;64;6;b_middlebury;x
3246;0;65;8;b_garthbend;x
3247;13;83;42;b_battleback;x
3248;0;82;0;b_gardens_crossing;x
3249;23;98;23;b_greenwall;x
3250;0;75;3;b_crennel;x
3251;9;89;9;b_mossy_brick;x
3252;0;90;0;b_springkeep;x
3253;0;101;6;b_bushdowns;x
3254;0;73;24;b_whitehand_castle;x
3255;0;74;11;b_wittenton;x
3256;0;80;4;b_alden_keep;x
3257;0;90;29;b_thornbush;x
3258;0;63;24;b_aldenley;x
3259;0;68;8;b_peatbridge;x
3260;0;64;17;b_manderside;x
3261;13;92;4;b_soapstone;x
3262;0;77;2;b_claymore;x
3263;0;78;3;b_swans_skin;x
3264;0;83;0;b_birchfield;x
3265;0;75;13;b_vinewarren;x
3266;0;80;17;b_orchard_lakes;x
3267;2;90;19;b_duskflower;x
3268;144;187;120;b_cider_hall;x
3269;181;177;119;b_waypress;x
3270;147;174;119;b_redgrove;x
3271;154;165;121;b_wickerkeep;x
3272;148;172;119;b_eldersfield;x
3273;166;179;121;b_foss_town;x
3274;53;131;132;b_new_barrel;x
3275;154;190;118;b_grennorchard;x
3276;178;199;121;b_stonebushel;x
3277;189;174;118;b_appleford;x
3278;176;174;116;b_newharvest;x
3279;158;172;102;b_hawcastle;x
3280;163;166;119;b_greygates;x
3281;181;157;120;b_appleton;x
3282;162;188;119;b_apple_row;x
3283;128;163;120;b_maids_orchard;x
3284;178;183;120;b_oldbasket;x
3285;183;189;116;b_rummand_hall;x
3286;164;172;125;b_sugarbush;x
3287;166;175;91;b_sweet_tree;x
3288;178;170;114;b_sourstake;x
3289;143;144;76;b_whitegrove;x
3290;139;149;61;b_marchward;x
3291;160;169;101;b_ardens_hill;x
3292;178;178;116;b_candybrook;x
3293;140;193;175;b_ashford_castle;x
3294;138;209;197;b_ashford;x
3295;177;213;207;b_ashford_meadow;x
3296;153;207;192;b_whitecrest;x
3297;198;228;215;b_orren;x
3298;166;223;206;b_fernhill_heath;x
3299;161;216;195;b_cockscombe;x
3300;136;189;169;b_featherington;x
3301;162;211;210;b_chardbrook;x
3302;166;219;211;b_bannisters_wood;x
3303;139;194;173;b_deepwell;x
3304;145;201;175;b_livenlet;x
3305;167;215;202;b_holyhall;x
3306;125;171;168;b_mothersford;x
3307;157;205;198;b_whiteriver;x
3308;173;226;209;b_point_farms;x
3309;143;212;192;b_larcrick;x
3310;145;200;188;b_hadgate;x
3311;158;207;198;b_banbury;x
3312;174;214;209;b_crackmore;x
3313;165;226;209;b_etterton;x
3314;125;183;165;b_ricemery;x
3315;146;216;209;b_endrick_castle;x
3316;135;191;173;b_endrick;x
3317;113;168;157;b_bluntstead;x
3318;184;226;220;b_winvane;x
3319;144;204;186;b_glanbrook;x
3320;100;130;71;b_starpike;x
3321;94;121;69;b_plenmeller;x
3322;89;118;62;b_millfield;x
3323;85;115;57;b_fools_approach;x
3324;104;135;76;b_marchrise;x
3325;81;109;55;b_rutmark;x
3326;120;152;107;b_torrentpeak;x
3327;90;143;43;b_new_colony;x
3328;119;152;104;b_neverest;x
3329;92;144;60;b_ant_hill;x
3330;92;141;81;b_marchyng;x
3331;101;145;81;b_crassmont;x
3332;97;157;51;b_leygood_keep;x
3333;99;131;72;b_estryck;x
3334;85;134;54;b_leysgarden;x
3335;92;131;75;b_bellcross_hill;x
3336;104;139;69;b_swellwood;x
3337;113;162;53;b_strikes_roll;x
3338;91;139;73;b_sunnypoint;x
3339;94;156;44;b_benton;x
3340;102;167;52;b_the_bendlets;x
3341;98;138;62;b_bentbrook;x
3342;84;161;70;b_castle_dywell;x
3343;96;152;76;b_bendtill_woods;x
3344;95;165;69;b_grandmercy;x
3345;85;149;55;b_green_key;x
3346;91;142;82;b_hystone;x
3347;105;161;38;b_fieldcrest;x
3348;79;132;70;b_glebecastle;x
3349;77;141;66;b_setton;x
3350;69;138;57;b_burkley;x
3351;86;148;75;b_archers_head;x
3352;66;134;54;b_crop_lodge;x
3353;80;148;68;b_pale_town;x
3354;63;211;199;b_horn_hill;x
3355;44;198;186;b_redmonton;x
3356;45;231;216;b_highwood;x
3357;10;190;176;b_bowmans_keep;x
3358;39;208;195;b_stride;x
3359;54;186;175;b_mount_ambit;x
3360;71;207;196;b_first_line;x
3361;130;222;212;b_cornerstone;x
3362;79;221;193;b_westmore;x
3363;133;225;168;b_medpeak;x
3364;101;224;186;b_rollcrest;x
3365;131;244;201;b_castle_russeting;x
3366;93;223;210;b_russeting;x
3367;123;209;186;b_bent_ridge;x
3368;136;245;198;b_sidestone;x
3369;97;223;213;b_drupe_hill;x
3370;112;255;213;b_bonetop;x
3371;118;228;213;b_cresthaven;x
3372;112;226;213;b_cresthaventon;x
3373;97;236;191;b_suns_descent;x
3374;101;230;191;b_risemight;x
3375;100;244;213;b_vernpeaks;x
3376;47;216;148;b_twin_eagles;x
3377;98;249;188;b_nateby;x
3378;49;216;169;b_grennwhyte;x
3379;84;244;198;b_blind_nest;x
3380;84;206;197;b_natepeak;x
3381;31;198;162;b_grave_ridge;x
3382;94;211;176;b_sunwatch;x
3383;155;228;192;b_torrentines_bend;x
3384;116;227;195;b_lostsong;x
3385;135;235;213;b_covennes_hollow;x
3386;132;219;213;b_hunts_end;x
3387;72;182;116;b_hillstone;x
3388;37;144;29;b_uplands;x
3389;51;169;42;b_swallowtail;x
3390;39;151;31;b_butterfly_house;x
3391;68;123;64;b_karner;x
3392;47;162;38;b_monarch;x
3393;56;132;51;b_flutterfield;x
3394;60;146;127;b_evening;x
3395;72;164;135;b_nightmarket;x
3396;62;146;134;b_morning;x
3397;57;172;149;b_dayfield;x
3398;53;166;140;b_daynesdown;x
3399;62;152;136;b_dawn_and_dusk;x
3400;33;134;28;b_echo_hill;x
3401;60;153;32;b_gloss_town;x
3402;30;129;27;b_recastle;x
3403;25;117;25;b_basemont;x
3404;25;118;25;b_drupeside;x
3405;48;138;29;b_workstone;x
3406;63;174;151;b_dersling_keep;x
3407;66;200;170;b_roxton;x
3408;56;165;139;b_dersling;x
3409;57;145;123;b_rune_mine;x
3410;53;166;136;b_cobble_pass;x
3411;47;134;38;b_millendale;x
3412;27;111;18;b_worn_mill;x
3413;34;153;22;b_old_dale;x
3414;63;138;55;b_millsfield;x
3415;34;124;25;b_lavenderne;x
3416;70;149;62;b_wallbridge;x
3417;58;190;175;b_hearts_ache;x
3418;61;165;151;b_neverrun;x
3419;54;152;141;b_strangers_love;x
3420;57;148;51;b_new_willows;x
3421;32;117;26;b_deep_blooms;x
3422;59;185;157;b_the_ring;x
3423;63;177;152;b_woodlink;x
3424;26;105;17;b_the_slabs;x
3425;48;194;162;b_barleycross;x
3426;71;172;150;b_blackbridge;x
3427;64;184;157;b_boningale;x
3428;55;167;115;b_pinkshield;x
3429;78;205;176;b_pelicans_watch;x
3430;69;173;125;b_dunnport;x
3431;80;192;140;b_rosemill;x
3432;96;176;139;b_two_beaks;x
3433;74;186;134;b_goodbunn;x
3434;25;174;141;b_freeridge;x
3435;27;188;152;b_brannonmark;x
3436;29;182;148;b_dalestone;x
3437;69;200;171;b_faithnest;x
3438;31;194;158;b_myland_hills;x
3439;65;195;166;b_dropping_bay;x
3440;50;158;40;b_swordcastle;x
3441;34;146;23;b_trueguard;x
3442;45;151;34;b_rosehelm;x
3443;45;141;36;b_rose_field;x
3444;40;155;29;b_sadstream;x
3445;41;130;29;b_bottle_house;x
3446;46;136;35;b_spirits;x
3447;34;121;23;b_tassbottom;x
3448;31;117;20;b_stockthorn;x
3449;39;126;27;b_stemware;x
3450;63;157;50;b_turrkeep;x
3451;58;152;45;b_turrellis;x
3452;65;161;53;b_south_run;x
3453;53;145;41;b_toyle;x
3454;48;139;37;b_drapehold;x
3455;140;200;44;b_three_towers;x
3456;182;221;45;b_whisper_isle;x
3457;142;182;53;b_winewalls;x
3458;168;180;51;b_blackenrose;x
3459;163;194;62;b_winebrook;x
3460;168;214;41;b_silvergrail;x
3461;145;232;92;b_sunflower_hall;x
3462;148;215;68;b_cuy;x
3463;140;208;58;b_taller_seed;x
3464;134;224;26;b_brightmarket;x
3465;124;204;28;b_southerton;x
3466;136;218;38;b_summer_seat;x
3467;128;185;85;b_beachcastle;x
3468;161;169;66;b_beach_hook;x
3469;123;168;64;b_fencefield;x
3470;176;188;50;b_tenby_island;x
3471;127;204;80;b_fair_arch;x
3472;142;194;80;b_mellington;x
3473;131;188;77;b_meadowport;x
3474;133;193;70;b_hickory_corner;x
3475;162;200;84;b_kinestead;x
3476;138;180;51;b_wandermere;x
3477;150;193;59;b_spring_harbor;x
3478;135;218;84;b_hermits_meadow;x
3479;128;217;74;b_shores_hold;x
3480;139;225;86;b_downwater;x
3481;117;212;60;b_winewell;x
3482;114;206;58;b_girlsbrook;x
3483;117;197;69;b_streamcross;x
3484;106;200;49;b_straights_tower;x
3485;131;203;67;b_meadowsmeet;x
3486;126;207;53;b_brewster;x
3487;139;205;81;b_tilbury_town;x
3488;134;211;66;b_oaklyn;x
3489;120;193;54;b_shetterly;x
3490;146;224;76;b_richglade_castle;x
3491;143;212;82;b_richglade_town;x
3492;157;230;92;b_bellmare;x
3493;74;104;68;b_the_hightower;x
3494;87;136;91;b_oldtown;x
3495;97;145;96;b_beaconbridge;x
3496;96;120;78;b_checkered_square;x
3497;69;110;71;b_seven_shrines;x
3498;70;111;61;b_thieves_market;x
3499;76;123;82;b_the_citadel;x
3500;105;152;102;b_the_starry_sept;x
3501;77;104;71;b_new_saw;x
3502;73;97;68;b_brightbrock;x
3503;87;117;80;b_littleton;x
3504;89;119;82;b_old_sawyers_rest;x
3505;79;112;72;b_heathmill;x
3506;74;100;69;b_beak_brook;x
3507;84;120;70;b_castle_rodden;x
3508;86;117;83;b_blooming_bush;x
3509;76;129;83;b_springbrook;x
3510;78;97;76;b_flowers_rush;x
3511;89;127;78;b_grainhorse;x
3512;83;104;80;b_washford;x
3513;88;116;82;b_leadenhall;x
3514;75;108;67;b_wineport;x
3515;82;116;75;b_knockturn_harbor;x
3516;73;118;62;b_gods_hollow;x
3517;71;105;62;b_swine_mead;x
3518;82;117;75;b_daughters_ridge;x
3519;99;141;91;b_sweet_fork;x
3520;79;115;72;b_amber_wells;x
3521;76;111;70;b_needle;x
3522;97;136;89;b_nectar_hall;x
3523;82;123;74;b_apiarry;x
3524;88;129;80;b_brushside;x
3525;80;112;72;b_castle_ashborne;x
3526;95;126;88;b_ashborne;x
3527;88;120;80;b_slowstream;x
3528;91;117;85;b_wellspring;x
3529;89;124;81;b_blackmare;x
3530;85;102;82;b_daresbury;x
3531;85;103;81;b_oakmere;x
3532;90;117;84;b_cheap_ale;x
3533;80;98;76;b_meadford;x
3534;35;144;152;b_blackcrown;x
3535;35;131;137;b_breakers_tower;x
3536;47;177;186;b_sandy_bed;x
3537;36;155;163;b_bloodhorn;x
3538;23;167;176;b_spite_town;x
3539;41;171;180;b_bonebarrow;x
3540;33;139;147;b_brownmell;x
3541;48;168;157;b_bandallon;x
3542;37;151;103;b_sunset_swell;x
3543;44;139;130;b_nightscore;x
3544;61;155;146;b_beer_house;x
3545;44;133;125;b_blackbar;x
3546;51;146;137;b_farport;x
3547;12;147;156;b_pruttand_square;x
3548;42;150;157;b_pruttand_town;x
3549;32;164;173;b_uthors_tree;x
3550;50;151;158;b_glenfinn;x
3551;39;156;164;b_rowes_point;x
3552;45;148;155;b_walnut_hall;x
3553;51;159;134;b_wayward_bride;x
3554;42;128;134;b_jug_cove;x
3555;39;118;123;b_pith;x
3556;44;131;137;b_goldback;x
3557;44;142;149;b_barrington;x
3558;50;137;126;b_ashridge;x
3559;50;150;137;b_silver_bridge;x
3560;51;154;141;b_colleak;x
3561;50;129;119;b_market_hill;x
3562;46;142;130;b_duttel;x
3563;41;137;125;b_bundle;x
3564;137;210;109;b_brightwater_keep;x
3565;121;198;91;b_brunner;x
3566;127;198;99;b_boldfield;x
3567;124;211;90;b_ringlet;x
3568;111;177;85;b_castle_florys;x
3569;118;184;92;b_reynard_hall;x
3570;113;201;78;b_bellflower_town;x
3571;135;212;94;b_denflower;x
3572;127;206;86;b_glovetree;x
3573;123;197;84;b_steeple;x
3574;117;209;69;b_fingerhut;x
3575;114;192;73;b_pommel;x
3576;123;207;79;b_firstblush;x
3577;115;173;122;b_whitewater_watch;x
3578;135;199;137;b_mandhaven;x
3579;106;158;112;b_manderdrain;x
3580;112;163;118;b_harvestport;x
3581;99;149;105;b_moorcrescent;x
3582;64;147;101;b_orbank_isle;x
3583;117;179;72;b_meadsport;x
3584;124;185;80;b_blind_bluff;x
3585;100;185;116;b_inviting_isle;x
3586;89;177;84;b_butcher_island;x
3587;86;181;68;b_slumberstone;x
3588;123;183;83;b_bloomfield;x
3589;130;175;101;b_hallright;x
3590;133;183;100;b_streamgarden;x
3591;123;177;87;b_small_bridge;x
3592;123;170;92;b_lakenell;x
3593;114;199;52;b_enfield;x
3594;135;215;77;b_festune;x
3595;120;205;58;b_pepperglen;x
3596;104;202;34;b_laurelridge;x
3597;105;190;45;b_darnley;x
3598;116;195;60;b_baxton_creek;x
3599;118;202;58;b_maycomb;x
3600;119;197;64;b_hanbridge;x
3601;169;254;14;b_honeyholt;x
3602;155;242;14;b_beesbury;x
3603;155;253;3;b_applebee;x
3604;140;248;0;b_three_hives;x
3605;139;248;0;b_pollenfields;x
3606;159;243;16;b_waxwell;x
3607;175;233;6;b_perrys_hold;x
3608;173;237;0;b_two_mills;x
3609;167;225;0;b_perrygate;x
3610;171;235;0;b_millers_tower;x
3611;165;224;0;b_keyler;x
3612;150;238;3;b_glenn_lake;x
3613;146;224;9;b_argoths_watch;x
3614;155;234;21;b_thrutchkeep;x
3615;171;236;0;b_bleakhost;x
3616;166;232;0;b_finecreek;x
3617;147;238;0;b_flatfield_wood;x
3618;148;227;12;b_barnet;x
3619;150;243;0;b_wakefield;x
3620;188;237;36;b_puddleby;x
3621;169;232;0;b_ivy_town;x
3622;173;226;1;b_barchester;x
3623;146;224;10;b_boardland;x
3624;153;251;0;b_greenaway;x
3625;160;238;32;b_sackwood;x
3626;151;243;2;b_loud_shield;x
3627;47;127;69;b_coldmoat;x
3628;47;113;65;b_horseshoe_hills;x
3629;50;107;66;b_lions_will;x
3630;46;110;64;b_wallbrand;x
3631;51;119;69;b_leafy_lake;x
3632;56;114;72;b_oakfair;x
3633;30;156;65;b_standfast;x
3634;24;151;59;b_chequy_field;x
3635;35;143;65;b_wats_wood;x
3636;54;148;80;b_wellwalk;x
3637;55;130;76;b_the_cobble;x
3638;22;160;60;b_little_dosk;x
3639;34;149;66;b_dosk;x
3640;26;168;65;b_worn_sole;x
3641;48;152;77;b_viewshore;x
3642;46;143;73;b_spinners_town;x
3643;46;136;71;b_quiet_brook;x
3644;45;156;76;b_shoremill;x
3645;66;158;92;b_windgrove;x
3646;49;163;80;b_stone_cave;x
3647;49;141;75;b_cavern_house;x
3648;50;155;78;b_slatemarch;x
3649;54;167;85;b_logbury;x
3650;51;133;74;b_harthistle;x
3651;57;136;79;b_highweave;x
3652;47;145;74;b_brandybottom;x
3653;58;152;84;b_florry;x
3654;43;158;75;b_grubfield;x
3655;205;177;47;b_red_lake;x
3656;189;164;44;b_heft_town;x
3657;200;177;66;b_clearmeadow;x
3658;211;182;45;b_flushmore;x
3659;191;170;72;b_redwater_wood;x
3660;217;189;58;b_barleysfield;x
3661;179;185;79;b_edgecastle;x
3662;162;167;84;b_barnwood;x
3663;162;167;79;b_wallow_dell;x
3664;167;171;94;b_berril_draw;x
3665;210;184;64;b_nunny;x
3666;187;164;54;b_bannerstead;x
3667;209;187;87;b_clayhelm;x
3668;207;181;60;b_dogberry;x
3669;214;188;70;b_carvewell;x
3670;194;168;41;b_yewcross;x
3671;191;176;72;b_harvest_keep;x
3672;193;167;45;b_harvestbury;x
3673;199;175;61;b_gardet;x
3674;188;163;43;b_cherrybrook;x
3675;200;173;46;b_wrightbrook;x
3676;189;166;57;b_mallet_keep;x
3677;195;173;65;b_maids_hill;x
3678;188;170;83;b_mariston;x
3679;199;179;82;b_chisel;x
3680;204;182;74;b_clovewood;x
3681;193;171;70;b_rilldene;x
3682;209;182;56;b_bedderton;x
3683;209;187;85;b_hope_creek;x
3684;185;213;32;b_goldengrove;x
3685;156;218;45;b_maplepress;x
3686;144;198;49;b_whitebeams;x
3687;163;221;62;b_sparkling_ford;x
3688;146;205;40;b_summerdale;x
3689;169;224;72;b_balmer_mill;x
3690;148;213;32;b_ayfenn;x
3691;171;235;57;b_coppercast;x
3692;152;216;39;b_smithyton;x
3693;156;222;39;b_saddlery;x
3694;175;234;72;b_nailfield;x
3695;152;206;56;b_lowmont;x
3696;172;230;69;b_breakover;x
3697;169;210;97;b_inchworth;x
3698;160;224;46;b_longlance;x
3699;172;215;97;b_crooked_tooth;x
3700;172;235;62;b_pitchford;x
3701;156;207;66;b_giant_oak;x
3702;166;230;53;b_deep_cut;x
3703;156;210;62;b_wetherkeep;x
3704;142;195;47;b_wetherton;x
3705;169;214;89;b_rutby;x
3706;152;202;64;b_fieldweather;x
3707;176;233;75;b_strapmott;x
3708;154;204;66;b_sherwood;x
3709;157;221;42;b_westbrook;x
3710;170;231;62;b_rhoadwater;x
3711;172;226;77;b_bankridge;x
3712;162;216;66;b_millhead;x
3713;162;214;68;b_highlock;x
3714;154;206;62;b_clusterbend;x
3715;131;173;58;b_castle_roundtree;x
3716;154;194;85;b_rosebeck;x
3717;144;184;74;b_white_pear;x
3718;141;180;73;b_seedstown;x
3719;159;212;65;b_longtress_hall;x
3720;157;210;62;b_tresston;x
3721;171;227;70;b_greentassel;x
3722;150;197;68;b_castle_cuttyng;x
3723;165;221;66;b_stringport;x
3724;141;198;39;b_applehill_castle;x
3725;152;212;43;b_garden_stones;x
3726;139;215;5;b_hamfruit;x
3727;155;218;42;b_rivalbrook;x
3728;146;207;38;b_collindown;x
3729;154;221;33;b_arrowhead;x
3730;98;163;95;b_old_oak;x
3731;128;183;126;b_merritbranch;x
3732;92;157;89;b_three_leaves;x
3733;117;182;113;b_johns_town;x
3734;114;173;111;b_oakenhill_fort;x
3735;112;213;119;b_rootshield;x
3736;117;180;114;b_oak_cove;x
3737;110;191;106;b_coral_harbor;x
3738;129;197;125;b_amber_beach;x
3739;111;201;106;b_briarwood;x
3740;107;176;104;b_angel_grove;x
3741;107;172;104;b_reefside;x
3742;117;193;114;b_pine_ridge;x
3743;109;167;106;b_new_grace_hall;x
3744;99;188;94;b_grace_town;x
3745;131;187;128;b_gallant_tree;x
3746;111;205;105;b_nearwell;x
3747;101;183;97;b_bonetree;x
3748;115;197;110;b_beechshore;x
3749;131;199;127;b_shrubbury;x
3750;92;161;88;b_acorn_cape;x
3751;117;182;114;b_silverbrace;x
3752;117;203;111;b_clicking_harbor;x
3753;105;165;102;b_bottlenose;x
3754;125;187;122;b_ballymote;x
3755;111;172;108;b_catkins;x
3756;118;198;114;b_wharfton;x
3757;106;169;103;b_pipkeep;x
3758;133;196;129;b_squirrels_forge;x
3759;107;190;101;b_acornholt;x
3760;107;205;101;b_hoardyng;x
3761;109;195;103;b_carthand;x
3762;88;181;82;b_lace_river;x
3763;129;203;125;b_chasehold;x
3764;118;185;114;b_showcastle;x
3765;121;195;117;b_adornmont;x
3766;96;163;92;b_frillmead;x
3767;103;188;99;b_brandyhouse;x
3768;76;94;121;b_hayholt;x
3769;67;87;117;b_erchester;x
3770;58;79;112;b_dragonbone_tower;x
3771;90;105;122;b_farewell;x
3772;82;100;127;b_kinswood;x
3773;73;91;118;b_flett;x
3774;58;119;123;b_warnstand;x
3775;54;99;102;b_thrithing;x
3776;60;107;110;b_hornsteer;x
3777;62;127;131;b_mistevale;x
3778;60;115;118;b_three_raven_tower;x
3779;53;99;102;b_witchs_wood;x
3780;62;91;118;b_rimmsgard;x
3781;63;99;133;b_engby;x
3782;73;103;131;b_mundmere;x
3783;57;93;126;b_narrowdark_river;x
3784;79;94;112;b_wealdhelm;x
3785;71;82;95;b_runchester;x
3786;67;76;87;b_hearthstead;x
3787;76;86;98;b_nail_fort;x
3788;76;90;107;b_greenwade;x
3789;43;72;75;b_the_oldheart;x
3790;42;78;82;b_dalchester;x
3791;51;88;92;b_flowering_hill;x
3792;38;118;50;b_wyverns_rest;x
3793;48;146;62;b_redlines;x
3794;45;120;56;b_dimmsdale;x
3795;63;128;73;b_paleclay;x
3796;66;155;78;b_wings_crossing;x
3797;45;124;57;b_castle_larcrick;x
3798;57;131;66;b_ivy_hall;x
3799;54;138;65;b_harbors_watch;x
3800;29;137;47;b_ashlerwell;x
3801;51;131;62;b_wolf_holt;x
3802;35;130;51;b_tangleroot_castle;x
3803;48;135;60;b_vine_port;x
3804;45;138;59;b_wellerwhent;x
3805;52;128;63;b_cairnmeadow;x
3806;46;132;58;b_bountywell;x
3807;39;142;55;b_windworth;x
3808;36;137;52;b_windworth_town;x
3809;49;147;63;b_steelflow;x
3810;51;135;63;b_ternstoke;x
3811;62;143;73;b_pewter_town;x
3812;61;152;73;b_greylinn;x
3813;44;138;58;b_castle_strathby;x
3814;53;125;62;b_harvestmeadow;x
3815;59;144;70;b_meremander_hold;x
3816;51;119;60;b_flatford;x
3817;66;143;77;b_heatherholt;x
3818;54;126;64;b_springvale;x
3819;50;135;62;b_rosemeade;x
3820;51;129;62;b_old_wheel;x
3821;49;146;63;b_daleford;x
3822;53;155;68;b_stonepact;x
3823;127;175;121;b_dunstonbury;x
3824;52;138;139;b_mermans_ruin;x
3825;31;106;107;b_merlord_town;x
3826;39;119;120;b_mandbrace;x
3827;40;126;127;b_woodyvine;x
3828;51;114;115;b_silver_basin;x
3829;61;132;133;b_grandseed_castle;x
3830;35;131;132;b_knarsview;x
3831;38;137;138;b_harmyng_hill;x
3832;53;135;136;b_crossleybrooke;x
3833;51;146;147;b_winespring;x
3834;40;152;153;b_hillglen;x
3835;24;129;130;b_averdyre_hall;x
3836;30;134;116;b_averdyres_town;x
3837;26;131;113;b_fallsguard;x
3838;30;118;119;b_lily_creek;x
3839;29;127;128;b_hattonwood;x
3840;28;131;132;b_rosewood_keep;x
3841;38;138;123;b_thornton;x
3842;37;135;136;b_rosebrook;x
3843;43;144;145;b_petals;x
3844;38;140;132;b_iron_and_oak;x
3845;34;131;123;b_greenhands;x
3846;24;137;128;b_prickwillow;x
3847;35;152;112;b_oakshell;x
3848;44;141;108;b_penhorn;x
3849;16;144;100;b_orchard_hall;x
3850;29;128;94;b_heartsmere;x
3851;25;138;99;b_fletchers_bend;x
3852;22;143;144;b_florynn;x
3853;44;133;134;b_bellona;x
3854;31;120;121;b_farburne;x
3855;47;125;126;b_mayfield;x
3856;39;145;146;b_nettleden;x
3857;38;130;131;b_vergebloom;x
3858;76;203;125;b_risley_glade;x
3859;78;225;135;b_risleyton;x
3860;113;231;159;b_pennyhorde;x
3861;128;238;171;b_bludehall;x
3862;111;233;158;b_old_lance;x
3863;120;225;161;b_mistedown;x
3864;121;231;109;b_barricade;x
3865;130;233;119;b_dead_bolt;x
3866;122;225;111;b_chainlocke;x
3867;96;227;82;b_andindale;x
3868;107;217;95;b_tannen_arm;x
3869;125;243;112;b_copperwell;x
3870;148;251;152;b_mandervale;x
3871;103;231;109;b_goadenbridge;x
3872;133;236;138;b_plummarket;x
3873;119;234;124;b_lydderburn;x
3874;133;246;138;b_werwell;x
3875;78;223;119;b_windflower_keep;x
3876;99;246;141;b_winflerdon;x
3877;93;239;135;b_cattonridge;x
3878;77;231;121;b_mayford;x
3879;90;238;132;b_oldlands;x
3880;145;247;183;b_lentshield;x
3881;134;240;173;b_bouldmeadow;x
3882;123;235;165;b_millmore;x
3883;133;244;174;b_daisyfield;x
3884;113;232;157;b_bessmill;x
3885;93;223;141;b_hazel_brook;x
3886;52;138;119;b_woodbine;x
3887;46;149;127;b_dirtdance;x
3888;36;142;121;b_brownhawk;x
3889;26;136;112;b_randerick;x
3890;45;149;126;b_liars_ridge;x
3891;45;127;109;b_jaderock;x
3892;34;142;119;b_olinger;x
3893;42;136;116;b_timberlane;x
3894;19;139;113;b_stashmill;x
3895;42;146;124;b_slanwick;x
3896;35;148;123;b_blandford;x
3897;12;132;106;b_shawforth;x
3898;35;153;127;b_arrowmouth;x
3899;13;148;118;b_drinkhand;x
3900;50;133;115;b_sommelfort;x
3901;38;135;114;b_sommelfield;x
3902;35;147;122;b_murrey;x
3903;26;131;108;b_gold_cask;x
3904;32;128;107;b_tanbricks;x
3905;62;141;124;b_pruning;x
3906;41;138;117;b_greenridge_hall;x
3907;49;151;129;b_greenharvest;x
3908;53;156;134;b_robbers_well;x
3909;44;153;129;b_willchance;x
3910;36;142;119;b_hallmill;x
3911;144;220;129;b_norcross_castle;x
3912;120;210;129;b_bunchmore;x
3913;115;178;129;b_goldmeadow;x
3914;164;238;130;b_strongwill;x
3915;108;167;129;b_stonewall;x
3916;116;182;128;b_orchid_hill;x
3917;144;198;128;b_wisemans_hill;x
3918;143;202;129;b_wysedale;x
3919;144;209;129;b_bowthorpe;x
3920;148;189;129;b_seedy_sept;x
3921;163;214;129;b_rye_rill;x
3922;146;188;128;b_sladmere;x
3923;126;200;129;b_battram;x
3924;101;212;128;b_holhorne;x
3925;135;205;129;b_kinemoor;x
3926;126;181;129;b_wickerley;x
3927;149;211;130;b_shadlingburne;x
3928;120;178;129;b_wystone;x
3929;119;193;130;b_wysteria;x
3930;143;179;128;b_castle_brooch;x
3931;120;160;129;b_brooking_meadow;x
3932;157;199;129;b_rillycke;x
3933;149;201;128;b_brennwater_keep;x
3934;157;183;129;b_brennwater;x
3935;122;194;128;b_rivers_host;x
3936;178;191;129;b_westbray;x
3937;153;187;128;b_herring;x
3938;109;144;88;b_wesselvare;x
3939;146;163;91;b_smallvare;x
3940;128;147;66;b_white_stout;x
3941;130;151;62;b_blueburn_grove;x
3942;123;142;59;b_pean;x
3943;130;146;79;b_varefield;x
3944;125;138;63;b_castle_hastwyck;x
3945;117;131;53;b_honors_town;x
3946;113;125;55;b_earnley;x
3947;108;121;48;b_old_olive;x
3948;124;138;57;b_candlerush;x
3949;115;127;60;b_gardenfields;x
3950;122;139;40;b_harmons_hold;x
3951;126;144;41;b_harmony_town;x
3952;132;154;28;b_teal_tower;x
3953;138;161;31;b_beastheric;x
3954;116;129;55;b_heckenridge;x
3955;106;117;54;b_steeldale;x
3956;111;122;60;b_bellberry;x
3957;100;111;50;b_naymore;x
3958;126;139;63;b_kildale;x
3959;122;135;62;b_kettleridge;x
3960;118;133;49;b_black_creek;x
3961;121;132;68;b_waydon;x
3962;121;131;72;b_gatekeep;x
3963;114;124;69;b_whetbrook;x
3964;108;119;56;b_poach_hold;x
3965;113;123;66;b_wishmeadows;x
3966;56;124;95;b_footly_hall;x
3967;24;130;84;b_tumbleton;x
3968;31;132;88;b_fork_footly;x
3969;42;146;101;b_treadlight;x
3970;20;121;77;b_caltrop_hill;x
3971;38;134;92;b_badgerclaw;x
3972;33;116;80;b_howestead;x
3973;61;162;118;b_catsclaw_keep;x
3974;35;147;98;b_catsclaw_town;x
3975;31;156;101;b_redmire;x
3976;57;130;99;b_slywick;x
3977;29;139;91;b_prayerton;x
3978;35;160;105;b_clarkwater;x
3979;34;141;94;b_tread_hill_hold;x
3980;27;129;84;b_bundell;x
3981;59;153;112;b_saddleback;x
3982;34;160;105;b_tear_dell;x
3983;18;152;94;b_bornhill;x
3984;34;165;107;b_wheatcombe;x
3985;59;145;108;b_bembridge;x
3986;26;152;97;b_crossfield;x
3987;56;163;116;b_windwood;x
3988;24;143;91;b_estaring;x
3989;30;114;77;b_fairmore;x
3990;18;107;68;b_milvert;x
3991;40;124;87;b_fair_mill;x
3992;30;125;83;b_tenny;x
3993;29;112;75;b_benfield;x
3994;63;175;126;b_northeridge;x
3995;36;144;97;b_bows_arch;x
3996;25;162;102;b_tell_rock;x
3997;14;153;93;b_arrowfall;x
3998;61;156;115;b_wiltmore;x
3999;33;122;84;b_lumpfield;x
4000;43;148;102;b_mandale;x
4001;46;160;110;b_brinston;x
4002;59;159;115;b_rosedale;x
4003;44;169;114;b_old_hollow;x
4004;52;161;113;b_manderwood;x
4005;85;200;104;b_caswell_keep;x
4006;123;192;134;b_bitterbridge;x
4007;116;203;130;b_rosemand;x
4008;77;194;97;b_bridgeside;x
4009;95;196;112;b_fordshield;x
4010;95;201;113;b_yellow_horse;x
4011;86;169;100;b_runnelweald;x
4012;64;186;84;b_pillicks_town;x
4013;77;166;92;b_charred_oak;x
4014;53;184;75;b_bloomenfield;x
4015;70;172;87;b_rosebridge;x
4016;80;187;98;b_bridgebury;x
4017;75;204;97;b_hammerhal;x
4018;69;185;88;b_goldenrod;x
4019;49;164;69;b_hazlewood;x
4020;32;183;58;b_kitestack;x
4021;58;177;78;b_bootbuckle;x
4022;68;186;88;b_bootbridge;x
4023;93;172;106;b_melney_castle;x
4024;91;189;108;b_melneyness;x
4025;53;164;72;b_pickwhite;x
4026;99;194;115;b_allriver;x
4027;67;178;86;b_grazemead;x
4028;61;165;79;b_marnstead;x
4029;86;188;103;b_bawnbrook_hold;x
4030;73;161;88;b_bawnbrook_town;x
4031;74;194;94;b_bawn_meadows;x
4032;89;178;104;b_crostfield;x
4033;45;195;69;b_cherlysh;x
4034;104;193;118;b_strings_meadow;x
4035;93;189;109;b_small_rindle;x
4036;39;190;64;b_hardswallow;x
4037;81;198;100;b_summerfell;x
4038;77;170;92;b_boldbrew;x
4039;39;191;64;b_last_hop;x
4040;79;183;96;b_manders_malt;x
4041;94;214;145;b_grassfield_keep;x
4042;109;206;150;b_grassy_vale;x
4043;106;218;154;b_bluebridge;x
4044;87;204;136;b_threeflowers;x
4045;108;208;150;b_apperly;x
4046;96;210;144;b_wellflower;x
4047;131;225;172;b_harps_head;x
4048;91;211;142;b_dwellon;x
4049;141;216;173;b_hassle;x
4050;129;213;165;b_pluckhold;x
4051;109;212;153;b_stringfields;x
4052;68;212;130;b_columns;x
4053;78;229;142;b_lissen_keep;x
4054;94;217;146;b_hatchbury;x
4055;93;231;152;b_darkroom;x
4056;82;214;138;b_dunsmile;x
4057;124;220;165;b_keep_staff;x
4058;93;204;140;b_stafford;x
4059;119;227;165;b_winterbloom;x
4060;97;227;153;b_maidenhair;x
4061;77;207;132;b_rosewatch;x
4062;83;217;140;b_roseford;x
4063;46;231;123;b_gardbarrel;x
4064;106;217;153;b_bluegrane;x
4065;83;218;140;b_watch_hill;x
4066;76;215;134;b_wantingcastle;x
4067;68;213;128;b_wantington;x
4068;64;226;131;b_baker_brook;x
4069;49;229;124;b_stonebudd;x
4070;60;195;117;b_midmeadow;x
4071;57;232;130;b_wantingfield;x
4072;71;93;107;b_longtable;x
4073;39;105;74;b_hornbridge;x
4074;75;99;96;b_bounty_hall;x
4075;46;96;80;b_leaktown;x
4076;91;92;102;b_fruits_hold;x
4077;67;92;102;b_appleroast;x
4078;40;105;91;b_esterrace;x
4079;40;100;105;b_surewick;x
4080;39;106;105;b_grainwater;x
4081;50;114;100;b_blue_woods;x
4082;52;99;87;b_merrilene;x
4083;45;102;92;b_lindenfelt;x
4084;40;103;82;b_bluegard_castle;x
4085;41;116;97;b_bluegarden;x
4086;40;107;90;b_croppshield;x
4087;56;109;88;b_harvestyne;x
4088;51;98;86;b_fullorchard;x
4089;55;102;95;b_garnerfield;x
4090;67;110;102;b_glean_hill;x
4091;42;103;69;b_blue_seam;x
4092;42;115;96;b_stalkvale;x
4093;54;111;102;b_brallentry;x
4094;55;116;100;b_cuttfield;x
4095;47;119;113;b_harebell;x
4096;64;109;94;b_cobblestone;x
4097;47;105;72;b_cobbs_town;x
4098;60;85;89;b_shuck_hill;x
4099;52;95;99;b_horseweave;x
4100;49;110;101;b_kernel;x
4101;64;104;109;b_cartcastle;x
4102;92;210;207;b_oakenshield_castle;x
4103;77;205;183;b_lord_hewetts_town;x
4104;124;217;215;b_oakenhaven;x
4105;200;243;242;b_owens_watch;x
4106;118;219;204;b_hewettsmark;x
4107;81;204;176;b_south_castle;x
4108;142;221;211;b_whiterose;x
4109;54;201;167;b_battle_beach;x
4110;131;224;216;b_serrys_isle;x
4111;71;207;191;b_grimston;x
4112;50;195;166;b_shieldport;x
4113;105;209;195;b_silverplate;x
4114;107;217;206;b_selkie_rock;x
4115;50;186;158;b_old_merling;x
4116;131;222;208;b_chesterfield;x
4117;112;214;207;b_torch_harbor;x
4118;85;207;194;b_galley_keep;x
4119;95;212;208;b_goldbluff;x
4120;88;209;199;b_greenwatch;x
4121;120;215;205;b_final_cover;x
4122;85;215;200;b_beacons_rock;x
4123;100;216;200;b_torch_tower;x
4124;77;189;190;b_wynegarde;x
4125;43;178;179;b_ryamsport;x
4126;60;200;201;b_stillhouse;x
4127;146;218;168;b_vinedocks;x
4128;148;195;130;b_albatross_isle;x
4129;149;233;172;b_orchard_watch;x
4130;161;233;166;b_witchs_mound;x
4131;104;220;148;b_starfish_keep;x
4132;112;243;162;b_starfish_harbor;x
4133;112;210;149;b_red_hall;x
4134;116;218;155;b_richgrain;x
4135;60;241;129;b_golden_vines;x
4136;73;217;128;b_vinetown;x
4137;26;219;99;b_winehouse;x
4138;72;224;130;b_grape_keep;x
4139;51;225;117;b_fair_point;x
4140;112;244;162;b_peachtree;x
4141;98;224;146;b_peach_port;x
4142;121;212;155;b_plume;x
4143;116;229;159;b_rushside;x
4144;84;202;129;b_stoneclaw;x
4145;92;214;139;b_wineblossom;x
4146;156;240;167;b_stonecrab_cay;x
4147;147;215;168;b_isle_of_pigs;x
4148;169;225;168;b_mermaids_palace;x
4149;170;237;102;b_horseshoe_rock;x
4150;142;215;150;b_bastards_cradle;x
4151;81;50;112;b_the_red_keep;x
4152;85;46;90;b_rhaenyss_hill;x
4153;97;51;104;b_visenyas_hill;x
4154;72;50;99;b_hookmarket;x
4155;98;54;102;b_goldguard_heights;x
4156;58;50;107;b_landingfield;x
4157;74;57;111;b_bramsfort;x
4158;72;54;113;b_rush_haven;x
4159;86;49;111;b_boldferry;x
4160;67;50;99;b_castle_rushbank;x
4161;85;49;107;b_shinebridge_hall;x
4162;75;43;101;b_threshdown;x
4163;96;56;110;b_carden;x
4164;90;48;109;b_rustford;x
4165;82;49;103;b_wings_pass;x
4166;77;49;103;b_fishdirt;x
4167;97;50;103;b_turnmouth;x
4168;93;50;107;b_merdost;x
4169;82;49;104;b_blackstripe_keep;x
4170;55;56;106;b_freelock;x
4171;103;54;103;b_clearwinch;x
4172;76;49;80;b_briarcrest;x
4173;81;47;113;b_ashcross;x
4174;84;57;102;b_riverline;x
4175;105;50;113;b_linefield;x
4176;92;55;112;b_sevenmoor;x
4177;158;71;214;b_hayford;x
4178;161;77;206;b_brickdale;x
4179;136;101;203;b_moorwyn;x
4180;158;101;214;b_summer_meadow;x
4181;180;83;214;b_wavy_rune;x
4182;181;99;212;b_awrey;x
4183;179;64;208;b_sows_horn;x
4184;91;67;200;b_dorrill;x
4185;56;68;207;b_fullmeadow;x
4186;85;74;202;b_gormey;x
4187;141;62;202;b_coinbridge;x
4188;136;55;208;b_spottspool;x
4189;143;66;209;b_brindlewood;x
4190;153;89;198;b_glassley;x
4191;131;46;203;b_hanberry;x
4192;152;77;209;b_wicked_wood;x
4193;140;85;200;b_yore;x
4194;179;65;216;b_losers_creek;x
4195;84;85;208;b_groveside;x
4196;95;76;208;b_standmail;x
4197;145;38;83;b_rosby;x
4198;140;45;77;b_hesperplate;x
4199;138;39;68;b_redpeak_field;x
4200;162;58;97;b_farmwell;x
4201;163;49;89;b_grainstead;x
4202;127;63;103;b_strongmead;x
4203;181;45;88;b_fillmore;x
4204;164;64;104;b_golden_goose;x
4205;127;27;82;b_greensward;x
4206;121;24;65;b_hedgemeadow;x
4207;150;18;87;b_needlefield;x
4208;142;54;94;b_edgers_hold;x
4209;201;62;104;b_edgerton;x
4210;138;33;82;b_burnwheel;x
4211;143;52;85;b_archester;x
4212;200;60;93;b_whiteplate;x
4213;144;44;98;b_farfield;x
4214;214;40;82;b_whitfield;x
4215;153;13;70;b_redbend;x
4216;191;28;103;b_dimpool;x
4217;172;103;60;b_castle_stokeworth;x
4218;226;133;74;b_faithfield;x
4219;158;99;56;b_lambs_hold;x
4220;207;118;67;b_woolstock;x
4221;213;110;73;b_worthbridge;x
4222;200;104;60;b_ornpasture;x
4223;167;100;36;b_grainkeep;x
4224;196;110;51;b_gravelton;x
4225;186;118;81;b_wheatmaiden;x
4226;187;75;29;b_fieldmaiden;x
4227;172;103;50;b_byrch_hall;x
4228;165;113;63;b_vonnfield;x
4229;162;125;66;b_estwing;x
4230;184;111;65;b_silverhead;x
4231;231;113;84;b_brancastle;x
4232;193;112;78;b_winfield;x
4233;171;108;77;b_loyalwood;x
4234;187;110;64;b_bentbranch_keep;x
4235;147;81;56;b_shady_bush;x
4236;219;124;84;b_chasefield;x
4237;152;82;35;b_farmingbend;x
4238;203;85;25;b_nessingkeep;x
4239;201;129;77;b_septons_sound;x
4240;200;105;67;b_nessfield;x
4241;171;85;134;b_dun_fort;x
4242;153;79;136;b_duskendale;x
4243;172;57;135;b_highley;x
4244;147;77;141;b_brickelburn;x
4245;150;71;136;b_darkhurst;x
4246;160;88;135;b_pick_hall;x
4247;166;67;135;b_mullcastle;x
4248;194;54;134;b_darkwood;x
4249;120;107;133;b_duskmull;x
4250;148;70;135;b_castle_hollard;x
4251;133;89;135;b_seamill;x
4252;178;77;136;b_threecrowns;x
4253;149;95;133;b_blackchief;x
4254;162;72;136;b_hammerhold;x
4255;174;83;141;b_smallhammer;x
4256;110;85;133;b_firsthammer;x
4257;182;82;134;b_sevenhill;x
4258;166;93;136;b_shadowshield;x
4259;134;86;136;b_woodhollow;x
4260;132;82;141;b_hardmarsh;x
4261;134;98;135;b_spinney;x
4262;178;76;133;b_broadleaf;x
4263;110;108;133;b_wretchfield;x
4264;120;75;135;b_leeklan;x
4265;95;103;139;b_yellowstar_towers;x
4266;149;81;136;b_mistfall;x
4267;129;102;134;b_windhaven;x
4268;139;84;136;b_rooks_rest;x
4269;110;91;134;b_cliffhook;x
4270;134;76;136;b_drabline;x
4271;124;80;139;b_checkton;x
4272;124;80;133;b_braddock;x
4273;158;84;136;b_langward_hall;x
4274;133;83;136;b_moremead;x
4275;183;62;136;b_drobben;x
4276;124;107;134;b_burgundosk;x
4277;159;100;135;b_pepper_fort;x
4278;128;109;132;b_fisherpool;x
4279;95;98;134;b_sootfield;x
4280;126;74;134;b_castle_argent;x
4281;132;78;134;b_clearbright;x
4282;158;83;135;b_silverwhite;x
4283;141;77;135;b_grundton;x
4284;78;63;84;b_dyre_den;x
4285;70;48;82;b_feeding_circle;x
4286;86;48;82;b_carriweald;x
4287;69;66;82;b_woodenpaw;x
4288;96;33;82;b_chargrove;x
4289;76;51;82;b_strongcliff;x
4290;100;43;85;b_whispers;x
4291;64;60;83;b_broken_barb;x
4292;99;50;84;b_redplate;x
4293;53;30;84;b_brushnook;x
4294;83;38;85;b_pointside;x
4295;62;72;77;b_fordswindle;x
4296;72;39;85;b_oak_range;x
4297;77;57;83;b_herecleft;x
4298;69;37;84;b_strongbox;x
4299;89;47;85;b_underweald;x
4300;67;39;85;b_anvil;x
4301;74;43;84;b_brownhollow_castle;x
4302;205;37;33;b_borrowed_keep;x
4303;88;42;86;b_hidden_nest;x
4304;70;59;82;b_plankside;x
4305;74;60;86;b_hazewood;x
4306;74;32;86;b_blurweald;x
4307;255;65;29;b_borrowmore;x
4308;64;33;82;b_greychamber;x
4309;59;62;86;b_balkrain;x
4310;74;45;86;b_bronzeholm;x
4311;57;50;84;b_seawater_pass;x
4312;103;38;82;b_mudport;x
4313;69;41;88;b_washweald;x
4314;61;27;83;b_needlewater;x
4315;83;34;86;b_coney_row;x
4316;62;57;80;b_birdmill;x
4317;70;60;83;b_grenpoint_bay;x
4318;129;87;88;b_antlers;x
4319;100;68;88;b_mull_hole;x
4320;141;90;110;b_barb_town;x
4321;127;90;108;b_proudrack;x
4322;112;82;91;b_vairs_head;x
4323;110;84;98;b_rellhalt;x
4324;118;82;96;b_fallowpoint;x
4325;136;90;108;b_maldell;x
4326;121;79;95;b_castle_brackworth;x
4327;90;66;78;b_bucks_call;x
4328;93;57;82;b_gruntfield;x
4329;93;57;71;b_bonebranch;x
4330;99;89;83;b_tusk_keep;x
4331;65;40;57;b_tuskford;x
4332;83;54;65;b_stags_rut;x
4333;133;107;114;b_point_square;x
4334;138;102;104;b_woodenglenn;x
4335;190;84;110;b_rollingford;x
4336;195;53;105;b_roundspout;x
4337;206;114;105;b_stoneroll;x
4338;250;70;109;b_fountainhead;x
4339;194;96;114;b_mergewater;x
4340;203;44;105;b_harps_tune;x
4341;188;82;110;b_bevy_town;x
4342;166;105;115;b_droven;x
4343;191;52;105;b_middlefort;x
4344;202;74;109;b_middleton;x
4345;185;115;111;b_sorewick;x
4346;253;89;110;b_pikemouth;x
4347;246;97;108;b_sickburn;x
4348;182;74;109;b_fort_neigh;x
4349;187;117;135;b_tarnscale;x
4350;191;53;113;b_darkwater_keep;x
4351;177;101;105;b_redgrass_field;x
4352;171;84;113;b_weeping_ridge;x
4353;245;105;113;b_rushbend;x
4354;168;79;151;b_the_gauntlet;x
4355;129;70;150;b_dallston;x
4356;161;45;146;b_lancemere;x
4357;141;47;146;b_faunchview;x
4358;108;40;148;b_stormsbrook;x
4359;151;46;149;b_bywater_watch;x
4360;185;59;151;b_woodlock;x
4361;149;58;145;b_baywaterston;x
4362;140;69;149;b_greyhelm;x
4363;170;64;148;b_attadale;x
4364;177;69;151;b_wedgewood;x
4365;171;47;148;b_bay_brake;x
4366;145;63;149;b_brushmill;x
4367;170;65;137;b_woodsaw_creek;x
4368;133;72;144;b_woolmouth;x
4369;198;82;96;b_greenpall_fort;x
4370;198;91;103;b_wendwood;x
4371;249;90;95;b_wendbridge;x
4372;230;97;96;b_seasons_forest;x
4373;200;98;98;b_castle_farring;x
4374;209;84;86;b_quarterpenny;x
4375;209;76;80;b_trackingway;x
4376;202;66;77;b_swordswood;x
4377;237;81;92;b_wine_shield;x
4378;183;99;111;b_lions_tail;x
4379;231;94;93;b_waterwood_post;x
4380;214;93;93;b_sealion_grove;x
4381;231;91;90;b_lords_thorns;x
4382;195;78;113;b_wendgrove;x
4383;175;105;106;b_darkstand;x
4384;221;94;93;b_ellerwood;x
4385;226;83;104;b_noblewood;x
4386;203;104;98;b_downtree;x
4387;152;59;43;b_blister_hill;x
4388;154;81;155;b_stonedance;x
4389;220;78;164;b_montspire;x
4390;192;70;174;b_triskell;x
4391;155;61;172;b_thirdpool;x
4392;173;69;162;b_maldon_peak;x
4393;173;83;142;b_sweet_bay;x
4394;192;54;151;b_kings_mountain;x
4395;150;53;150;b_sweetsong;x
4396;130;38;145;b_goldenhorn;x
4397;148;70;153;b_rambton;x
4398;168;62;140;b_horncrest;x
4399;197;71;151;b_rams_head;x
4400;172;62;149;b_seedskull_cove;x
4401;144;61;147;b_darnmill;x
4402;137;72;145;b_stonepulse;x
4403;174;48;154;b_wisewood;x
4404;155;68;147;b_gold_can;x
4405;162;17;148;b_silverbell;x
4406;146;74;150;b_simpleton;x
4407;157;58;148;b_starefall;x
4408;165;48;162;b_glasswater;x
4409;169;53;142;b_bendlet_rock;x
4410;150;43;146;b_grassover;x
4411;144;65;142;b_chyttering_brook;x
4412;160;41;149;b_benthill_dale;x
4413;130;54;158;b_brokenhelm;x
4414;143;76;142;b_gods_bite;x
4415;187;143;206;b_dragonstone;x
4416;181;143;222;b_gaemons_tower;x
4417;173;152;196;b_blackglass_port;x
4418;199;135;227;b_gargoyles_hook;x
4419;181;146;207;b_castle_driftmark;x
4420;192;140;203;b_hull;x
4421;169;153;202;b_brave_port;x
4422;177;149;203;b_shroud;x
4423;192;146;174;b_silverhorse;x
4424;185;143;209;b_high_tide;x
4425;199;136;213;b_spicetown;x
4426;212;130;210;b_blackhull;x
4427;190;142;206;b_berryport;x
4428;188;145;192;b_sharp_point;x
4429;183;142;217;b_swordpeaks;x
4430;202;134;211;b_frettymont;x
4431;199;132;228;b_waycastle;x
4432;199;138;201;b_gullet_tower;x
4433;181;145;209;b_sweetport;x
4434;177;148;208;b_tally_hill;x
4435;204;133;212;b_vallscale;x
4436;175;152;190;b_crabs_return;x
4437;183;142;219;b_brackyore;x
4438;190;143;196;b_gryphonrock;x
4439;225;192;66;b_storms_end;x
4440;235;195;58;b_sailmight;x
4441;231;203;66;b_furycrown;x
4442;217;192;63;b_elenwatch;x
4443;226;186;61;b_gate_durrandon;x
4444;207;177;71;b_durrans_town;x
4445;232;189;63;b_castle_seaface;x
4446;208;181;57;b_bronzegate;x
4447;238;191;62;b_buckleforge;x
4448;235;193;59;b_warkworth;x
4449;223;200;61;b_whiners_town;x
4450;225;189;66;b_andtacks;x
4451;210;188;66;b_qarlsfort;x
4452;231;188;66;b_horncross;x
4453;218;190;65;b_wensington;x
4454;215;184;66;b_sons_call;x
4455;208;171;65;b_morden;x
4456;233;205;77;b_buckskin;x
4457;242;207;82;b_halfwood;x
4458;201;168;69;b_shearfield;x
4459;227;187;62;b_butchers_block;x
4460;231;193;65;b_resistance;x
4461;224;180;58;b_dour_hall;x
4462;213;201;61;b_stags_den;x
4463;225;189;62;b_griefstower;x
4464;245;196;71;b_knifehandle;x
4465;215;165;65;b_canton;x
4466;215;174;66;b_giants_down;x
4467;224;196;65;b_godsgrief_mountain;x
4468;154;184;78;b_griffins_roost;x
4469;197;209;106;b_connington;x
4470;150;198;60;b_red_spire;x
4471;141;177;39;b_keythong_pass;x
4472;174;199;106;b_greatfeather;x
4473;144;187;30;b_middleshaw;x
4474;202;204;2;b_crows_nest;x
4475;176;178;1;b_talons_top;x
4476;203;205;2;b_gyrill;x
4477;197;200;1;b_stormgreens;x
4478;217;220;2;b_warfield;x
4479;239;241;2;b_greenflight;x
4480;174;216;84;b_castle_redwind;x
4481;149;187;78;b_feather_tower;x
4482;178;217;94;b_roaring_peak;x
4483;116;159;41;b_redwind_town;x
4484;188;221;95;b_mares_tail;x
4485;193;205;130;b_pennon_hall;x
4486;169;194;67;b_pennon;x
4487;186;212;103;b_galestone;x
4488;165;193;67;b_beaks_break;x
4489;172;219;116;b_pennrook;x
4490;127;165;28;b_lushfield;x
4491;166;202;41;b_highwind_hall;x
4492;149;176;41;b_highwind_ridge;x
4493;178;210;73;b_griffins_pass;x
4494;141;189;44;b_wind_coast;x
4495;152;145;0;b_grandview;x
4496;125;119;0;b_hightop;x
4497;144;137;0;b_lions_rest;x
4498;151;143;0;b_slumber_hall;x
4499;150;142;0;b_shuthouse;x
4500;142;135;0;b_small_sleep;x
4501;191;193;2;b_castle_doorlan;x
4502;229;231;2;b_roadhouse;x
4503;215;218;2;b_hucksley;x
4504;237;240;25;b_strange_hold;x
4505;196;199;2;b_otherside;x
4506;192;194;2;b_slaynefort;x
4507;214;217;2;b_slaynes_break;x
4508;203;205;5;b_pinknose;x
4509;233;236;7;b_pittermont;x
4510;220;222;2;b_pitterack;x
4511;212;214;2;b_slayne_town;x
4512;166;159;1;b_castle_scale;x
4513;147;140;0;b_fessor;x
4514;157;150;0;b_mascle;x
4515;164;156;0;b_staffpoint;x
4516;153;146;0;b_adderdell;x
4517;143;136;0;b_muchyre;x
4518;153;147;0;b_wallowmire;x
4519;160;153;1;b_fires_light;x
4520;149;142;0;b_two_times;x
4521;167;159;1;b_hillguard;x
4522;202;204;11;b_goring_hill;x
4523;210;212;2;b_red_ridge;x
4524;197;200;2;b_mill_rock;x
4525;227;229;17;b_the_bloody_pool;x
4526;236;247;182;b_gallowsgrey;x
4527;244;250;198;b_foes_end;x
4528;242;241;171;b_darknoose;x
4529;237;228;172;b_short_drop;x
4530;236;228;177;b_gibbet;x
4531;236;237;180;b_the_scaffold;x
4532;241;237;187;b_blackheart;x
4533;240;230;180;b_waitwood;x
4534;241;231;190;b_blossomtree;x
4535;255;244;191;b_mooncrest;x
4536;212;221;178;b_shrubs_couple;x
4537;234;207;186;b_marlbury;x
4538;242;234;184;b_wellwend_castle;x
4539;255;249;196;b_gloomdurn;x
4540;247;237;195;b_dimwood;x
4541;241;222;190;b_downpool;x
4542;238;234;187;b_wellwend_brook;x
4543;247;246;199;b_burbleton;x
4544;226;214;183;b_harrowfield;x
4545;255;236;188;b_downmeadow;x
4546;247;222;182;b_yewfence;x
4547;255;242;189;b_grimstack;x
4548;248;244;183;b_darcroft;x
4549;247;230;186;b_shady_glen;x
4550;242;239;185;b_harrow_hill;x
4551;255;248;198;b_happy_field;x
4552;197;145;53;b_seahold;x
4553;197;119;12;b_layers;x
4554;179;66;1;b_smugglers_docks;x
4555;177;99;6;b_slipland;x
4556;194;114;16;b_stagbark;x
4557;204;129;24;b_woodhall;x
4558;196;126;35;b_greenpools;x
4559;188;105;8;b_heathbury;x
4560;193;114;17;b_dampening;x
4561;195;109;28;b_sodden;x
4562;197;149;44;b_muckthicket;x
4563;147;61;0;b_grinstower;x
4564;207;152;68;b_grinsdale;x
4565;213;136;34;b_mossy_field;x
4566;197;130;32;b_woodenhorne;x
4567;193;96;7;b_morose_forest;x
4568;202;149;24;b_douse;x
4569;134;73;4;b_griffin_river_hold;x
4570;202;145;65;b_missing_heart;x
4571;198;134;17;b_somberfall;x
4572;201;139;56;b_mount_tear;x
4573;203;140;33;b_highcreeks;x
4574;247;206;87;b_tower_of_owls;x
4575;218;192;69;b_mistwood;x
4576;212;179;64;b_white_owls_hallow;x
4577;225;190;62;b_lakepool;x
4578;227;189;63;b_talonwood;x
4579;232;201;73;b_rorter_isle;x
4580;246;215;96;b_weeping_tower;x
4581;219;193;69;b_weeping_town;x
4582;239;200;74;b_whitehead_watch;x
4583;238;202;79;b_sevens_wail;x
4584;240;200;72;b_glenridding;x
4585;224;189;72;b_wailingkeep;x
4586;245;204;78;b_brownsport;x
4587;229;211;77;b_wrathcove;x
4588;223;184;62;b_marrton;x
4589;241;214;92;b_brown_hill;x
4590;231;195;62;b_coastlyn;x
4591;245;208;80;b_wrathrock;x
4592;229;192;67;b_darcross;x
4593;245;199;74;b_harchester;x
4594;231;198;64;b_smithsmark;x
4595;245;199;80;b_bronzeaxe;x
4596;226;185;66;b_woodwash;x
4597;226;201;60;b_hallstruck;x
4598;231;200;61;b_granted_keep;x
4599;219;188;63;b_damptree;x
4600;217;190;65;b_plotherwood;x
4601;232;181;63;b_armigan;x
4602;186;162;72;b_poolmark;x
4603;228;186;62;b_peakdurn;x
4604;238;195;63;b_wraths_shore;x
4605;244;234;167;b_rain_house;x
4606;243;227;165;b_wyldecove;x
4607;242;244;183;b_wreckwood;x
4608;255;255;200;b_ironrod;x
4609;247;242;190;b_tumult_point;x
4610;248;236;182;b_whirl;x
4611;255;254;200;b_bluegrove;x
4612;243;228;176;b_kellington;x
4613;245;240;189;b_wisomlock;x
4614;254;243;185;b_leatherbound;x
4615;248;235;170;b_kellingwood;x
4616;255;255;202;b_quills_tip;x
4617;255;255;198;b_amberly;x
4618;255;249;203;b_amber_woods;x
4619;251;240;181;b_lushmine;x
4620;255;244;195;b_shadows_growth;x
4621;247;247;181;b_castle_corwin;x
4622;255;249;191;b_brandshore;x
4623;251;243;180;b_paintwood;x
4624;243;235;188;b_layton;x
4625;237;239;184;b_mintspoon;x
4626;242;250;195;b_painted_grove;x
4627;247;240;179;b_eldergreen;x
4628;255;235;195;b_rains_neck_keep;x
4629;243;234;186;b_swullock;x
4630;249;253;196;b_swellforest;x
4631;199;143;20;b_greenstone;x
4632;213;117;14;b_pale_tower;x
4633;209;158;32;b_stowegard;x
4634;210;111;17;b_logs_head;x
4635;189;111;9;b_the_shell;x
4636;209;130;39;b_tudbury_hall;x
4637;161;78;14;b_shinys_hat;x
4638;199;140;20;b_shellpoint;x
4639;195;129;50;b_pikerock;x
4640;201;154;43;b_wastrell;x
4641;201;136;19;b_green_moor;x
4642;191;101;8;b_orlester;x
4643;198;167;65;b_inner_lester;x
4644;201;140;47;b_downlester;x
4645;251;232;157;b_stonehelm;x
4646;244;243;187;b_lockport;x
4647;243;244;182;b_twinflight;x
4648;243;246;184;b_driftpeak;x
4649;255;255;193;b_cobrise;x
4650;254;255;201;b_blackneck;x
4651;241;248;183;b_lonmouth_hall;x
4652;255;255;199;b_yeskell_ridge;x
4653;241;234;185;b_relliton;x
4654;255;248;206;b_skull_row;x
4655;255;253;207;b_lontower;x
4656;255;255;196;b_turnhill;x
4657;226;242;176;b_riskmarch;x
4658;255;254;204;b_markmont;x
4659;251;250;167;b_strewnstone;x
4660;219;233;157;b_steepmarch;x
4661;232;217;166;b_bayfall;x
4662;252;245;166;b_swellcrest;x
4663;244;240;164;b_the_curve;x
4664;255;246;198;b_marchdurn;x
4665;255;243;170;b_corningstone;x
4666;255;249;187;b_corpsetide;x
4667;253;253;189;b_deadcatch;x
4668;255;255;191;b_stormbird;x
4669;233;231;165;b_sever_watch;x
4670;255;251;131;b_orrport;x
4671;238;242;128;b_holfs_haven;x
4672;236;239;166;b_holf_of_man;x
4673;198;118;40;b_blackhaven;x
4674;194;136;42;b_longcove;x
4675;184;95;23;b_bonewatch;x
4676;213;131;25;b_harsh_river;x
4677;218;147;51;b_strykemont;x
4678;204;144;55;b_forkbolt;x
4679;208;150;39;b_maids_scar;x
4680;206;150;71;b_pellet;x
4681;191;130;60;b_scarlet_keep;x
4682;190;107;9;b_glenfield;x
4683;200;114;27;b_meadvale;x
4684;201;99;10;b_makers_hill;x
4685;199;154;31;b_deadmere;x
4686;183;77;17;b_luskan;x
4687;189;105;8;b_archwood;x
4688;200;125;61;b_raven_rock;x
4689;211;138;33;b_castle_greyhawk;x
4690;180;139;43;b_kinehold;x
4691;207;156;43;b_waterdeep;x
4692;204;174;73;b_hardby;x
4693;196;142;47;b_steamspring;x
4694;189;128;31;b_hobbtower;x
4695;153;77;1;b_shadow_plain;x
4696;204;149;58;b_toads_ward;x
4697;199;127;46;b_gloomrot;x
4698;187;108;31;b_filch_march;x
4699;191;214;88;b_harvest_hall;x
4700;161;196;89;b_threshbrook;x
4701;195;201;78;b_wheatstalk;x
4702;199;227;89;b_marcherbrook;x
4703;206;219;133;b_harvest_town;x
4704;149;186;67;b_boldingfield;x
4705;148;209;97;b_deaths_head;x
4706;155;195;66;b_skullsgrale;x
4707;176;211;125;b_hawkmoth;x
4708;157;206;86;b_dustrock;x
4709;143;187;41;b_merevale;x
4710;143;185;47;b_ressview;x
4711;148;187;41;b_shaker_hold;x
4712;148;180;36;b_ripped_hill;x
4713;169;211;94;b_sickle;x
4714;150;197;66;b_ryewing;x
4715;172;219;72;b_fieldmont;x
4716;163;200;78;b_speltrove;x
4717;189;216;67;b_spikelet;x
4718;193;219;86;b_lambdale;x
4719;155;176;35;b_spike_ridge;x
4720;219;241;193;b_nightsong;x
4721;240;239;189;b_nightingale;x
4722;255;255;217;b_melody;x
4723;231;239;173;b_sweetstraw;x
4724;241;244;179;b_sleepy_hollow;x
4725;251;241;186;b_gildfeather;x
4726;242;240;192;b_sour_hill;x
4727;242;255;193;b_leanseed;x
4728;247;242;186;b_roughacre;x
4729;230;207;150;b_blemish;x
4730;255;255;187;b_sadgrain;x
4731;218;214;171;b_cleavesmill;x
4732;222;219;171;b_nailstone;x
4733;245;230;209;b_nails_town;x
4734;248;247;196;b_harspeckle;x
4735;255;254;202;b_mayfair;x
4736;255;251;190;b_kingfeast;x
4737;225;216;151;b_thrushcastle;x
4738;238;236;165;b_thrushmont;x
4739;253;250;198;b_sparenote;x
4740;244;248;189;b_noteridge;x
4741;255;244;182;b_dead_rise_keep;x
4742;243;240;189;b_dirge;x
4743;255;251;196;b_griefside;x
4744;217;177;64;b_cafferen_castle;x
4745;196;158;65;b_fawnton;x
4746;200;175;64;b_white_tail;x
4747;221;187;63;b_pleasant_hills;x
4748;234;213;82;b_spencer;x
4749;208;182;57;b_deers_grove;x
4750;185;175;65;b_goodwreath;x
4751;216;182;64;b_the_pavilion;x
4752;197;186;65;b_silversword;x
4753;220;185;64;b_towberry;x
4754;230;188;61;b_shallow_brooks;x
4755;245;215;89;b_brockway;x
4756;253;190;65;b_buttonweed;x
4757;240;194;62;b_creekberry;x
4758;220;180;64;b_soothstream;x
4759;231;190;62;b_doe_trail;x
4760;210;178;64;b_yearner;x
4761;216;185;67;b_forkwhent;x
4762;219;190;64;b_nubbock_castle;x
4763;220;196;63;b_nubbock;x
4764;186;158;71;b_harwhent;x
4765;208;180;64;b_youngbuck;x
4766;234;211;83;b_meadowbrook;x
4767;231;186;67;b_harthwood_hall;x
4768;216;186;62;b_harthwood;x
4769;211;166;66;b_stubben;x
4770;236;196;63;b_harthsmere;x
4771;217;177;63;b_grainhearth;x
4772;161;211;105;b_broad_arch;x
4773;150;197;71;b_broadwood;x
4774;167;204;110;b_angor;x
4775;171;216;91;b_hearts_stab;x
4776;135;185;56;b_pierce_town;x
4777;180;201;110;b_blackflow;x
4778;210;219;83;b_clover_keep;x
4779;166;198;89;b_sorrelgrave;x
4780;152;197;72;b_greenbed;x
4781;150;187;82;b_blackleaf;x
4782;152;191;43;b_ryegrass;x
4783;169;209;80;b_white_clover;x
4784;197;237;112;b_trenchester;x
4785;148;187;63;b_smallhead;x
4786;139;185;69;b_largehead;x
4787;157;198;88;b_medford;x
4788;122;170;47;b_hornbrook;x
4789;97;151;50;b_dewhill_hold;x
4790;171;195;110;b_binnington;x
4791;139;187;94;b_tuberwart;x
4792;148;196;100;b_buckwheat;x
4793;137;187;97;b_sticky_leaf;x
4794;107;103;0;b_charred_hill;x
4795;155;148;0;b_summerfield;x
4796;137;131;0;b_stonestruck;x
4797;130;124;0;b_summerhall;x
4798;138;131;0;b_blackcherry;x
4799;118;112;0;b_fewflower;x
4800;154;147;0;b_leddans_hold;x
4801;158;152;0;b_yamstick;x
4802;134;128;0;b_leddan;x
4803;204;166;61;b_the_pod;x
4804;205;185;59;b_poddingfield;x
4805;201;176;62;b_peasebury;x
4806;191;169;58;b_porridge;x
4807;227;204;68;b_cropkeep;x
4808;212;202;61;b_twinebrush;x
4809;205;169;65;b_redcomb;x
4810;201;181;64;b_wranglebrook;x
4811;206;173;63;b_herston_hall;x
4812;175;169;58;b_herston;x
4813;214;208;68;b_lichfield;x
4814;243;194;65;b_goodtilth;x
4815;219;186;58;b_flockston;x
4816;198;186;64;b_cheatgrass;x
4817;225;188;62;b_glumefield;x
4818;210;187;57;b_chaffed_hill;x
4819;210;180;62;b_blythedurn;x
4820;198;163;59;b_pannage;x
4821;208;193;60;b_braydurn;x
4822;222;201;62;b_plows_bend;x
4823;211;207;61;b_grimble;x
4824;210;171;61;b_wetherstruck;x
4825;236;183;57;b_thimble;x
4826;216;181;58;b_stewpot;x
4827;217;182;62;b_mulchcroft;x
4828;207;186;68;b_dellgraze;x
4829;190;171;57;b_oldfield;x
4830;199;176;69;b_smulemead;x
4831;213;185;61;b_lithe_stream;x
4832;189;165;62;b_felwood_castle;x
4833;187;86;16;b_pinemill;x
4834;160;105;11;b_rollbluff;x
4835;170;76;15;b_mondell;x
4836;180;112;43;b_nockforest;x
4837;134;54;0;b_heatherwold;x
4838;178;98;18;b_murdren;x
4839;181;114;35;b_slenderbill;x
4840;181;149;66;b_collared_forest;x
4841;176;96;19;b_crows_well;x
4842;159;89;22;b_forriston;x
4843;168;95;19;b_hood_tower;x
4844;185;116;42;b_wormwood;x
4845;168;78;21;b_woodbore;x
4846;159;78;16;b_sweetgum;x
4847;187;107;21;b_hickory_hold;x
4848;195;116;36;b_treechester;x
4849;192;111;39;b_ashcanker;x
4850;173;84;19;b_rootvyne;x
4851;165;95;26;b_old_growth;x
4852;177;111;49;b_fordenmill;x
4853;194;99;25;b_gladewend;x
4854;185;105;23;b_standwatch;x
4855;180;100;7;b_woodstruck;x
4856;209;139;38;b_wendover;x
4857;201;173;56;b_wenton;x
4858;181;82;20;b_forestview;x
4859;186;101;24;b_logsward;x
4860;185;127;43;b_wooddurn;x
4861;171;83;38;b_timberlyn;x
4862;170;100;37;b_shady_pines;x
4863;164;93;28;b_splintspring;x
4864;123;55;3;b_aldercroft;x
4865;150;78;17;b_fallentree;x
4866;175;105;15;b_hollowhold;x
4867;188;137;64;b_missingwood;x
4868;185;107;8;b_crisp;x
4869;197;145;37;b_burntwarren;x
4870;131;67;12;b_holtorch;x
4871;191;125;38;b_blackmill;x
4872;210;144;23;b_hollows_edge;x
4873;201;116;32;b_glorys_grove;x
4874;172;90;28;b_trapwash;x
4875;225;217;193;b_haystack_hall;x
4876;224;229;185;b_reapers_rest;x
4877;255;249;192;b_bayfield;x
4878;228;224;179;b_grass_tower;x
4879;228;235;179;b_tablewheat;x
4880;249;255;208;b_bargrain;x
4881;214;213;176;b_hadlow_keep;x
4882;250;227;201;b_foul_end;x
4883;216;203;161;b_cotisbend;x
4884;244;225;184;b_graintop;x
4885;249;244;177;b_peckfield;x
4886;226;223;184;b_borderfield;x
4887;236;230;185;b_sunrise;x
4888;242;236;210;b_chandlers_tower;x
4889;225;227;182;b_hiltonvale;x
4890;223;219;169;b_steelprice;x
4891;249;239;185;b_tyneside;x
4892;225;227;176;b_strawcastle;x
4893;249;229;195;b_sheaf_brook;x
4894;232;219;173;b_feedfield;x
4895;243;236;202;b_strawbury;x
4896;166;92;7;b_parchments;x
4897;185;95;26;b_vellum;x
4898;183;92;20;b_deedharbor;x
4899;176;122;39;b_pens_point;x
4900;176;93;25;b_scrawl;x
4901;158;61;0;b_pelltruth_hold;x
4902;199;105;25;b_pelltruths_town;x
4903;192;135;29;b_scrollfall;x
4904;160;78;2;b_longroll;x
4905;198;102;42;b_notepost;x
4906;193;118;29;b_scribes_isle;x
4907;207;156;74;b_nevermore;x
4908;152;68;0;b_casken;x
4909;183;120;30;b_tellgale;x
4910;164;96;9;b_goldbug;x
4911;173;94;26;b_poinsett;x
4912;184;103;18;b_morlescent;x
4913;126;49;0;b_morella;x
4914;197;115;11;b_scudding;x
4915;178;107;16;b_thunderhead;x
4916;184;114;23;b_squallor;x
4917;219;179;62;b_evenfall_hall;x
4918;208;172;68;b_stormfleet;x
4919;215;186;63;b_sunnybrook;x
4920;222;203;62;b_straightsharbor;x
4921;202;176;64;b_hillwood;x
4922;240;197;71;b_galladons_peak;x
4923;203;185;65;b_brightmoor;x
4924;137;124;71;b_burwyn_falls;x
4925;211;169;62;b_brokenside;x
4926;227;199;63;b_spur;x
4927;177;155;70;b_morne;x
4928;211;180;61;b_sundown;x
4929;222;185;61;b_noones_cove;x
4930;232;185;64;b_castlestar;x
4931;167;141;71;b_sapphire_point;x
4932;187;171;63;b_mightpoint;x
4933;221;183;65;b_dawnbreak;x
4934;228;210;77;b_might_islands;x
4935;217;162;62;b_morningside_castle;x
4936;220;182;61;b_bright_tree;x
4937;237;113;59;b_sunspear;x
4938;249;128;74;b_isle_nymeros;x
4939;229;80;15;b_water_gardens;x
4940;233;116;65;b_the_shadow_city;x
4941;220;119;75;b_matchfort;x
4942;238;118;65;b_the_glare;x
4943;246;93;27;b_castle_deadglade;x
4944;231;152;117;b_sunshield;x
4945;206;136;105;b_plankytown;x
4946;209;128;92;b_bloods_way;x
4947;210;147;119;b_vipers_nest;x
4948;192;122;90;b_stonecrest;x
4949;221;137;101;b_boneshield;x
4950;243;175;145;b_serith_sands;x
4951;235;163;132;b_mussling;x
4952;254;158;116;b_broken_vase;x
4953;253;170;134;b_flatwell;x
4954;247;141;94;b_conchstale;x
4955;194;90;44;b_stinkwater;x
4956;208;117;76;b_greenwash;x
4957;188;83;36;b_shandystone;x
4958;213;86;29;b_pungence;x
4959;196;102;60;b_oldfume;x
4960;255;255;19;b_lemonwood;x
4961;226;226;38;b_sourton;x
4962;249;249;57;b_yellow_grove;x
4963;255;255;20;b_tanghelm;x
4964;241;241;56;b_woodrind;x
4965;242;242;18;b_millers_town;x
4966;255;255;104;b_sweetwater;x
4967;213;213;118;b_acidwash;x
4968;221;221;71;b_citron;x
4969;234;234;74;b_juice_sands;x
4970;232;232;126;b_zestrind;x
4971;233;233;50;b_sourmarket;x
4972;226;226;28;b_pip_shore;x
4973;239;239;100;b_pulp_beach;x
4974;255;255;0;b_sourpool;x
4975;246;246;82;b_old_sourkeep;x
4976;189;189;50;b_whitedrill;x
4977;234;234;20;b_red_drill;x
4978;235;235;106;b_red_whelk;x
4979;243;182;35;b_salt_shore;x
4980;241;193;77;b_stoutgrave;x
4981;244;178;19;b_roosters_point;x
4982;225;167;30;b_shoalwatch;x
4983;230;162;0;b_saltwell;x
4984;245;173;2;b_crowbane;x
4985;243;176;16;b_cockerels_nest;x
4986;249;182;23;b_brackhold;x
4987;213;152;6;b_blight_shore;x
4988;230;173;37;b_brackish;x
4989;243;171;0;b_kinglet_tower;x
4990;236;170;14;b_sandbrine;x
4991;240;180;37;b_white_stones;x
4992;249;175;0;b_scald_seat;x
4993;227;170;36;b_prides_call;x
4994;230;167;19;b_palebank;x
4995;237;171;14;b_grave_roll;x
4996;246;178;15;b_saltstone;x
4997;234;174;31;b_rocksalt;x
4998;255;180;1;b_saltkeep;x
4999;238;183;51;b_drywood;x
5000;217;156;11;b_petrified_shore;x
5001;235;177;38;b_dryshore;x
5002;177;193;41;b_godsgrace;x
5003;196;211;72;b_santon;x
5004;190;209;28;b_gore_guard;x
5005;199;210;109;b_stars_spine;x
5006;191;208;50;b_goldengrasp;x
5007;199;219;29;b_godsdune;x
5008;209;228;48;b_goldpeppers;x
5009;201;219;49;b_withered_lake;x
5010;194;213;28;b_plum_fork;x
5011;183;200;42;b_melloran;x
5012;190;209;29;b_sandplume;x
5013;172;187;45;b_hullhold;x
5014;176;194;22;b_orangewood;x
5015;203;221;52;b_blood_orchard;x
5016;188;208;21;b_strawpatch;x
5017;192;212;22;b_murkside;x
5018;189;200;91;b_nerandyn;x
5019;219;231;115;b_sardwyn;x
5020;199;217;43;b_aldodrin;x
5021;188;208;20;b_rhoynes_tear;x
5022;171;189;16;b_great_andal_keep;x
5023;190;208;32;b_vestor_hill;x
5024;187;206;23;b_maidenspring;x
5025;217;235;65;b_dryweir;x
5026;168;183;38;b_holt_castle;x
5027;198;219;17;b_latebloom;x
5028;209;225;73;b_dartanyvar;x
5029;186;202;52;b_olive_grove;x
5030;216;229;110;b_qerdrin;x
5031;203;219;70;b_jeparr;x
5032;213;145;111;b_spottswood;x
5033;216;142;101;b_leopard_hill;x
5034;208;142;110;b_pock_heap;x
5035;186;127;104;b_cats_perch;x
5036;221;161;129;b_axemoor;x
5037;217;148;112;b_stalkwater;x
5038;222;166;135;b_the_lantern;x
5039;210;143;110;b_torchspear;x
5040;194;138;116;b_brightridge;x
5041;217;145;106;b_port_hammer;x
5042;197;140;118;b_red_leaf;x
5043;209;160;138;b_green_leaf;x
5044;228;165;125;b_rockwell;x
5045;209;135;97;b_wrystone;x
5046;205;134;98;b_dustmeadow;x
5047;183;121;97;b_wrecksworth;x
5048;225;148;97;b_nymerias_point;x
5049;238;166;52;b_ghost_hill;x
5050;255;174;46;b_ghastly_cliffs;x
5051;244;183;86;b_scatterback;x
5052;231;161;51;b_shade_dunes;x
5053;248;187;89;b_hall_of_the_dead;x
5054;239;181;41;b_grimebarrow;x
5055;237;176;80;b_pale_island;x
5056;239;192;79;b_nymercairn;x
5057;238;170;8;b_brinepebble;x
5058;242;172;4;b_smiths_shore;x
5059;236;170;11;b_shinecrest;x
5060;229;187;86;b_wax_hills;x
5061;227;170;34;b_echo_keep;x
5062;235;173;26;b_faintkeep;x
5063;217;164;37;b_glassmelt;x
5064;198;159;66;b_sealed_pass;x
5065;249;185;31;b_redbailer;x
5066;186;141;33;b_finkton;x
5067;236;180;46;b_bonehead;x
5068;211;83;27;b_the_tor;x
5069;184;92;51;b_rigneyton;x
5070;208;95;46;b_midnight_tower;x
5071;191;74;22;b_siltplume;x
5072;187;75;26;b_draught;x
5073;177;80;37;b_gyldshore;x
5074;208;81;24;b_tallor;x
5075;184;78;31;b_andor;x
5076;224;93;35;b_absher;x
5077;212;89;35;b_murrandy;x
5078;193;82;34;b_lowgard;x
5079;198;82;31;b_madding;x
5080;221;94;38;b_buryhill;x
5081;220;89;32;b_stormlight;x
5082;219;76;14;b_mourns_vault;x
5083;203;88;37;b_feverstone;x
5084;227;103;48;b_keep_venture;x
5085;225;81;18;b_holts_brink;x
5086;212;83;27;b_seven_towers;x
5087;203;100;55;b_worlds_eye;x
5088;212;83;28;b_tarwins_gap;x
5089;206;85;32;b_barberry;x
5090;221;99;45;b_dagger_path;x
5091;107;106;3;b_the_bramble;x
5092;124;123;3;b_bravethorn;x
5093;117;120;7;b_bindweed;x
5094;129;135;16;b_bushmills;x
5095;148;168;51;b_hadmurk;x
5096;130;137;17;b_swordcrown;x
5097;136;141;21;b_maraside;x
5098;126;128;9;b_stedding;x
5099;123;127;9;b_tan_hall;x
5100;125;130;13;b_kings_row;x
5101;132;139;20;b_brayme_wood;x
5102;240;198;11;b_vaith;x
5103;214;180;26;b_chuffridge;x
5104;230;190;13;b_vaith_town;x
5105;248;206;21;b_wound;x
5106;202;177;63;b_pelt_wash;x
5107;225;196;64;b_lone_pile;x
5108;230;194;33;b_old_glory;x
5109;240;200;21;b_parch_creek;x
5110;222;188;34;b_tornpelt;x
5111;223;189;38;b_drainburne;x
5112;226;186;6;b_chicorywine;x
5113;211;178;31;b_hold_by_the_river;x
5114;248;207;24;b_brittlebush;x
5115;209;173;14;b_russet_heights;x
5116;210;180;49;b_sunvane;x
5117;231;195;34;b_bloodbend;x
5118;220;188;49;b_ruddle;x
5119;216;181;27;b_amarwell;x
5120;220;183;19;b_overwatch;x
5121;194;160;11;b_hellas_view;x
5122;205;173;31;b_buried_keep;x
5123;198;164;11;b_retribution;x
5124;225;186;11;b_skyline;x
5125;237;200;35;b_blind_watch;x
5126;198;164;15;b_trenchworks;x
5127;217;181;20;b_iron_line;x
5128;209;173;13;b_seigedance;x
5129;222;186;24;b_bonebreak;x
5130;213;178;21;b_dustpalace;x
5131;234;194;17;b_valley_vae;x
5132;225;192;43;b_the_drift;x
5133;233;195;27;b_blackgarden;x
5134;240;200;23;b_tharsis_shore;x
5135;225;111;35;b_hellholt;x
5136;234;120;44;b_lockburn;x
5137;221;108;33;b_fickle;x
5138;203;115;56;b_the_spearseat;x
5139;243;121;39;b_madness_tower;x
5140;202;105;40;b_fear_winds;x
5141;222;103;24;b_sulphur_hall;x
5142;235;123;48;b_the_boil;x
5143;215;108;37;b_sunridge;x
5144;233;113;33;b_perdition;x
5145;205;123;68;b_punishment;x
5146;238;121;43;b_fort_gramory;x
5147;218;105;30;b_jackals_den;x
5148;210;84;0;b_hellhound_town;x
5149;229;123;51;b_crimson_drip;x
5150;221;95;12;b_flame_coast;x
5151;218;105;29;b_dantellion;x
5152;202;97;28;b_bad_rock;x
5153;244;104;11;b_brimstone_hall;x
5154;236;97;5;b_fyrand;x
5155;246;120;37;b_hellgate_hall;x
5156;213;105;33;b_burntlight;x
5157;220;106;29;b_wrath_drop;x
5158;222;99;17;b_shattered_plains;x
5159;205;114;53;b_steamfall;x
5160;225;103;23;b_steamrift;x
5161;240;110;24;b_scorchor;x
5162;224;115;42;b_hellderness;x
5163;215;96;17;b_steam_shore;x
5164;209;111;46;b_last_rite;x
5165;220;110;36;b_castle_burndune;x
5166;213;108;37;b_scarbrook;x
5167;189;97;35;b_demons_cairn;x
5168;190;112;59;b_hells_heights;x
5169;208;125;69;b_dark_arch;x
5170;205;110;46;b_morbidmund;x
5171;237;101;11;b_desert_hearth;x
5172;228;115;39;b_torrid_drifts;x
5173;246;117;31;b_wicked_waste;x
5174;240;120;40;b_blood_dune;x
5175;221;102;23;b_bloodbridge;x
5176;195;116;62;b_stifling;x
5177;220;111;38;b_willburn;x
5178;216;117;51;b_judges_song;x
5179;219;102;24;b_skinfire;x
5180;225;92;4;b_orpyre;x
5181;212;96;19;b_flesh_and_bone;x
5182;223;92;4;b_smoldering;x
5183;168;134;53;b_first_well;x
5184;180;136;30;b_greendune;x
5185;182;148;66;b_bleak_dune;x
5186;209;150;10;b_whitesand;x
5187;186;144;44;b_morshold;x
5188;199;153;43;b_ashplain;x
5189;221;161;16;b_the_cistern;x
5190;193;151;52;b_white_rump;x
5191;175;132;29;b_reedhorn;x
5192;225;171;43;b_pronghorn;x
5193;209;152;16;b_narrock;x
5194;172;128;23;b_three_strings;x
5195;161;117;12;b_grit_ridge;x
5196;204;156;41;b_drybrush;x
5197;206;152;22;b_olyvars_oasis;x
5198;194;155;62;b_sinking_sands;x
5199;236;179;43;b_dustbowl_keep;x
5200;212;155;18;b_pale_sands;x
5201;203;145;5;b_saltbush;x
5202;214;155;14;b_stale_hill;x
5203;222;164;26;b_elland;x
5204;198;152;42;b_dustspine;x
5205;166;127;35;b_goodsprings;x
5206;207;150;11;b_shady_pass;x
5207;174;127;16;b_orryck_sands;x
5208;176;132;27;b_simmerbyrne;x
5209;208;155;28;b_underfoot;x
5210;196;142;12;b_dwellbush;x
5211;239;148;5;b_sandstone;x
5212;232;142;1;b_deathstalk;x
5213;243;166;46;b_spearwater;x
5214;245;161;30;b_needle_valley;x
5215;255;179;60;b_sandvenom;x
5216;212;130;0;b_dunestale;x
5217;221;147;29;b_stainwater;x
5218;221;136;2;b_dunespots;x
5219;205;136;27;b_brasscales;x
5220;236;147;7;b_splitgravel;x
5221;231;146;11;b_senter_hall;x
5222;245;161;29;b_parchwell;x
5223;240;159;30;b_rashpit;x
5224;225;143;14;b_whitedune_pass;x
5225;246;153;7;b_whitedune_flats;x
5226;233;149;16;b_dustwalk;x
5227;189;121;16;b_the_stingseat;x
5228;236;147;6;b_thicktail;x
5229;224;140;9;b_flat_cut;x
5230;199;125;10;b_burrow_dune;x
5231;206;141;40;b_white_hiss;x
5232;231;147;16;b_stinging_stones;x
5233;221;145;26;b_dreadsand;x
5234;239;157;29;b_brickmounds;x
5235;235;156;30;b_coarse_keep;x
5236;228;162;57;b_silence;x
5237;247;160;22;b_aurisand;x
5238;228;142;6;b_scarcrest;x
5239;244;151;4;b_barbmane;x
5240;241;161;36;b_steeds_route;x
5241;255;174;47;b_sandmare;x
5242;255;156;1;b_stable_shore;x
5243;231;148;17;b_truestable;x
5244;251;173;50;b_oldsands;x
5245;214;145;36;b_sandhorn;x
5246;223;141;12;b_holeside;x
5247;246;158;20;b_grainglass;x
5248;232;153;28;b_holyhead;x
5249;245;151;4;b_crushed_stone;x
5250;221;151;42;b_anchoran;x
5251;238;156;27;b_arnight_hall;x
5252;255;156;0;b_arnight_shore;x
5253;232;145;8;b_byerly;x
5254;250;155;6;b_dome_rock;x
5255;223;137;2;b_dawn_kiss;x
5256;232;150;22;b_sandy_run;x
5257;234;67;45;b_starfall;x
5258;249;126;109;b_the_starport;x
5259;245;97;78;b_starcrossing;x
5260;247;139;125;b_dawnlight;x
5261;242;115;98;b_suns_edge;x
5262;209;112;99;b_brighttail;x
5263;228;137;125;b_violet_rift;x
5264;233;155;144;b_high_hermitage;x
5265;231;128;113;b_vulture_watch;x
5266;235;80;59;b_silverlight;x
5267;220;126;113;b_amethyst_pool;x
5268;216;118;105;b_stars_edge;x
5269;233;131;118;b_six_hills;x
5270;231;167;159;b_reandle;x
5271;238;164;154;b_broken_elbow;x
5272;209;135;125;b_winding_dune;x
5273;223;148;138;b_sandance;x
5274;204;109;96;b_sunstop;x
5275;223;137;126;b_starryberth;x
5276;229;164;155;b_elbow_cove;x
5277;215;150;141;b_the_lighthouse;x
5278;210;111;97;b_altar_of_flame;x
5279;241;143;129;b_sunbreak_forge;x
5280;230;117;101;b_desert_edge;x
5281;203;154;147;b_radiant_sands;x
5282;246;103;103;b_dawnbrink;x
5283;209;89;89;b_late_mourning;x
5284;231;98;98;b_wythmail;x
5285;219;103;103;b_sandcourse;x
5286;199;107;107;b_nightfall;x
5287;238;79;79;b_scattering_sands;x
5288;239;96;96;b_suns_cross;x
5289;229;103;103;b_rippling_dunes;x
5290;241;119;119;b_burning_place;x
5291;249;105;105;b_the_gateway;x
5292;239;94;94;b_golden_oasis;x
5293;214;46;46;b_swirling_basin;x
5294;237;97;97;b_pariahs_refuge;x
5295;217;87;87;b_rocktop;x
5296;236;116;100;b_sand_crag;x
5297;222;134;122;b_astermine;x
5298;212;131;121;b_drywaste;x
5299;206;140;132;b_burnplain;x
5300;205;134;125;b_dustdrop;x
5301;222;135;124;b_duskwarren;x
5302;231;149;138;b_qorenswell;x
5303;236;189;77;b_yronwood;x
5304;249;185;30;b_blood_town;x
5305;236;177;34;b_postyrn;x
5306;254;200;70;b_inneryron;x
5307;238;195;92;b_clearfell;x
5308;254;191;39;b_cuttwood;x
5309;242;191;67;b_yronstones;x
5310;222;168;40;b_stoneway_gate;x
5311;224;178;69;b_pour_house;x
5312;236;177;37;b_sunkissed;x
5313;240;178;30;b_palmfrond;x
5314;242;191;69;b_the_vent;x
5315;223;178;72;b_drinkvane;x
5316;246;191;58;b_mugwell;x
5317;170;200;63;b_flatwater;x
5318;160;186;49;b_gateshoal;x
5319;165;193;56;b_dunebowl;x
5320;153;181;49;b_merlings_rest;x
5321;163;194;61;b_beachwort;x
5322;158;187;56;b_bushgrain;x
5323;246;187;45;b_first_sand;x
5324;246;181;24;b_dustcairn;x
5325;244;180;25;b_greatcrests;x
5326;255;180;0;b_empty_wells;x
5327;239;169;2;b_dead_rock;x
5328;241;175;17;b_battle_hill;x
5329;250;184;25;b_royalmarch;x
5330;246;185;40;b_roywood;x
5331;254;190;37;b_overdune;x
5332;232;164;0;b_mercy_spring;x
5333;235;174;28;b_sale_hill;x
5334;235;170;13;b_flametuffet;x
5335;152;174;36;b_the_scourge_hold;x
5336;157;180;38;b_dreardune;x
5337;162;186;45;b_sunreach;x
5338;152;173;33;b_scourgeside;x
5339;156;180;41;b_drywash;x
5340;162;188;50;b_scourge_hill;x
5341;231;171;29;b_wayguard;x
5342;237;181;49;b_blackgrill;x
5343;255;195;53;b_driftchain;x
5344;246;183;31;b_wellsand;x
5345;247;175;6;b_dune_trap;x
5346;251;189;37;b_bloodline;x
5347;225;165;19;b_heritage_keep;x
5348;235;177;33;b_warthog;x
5349;248;194;63;b_bluestone;x
5350;244;192;68;b_deathmatch;x
5351;243;174;10;b_no_mans_land;x
5352;226;203;52;b_skyreach;x
5353;227;201;30;b_falcons_pool;x
5354;238;213;50;b_spare_feather;x
5355;247;221;48;b_fowlers_ridge;x
5356;231;204;25;b_beltside;x
5357;248;224;66;b_feakridge;x
5358;217;189;1;b_widewatch;x
5359;229;201;13;b_pass_view;x
5360;239;213;37;b_girt_rocks;x
5361;240;209;0;b_widefence;x
5362;246;218;30;b_trapstone;x
5363;223;195;7;b_cadgemont;x
5364;238;209;14;b_stone_and_sky;x
5365;251;220;12;b_soar_stream;x
5366;241;216;45;b_mewmont;x
5367;221;197;32;b_falcons_way;x
5368;221;198;43;b_hoodridge_keep;x
5369;212;185;7;b_rufter;x
5370;225;201;37;b_cloaked_dune;x
5371;207;184;30;b_hoodside;x
5372;244;219;51;b_peregrine_sands;x
5373;229;201;12;b_thorntree;x
5374;219;193;20;b_sandmeadow;x
5375;238;208;11;b_thorn_mine;x
5376;233;209;50;b_thorn_sand;x
5377;249;217;0;b_drywattle;x
5378;241;210;0;b_bottleneck;x
5379;218;191;7;b_tower_of_joy;x
5380;222;203;78;b_princes_climb;x
5381;245;221;60;b_dead_mans_rise;x
5382;218;218;7;b_spears_end;x
5383;218;150;20;b_blackmont;x
5384;221;159;40;b_dark_wake;x
5385;233;170;48;b_putrid_hill;x
5386;216;155;36;b_vulture_town;x
5387;224;152;11;b_black_venue;x
5388;232;153;1;b_coalmolt;x
5389;240;180;66;b_baldcrest_river;x
5390;239;184;80;b_moltwater;x
5391;238;163;21;b_mineclutch;x
5392;241;171;37;b_baldcrest;x
5393;240;188;89;b_baldmarch;x
5394;235;157;6;b_crawls_keep;x
5395;241;167;24;b_charnelhome;x
5396;212;155;45;b_lappet_tower;x
5397;240;173;44;b_drownbeard;x
5398;224;167;56;b_pilferers_perch;x
5399;237;157;2;b_torrents_drip;x
5400;228;163;36;b_carrion_hall;x
5401;235;166;34;b_the_feeding_tower;x
5402;228;151;0;b_talon_scar;x
5403;243;162;5;b_the_decay;x
5404;244;175;41;b_fetid_flows;x
5405;248;183;58;b_mount_wake;x
5406;219;161;50;b_westroost;x
5407;238;179;65;b_blunt_talon;x
5408;249;179;42;b_whiteback;x
5409;228;160;29;b_trickledown;x
5410;236;156;1;b_corpse_wash;x
5411;247;168;14;b_mawk_peak;x
5412;229;130;13;b_kingsgrave;x
5413;250;148;26;b_black_hole;x
5414;217;131;30;b_morbid_ridge;x
5415;246;141;16;b_barebones;x
5416;237;136;16;b_albins_march;x
5417;251;154;38;b_breakneck;x
5418;228;154;67;b_glowstone;x
5419;224;146;54;b_dustblock;x
5420;238;146;37;b_pickwood;x
5421;215;144;59;b_red_torch;x
5422;245;153;44;b_stonemine;x
5423;242;143;27;b_mundane;x
5424;188;120;40;b_claret_hall;x
5425;230;163;83;b_mortberry;x
5426;197;118;25;b_tannin_tower;x
5427;212;142;59;b_mad_scar;x
5428;223;140;41;b_broken_crypts;x
5429;229;131;14;b_red_orchard;x
5430;230;145;45;b_strongwine;x
5431;242;136;10;b_redhare_vale;x
5432;219;128;21;b_bruttridge;x
5433;242;132;2;b_vinestream;x
5434;212;115;0;b_rusthook;x
5435;225;130;18;b_sour_side;x
5436;242;139;17;b_rustbarren;x
5437;223;121;1;b_bonemark;x
5438;221;128;18;b_lostgrave;x
5439;230;134;20;b_ochre;x
5440;255;138;0;b_wastewood;x
5441;203;229;31;b_wyl;x
5442;211;239;24;b_cavern_cliffs;x
5443;201;224;48;b_black_adder;x
5444;197;219;50;b_footway;x
5445;200;227;22;b_heelmouth;x
5446;207;237;8;b_feedtunnels;x
5447;186;209;30;b_fangside;x
5448;197;219;53;b_long_fang;x
5449;197;223;24;b_bonepath;x
5450;195;211;89;b_vipercrest;x
5451;186;200;91;b_scalerise;x
5452;193;219;22;b_brinkburn;x
5453;183;208;14;b_addersflow;x
5454;212;237;46;b_rocklure;x
5455;185;209;25;b_sliderock;x
5456;202;224;54;b_asp_hill;x
5457;191;212;49;b_slither;x
5458;203;231;13;b_highgrave;x
5459;174;194;36;b_hornridge;x
5460;222;255;0;b_barb_ridge;x
5461;201;225;36;b_carve;x
5462;196;223;14;b_denmont;x
5463;210;235;43;b_pitwater;x
5464;191;211;57;b_serpent_caves;x
5465;204;229;34;b_vultures_roost;x
5466;183;206;31;b_blackvein;x
5467;220;251;9;b_veins_clot;x
5468;206;230;48;b_deadmilk;x
5469;206;236;6;b_serpent_rock;x
5470;227;251;62;b_skullsgate;x
5471;223;241;100;b_darkscale;x
5472;183;156;113;b_ghaston_grey;x
5473;149;121;77;b_shrieks_harbor;x
5474;165;114;86;b_tun_vunag;x
5475;174;122;92;b_afskayl_cov;x
5476;172;121;89;b_thavryk;x
5477;173;122;90;b_locksgren;x
5478;177;125;95;b_magnaros_myag;x
5479;175;128;93;b_magnartyin;x
5480;162;105;77;b_srunmued;x
5481;166;116;82;b_srunos_cov;x
5482;164;110;77;b_kifhyskr;x
5483;166;113;80;b_chask;x
5484;167;121;86;b_yaykdeas;x
5485;166;121;91;b_krih;x
5486;173;120;93;b_erroykdeas;x
5487;182;137;108;b_vrunyk;x
5488;155;106;80;b_skeck_pal;x
5489;135;87;55;b_lisskel;x
5490;162;106;80;b_kelskam;x
5491;162;116;92;b_beltrch;x
5492;148;98;71;b_ndurmyt;x
5493;147;119;97;b_basortig;x
5494;185;148;126;b_vilender;x
5495;156;104;78;b_gerrask;x
5496;162;110;81;b_vesespir;x
5497;192;150;121;b_spursk;x
5498;162;113;92;b_voss_voln;x
5499;162;106;77;b_pursklysk;x
5500;166;113;82;b_saalkru;x
5501;167;111;78;b_distarag;x
5502;165;120;91;b_vark;x
5503;162;116;87;b_mavremr;x
5504;160;110;82;b_remskecks;x
5505;186;150;127;b_karik_prek;x
5506;149;95;71;b_yirkviss;x
5507;167;122;93;b_arergludak;x
5508;162;118;85;b_hyskern;x
5509;192;153;131;b_thevbelir;x
5510;185;149;127;b_mountains_end;x
5511;177;132;116;b_snowblind_ledge;x
5512;183;139;109;b_sheltered_grotto;x
5513;184;139;123;b_dakmyr;x
5514;182;150;110;b_lungcatch;x
5515;170;144;104;b_neargulch;x
5516;148;120;90;b_travelers_lodge;x
5517;156;124;94;b_pooldown;x
5518;163;139;101;b_greybanks;x
5519;194;157;137;b_faroff;x
5520;180;150;106;b_cragg_peaks;x
5521;103;65;54;b_bendburrow;x
5522;164;132;98;b_hollow_rise;x
5523;179;150;130;b_ramsledge;x
5524;177;131;116;b_keening_pass;x
5525;110;71;54;b_off_flow;x
5526;111;69;54;b_whistled_grooves;x
5527;121;74;63;b_rock_and_stone;x
5528;127;69;73;b_fukkarl;x
5529;126;72;65;b_weirrik;x
5530;130;78;70;b_horskes_fior;x
5531;155;124;94;b_radsygga;x
5532;103;65;60;b_glacierscar;x
5533;113;70;54;b_long_cavern;x
5534;121;76;80;b_talons_bluffs;x
5535;118;74;61;b_icebeaks_ridge;x
5536;121;77;71;b_glaciers_gateway;x
5537;122;71;68;b_feathered_crest;x
5538;121;76;62;b_owlet_fall;x
5539;131;77;72;b_eagle_heights;x
5540;133;81;69;b_crossed_streams;x
5541;126;72;71;b_rockside_freeze;x
5542;112;72;69;b_shaggy_home;x
5543;131;74;67;b_withered_rock;x
5544;129;81;70;b_mammoth_lows;x
5545;124;75;68;b_giants_grave;x
5546;125;71;68;b_thicktree_grove;x
5547;134;74;69;b_clubwood;x
5548;122;73;66;b_boulderfall;x
5549;123;71;66;b_axelodge;x
5550;131;75;61;b_flooded_thicket;x
5551;129;83;68;b_windswept_peak;x
5552;131;76;70;b_lone_mound;x
5553;129;74;67;b_skirling;x
5554;131;77;71;b_bladerest;x
5555;126;69;65;b_snowmelt_peak;x
5556;133;76;70;b_rockfall_riverside;x
5557;133;78;73;b_desolate_rocks;x
5558;137;77;71;b_eaglefall;x
5559;118;70;65;b_seer_peak;x
5560;122;72;68;b_frozen_slope;x
5561;126;77;68;b_vals_peak;x
5562;133;72;70;b_grim_valley;x
5563;135;82;80;b_frozen_path;x
5564;133;73;71;b_exile_heights;x
5565;133;82;69;b_tuskcairn;x
5566;133;79;67;b_mammoth_grave;x
5567;130;73;59;b_wooly_rocks;x
5568;111;70;55;b_tuskgrove;x
5569;136;87;70;b_hairy_mound;x
5570;132;74;67;b_calf_vale;x
5571;119;67;55;b_rotten_lodge;x
5572;116;66;54;b_carcass_grove;x
5573;114;72;52;b_corpsewood;x
5574;132;75;65;b_end_trail;x
5575;100;55;46;b_stankwood;x
5576;89;59;35;b_tripflow;x
5577;116;66;55;b_heelmont;x
5578;145;94;70;b_darkglass;x
5579;115;67;57;b_haftgrove;x
5580;111;62;51;b_south_prong;x
5581;101;60;47;b_watcher;x
5582;114;67;55;b_great_prong;x
5583;111;61;48;b_tine_valley;x
5584;88;56;34;b_shadowskin_lodge;x
5585;101;61;51;b_antler_ridge;x
5586;106;62;37;b_forkside;x
5587;111;65;57;b_topside;x
5588;106;63;51;b_swill_rock;x
5589;99;62;43;b_drunkwood;x
5590;180;148;122;b_milkgulp;x
5591;140;82;64;b_shattered_jaw;x
5592;154;99;80;b_stained_mountain;x
5593;151;102;76;b_fracture_pass;x
5594;99;63;48;b_blindstream;x
5595;111;65;49;b_gnarled_rock;x
5596;141;82;63;b_deadroot;x
5597;143;86;62;b_tornleg;x
5598;113;65;54;b_climbers_path;x
5599;141;85;63;b_ruddy_hall;x
5600;97;53;43;b_frostridge;x
5601;89;60;35;b_mount_taldr;x
5602;114;65;58;b_taldr_ledge;x
5603;145;95;87;b_ruddy_cliffs;x
5604;145;93;66;b_banewood;x
5605;141;88;66;b_napping_hills;x
5606;89;53;44;b_the_plunge;x
5607;112;65;52;b_thunder_pass;x
5608;111;67;55;b_duskrpeak;x
5609;113;77;62;b_wealdholm;x
5610;145;97;84;b_lowridge;x
5611;145;93;85;b_calengap;x
5612;89;67;35;b_wily_tree;x
5613;112;65;59;b_highridge;x
5614;145;99;84;b_giants_step;x
5615;145;82;70;b_tusk_spear;x
5616;145;93;68;b_brokebones;x
5617;144;88;66;b_giants_pasture;x
5618;144;91;61;b_blubber_point;x
5619;145;96;70;b_whitewood;x
5620;144;95;66;b_shaggy_mound;x
5621;144;92;69;b_tuskhal;x
5622;151;102;83;b_flipperwood;x
5623;150;95;77;b_permalin;x
5624;140;86;64;b_tuskclyff;x
5625;145;93;71;b_capewood;x
5626;91;54;50;b_maulnock_hold;x
5627;125;76;52;b_nockflat;x
5628;122;76;56;b_maulmelt;x
5629;114;69;55;b_midgap;x
5630;110;69;55;b_fangs_lip;x
5631;116;76;64;b_southgap;x
5632;99;58;49;b_whiteflap;x
5633;107;65;57;b_hightribe;x
5634;112;70;61;b_packledge;x
5635;121;72;69;b_winters_breach;x
5636;115;71;59;b_sheer_flats;x
5637;114;68;57;b_walkers_march;x
5638;112;70;60;b_whiteout_flats;x
5639;127;80;54;b_horkstone_hold;x
5640;124;77;52;b_fangridge;x
5641;122;76;48;b_horkhill;x
5642;117;80;51;b_icestone_ridge;x
5643;133;83;58;b_frost_gully;x
5644;126;75;54;b_mount_hork;x
5645;117;75;48;b_sheerstone;x
5646;145;99;94;b_whitetooth_hold;x
5647;140;94;78;b_rimefang;x
5648;128;80;54;b_tush_flat;x
5649;148;98;85;b_weeping_wall;x
5650;129;81;58;b_yaeger_huts;x
5651;122;75;51;b_hunters_lake;x
5652;130;79;57;b_white_hunt;x
5653;129;82;56;b_yaejyrflats;x
5654;135;89;60;b_hunt_ledge;x
5655;134;87;60;b_preylands;x
5656;126;76;56;b_frozennest;x
5657;120;74;48;b_white_winds;x
5658;128;77;55;b_white_bear_hold;x
5659;133;82;57;b_paw_print_flats;x
5660;145;99;88;b_slopefall;x
5661;89;69;35;b_polflats;x
5662;148;99;86;b_bear_ledge;x
5663;140;97;94;b_mauledlands;x
5664;126;78;53;b_skihold;x
5665;129;87;77;b_tumbleflats;x
5666;114;89;73;b_sliding;x
5667;99;77;64;b_skidders_ridge;x
5668;140;94;85;b_the_slope;x
5669;112;83;65;b_echoheights;x
5670;121;84;74;b_bleakflats;x
5671;115;82;66;b_mirror_sheets;x
5672;115;82;65;b_whispers_ledge;x
5673;140;99;92;b_screamers_flat;x
5674;141;91;76;b_ridgewatch;x
5675;120;84;67;b_dropped_hold;x
5676;123;88;69;b_frost_approach;x
5677;140;94;82;b_drops_edge;x
5678;132;82;57;b_sweat_lodge;x
5679;122;86;51;b_coldside;x
5680;115;79;66;b_underledge;x
5681;116;82;66;b_warmside;x
5682;116;71;59;b_feldhead;x
5683;112;70;63;b_meltedfeld;x
5684;111;70;46;b_icefeld;x
5685;123;75;52;b_blendfeld;x
5686;151;101;90;b_whitefeld;x
5687;119;71;61;b_the_empty;x
5688;119;75;50;b_brownfeld;x
5689;151;105;83;b_pulkwaters;x
5690;151;107;81;b_pulkledge;x
5691;152;101;92;b_whitepulk;x
5692;126;81;69;b_the_bush;x
5693;125;75;53;b_ledgebush;x
5694;110;77;61;b_herdwell;x
5695;99;71;58;b_slipbush;x
5696;125;87;77;b_iceflow;x
5697;116;83;71;b_drinkwall;x
5698;99;76;65;b_running_ridge;x
5699;119;82;67;b_faunaway;x
5700;99;76;64;b_herdlands;x
5701;150;102;92;b_lorns_rest;x
5702;143;95;77;b_gullfest;x
5703;142;94;78;b_skinners_bay;x
5704;150;98;82;b_shellcoast;x
5705;145;97;82;b_candleflow;x
5706;140;94;77;b_corpseflats;x
5707;149;99;86;b_coldfall;x
5708;141;93;78;b_putrid_pass;x
5709;143;95;79;b_gripstone;x
5710;126;90;66;b_rotten_shore;x
5711;141;91;75;b_voltussyk;x
5712;145;97;81;b_voltflats;x
5713;143;94;76;b_rokflats;x
5714;145;99;90;b_rokussyk;x
5715;143;96;82;b_deadfeld;x
5716;150;98;87;b_rollingflats;x
5717;142;96;84;b_lichen_wall;x
5718;148;98;91;b_lichfeld;x
5719;116;55;54;b_yellowgrass_hearth;x
5720;121;89;71;b_steamy_flats;x
5721;143;95;90;b_deadfield;x
5722;143;93;80;b_snowy_escape;x
5723;145;97;79;b_seal_point;x
5724;120;84;72;b_gravehold;x
5725;145;98;82;b_grassfields_demise;x
5726;113;90;72;b_desolate_field;x
5727;120;87;75;b_freezing_pass;x
5728;138;92;75;b_grazingfield;x
5729;132;82;69;b_deers_rain;x
5730;138;88;76;b_shrubsleet;x
5731;110;87;69;b_furswept;x
5732;107;80;66;b_snowy_pass;x
5733;110;77;59;b_deergrave_frore;x
5734;101;77;60;b_snowfield;x
5735;106;86;67;b_the_pods_flow;x
5736;121;85;71;b_red_guch;x
5737;127;63;62;b_broken_tusk_field;x
5738;115;83;68;b_fats_end;x
5739;119;84;71;b_tuskens_doom;x
5740;106;86;69;b_tuskwall;x
5741;110;91;67;b_piscis_rest;x
5742;106;72;57;b_icehome;x
5743;110;86;69;b_wancoast;x
5744;137;85;73;b_quarry_coast;x
5745;135;81;66;b_tuskpont;x
5746;121;84;69;b_meltin;x
5747;102;78;60;b_shadows_corpse;x
5748;105;77;65;b_selkie_sund;x
5749;116;80;71;b_whiteneck;x
5750;122;83;71;b_icewalk;x
5751;156;111;93;b_selkie_point;x
5752;133;105;88;b_whispers_wall;x
5753;112;83;69;b_peltwash;x
5754;117;77;67;b_shunfield;x
5755;125;86;71;b_riverhome;x
5756;105;79;68;b_heated_shore;x
5757;141;104;82;b_still_flats;x
5758;150;108;94;b_heavy_smell;x
5759;156;111;90;b_damplight;x
5760;98;72;56;b_bunched;x
5761;153;109;81;b_hairswept;x
5762;100;75;60;b_glintstone;x
5763;156;112;96;b_bonebroth;x
5764;119;83;65;b_sleetstone;x
5765;115;82;71;b_palecliff;x
5766;122;88;70;b_pine_point;x
5767;110;80;68;b_bleakridge;x
5768;111;76;60;b_cauldhouse;x
5769;107;79;65;b_brevelyk;x
5770;122;86;77;b_brightplain;x
5771;116;82;68;b_shine_path;x
5772;120;100;80;b_sunny_spot;x
5773;111;77;65;b_gravelark;x
5774;110;81;67;b_maradon;x
5775;127;91;78;b_the_lyk;x
5776;91;72;59;b_sheer_wall;x
5777;114;88;72;b_snowmound;x
5778;117;89;72;b_big_ice;x
5779;109;72;65;b_paleswept;x
5780;122;92;73;b_slickbare;x
5781;115;87;71;b_daara;x
5782;123;85;76;b_bad_waste;x
5783;166;123;103;b_good_web;x
5784;156;111;98;b_softsilk;x
5785;158;110;94;b_bad_path;x
5786;152;107;92;b_critterspot;x
5787;156;114;91;b_longleg;x
5788;156;113;88;b_webby_hollow;x
5789;156;109;88;b_blackhair;x
5790;122;85;73;b_bigwalruss_camp;x
5791;151;115;83;b_war_perch;x
5792;122;86;66;b_trap_den;x
5793;173;135;117;b_good_catch;x
5794;108;77;66;b_runningway;x
5795;155;110;84;b_bonebuild;x
5796;166;123;104;b_yarek;x
5797;111;86;66;b_the_drop;x
5798;141;101;80;b_levelhead;x
5799;150;106;80;b_fearfall;x
5800;120;83;73;b_shiny_doom;x
5801;113;96;68;b_reachout;x
5802;171;131;112;b_lookdown;x
5803;153;104;82;b_wide_sky;x
5804;165;121;102;b_gahurl_mag;x
5805;160;114;94;b_floatwell;x
5806;113;88;68;b_shallows;x
5807;143;102;75;b_sunder;x
5808;128;96;79;b_white_abyss;x
5809;156;114;94;b_riverswept;x
5810;147;100;77;b_deepcrack;x
5811;146;103;77;b_blue_thrush;x
5812;150;106;83;b_cracked_and_crumble;x
5813;160;117;92;b_lost_away;x
5814;183;148;122;b_mag_narkannih;x
5815;189;154;134;b_mags_stream;x
5816;183;147;125;b_mag_nariylk;x
5817;151;127;103;b_giants_slope;x
5818;130;83;67;b_cov_voss;x
5819;132;114;92;b_wunshal;x
5820;170;132;96;b_roveggih;x
5821;160;123;92;b_winters_wall;x
5822;184;148;122;b_roveggs_canal;x
5823;192;154;131;b_furthest_melt;x
5824;174;139;101;b_bone_ridge;x
5825;163;129;92;b_blizards_swell;x
5826;185;149;122;b_on_tun_degvoss;x
5827;185;149;124;b_basorflats;x
5828;160;123;94;b_last_wood;x
5829;189;154;129;b_treesend;x
5830;152;121;84;b_tunvoss;x
5831;160;123;89;b_snowsheet;x
5832;147;119;100;b_lastwater;x
5833;189;154;131;b_wud_monm;x
5834;185;149;126;b_littleridge;x
5835;188;152;128;b_wuns_head;x
5836;165;121;96;b_wightwell;x
5837;167;121;103;b_winterbite;x
5838;171;132;109;b_arek;x
5839;143;106;84;b_deadbrook;x
5840;171;135;98;b_sruhmonm_veg;x
5841;114;84;80;b_coldmont;x
5842;170;121;109;b_sheerlark;x
5843;161;123;105;b_snowcliff;x
5844;114;84;75;b_ice_stretch;x
5845;155;123;85;b_blizard_ridge;x
5846;161;123;91;b_elsas_cliff;x
5847;176;137;110;b_anmrud;x
5848;167;122;107;b_others_approach;x
5849;165;122;105;b_falan;x
5850;172;132;116;b_shatterbell;x
5851;157;115;101;b_hoarmot;x
5852;161;119;103;b_ain_haih;x
5853;127;92;74;b_weshoar;x
5854;121;94;75;b_frostblud;x
5855;114;85;69;b_iceblud;x
5856;185;146;122;b_bludhed;x
5857;158;124;88;b_kryn_prek;x
5858;144;107;91;b_shatterflats;x
5859;143;110;88;b_icepoint;x
5860;133;98;76;b_miahinyih;x
5861;144;105;89;b_voss_lysk_anag;x
5862;131;99;76;b_icemirror;x
5863;139;103;79;b_lyskeg;x
5864;135;99;81;b_black_ice;x
5865;152;120;92;b_ain_oslhak;x
5866;180;135;105;b_the_frozen_three;x
5867;138;101;84;b_vakaresk;x
5868;143;105;90;b_norvak;x
5869;128;90;74;b_trasdryn;x
5870;114;93;62;b_drynclyf;x
5871;146;110;89;b_gerlhark;x
5872;113;90;61;b_shiverclyf;x
5873;135;100;83;b_blue_ice;x
5874;140;108;83;b_the_white;x
5875;141;100;78;b_wiltmeat;x
5876;185;152;128;b_nkman_pin;x
5877;150;126;108;b_ain_dornk;x
5878;179;144;121;b_noreast;x
5879;178;147;125;b_gluhmyag;x
5880;141;105;88;b_frost_torch;x
5881;146;115;85;b_icy_peak_coast;x
5882;133;103;77;b_blizzardflats;x
5883;207;164;136;b_saltground_lodge;x
5884;200;162;132;b_mossy_beach;x
5885;143;117;89;b_darktree_forest;x
5886;200;161;127;b_muddy_flats;x
5887;186;151;119;b_coldforest_edge;x
5888;140;115;88;b_thicktree_logs;x
5889;207;164;132;b_shivering_thatch;x
5890;207;170;146;b_hopes_grave;x
5891;206;165;134;b_seagull_grounds;x
5892;143;116;88;b_the_scare;x
5893;140;113;86;b_the_demise;x
5894;208;172;143;b_gravepoint;x
5895;146;123;96;b_eagles_nest;x
5896;129;103;81;b_blacktree_thicket;x
5897;138;117;89;b_snowy_grove;x
5898;152;126;98;b_mans_escape;x
5899;138;113;94;b_freezewater_woods;x
5900;129;86;75;b_windy_forest;x
5901;150;123;98;b_frorefield;x
5902;146;119;99;b_shivering_timbers;x
5903;135;106;90;b_snowy_covet;x
5904;134;75;79;b_pinegrounds;x
5905;128;73;67;b_deers_end;x
5906;146;123;95;b_bonewoods;x
5907;140;113;88;b_snaremakers_woods;x
5908;141;116;88;b_hardwood_grove;x
5909;135;110;92;b_erroks_grave;x
5910;146;124;102;b_moonkissed_vale;x
5911;182;142;108;b_cold_hearth;x
5912;180;139;105;b_snowfall_flat;x
5913;185;146;116;b_riverside_freeze;x
5914;147;109;88;b_last_green;x
5915;146;108;91;b_suffering_sands;x
5916;185;146;110;b_darkwater_bay;x
5917;196;159;122;b_dying_pines;x
5918;193;153;118;b_low_water_edge;x
5919;192;152;117;b_forests_demise;x
5920;187;148;114;b_fireweed;x
5921;185;146;112;b_nights_embrace;x
5922;198;157;124;b_softground_edge;x
5923;185;147;115;b_lumber_grounds;x
5924;197;157;122;b_sorrow_wood;x
5925;123;103;79;b_silent_grove;x
5926;156;124;104;b_icy_shore;x
5927;189;154;135;b_frozen_grave;x
5928;174;134;102;b_flickering_light;x
5929;185;147;116;b_blackice_flats;x
5930;131;109;100;b_last_whisper;x
5931;146;124;119;b_foggy_hills;x
5932;180;144;105;b_quiet_pass;x
5933;146;124;108;b_galbarts_fall;x
5934;187;150;125;b_slippery_slope;x
5935;188;151;130;b_coldheart_vale;x
5936;108;88;71;b_mans_respite;x
5937;125;109;81;b_screaming_heights;x
5938;131;109;88;b_snarknest;x
5939;124;107;81;b_flooding_woods;x
5940;127;106;83;b_smalltree_pass;x
5941;143;116;89;b_darkwood_deep;x
5942;125;109;87;b_frosty_canopy;x
5943;133;107;95;b_ygons_lodge;x
5944;113;67;71;b_sorrowmound;x
5945;130;75;68;b_winters_wedge;x
5946;171;135;101;b_frorewoods;x
5947;171;136;101;b_the_hardwood;x
5948;178;144;104;b_horned_keep;x
5949;127;68;68;b_rawrun;x
5950;169;134;99;b_hexbarrow;x
5951;117;71;66;b_tread_ground;x
5952;173;139;101;b_spell_hills;x
5953;146;122;101;b_midforest_hearth;x
5954;139;110;93;b_gornes_bloodspill;x
5955;135;109;92;b_fogwood;x
5956;129;108;88;b_naghair;x
5957;188;152;131;b_charred_weald;x
5958;108;88;82;b_burned_hearth;x
5959;156;104;77;b_lost_pyre;x
5960;194;157;134;b_harsh_hills;x
5961;131;111;88;b_windswept_woods;x
5962;192;155;128;b_freezing_flats;x
5963;187;151;131;b_edgewood;x
5964;188;151;127;b_high_spear;x
5965;194;154;128;b_coldstone_heights;x
5966;161;128;96;b_owlwood;x
5967;187;150;128;b_deadly_grove;x
5968;188;153;129;b_withering_peaks;x
5969;153;85;67;b_flakemarsh;x
5970;146;89;77;b_rocky_shore;x
5971;153;87;73;b_freshwater_forest;x
5972;142;77;67;b_timberfall;x
5973;210;159;134;b_slopepoint;x
5974;142;84;73;b_shady_shoals;x
5975;218;165;139;b_harsh_coast;x
5976;154;88;69;b_deerwood;x
5977;153;85;76;b_frozen_forest;x
5978;202;169;148;b_copperhead;x
5979;158;93;76;b_flooded_grove;x
5980;152;88;73;b_rivers_turn;x
5981;146;122;94;b_sunshine_pines;x
5982;129;82;80;b_warmwind_woods;x
5983;158;85;75;b_clubmoss;x
5984;137;83;63;b_foggy_beach;x
5985;152;85;95;b_bears_den;x
5986;143;84;62;b_wolfs_barrow;x
5987;158;95;74;b_eaglepass;x
5988;152;91;68;b_deepgrove;x
5989;153;122;91;b_tusk_lodge;x
5990;137;107;80;b_mossy_shore;x
5991;148;108;84;b_lowground_thicket;x
5992;183;133;86;b_hulders_grove;x
5993;144;79;62;b_hopewood;x
5994;154;90;72;b_hulderlake;x
5995;107;66;60;b_red_eyed_grove;x
5996;154;89;60;b_ravenwood;x
5997;134;76;78;b_haggen;x
5998;151;121;99;b_blistered_tree;x
5999;129;82;70;b_headwater_forest;x
6000;136;97;84;b_sprucewood_grove;x
6001;142;94;85;b_sorens_rest;x
6002;146;117;95;b_warmwood;x
6003;157;127;106;b_smoking_peaks;x
6004;139;94;85;b_last_remorse;x
6005;133;76;71;b_fallwood_grove;x
6006;146;103;87;b_sweetforest;x
6007;141;115;92;b_stony_hills;x
6008;112;67;69;b_windy_grave;x
6009;131;75;71;b_corpsefall;x
6010;128;74;67;b_cold_vale;x
6011;123;68;65;b_hags_peak;x
6012;111;60;57;b_rockside_woods;x
6013;119;74;68;b_slopehill_woods;x
6014;153;87;74;b_childrens_thicket;x
6015;159;89;72;b_old_grove;x
6016;153;87;69;b_direwolfs_grounds;x
6017;155;100;77;b_frozen_sprucewood;x
6018;159;85;67;b_stagwood;x
6019;156;101;88;b_witchs_grove;x
6020;157;93;75;b_joramuns_end;x
6021;151;89;87;b_hidden_camp;x
6022;156;86;72;b_grumkins_heart;x
6023;153;86;81;b_freshdew;x
6024;111;54;35;b_flowater_lodge;x
6025;146;72;59;b_windy_woods;x
6026;127;79;71;b_bearwood;x
6027;154;86;77;b_redtree_grove;x
6028;119;56;47;b_fist_of_the_first_men;x
6029;154;91;72;b_bentbirch;x
6030;123;79;63;b_spikemoss;x
6031;146;85;75;b_dogwood;x
6032;149;90;72;b_rich_dell;x
6033;127;80;63;b_grithome;x
6034;155;100;94;b_silverpack;x
6035;154;82;78;b_roundleaf;x
6036;153;93;71;b_furshakes;x
6037;155;102;103;b_wag_rock;x
6038;153;87;67;b_goutweed_hall;x
6039;190;141;87;b_steel_thicket;x
6040;139;78;65;b_elders_tomb;x
6041;154;85;66;b_the_north_grove;x
6042;154;89;73;b_auldern;x
6043;147;86;68;b_folkwood;x
6044;155;82;69;b_jorhouse;x
6045;133;73;62;b_auld_forest;x
6046;154;87;80;b_sturdy_hall;x
6047;155;117;90;b_woundwort;x
6048;189;143;110;b_sweetsap;x
6049;190;144;87;b_wargwood;x
6050;166;121;93;b_fernleaf;x
6051;149;113;81;b_leafy_trail;x
6052;183;136;86;b_crasters_keep;x
6053;190;141;91;b_vile_run;x
6054;206;164;136;b_cold_cradle;x
6055;210;164;142;b_creekdrift;x
6056;178;128;97;b_snowdrift;x
6057;197;155;127;b_fairneck;x
6058;185;137;106;b_rangers_road;x
6059;153;88;78;b_wargs_hall;x
6060;144;107;84;b_pinkneck;x
6061;185;139;86;b_sturdy_oak;x
6062;153;85;70;b_catwood;x
6063;112;57;50;b_howling_stream;x
6064;192;141;87;b_curlap;x
6065;190;139;108;b_whitetree;x
6066;147;104;90;b_fellcut;x
6067;176;139;121;b_spare_branch;x
6068;191;141;106;b_foxtrap;x
6069;220;161;122;b_storrolds_fort;x
6070;213;159;111;b_hardhome;x
6071;198;149;103;b_the_screaming_caves;x
6072;219;162;119;b_searwood;x
6073;218;169;124;b_ghoul_rock;x
6074;219;169;129;b_shelter_bay;x
6075;218;169;133;b_blacksnow;x
6076;154;121;92;b_brokenwood;x
6077;144;104;82;b_treeling;x
6078;161;125;86;b_skulking_timbers;x
6079;158;121;86;b_rootworm;x
6080;141;105;90;b_redmoss;x
6081;146;111;84;b_crabeater;x
6082;145;115;76;b_kelp_shore;x
6083;213;160;118;b_softshell;x
6084;148;111;76;b_sagenap;x
6085;145;109;99;b_gnarled_oak;x
6086;154;122;85;b_trunkrot;x
6087;155;121;82;b_beaters_lodge;x
6088;218;167;133;b_stainrock;x
6089;211;168;141;b_splitskull;x
6090;218;171;144;b_pup_shore;x
6091;212;166;137;b_raftwater;x
6092;149;112;74;b_frenn;x
6093;160;119;88;b_bear_root_hill;x
6094;160;121;86;b_bough;x
6095;158;137;87;b_grizzled_walk;x
6096;166;125;96;b_burl;x
6097;161;125;90;b_cracked_chest;x
6098;137;101;70;b_clawmarks;x
6099;166;127;103;b_redvetch;x
6100;1;2;2;lands_of_always_winter;x
6101;2;3;3;mountain_plc_1;x
6102;3;4;4;mountain_plc_2;x
6103;4;5;5;mountain_plc_3;x
6104;5;6;6;mountain_plc_4;x
6105;6;7;7;mountain_plc_5;x
6106;7;8;8;mountain_plc_6;x
6107;8;9;9;mountain_plc_7;x
6108;9;10;10;mountain_plc_8;x
6109;10;11;11;mountain_plc_9;x
6110;11;12;12;mountain_plc_10;x
6111;12;13;13;mountain_plc_11;x
6112;13;14;14;mountain_plc_12;x
6113;14;15;15;mountain_plc_13;x
6114;15;16;16;mountain_plc_14;x
6115;16;17;17;mountain_plc_15;x
6116;17;18;18;mountain_plc_16;x
6117;18;19;19;mountain_plc_17;x
6118;19;20;20;mountain_plc_18;x
6119;20;21;21;mountain_plc_19;x
6120;21;22;22;mountain_plc_20;x
6121;22;23;23;mountain_plc_21;x
6122;23;24;24;mountain_plc_22;x
6123;24;25;25;mountain_plc_23;x
6124;27;28;28;mountain_plc_26;x
6125;28;29;29;mountain_plc_27;x
6126;31;32;32;mountain_plc_30;x
6127;32;33;33;mountain_plc_31;x
6128;33;34;34;mountain_plc_32;x
6129;34;35;35;mountain_plc_33;x
6130;35;36;36;mountain_plc_34;x
6131;36;37;37;mountain_plc_35;x
6132;37;38;38;mountain_plc_36;x
6133;38;39;39;mountain_plc_37;x
6134;39;40;40;mountain_plc_38;x
6135;40;41;41;mountain_plc_39;x
6136;41;42;42;mountain_plc_40;x
6137;42;43;43;mountain_plc_41;x
6138;43;44;44;mountain_plc_42;x
6139;44;45;45;mountain_plc_43;x
6140;45;46;46;mountain_plc_44;x
6141;46;47;47;mountain_plc_45;x
6142;47;48;48;mountain_plc_46;x
6143;48;49;49;mountain_plc_47;x
6144;49;50;50;mountain_plc_48;x
6145;50;51;51;mountain_plc_49;x
6146;51;52;52;mountain_plc_50;x
6147;52;53;53;mountain_plc_51;x
6148;53;54;54;mountain_plc_52;x
6149;54;55;55;mountain_plc_53;x
6150;55;56;56;mountain_plc_54;x
6151;56;57;57;mountain_plc_55;x
6152;57;58;58;mountain_plc_56;x
6153;58;59;59;mountain_plc_57;x
6154;59;60;60;mountain_plc_58;x
6155;60;61;61;mountain_plc_59;x
6156;61;62;62;mountain_plc_60;x
6157;62;63;63;mountain_plc_61;x
6158;63;64;64;mountain_plc_62;x
6159;64;65;65;mountain_plc_63;x
6160;65;66;66;mountain_plc_64;x
6161;66;67;67;mountain_plc_65;x
6162;67;68;68;mountain_plc_66;x
6163;68;69;69;mountain_plc_67;x
6164;69;70;70;mountain_plc_68;x
6165;70;71;71;mountain_plc_69;x
6166;71;72;72;isle_of_faces;x
6167;33;0;163;bay_of_ice;x
6168;43;35;160;bay_of_ice;x
6169;35;29;135;bay_of_ice;x
6170;48;43;132;bay_plc_1;x
6171;42;38;117;bay_plc_2;x
6172;34;29;114;bay_of_ice;x
6173;37;33;150;bay_of_ice;x
6174;49;45;147;bay_of_ice;x
6175;56;52;168;bay_of_ice;x
6176;46;43;140;bay_of_ice;x
6177;38;37;119;sea_dragon_point;x
6178;30;30;117;bear_bay;x
6179;43;43;114;sea_dragon_point;x
6180;31;31;112;bay_of_ice;x
6181;25;25;91;bay_of_ice;x
6182;43;43;102;bay_of_ice;x
6183;48;48;137;frozen_shore;x
6184;72;72;135;sea_dragon_point;x
6185;57;57;132;frozen_shore;x
6186;57;57;173;frozen_shore;x
6187;44;44;135;frozen_shore;x
6188;70;70;132;sea_province_22;x
6189;51;15;255;sea_province_23;x
6190;34;15;255;sea_dragon_point;x
6191;25;12;206;stony_shore;x
6192;25;12;176;stony_shore;x
6193;19;10;147;stony_shore;x
6194;37;31;145;stony_shore;x
6195;54;49;142;stony_shore;x
6196;80;74;211;stony_shore;x
6197;65;60;209;saltspear;x
6198;32;26;206;saltspear;x
6199;51;46;209;blazewater_bay;x
6200;31;26;175;blazewater_bay;x
6201;37;31;211;blazewater_bay;x
6202;94;97;255;blazewater_bay;x
6203;36;30;204;cape_kraken;x
6204;36;30;168;cape_kraken;x
6205;47;43;165;ironmans_bay;x
6206;39;37;140;ironmans_bay;x
6207;39;37;106;ironmans_bay;x
6208;49;48;137;ironmans_bay;x
6209;64;64;135;ironmans_bay;x
6210;25;25;132;ironmans_bay;x
6211;36;36;193;ironmans_bay;x
6212;59;59;191;ironmans_bay;x
6213;35;35;160;ironmans_bay;x
6214;63;63;158;ironmans_bay;x
6215;29;29;155;ironmans_bay;x
6216;42;42;153;ironmans_bay;x
6217;42;29;153;ironmans_bay;x
6218;56;45;153;ironmans_bay;x
6219;38;26;153;ironmans_bay;x
6220;68;61;153;ironmans_bay;x
6221;10;0;153;ironmans_bay;x
6222;8;0;175;ironmans_bay;x
6223;8;0;255;ironmans_bay;x
6224;2;0;142;ironmans_bay;x
6225;0;0;63;ironmans_bay;x
6226;0;0;130;ironmans_bay;x
6227;0;0;96;ironmans_bay;x
6228;0;0;240;ironmans_bay;x
6229;39;39;229;ironmans_bay;x
6230;59;59;226;ironmans_bay;x
6231;76;76;224;ironmans_bay;x
6232;33;33;221;ironmans_bay;x
6233;0;0;219;ironmans_bay;x
6234;26;26;216;ironmans_bay;x
6235;23;23;183;ironmans_bay;x
6236;18;18;145;ironmans_bay;x
6237;52;52;188;ironmans_bay;x
6238;76;76;186;ironmans_bay;x
6239;40;40;183;ironmans_bay;x
6240;56;56;181;rocky_coast;x
6241;45;45;145;coast_of_fair_isle;x
6242;68;68;175;coast_of_fair_isle;x
6243;80;80;206;coast_of_fair_isle;x
6244;38;38;204;coast_of_fair_isle;x
6245;53;53;204;coast_of_fair_isle;x
6246;43;43;165;coast_of_kayce;x
6247;7;16;145;coast_of_feastfires;x
6248;31;38;142;bay_of_lannisport;x
6249;37;45;168;boar_coast;x
6250;32;39;140;oak_coast;x
6251;63;70;168;shield_sea;x
6252;64;71;170;shield_sea;x
6253;46;51;122;shield_sea;x
6254;34;40;119;shield_sea;x
6255;22;30;117;shield_sea;x
6256;30;42;158;shield_sea;x
6257;37;53;198;shield_sea;x
6258;60;74;196;shield_sea;x
6259;19;29;114;sea_province_93;x
6260;26;42;158;sea_province_94;x
6261;32;54;193;coast_of_oldtown;x
6262;49;70;191;whispering_sound;x
6263;28;49;168;whispering_sound;x
6264;32;55;188;whispering_sound;x
6265;48;69;186;coast_of_oldtown;x
6266;76;99;191;coast_of_oldtown;x
6267;28;60;188;sea_province_101;x
6268;27;53;183;arbor_straits;x
6269;22;43;147;arbor_straits;x
6270;34;55;145;arbor_straits;x
6271;28;46;119;arbor_straits;x
6272;42;57;117;arbor_straits;x
6273;58;79;163;arbor_straits;x
6274;38;62;160;arbor_straits;x
6275;46;75;193;arbor_straits;x
6276;33;71;175;sunset_sea;x
6277;24;53;127;sunset_sea;x
6278;32;71;170;sunset_sea;x
6279;47;81;168;sunset_sea;x
6280;35;63;135;sunset_sea;x
6281;26;56;132;sunset_sea;x
6282;31;66;155;sunset_sea;x
6283;36;77;181;sunset_sea;x
6284;55;90;178;sunset_sea;x
6285;84;111;175;sunset_sea;x
6286;48;83;163;sunset_sea;x
6287;35;62;119;sunset_sea;x
6288;16;41;89;sunset_sea;x
6289;21;54;117;sunset_sea;x
6290;40;66;114;sunset_sea;x
6291;15;38;79;sunset_sea;x
6292;24;63;130;sunset_sea;x
6293;42;74;127;sunset_sea;x
6294;33;58;99;sunset_sea;x
6295;76;99;192;sunset_sea;x
6296;17;50;80;sunset_sea;x
6297;20;44;137;the_torrentine;x
6298;29;66;198;the_torrentine;x
6299;49;90;224;the_torrentine;x
6300;31;69;183;coast_of_dorne;x
6301;23;51;137;coast_of_dorne;x
6302;27;61;163;coast_of_dorne;x
6303;54;89;193;coast_of_dorne;x
6304;20;39;84;coast_of_dorne;x
6305;28;54;117;coast_of_dorne;x
6306;35;59;114;coast_of_dorne;x
6307;46;79;150;southern_sea_of_dorne;x
6308;12;36;84;southern_sea_of_dorne;x
6309;17;50;117;southern_sea_of_dorne;x
6310;17;47;81;summer_sea;x
6311;13;24;40;stepstone_sea;x
6312;5;18;91;stepstone_sea;x
6313;11;24;89;stepstone_sea;x
6314;21;37;114;stepstone_sea;x
6315;34;48;112;stepstone_sea;x
6316;39;66;133;stepstone_sea;x
6317;20;28;119;stepstone_sea;x
6318;43;61;140;stepstone_sea;x
6319;53;70;137;stepstone_sea;x
6320;37;50;96;stepstone_sea;x
6321;44;61;114;stepstone_sea;x
6322;33;53;112;stepstone_sea;x
6323;20;44;109;stepstone_sea;x
6324;27;59;142;stepstone_sea;x
6325;52;87;175;stepstone_sea;x
6326;39;66;130;stepstone_sea;x
6327;26;44;86;stepstone_sea;x
6328;0;27;183;stepstone_sea;x
6329;22;64;147;northern_sea_of_dorne;x
6330;26;59;119;northern_sea_of_dorne;x
6331;20;46;91;northern_sea_of_dorne;x
6332;12;28;56;estermont_straits;x
6333;23;43;76;estermont_straits;x
6334;36;54;84;estermont_straits;x
6335;42;74;124;estermont_straits;x
6336;0;23;155;estermont_straits;x
6337;25;51;198;rainwood_coast;x
6338;18;42;181;straits_of_tarth;x
6339;43;68;196;straits_of_tarth;x
6340;22;38;102;straits_of_tarth;x
6341;38;66;175;straits_of_tarth;x
6342;9;18;53;straits_of_tarth;x
6343;36;58;165;shipbreaker_bay;x
6344;26;44;122;shipbreaker_bay;x
6345;47;58;104;shipbreaker_bay;x
6346;34;58;155;vallum_sea;x
6347;9;18;54;vallum_sea;x
6348;5;27;124;sea_province_320;x
6349;23;44;130;sea_province_321;x
6350;12;30;104;sea_province_322;x
6351;12;30;134;masseys_coast;x
6352;7;19;86;sea_province_324;x
6353;5;21;99;the_gullet;x
6354;7;29;127;the_gullet;x
6355;7;38;127;the_gullet;x
6356;14;31;79;the_gullet;x
6357;18;40;102;blackwater_bay;x
6358;25;55;140;blackwater_bay;x
6359;0;36;137;blackwater_bay;x
6360;0;23;94;blackwater_bay;x
6361;0;30;122;blackwater_bay;x
6362;19;46;127;blackwater_bay;x
6363;34;0;137;blackwater_bay;x
6364;7;30;162;whispering_sea;x
6365;33;58;198;whispering_sea;x
6366;17;38;145;bay_of_crabs;x
6367;17;26;145;bay_of_gulltown;x
6368;22;34;201;bay_of_crabs;x
6369;39;53;198;bay_of_crabs;x
6370;20;33;147;bay_of_crabs;x
6371;20;33;150;rune_sea;x
6372;33;56;237;rune_sea;x
6373;33;41;237;rune_sea;x
6374;27;35;193;anchor_bay;x
6375;19;27;175;eastweald_shore;x
6376;32;42;188;eastweald_shore;x
6377;19;32;165;eastweald_shore;x
6378;29;42;163;eastweald_shore;x
6379;36;50;175;eastweald_shore;x
6380;0;23;204;drainland_shore;x
6381;0;29;255;stonefall_coast;x
6382;0;19;163;bronze_bay;x
6383;0;21;183;sea_of_fingers;x
6384;0;27;232;sea_of_fingers;x
6385;5;26;186;sea_of_fingers;x
6386;4;22;155;sea_of_fingers;x
6387;4;22;160;sea_of_fingers;x
6388;10;32;175;sea_of_fingers;x
6389;36;54;173;sea_of_fingers;x
6390;5;28;178;sea_of_fingers;x
6391;26;46;175;sea_of_fingers;x
6392;20;37;135;sea_of_fingers;x
6393;10;19;71;sea_of_fingers;x
6394;22;29;68;sea_of_fingers;x
6395;0;11;66;the_bite;x
6396;0;11;93;the_bite;x
6397;0;11;135;the_bite;x
6398;0;11;42;rockle_bay;x
6399;0;0;142;the_bite;x
6400;0;0;154;the_bite;x
6401;0;0;190;the_bite;x
6402;33;33;188;the_bite;x
6403;16;16;186;the_bite;x
6404;0;11;39;the_bite;x
6405;35;41;209;the_bite;x
6406;24;40;178;the_knifes_mouth;x
6407;5;33;132;port_of_white_harbor;x
6408;22;27;130;the_bite;x
6409;0;9;198;the_bite;x
6410;0;9;231;the_bite;x
6411;27;37;229;keyguard_shore;x
6412;38;49;255;keyguard_shore;x
6413;0;9;207;stonefall_bay;x
6414;18;27;206;widows_sea;x
6415;22;38;255;widows_sea;x
6416;18;34;209;widows_sea;x
6417;36;0;209;widows_sea;x
6418;24;0;147;broadmend_bay;x
6419;0;0;145;tawney_bay;x
6420;36;36;175;overton_shore;x
6421;44;44;211;weeping_bay;x
6422;4;4;234;overton_bay;x
6423;4;4;247;the_grey_sea;x
6424;43;43;255;the_grey_sea;x
6425;28;28;255;the_grey_sea;x
6426;5;5;255;the_grey_sea;x
6427;40;35;135;the_grey_sea;x
6428;12;12;209;bay_of_seals;x
6429;33;71;178;bay_of_seals;x
6430;18;40;99;bay_of_seals;x
6431;0;27;96;bay_of_seals;x
6432;4;4;239;shivering_shore;x
6433;18;40;108;shivering_shore;x
6434;18;40;147;shivering_shore;x
6435;32;32;178;shivering_shore;x
6436;4;4;209;shivering_shore;x
6437;9;9;155;straits_of_skagos;x
6438;9;9;212;straits_of_skagos;x
6439;18;40;120;straits_of_skagos;x
6440;4;16;247;straits_of_skagos;x
6441;0;11;87;straits_of_skagos;x
6442;4;40;252;straits_of_skagos;x
6443;38;32;153;straits_of_skagos;x
6444;49;49;237;straits_of_skagos;x
6445;0;27;105;straits_of_skagos;x
6446;12;12;242;straits_of_skagos;x
6447;48;48;229;straits_of_skagos;x
6448;4;40;247;shivering_sea;x
6449;49;61;237;shivering_sea;x
6450;5;12;198;shivering_sea;x
6451;38;52;255;shivering_sea;x
6452;6;30;232;shivering_sea;x
6453;14;42;99;shivering_sea;x
6454;14;42;153;shivering_sea;x
6455;4;22;148;shivering_sea;x
6456;0;59;164;shivering_sea;x
6457;3;11;63;shivering_sea;x
6458;14;39;195;shivering_sea;x
6459;13;24;49;straits_of_tyrosh;x
6460;14;39;94;straits_of_tyrosh;x
6461;18;42;187;sea_of_myrth;x
6462;44;61;117;sea_of_myrth;x
6463;27;62;142;sea_of_myrth;x
6464;0;35;155;sea_of_myrth;x
6465;32;47;122;shore_of_pentos;x
6466;0;35;158;shore_of_pentos;x
6467;13;38;186;shore_of_pentos;x
6468;13;30;49;shore_of_pentos;x
6469;11;52;140;shore_of_pentos;x
6470;0;35;167;shore_of_pentos;x
6471;3;45;143;shore_of_pentos;x
6472;58;87;178;shore_of_pentos;x
6473;27;63;102;shore_of_pentos;x
6474;9;18;69;bay_of_pentos;x
6475;12;48;143;bay_of_pentos;x
6476;15;29;167;shore_of_pentos;x
6477;9;18;75;shore_of_pentos;x
6478;20;47;201;shore_of_pentos;x
6479;0;41;155;shore_of_braavos;x
6480;33;59;237;shore_of_braavos;x
6481;25;41;160;narrow_sea;x
6482;22;47;102;narrow_sea;x
6483;24;42;190;narrow_sea;x
6484;9;24;54;narrow_sea;x
6485;0;30;68;narrow_sea;x
6486;18;30;134;narrow_sea;x
6487;4;59;102;narrow_sea;x
6488;0;44;191;narrow_sea;x
6489;20;33;195;narrow_sea;x
6490;22;22;201;narrow_sea;x
6491;36;50;166;narrow_sea;x
6492;14;27;99;narrow_sea;x
6493;9;21;183;straits_of_braavos;x
6494;32;48;188;straits_of_braavos;x
6495;6;47;155;straits_of_braavos;x
6496;9;61;194;straits_of_braavos;x
6497;0;41;164;braavosi_shore;x
6498;13;24;46;the_blackwater;x
6499;0;39;137;the_blackwater;x
6500;25;55;143;the_blackwater;x
6501;44;66;175;the_blackwater;x
6502;14;31;76;the_blackwater;x
6503;7;25;145;the_blackwater;x
6504;21;44;191;the_blackwater;x
6505;24;18;54;the_blackwater;x
6506;76;91;224;the_blackwater;x
6507;21;27;56;the_blackwater;x
6508;37;12;137;the_blackwater;x
6509;22;62;102;the_blackwater;x
6510;25;37;132;the_blackwater;x
6511;31;22;201;the_blackwater;x
6512;12;38;116;the_blackwater;x
6513;16;59;102;the_blackwater;x
6514;43;58;155;the_blackwater;x
6515;15;21;69;the_blackwater;x
6516;25;29;127;gods_eye;x
6517;25;44;127;the_trident;x
6518;33;62;237;the_trident;x
6519;41;26;153;the_trident;x
6520;29;53;201;the_trident;x
6521;48;92;163;the_trident;x
6522;26;30;147;the_trident;x
6523;19;56;124;the_red_fork;x
6524;25;20;133;the_red_fork;x
6525;9;18;81;the_red_fork;x
6526;0;0;237;the_red_fork;x
6527;22;31;201;the_red_fork;x
6528;41;38;157;the_red_fork;x
6529;64;58;135;the_red_fork;x
6530;8;15;255;the_red_fork;x
6531;0;15;63;the_red_fork;x
6532;42;45;145;the_red_fork;x
6533;26;32;216;the_red_fork;x
6534;17;35;216;the_red_fork;x
6535;9;33;69;the_blue_fork;x
6536;26;56;207;the_blue_fork;x
6537;0;12;237;the_blue_fork;x
6538;26;42;147;the_blue_fork;x
6539;40;53;135;the_blue_fork;x
6540;0;21;237;the_blue_fork;x
6541;33;64;198;the_blue_fork;x
6542;12;15;63;the_blue_fork;x
6543;25;28;132;the_blue_fork;x
6544;9;33;75;the_green_fork;x
6545;33;67;198;the_green_fork;x
6546;6;21;237;the_green_fork;x
6547;48;95;163;the_green_fork;x
6548;30;60;181;the_green_fork;x
6549;9;24;81;the_green_fork;x
6550;20;51;147;the_green_fork;x
6551;35;44;160;the_green_fork;x
6552;12;30;63;the_green_fork;x
6553;6;21;231;the_green_fork;x
6554;33;50;237;the_green_fork;x
6555;15;6;193;the_green_fork;x
6556;20;6;255;the_green_fork;x
6557;32;60;188;the_green_fork;x
6558;65;59;191;the_green_fork;x
6559;6;14;93;the_green_fork;x
6560;10;9;153;the_green_fork;x
6561;65;66;209;the_white_knife;x
6562;6;6;198;the_white_knife;x
6563;15;30;232;the_white_knife;x
6564;14;48;153;the_white_knife;x
6565;37;26;175;the_white_knife;x
6566;14;24;132;the_white_knife;x
6567;0;20;42;the_white_knife;x
6568;0;26;158;the_white_knife;x
6569;34;33;255;the_white_knife;x
6570;91;99;255;the_white_knife;x
6571;12;24;54;the_mander;x
6572;37;54;198;the_mander;x
6573;45;56;122;the_mander;x
6574;45;52;122;the_mander;x
6575;10;25;54;the_mander;x
6576;46;61;117;the_mander;x
6577;13;37;84;the_mander;x
6578;25;64;147;the_mander;x
6579;16;38;80;the_mander;x
6580;65;70;168;the_mander;x
6581;8;59;102;the_mander;x
6582;25;32;127;the_mander;x
6583;5;26;183;the_mander;x
6584;48;65;193;the_mander;x
6585;19;26;40;the_greenblood;x
6586;60;89;193;the_greenblood;x
6587;30;58;163;the_greenblood;x
6588;12;18;53;the_greenblood;x
6589;16;29;114;the_greenblood;x
6590;20;47;137;the_greenblood;x
6591;6;27;183;the_greenblood;x
6592;37;69;183;the_greenblood;x
6593;12;30;54;the_greenblood;x
6594;52;96;175;the_greenblood;x
6595;19;41;114;the_greenblood;x
6596;42;59;117;sea_province_949;x
6597;33;12;163;sea_province_950;x
6598;25;40;91;sea_province_951;x
6599;13;52;247;sea_province_952;x
6600;18;49;108;sea_province_953;x
6601;27;49;108;sea_province_954;x
6602;27;61;108;sea_province_955;x
6603;44;80;186;sea_province_956;x
6604;44;86;186;sea_province_957;x
6605;35;95;186;sea_province_958;x
6606;12;11;87;sea_province_959;x
6607;12;14;87;sea_province_960;x
6608;12;17;96;sea_province_961;x
6609;12;20;102;sea_province_962;x
6610;15;20;102;sea_province_963;x
6611;15;23;102;sea_province_964;x
6612;6;11;93;sea_province_965;x
6613;12;11;93;sea_province_966;x
6614;12;14;93;sea_province_967;x
6615;21;14;93;sea_province_968;x
6616;37;48;168;sea_province_969;x
6617;37;54;168;sea_province_970;x
6618;26;30;153;sea_province_971;x
6619;255;255;255;impassable_sea_1;x
6620;166;203;186;impassable_land;x
6621;17;47;80;sunset_sea;x
6622;31;70;183;sunset_sea;x
6623;55;89;193;sunset_sea;x
6624;54;95;193;summer_sea;x
6625;28;58;191;summer_sea;x
6626;28;58;192;summer_sea;x
6627;15;24;40;summer_sea;x
6628;76;99;203;summer_sea;x
6629;67;88;178;summer_sea;x
6630;55;73;145;summer_sea;x
6631;24;42;199;summer_sea;x
6632;0;35;164;summer_sea;x
6633;12;48;84;summer_sea;x
6634;34;67;192;summer_sea;x
6635;21;35;164;summer_sea;x
6636;29;57;137;summer_sea;x
6637;15;24;139;summer_sea;x
6638;67;97;178;summer_sea;x
6639;54;66;133;summer_sea;x
6640;27;50;142;summer_sea;x
6641;31;87;183;summer_sea;x
6642;6;35;170;summer_sea;x
6643;0;35;170;summer_sea;x
6644;23;45;137;summer_sea;x
6645;15;24;142;summer_sea;x
6646;31;102;183;summer_sea;x
6647;24;24;54;summer_sea;x
6648;40;48;112;summer_sea;x
6649;39;61;163;summer_sea;x
6650;46;48;112;summer_sea;x
6651;67;103;178;summer_sea;x
6652;22;45;136;summer_sea;x
6653;24;24;60;summer_sea;x
6654;28;64;191;summer_sea;x
6655;15;33;142;summer_sea;x
6656;9;24;75;summer_sea;x
6657;24;38;158;summer_sea;x
6658;58;90;178;summer_sea;x
6659;23;53;80;summer_sea;x
6660;21;30;133;summer_sea;x
6661;29;63;140;summer_sea;x
6662;55;82;145;summer_sea;x
6663;12;24;75;summer_sea;x
6664;61;93;181;summer_sea;x
6665;27;41;229;summer_sea;x
6666;26;36;175;summer_sea;x
6667;10;23;75;summer_sea;x
6668;38;62;163;summer_sea;x
6669;16;42;90;summer_sea;x
6670;15;25;142;summer_sea;x
6671;38;61;166;summer_sea;x
6672;7;29;232;summer_sea;x
6673;20;46;138;summer_sea;x
6674;11;22;54;summer_sea;x
6675;10;23;76;summer_sea;x
6676;55;83;145;summer_sea;x
6677;7;36;170;summer_sea;x
6678;9;27;75;summer_sea;x
6679;22;46;136;summer_sea;x
6680;26;40;175;summer_sea;x
6681;37;63;166;summer_sea;x
6682;4;35;170;summer_sea;x
6683;20;42;90;summer_sea;x
6684;27;42;229;summer_sea;x
6685;33;42;199;straits_of_summer;x
6686;20;47;84;straits_of_summer;x
6687;23;48;137;straits_of_summer;x
6688;51;21;255;straits_of_summer;x
6689;42;61;163;straits_of_summer;x
6690;21;38;164;straits_of_summer;x
6691;21;41;164;straits_of_summer;x
6692;24;27;60;straits_of_summer;x
6693;21;30;139;straits_of_summer;x
6694;30;39;133;straits_of_summer;x
6695;0;29;155;straits_of_summer;x
6696;15;36;142;straits_of_summer;x
6697;24;24;63;straits_of_summer;x
6698;27;42;199;straits_of_summer;x
6699;24;48;84;straits_of_summer;x
6700;55;85;157;straits_of_summer;x
6701;23;47;81;straits_of_summer;x
6702;12;29;155;indigo_straits;x
6703;27;30;133;indigo_straits;x
6704;17;47;84;indigo_straits;x
6705;25;31;132;indigo_straits;x
6706;20;36;195;indigo_straits;x
6707;29;44;137;indigo_straits;x
6708;21;36;133;straits_of_summer;x
6709;27;41;164;straits_of_summer;x
6710;7;16;148;straits_of_summer;x
6711;39;67;163;straits_of_summer;x
6712;32;63;140;straits_of_summer;x
6713;21;35;170;straits_of_summer;x
6714;6;35;155;straits_of_summer;x
6715;18;24;139;straits_of_summer;x
6716;30;45;199;straits_of_summer;x
6717;21;24;40;straits_of_summer;x
6718;29;66;146;straits_of_summer;x
6719;9;41;164;straits_of_summer;x
6720;58;99;178;straits_of_summer;x
6721;21;39;139;straits_of_summer;x
6722;3;35;164;straits_of_summer;x
6723;24;36;139;straits_of_summer;x
6724;24;53;164;straits_of_summer;x
6725;24;35;164;straits_of_summer;x
6726;15;27;145;straits_of_summer;x
6727;9;21;130;straits_of_summer;x
6728;8;30;138;straits_of_summer;x
6729;22;73;147;straits_of_summer;x
6730;6;0;63;straits_of_summer;x
6731;34;42;199;straits_of_summer;x
6732;32;66;140;straits_of_summer;x
6733;24;41;199;straits_of_summer;x
6734;19;37;195;straits_of_summer;x
6735;15;25;40;straits_of_summer;x
6736;20;24;139;straits_of_summer;x
6737;12;49;84;straits_of_summer;x
6738;7;2;255;straits_of_summer;x
6739;15;29;145;straits_of_summer;x
6740;67;89;178;straits_of_summer;x
6741;27;32;133;straits_of_summer;x
6742;26;44;137;straits_of_summer;x
6743;33;43;199;straits_of_summer;x
6744;6;4;63;straits_of_summer;x
6745;13;24;75;straits_of_summer;x
6746;21;37;164;straits_of_summer;x
6747;22;44;147;straits_of_summer;x
6748;39;63;163;straits_of_summer;x
6749;24;26;60;straits_of_summer;x
6750;56;82;145;straits_of_summer;x
6751;28;59;192;straits_of_summer;x
6752;3;35;155;straits_of_summer;x
6753;76;100;192;straits_of_summer;x
6754;3;35;170;straits_of_summer;x
6755;31;72;183;straits_of_summer;x
6756;8;12;198;straits_of_summer;x
6757;75;97;192;straits_of_summer;x
6758;12;23;75;straits_of_summer;x
6759;5;24;132;shivering_sea;x
6760;14;47;153;shivering_sea;x
6761;38;59;237;shivering_sea;x
6762;5;11;63;shivering_sea;x
6763;26;22;201;shivering_sea;x
6764;41;56;255;shivering_sea;x
6765;33;69;237;shivering_sea;x
6766;11;24;132;shivering_sea;x
6767;41;52;255;shivering_sea;x
6768;14;44;153;shivering_sea;x
6769;11;24;54;shivering_sea;x
6770;5;40;248;shivering_sea;x
6771;54;45;210;shivering_sea;x
6772;49;83;163;shivering_sea;x
6773;38;55;255;shivering_sea;x
6774;76;102;192;shivering_sea;x
6775;3;10;38;shivering_sea;x
6776;9;39;250;shivering_sea;x
6777;18;39;195;shivering_sea;x
6778;19;29;167;shivering_sea;x
6779;17;43;153;shivering_sea;x
6780;43;66;175;shivering_sea;x
6781;33;65;237;braavosi_shore;x
6782;14;30;99;braavosi_shore;x
6783;14;40;195;lorath_bay;x
6784;26;23;201;lorath_bay;x
6785;29;39;68;lorath_bay;x
6786;36;57;237;lorath_bay;x
6787;15;24;132;lorath_bay;x
6788;18;42;195;lorath_bay;x
6789;38;48;188;lorath_bay;x
6790;6;10;63;lorath_bay;x
6791;25;47;201;lorath_bay;x
6792;19;39;195;lorath_bay;x
6793;41;60;255;lorath_bay;x
6794;15;46;153;sea_province_504;x
6795;42;51;255;sea_province_505;x
6796;21;37;136;axe_shore;x
6797;27;23;197;axe_shore;x
6798;22;42;195;axe_shore;x
6799;10;10;63;axe_shore;x
6800;82;109;204;axe_shore;x
6801;20;30;99;axe_shore;x
6802;59;44;210;sea_province_512;x
6803;9;40;248;sea_province_513;x
6804;14;45;99;sea_province_514;x
6805;9;40;252;sea_province_515;x
6806;6;11;63;sea_province_516;x
6807;6;39;248;sea_province_517;x
6808;34;73;237;sea_province_518;x
6809;24;22;201;sea_province_519;x
6810;29;40;175;sea_province_520;x
6811;36;58;99;sea_province_521;x
6812;10;30;232;sea_province_522;x
6813;79;99;192;sea_province_523;x
6814;31;102;185;sea_province_524;x
6815;13;24;54;sea_province_525;x
6816;4;39;248;sea_province_526;x
6817;54;77;249;sea_province_527;x
6818;18;24;136;sea_province_529;x
6819;9;35;170;sea_province_530;x
6820;61;90;178;sea_province_531;x
6821;3;6;255;sea_province_532;x
6822;32;64;191;sea_province_533;x
6823;39;66;163;sea_province_534;x
6824;57;45;210;sea_province_535;x
6825;39;66;175;sea_province_536;x
6826;9;11;63;sea_province_537;x
6827;47;81;183;sea_province_538;x
6828;8;10;67;sea_province_539;x
6829;46;35;160;sea_province_540;x
6830;0;35;171;sea_province_541;x
6831;2;20;124;sea_province_542;x
6832;15;38;232;sea_province_543;x
6833;12;41;158;sea_province_544;x
6834;15;30;142;sea_province_545;x
6835;31;108;185;sea_province_546;x
6836;17;39;153;sea_province_547;x
6837;10;26;232;sea_province_548;x
6838;36;62;99;sea_province_549;x
6839;10;13;63;sea_province_550;x
6840;5;45;248;sea_province_551;x
6841;8;21;124;sea_province_552;x
6842;3;38;172;sea_province_553;x
6843;32;40;175;sea_province_554;x
6844;17;58;153;sea_province_555;x
6845;9;45;248;sea_province_556;x
6846;54;45;213;sea_province_557;x
6847;11;39;248;sea_province_558;x
6848;30;63;206;sea_province_559;x
6849;15;39;248;sea_province_560;x
6850;13;29;54;sea_province_561;x
6851;62;45;213;sea_province_562;x
6852;20;28;168;sea_province_563;x
6853;19;23;167;sea_province_564;x
6854;19;39;248;sea_province_565;x
6855;24;28;168;sea_province_566;x
6856;36;63;206;sea_province_567;x
6857;16;11;63;sea_province_568;x
6858;18;30;136;sea_province_569;x
6859;48;66;175;sea_province_570;x
6860;20;26;168;sea_province_571;x
6861;62;47;213;sea_province_572;x
6862;33;63;206;sea_province_573;x
6863;22;30;136;sea_province_574;x
6864;28;28;168;sea_province_575;x
6865;23;39;248;sea_province_576;x
6866;19;11;63;sea_province_577;x
6867;23;33;216;sea_province_578;x
6868;53;78;204;sea_province_579;x
6869;39;63;206;sea_province_580;x
6870;13;35;54;sea_province_581;x
6871;19;12;63;sea_province_582;x
6872;12;39;248;sea_province_583;x
6873;27;30;136;sea_province_584;x
6874;32;109;186;sea_province_585;x
6875;14;17;63;sea_province_586;x
6876;34;64;207;sea_province_587;x
6877;20;26;162;sea_province_588;x
6878;38;73;237;sea_province_589;x
6879;39;41;165;sea_province_590;x
6880;29;39;248;sea_province_591;x
6881;63;44;217;sea_province_592;x
6882;27;26;162;sea_province_593;x
6883;17;35;54;sea_province_594;x
6884;41;43;170;sea_province_595;x
6885;27;26;168;sea_province_596;x
6886;26;30;136;sea_province_597;x
6887;15;46;248;sea_province_598;x
6888;27;17;63;sea_province_599;x
6889;66;44;217;sea_province_600;x
6890;28;51;137;sea_province_601;x
6891;11;18;91;sea_province_602;x
6892;40;102;183;sea_province_603;x
6893;31;61;163;sea_province_604;x
6894;8;27;183;sea_province_605;x
6895;18;36;84;sea_province_606;x
6896;59;87;178;sea_province_607;x
6897;17;18;95;sea_province_608;x
6898;28;45;137;sea_province_609;x
6899;6;37;170;sea_province_610;x
6900;34;102;183;sea_province_611;x
6901;8;35;170;sea_province_612;x
6902;24;29;54;sea_province_613;x
6903;30;45;137;sea_province_614;x
6904;18;23;75;sea_province_615;x
6905;65;87;178;sea_province_616;x
6906;10;27;232;sea_province_617;x
6907;24;28;54;sea_province_618;x
6908;34;59;192;sea_province_619;x
6909;19;27;75;sea_province_620;x
6910;28;30;133;sea_province_621;x
6911;11;24;149;sea_province_622;x
6912;22;41;136;sea_province_623;x
6913;64;103;178;sea_province_624;x
6914;26;27;75;sea_province_625;x
6915;28;46;229;sea_province_626;x
6916;25;45;136;sea_province_627;x
6917;13;27;75;sea_province_628;x
6918;47;48;112;sea_province_629;x
6919;19;26;75;sea_province_630;x
6920;13;27;232;sea_province_631;x
6921;93;114;155;sea_province_632;x
6922;67;87;178;sea_province_633;x
6923;24;28;59;sea_province_634;x
6924;29;45;136;sea_province_635;x
6925;39;65;163;sea_province_636;x
6926;14;35;155;sea_province_637;x
6927;25;27;75;sea_province_638;x
6928;12;37;170;sea_province_639;x
6929;26;44;175;sea_province_640;x
6930;22;47;136;sea_province_641;x
6931;24;73;124;sea_province_642;x
6932;21;27;232;sea_province_643;x
6933;28;50;229;sea_province_644;x
6934;18;48;181;sea_province_645;x
6935;31;73;124;sea_province_646;x
6936;21;28;232;sea_province_647;x
6937;10;28;75;sea_province_648;x
6938;26;41;175;sea_province_649;x
6939;62;58;153;sea_province_650;x
6940;27;43;229;sea_province_651;x
6941;19;33;75;sea_province_652;x
6942;66;103;179;sea_province_653;x
6943;22;27;232;sea_province_654;x
6944;11;35;149;sea_province_655;x
6945;15;29;139;sea_province_656;x
6946;9;32;170;sea_province_657;x
6947;33;30;133;sea_province_658;x
6948;19;29;232;sea_province_659;x
6949;19;42;75;sea_province_660;x
6950;36;105;183;sea_province_661;x
6951;10;36;170;sea_province_662;x
6952;26;39;175;sea_province_663;x
6953;45;45;229;sea_province_664;x
6954;30;44;175;sea_province_665;x
6955;20;22;54;sea_province_666;x
6956;29;47;136;sea_province_667;x
6957;14;35;170;sea_province_668;x
6958;10;35;170;sea_province_669;x
6959;37;105;183;sea_province_670;x
6960;25;23;75;sea_province_671;x
6961;10;36;174;sea_province_672;x
6962;27;40;175;sea_province_673;x
6963;22;18;95;sea_province_674;x
6964;11;36;170;sea_province_675;x
6965;27;39;175;sea_province_676;x
6966;22;18;94;sea_province_677;x
6967;25;29;54;sea_province_678;x
6968;35;102;183;sea_province_679;x
6969;8;29;232;sea_province_680;x
6970;31;50;142;sea_province_681;x
6971;21;19;95;sea_province_682;x
6972;68;104;178;sea_province_683;x
6973;24;24;64;sea_province_684;x
6974;12;25;132;sea_province_685;x
6975;4;38;170;sea_province_686;x
6976;38;63;166;sea_province_687;x
6977;6;28;168;sea_province_688;x
6978;12;36;170;sea_province_689;x
6979;26;18;95;sea_province_690;x
6980;12;29;232;sea_province_691;x
6981;67;107;178;sea_province_692;x
6982;14;0;175;sea_province_693;x
6983;25;29;75;sea_province_694;x
6984;37;42;229;sea_province_695;x
6985;13;36;170;sea_province_696;x
6986;35;108;183;sea_province_697;x
6987;28;50;147;sea_province_698;x
6988;4;44;170;sea_province_699;x
6989;16;27;75;sea_province_700;x
6990;19;47;138;sea_province_701;x
6991;43;61;166;sea_province_702;x
6992;10;40;170;sea_province_703;x
6993;21;42;229;sea_province_704;x
6994;18;0;175;sea_province_705;x
6995;15;29;232;sea_province_706;x
6996;40;105;183;sea_province_707;x
6997;13;4;63;sea_province_708;x
6998;11;35;170;sea_province_709;x
6999;15;23;76;sea_province_710;x
7000;26;30;133;sea_province_711;x
7001;18;7;175;sea_province_712;x
7002;16;35;170;sea_province_713;x
7003;18;14;175;sea_province_714;x
7004;44;48;112;sea_province_715;x
7005;13;6;63;sea_province_716;x
7006;39;31;133;sea_province_717;x
7007;26;45;136;sea_province_718;x
7008;26;28;95;sea_province_719;x
7009;20;24;40;sea_province_720;x
7010;29;47;229;sea_province_721;x
7011;24;18;95;sea_province_722;x
7012;14;30;232;sea_province_723;x
7013;45;64;166;sea_province_724;x
7014;29;36;175;sea_province_725;x
7015;17;19;187;sea_province_726;x
7016;16;33;75;sea_province_727;x
7017;68;103;179;sea_province_728;x
7018;17;24;57;sea_province_729;x
7019;31;42;230;sea_province_730;x
7020;18;29;232;sea_province_731;x
7021;22;47;80;sea_province_732;x
7022;11;10;52;sea_province_733;x
7023;42;105;183;sea_province_734;x
7024;15;29;142;sea_province_735;x
7025;42;72;166;sea_province_736;x
7026;20;51;137;sea_province_737;x
7027;20;21;63;sea_province_738;x
7028;36;43;230;sea_province_739;x
7029;24;40;158;sea_province_740;x
7030;25;18;95;sea_province_741;x
7031;12;59;164;sea_province_742;x
7032;8;7;255;sea_province_743;x
7033;15;30;137;sea_province_744;x
7034;23;43;90;sea_province_745;x
7035;16;59;164;sea_province_746;x
7036;24;51;137;sea_province_747;x
7037;12;11;255;sea_province_748;x
7038;42;43;230;sea_province_749;x
7039;20;42;230;sea_province_750;x
7040;36;50;230;sea_province_751;x
7041;82;123;153;sea_province_752;x
7042;12;23;76;sea_province_753;x
7043;59;81;145;sea_province_754;x
7044;39;29;133;sea_province_755;x
7045;17;35;149;sea_province_756;x
7046;15;27;75;sea_province_757;x
7047;24;24;66;sea_province_758;x
7048;23;24;139;sea_province_759;x
7049;31;36;175;sea_province_760;x
7050;14;27;75;sea_province_761;x
7051;34;29;133;sea_province_762;x
7052;46;105;183;sea_province_763;x
7053;25;24;95;sea_province_764;x
7054;17;19;67;sea_province_765;x
7055;35;40;173;sea_province_766;x
7056;50;45;229;sea_province_767;x
7057;22;27;75;sea_province_768;x
7058;59;75;150;sea_province_769;x
7059;37;46;229;sea_province_770;x
7060;34;64;191;sea_province_771;x
7061;16;30;75;sea_province_772;x
7062;4;35;163;sea_province_773;x
7063;57;75;150;sea_province_774;x
7064;30;42;229;sea_province_775;x
7065;13;28;75;sea_province_776;x
7066;49;64;166;sea_province_777;x
7067;29;42;90;sea_province_778;x
7068;25;33;75;sea_province_779;x
7069;41;46;229;sea_province_780;x
7070;59;76;150;sea_province_781;x
7071;13;21;63;sea_province_782;x
7072;42;64;166;sea_province_783;x
7073;39;30;133;sea_province_784;x
7074;24;42;90;sea_province_785;x
7075;16;21;63;sea_province_786;x
7076;26;42;90;sea_province_787;x
7077;45;105;185;sea_province_788;x
7078;30;26;40;sea_province_789;x
7079;18;7;119;sea_province_790;x
7080;18;7;140;sea_province_791;x
7081;16;31;109;sea_province_792;x
7082;74;79;226;sea_province_793;x
7083;16;30;68;sea_province_794;x
7084;33;29;232;sea_province_795;x
7085;47;105;183;sea_province_796;x
7086;23;21;63;sea_province_797;x
7087;40;90;155;sea_province_798;x
7088;14;27;183;sea_province_799;x
7089;8;8;255;sea_province_800;x
7090;25;15;95;sea_province_801;x
7091;45;66;166;sea_province_802;x
7092;26;14;175;sea_province_803;x
7093;27;21;63;sea_province_804;x
7094;46;72;166;sea_province_805;x
7095;20;33;75;sea_province_806;x
7096;15;29;135;sea_province_807;x
7097;21;30;232;sea_province_808;x
7098;24;40;166;sea_province_809;x
7099;20;27;183;sea_province_810;x
7100;36;52;230;sea_province_811;x
7101;44;50;230;sea_province_812;x
7102;27;21;64;sea_province_813;x
7103;29;54;229;sea_province_814;x
7104;20;54;230;sea_province_815;x
7105;24;29;142;sea_province_816;x
7106;32;26;40;sea_province_817;x
7107;43;43;230;sea_province_818;x
7108;13;11;255;sea_province_819;x
7109;18;11;186;sea_province_820;x
7110;24;35;170;sea_province_821;x
7111;37;33;232;sea_province_822;x
7112;52;42;229;sea_province_823;x
7113;19;13;139;sea_province_824;x
7114;39;64;191;sea_province_825;x
7115;31;48;198;sea_province_826;x
7116;24;29;95;sea_province_827;x
7117;48;31;133;sea_province_828;x
7118;38;42;230;sea_province_829;x
7119;54;105;183;sea_province_830;x
7120;20;22;63;sea_province_831;x
7121;36;55;230;sea_province_832;x
7122;17;13;139;sea_province_833;x
7123;53;31;133;sea_province_834;x
7124;36;58;230;sea_province_835;x
7125;33;43;230;sea_province_836;x
7126;30;18;95;sea_province_837;x
7127;24;30;232;sea_province_838;x
7128;10;9;255;sea_province_839;x
7129;12;50;145;qhoyne;x
7130;12;18;79;qhoyne;x
7131;17;50;140;qhoyne;x
7132;26;28;100;qhoyne;x
7133;18;49;181;qhoyne;x
7134;11;28;168;qhoyne;x
7135;26;30;99;sea_province_846;x
7136;6;9;223;noyne;x
7137;19;28;164;noyne;x
7138;15;19;74;noyne;x
7139;9;9;224;noyne;x
7140;16;13;75;little_rhoyne;x
7141;38;42;192;little_rhoyne;x
7142;22;41;183;little_rhoyne;x
7143;11;40;248;rhoyne;x
7144;16;21;52;rhoyne;x
7145;26;42;91;rhoyne;x
7146;23;32;109;rhoyne;x
7147;15;41;252;rhoyne;x
7148;18;34;46;rhoyne;x
7149;25;39;109;rhoyne;x
7150;32;52;181;rhoyne;x
7151;19;27;79;dagger_lake;x
7152;20;39;93;rhoyne;x
7153;14;43;238;rhoyne;x
7154;15;37;170;rhoyne;x
7155;39;51;113;rhoyne;x
7156;17;29;225;rhoyne;x
7157;17;24;91;rhoyne;x
7158;28;29;232;rhoyne;x
7159;17;36;85;rhoyne;x
7160;47;47;116;rhoyne;x
7161;11;37;170;rhoynish_delta;x
7162;28;55;137;rhoynish_delta;x
7163;10;36;232;rhoynish_delta;x
7164;19;31;232;sea_province_875;x
7165;49;82;247;sea_province_876;x
7166;9;39;248;sea_province_877;x
7167;10;11;63;sea_province_878;x
7168;27;30;99;sea_province_879;x
7169;20;39;240;sea_province_880;x
7170;76;104;174;sea_province_881;x
7171;26;33;97;sea_province_882;x
7172;21;39;241;sea_province_883;x
7173;27;33;94;sea_province_884;x
7174;25;39;240;sea_province_885;x
7175;24;29;163;sea_province_886;x
7176;40;40;175;sea_province_887;x
7177;26;39;233;sea_province_888;x
7178;33;24;64;sea_province_889;x
7179;19;29;228;sea_province_890;x
7180;14;13;63;sea_province_891;x
7181;33;61;163;sea_province_892;x
7182;30;39;233;sea_province_893;x
7183;33;24;61;sea_province_894;x
7184;84;109;204;sea_province_895;x
7185;18;28;223;sea_province_896;x
7186;14;29;63;sea_province_897;x
7187;28;44;235;sea_province_898;x
7188;7;14;61;sea_province_899;x
7189;65;46;213;sea_province_900;x
7190;22;31;215;sea_province_901;x
7191;28;52;235;sea_province_902;x
7192;14;21;63;sea_province_903;x
7193;22;40;227;sea_province_904;x
7194;11;9;58;sea_province_905;x
7195;14;39;239;sea_province_906;x
7196;24;31;97;sea_province_907;x
7197;11;33;228;sea_province_908;x
7198;12;12;63;sea_province_909;x
7199;7;40;248;sea_province_910;x
7200;29;69;232;sea_province_911;x
7201;14;14;64;sea_province_912;x
7202;10;25;133;sea_province_913;x
7203;10;40;247;sea_province_914;x
7204;35;59;96;sea_province_915;x
7205;24;22;202;sea_province_916;x
7206;23;34;53;sea_province_917;x
7207;14;29;131;sea_province_918;x
7208;7;40;235;sea_province_919;x
7209;9;36;253;sea_province_920;x
7210;11;11;58;sea_province_921;x
7211;34;68;231;sea_province_922;x
7212;38;60;96;sea_province_923;x
7213;19;25;132;sea_province_924;x
7214;14;40;243;sea_province_925;x
7215;18;36;126;sea_province_926;x
7216;22;44;247;sea_province_927;x
7217;18;18;58;sea_province_928;x
7218;40;63;96;sea_province_929;x
7219;38;59;104;sea_province_930;x
7220;14;40;248;sea_province_931;x
7221;20;26;131;sea_province_932;x
7222;11;40;235;sea_province_933;x
7223;13;18;61;sea_province_934;x
7224;17;40;240;sea_province_935;x
7225;18;32;126;sea_province_936;x
7226;18;37;245;sea_province_937;x
7227;38;60;92;sea_province_938;x
7228;21;37;128;sea_province_939;x
7229;21;33;128;sea_province_940;x
7230;19;40;240;sea_province_941;x
7231;22;36;125;sea_province_942;x
7232;36;70;235;sea_province_943;x
7233;19;13;63;sea_province_944;x
7234;14;40;232;sea_province_945;x
7235;22;35;123;sea_province_946;x
7236;18;40;232;sea_province_947;x
7237;29;45;229;sea_province_948;x
7238;28;24;63;sea_province_949;x
7239;21;29;232;sea_province_950;x
7240;17;34;169;sea_province_951;x
7241;42;62;160;sea_province_952;x
7242;22;25;77;sea_province_953;x
7243;73;103;179;sea_province_954;x
7244;19;35;228;sea_province_955;x
7245;20;26;132;sea_province_956;x
7246;22;42;187;sea_province_957;x
7247;24;26;54;sea_province_958;x
7248;41;66;175;sea_province_959;x
7249;14;37;170;sea_province_960;x
7250;33;40;175;sea_province_961;x
7251;22;23;167;sea_province_962;x
7252;29;29;95;sea_province_963;x
7253;19;35;167;sea_province_964;x
7254;23;26;162;sea_province_965;x
7255;17;30;55;sea_province_966;x
7256;18;14;63;sea_province_967;x
7257;27;39;248;sea_province_968;x
7258;29;18;95;sea_province_969;x
7259;233;25;25;b_pullridge;x
7260;169;45;24;b_merchland;x
7261;196;62;59;b_brickwell;x
7262;202;45;45;b_blue_depths;x
7263;243;81;93;b_knights_bridge;x
7264;231;119;93;b_old_lordsgrove;x
7265;43;113;171;b_misty_isle;x
7266;86;89;90;b_mouse_rock;x
7267;78;126;169;wall_impassible;x
7268;26;24;24;sevenpoints_ridge;x
7269;6;30;131;darkwash;x
7270;20;31;78;darkwash;x
7271;6;47;221;darkwash;x
7272;28;36;70;darkwash;x
7273;7;44;200;darkwash;x
7274;22;33;75;darkwash;x
7275;8;24;93;darkwash;x
7276;30;41;91;darkwash;x
7277;7;33;150;noyne;x
7278;23;31;179;noyne;x
7279;14;19;95;noyne;x
7280;2;120;175;b_bryony;x
7281;0;161;225;b_hartle;x
7282;39;125;241;b_minstridge;x
7283;110;133;255;b_woodrush;x
7284;142;255;255;b_corings;x
7285;111;176;231;b_stenchpool;x
7286;152;199;239;b_marshview;x
7287;110;234;255;b_fake_port;x
7288;70;179;215;b_disputed_peak;x
7289;73;164;204;b_bloomridge;x
7290;66;178;227;b_broadstream;x
7291;159;122;112;b_ruins;x
7292;135;103;95;b_more_ruin;x
7293;175;140;130;b_the_most_ruin;x
7294;105;168;106;b_bloodstone_lair;x
7295;102;181;104;b_bloodstain;x
7296;100;194;103;b_riftguard;x
7297;107;164;108;b_sorrows_harbor;x
7298;60;164;63;b_blood_cover;x
7299;89;182;92;b_banefalter;x
7300;101;198;103;b_stillblood;x
7301;96;181;98;b_torment_point;x
7302;110;174;111;b_harmhaven;x
7303;80;175;84;b_sandsting;x
7304;90;195;94;b_final_footsteps;x
7305;58;154;61;b_vandals_run;x
7306;84;201;88;b_scorpions_rise;x
7307;87;188;91;b_sunstone_cover;x
7308;69;152;71;b_sackers_grotto;x
7309;55;158;58;b_gentlerock;x
7310;90;200;94;b_prowlers_finger;x
7311;49;165;52;b_daggerbreak;x
7312;98;162;99;b_somberys;x
7313;88;187;90;b_the_stash;x
7314;88;170;89;b_wreckstone_point;x
7315;97;177;98;b_downgrave;x
7316;84;172;85;b_gallow_cove;x
7317;100;184;101;b_scarlet_harm;x
7318;114;180;116;b_downseed;x
7319;95;156;97;b_rock_of_narin;x
7320;84;194;86;b_skullhammer;x
7321;58;156;60;b_fathers_bane;x
7322;58;171;60;b_hellbrace;x
7323;76;169;78;b_hammerchild;x
7324;63;161;65;b_sharp_shore;x
7325;114;175;115;b_lairwater;x
7326;53;168;56;b_blightskull;x
7327;108;197;110;b_driftskull;x
7328;92;146;92;b_thiefwater;x
7329;110;194;112;b_queensburden;x
7330;94;181;97;b_seasong;x
7331;63;172;65;b_morrefall;x
7332;94;154;95;b_almodwyn;x
7333;78;174;81;b_maidens_bed;x
7334;87;186;90;b_spoil_cove;x
7335;36;169;40;b_circle_of_skulls;x
7336;23;190;29;b_raidmaiden;x
7337;44;170;48;b_indigo_stand;x
7338;60;179;64;b_reckoners_regard;x
7339;66;173;69;b_striped_mask;x
7340;75;198;79;b_viridian_stay;x
7341;86;187;89;b_saamhars_spear;x
7342;46;174;50;b_tradesbane;x
7343;76;186;80;b_crimson_scar;x
7344;95;198;98;b_jade_run;x
7345;123;211;126;b_oledos_bounty;x
7346;141;214;143;b_goodmerchant;x
7347;131;199;133;b_howlhaven;x
7348;105;200;108;b_prendos_point;x
7349;83;197;87;b_looters_line;x
7350;106;204;109;b_smoking_serpent;x
7351;208;3;125;b_zobri_bastion;x
7352;171;46;122;b_quilt_harbor;x
7353;170;0;101;b_dye_district;x
7354;203;0;120;b_kerkosh;x
7355;153;0;91;b_soot_dorun;x
7356;156;0;92;b_the_bleeding_tower;x
7357;166;0;97;b_brandy_row;x
7358;205;0;120;b_temple_of_trios;x
7359;134;0;80;b_bleak_point;x
7360;151;0;88;b_snailery;x
7361;175;0;103;b_whelcastle;x
7362;197;0;116;b_dynelos;x
7363;176;43;127;b_little_tyrosh;x
7364;147;42;115;b_droplet_hold;x
7365;176;31;119;b_riroorys;x
7366;175;17;130;b_tean;x
7367;101;3;63;b_tarish;x
7368;191;34;147;b_tin_field;x
7369;176;76;147;b_tandaynish;x
7370;183;17;130;b_tanners_wood;x
7371;141;11;96;b_stramanosh;x
7372;153;12;108;b_straw_tower;x
7373;165;15;121;b_kylos;x
7374;156;13;117;b_kycastle;x
7375;190;32;141;b_old_kyland;x
7376;112;9;83;b_adoorys;x
7377;195;54;161;b_doorwood;x
7378;141;6;95;b_adaron_gates;x
7379;114;10;84;b_mersh;x
7380;198;6;119;b_brandarosh;x
7381;178;19;126;b_brand_grains;x
7382;108;10;80;b_vilibosh;x
7383;94;1;59;b_villains_gate;x
7384;168;14;125;b_quirron;x
7385;101;7;69;b_the_wilds;x
7386;125;10;89;b_the_step;x
7387;148;5;94;b_rutish;x
7388;233;226;232;b_lys;x
7389;200;195;199;b_temple_of_trade;x
7390;133;129;132;b_twilight_sanctuary;x
7391;229;214;226;b_street_of_tears;x
7392;205;196;203;b_radiant_harbor;x
7393;245;233;243;b_perfumed_garden;x
7394;229;223;228;b_tresser;x
7395;207;195;205;b_silver_mint;x
7396;175;162;173;b_lilac_markets;x
7397;175;173;175;b_drakes_rest;x
7398;204;198;203;b_myon;x
7399;137;133;136;b_lrar;x
7400;219;200;216;b_leisure;x
7401;167;161;166;b_bynne;x
7402;171;168;168;b_boeanare;x
7403;198;193;193;b_rorsarios;x
7404;231;223;223;b_silvered_bluff;x
7405;140;138;138;b_laraokten;x
7406;220;219;219;b_maesonis;x
7407;171;166;166;b_kornovear;x
7408;206;205;205;b_qeldlen;x
7409;225;221;221;b_aergantea;x
7410;210;203;203;b_aercadar;x
7411;207;203;203;b_unsareanos;x
7412;222;210;210;b_pagaenne;x
7413;186;185;185;b_cloenis;x
7414;238;230;230;b_rren;x
7415;228;215;215;b_prunyiha;x
7416;183;178;178;b_preceanos;x
7417;225;208;208;b_makseon;x
7418;106;105;105;b_orteohaes;x
7419;191;187;187;b_pillow_coast;x
7420;204;198;198;b_larr;x
7421;225;214;214;b_saees;x
7422;192;180;180;b_doronjistos;x
7423;175;165;165;b_orthas_endos;x
7424;199;190;190;b_slavers_port;x
7425;232;224;224;b_munnemmar;x
7426;221;210;210;b_ormaeqaer;x
7427;135;127;127;b_lerilksa;x
7428;139;126;22;b_ramynis_monne;x
7429;194;184;104;b_taala;x
7430;119;108;19;b_turis;x
7431;225;210;87;b_craembo;x
7432;166;150;15;b_benzynne;x
7433;177;162;41;b_nooris;x
7434;178;168;82;b_toraena;x
7435;217;193;0;b_maeo;x
7436;69;65;35;b_uhuyris;x
7437;168;156;63;b_volanryen;x
7438;176;164;68;b_nisario_estate;x
7439;222;215;153;b_roondytish;x
7440;118;107;19;b_pluckstand;x
7441;209;200;127;b_quoorys;x
7442;237;217;61;b_ritish;x
7443;210;189;34;b_ryzohar;x
7444;173;168;133;b_banthmyerys;x
7445;149;138;52;b_tihoris;x
7446;210;194;69;b_nutis;x
7447;177;161;41;b_rovio;x
7448;123;110;14;b_adahurys;x
7449;210;193;64;b_tambona;x
7450;164;149;44;b_noohutis;x
7451;147;139;84;b_orthythmans;x
7452;242;215;2;b_horahar;x
7453;169;153;28;b_pathmaenne;x
7454;120;109;23;b_maraembo;x
7455;153;141;46;b_paherios;x
7456;193;176;47;b_illolon;x
7457;145;135;64;b_soar;x
7458;229;210;65;b_ormyan;x
7459;235;211;13;b_tryres;x
7460;118;110;46;b_tarys;x
7461;178;172;121;b_myraar;x
7462;180;164;38;b_adorys;x
7463;145;132;34;b_nondito;x
7464;118;107;27;b_anotys;x
7465;103;95;36;b_toynis;x
7466;141;128;25;b_sathmens;x
7467;226;215;131;b_qhygandar;x
7468;100;96;58;b_calete;x
7469;214;190;0;b_hozaqos;x
7470;159;146;44;b_qymbar;x
7471;159;152;97;b_sens;x
7472;130;120;32;b_tree_of_crowns;x
7473;98;91;31;b_gilded_shore;x
7474;228;209;50;b_kinsblood;x
7475;216;203;92;b_last_exile;x
7476;154;149;104;b_bitterwalk;x
7477;102;95;37;b_vorys;x
7478;149;141;75;b_rothmyre;x
7479;242;224;74;b_daeen;x
7480;189;175;62;b_orthathmens;x
7481;223;192;108;b_ballaean;x
7482;167;143;79;b_thyo;x
7483;206;173;82;b_tootys;x
7484;190;144;14;b_paleonis;x
7485;208;187;131;b_taena;x
7486;161;149;49;b_hanzonne;x
7487;223;203;49;b_tananryen;x
7488;213;193;29;b_vedar;x
7489;188;182;135;b_bengotes;x
7490;140;129;44;b_trangon_fynties;x
7491;154;145;73;b_dreadhill;x
7492;164;154;72;b_vhynanrios;x
7493;118;109;28;b_syqos;x
7494;209;203;155;b_lozenar;x
7495;201;186;57;b_tattered_banner;x
7496;226;207;62;b_adahyris;x
7497;100;90;7;b_hare;x
7498;239;217;37;b_maer;x
7499;176;164;64;b_tronambeo;x
7500;197;176;3;b_hyar;x
7501;246;229;90;b_rens;x
7502;89;79;8;b_ormanre;x
7503;206;200;149;b_pendanne;x
7504;145;136;55;b_vygyr;x
7505;151;137;23;b_bellean;x
7506;186;165;17;b_baqas;x
7507;242;212;126;b_mandaon;x
7508;100;85;40;b_uhinditis;x
7509;224;188;84;b_haryan;x
7510;171;143;63;b_possar;x
7511;238;196;75;b_dyqynne;x
7512;174;136;31;b_vhenyrys;x
7513;140;108;25;b_oubeis;x
7514;166;143;82;b_sordnanis;x
7515;111;85;14;b_gaeetrear;x
7516;97;78;24;b_floeon;x
7517;151;122;45;b_torean;x
7518;109;82;9;b_qhanodar;x
7519;231;193;88;b_baegerys;x
7520;224;170;22;b_robean;x
7521;147;124;58;b_dylaon;x
7522;115;88;14;b_ormozenqos;x
7523;190;172;122;b_syna;x
7524;126;114;83;b_rrllren;x
7525;185;144;25;b_maenne;x
7526;241;201;87;b_prntaeen;x
7527;128;113;70;b_paear;x
7528;202;165;62;b_miviyaan;x
7529;199;155;34;b_edohyros;x
7530;226;178;47;b_pes;x
7531;157;130;54;b_motar;x
7532;184;159;89;b_poqar;x
7533;162;131;42;b_orthrqear;x
7534;73;55;6;b_mesylosh;x
7535;138;105;14;b_dyllen;x
7536;158;126;35;b_ormaeen;x
7537;138;104;11;b_dryna;x
7538;206;157;23;b_qaghes;x
7539;246;193;44;b_meroo;x
7540;146;118;39;b_tryrombo;x
7541;164;123;13;b_markaes;x
7542;146;116;32;b_bron;x
7543;124;99;30;b_qeres;x
7544;236;193;73;b_marambo;x
7545;198;160;55;b_castian;x
7546;214;169;44;b_toas;x
7547;125;97;19;b_grapotis;x
7548;223;191;103;b_crohaembo;x
7549;215;175;62;b_geon;x
7550;158;120;15;b_hes;x
7551;132;105;30;b_deon;x
7552;193;148;25;b_tohona;x
7553;187;151;50;b_tyhoo;x
7554;226;205;147;b_orthran;x
7555;143;112;26;b_dryhaesh;x
7556;41;153;73;b_southern_market;x
7557;17;180;63;b_lysayn;x
7558;7;127;41;b_antyne;x
7559;11;142;48;b_myr;x
7560;34;162;70;b_croryo;x
7561;35;179;76;b_sorela;x
7562;16;154;55;b_dyher;x
7563;22;128;52;b_thaesh;x
7564;100;214;132;b_foranar;x
7565;13;94;35;b_ennah;x
7566;18;137;52;b_essoris;x
7567;27;124;54;b_foraenor;x
7568;28;151;63;b_dynaris;x
7569;98;199;127;b_paenelion;x
7570;16;101;40;b_marel;x
7571;32;132;60;b_brenyl;x
7572;26;109;50;b_maeginar;x
7573;79;224;120;b_paenolis;x
7574;45;129;69;b_anerah;x
7575;114;232;147;b_ennys;x
7576;44;165;78;b_vollanar;x
7577;46;176;82;b_nahoris;x
7578;16;98;39;b_vynoran;x
7579;84;129;96;b_paenaar;x
7580;38;136;65;b_sanelar;x
7581;46;96;60;b_ennerion;x
7582;22;82;39;b_aaraan;x
7583;65;104;76;b_hestiros;x
7584;32;121;56;b_irnel;x
7585;37;159;71;b_hesterion;x
7586;33;101;52;b_foraan;x
7587;50;215;96;b_nahaenor;x
7588;15;88;36;b_marion;x
7589;14;115;43;b_irratis;x
7590;70;153;93;b_ahrios;x
7591;88;196;119;b_aneren;x
7592;75;185;106;b_eranerion;x
7593;14;116;43;b_tregillos;x
7594;46;218;95;b_dyaesar;x
7595;38;196;82;b_vyrario;x
7596;30;119;55;b_barynis;x
7597;104;153;118;b_drasagha;x
7598;44;210;91;b_tyso;x
7599;11;116;41;b_thymbagho;x
7600;48;217;95;b_taelas;x
7601;44;185;147;b_tallgrass;x
7602;19;113;45;b_trar;x
7603;44;185;82;b_qyr;x
7604;42;88;55;b_mosa;x
7605;22;198;72;b_ostelion;x
7606;149;225;170;b_qysh;x
7607;43;95;69;b_draerios;x
7608;49;195;114;b_tolnazar;x
7609;39;210;88;b_frosh;x
7610;24;221;79;b_saeloho;x
7611;57;141;80;b_crasaemba;x
7612;0;255;71;b_sygho;x
7613;48;137;73;b_qas;x
7614;59;219;104;b_qyso;x
7615;81;231;122;b_thos;x
7616;26;210;76;b_taeha;x
7617;93;212;126;b_qaeghas;x
7618;61;195;99;b_moghaer;x
7619;72;156;95;b_saeghosh;x
7620;56;221;102;b_thaeso;x
7621;22;173;65;b_flaeraenor;x
7622;74;162;99;b_iranonnis;x
7623;17;98;40;b_ennonis;x
7624;36;103;55;b_hestirah;x
7625;75;231;119;b_tychonno;x
7626;49;125;70;b_paenoris;x
7627;35;170;73;b_irrirah;x
7628;106;227;140;b_faenos;x
7629;55;213;99;b_anerel;x
7630;30;111;53;b_sanoran;x
7631;53;171;86;b_vogio;x
7632;19;95;41;b_sirala;x
7633;26;175;68;b_onalynea;x
7634;56;178;90;b_ahrosha;x
7635;32;89;48;b_vynerion;x
7636;82;235;125;b_phiranah;x
7637;63;105;75;b_hotaris;x
7638;44;137;70;b_taenaria;x
7639;66;172;94;b_arenissa;x
7640;43;161;76;b_aneriros;x
7641;16;156;55;b_sanaar;x
7642;24;165;61;b_naeranar;x
7643;79;160;101;b_faenatis;x
7644;32;95;48;b_forah;x
7645;10;143;107;b_tolgrevious;x
7646;33;162;127;b_tolrios;x
7647;27;107;49;b_innar;x
7648;13;160;54;b_arenosha;x
7649;96;197;125;b_stassyrion;x
7650;67;152;91;b_molymbo;x
7651;82;116;91;b_nakaro;x
7652;111;219;140;b_wenanea;x
7653;72;148;93;b_waereya;x
7654;21;99;43;b_laenerah;x
7655;57;225;104;b_wenysha;x
7656;31;93;48;b_iraniris;x
7657;29;133;58;b_nestaan;x
7658;2;145;43;b_sambaro;x
7659;11;101;37;b_trahaes;x
7660;48;178;85;b_croha;x
7661;106;230;142;b_maelaero;x
7662;112;196;135;b_tysaero;x
7663;51;175;86;b_sasyla;x
7664;64;158;90;b_drosh;x
7665;80;232;124;b_noronos;x
7666;52;130;74;b_fyllassar;x
7667;46;148;74;b_brenatis;x
7668;78;218;118;b_marenno;x
7669;27;91;45;b_maegassar;x
7670;45;117;65;b_vaera;x
7671;35;239;93;b_dilora;x
7672;28;171;69;b_norys;x
7673;64;249;117;b_vyrodos;x
7674;105;187;128;b_paenerion;x
7675;68;105;79;b_maegaenor;x
7676;44;119;65;b_naeratis;x
7677;77;204;113;b_feranea;x
7678;41;224;93;b_brenerion;x
7679;42;231;96;b_sanyris;x
7680;22;104;45;b_mor;x
7681;36;186;79;b_naeros;x
7682;56;144;81;b_nyessaro;x
7683;98;182;122;b_gylliros;x
7684;73;151;95;b_aenah;x
7685;133;243;165;b_dynos;x
7686;79;167;104;b_ostoyor;x
7687;52;236;104;b_aerenhor;x
7688;123;233;154;b_adaresso;x
7689;72;230;117;b_essen;x
7690;26;132;56;b_dilanea;x
7691;20;245;84;b_sallonos;x
7692;83;249;130;b_arodos;x
7693;25;112;50;b_brenerris;x
7694;122;236;154;b_daenissa;x
7695;73;211;112;b_vellesa;x
7696;79;226;121;b_ahryrion;x
7697;86;195;116;b_ennelion;x
7698;10;180;58;b_stallenhor;x
7699;27;226;83;b_dynonnis;x
7700;111;214;140;b_vaerynea;x
7701;75;151;96;b_phirona;x
7702;12;134;46;b_bahar;x
7703;20;183;66;b_faeniros;x
7704;12;151;51;b_ormoris;x
7705;112;167;128;b_anerassar;x
7706;10;114;39;b_helanah;x
7707;64;235;113;b_eranerah;x
7708;76;162;137;b_pentos;x
7709;69;177;146;b_sunset_bazaars;x
7710;76;161;162;b_sunrise_market;x
7711;70;186;187;b_cheesemongers_manse;x
7712;38;172;174;b_mummer_lane;x
7713;66;170;140;b_temple_of_rhllor;x
7714;75;159;135;b_palace_of_prosperity;x
7715;44;170;166;b_the_spice_exchange;x
7716;67;136;134;b_naqiedror;x
7717;108;210;206;b_geralonkion;x
7718;63;178;176;b_hienkos;x
7719;156;190;189;b_gerarae;x
7720;36;144;140;b_naqiege;x
7721;3;68;66;b_qelbartos;x
7722;36;193;188;b_gradoror;x
7723;128;167;166;b_gravonion;x
7724;44;138;135;b_rigaashis;x
7725;43;122;119;b_graninkion;x
7726;67;198;194;b_nivan;x
7727;92;164;163;b_illyera;x
7728;79;142;140;b_sentilys;x
7729;157;212;211;b_nidor;x
7730;9;125;121;b_vezsyl;x
7731;89;153;151;b_jelsyl;x
7732;18;136;131;b_ameanjel;x
7733;76;204;199;b_rhinkaviln;x
7734;87;164;161;b_mishin;x
7735;111;229;226;b_amenankion;x
7736;11;74;72;b_pengroz;x
7737;34;198;194;b_arasonkion;x
7738;20;85;83;b_naqelbar;x
7739;94;110;110;b_peninkion;x
7740;69;198;193;b_iemrios;x
7741;34;108;105;b_iemny;x
7742;6;139;134;b_ninkiot;x
7743;47;119;116;b_jaerios;x
7744;95;133;132;b_ninrios;x
7745;93;193;189;b_nihinon;x
7746;41;142;138;b_iemgroz;x
7747;39;136;132;b_daarilaro_aajon;x
7748;60;210;205;b_ozendyos;x
7749;148;207;205;b_tidrar;x
7750;46;130;128;b_heedris;x
7751;69;207;202;b_ozejaes;x
7752;53;119;117;b_ozehinun;x
7753;30;150;146;b_ozegrezior;x
7754;91;170;167;b_bedrylos;x
7755;72;125;123;b_bedrygos;x
7756;24;142;138;b_jaesabed;x
7757;66;218;218;b_bedrigues;x
7758;29;136;132;b_rylinon;x
7759;64;96;95;b_gerios;x
7760;50;169;165;b_hedys;x
7761;78;190;186;b_jelgios;x
7762;65;210;206;b_hedyjaes;x
7763;15;161;157;b_hedys_ninkion;x
7764;45;153;150;b_hedys_grozior;x
7765;20;119;116;b_endybaes;x
7766;73;218;214;b_endystia;x
7767;62;130;128;b_endyjaes;x
7768;161;212;211;b_guese_endystia;x
7769;119;187;185;b_guese_hinon;x
7770;38;195;191;b_tiderar;x
7771;11;156;152;b_doralbar;x
7772;81;224;220;b_doralja;x
7773;97;161;160;b_rihinu;x
7774;27;184;180;b_rhinka_guesin;x
7775;16;136;133;b_kyrhinon;x
7776;48;173;170;b_kyrstor;x
7777;87;167;165;b_jaekyr;x
7778;23;125;122;b_rhoan_drohe;x
7779;73;159;157;b_kyrkion;x
7780;63;119;117;b_vejinon;x
7781;83;156;154;b_endikyr;x
7782;74;136;134;b_dunrael;x
7783;66;187;183;b_dunbarra;x
7784;27;149;145;b_jaebarra;x
7785;82;195;192;b_raelatiam;x
7786;107;176;174;b_evortiam;x
7787;36;57;56;b_jaevortiam;x
7788;68;147;145;b_iemny_qelbar;x
7789;22;110;108;b_evorgroz;x
7790;111;184;182;b_braedykion;x
7791;39;164;160;b_velourael;x
7792;119;201;198;b_veloktion;x
7793;75;198;194;b_velouj;x
7794;55;164;161;b_rhinka_velour;x
7795;81;190;186;b_velbais;x
7796;59;235;229;b_keldios;x
7797;124;215;212;b_tikosaedar;x
7798;22;139;135;b_vaedar_anogrion;x
7799;44;122;119;b_vaedar_ninkion;x
7800;37;176;173;b_qelbar_grozior;x
7801;132;198;196;b_emmongrozior;x
7802;76;130;129;b_lantaqelbar;x
7803;111;193;190;b_vezoraenion;x
7804;56;119;117;b_vehinon;x
7805;97;190;188;b_urninkion;x
7806;24;210;206;b_jelinkion;x
7807;13;198;194;b_phasombion;x
7808;66;156;154;b_argion;x
7809;94;156;156;b_phagrozior;x
7810;6;88;86;b_phasinkion;x
7811;101;178;178;b_todonar;x
7812;70;167;167;b_toguesin;x
7813;57;184;184;b_naqinkion;x
7814;57;136;136;b_hinogrion;x
7815;104;130;130;b_togez;x
7816;124;156;155;b_tombion;x
7817;41;210;204;b_tovilinion;x
7818;52;139;139;b_vokgor;x
7819;111;221;221;b_kasguesin;x
7820;39;198;194;b_merpasom;x
7821;116;207;205;b_merpankion;x
7822;48;161;159;b_phasorinkion;x
7823;13;102;100;b_vezorinkion;x
7824;97;184;182;b_jelmorinkion;x
7825;50;144;142;b_valdrizombion;x
7826;103;207;204;b_hiorirosonkion;x
7827;96;201;199;b_rijiblion_valdrizes;x
7828;33;113;111;b_jelnuspes;x
7829;47;215;211;b_veznuspes;x
7830;99;173;171;b_naqaninkion;x
7831;158;198;197;b_kastajikagon;x
7832;47;116;114;b_tistonkion;x
7833;125;210;207;b_tistalion;x
7834;101;173;171;b_tistahinon;x
7835;23;127;124;b_guese_dorenka;x
7836;27;82;81;b_samdoro;x
7837;7;65;63;b_onhinion;x
7838;47;133;130;b_riolys;x
7839;114;221;217;b_logroz;x
7840;73;207;201;b_kastombion;x
7841;44;198;192;b_griapos;x
7842;137;164;163;b_levitsos;x
7843;38;157;153;b_rizmon_blinun;x
7844;78;210;209;b_vezonun;x
7845;78;142;140;b_vizgues;x
7846;23;91;89;b_eninkion;x
7847;34;181;177;b_hivez;x
7848;77;193;190;b_morgues;x
7849;65;221;216;b_tastavililion;x
7850;12;82;80;b_norgues;x
7851;23;178;178;b_glaesagyes;x
7852;58;215;213;b_endigues;x
7853;26;122;120;b_jelinun;x
7854;39;136;133;b_ar_kon;x
7855;58;207;203;b_konoktion;x
7856;86;176;173;b_aranogrion;x
7857;26;212;207;b_nagues;x
7858;68;229;225;b_arinun;x
7859;73;212;210;b_konigues;x
7860;88;167;166;b_arios;x
7861;100;221;217;b_qelbor_vilinion;x
7862;25;156;152;b_ringolion;x
7863;29;133;130;b_hinorijiblion;x
7864;10;122;119;b_konqelbor;x
7865;30;198;193;b_amenos;x
7866;38;127;124;b_amenogues;x
7867;59;119;117;b_menun;x
7868;84;147;145;b_hinikagon;x
7869;95;153;151;b_riolatus;x
7870;36;119;117;b_vejonedoror;x
7871;110;229;228;b_vejonkion;x
7872;84;204;201;b_dorenka_doros;x
7873;49;122;120;b_endiebinon;x
7874;98;207;204;b_jurnerys;x
7875;51;88;87;b_ozurne;x
7876;69;215;211;b_nyalla;x
7877;114;181;179;b_dagrozior;x
7878;21;105;102;b_hopihanin;x
7879;115;235;230;b_gaguesiers;x
7880;71;174;171;b_nonombion;x
7881;25;127;123;b_nontelos;x
7882;78;181;177;b_riostelos;x
7883;32;116;113;b_nonbaes;x
7884;31;156;152;b_dorios;x
7885;26;179;174;b_nonajon;x
7886;68;164;161;b_viigashos;x
7887;60;143;140;b_dhaen;x
7888;23;135;131;b_vedoros;x
7889;32;96;94;b_qelrios;x
7890;43;201;198;b_rhinarios;x
7891;76;144;143;b_vejogrion;x
7892;23;190;185;b_jelmor_vejguesin;x
7893;40;176;171;b_vezor_vejguesin;x
7894;23;204;198;b_guesidoror;x
7895;83;159;156;b_mylenos;x
7896;55;125;122;b_mylerios;x
7897;43;212;206;b_lenyrios;x
7898;133;212;210;b_manaqelbor;x
7899;116;170;168;b_naejitsos;x
7900;78;130;128;b_costoba;x
7901;24;119;116;b_kastaraen;x
7902;39;167;163;b_urnekas;x
7903;17;110;106;b_jelurne;x
7904;57;142;138;b_jurnemyr;x
7905;18;170;165;b_samaal;x
7906;68;210;205;b_samagues;x
7907;89;235;230;b_guesejurne;x
7908;41;130;128;b_endamire;x
7909;97;178;177;b_hinomire;x
7910;102;167;165;b_naqamire;x
7911;76;161;159;b_samahinon;x
7912;31;212;207;b_bosarios;x
7913;122;204;201;b_nonrios;x
7914;8;105;103;b_bosaguesin;x
7915;125;164;163;b_naqaguesin;x
7916;12;113;110;b_higuesin;x
7917;41;93;92;b_drammagon;x
7918;27;59;193;b_hugors_hill;x
7919;19;56;191;b_coronagues;x
7920;23;60;198;b_qelford;x
7921;11;48;207;b_hyligues;x
7922;52;81;202;b_corohold;x
7923;24;56;192;b_coronkion;x
7924;11;47;199;b_ridgues;x
7925;32;69;226;b_hukodale;x
7926;40;78;220;b_norofer;x
7927;12;47;177;b_wesahyls;x
7928;0;36;192;b_emtigale;x
7929;20;50;180;b_hylaus;x
7930;72;96;187;b_sufhyl;x
7931;32;66;209;b_sufofer;x
7932;35;73;213;b_chirchylle;x
7933;5;45;216;b_lowrycg;x
7934;25;59;201;b_hrycgold;x
7935;35;69;197;b_eahyll;x
7936;48;81;204;b_ausfold;x
7937;24;56;178;b_sofold;x
7938;30;68;209;b_medhyl;x
7939;26;61;193;b_onkin;x
7940;38;54;165;b_weshold;x
7941;19;44;228;b_vesfeld;x
7942;15;36;190;b_norfeld;x
7943;67;85;207;b_sunnan;x
7944;46;66;204;b_fenn_cepan;x
7945;72;89;205;b_fentun;x
7946;36;56;199;b_moorwud;x
7947;35;50;160;b_warwud;x
7948;14;46;178;b_crontoor;x
7949;46;72;182;b_hrycone;x
7950;14;37;195;b_nofwud;x
7951;29;47;172;b_feninwud;x
7952;22;52;179;b_deawud;x
7953;15;43;158;b_crontun;x
7954;66;88;242;b_andiwor;x
7955;51;71;211;b_waroftun;x
7956;25;41;151;b_godworf;x
7957;22;54;188;b_stanworf;x
7958;12;30;153;b_norotorr;x
7959;26;50;219;b_lastirycg;x
7960;11;32;172;b_wundiston;x
7961;48;71;238;b_wetorr;x
7962;25;48;216;b_emmon;x
7963;18;46;248;b_archirce;x
7964;54;71;198;b_eafeld;x
7965;20;45;224;b_duntorr;x
7966;18;40;196;b_duntun;x
7967;38;63;243;b_heahrycg;x
7968;13;34;184;b_heawud;x
7969;35;48;145;b_dunig;x
7970;68;86;216;b_ortorr;x
7971;53;69;184;b_hildtun;x
7972;33;57;229;b_wigchirche;x
7973;51;70;204;b_hrycghild;x
7974;5;24;159;b_beadu;x
7975;40;63;223;b_weshryc;x
7976;20;47;242;b_weshul;x
7977;58;79;232;b_westun;x
7978;19;38;174;b_wesuf;x
7979;38;61;223;b_twea;x
7980;44;65;212;b_eaton;x
7981;30;54;228;b_eanuf;x
7982;49;71;231;b_hrycgul;x
7983;18;41;202;b_bareyne;x
7984;22;62;231;b_caeriniot;x
7985;67;98;229;b_jeltun;x
7986;47;82;183;b_jechire;x
7987;49;56;187;b_creco;x
7988;10;23;190;b_bartock;x
7989;10;61;190;b_jelfold;x
7990;59;84;192;b_jaestorr;x
7991;21;60;219;b_riddetun;x
7992;37;69;189;b_suchirche;x
7993;26;26;192;b_riddermark;x
7994;10;49;212;b_jaeshyl;x
7995;14;57;236;b_maidenburh;x
7996;40;64;162;b_rhinkahrycg;x
7997;55;62;204;b_maegden;x
7998;6;48;224;b_claene;x
7999;38;48;245;b_destorr;x
8000;58;65;223;b_laestun;x
8001;48;56;221;b_heachirche;x
8002;64;72;232;b_stanefeld;x
8003;27;77;204;b_riddefeld;x
8004;73;82;249;b_eafold;x
8005;48;57;229;b_wintorr;x
8006;21;73;241;b_windanworf;x
8007;41;49;229;b_sherne;x
8008;6;58;227;b_hylindan;x
8009;69;75;230;b_aemtig;x
8010;54;71;157;b_hintorr;x
8011;30;45;123;b_hintum;x
8012;52;62;128;b_seodun;x
8013;37;51;188;b_himtaeg;x
8014;53;79;189;b_wudaeg;x
8015;95;105;166;b_giestorr;x
8016;60;59;164;b_tungaest;x
8017;77;97;197;b_seofohirche;x
8018;24;33;82;b_hyrcgaes;x
8019;54;65;128;b_gieshyl;x
8020;58;52;164;b_faetor;x
8021;39;35;100;b_vaetun;x
8022;27;20;137;b_dartholm;x
8023;74;69;148;b_hyrcgae;x
8024;51;80;208;b_moritorr;x
8025;63;89;199;b_hyrtun;x
8026;35;65;197;b_moriholm;x
8027;56;83;197;b_wudrycg;x
8028;29;54;159;b_hyjaes;x
8029;49;89;192;b_soetorr;x
8030;42;49;193;b_dunshae;x
8031;8;40;180;b_duchirche;x
8032;51;65;199;b_seofrith;x
8033;39;75;207;b_dunpas;x
8034;45;82;220;b_wudun;x
8035;42;73;193;b_duwud;x
8036;11;43;182;b_rhotorr;x
8037;15;52;210;b_rhohyl;x
8038;50;77;195;b_rhoae;x
8039;58;87;210;b_rhoford;x
8040;23;59;212;b_rhofeld;x
8041;55;88;212;b_hutorr;x
8042;35;67;187;b_fortun;x
8043;55;86;202;b_firche;x
8044;27;67;216;b_hurycg;x
8045;63;55;204;b_qetorr;x
8046;69;82;168;b_qelotun;x
8047;53;71;186;b_qeloford;x
8048;58;76;190;b_jeloford;x
8049;74;91;199;b_qelodun;x
8050;26;60;186;b_pacetorr;x
8051;66;85;209;b_grycidge;x
8052;49;79;191;b_gryrche;x
8053;55;87;204;b_grydun;x
8054;34;53;151;b_tikuvale;x
8055;35;49;187;b_eadun;x
8056;50;73;174;b_eavale;x
8057;57;64;208;b_tikuae;x
8058;65;81;185;b_tikudun;x
8059;35;55;160;b_hyriku;x
8060;186;174;177;b_minstrel_way;x
8061;229;228;228;b_morghemunja;x
8062;243;0;101;b_the_sealords_palace;x
8063;247;23;122;b_the_arsenal;x
8064;211;68;122;b_purple_harbor;x
8065;193;7;104;b_court_of_smiles;x
8066;213;81;138;b_isles_of_the_gods;x
8067;165;16;140;b_silty_town;x
8068;189;45;117;b_bright_towers;x
8069;163;18;77;b_fog_crossing;x
8070;190;9;86;b_patchwork_port;x
8071;201;9;105;b_drowned_town;x
8072;223;25;120;b_abberyn;x
8073;255;33;209;b_the_titan_of_braavos;x
8074;211;30;187;b_sellagoros_shield;x
8075;192;50;170;b_sellagoros_talon;x
8076;131;39;126;b_utheros_shield;x
8077;156;11;148;b_wreckshield;x
8078;156;55;151;b_the_bravos_arm;x
8079;184;19;88;b_ironport;x
8080;175;3;77;b_ironpoint;x
8081;192;27;96;b_noqoselis;x
8082;189;16;95;b_aegenkagon;x
8083;197;35;108;b_snailport;x
8084;212;13;126;b_aantyzel;x
8085;198;65;122;b_sweetwater_font;x
8086;171;44;97;b_dyrallalas;x
8087;143;33;80;b_zalezora;x
8088;173;35;97;b_nernos;x
8089;187;30;97;b_nabyspharos;x
8090;171;25;87;b_cogaren;x
8091;157;36;87;b_monesne;x
8092;173;20;85;b_vosto;x
8093;153;15;74;b_moonbridge;x
8094;180;16;85;b_harna_codyr;x
8095;189;43;105;b_elynesyr;x
8096;180;13;83;b_aantayn;x
8097;153;29;81;b_ancostyrbros;x
8098;199;40;107;b_hurarle;x
8099;142;34;50;b_freneros;x
8100;140;27;45;b_oranole;x
8101;152;28;52;b_bosel;x
8102;139;21;43;b_tesmor;x
8103;142;31;48;b_boto;x
8104;160;26;63;b_terysragon;x
8105;212;42;110;b_pelaberos;x
8106;157;12;43;b_masked_ridge;x
8107;147;2;33;b_ymo;x
8108;150;17;44;b_dorallephar;x
8109;172;38;65;b_botenar;x
8110;142;9;36;b_zelgo;x
8111;164;30;57;b_zelaan_garab;x
8112;157;17;46;b_garaboggos;x
8113;161;21;50;b_lochobo;x
8114;177;43;70;b_coynodor;x
8115;167;39;64;b_nodar;x
8116;182;52;78;b_revosghar;x
8117;153;29;53;b_grafton_point;x
8118;178;41;67;b_vorians_hook;x
8119;172;42;91;b_erasquo;x
8120;152;39;81;b_qosdar;x
8121;167;33;60;b_assago;x
8122;163;23;50;b_othoggos;x
8123;184;24;60;b_garpresdor;x
8124;179;27;109;b_rogbrusgo;x
8125;173;19;53;b_morihilivos;x
8126;167;27;56;b_tarwenleyn;x
8127;178;33;64;b_braael;x
8128;170;16;50;b_doronhyl;x
8129;166;22;83;b_byraabelmos;x
8130;208;38;109;b_nemordos;x
8131;196;24;96;b_ynohar;x
8132;193;15;89;b_nohardarsyr;x
8133;161;15;77;b_lanta_vale;x
8134;152;6;68;b_ezem_tyo;x
8135;214;50;119;b_free_mans_slope;x
8136;197;15;92;b_favored_forest;x
8137;186;38;100;b_songside;x
8138;200;30;101;b_moonstreams;x
8139;201;51;115;b_noery;x
8140;191;47;108;b_smallview;x
8141;226;62;131;b_tyqosery;x
8142;195;31;100;b_doreynios;x
8143;205;72;127;b_daerves_ridge;x
8144;219;41;115;b_smallbay;x
8145;153;32;83;b_permont;x
8146;164;42;93;b_numio;x
8147;150;17;74;b_umborys;x
8148;183;42;94;b_ary_tyo;x
8149;210;32;108;b_noqostyos;x
8150;186;22;91;b_orlyr;x
8151;182;12;83;b_laggary;x
8152;180;38;98;b_fremotessyr;x
8153;170;38;95;b_biarvyn_stones;x
8154;163;21;81;b_timpa;x
8155;185;20;88;b_nabne;x
8156;148;26;77;b_seltoggo;x
8157;130;12;62;b_yhartoggo;x
8158;175;22;86;b_moonbowl;x
8159;192;38;102;b_waxing_bend;x
8160;164;29;87;b_zelobet;x
8161;164;40;92;b_voseltos;x
8162;160;18;78;b_mound_of_mordyr;x
8163;199;23;96;b_moonhold;x
8164;183;30;95;b_erval;x
8165;161;58;101;b_phardeyis;x
8166;189;13;86;b_crescentwood;x
8167;187;13;84;b_grimald_vale;x
8168;143;40;83;b_bays_chair;x
8169;183;41;101;b_wanewood;x
8170;124;51;81;b_suns_guson;x
8171;124;38;73;b_naqio_flats;x
8172;151;46;89;b_narooth;x
8173;165;6;73;b_emergence;x
8174;202;15;94;b_her_bounds;x
8175;188;24;93;b_great_river_roots;x
8176;159;13;75;b_ruhurlion;x
8177;137;39;80;b_nyaanor;x
8178;131;45;80;b_merceyslide;x
8179;175;16;83;b_teneras;x
8180;142;63;95;b_selcoss;x
8181;139;53;90;b_drohon_point;x
8182;160;46;95;b_rogyansar;x
8183;133;15;65;b_murkmont;x
8184;145;23;74;b_ryqelbar_point;x
8185;135;23;71;b_gevos;x
8186;143;8;66;b_netesyna;x
8187;195;39;104;b_zaloth;x
8188;143;29;78;b_forkpoint;x
8189;119;9;56;b_tune_bluff;x
8190;134;13;64;b_baralla;x
8191;118;23;63;b_bognarten;x
8192;147;48;132;b_yrio;x
8193;114;16;57;b_aantor;x
8194;168;67;111;b_harynanei;x
8195;195;49;111;b_rogstay;x
8196;183;52;106;b_yansbo;x
8197;158;26;50;b_gezelvos;x
8198;165;53;101;b_bartenar;x
8199;154;57;98;b_zaldeybrus;x
8200;136;55;88;b_dolbar_point;x
8201;6;11;97;noyne;x
8202;24;32;139;noyne;x
8203;30;39;107;upper_rhoyne;x
8204;6;23;144;upper_rhoyne;x
8205;20;18;64;upper_rhoyne;x
8206;22;33;113;upper_rhoyne;x
8207;6;28;182;upper_rhoyne;x
8208;13;12;63;sea_province_559a;x
8209;38;48;213;sea_province_680a;x
8210;45;53;190;sea_province_756a;x
8211;31;21;124;sea_province_778a;x
8212;31;46;191;sea_province_617a;x
8213;56;101;195;sea_province_644a;x
8214;24;22;112;sea_province_751a;x
8215;30;106;197;summer_sea;x
8216;21;34;224;sea_province_636a;x
8217;34;56;162;sea_province_710a;x
8218;21;99;188;sea_province_623a;x
8219;159;122;111;b_unknown;x
8220;159;122;110;b_more_unknown;x
8221;159;122;109;b_the_most_unknown;x
8222;205;165;110;b_hardhome_2;x
8223;200;165;105;b_hardhome_3;x
8224;200;150;105;b_hardhome_4;x
8225;0;76;153;b_pool_hills;x
8226;190;180;230;b_blackiron_way;x
8227;246;244;244;b_impassable_sea_2;x
8228;245;243;243;b_impassable_sea_3;x
8229;251;247;247;b_impassable_sea_4;x
8230;246;241;241;b_impassable_sea_5;x
8231;247;247;247;b_impassable_sea_6;x
8232;90;50;95;b_flea_bottom;x
8233;78;108;57;b_eyeless_abbey;x
8234;132;161;112;b_misty_corridor;x
8235;115;179;71;b_barefoot_warrens;x
8236;144;232;85;b_hagns_town;x
8237;143;184;115;b_groveling_shoals;x
8238;94;153;53;b_gaffstand;x
8239;50;108;11;b_the_oilworks;x
8240;88;132;57;b_whaler_strait;x
8241;127;221;62;b_trmgarn;x
8242;134;187;98;b_hooded_doths;x
8243;80;108;61;b_nasps;x
8244;107;220;28;b_walrus_haulout;x
8245;83;159;32;b_hewn_snare;x
8246;165;212;133;b_qthyrds;x
8247;130;193;88;b_bnth_grange;x
8248;111;151;81;b_kslobaktn;x
8249;74;129;34;b_qarlons_ashes;x
8250;90;169;32;b_vathgaqy_rock;x
8251;64;108;32;b_lomiets;x
8252;105;180;80;b_aele_labyrinth;x
8253;83;154;35;b_bleariness;x
8254;61;139;71;b_cape_hughaeqr;x
8255;83;210;99;b_lienqs;x
8256;13;215;38;b_sheshla;x
8257;107;164;114;b_hbaktn;x
8258;19;150;36;b_thankless;x
8259;64;224;85;b_thnbab;x
8260;123;196;119;b_hthaghe;x
8261;58;117;55;b_rockslide;x
8262;56;162;50;b_zhamvieshie;x
8263;48;94;45;b_south_breach;x
8264;51;199;43;b_mylabrr;x
8265;92;145;89;b_kadhma;x
8266;32;150;26;b_malaghe_forest;x
8267;45;125;56;b_kulakqr;x
8268;51;173;23;b_codswallow;x
8269;50;147;64;b_cracked_bow;x
8270;45;182;64;b_sylielly_bend;x
8271;46;130;58;b_malaths;x
8272;11;156;69;b_ndaraktn;x
8273;22;215;99;b_leviathan_beach;x
8274;23;181;66;b_govothagn;x
8275;38;123;72;b_batvthyge;x
8276;49;131;71;b_bent_stilt;x
8277;69;189;75;b_liesrog;x
8278;23;96;43;b_the_wishbone;x
8279;40;140;45;b_llagn;x
8280;16;151;23;b_nahs;x
8281;91;202;76;b_blindmans_view;x
8282;48;100;25;b_maznnagn;x
8283;36;153;20;b_valuh;x
8284;90;126;73;b_overgrowth;x
8285;100;167;69;b_daghnkn;x
8286;90;159;108;b_roundshore;x
8287;17;184;61;b_gheshan_flow;x
8288;47;144;12;b_geptn;x
8289;41;83;26;b_kathaks;x
8290;82;189;44;b_sunken_atrium;x
8291;63;138;37;b_scrodhaven;x
8292;68;108;55;b_kon_sat;x
8293;76;130;73;b_odthagn;x
8294;82;161;54;b_grmazma_sambn;x
8295;91;235;129;b_flatmont;x
8296;11;180;19;b_skthatqr;x
8297;40;126;10;b_iemndulagn;x
8298;53;102;35;b_vaghebagn;x
8299;107;164;87;b_port_ampnavath;x
8300;67;147;39;b_kon_ndn;x
8301;55;153;94;b_bieraks;x
8302;60;143;71;b_piethie;x
8303;8;185;32;b_hairstring_fields;x
8304;88;187;54;b_qammieg_river;x
8305;81;214;34;b_gthzierra;x
8306;61;189;17;b_nkraprag;x
8307;42;95;23;b_kon_ygaln;x
8308;80;102;73;b_abstinence;x
8309;151;182;141;b_diekaktn;x
8310;32;129;45;b_ovghast;x
8311;33;180;52;b_ghyvydthagn;x
8312;35;196;57;b_gughnlien_heights;x
8313;113;180;122;b_humble_cove;x
8314;45;152;59;b_hnghagn;x
8315;32;118;43;b_thymdat;x
8316;44;230;67;b_adgien;x
8317;47;124;57;b_ambush_valley;x
8318;115;196;126;b_syvrkths;x
8319;70;190;86;b_softclay;x
8320;39;16;3;b_barbate_fortress;x
8321;30;18;11;b_carillon_walls;x
8322;31;27;25;b_sinners_steps;x
8323;30;24;20;b_resevoir_falls;x
8324;45;32;25;b_prayers_call;x
8325;62;47;39;b_brewery_grove;x
8326;49;34;25;b_rivermans_haunt;x
8327;34;15;5;b_palisade_quarter;x
8328;221;128;78;b_shear_run;x
8329;139;74;38;b_sorewood;x
8330;96;74;62;b_kings_ashes;x
8331;170;71;18;b_roulyagiy;x
8332;153;117;97;b_dervun;x
8333;195;87;29;b_georoulyagu_gorge;x
8334;176;116;84;b_lakeside;x
8335;137;72;37;b_gyemblenu;x
8336;187;101;53;b_rrich;x
8337;181;88;36;b_seovyeoh;x
8338;108;46;14;b_booming_falls;x
8339;193;96;46;b_rimbrousta;x
8340;139;82;53;b_tanners_perch;x
8341;130;74;43;b_temlytsah;x
8342;210;100;39;b_rroshun;x
8343;161;78;34;b_thoqelbah;x
8344;215;142;103;b_aakothah;x
8345;150;74;33;b_meoryushilye;x
8346;127;73;44;b_matchstrike;x
8347;125;91;72;b_loneon;x
8348;122;52;13;b_shoz_kaanal;x
8349;229;186;162;b_shakoshor;x
8350;161;97;61;b_illriy;x
8351;96;50;24;b_iyun_ureoun;x
8352;164;88;46;b_somber_kyekeo;x
8353;63;42;30;b_tolmlyiyu;x
8354;101;65;46;b_whistling_ridge;x
8355;65;48;38;b_zugillyu;x
8356;215;108;47;b_zheoshen;x
8357;125;69;39;b_clawmark_timbers;x
8358;181;122;89;b_denhollow;x
8359;204;119;72;b_lyilyous;x
8360;150;75;33;b_galleysight;x
8361;161;119;95;b_enzhshun;x
8362;150;62;13;b_ozletagu;x
8363;119;73;47;b_redpack;x
8364;133;60;23;b_maatishi;x
8365;46;30;21;b_typeo_eo;x
8366;147;79;43;b_rutting_moat;x
8367;89;60;44;b_shuvelkriy;x
8368;212;105;47;b_veroktun;x
8369;173;107;72;b_deomasho;x
8370;102;48;19;b_shekshir;x
8371;147;103;80;b_emberwatch;x
8372;125;65;34;b_peozhovo;x
8373;142;81;50;b_fervor;x
8374;229;164;130;b_vilybaaz;x
8375;176;89;43;b_old_gyetho;x
8376;207;155;127;b_zhakish;x
8377;122;75;50;b_dark_sky;x
8378;105;61;38;b_trokshoh;x
8379;153;105;78;b_syetekiviy;x
8380;127;68;35;b_maulroot;x
8381;122;101;90;b_mount_devotion;x
8382;193;93;39;b_andalview;x
8383;235;122;59;b_naakorgo;x
8384;232;193;171;b_svachoktun;x
8385;178;119;87;b_zhas;x
8386;161;87;46;b_the_buttress;x
8387;184;107;64;b_sheogozh;x
8388;227;113;54;b_moushumbah;x
8389;221;96;26;b_vash_cyea;x
8390;210;121;73;b_blessed_bish_kveh;x
8391;215;133;89;b_vayresye_spire;x
8392;125;60;26;b_zaldryezh;x
8393;82;41;19;b_boar_gap;x
8394;218;100;38;b_lroktiy;x
8395;79;51;35;b_rrevurlyu;x
8396;211;116;64;b_groundwater;x
8397;210;103;46;b_cherry_pit;x
8398;201;139;107;b_kavatvashe;x
8399;92;57;38;b_vusvash;x
8400;96;41;12;b_enetegu;x
8401;113;46;11;b_barebottom;x
8402;190;69;6;b_gryke_castle;x
8403;181;112;76;b_kapash;x
8404;102;89;82;b_gashen_am;x
8405;105;45;12;b_egylys;x
8406;153;67;24;b_iroushinu;x
8407;127;64;29;b_volyblenu;x
8408;133;71;39;b_barreban;x
8409;190;121;82;b_recitation_hill;x
8410;156;60;6;b_ishakryus_monastery;x
8411;108;61;37;b_kazizh;x
8412;85;56;41;b_orgeltolbah;x
8413;178;82;32;b_threadbare;x
8414;178;134;110;b_grimweft;x
8415;144;117;103;b_ogyeshikagu;x
8416;238;101;26;b_maghyenish;x
8417;91;73;64;b_quicklime;x
8418;159;68;21;b_hreoblenu;x
8419;187;101;56;b_hermits_grotto;x
8420;193;119;79;b_marrbah_pit;x
8421;122;49;10;b_gyetken;x
8422;125;52;11;b_rhupagoktun;x
8423;125;62;26;b_bearded_fork;x
8424;114;67;41;b_nyovesblenu;x
8425;147;58;8;b_kastri;x
8426;190;103;53;b_sirakurlyu;x
8427;195;93;37;b_vathetebish;x
8428;176;109;73;b_nebranniy;x
8429;181;90;44;b_dluknush;x
8430;116;62;33;b_rinekeshe;x
8431;193;138;110;b_tatecye;x
8432;161;102;72;b_perigash;x
8433;142;105;87;b_tevashe;x
8434;195;128;94;b_veotha_riy;x
8435;136;52;7;b_nalye;x
8436;91;55;36;b_den_pens;x
8437;167;130;110;b_kourine;x
8438;201;118;74;b_gyenush;x
8439;173;98;60;b_sheouyiiy;x
8440;187;110;71;b_rathyen;x
8441;186;86;35;b_breqilbaah;x
8442;170;95;55;b_viy_selby;x
8443;85;55;39;b_negezhog;x
8444;68;44;31;b_mlyss;x
8445;110;51;19;b_vuthos;x
8446;161;113;88;b_hrottokton;x
8447;221;88;18;b_ermyustead;x
8448;198;92;36;b_nethon;x
8449;85;39;13;b_skoshus;x
8450;161;73;23;b_osyengnu;x
8451;187;106;60;b_shegarih;x
8452;113;70;45;b_kuvariy;x
8453;156;79;35;b_lyrlaksa;x
8454;193;91;33;b_boterlyu;x
8455;176;86;35;b_vostmont;x
8456;164;80;36;b_izouldah;x
8457;110;58;29;b_lyuchtagu;x
8458;178;101;58;b_naagiravesh;x
8459;204;99;41;b_foukeriy;x
8460;164;114;86;b_zhinkarreo;x
8461;105;58;32;b_drenthon;x
8462;176;76;20;b_zhonsyeoh;x
8463;133;61;20;b_kyezarothiy;x
8464;176;77;23;b_seo_zhaak;x
8465;227;121;63;b_deomalyu;x
8466;154;76;34;b_rrines;x
8467;76;36;14;b_shivarlla;x
8468;102;63;41;b_shevoa;x
8469;79;41;20;b_gyentiy;x
8470;176;94;48;b_drakarih;x
8471;108;49;13;b_lanteopsa;x
8472;139;78;40;b_irrennothou;x
8473;110;66;39;b_ryetalbash;x
8474;184;77;19;b_baranniy;x
8475;105;70;51;b_moushou;x
8476;204;153;126;b_ryenesh;x
8477;136;100;79;b_ourrothiy;x
8478;85;43;18;b_koleoseril;x
8479;193;113;67;b_gyeshikagu;x
8480;184;97;47;b_gaomun;x
8481;164;76;25;b_lentaazman;x
8482;215;109;47;b_milrun;x
8483;255;204;173;b_mazhagun;x
8484;210;142;100;b_keloktun;x
8485;150;61;10;b_reomoniy;x
8486;91;53;31;b_nutkyushun;x
8487;108;63;38;b_vedri;x
8488;122;76;51;b_kostoubirye;x
8489;181;120;86;b_bashungaave;x
8490;130;95;75;b_mlyzhelok;x
8491;108;46;11;b_kyyavil;x
8492;173;123;95;b_chiviles;x
8493;133;63;24;b_gyournu;x
8494;161;111;82;b_daomblyrun;x
8495;173;134;112;b_seradarih_kiy;x
8496;136;101;81;b_obagolyu;x
8497;156;110;85;b_rheogarun;x
8498;139;71;35;b_shakoshora;x
8499;252;171;127;b_shaghereo;x
8500;88;45;21;b_lyumeo;x
8501;193;89;35;b_agyuthah;x
8502;176;120;91;b_koukyu;x
8503;227;163;130;b_nershikiss;x
8504;221;126;76;b_kem_bel;x
8505;82;47;30;b_geveogenesh;x
8506;201;129;94;b_mirrilyu;x
8507;71;42;27;b_lyryun;x
8508;201;116;70;b_vreoh;x
8509;176;77;24;b_maarunes;x
8510;133;66;30;b_osyengagu;x
8511;153;56;3;b_egenka;x
8512;210;117;67;b_garakyushun;x
8513;193;105;59;b_zhaqorrun;x
8514;170;90;49;b_zhoumonu;x
8515;227;97;30;b_voreomyu;x
8516;125;53;15;b_sheteres;x
8517;110;82;67;b_zantirun;x
8518;167;85;42;b_rourbah;x
8519;164;107;77;b_pemokton;x
8520;178;69;12;b_kostillo;x
8521;105;55;29;b_kishun;x
8522;218;180;160;b_mourqitto;x
8523;127;55;17;b_luslesneo;x
8524;198;104;55;b_elunun;x
8525;189;81;24;b_koznageoh;x
8526;144;90;62;b_qittun;x
8527;133;90;67;b_boshilthyen;x
8528;181;115;81;b_milakshih;x
8529;184;98;53;b_gyemdolo;x
8530;161;124;103;b_lrroktun;x
8531;187;106;61;b_georun;x
8532;190;80;24;b_qeorriy;x
8533;215;149;112;b_sirakella;x
8534;125;98;83;b_syeorun;x
8535;227;139;94;b_azantiy;x
8536;142;84;54;b_braazma;x
8537;125;76;49;b_vanntysh;x
8538;201;120;74;b_daorus;x
8539;173;112;80;b_jaothazmen;x
8540;150;119;103;b_bish_nyoktun;x
8541;167;67;14;b_souveri;x
8542;164;110;82;b_migyiblenu;x
8543;195;105;58;b_olvodraagu;x
8544;255;173;129;b_chuishokte;x
8545;105;74;58;b_kelyvabah;x
8546;173;85;37;b_garakoposh;x
8547;136;102;83;b_melynegu;x
8548;173;82;33;b_arghuriy;x
8549;161;115;90;b_nusvinlu;x
8550;54;138;233;lorath_lake_1;x
8551;19;42;206;pentos_lake_1;x
8552;47;118;199;norvos_lake_1;x
8553;40;118;199;norvos_lake_2;x
8554;7;90;184;norvos_lake_3;x
8555;20;83;154;norvos_lake_4;x
8556;12;15;58;norvos_lake_5;x
8557;19;21;21;andalos_mtn_1;x
8558;20;22;22;andalos_mtn_2;x
8559;25;29;29;andalos_mtn_3;x
8560;9;8;8;andalos_mtn_4;x
8561;12;14;14;andalos_mtn_5;x
8562;22;24;24;lorath_mtn_1;x
8563;18;22;20;lorath_mtn_2;x
8564;6;5;5;lorath_mtn_3;x
8565;29;32;32;norvos_mtn_1;x
8566;21;20;20;norvos_mtn_2;x
8567;12;16;16;norvos_mtn_3;x
8568;2;4;4;norvos_mtn_4;x
8569;25;24;24;norvos_mtn_5;x
8570;28;23;23;norvos_mtn_6;x
8571;18;20;20;norvos_mtn_7;x
8572;25;26;26;norvos_mtn_8;x
8573;12;11;11;norvos_mtn_9;x
8574;11;10;10;norvos_mtn_10;x
8575;16;15;15;norvos_mtn_11;x
8576;24;20;20;norvos_mtn_12;x
8577;23;22;22;norvos_mtn_13;x
8578;30;28;28;norvos_mtn_14;x
8579;13;15;15;norvos_mtn_15;x
8580;12;14;50;norvos_river_1;x
8581;21;24;77;norvos_river_2;x
8582;9;39;167;qohor_river_1;x
8583;0;56;64;qohor_lake_1;x
8584;51;82;150;b_kothazmath;x
8585;45;71;128;b_thanmist;x
8586;102;149;254;b_dotharbath;x
8587;41;59;101;b_atesh;x
8588;75;93;133;b_ibags;x
8589;29;43;74;b_rlulagn;x
8590;11;53;146;b_navash;x
8591;47;72;127;b_suppest;x
8592;54;79;138;b_cadalth_landing;x
8593;35;62;122;b_naqakton;x
8594;133;162;227;b_doughan;x
8595;32;76;175;b_valennon;x
8596;107;135;201;b_meilayth;x
8597;76;91;126;b_angolyu;x
8598;34;60;120;b_geotmu;x
8599;27;88;227;b_vyedratash;x
8600;93;124;197;b_thanagn;x
8601;77;95;134;b_byrony;x
8602;44;82;162;b_qethak;x
8603;119;152;226;b_souppess;x
8604;38;79;170;b_iervath;x
8605;49;107;238;b_nyngost;x
8606;113;145;215;b_dronthym;x
8607;41;50;69;b_nabthnna;x
8608;121;149;198;b_kon_mole;x
8609;33;72;113;b_seo_remu;x
8610;56;99;176;b_neqoktun;x
8611;200;213;236;b_andalyu;x
8612;74;89;131;b_sevelog;x
8613;47;94;176;b_kvov_vesa;x
8614;123;159;222;b_gashiia;x
8615;48;91;168;b_ghaegvan;x
8616;27;49;90;b_penmok;x
8617;8;67;149;b_barilyeon;x
8618;74;109;159;b_shisiig;x
8619;17;67;123;b_svachabho;x
8620;52;78;121;b_isatt;x
8621;27;69;140;b_eiroyier;x
8622;143;169;211;b_onemiyun;x
8623;117;154;214;b_mistbank;x
8624;45;114;225;b_darnai;x
8625;102;130;173;b_springs_birth;x
8626;60;117;209;b_cudobho;x
8627;28;81;167;b_stranglefeld;x
8628;99;141;211;b_dribank;x
8629;55;78;115;b_strikechip;x
8630;118;160;229;b_ramcross;x
8631;35;88;172;b_cronfeld;x
8632;43;99;190;b_zhetaxa;x
8633;80;121;188;b_shimzh;x
8634;29;81;165;b_zheteghevad;x
8635;44;90;165;b_kevezhuss;x
8636;26;83;178;b_kviesa;x
8637;67;104;165;b_setho_dashe;x
8638;52;87;144;b_shienova;x
8639;25;57;110;b_gvetvad;x
8640;121;165;238;b_sytlapyn;x
8641;56;84;132;b_asbient;x
8642;68;113;188;b_ikveon;x
8643;33;85;173;b_sadhevga;x
8644;44;91;171;b_bas_ebasa;x
8645;10;45;108;b_gyihast;x
8646;22;66;140;b_va_epvath;x
8647;44;66;102;b_domekevo;x
8648;75;108;164;b_tak_vyess;x
8649;70;94;134;b_vrahviem;x
8650;51;86;147;b_vaokk_mis;x
8651;73;96;133;b_dri_perouk;x
8652;113;146;199;b_zhaqyearun;x
8653;139;177;236;b_hagaguh;x
8654;3;47;117;b_klienmes;x
8655;33;52;83;b_iyungirun;x
8656;24;54;103;b_gettmn;x
8657;27;104;227;b_syliedhegh;x
8658;19;70;153;b_ryedronnoh;x
8659;45;83;145;b_uragn;x
8660;29;117;178;b_dugin;x
8661;27;127;227;b_prestmes;x
8662;55;62;101;b_ghatha_ast;x
8663;86;132;207;b_shougorun;x
8664;63;97;153;b_vugothashe;x
8665;41;95;184;b_thannazma;x
8666;67;104;167;b_ashemeo;x
8667;49;97;176;b_eyriguh;x
8668;58;128;241;b_qoucha;x
8669;79;112;134;b_nek_sras;x
8670;165;194;214;b_iliyofurt;x
8671;40;85;116;b_vaenll;x
8672;36;93;185;b_veokhua;x
8673;21;18;18;axe_mtn_1;x
8674;22;20;20;axe_mtn_2;x
8675;25;22;22;axe_mtn_3;x
8676;27;23;23;axe_mtn_4;x
8677;18;15;15;axe_mtn_5;x
8678;53;145;141;b_vornegollo;x
8679;140;57;219;b_darkwood_magisterium;x
8680;117;40;189;b_blackened_foundry;x
8681;132;53;206;b_sanguine_pyramid;x
8682;127;54;195;b_axemans_gate;x
8683;131;48;209;b_silverhorn;x
8684;116;51;176;b_lashport;x
8685;125;42;204;b_buckforge;x
8686;122;54;187;b_crimson_steps;x
8687;122;58;182;b_brokers_gate;x
8688;171;115;222;b_ajghembar;x
8689;75;25;122;b_hunjeyon;x
8690;124;36;206;b_edhirjennon;x
8691;97;27;163;b_elvajogu;x
8692;139;35;238;b_negastrer;x
8693;163;126;198;b_giltwelba;x
8694;155;103;205;b_qasheghjenis;x
8695;106;47;161;b_goatswood;x
8696;83;24;139;b_gajewemes;x
8697;137;67;204;b_jodhegires;x
8698;128;67;187;b_rosgur;x
8699;141;90;189;b_sebhagho;x
8700;173;126;218;b_qask;x
8701;111;36;183;b_op_glogjestiri;x
8702;62;17;106;b_noje;x
8703;185;140;228;b_bogabel;x
8704;94;40;147;b_ruptwerzer;x
8705;80;21;138;b_gomesarik;x
8706;99;19;177;b_sablewood;x
8707;206;167;244;b_meresagho;x
8708;115;51;175;b_mikshik;x
8709;101;20;178;b_hojejas;x
8710;135;45;222;b_jehonges;x
8711;111;56;163;b_ebhujajedwes;x
8712;107;39;174;b_hornguard;x
8713;133;53;212;b_harror;x
8714;96;29;163;b_swengotja;x
8715;53;10;93;b_brabhaghea;x
8716;134;83;181;b_egmalbron;x
8717;98;16;175;b_grojjenkos;x
8718;81;20;136;b_onyx_shore;x
8719;83;18;144;b_gyilmer;x
8720;146;84;205;b_edhroyo;x
8721;84;1;162;b_erdobhus;x
8722;160;118;202;b_bagyiri;x
8723;143;112;173;b_rigenirswes;x
8724;128;67;184;b_oregho;x
8725;113;35;184;b_rush_bett;x
8726;76;0;145;b_ogyigazma;x
8727;136;76;195;b_medhemagho;x
8728;56;35;62;b_edhrorus;x
8729;144;81;202;b_gyiheyvos;x
8730;135;32;232;b_andayo;x
8731;63;35;91;b_marnimir;x
8732;122;41;198;b_azandur;x
8733;137;12;178;b_biraghos_mar;x
8734;95;34;156;b_ebony_lake;x
8735;101;36;160;b_banihokton;x
8736;82;28;131;b_iresbar;x
8737;165;62;198;b_gabhabhar;x
8738;80;32;127;b_gajebhar;x
8739;122;66;178;b_gosibhar;x
8740;72;33;110;b_harjjer;x
8741;167;61;201;b_ojepnon;x
8742;152;31;190;b_aktorekshegqiri;x
8743;144;72;212;b_bigajelmo;x
8744;57;8;101;b_bolmortus;x
8745;135;59;159;b_bugagqohor;x
8746;69;20;85;b_vaervjer;x
8747;120;61;139;b_jet_streams;x
8748;94;11;122;b_serhirandis;x
8749;172;62;207;b_pagashen;x
8750;111;24;139;b_qoberajt;x
8751;139;16;178;b_peobu;x
8752;125;54;189;b_sontaenis;x
8753;93;36;147;b_dwehaertores;x
8754;67;13;117;b_dagonon;x
8755;61;38;82;b_darot;x
8756;78;20;130;b_stogjedon;x
8757;67;22;110;b_sajngeris;x
8758;89;68;108;b_sasanae;x
8759;139;49;161;b_lemer;x
8760;69;56;82;b_sarek;x
8761;112;45;178;b_dweridhoni;x
8762;122;67;173;b_gosagqelbar;x
8763;65;10;116;b_edhayqelbar;x
8764;126;10;232;b_abrhu;x
8765;109;40;126;b_bedirbleno ;x
8766;121;17;156;b_aepmobhun;x
8767;196;39;198;b_joghekvo;x
8768;122;65;163;b_sentusajepto;x
8769;100;37;158;b_aurions_descent;x
8770;100;45;139;b_dibvesqors;x
8771;102;50;153;b_fespezayo;x
8772;133;45;139;b_mers ;x
8773;160;110;210;b_tudhip;x
8774;134;29;231;b_poyanna;x
8775;110;42;178;b_musmame;x
8776;81;27;130;b_bajmyizyo;x
8777;74;23;125;b_rhaz;x
8778;44;3;82;b_mummers_muster;x
8779;76;30;122;b_sqabho;x
8780;156;60;187;b_ziruspakto;x
8781;196;105;227;b_hifge;x
8782;121;25;218;b_hoz;x
8783;142;57;170;b_ogik;x
8784;67;19;116;b_zeshkavge;x
8785;107;94;120;b_pajedmaz;x
8786;182;46;227;b_ineghabi;x
8787;74;23;91;b_dwekswevne;x
8788;122;66;176;b_orsorsfu;x
8789;202;165;212;b_ajks;x
8790;153;57;184;b_dakmjefzun;x
8791;128;44;155;b_borvo;x
8792;113;23;142;b_idon;x
8793;95;10;122;b_idon;x
8794;175;83;201;b_bleno_hobhris;x
8795;179;32;192;b_gukyem;x
8796;121;27;207;b_qogsosnon;x
8797;86;20;146;b_lis;x
8798;107;31;178;b_jagjebaj;x
8799;135;34;164;b_ivaez;x
8800;200;38;183;b_unnu;x
8801;122;26;153;b_yebin;x
8802;151;29;190;b_oz;x
8803;139;58;164;b_haghgarso;x
8804;125;37;153;b_medheyiz;x
8805;99;30;164;b_ighsta;x
8806;117;37;178;b_zighvet;x
8807;78;33;122;b_zighvet;x
8808;104;32;173;b_lugedhar;x
8809;63;23;102;b_nojjo;x
8810;58;15;99;b_rhesyo;x
8811;110;24;193;b_sam;x
8812;63;13;110;b_turhidske;x
8813;81;23;136;b_iye;x
8814;120;21;215;b_nuzkorsyiks;x
8815;80;18;99;b_obho;x
8816;125;50;194;b_akvo;x
8817;119;82;153;b_ers;x
8818;128;73;181;b_qami;x
8819;65;26;102;b_bubsanhoghshe;x
8820;84;20;144;b_efozo;x
8821;115;52;173;b_fabhrhiye;x
8822;101;23;173;b_ghoz;x
8823;95;82;108;b_rhel;x
8824;85;28;139;b_rhebhippoa;x
8825;66;23;108;b_ogoam;x
8826;134;75;190;b_zuspegeks;x
8827;92;30;150;b_shotteska;x
8828;122;69;173;b_oor;x
8829;91;58;122;b_lakzizsho;x
8830;121;68;170;b_pajem;x
8831;95;36;150;b_dot;x
8832;138;93;181;b_keumez;x
8833;152;88;212;b_hesqe;x
8834;110;11;204;b_miske;x
8835;128;59;193;b_erodhunavar;x
8836;103;44;159;b_bosvjeghos;x
8837;112;0;216;b_fom;x
8838;100;35;161;b_ghajs;x
8839;115;52;176;b_metso;x
8840;70;16;122;b_megzaye;x
8841;74;22;125;b_ova;x
8842;92;76;108;b_qafinvaom;x
8843;167;96;235;b_nuyedhu;x
8844;107;35;173;b_irar;x
8845;133;72;190;b_rhazoafo;x
8846;71;16;122;b_tishiha;x
8847;132;75;184;b_skobuz;x
8848;88;46;126;b_vermillion_forest;x
8849;91;37;140;b_voat;x
8850;96;38;149;b_valsweghhesham;x
8851;126;50;196;b_spoa;x
8852;137;60;207;b_ippe;x
8853;165;120;206;b_dudingha;x
8854;64;15;113;b_gqenedhar;x
8855;148;79;212;b_aksaj;x
8856;127;29;221;b_emtofki;x
8857;73;20;122;b_osnip;x
8858;99;34;161;b_ikdo;x
8859;126;99;153;b_rhone;x
8860;93;81;105;b_wrought_forest;x
8861;77;31;120;b_obhasko;x
8862;113;56;167;b_islu;x
8863;75;10;136;b_sifrjekkat;x
8864;142;67;212;b_zesilsi;x
8865;72;9;129;b_sebjodhru;x
8866;158;117;196;b_iksoa;x
8867;78;35;117;b_non;x
8868;90;15;159;b_ghodhan;x
8869;98;28;164;b_dashiz;x
8870;109;42;173;b_aojo;x
8871;119;38;198;b_arboreal_hold;x
8872;103;34;167;b_mingo;x
8873;98;31;163;b_gefi;x
8874;150;91;208;b_onna;x
8875;90;32;146;b_eppoo;x
8876;159;117;200;b_joshdu;x
8877;121;52;187;b_vadho;x
8878;79;23;129;b_beyboljeno;x
8879;161;90;225;b_apshu;x
8880;160;106;210;b_leghtweghe;x
8881;71;19;119;b_agegha;x
8882;74;26;118;b_mirs;x
8883;127;49;197;b_yunnud;x
8884;71;18;119;b_rojn;x
8885;184;125;237;b_toagyu;x
8886;161;112;205;b_shegsaj;x
8887;121;61;175;b_yasma;x
8888;146;62;225;b_sho;x
8889;103;43;158;b_yintirs;x
8890;134;68;194;b_vuya;x
8891;161;113;207;b_tabhajepto;x
8892;124;42;201;b_raghagha;x
8893;91;27;150;b_quniste;x
8894;151;71;225;b_soniros;x
8895;110;48;170;b_iyobvedsqus;x
8896;89;28;147;b_yefpo;x
8897;171;132;206;b_skam;x
8898;83;17;143;b_skimagyibho;x
8899;154;117;187;b_voazku;x
8900;131;40;212;b_zon;x
8901;114;63;160;b_burmulste;x
8902;109;18;191;b_follo;x
8903;80;25;130;b_bemyasfez;x
8904;116;35;189;b_gibusqo;x
8905;89;18;156;b_kes;x
8906;59;12;101;b_ovoget;x
8907;79;18;136;b_wisqaye;x
8908;109;34;179;b_visidigoresayo;x
8909;89;31;144;b_ughinagaros;x
8910;80;23;133;b_vapshogmu;x
8911;160;108;210;b_iyu;x
8912;114;58;167;b_wigae;x
8913;148;97;198;b_yaghorsosten;x
8914;117;51;178;b_sqez;x
8915;173;125;217;b_velrhipgha;x
8916;78;25;130;b_udhaz;x
8917;97;4;187;b_jeghe;x
8918;120;69;170;b_pezskun;x
8919;168;107;224;b_ridigores;x
8920;68;13;119;b_gryesgores;x
8921;75;23;125;b_dwedni;x
8922;48;30;65;b_tajenaros;x
8923;137;82;189;b_fen;x
8924;171;119;221;b_ghofda;x
8925;135;83;184;b_lezmuznon;x
8926;98;37;154;b_idnu;x
8927;119;56;178;b_kezagghofrha;x
8928;155;110;195;b_ougutsu;x
8929;156;101;207;b_ogajja;x
8930;92;27;150;b_zazut;x
8931;152;101;198;b_rhezebhrhez;x
8932;75;21;125;b_nom;x
8933;75;16;131;b_shebrajri;x
8934;111;44;170;b_vaje;x
8935;84;21;142;b_yighe;x
8936;114;69;155;b_shriveling_bark;x
8937;94;41;143;b_yajesham;x
8938;178;124;227;b_sikkars;x
8939;151;88;209;b_bun;x
8940;96;40;147;b_rebhak;x
8941;95;26;162;b_hevanavar;x
8942;71;23;115;b_anosot;x
8943;74;21;122;b_fismoam;x
8944;72;21;122;b_jesyo;x
8945;136;68;199;b_hezskobas;x
8946;137;89;182;b_nuyou;x
8947;70;10;126;b_retjoat;x
8948;139;69;205;b_uroswem;x
8949;159;83;227;b_darkhold;x
8950;72;15;122;b_wisjo;x
8951;166;111;215;b_bloodstained_quarry;x
8952;111;31;183;b_sadhavshe;x
8953;102;31;168;b_rishedhar;x
8954;143;94;189;b_berhjefur;x
8955;80;24;131;b_qaz;x
8956;137;52;216;b_issaghe;x
8957;141;116;164;b_raked_woods;x
8958;129;47;206;b_tosshirghuks;x
8959;87;17;153;b_shet;x
8960;183;106;255;b_huvne;x
8961;130;85;172;b_ors;x
8962;79;27;130;b_lidhrho;x
8963;99;57;139;b_gyobsqiri;x
8964;164;115;210;b_the_killing_field;x
8965;94;23;159;b_rhofyi;x
8966;97;43;149;b_ojello;x
8967;144;68;213;b_ughad;x
8968;76;6;140;b_soashqe;x
8969;153;95;209;b_blubberport;x
8970;99;34;162;b_urshe;x
8971;143;99;185;b_yona;x
8972;153;101;204;b_tedsopjesyez;x
8973;167;125;207;b_ghipghu;x
8974;120;22;153;b_kedhirers;x
8975;86;69;101;b_ghu;x
8976;119;37;197;b_laghdibho;x
8977;90;23;151;b_raghilri;x
8978;151;91;207;b_jenon;x
8979;82;44;117;b_zegye;x
8980;80;30;127;b_the_perch;x
8981;125;66;180;b_takshirsle;x
8982;176;122;226;b_whalefin;x
8983;66;13;114;b_reshu;x
8984;91;29;147;b_begentiks;x
8985;128;66;185;b_senaghon;x
8986;132;79;184;b_konaras;x
8987;168;122;210;b_zodhrhez;x
8988;22;18;23;qohor_mtn_1;x
8989;30;105;190;qohor_lake_2;x
8990;26;116;216;qohor_lake_3;x
8991;49;132;225;qohor_lake_4;x
8992;83;113;180;qohor_lake_5;x
8993;98;133;212;qohor_lake_6;x
8994;16;78;217;qohor_lake_7;x
8995;9;39;246;qohor_lake_8;x
8996;179;75;19;b_tul_poy;x
8997;188;44;0;b_shroudfall;x
8998;197;69;0;b_the_visage;x
8999;222;109;26;b_chroyane;x
9000;191;80;0;b_denllal;x
9001;167;83;22;b_romsas;x
9002;189;66;0;b_asolheam;x
9003;209;89;24;b_the_sorrows;x
9004;255;97;7;b_peadhean;x
9005;144;53;0;b_rhorigoy;x
9006;178;77;19;b_dhindham;x
9007;222;85;10;b_ialduschea;x
9008;198;72;0;b_wealia;x
9009;255;120;43;b_lhoysrol;x
9010;255;124;49;b_shealdalhem;x
9011;207;84;18;b_lhonyloy;x
9012;255;100;15;b_pullunwol;x
9013;255;155;97;b_amoyl;x
9014;255;152;93;b_dhoymwoy;x
9015;195;79;16;b_panlia_sar;x
9016;249;101;21;b_muroy;x
9017;240;101;24;b_tynoy;x
9018;217;108;49;b_hoysdislhy;x
9019;150;71;27;b_wynia_sar;x
9020;225;90;37;b_earhol;x
9021;212;106;48;b_iaello;x
9022;170;86;39;b_oydha;x
9023;170;75;24;b_chiabun;x
9024;244;111;38;b_lindhuslhia;x
9025;136;55;10;b_lesky;x
9026;215;109;51;b_oteaoy;x
9027;153;73;30;b_chiwias;x
9028;198;86;25;b_redodhoyl;x
9029;113;47;11;b_rhyni;x
9030;199;56;0;b_tianos;x
9031;222;79;0;b_rhian;x
9032;221;119;63;b_lhynhemlhu;x
9033;254;103;20;b_uloym;x
9034;218;101;35;b_hymylchim;x
9035;122;50;9;b_imelhoys;x
9036;184;68;22;b_eanlho;x
9037;198;83;19;b_chunrhe;x
9038;246;159;110;b_shattermire;x
9039;212;120;69;b_shianlia;x
9040;210;97;34;b_wulun;x
9041;161;66;13;b_chagoyl;x
9042;190;75;10;b_todhapedeanos;x
9043;119;47;8;b_choyriarian;x
9044;224;97;26;b_mas_poroys;x
9045;207;86;19;b_serenity;x
9046;218;93;25;b_wenoymsu;x
9047;156;64;13;b_speartips_shadow;x
9048;153;79;39;b_esmia;x
9049;181;92;44;b_dhiamoim;x
9050;193;85;27;b_taelas_steps;x
9051;159;64;14;b_meabeaby;x
9052;224;100;34;b_dhyslhechin;x
9053;244;98;18;b_lhiloy;x
9054;195;99;45;b_pihu_sar;x
9055;164;74;23;b_lhemnialnea;x
9056;224;88;52;b_rhulkus;x
9057;193;76;11;b_chengia;x
9058;144;65;19;b_tiapia_mal;x
9059;232;144;94;b_the_tills;x
9060;218;158;124;b_ugmoyl;x
9061;184;90;37;b_soytialne;x
9062;82;34;6;b_ebamo;x
9063;218;103;36;b_aminoys;x
9064;184;108;64;b_shelia_sar;x
9065;201;95;37;b_oialnian;x
9066;153;66;18;b_hoymlhadhy;x
9067;238;133;75;b_choyguhoy;x
9068;156;72;23;b_cerulean_gap;x
9069;147;87;53;b_ramiloys;x
9070;221;106;39;b_ysbega;x
9071;212;80;2;b_ponys_sar;x
9072;173;70;13;b_puham_mal;x
9073;232;98;20;b_lisdhon;x
9074;181;88;34;b_lheamwi;x
9075;150;62;10;b_suru_mal;x
9076;145;52;0;b_rhaneamu;x
9077;210;81;11;b_cherishia;x
9078;170;69;14;b_pinliul;x
9079;202;75;6;b_pymwudho;x
9080;201;101;43;b_rylheamdo;x
9081;229;120;57;b_rosheho;x
9082;215;136;91;b_tealbukoys;x
9083;201;105;53;b_punulea_sar;x
9084;214;59;18;b_nodiros;x
9085;235;81;40;b_udhiltoy;x
9086;198;78;10;b_amlhyl;x
9087;227;102;30;b_tealyn;x
9088;227;97;27;b_eammi;x
9089;204;83;18;b_witnesses_mire;x
9090;230;105;38;b_tyho;x
9091;218;90;18;b_ebanlhys_sar;x
9092;232;143;95;b_woylresti;x
9093;241;152;104;b_the_besottment;x
9094;99;43;13;b_pepper_flats;x
9095;238;107;0;b_sen_malhoy;x
9096;170;77;0;b_ylenby;x
9097;226;122;36;b_oyntia;x
9098;198;89;0;b_ghiasta;x
9099;227;97;29;b_lialea;x
9100;203;83;21;b_eairun;x
9101;212;144;107;b_cheasko;x
9102;159;65;14;b_chasaloy;x
9103;150;81;43;b_liasmoyroy;x
9104;187;74;13;b_teamlhoyn;x
9105;175;70;14;b_lhiahen;x
9106;116;47;9;b_nidhan;x
9107;211;96;32;b_rhillupea;x
9108;218;122;69;b_neais;x
9109;227;108;43;b_rhogo_sar;x
9110;210;84;18;b_reswosdhol;x
9111;196;80;16;b_garinimro_lywa;x
9112;187;77;18;b_numdym;x
9113;214;92;26;b_loshys;x
9114;224;87;13;b_dhypoydym;x
9115;255;224;116;b_ar_noy;x
9116;203;155;0;b_iaoys;x
9117;239;184;0;b_liaga;x
9118;250;206;51;b_sialhia;x
9119;255;211;57;b_ghas;x
9120;211;174;46;b_rhilo_os;x
9121;239;199;60;b_llitea;x
9122;233;201;87;b_lashim;x
9123;198;151;0;b_the_spearhead;x
9124;215;165;0;b_biahu;x
9125;234;182;0;b_the_puncture;x
9126;228;177;0;b_syrearo;x
9127;192;148;0;b_lymeal;x
9128;224;172;0;b_earheania;x
9129;211;168;25;b_dhoylleal;x
9130;246;191;0;b_dhoyllan;x
9131;255;221;0;b_lamunia;x
9132;179;137;0;b_hulletou;x
9133;144;108;0;b_sar_aquos;x
9134;248;193;0;b_seal_lyma;x
9135;232;177;0;b_lliis;x
9136;184;139;0;b_wydeaso;x
9137;212;161;0;b_louldhia;x
9138;198;150;0;b_hallom;x
9139;196;149;0;b_rabykea;x
9140;111;80;0;b_susnys_mal;x
9141;253;196;0;b_roygal_sar;x
9142;230;197;85;b_saballoy;x
9143;228;176;0;b_dorhandeanos;x
9144;185;160;23;b_ropodo;x
9145;210;162;0;b_hearhia;x
9146;151;112;0;b_you_drohe;x
9147;201;152;0;b_rhushe;x
9148;162;121;0;b_ysony;x
9149;214;154;4;b_shyno;x
9150;203;157;2;b_lialuti;x
9151;228;176;47;b_emerald_hook;x
9152;202;175;23;b_isoi;x
9153;163;122;0;b_yil;x
9154;160;121;0;b_dymea_mal;x
9155;218;167;0;b_sheanini;x
9156;199;150;0;b_lhiapiadu;x
9157;220;158;4;b_lashia;x
9158;223;171;0;b_asga;x
9159;156;116;0;b_tanrhus;x
9160;151;113;0;b_llurhymwa;x
9161;250;193;0;b_anelrias;x
9162;192;146;0;b_malhoylhun;x
9163;127;93;0;b_learhu;x
9164;217;181;60;b_dagger_flats;x
9165;200;154;2;b_domro_noy;x
9166;174;132;0;b_sikealli;x
9167;186;141;0;b_iron_delve;x
9168;212;174;54;b_namoylhy;x
9169;246;181;4;b_liaqou;x
9170;184;140;0;b_owongis;x
9171;174;130;0;b_the_veridian;x
9172;154;115;0;b_nylbian;x
9173;232;182;21;b_duriadho;x
9174;203;154;0;b_nymiabi;x
9175;208;159;0;b_bendhul;x
9176;255;217;0;b_mumenu;x
9177;255;202;0;b_lorouto;x
9178;226;185;54;b_rhulhoyni;x
9179;216;165;0;b_noyschea;x
9180;250;202;21;b_wywis;x
9181;234;180;0;b_wizards_branch;x
9182;222;170;0;b_lloria;x
9183;205;158;0;b_lonwospia;x
9184;212;162;0;b_lliam;x
9185;255;212;0;b_melhyn_clearing;x
9186;246;190;0;b_jadewood;x
9187;255;205;0;b_galum_sho;x
9188;174;140;0;b_susromme;x
9189;208;167;0;b_shimire;x
9190;201;195;6;b_tishom;x
9191;247;186;55;b_shelim;x
9192;255;211;33;b_shisusi;x
9193;216;174;0;b_hawos;x
9194;255;213;43;b_shadhean;x
9195;244;196;0;b_the_pierce;x
9196;255;211;31;b_musterfield;x
9197;231;50;19;b_ny_sar;x
9198;239;77;50;b_iaol;x
9199;206;53;27;b_ymmoyo;x
9200;197;42;16;b_seaslhoy;x
9201;249;54;21;b_awo_pal;x
9202;248;73;45;b_heaswoynwo;x
9203;246;68;46;b_dhesbenoy;x
9204;248;109;92;b_lhuspoymma;x
9205;248;96;77;b_porhiamo;x
9206;223;58;45;b_marble_knife;x
9207;255;87;53;b_dhenuoy;x
9208;236;58;44;b_soyloynpin;x
9209;255;89;53;b_res_mal;x
9210;217;56;50;b_pen_ynreas;x
9211;255;123;74;b_llasiea;x
9212;254;143;104;b_seanhallial;x
9213;241;127;87;b_dhoymru;x
9214;242;142;109;b_lush_slope;x
9215;255;173;146;b_broken_clearing;x
9216;238;119;80;b_sar_moyo;x
9217;255;146;89;b_earo_mis;x
9218;255;138;84;b_quarried_wings;x
9219;255;157;110;b_yoummhi;x
9220;255;145;91;b_sarly;x
9221;255;155;98;b_mudbend;x
9222;255;154;101;b_esmysy_wood;x
9223;211;58;40;b_fuchsiara;x
9224;218;88;72;b_lleanrhen;x
9225;248;99;81;b_oywyn;x
9226;176;65;52;b_rheguwi;x
9227;241;73;53;b_llogedu;x
9228;165;52;39;b_llysku;x
9229;229;113;99;b_old_valley;x
9230;239;90;72;b_lhowa;x
9231;221;51;30;b_noslhos;x
9232;226;91;58;b_wellspring_rift;x
9233;249;139;113;b_riarhean;x
9234;210;92;64;b_muwos;x
9235;234;112;83;b_mimrem;x
9236;206;82;53;b_anlays;x
9237;227;113;86;b_wiallol;x
9238;235;87;63;b_cerise_ridge;x
9239;193;53;30;b_shylga;x
9240;230;51;22;b_niasoy_mal;x
9241;244;93;68;b_liaso;x
9242;220;38;9;b_ghisudha;x
9243;245;111;89;b_gulam;x
9244;224;72;47;b_mislhoy;x
9245;255;133;87;b_dhusyl_sar;x
9246;217;54;48;b_gasdhun;x
9247;241;88;48;b_rhydhetial;x
9248;217;54;46;b_llapaswi;x
9249;255;102;74;b_ra_lheaial;x
9250;190;35;39;b_nymerideanos;x
9251;237;86;53;b_myshe;x
9252;255;109;64;b_annia_sar;x
9253;252;81;62;b_lleakia_sar;x
9254;255;120;96;b_roymllea;x
9255;245;97;71;b_binrom;x
9256;243;78;67;b_dulolboy;x
9257;255;100;68;b_kealhoymial;x
9258;246;79;66;b_rellhe;x
9259;229;61;47;b_aou_sar;x
9260;255;86;59;b_uydhean;x
9261;255;115;83;b_ionbun;x
9262;255;99;65;b_giatus;x
9263;255;124;89;b_oylus_mal;x
9264;255;109;84;b_teskoyl;x
9265;255;129;75;b_rel_mea;x
9266;255;134;64;b_rahesia;x
9267;217;58;55;b_asanydeanos;x
9268;255;163;139;b_gunrin;x
9269;202;45;46;b_goylhial;x
9270;191;36;40;b_doyealbem;x
9271;196;39;41;b_peaiymo;x
9272;255;103;89;b_rhilloyl;x
9273;226;50;22;b_aurum_plain;x
9274;245;86;37;b_dulrhi;x
9275;193;34;8;b_pymoy;x
9276;236;78;30;b_rheade_sar;x
9277;202;63;41;b_llewrisyl;x
9278;236;94;71;b_moylta;x
9279;211;79;26;b_noyllom;x
9280;212;67;22;b_dysrhoynia;x
9281;222;88;47;b_igamea;x
9282;242;104;82;b_doylloyn_mal;x
9283;224;54;27;b_gon_tiasdal;x
9284;237;82;46;b_lhoyrhiam;x
9285;221;65;40;b_woynlhem;x
9286;240;80;55;b_leallen;x
9287;210;68;45;b_aeasni;x
9288;245;90;65;b_lumguku;x
9289;247;64;35;b_rearhea;x
9290;200;56;33;b_tiala;x
9291;255;132;81;b_lhorulu_mal;x
9292;225;64;59;b_olianoy;x
9293;255;133;117;b_lliao;x
9294;255;118;70;b_raoses;x
9295;232;64;51;b_lloymlem;x
9296;232;67;57;b_sagebreach;x
9297;234;72;39;b_rhunamllias;x
9298;208;67;44;b_soytaba;x
9299;250;82;55;b_sauhara;x
9300;201;44;13;b_darhia;x
9301;208;168;60;b_ghoyan_drohe;x
9302;189;149;42;b_ghumul;x
9303;192;147;26;b_dipyl;x
9304;204;154;19;b_nounlos;x
9305;247;157;21;b_bupalos;x
9306;239;150;16;b_hymlia_sar;x
9307;254;169;41;b_rhake;x
9308;105;70;18;b_rhusos;x
9309;125;85;24;b_wunmydou;x
9310;144;93;16;b_woulsenym;x
9311;195;131;34;b_rheabeal;x
9312;218;150;47;b_olrun;x
9313;190;123;22;b_gheliam;x
9314;203;143;15;b_llounkum;x
9315;202;150;39;b_nandanlia;x
9316;219;172;45;b_dalriam;x
9317;213;180;89;b_lytorhou;x
9318;210;148;45;b_ullou;x
9319;222;160;28;b_limris;x
9320;169;122;32;b_lol_sar;x
9321;178;122;14;b_rheassyl;x
9322;227;163;39;b_deadi;x
9323;198;130;0;b_hylhyna;x
9324;222;148;6;b_raywi;x
9325;203;136;7;b_bohehan;x
9326;209;148;30;b_rhiwys;x
9327;244;160;33;b_bysy_mal;x
9328;150;108;44;b_lilpel;x
9329;201;143;55;b_ghiamil;x
9330;237;174;21;b_esmous;x
9331;233;151;27;b_lialmea;x
9332;224;155;36;b_nyhianrhil;x
9333;243;167;44;b_mous_aesly;x
9334;227;150;23;b_ghessea;x
9335;201;149;25;b_ewyl;x
9336;239;163;37;b_yweanus;x
9337;196;134;32;b_alnomos;x
9338;238;170;59;b_nearhia;x
9339;222;176;16;b_nuleanta;x
9340;232;188;35;b_reagoun;x
9341;241;157;20;b_rhelleam;x
9342;227;157;42;b_rhimloumtas;x
9343;209;146;43;b_gamia_noias;x
9344;212;141;23;b_rhil;x
9345;221;161;62;b_ghotsuwe;x
9346;235;159;34;b_mysoy;x
9347;208;154;66;b_olsy_mal;x
9348;193;134;20;b_tosnoul;x
9349;242;170;32;b_ditalea;x
9350;236;161;17;b_duspasmus;x
9351;248;175;56;b_panliam;x
9352;212;144;32;b_rehalia;x
9353;233;163;48;b_beasom;x
9354;214;156;60;b_murou;x
9355;239;161;33;b_llousrol;x
9356;204;137;28;b_lonoywou;x
9357;244;159;19;b_dhiro_bis;x
9358;204;138;30;b_iluel_mem;x
9359;198;130;25;b_ulea;x
9360;228;151;24;b_wynholmea;x
9361;185;121;17;b_hiholdos;x
9362;244;183;19;b_rompu_sar;x
9363;179;125;37;b_rhiweal;x
9364;197;127;13;b_lhialhin;x
9365;225;149;24;b_rengammos;x
9366;191;129;28;b_bolludo_sar;x
9367;237;167;52;b_maishu;x
9368;224;158;50;b_angylly;x
9369;208;131;4;b_hiamlom;x
9370;220;150;34;b_rhyllea;x
9371;227;151;26;b_gonronia;x
9372;234;165;17;b_bemouslu;x
9373;209;151;27;b_lyn_mal;x
9374;212;156;49;b_hipoymian;x
9375;195;159;36;b_aonim;x
9376;216;177;42;b_rhialko;x
9377;191;138;34;b_ulrhi_mal;x
9378;164;112;33;b_kosdhoy;x
9379;158;118;33;b_deallarous;x
9380;224;179;24;b_rinlamsy;x
9381;209;139;33;b_walle;x
9382;234;156;39;b_buleldeanos;x
9383;11;133;62;b_skean;x
9384;95;188;134;b_stiletys;x
9385;140;202;166;b_anlys;x
9386;58;110;80;b_jambiya;x
9387;59;150;97;b_dyrk;x
9388;20;182;88;b_poniard;x
9389;5;12;0;rhoyne_mtn_1;x
9390;9;12;0;rhoyne_mtn_2;x
9391;9;12;4;rhoyne_mtn_3;x
9392;17;21;21;rhoyne_mtn_4;x
9393;25;25;25;rhoyne_mtn_5;x
9394;27;27;27;rhoyne_mtn_6;x
9395;11;33;90;rhoyne_lake_1;x
9396;18;50;132;rhoyne_lake_2;x
9397;18;36;132;rhoyne_lake_3;x
9398;59;85;255;rhoyne_lake_4;x
9399;59;87;255;rhoyne_lake_5;x
9400;39;42;84;disputed_lands_lake_1;x
9401;133;51;171;b_asshai_1;x
9402;130;103;142;b_asshai_2;x
9403;89;45;109;b_asshai_3;x
9404;63;20;82;b_asshai_4;x
9405;195;129;226;b_asshai_5;x
9406;174;62;192;b_asshai_6;x
9407;75;18;84;b_asshai_7;x
9408;202;152;209;b_asshai_8;x
9409;194;117;235;b_asshai_9;x
9410;127;89;107;b_vhirak_1;x
9411;148;53;90;b_vhirak_2;x
9412;204;56;127;b_vhirak_3;x
9413;110;39;73;b_vhirak_4;x
9414;94;23;57;b_vhirak_5;x
9415;104;100;64;b_nymos_1;x
9416;133;126;62;b_nymos_2;x
9417;228;216;109;b_nymos_3;x
9418;213;207;152;b_nymos_4;x
9419;26;47;60;b_ashen_shore_1;x
9420;26;76;107;b_ashen_shore_2;x
9421;108;133;155;b_ashen_shore_3;x
9422;37;59;79;b_ashen_shore_4;x
9423;212;142;142;b_cursed_valley_1;x
9424;173;46;46;b_cursed_valley_2;x
9425;206;108;107;b_cursed_valley_3;x
9426;117;65;65;b_cursed_valley_4;x
9427;89;29;29;b_cursed_valley_5;x
9428;123;208;151;b_vashira_1;x
9429;38;69;48;b_vashira_2;x
9430;50;110;70;b_vashira_3;x
9431;63;137;87;b_vashira_4;x
9432;143;139;90;b_boglos_1;x
9433;100;96;38;b_boglos_2;x
9434;194;184;57;b_boglos_3;x
9435;189;185;133;b_boglos_4;x
9436;113;106;25;b_boglos_5;x
9437;110;80;136;b_saffar_1;x
9438;89;44;127;b_saffar_2;x
9439;158;118;192;b_saffar_3;x
9440;56;27;80;b_saffar_4;x
9441;185;121;240;b_saffar_5;x
9442;73;58;86;b_saffar_6;x
9443;94;126;46;b_ziphor_1;x
9444;147;190;83;b_ziphor_2;x
9445;96;133;41;b_ziphor_3;x
9446;204;239;152;b_ziphor_4;x
9447;65;79;44;b_ziphor_5;x
9448;12;41;131;b_aures_1;x
9449;34;48;94;b_aures_2;x
9450;95;122;206;b_aures_3;x
9451;58;85;170;b_aures_4;x
9452;23;73;231;b_aures_5;x
9453;144;165;233;b_aures_6;x
9454;77;113;228;b_aures_7;x
9455;119;81;137;b_velaza_1;x
9456;88;31;114;b_velaza_2;x
9457;136;69;167;b_velaza_3;x
9458;211;40;86;b_guzul_1;x
9459;167;75;100;b_guzul_2;x
9460;115;36;57;b_guzul_3;x
9461;214;109;138;b_guzul_4;x
9462;162;108;123;b_guzul_5;x
9463;121;126;33;b_turakaz_1;x
9464;178;183;75;b_turakaz_2;x
9465;203;208;94;b_turakaz_3;x
9466;206;213;43;b_turakaz_4;x
9467;18;151;121;b_shores_of_the_undying_1;x
9468;142;232;204;b_shores_of_the_undying_2;x
9469;22;162;118;b_shores_of_the_undying_3;x
9470;65;126;107;b_shores_of_the_undying_4;x
9471;100;181;163;b_shores_of_the_undying_5;x
9472;49;74;40;b_zhalor_1;x
9473;65;141;38;b_zhalor_2;x
9474;142;213;116;b_zhalor_3;x
9475;150;183;137;b_zhalor_4;x
9476;65;132;40;b_zhalor_5;x
9477;13;88;71;b_thalys_1;x
9478;38;142;119;b_thalys_2;x
9479;47;91;81;b_thalys_3;x
9480;54;156;133;b_thalys_4;x
9481;90;25;83;b_yarqen_1;x
9482;159;74;150;b_yarqen_2;x
9483;214;91;201;b_yarqen_3;x
9484;209;76;76;b_veskaz_1;x
9485;218;152;152;b_veskaz_2;x
9486;101;54;54;b_veskaz_3;x
9487;240;42;219;b_veskaz_4;x
9488;159;46;46;b_veskaz_5;x
9489;112;106;61;b_sakkur_1;x
9490;108;98;17;b_sakkur_2;x
9491;179;170;90;b_sakkur_3;x
9492;239;233;186;b_sakkur_4;x
9493;169;155;36;b_sakkur_5;x
9494;33;80;23;b_arrat_1;x
9495;74;121;64;b_arrat_2;x
9496;90;183;70;b_arrat_3;x
9497;118;173;107;b_arrat_4;x
9498;34;123;15;b_arrat_5;x
9499;198;100;199;b_venar_1;x
9500;136;47;137;b_venar_2;x
9501;90;20;91;b_venar_3;x
9502;67;43;67;b_venar_4;x
9503;132;108;207;b_stygai_3;x
9504;75;59;126;b_stygai_1;x
9505;114;78;225;b_stygai_2;x
9506;80;44;193;b_stygai_4;x
9507;177;157;239;b_stygai_5;x
9508;99;65;206;b_stygai_6;x
9509;95;188;206;b_zuba_1;x
9510;39;119;134;b_zuba_2;x
9511;92;176;193;b_zuba_3;x
9512;3;33;169;b_kator_1;x
9513;39;60;160;b_kator_2;x
9514;108;124;194;b_kator_3;x
9515;40;57;136;b_kator_4;x
9516;126;143;221;b_kator_5;x
9517;17;99;26;b_bubarai_1;x
9518;59;157;71;b_bubarai_2;x
9519;36;75;41;b_bubarai_3;x
9520;66;200;82;b_bubarai_4;x
9521;16;189;37;b_bubarai_5;x
9522;131;21;109;b_zufattar_1;x
9523;181;50;156;b_zufattar_2;x
9524;122;64;111;b_zufattar_3;x
9525;223;82;196;b_zufattar_4;x
9526;237;180;226;b_zufattar_5;x
9527;114;57;103;b_zufattar_6;x
9528;96;35;62;b_turatos_1;x
9529;179;0;80;b_turatos_2;x
9530;179;125;149;b_turatos_3;x
9531;233;63;139;b_turatos_4;x
9532;54;154;71;b_citos_1;x
9533;100;197;118;b_citos_2;x
9534;61;99;68;b_citos_3;x
9535;18;58;98;b_mouth_of_dread_1;x
9536;62;123;181;b_mouth_of_dread_2;x
9537;142;168;194;b_mouth_of_dread_3;x
9538;42;56;70;b_mouth_of_dread_4;x
9539;199;187;223;b_zikuri_1;x
9540;19;88;157;b_zikuri_2;x
9541;147;130;184;b_zikuri_3;x
9542;45;11;113;b_vale_of_whispers_1;x
9543;92;38;202;b_vale_of_whispers_2;x
9544;39;24;70;b_vale_of_whispers_3;x
9545;102;70;166;b_vale_of_whispers_4;x
9546;237;103;62;b_hattar_1;x
9547;221;131;104;b_hattar_2;x
9548;75;32;19;b_hattar_3;x
9549;126;78;63;b_hattar_4;x
9550;184;89;59;b_hattar_5;x
9551;203;126;102;b_hattar_6;x
9552;103;52;166;b_olmar_1;x
9553;148;100;207;b_olmar_2;x
9554;150;92;221;b_olmar_3;x
9555;116;88;150;b_olmar_4;x
9556;63;17;119;b_olmar_5;x
9557;56;164;143;b_farat_1;x
9558;44;100;89;b_farat_2;x
9559;91;174;158;b_farat_3;x
9560;23;136;114;b_farat_4;x
9561;51;212;180;b_farat_5;x
9562;56;110;207;b_eranos_1;x
9563;59;89;142;b_eranos_2;x
9564;52;107;206;b_eranos_3;x
9565;11;52;124;b_eranos_4;x
9566;51;184;106;b_vyrokh_1;x
9567;51;103;73;b_vyrokh_2;x
9568;42;164;93;b_vyrokh_3;x
9569;14;89;45;b_vyrokh_4;x
9570;70;117;90;b_vyrokh_5;x
9571;31;162;86;b_vyrokh_6;x
9572;142;31;208;b_ostar_1;x
9573;143;68;188;b_ostar_2;x
9574;114;68;141;b_ostar_3;x
9575;181;111;223;b_ostar_4;x
9576;134;150;56;b_lebat_1;x
9577;85;96;25;b_lebat_2;x
9578;178;203;52;b_lebat_3;x
9579;69;58;91;b_eranyr_1;x
9580;92;62;154;b_eranyr_2;x
9581;80;50;142;b_eranyr_3;x
9582;163;141;208;b_eranyr_4;x
9583;152;42;42;b_uzhor_1;x
9584;90;48;48;b_uzhor_2;x
9585;180;86;86;b_uzhor_3;x
9586;209;42;42;b_uzhor_4;x
9587;81;192;160;b_ostelar_1;x
9588;8;90;67;b_ostelar_2;x
9589;47;183;144;b_ostelar_3;x
9590;46;151;121;b_ostelar_4;x
9591;58;112;96;b_ostelar_5;x
9592;195;134;84;b_malior_1;x
9593;176;126;85;b_malior_2;x
9594;199;166;139;b_malior_3;x
9595;126;85;51;b_malior_4;x
9596;115;61;17;b_malior_5;x
9597;40;91;108;b_marghan_1;x
9598;51;166;206;b_marghan_2;x
9599;96;166;189;b_marghan_3;x
9600;133;11;11;b_lazyros_1;x
9601;221;84;84;b_lazyros_2;x
9602;147;20;20;b_lazyros_3;x
9603;183;40;40;b_lazyros_4;x
9604;197;102;102;b_lazyros_5;x
9605;115;51;51;b_lazyros_6;x
9606;208;131;207;b_gattar_1;x
9607;133;20;132;b_gattar_2;x
9608;225;113;223;b_gattar_3;x
9609;184;53;182;b_gattar_4;x
9610;124;200;46;b_razmai_1;x
9611;60;84;35;b_razmai_2;x
9612;98;155;39;b_razmai_3;x
9613;133;101;173;b_hestion_1;x
9614;45;20;76;b_hestion_2;x
9615;123;63;197;b_hestion_3;x
9616;95;63;136;b_hestion_4;x
9617;23;94;164;b_hartelion_1;x
9618;61;97;132;b_hartelion_2;x
9619;88;141;193;b_hartelion_3;x
9620;221;219;95;b_vynys_1;x
9621;143;142;26;b_vynys_2;x
9622;167;167;117;b_vynys_3;x
9623;199;197;90;b_vynys_4;x
9624;147;146;43;b_vynys_5;x
9625;178;214;47;b_maruza_1;x
9626;170;185;113;b_maruza_2;x
9627;113;133;41;b_maruza_3;x
9628;81;99;15;b_maruza_4;x
9629;51;156;161;b_orlyr_1;x
9630;93;208;213;b_orlyr_2;x
9631;58;106;108;b_orlyr_3;x
9632;106;157;160;b_orlyr_4;x
9633;146;70;221;b_nahel_1;x
9634;109;60;156;b_nahel_2;x
9635;64;21;105;b_nahel_3;x
9636;204;89;199;b_zefat_1;x
9637;175;51;169;b_zefat_2;x
9638;131;22;126;b_zefat_3;x
9639;89;41;87;b_zefat_4;x
9640;223;129;219;b_zefat_5;x
9641;198;54;191;b_zefat_6;x
9642;141;28;136;b_zefat_7;x
9643;79;51;206;b_ormin_1;x
9644;45;31;110;b_ormin_2;x
9645;97;77;190;b_ormin_3;x
9646;72;61;121;b_ormin_4;x
9647;35;26;76;b_ormin_5;x
9648;21;4;99;b_ormin_6;x
9649;96;93;198;b_ostiros_1;x
9650;57;55;119;b_ostiros_2;x
9651;24;22;79;b_ostiros_3;x
9652;64;60;184;b_ostiros_4;x
9653;45;44;74;b_ostiros_5;x
9654;65;141;193;b_stassar_1;x
9655;36;90;127;b_stassar_2;x
9656;56;86;79;b_stassar_3;x
9657;58;154;129;b_stassar_4;x
9658;15;99;78;b_stassar_5;x
9659;114;34;89;b_vogen_1;x
9660;175;67;141;b_vogen_2;x
9661;225;116;191;b_vogen_3;x
9662;55;21;44;b_vogen_4;x
9663;83;47;98;b_jaqor_1;x
9664;180;87;217;b_jaqor_2;x
9665;151;60;186;b_jaqor_3;x
9666;99;19;131;b_jaqor_4;x
9667;157;114;58;b_sanyr_1;x
9668;170;142;107;b_sanyr_2;x
9669;86;54;13;b_sanyr_3;x
9670;108;36;51;b_nuzat_1;x
9671;195;127;141;b_nuzat_2;x
9672;225;80;110;b_nuzat_3;x
9673;197;94;115;b_nuzat_4;x
9674;178;49;76;b_nuzat_5;x
9675;77;42;132;b_vehar_1;x
9676;120;78;186;b_vehar_2;x
9677;137;74;236;b_vehar_3;x
9678;54;24;101;b_vehar_4;x
9679;110;51;56;b_zanpur_1;x
9680;174;37;50;b_yovesh_1;x
9681;126;65;65;b_zonar_1;x
9682;193;18;18;b_zonar_2;x
9683;221;116;116;b_zonar_3;x
9684;208;54;54;b_zonar_4;x
9685;165;41;41;b_orlath_1;x
9686;105;31;31;b_orlath_2;x
9687;61;32;32;b_orlath_3;x
9688;180;96;96;b_orlath_4;x
9689;60;25;25;b_lirhai_1;x
9690;221;59;59;b_lirhai_2;x
9691;147;51;51;b_qinle_1;x
9692;74;16;16;b_qinle_2;x
9693;230;170;170;b_qinle_3;x
9694;216;78;78;b_qinle_4;x
9695;164;125;125;b_kaharim_1;x
9696;207;75;75;b_kaharim_2;x
9697;43;19;19;b_kaharim_3;x
9698;79;14;14;b_saolun_1;x
9699;131;39;39;b_saolun_2;x
9700;156;40;40;b_saolun_3;x
9701;204;74;74;b_vinet_1;x
9702;105;53;53;b_vinet_2;x
9703;91;11;11;b_vinet_3;x
9704;148;82;82;b_vinet_4;x
9705;165;82;82;b_xarhai_1;x
9706;176;27;27;b_xarhai_2;x
9707;57;16;16;b_xarhai_3;x
9708;209;45;45;b_nyrak_1;x
9709;61;45;45;b_nyrak_2;x
9710;55;16;16;b_nyrak_3;x
9711;156;10;10;b_nyrak_4;x
9712;33;95;27;b_manticore_isle_1;x
9713;53;109;48;b_manticore_isle_2;x
9714;62;175;51;b_manticore_isle_3;x
9715;39;82;34;b_manticore_isle_4;x
9716;104;184;135;b_maritani_1;x
9717;113;159;53;b_maritani_2;x
9718;40;181;137;b_maritani_3;x
9719;83;165;185;b_salkare_1;x
9720;52;121;99;b_salkare_2;x
9721;171;117;222;b_meereen_great_pyramid;x
9722;174;104;213;b_meereen;x
9723;178;101;209;b_meereen_harbor;x
9724;172;109;215;b_plaza_of_purification;x
9725;173;113;220;b_temple_of_graces;x
9726;173;121;224;b_yherizan_pyramid;x
9727;175;108;215;b_galare_pyramid;x
9728;173;106;211;b_loraq_pyramid;x
9729;170;109;207;b_rhazdar_pyramid;x
9730;81;22;137;b_meereen_no_mans_land;x
9731;78;24;140;b_zhakhar;x
9732;81;26;142;b_mermazan;x
9733;78;27;138;b_ghazkhan;x
9734;76;30;133;b_uldarak;x
9735;72;28;130;b_pahzani;x
9736;62;20;136;b_loryak;x
9737;64;25;134;b_quenaz;x
9738;62;28;135;b_razhkar;x
9739;69;22;137;b_yheldhaz;x
9740;70;27;135;b_khaqzir;x
9741;170;123;225;b_quazzar_pyramid;x
9742;167;124;227;b_kandaq_pyramid;x
9743;170;119;230;b_reznak_pyramid;x
9744;167;117;221;b_pahl_pyramid;x
9745;166;119;215;b_naqqan_pyramid;x
9746;164;119;217;b_dhazak_pyramid;x
9747;163;122;215;b_ghazeen_pyramid;x
9748;160;117;216;b_hazkar_pyramid;x
9749;159;118;215;b_merreq_pyramid;x
9750;151;74;201;b_green_gate;x
9751;151;88;189;b_zandhazdal;x
9752;147;91;184;b_mhysal_adhan;x
9753;146;76;198;b_egledeena;x
9754;143;81;196;b_kestysi;x
9755;147;86;193;b_omezhai;x
9756;148;89;191;b_askaraz;x
9757;151;91;189;b_pendegere;x
9758;136;70;194;b_demon_road;x
9759;138;75;191;b_dhramu;x
9760;140;79;187;b_matazdhan;x
9761;139;82;182;b_astanyr;x
9762;141;85;179;b_zeladrehn;x
9763;132;66;174;b_bhodhanyz;x
9764;129;70;171;b_samerdhi;x
9765;131;73;167;b_skazys;x
9766;128;77;164;b_deenadh;x
9767;159;82;198;b_purple_heights;x
9768;155;85;194;b_alazhai;x
9769;116;31;194;b_khyzai_pass;x
9770;111;30;196;b_yherak;x
9771;113;35;193;b_quasdar;x
9772;109;36;189;b_dhazaq;x
9773;105;33;184;b_loraqen;x
9774;100;36;179;b_mezhkar;x
9775;98;37;178;b_zhaqir;x
9776;99;35;176;b_meryak;x
9777;95;33;173;b_ghadzar;x
9778;94;35;171;b_rhazhen;x
9779;90;42;171;b_pahlaz;x
9780;93;38;178;b_uzekai;x
9781;91;44;180;b_yhazan;x
9782;94;49;181;b_dhorak;x
9783;93;37;169;b_kaldor;x
9784;149;69;183;b_malkai;x
9785;147;78;182;b_emalkeh;x
9786;144;80;181;b_narhaza;x
9787;146;74;183;b_zheriq;x
9788;144;70;181;b_malzhan;x
9789;142;72;178;b_khyzara;x
9790;139;73;176;b_haldorak;x
9791;89;51;174;b_khyzal;x
9792;94;52;172;b_kynzai;x
9793;99;50;168;b_nahrik;x
9794;102;47;166;b_lhazdar;x
9795;101;44;163;b_qhazar;x
9796;107;42;161;b_rhazik;x
9797;110;38;160;b_mekhzar;x
9798;113;35;156;b_dhurzan;x
9799;115;34;159;b_vhazra;x
9800;93;39;97;b_galzari;x
9801;91;40;96;b_merqaz;x
9802;94;37;94;b_khara;x
9803;98;41;95;b_quenrak;x
9804;96;33;93;b_lhazek;x
9805;92;32;88;b_tazhar;x
9806;88;29;91;b_mahrin;x
9807;85;28;90;b_uzhak;x
9808;172;34;231;b_yellow_pyramid;x
9809;171;35;239;b_yunkai;x
9810;168;36;237;b_yunkai_harbor;x
9811;174;36;226;b_plaza_of_ambition;x
9812;169;38;224;b_temple_of_yunkai;x
9813;128;35;205;b_east_yunkai;x
9814;123;38;199;b_iron_pyramid;x
9815;151;35;221;b_vhuzan;x
9816;153;30;217;b_harpys_gate;x
9817;155;26;211;b_maezalor;x
9818;147;105;205;b_yaros_isle1;x
9819;151;111;199;b_yaros_isle2;x
9820;189;65;193;b_maelk;x
9821;196;74;188;b_qhazai;x
9822;183;69;187;b_tazari;x
9823;187;73;181;b_lhazir;x
9824;189;71;176;b_malkor;x
9825;182;82;186;b_fhaliran;x
9826;178;93;190;b_zanduri;x
9827;232;82;205;b_yhalan;x
9828;225;74;198;b_uzhakar;x
9829;213;66;201;b_kurdoth;x
9830;209;70;198;b_varnash;x
9831;198;82;190;b_theskar;x
9832;163;78;155;b_vhazek;x
9833;156;76;158;b_zhenai;x
9834;152;74;153;b_qhalin;x
9835;155;69;152;b_zarhiz;x
9836;150;67;146;b_rhazari;x
9837;157;69;143;b_jhazrin;x
9838;158;75;139;b_kharzen;x
9839;161;77;145;b_hekzar;x
9840;194;70;221;b_vadhaahan;x
9841;120;28;170;b_the_rocky_pass;x
9842;174;85;217;b_astazdhan;x
9843;182;85;194;b_uqhaz;x
9844;178;93;174;b_mhazari;x
9845;163;74;155;b_merzai;x
9846;143;93;167;b_kyndar;x
9847;132;105;155;b_zhalin;x
9848;128;116;140;b_qhazael;x
9849;151;97;147;b_vhazhaan;x
9850;154;98;143;b_rhenak;x
9851;217;78;221;b_kaldeen;x
9852;209;89;209;b_tazhik;x
9853;190;101;194;b_uthari;x
9854;174;93;205;b_hekhal;x
9855;182;120;201;b_tazhal;x
9856;113;89;151;b_red_pyramid;x
9857;159;55;221;b_astapor;x
9858;151;82;217;b_temple_of_astapor;x
9859;133;58;170;b_plaza_of_pride;x
9860;121;71;163;b_plaza_of_punishment;x
9861;101;81;143;b_worm_pyramid;x
9862;117;109;132;b_blood_pyramid;x
9863;167;39;205;b_sytroseia;x
9864;163;51;217;b_yharzai;x
9865;167;55;209;b_narkhesh;x
9866;163;62;194;b_khazdoth;x
9867;140;55;198;b_slavers_road;x
9868;147;97;167;b_rhyzakar;x
9869;128;66;190;b_lurakhaz;x
9870;105;66;159;b_thakzari;x
9871;124;66;163;b_vhyrakos;x
9872;136;70;151;b_kharzith;x
9873;140;78;155;b_zharnok;x
9874;151;58;174;b_drazhen;x
9875;143;66;159;b_qelthar;x
9876;101;51;151;b_marghadhan;x
9877;93;55;159;b_zhulrath;x
9878;85;58;163;b_tharakai;x
9879;116;55;151;b_yitruios;x
9880;113;78;140;b_khezrith;x
9881;105;93;124;b_drakhan;x
9882;124;62;174;b_ghiscar_point;x
9883;132;74;173;b_vhalzari;x
9884;143;85;167;b_zarnokh;x
9885;136;84;163;b_jhiraz;x
9886;120;74;155;b_talzhan;x
9887;128;82;186;b_kirsadh;x
9888;105;58;143;b_vexhaza;x
9889;109;78;132;b_sarvash;x
9890;106;89;136;b_nalthir;x
9891;111;82;151;b_halarik;x
9892;97;85;151;b_malzara;x
9893;85;88;140;b_qalazar;x
9894;82;97;136;b_vyrkaza;x
9895;132;70;190;b_dhozai;x
9896;128;62;182;b_thalrakan;x
9897;132;62;170;b_qirzha;x
9898;120;66;151;b_nakhari;x
9899;109;78;163;b_dhazarro;x
9900;116;85;159;b_zalzun;x
9901;116;62;167;b_drazhiri;x
9902;97;70;174;b_kalthar;x
9903;120;43;167;b_zunhaza;x
9904;120;55;170;b_thuldhan;x
9905;136;97;163;b_khorvash;x
9906;124;93;170;b_fhrakaz;x
9907;128;113;159;b_sythari;x
9908;136;58;198;b_jharazil;x
9909;131;46;173;b_vharzel;x
9910;143;70;190;b_quirzai;x
9911;155;78;186;b_malthari;x
9912;167;93;178;b_neshqar;x
9913;124;101;170;b_zhazari;x
9914;118;70;164;b_kharzun;x
9915;109;73;160;b_zhazir;x
9916;147;55;201;b_asylios;x
9917;155;62;198;b_marzani;x
9918;163;78;186;b_rhazdoth;x
9919;140;47;155;b_rhaqith;x
9920;124;82;186;b_zelvakar;x
9921;128;109;182;b_yharnak;x
9922;140;113;174;b_brakhaz;x
9923;136;93;167;b_khazarim;x
9924;128;89;159;b_vuzhakar;x
9925;116;85;155;b_lorthani;x
9926;105;97;159;b_jhulir;x
9927;113;93;151;b_ghrakhan;x
9928;93;89;132;b_gadhis;x
9929;105;85;124;b_ketharim;x
9930;93;93;120;b_ghalakos;x
9931;85;105;124;b_uthakar;x
9932;97;113;147;b_zharniq;x
9933;101;105;143;b_rhalzun;x
9934;113;97;151;b_khazhera;x
9935;116;120;140;b_drakari;x
9936;128;120;151;b_maqzeth;x
9937;132;113;155;b_qalrith;x
9938;151;105;147;b_rhazorin;x
9939;124;66;170;b_horns_of_hazzat;x
9940;124;93;155;b_darakaz;x
9941;109;97;178;b_vhalin;x
9942;116;82;190;b_qhezar;x
9943;124;97;182;b_lurakha;x
9944;132;105;174;b_naxiri;x
9945;113;109;182;b_zandhor;x
9946;105;120;186;b_dromel;x
9947;97;132;163;b_thakri;x
9948;101;143;151;b_qulhazan;x
9949;113;124;136;b_hazrakan;x
9950;116;113;120;b_vyrzari;x
9951;117;83;61;b_new_ghis;x
9952;120;78;64;b_harpys_port;x
9953;124;85;58;b_iron_light;x
9954;128;70;70;b_ghaen;x
9955;116;62;68;b_hyrais;x
9956;105;66;70;b_numhazdan;x
9957;116;58;78;b_hazurhan;x
9958;113;77;83;b_rezyrnas;x
9959;117;75;86;b_pahurya;x
9960;121;65;76;b_aghaian;x
9961;124;58;74;b_green_wing;x
9962;136;43;85;b_skarez;x
9963;129;40;79;b_vaihyr;x
9964;178;62;213;b_baked_shore;x
9965;167;70;205;b_baked_shore_1;x
9966;170;97;178;b_baked_shore_2;x
9967;174;91;170;b_baked_shore_3;x
9968;169;85;164;b_baked_shore_4;x
9969;155;89;155;b_baked_shore_5;x
9970;163;101;174;b_baked_shore_6;x
9971;161;109;170;b_baked_shore_7;x
9972;155;120;167;b_baked_shore_8;x
9973;140;116;136;b_ghuron;x
9974;155;113;143;b_ghuron_1;x
9975;163;116;167;b_ghuron_2;x
9976;163;132;178;b_ghuron_3;x
9977;159;147;182;b_ghuron_4;x
9978;163;150;170;b_ghuron_5;x
9979;147;151;155;b_ghuron_6;x
9980;151;74;198;b_ghuron_7;x
9981;153;85;190;b_ghuron_8;x
9982;186;24;255;b_old_ghis;x
9983;174;28;251;b_old_ghis_1;x
9984;167;35;240;b_old_ghis_2;x
9985;174;31;225;b_old_ghis_3;x
9986;182;39;217;b_old_ghis_4;x
9987;186;24;209;b_old_ghis_5;x
9988;190;21;219;b_old_ghis_6;x
9989;194;16;228;b_old_ghis_7;x
9990;198;31;232;b_old_ghis_8;x
9991;174;35;116;b_sumbyar;x
9992;167;58;124;b_sumbyar_1;x
9993;151;35;213;b_grazan;x
9994;147;43;217;b_grazan_1;x
9995;163;55;201;b_grazan_2;x
9996;155;70;186;b_grazan_3;x
9997;174;51;174;b_grazan_4;x
9998;170;66;178;b_grazan_5;x
9999;167;58;167;b_grazan_6;x
10000;147;74;155;b_grazan_7;x
10001;159;89;151;b_grazan_8;x
10002;151;109;147;b_grazan_9;x
10003;104;46;47;b_atruskai;x
10004;116;35;58;b_atruskai_1;x
10005;101;47;70;b_atruskai_2;x
10006;89;58;39;b_atruskai_3;x
10007;89;55;43;b_atruskai_4;x
10008;82;66;47;b_atruskai_5;x
10009;66;78;35;b_atruskai_6;x
10010;62;39;39;b_atruskai_7;x
10011;74;43;62;b_atruskai_8;x
10012;82;47;78;b_atruskai_9;x
10013;78;51;78;b_atruskai_10;x
10014;193;38;193;b_mantarys;x
10015;191;40;193;b_mantarys1;x
10016;189;42;193;b_mantarys2;x
10017;187;44;193;b_mantarys3;x
10018;185;46;193;b_mantarys4;x
10019;183;48;193;b_mantarys5;x
10020;167;64;193;b_mantarys13;x
10021;165;66;193;b_mantarys14;x
10022;163;68;193;b_mantarys15;x
10023;175;56;193;b_mantarys9;x
10024;181;50;193;b_mantarys6;x
10025;179;52;193;b_mantarys7;x
10026;177;54;193;b_mantarys8;x
10027;173;58;193;b_mantarys10;x
10028;171;60;193;b_mantarys11;x
10029;169;62;193;b_mantarys12;x
10030;115;66;133;b_painted_valleys22;x
10031;113;66;132;b_painted_valleys23;x
10032;111;66;131;b_painted_valleys24;x
10033;109;66;130;b_painted_valleys25;x
10034;107;66;129;b_painted_valleys26;x
10035;105;66;128;b_painted_valleys27;x
10036;127;66;139;b_painted_valleys16;x
10037;137;66;144;b_painted_valleys11;x
10038;135;66;143;b_painted_valleys12;x
10039;133;66;142;b_painted_valleys13;x
10040;131;66;141;b_painted_valleys14;x
10041;129;66;140;b_painted_valleys15;x
10042;125;66;138;b_painted_valleys17;x
10043;123;66;137;b_painted_valleys18;x
10044;121;66;136;b_painted_valleys19;x
10045;119;66;135;b_painted_valleys20;x
10046;117;66;134;b_painted_valleys21;x
10047;145;66;148;b_painted_valleys7;x
10048;143;66;147;b_painted_valleys8;x
10049;141;66;146;b_painted_valleys9;x
10050;139;66;145;b_painted_valleys10;x
10051;159;66;155;b_painted_valleys;x
10052;157;66;154;b_painted_valleys1;x
10053;155;66;153;b_painted_valleys2;x
10054;153;66;152;b_painted_valleys3;x
10055;151;66;151;b_painted_valleys4;x
10056;149;66;150;b_painted_valleys5;x
10057;147;66;149;b_painted_valleys6;x
10058;87;66;119;b_painted_valleys36;x
10059;85;66;118;b_painted_valleys37;x
10060;83;66;117;b_painted_valleys38;x
10061;81;66;116;b_painted_valleys39;x
10062;79;66;115;b_painted_valleys40;x
10063;97;66;124;b_painted_valleys31;x
10064;103;66;127;b_painted_valleys28;x
10065;101;66;126;b_painted_valleys29;x
10066;99;66;125;b_painted_valleys30;x
10067;95;66;123;b_painted_valleys32;x
10068;93;66;122;b_painted_valleys33;x
10069;91;66;121;b_painted_valleys34;x
10070;89;66;120;b_painted_valleys35;x
10071;158;75;188;b_hushed_crossing;x
10072;161;71;190;b_shrieking_woods;x
10073;165;76;192;b_cadaver_hills;x
10074;161;80;194;b_demons_fork;x
10075;163;82;197;b_summers_exit;x
10076;159;85;200;b_dead_mans_post;x
10077;162;89;196;b_long_forlorn;x
10078;158;94;194;b_silent_shore;x
10079;156;100;189;b_burnt_flats;x
10080;143;74;170;b_twisted_road;x
10081;141;72;172;b_varkarios;x
10082;138;74;176;b_sinistrys;x
10083;136;70;181;b_kurion;x
10084;129;63;185;b_deslyros;x
10085;182;86;216;b_the_lights;x
10086;185;82;209;b_tuneri;x
10087;179;89;199;b_nolghir;x
10088;191;100;194;b_attalyos;x
10089;201;120;178;b_hazmyr;x
10090;191;121;183;b_dying_drake;x
10091;181;122;186;b_quietyr;x
10092;174;130;199;b_beasts_way;x
10093;173;118;193;b_deadlights;x
10094;143;62;201;b_tolos;x
10095;140;59;204;b_tenelion;x
10096;135;57;207;b_elarion;x
10097;130;60;212;b_azanael;x
10098;125;62;216;b_nuzatys;x
10099;122;64;219;b_ilvyrion;x
10100;140;82;194;b_olaerys;x
10101;145;83;197;b_mortanys;x
10102;148;88;199;b_bantisarys;x
10103;142;88;200;b_zobrastes;x
10104;144;93;192;b_aermysar;x
10105;132;62;151;b_black_cliffs;x
10106;128;59;147;b_rensylos;x
10107;123;57;144;b_maemerys;x
10108;121;56;149;b_lykerion;x
10109;118;59;152;b_rymion;x
10110;114;62;155;b_mourhyzar;x
10111;112;59;159;b_armaelys;x
10112;115;54;163;b_syvirys;x
10113;118;52;168;b_jelmysarys;x
10114;173;73;216;b_bhorash;x
10115;169;71;219;b_vythyma;x
10116;172;66;223;b_vastyr;x
10117;167;70;216;b_nessalion;x
10118;162;73;211;b_mylonos;x
10119;166;70;214;b_galronys;x
10120;159;66;217;b_sentyros;x
10121;156;70;223;b_hesnyr;x
10122;162;65;226;b_zardurie;x
10123;166;60;228;b_dosdyraos;x
10124;168;64;230;b_golmulos;x
10125;170;89;213;b_vezenkarys;x
10126;176;70;219;b_hostyres;x
10127;179;72;223;b_vaekar;x
10128;174;82;198;b_ghistalgrys;x
10129;169;84;195;b_kastraea;x
10130;136;55;182;b_gahajyr;x
10131;139;61;179;b_syaria;x
10132;141;66;174;b_alyryn;x
10133;220;15;57;b_draconys;x
10134;190;25;67;b_draconys10;x
10135;187;25;67;b_draconys11;x
10136;184;26;68;b_draconys12;x
10137;178;29;71;b_draconys14;x
10138;175;30;72;b_draconys15;x
10139;172;31;73;b_draconys16;x
10140;169;32;74;b_draconys17;x
10141;166;33;75;b_draconys18;x
10142;163;34;76;b_draconys19;x
10143;217;16;58;b_draconys1;x
10144;214;17;59;b_draconys2;x
10145;211;18;60;b_draconys3;x
10146;208;19;61;b_draconys4;x
10147;205;20;62;b_draconys5;x
10148;202;21;63;b_draconys6;x
10149;199;22;64;b_draconys7;x
10150;196;23;65;b_draconys8;x
10151;193;24;66;b_draconys9;x
10152;181;28;70;b_draconys13;x
10153;151;38;80;b_draconys23;x
10154;160;35;77;b_draconys20;x
10155;157;36;78;b_draconys21;x
10156;154;37;79;b_draconys22;x
10157;148;39;81;b_draconys24;x
10158;191;34;93;b_anogaria19;x
10159;193;35;93;b_anogaria18;x
10160;189;33;93;b_anogaria20;x
10161;187;32;93;b_anogaria21;x
10162;175;26;93;b_anogaria27;x
10163;185;31;93;b_anogaria22;x
10164;183;30;93;b_anogaria23;x
10165;181;29;93;b_anogaria24;x
10166;179;28;93;b_anogaria25;x
10167;177;27;93;b_anogaria26;x
10168;173;25;93;b_anogaria28;x
10169;171;24;93;b_anogaria29;x
10170;169;23;93;b_anogaria30;x
10171;167;22;93;b_anogaria31;x
10172;228;51;93;b_anogaria;x
10173;227;50;93;b_anogaria1;x
10174;225;49;93;b_anogaria2;x
10175;223;48;93;b_anogaria3;x
10176;221;47;93;b_anogaria4;x
10177;219;46;93;b_anogaria5;x
10178;217;45;93;b_anogaria6;x
10179;215;46;93;b_anogaria7;x
10180;213;45;93;b_anogaria8;x
10181;209;43;93;b_anogaria10;x
10182;199;38;93;b_anogaria15;x
10183;211;44;93;b_anogaria9;x
10184;207;42;93;b_anogaria11;x
10185;205;41;93;b_anogaria12;x
10186;203;40;93;b_anogaria13;x
10187;201;39;93;b_anogaria14;x
10188;197;37;93;b_anogaria16;x
10189;195;36;93;b_anogaria17;x
10190;165;21;93;b_anogaria32;x
10191;163;20;93;b_anogaria33;x
10192;228;82;105;b_elyria1;x
10193;227;81;104;b_elyria2;x
10194;161;62;219;b_ghozai;x
10195;151;78;209;b_ghozai_1;x
10196;159;58;194;b_ghozai_2;x
10197;155;62;182;b_ghozai_3;x
10198;151;66;175;b_ghozai_4;x
10199;159;93;217;b_elos;x
10200;163;89;207;b_elos_1;x
10201;152;113;206;b_velos;x
10202;147;105;198;b_velos_1;x
10203;140;113;194;b_velos_2;x
10204;145;105;191;b_velos_3;x
10205;128;116;178;b_velos_4;x
10206;109;109;155;b_velos_5;x
10207;202;102;57;b_skhanza;x
10208;201;100;54;b_ignatha;x
10209;166;73;105;b_erymhul;x
10210;162;67;103;b_stalheys;x
10211;160;64;102;b_kholbys;x
10212;158;61;101;b_nysuhlhu;x
10213;152;52;98;b_hakauts;x
10214;101;178;185;b_chen_1;x
10215;101;188;185;b_chen_2;x
10216;101;198;185;b_chen_3;x
10217;101;208;185;b_chen_4;x
10218;101;218;185;b_chen_5;x
10219;101;228;185;b_chen_6;x
10220;101;238;185;b_chen_7;x
10221;101;178;95;b_patli_1;x
10222;101;188;95;b_patli_2;x
10223;101;198;95;b_patli_3;x
10224;101;208;95;b_patli_4;x
10225;101;218;95;b_patli_5;x
10226;101;228;95;b_patli_6;x
10227;101;178;195;b_tlalli_1;x
10228;101;188;195;b_tlalli_2;x
10229;101;198;195;b_tlalli_3;x
10230;101;208;195;b_tlalli_4;x
10231;101;218;195;b_tlalli_5;x
10232;101;228;195;b_tlalli_6;x
10233;101;238;105;b_nacon_7;x
10234;101;188;105;b_nacon_2;x
10235;101;198;105;b_nacon_3;x
10236;101;208;105;b_nacon_4;x
10237;101;218;105;b_nacon_5;x
10238;101;228;105;b_nacon_6;x
10239;101;178;105;b_nacon_1;x
10240;101;178;25;b_nephrite_plains_1;x
10241;101;188;25;b_nephrite_plains_2;x
10242;101;198;25;b_nephrite_plains_3;x
10243;101;208;25;b_nephrite_plains_4;x
10244;101;218;25;b_nephrite_plains_5;x
10245;101;228;25;b_nephrite_plains_6;x
10246;101;178;135;b_rain_garden_1;x
10247;101;188;135;b_rain_garden_2;x
10248;101;198;135;b_rain_garden_3;x
10249;101;208;135;b_rain_garden_4;x
10250;101;218;135;b_rain_garden_5;x
10251;101;228;135;b_rain_garden_6;x
10252;101;178;35;b_light_falls_1;x
10253;101;188;35;b_light_falls_2;x
10254;101;198;35;b_light_falls_3;x
10255;101;208;35;b_light_falls_4;x
10256;101;218;35;b_light_falls_5;x
10257;101;208;45;b_the_maw_4;x
10258;101;188;45;b_the_maw_2;x
10259;101;198;45;b_the_maw_3;x
10260;101;178;45;b_the_maw_1;x
10261;101;218;45;b_the_maw_5;x
10262;101;228;45;b_the_maw_6;x
10263;101;178;145;b_graowl_1;x
10264;101;188;145;b_graowl_2;x
10265;101;198;145;b_graowl_3;x
10266;101;208;145;b_graowl_4;x
10267;101;218;145;b_graowl_5;x
10268;101;228;145;b_graowl_6;x
10269;101;238;145;b_graowl_7;x
10270;101;178;55;b_neewater_1;x
10271;101;188;55;b_neewater_2;x
10272;101;198;55;b_neewater_3;x
10273;101;208;55;b_neewater_4;x
10274;101;218;55;b_neewater_5;x
10275;101;228;155;b_lesser_valley_6;x
10276;101;188;155;b_lesser_valley_2;x
10277;101;198;155;b_lesser_valley_3;x
10278;101;208;155;b_lesser_valley_4;x
10279;101;218;155;b_lesser_valley_5;x
10280;101;178;155;b_lesser_valley_1;x
10281;101;238;155;b_lesser_valley_7;x
10282;101;178;65;b_dim_grove_1;x
10283;101;188;65;b_dim_grove_2;x
10284;101;198;65;b_dim_grove_3;x
10285;101;208;65;b_dim_grove_4;x
10286;101;218;65;b_dim_grove_5;x
10287;101;228;65;b_dim_grove_6;x
10288;101;178;165;b_ah_mun_1;x
10289;101;188;165;b_ah_mun_2;x
10290;101;198;165;b_ah_mun_3;x
10291;101;208;165;b_ah_mun_4;x
10292;101;218;165;b_ah_mun_5;x
10293;101;228;165;b_ah_mun_6;x
10294;101;238;165;b_ah_mun_7;x
10295;61;248;50;b_yeen_1;x
10296;61;238;50;b_yeen_2;x
10297;61;228;50;b_yeen_3;x
10298;61;218;50;b_yeen_4;x
10299;61;208;50;b_yeen_5;x
10300;61;198;50;b_yeen_6;x
10301;11;248;50;b_yaotl_1;x
10302;11;238;50;b_yaotl_2;x
10303;11;228;50;b_yaotl_3;x
10304;11;218;50;b_yaotl_4;x
10305;11;208;50;b_yaotl_5;x
10306;11;198;50;b_yaotl_6;x
10307;101;248;50;b_tenoch_1;x
10308;101;238;50;b_tenoch_2;x
10309;101;228;50;b_tenoch_3;x
10310;101;218;50;b_tenoch_4;x
10311;101;208;50;b_tenoch_5;x
10312;101;198;50;b_tenoch_6;x
10313;101;188;50;b_tenoch_7;x
10314;102;208;215;b_fleshcarvers_wreck_4;x
10315;102;198;215;b_fleshcarvers_wreck_3;x
10316;102;178;215;b_fleshcarvers_wreck_1;x
10317;102;188;215;b_fleshcarvers_wreck_2;x
10318;102;218;215;b_fleshcarvers_wreck_5;x
10319;102;228;215;b_fleshcarvers_wreck_6;x
10320;102;238;215;b_fleshcarvers_wreck_7;x
10321;16;238;70;b_ilsha_1;x
10322;16;228;70;b_ilsha_2;x
10323;16;218;70;b_ilsha_3;x
10324;16;208;70;b_ilsha_4;x
10325;16;198;70;b_ilsha_5;x
10326;16;188;70;b_ilsha_6;x
10327;16;178;70;b_ilsha_7;x
10328;101;228;31;b_hobnil_6;x
10329;101;178;31;b_hobnil_1;x
10330;101;188;31;b_hobnil_2;x
10331;101;198;31;b_hobnil_3;x
10332;101;208;31;b_hobnil_4;x
10333;101;218;31;b_hobnil_5;x
10334;101;238;31;b_hobnil_7;x
10335;102;198;195;b_hunaphu_3;x
10336;102;178;195;b_hunaphu_1;x
10337;102;188;195;b_hunaphu_2;x
10338;102;208;195;b_hunaphu_4;x
10339;102;218;195;b_hunaphu_5;x
10340;102;228;195;b_hunaphu_6;x
10341;102;238;195;b_hunaphu_7;x
10342;102;188;205;b_last_stop_2;x
10343;102;178;205;b_last_stop_1;x
10344;102;198;205;b_last_stop_3;x
10345;102;208;205;b_last_stop_4;x
10346;102;218;205;b_last_stop_5;x
10347;102;228;205;b_last_stop_6;x
10348;102;178;65;b_monkey_perch_1;x
10349;102;188;65;b_monkey_perch_2;x
10350;102;198;65;b_monkey_perch_3;x
10351;102;208;65;b_monkey_perch_4;x
10352;102;218;65;b_monkey_perch_5;x
10353;102;228;65;b_monkey_perch_6;x
10354;102;238;65;b_monkey_perch_7;x
10355;102;178;75;b_bloody_folly_1;x
10356;102;188;75;b_bloody_folly_2;x
10357;102;198;75;b_bloody_folly_3;x
10358;102;208;75;b_bloody_folly_4;x
10359;102;218;75;b_bloody_folly_5;x
10360;102;228;75;b_bloody_folly_6;x
10361;102;238;75;b_bloody_folly_7;x
10362;102;228;85;b_camazotz_6;x
10363;102;178;85;b_camazotz_1;x
10364;102;188;85;b_camazotz_2;x
10365;102;198;85;b_camazotz_3;x
10366;102;208;85;b_camazotz_4;x
10367;102;218;85;b_camazotz_5;x
10368;102;238;85;b_camazotz_7;x
10369;102;248;85;b_camazotz_8;x
10370;102;208;115;b_backlum_4;x
10371;102;178;115;b_backlum_1;x
10372;102;188;115;b_backlum_2;x
10373;102;198;115;b_backlum_3;x
10374;102;218;115;b_backlum_5;x
10375;102;228;115;b_backlum_6;x
10376;102;198;155;b_chamahez_3;x
10377;102;178;155;b_chamahez_1;x
10378;102;188;155;b_chamahez_2;x
10379;102;208;155;b_chamahez_4;x
10380;102;218;155;b_chamahez_5;x
10381;102;228;155;b_chamahez_6;x
10382;102;218;165;b_tepeu_5;x
10383;102;178;165;b_tepeu_1;x
10384;102;188;165;b_tepeu_2;x
10385;102;198;165;b_tepeu_3;x
10386;102;208;165;b_tepeu_4;x
10387;102;228;165;b_tepeu_6;x
10388;102;228;125;b_zipacna_6;x
10389;102;178;125;b_zipacna_1;x
10390;102;188;125;b_zipacna_2;x
10391;102;198;125;b_zipacna_3;x
10392;102;208;125;b_zipacna_4;x
10393;102;218;125;b_zipacna_5;x
10394;102;238;125;b_zipacna_7;x
10395;102;208;145;b_chamer_4;x
10396;102;178;145;b_chamer_1;x
10397;102;188;145;b_chamer_2;x
10398;102;198;145;b_chamer_3;x
10399;102;218;145;b_chamer_5;x
10400;102;228;145;b_chamer_6;x
10401;102;208;252;b_hapikern_4;x
10402;102;178;252;b_hapikern_1;x
10403;102;188;252;b_hapikern_2;x
10404;102;198;252;b_hapikern_3;x
10405;102;218;252;b_hapikern_5;x
10406;102;198;135;b_itzel_3;x
10407;102;178;135;b_itzel_1;x
10408;102;188;135;b_itzel_2;x
10409;102;208;135;b_itzel_4;x
10410;102;218;135;b_itzel_5;x
10411;102;228;135;b_itzel_6;x
10412;102;238;135;b_itzel_7;x
10413;102;198;12;b_biatol_3;x
10414;102;178;12;b_biatol_1;x
10415;102;188;12;b_biatol_2;x
10416;102;208;12;b_biatol_4;x
10417;102;218;12;b_biatol_5;x
10418;102;228;12;b_biatol_6;x
10419;102;218;185;b_kabil_5;x
10420;102;178;185;b_kabil_1;x
10421;102;188;185;b_kabil_2;x
10422;102;198;185;b_kabil_3;x
10423;102;208;185;b_kabil_4;x
10424;102;228;185;b_kabil_6;x
10425;102;238;185;b_kabil_7;x
10426;102;208;95;b_poxlom_4;x
10427;102;178;95;b_poxlom_1;x
10428;102;188;95;b_poxlom_2;x
10429;102;198;95;b_poxlom_3;x
10430;102;218;95;b_poxlom_5;x
10431;102;178;175;b_cabaguil_1;x
10432;102;188;175;b_cabaguil_2;x
10433;102;198;175;b_cabaguil_3;x
10434;102;208;175;b_cabaguil_4;x
10435;102;218;175;b_cabaguil_5;x
10436;102;228;175;b_cabaguil_6;x
10437;102;208;105;b_ah_tabai_4;x
10438;102;178;105;b_ah_tabai_1;x
10439;102;188;105;b_ah_tabai_2;x
10440;102;198;105;b_ah_tabai_3;x
10441;102;218;105;b_ah_tabai_5;x
10442;102;228;105;b_ah_tabai_6;x
10443;31;129;79;b_splinters_1;x
10444;31;129;78;b_splinters_2;x
10445;31;129;77;b_splinters_3;x
10446;31;129;76;b_splinters_4;x
10447;31;108;70;b_basilisk_point_1;x
10448;31;118;70;b_basilisk_point_2;x
10449;31;128;70;b_basilisk_point_3;x
10450;31;138;70;b_basilisk_point_4;x
10451;31;148;70;b_basilisk_point_5;x
10452;31;158;70;b_basilisk_point_6;x
10453;31;168;70;b_basilisk_point_7;x
10454;31;178;70;b_bile_point_1;x
10455;31;188;70;b_bile_point_2;x
10456;31;198;70;b_bile_point_3;x
10457;31;208;70;b_bile_point_4;x
10458;31;218;70;b_bile_point_5;x
10459;31;228;70;b_bile_point_6;x
10460;11;228;70;b_sickly_shore_1;x
10461;11;218;70;b_sickly_shore_2;x
10462;11;208;70;b_sickly_shore_3;x
10463;11;198;70;b_sickly_shore_4;x
10464;11;188;70;b_sickly_shore_5;x
10465;11;178;70;b_sickly_shore_6;x
10466;21;178;70;b_beach_of_prey_1;x
10467;21;188;70;b_beach_of_prey_2;x
10468;21;198;70;b_beach_of_prey_3;x
10469;21;208;70;b_beach_of_prey_4;x
10470;21;218;70;b_beach_of_prey_5;x
10471;21;228;70;b_beach_of_prey_6;x
10472;21;238;70;b_beach_of_prey_7;x
10473;41;198;70;b_basilisk_deeps_3;x
10474;41;188;70;b_basilisk_deeps_2;x
10475;41;178;70;b_basilisk_deeps_1;x
10476;41;208;70;b_basilisk_deeps_4;x
10477;41;218;70;b_basilisk_deeps_5;x
10478;41;228;70;b_basilisk_deeps_6;x
10479;41;238;70;b_basilisk_deeps_7;x
10480;51;238;70;b_wasting_cove__1;x
10481;51;228;70;b_wasting_cove__2;x
10482;51;218;70;b_wasting_cove__3;x
10483;51;208;70;b_wasting_cove__4;x
10484;51;198;70;b_wasting_cove__5;x
10485;51;188;70;b_wasting_cove__6;x
10486;61;208;70;b_ilsha_deeps_4;x
10487;61;188;70;b_ilsha_deeps_2;x
10488;61;198;70;b_ilsha_deeps_3;x
10489;61;178;70;b_ilsha_deeps_1;x
10490;61;218;70;b_ilsha_deeps_5;x
10491;61;228;70;b_ilsha_deeps_6;x
10492;61;238;70;b_ilsha_deeps_7;x
10493;51;188;10;b_thilsha_2;x
10494;51;178;10;b_thilsha_1;x
10495;51;198;10;b_thilsha_3;x
10496;51;208;10;b_thilsha_4;x
10497;51;218;10;b_thilsha_5;x
10498;51;228;10;b_thilsha_6;x
10499;51;238;10;b_thilsha_7;x
10500;51;248;10;b_thilsha_8;x
10501;101;228;41;b_huracan_6;x
10502;101;178;41;b_huracan_1;x
10503;101;188;41;b_huracan_2;x
10504;101;198;41;b_huracan_3;x
10505;101;208;41;b_huracan_4;x
10506;101;218;41;b_huracan_5;x
10507;101;238;41;b_huracan_7;x
10508;101;178;191;b_ajtzak_1;x
10509;101;188;191;b_ajtzak_2;x
10510;101;198;191;b_ajtzak_3;x
10511;101;208;191;b_ajtzak_4;x
10512;101;218;191;b_ajtzak_5;x
10513;101;228;191;b_ajtzak_6;x
10514;101;238;191;b_ajtzak_7;x
10515;101;178;51;b_ahulom_1;x
10516;101;188;51;b_ahulom_2;x
10517;101;198;51;b_ahulom_3;x
10518;101;208;51;b_ahulom_4;x
10519;101;218;51;b_ahulom_5;x
10520;101;228;51;b_ahulom_6;x
10521;61;238;160;b_spike_of_wishes_1;x
10522;61;228;160;b_spike_of_wishes_2;x
10523;61;218;160;b_spike_of_wishes_3;x
10524;61;208;160;b_spike_of_wishes_4;x
10525;61;198;160;b_spike_of_wishes_5;x
10526;61;188;160;b_spike_of_wishes_6;x
10527;61;178;160;b_spike_of_wishes_7;x
10528;71;188;70;b_laanas_lance_6;x
10529;71;238;70;b_laanas_lance_1;x
10530;71;228;70;b_laanas_lance_2;x
10531;71;218;70;b_laanas_lance_3;x
10532;71;208;70;b_laanas_lance_4;x
10533;71;198;70;b_laanas_lance_5;x
10534;71;178;70;b_laanas_lance_7;x
10535;51;178;150;b_isku_1;x
10536;51;188;150;b_isku_2;x
10537;51;198;150;b_isku_3;x
10538;51;208;150;b_isku_4;x
10539;51;218;150;b_isku_5;x
10540;51;228;150;b_isku_6;x
10541;51;128;70;b_atsi_1;x
10542;51;138;70;b_atsi_2;x
10543;51;148;70;b_atsi_3;x
10544;51;158;70;b_atsi_4;x
10545;51;168;70;b_atsi_5;x
10546;51;118;70;b_atsi_6;x
10547;61;248;10;b_zamettar_1;x
10548;61;238;10;b_zamettar_2;x
10549;61;228;10;b_zamettar_3;x
10550;61;218;10;b_zamettar_4;x
10551;61;208;10;b_zamettar_5;x
10552;61;198;10;b_zamettar_6;x
10553;61;198;20;b_amelttar_1;x
10554;61;208;20;b_amelttar_2;x
10555;61;218;20;b_amelttar_3;x
10556;61;228;20;b_amelttar_4;x
10557;61;238;20;b_amelttar_5;x
10558;61;248;20;b_amelttar_6;x
10559;61;248;30;b_zhoki_1;x
10560;61;238;30;b_zhoki_2;x
10561;61;228;30;b_zhoki_3;x
10562;61;218;30;b_zhoki_4;x
10563;61;208;30;b_zhoki_5;x
10564;61;198;30;b_zhoki_6;x
10565;101;178;205;b_tecuith_1;x
10566;101;188;205;b_tecuith_2;x
10567;101;198;205;b_tecuith_3;x
10568;101;208;205;b_tecuith_4;x
10569;101;218;205;b_tecuith_5;x
10570;101;228;205;b_tecuith_6;x
10571;101;178;115;b_colel_1;x
10572;101;188;115;b_colel_2;x
10573;101;198;115;b_colel_3;x
10574;101;208;115;b_colel_4;x
10575;101;218;115;b_colel_5;x
10576;101;228;115;b_colel_6;x
10577;101;178;215;b_ahulane_1;x
10578;101;188;215;b_ahulane_2;x
10579;101;198;215;b_ahulane_3;x
10580;101;208;215;b_ahulane_4;x
10581;101;218;215;b_ahulane_5;x
10582;101;228;215;b_ahulane_6;x
10583;61;198;40;b_saurattar_1;x
10584;61;208;40;b_saurattar_2;x
10585;61;218;40;b_saurattar_3;x
10586;61;228;40;b_saurattar_4;x
10587;61;238;40;b_saurattar_5;x
10588;61;248;40;b_saurattar_6;x
10589;61;188;40;b_saurattar_7;x
10590;101;178;75;b_eleuia_1;x
10591;101;188;75;b_eleuia_2;x
10592;101;198;75;b_eleuia_3;x
10593;101;208;75;b_eleuia_4;x
10594;101;218;75;b_eleuia_5;x
10595;101;228;75;b_eleuia_6;x
10596;101;178;175;b_meztli_1;x
10597;101;188;175;b_meztli_2;x
10598;101;198;175;b_meztli_3;x
10599;101;208;175;b_meztli_4;x
10600;101;218;175;b_meztli_5;x
10601;101;228;175;b_meztli_6;x
10602;101;238;175;b_meztli_7;x
10603;101;178;85;b_tohil_1;x
10604;101;188;85;b_tohil_2;x
10605;101;198;85;b_tohil_3;x
10606;101;208;85;b_tohil_4;x
10607;101;218;85;b_tohil_5;x
10608;101;178;125;b_voltan_1;x
10609;101;188;125;b_voltan_2;x
10610;101;198;125;b_voltan_3;x
10611;101;208;125;b_voltan_4;x
10612;101;218;125;b_voltan_5;x
10613;101;228;125;b_voltan_6;x
10614;101;178;225;b_metnal_1;x
10615;101;188;225;b_metnal_2;x
10616;101;198;225;b_metnal_3;x
10617;101;208;225;b_metnal_4;x
10618;101;218;225;b_metnal_5;x
10619;101;178;131;b_balam_1;x
10620;101;188;131;b_balam_2;x
10621;101;198;131;b_balam_3;x
10622;101;208;131;b_balam_4;x
10623;101;218;131;b_balam_5;x
10624;101;228;131;b_balam_6;x
10625;101;178;235;b_hozanek_1;x
10626;101;188;235;b_hozanek_2;x
10627;101;198;235;b_hozanek_3;x
10628;101;208;235;b_hozanek_4;x
10629;101;218;235;b_hozanek_5;x
10630;101;228;235;b_hozanek_6;x
10631;101;178;171;b_zac_kuk_1;x
10632;101;188;171;b_zac_kuk_2;x
10633;101;198;171;b_zac_kuk_3;x
10634;101;208;171;b_zac_kuk_4;x
10635;101;218;171;b_zac_kuk_5;x
10636;101;228;171;b_zac_kuk_6;x
10637;101;178;161;b_nelli_1;x
10638;101;188;161;b_nelli_2;x
10639;101;198;161;b_nelli_3;x
10640;101;208;161;b_nelli_4;x
10641;101;218;161;b_nelli_5;x
10642;101;228;161;b_nelli_6;x
10643;101;238;161;b_nelli_7;x
10644;101;178;181;b_hun_cane_1;x
10645;101;188;181;b_hun_cane_2;x
10646;101;198;181;b_hun_cane_3;x
10647;101;208;181;b_hun_cane_4;x
10648;101;218;181;b_hun_cane_5;x
10649;101;228;181;b_hun_cane_6;x
10650;101;178;245;b_caprakan_1;x
10651;101;188;245;b_caprakan_2;x
10652;101;198;245;b_caprakan_3;x
10653;101;208;245;b_caprakan_4;x
10654;101;218;245;b_caprakan_5;x
10655;101;228;245;b_caprakan_6;x
10656;101;238;245;b_caprakan_7;x
10657;101;178;21;b_zeltzin_1;x
10658;101;188;21;b_zeltzin_2;x
10659;101;198;21;b_zeltzin_3;x
10660;101;208;21;b_zeltzin_4;x
10661;101;218;21;b_zeltzin_5;x
10662;101;228;21;b_zeltzin_6;x
10663;101;178;151;b_usukan_1;x
10664;101;188;151;b_usukan_2;x
10665;101;198;151;b_usukan_3;x
10666;101;208;151;b_usukan_4;x
10667;101;218;151;b_usukan_5;x
10668;101;228;151;b_usukan_6;x
10669;101;188;60;b_green_gate_pass_1;x
10670;101;198;60;b_green_gate_pass_2;x
10671;101;208;60;b_green_gate_pass_3;x
10672;101;218;60;b_green_gate_pass_4;x
10673;101;178;70;b_east_green_gate_1;x
10674;101;188;70;b_east_green_gate_2;x
10675;101;198;70;b_east_green_gate_3;x
10676;101;208;70;b_east_green_gate_4;x
10677;101;178;80;b_west_green_gate_1;x
10678;101;188;80;b_west_green_gate_2;x
10679;101;198;80;b_west_green_gate_3;x
10680;101;208;80;b_west_green_gate_4;x
10681;101;178;90;b_south_green_gate_1;x
10682;101;188;90;b_south_green_gate_2;x
10683;101;198;90;b_south_green_gate_3;x
10684;101;208;90;b_south_green_gate_4;x
10685;101;218;90;b_south_green_gate_5;x
10686;101;228;90;b_south_green_gate_6;x
10687;101;178;100;b_sacnite_1;x
10688;101;188;100;b_sacnite_2;x
10689;101;198;100;b_sacnite_3;x
10690;101;208;100;b_sacnite_4;x
10691;101;218;100;b_sacnite_5;x
10692;101;228;100;b_sacnite_6;x
10693;101;178;110;b_the_wyvern_fields_1;x
10694;101;188;110;b_the_wyvern_fields_2;x
10695;101;198;110;b_the_wyvern_fields_3;x
10696;101;208;110;b_the_wyvern_fields_4;x
10697;101;218;110;b_the_wyvern_fields_5;x
10698;101;228;110;b_the_wyvern_fields_6;x
10699;101;238;110;b_the_wyvern_fields_7;x
10700;101;178;120;b_yun_cimil_1;x
10701;101;188;120;b_yun_cimil_2;x
10702;101;198;120;b_yun_cimil_3;x
10703;101;208;120;b_yun_cimil_4;x
10704;101;218;120;b_yun_cimil_5;x
10705;101;228;120;b_yun_cimil_6;x
10706;101;238;120;b_yun_cimil_7;x
10707;101;178;130;b_ah_ciliz_1;x
10708;101;188;130;b_ah_ciliz_2;x
10709;101;198;130;b_ah_ciliz_3;x
10710;101;208;130;b_ah_ciliz_4;x
10711;101;218;130;b_ah_ciliz_5;x
10712;101;228;130;b_ah_ciliz_6;x
10713;101;178;30;b_och_kan_1;x
10714;101;188;30;b_och_kan_2;x
10715;101;198;30;b_och_kan_3;x
10716;101;208;30;b_och_kan_4;x
10717;101;218;30;b_och_kan_5;x
10718;101;228;30;b_och_kan_6;x
10719;101;178;150;b_kianto_1;x
10720;101;188;150;b_kianto_2;x
10721;101;198;150;b_kianto_3;x
10722;101;208;150;b_kianto_4;x
10723;101;218;150;b_kianto_5;x
10724;101;228;150;b_kianto_6;x
10725;101;178;20;b_yaluka_1;x
10726;101;188;20;b_yaluka_2;x
10727;101;198;20;b_yaluka_3;x
10728;101;208;20;b_yaluka_4;x
10729;101;218;20;b_yaluka_5;x
10730;101;228;20;b_yaluka_6;x
10731;101;178;140;b_zyanya_1;x
10732;101;188;140;b_zyanya_2;x
10733;101;198;140;b_zyanya_3;x
10734;101;208;140;b_zyanya_4;x
10735;101;218;140;b_zyanya_5;x
10736;101;228;140;b_zyanya_6;x
10737;101;178;141;b_ah_kinchil_1;x
10738;101;188;141;b_ah_kinchil_2;x
10739;101;198;141;b_ah_kinchil_3;x
10740;101;208;141;b_ah_kinchil_4;x
10741;101;218;141;b_ah_kinchil_5;x
10742;101;228;141;b_ah_kinchil_6;x
10743;101;238;141;b_ah_kinchil_7;x
10744;101;178;40;b_coszcatl_1;x
10745;101;188;40;b_coszcatl_2;x
10746;101;198;40;b_coszcatl_3;x
10747;101;208;40;b_coszcatl_4;x
10748;101;218;40;b_coszcatl_5;x
10749;230;184;82;b_talon_1;x
10750;108;84;30;b_talon_2;x
10751;134;122;96;b_talon_3;x
10752;164;154;132;b_talon_4;x
10753;104;90;59;b_talon_5;x
10754;233;200;125;b_talon_6;x
10755;167;175;63;b_howling_bay_1;x
10756;203;208;144;b_howling_bay_2;x
10757;76;79;43;b_howling_bay_3;x
10758;118;126;19;b_howling_bay_4;x
10759;181;185;123;b_howling_bay_5;x
10760;94;141;56;b_strait_of_skulls_1;x
10761;135;141;66;b_strait_of_skulls_2;x
10762;60;82;43;b_strait_of_skulls_3;x
10763;124;69;128;b_coast_of_sorrows_1;x
10764;138;113;140;b_coast_of_sorrows_2;x
10765;139;43;147;b_coast_of_sorrows_3;x
10766;218;160;152;b_the_arm_1;x
10767;197;78;62;b_the_arm_2;x
10768;110;87;152;b_wraiths_rest_1;x
10769;92;48;171;b_wraiths_rest_2;x
10770;164;133;218;b_wraiths_rest_3;x
10771;42;25;74;b_wraiths_rest_4;x
10772;194;48;144;b_scoundrels_point_1;x
10773;105;64;91;b_scoundrels_point_2;x
10774;192;82;154;b_scoundrels_point_3;x
10775;49;101;71;b_treasure_island_1;x
10776;23;86;49;b_treasure_island_2;x
10777;61;134;92;b_treasure_island_3;x
10778;197;181;145;b_pirates_haven_1;x
10779;186;70;133;b_isle_of_toads_1;x
10780;109;51;82;b_isle_of_toads_2;x
10781;88;60;94;b_maggot_shore_1;x
10782;142;55;159;b_maggot_shore_2;x
10783;197;152;206;b_maggot_shore_3;x
10784;111;68;119;b_maggot_shore_4;x
10785;198;133;211;b_maggot_shore_5;x
10786;69;123;55;b_death_isle_1;x
10787;104;157;65;b_death_isle_2;x
10788;138;240;184;b_isle_of_flies_1;x
10789;71;162;112;b_isle_of_flies_2;x
10790;91;148;117;b_isle_of_flies_3;x
10791;60;100;78;b_isle_of_flies_4;x
10792;63;29;39;b_serpent_forest_1;x
10793;216;123;151;b_serpent_forest_2;x
10794;105;58;72;b_serpent_forest_3;x
10795;169;87;112;b_serpent_forest_4;x
10796;237;158;181;b_serpent_forest_5;x
10797;167;22;66;b_serpent_forest_6;x
10798;26;77;51;b_isle_of_lice_1;x
10799;73;200;134;b_isle_of_lice_2;x
10800;78;136;106;b_isle_of_lice_3;x
10801;8;89;46;b_isle_of_lice_4;x
10802;54;66;60;b_isle_of_lice_5;x
10803;214;181;95;b_gogossos_1;x
10804;203;189;154;b_gogossos_2;x
10805;157;118;18;b_gogossos_3;x
10806;173;142;66;b_gogossos_4;x
10807;121;106;70;b_gogossos_5;x
10808;122;171;157;b_haunted_reach_1;x
10809;78;150;129;b_haunted_reach_2;x
10810;25;94;74;b_haunted_reach_3;x
10811;48;118;98;b_haunted_reach_4;x
10812;97;228;191;b_haunted_reach_5;x
10813;83;49;104;b_bloody_marsh_1;x
10814;191;151;214;b_bloody_marsh_2;x
10815;147;62;198;b_bloody_marsh_3;x
10816;168;203;128;b_draezar_1;x
10817;85;115;49;b_draezar_2;x
10818;84;74;55;b_bleak_shore_1;x
10819;124;101;57;b_bleak_shore_2;x
10820;82;21;27;b_ax_isle_1;x
10821;214;46;61;b_ax_isle_2;x
10822;134;57;64;b_ax_isle_3;x
10823;75;125;151;b_isle_of_vines_1;x
10824;6;47;69;b_isle_of_vines_2;x
10825;44;90;114;b_isle_of_vines_3;x
10826;212;61;151;b_skull_island_1;x
10827;107;35;78;b_skull_island_2;x
10828;178;118;154;b_skull_island_3;x
10829;131;19;29;b_the_blade_1;x
10830;228;175;180;b_the_blade_2;x
10831;150;103;108;b_the_blade_3;x
10832;226;147;201;b_the_handle_1;x
10833;67;36;57;b_the_handle_2;x
10834;194;36;145;b_the_handle_3;x
10835;203;76;163;b_the_handle_4;x
10836;102;178;11;b_gorosh_1;x
10837;102;188;11;b_gorosh_2;x
10838;102;198;11;b_gorosh_3;x
10839;102;208;11;b_gorosh_4;x
10840;102;188;21;b_aft_gorosh_2;x
10841;102;178;21;b_aft_gorosh_1;x
10842;102;198;21;b_aft_gorosh_3;x
10843;102;208;21;b_aft_gorosh_4;x
10844;102;218;21;b_aft_gorosh_5;x
10845;102;178;31;b_arl_gorosh_1;x
10846;102;188;31;b_arl_gorosh_2;x
10847;102;198;31;b_arl_gorosh_3;x
10848;102;208;31;b_arl_gorosh_4;x
10849;102;218;31;b_arl_gorosh_5;x
10850;102;228;31;b_arl_gorosh_6;x
10851;102;178;41;b_sor_gorosh_1;x
10852;102;188;41;b_sor_gorosh_2;x
10853;102;198;41;b_sor_gorosh_3;x
10854;102;208;41;b_sor_gorosh_4;x
10855;102;218;41;b_sor_gorosh_5;x
10856;102;228;41;b_sor_gorosh_6;x
10857;102;238;41;b_sor_gorosh_7;x
10858;102;248;41;b_sor_gorosh_8;x
10859;102;218;225;b_kahiwi_1;x
10860;102;228;225;b_kahiwi_2;x
10861;102;238;225;b_kahiwi_3;x
10862;102;188;245;b_kahiwi_4;x
10863;102;198;245;b_kahiwi_5;x
10864;102;178;245;b_kaupekapeka_1;x
10865;102;208;245;b_kaupekapeka_2;x
10866;102;218;245;b_kaupekapeka_3;x
10867;102;228;245;b_kaupekapeka_4;x
10868;102;238;245;b_kaupekapeka_5;x
10869;102;178;225;b_monoku_1;x
10870;102;188;225;b_monoku_2;x
10871;102;198;225;b_monoku_3;x
10872;102;208;225;b_monoku_4;x
10873;102;178;235;b_wormwater_1;x
10874;102;198;235;b_wormwater_2;x
10875;102;208;235;b_wormwater_3;x
10876;102;218;235;b_wormwater_4;x
10877;102;228;235;b_wormwater_5;x
10878;102;238;235;b_wormwater_6;x
10879;102;198;55;b_leechbrook_3;x
10880;102;178;55;b_leechbrook_1;x
10881;102;188;55;b_leechbrook_2;x
10882;102;208;55;b_leechbrook_4;x
10883;102;218;55;b_leechbrook_5;x
10884;102;228;55;b_leechbrook_6;x
10885;102;178;45;b_pekanga_1;x
10886;102;188;45;b_pekanga_2;x
10887;102;198;45;b_pekanga_3;x
10888;102;208;45;b_pekanga_4;x
10889;102;218;45;b_pekanga_5;x
10890;102;228;45;b_pekanga_6;x
10891;102;238;45;b_pekanga_7;x
10892;102;178;255;b_flogg_1;x
10893;102;188;255;b_flogg_2;x
10894;102;198;255;b_flogg_3;x
10895;102;208;255;b_flogg_4;x
10896;102;218;255;b_flogg_5;x
10897;102;228;255;b_flogg_6;x
10898;102;178;35;b_kelpest_1;x
10899;102;188;35;b_kelpest_2;x
10900;102;198;35;b_kelpest_3;x
10901;102;208;35;b_kelpest_4;x
10902;102;218;35;b_kelpest_5;x
10903;102;228;35;b_kelpest_6;x
10904;102;208;25;b_mohito_4;x
10905;102;178;25;b_mohito_1;x
10906;102;188;25;b_mohito_2;x
10907;102;198;25;b_mohito_3;x
10908;102;218;25;b_mohito_5;x
10909;102;228;25;b_mohito_6;x
10910;102;188;221;b_puheke_2;x
10911;102;178;221;b_puheke_1;x
10912;102;198;221;b_puheke_3;x
10913;102;188;91;b_maringi_2;x
10914;102;178;91;b_maringi_1;x
10915;102;198;91;b_maringi_3;x
10916;102;208;91;b_maringi_4;x
10917;102;218;91;b_maringi_5;x
10918;102;178;201;b_urutapu_1;x
10919;102;188;201;b_urutapu_2;x
10920;102;198;201;b_urutapu_3;x
10921;102;208;201;b_urutapu_4;x
10922;102;218;201;b_urutapu_5;x
10923;102;218;211;b_mutunga_kore_5;x
10924;102;178;211;b_mutunga_kore_1;x
10925;102;188;211;b_mutunga_kore_2;x
10926;102;198;211;b_mutunga_kore_3;x
10927;102;208;211;b_mutunga_kore_4;x
10928;102;228;211;b_mutunga_kore_6;x
10929;102;238;211;b_mutunga_kore_7;x
10930;102;188;51;b_shore_of_thralls_2;x
10931;102;178;51;b_shore_of_thralls_1;x
10932;102;198;51;b_shore_of_thralls_3;x
10933;102;208;51;b_shore_of_thralls_4;x
10934;102;218;51;b_shore_of_thralls_5;x
10935;102;188;251;b_tuteiara_2;x
10936;102;178;251;b_tuteiara_1;x
10937;102;198;251;b_tuteiara_3;x
10938;102;208;251;b_tuteiara_4;x
10939;102;218;251;b_tuteiara_5;x
10940;102;228;251;b_tuteiara_6;x
10941;102;198;61;b_shore_of_tyrants_3;x
10942;102;178;61;b_shore_of_tyrants_1;x
10943;102;188;61;b_shore_of_tyrants_2;x
10944;102;208;61;b_shore_of_tyrants_4;x
10945;102;218;61;b_shore_of_tyrants_5;x
10946;102;178;241;b_wyverns_claw_1;x
10947;102;188;241;b_wyverns_claw_2;x
10948;102;198;241;b_wyverns_claw_3;x
10949;102;208;241;b_wyverns_claw_4;x
10950;102;218;241;b_wyverns_claw_5;x
10951;102;178;71;b_tirewa_1;x
10952;102;188;71;b_tirewa_2;x
10953;102;198;71;b_tirewa_3;x
10954;102;208;71;b_tirewa_4;x
10955;102;218;71;b_tirewa_5;x
10956;102;178;231;b_lesser_claw_1;x
10957;102;188;231;b_lesser_claw_2;x
10958;102;198;231;b_lesser_claw_3;x
10959;102;208;231;b_lesser_claw_4;x
10960;102;218;231;b_lesser_claw_5;x
10961;102;178;191;b_gimlet_1;x
10962;102;188;191;b_gimlet_2;x
10963;102;198;191;b_gimlet_3;x
10964;102;208;191;b_gimlet_4;x
10965;102;218;191;b_gimlet_5;x
10966;102;228;191;b_gimlet_6;x
10967;102;208;81;b_putanga_4;x
10968;102;178;81;b_putanga_1;x
10969;102;188;81;b_putanga_2;x
10970;102;198;81;b_putanga_3;x
10971;102;218;81;b_putanga_5;x
10972;102;228;81;b_putanga_6;x
10973;102;208;121;b_haemanga_4;x
10974;102;178;121;b_haemanga_1;x
10975;102;188;121;b_haemanga_2;x
10976;102;198;121;b_haemanga_3;x
10977;102;218;121;b_haemanga_5;x
10978;102;228;121;b_haemanga_6;x
10979;102;238;121;b_haemanga_7;x
10980;102;178;111;b_pukepuke_1;x
10981;102;188;111;b_pukepuke_2;x
10982;102;198;111;b_pukepuke_3;x
10983;102;208;111;b_pukepuke_4;x
10984;102;218;111;b_pukepuke_5;x
10985;102;228;111;b_pukepuke_6;x
10986;102;238;111;b_pukepuke_7;x
10987;102;178;101;b_maunga_1;x
10988;102;208;141;b_atete_4;x
10989;102;178;141;b_atete_1;x
10990;102;188;141;b_atete_2;x
10991;102;198;141;b_atete_3;x
10992;102;218;141;b_atete_5;x
10993;102;228;141;b_atete_6;x
10994;102;238;141;b_atete_7;x
10995;102;188;161;b_karapoti_2;x
10996;102;178;161;b_karapoti_1;x
10997;102;198;161;b_karapoti_3;x
10998;102;208;161;b_karapoti_4;x
10999;102;218;161;b_karapoti_5;x
11000;102;228;161;b_karapoti_6;x
11001;102;238;161;b_karapoti_7;x
11002;102;218;171;b_horopaki_5;x
11003;102;178;171;b_horopaki_1;x
11004;102;188;171;b_horopaki_2;x
11005;102;198;171;b_horopaki_3;x
11006;102;208;171;b_horopaki_4;x
11007;102;228;171;b_horopaki_6;x
11008;102;248;15;b_serpents_rift_8;x
11009;102;178;15;b_serpents_rift_1;x
11010;102;188;15;b_serpents_rift_2;x
11011;102;198;15;b_serpents_rift_3;x
11012;102;208;15;b_serpents_rift_4;x
11013;102;218;15;b_serpents_rift_5;x
11014;102;228;15;b_serpents_rift_6;x
11015;102;238;15;b_serpents_rift_7;x
11016;102;178;151;b_makini_1;x
11017;102;188;151;b_makini_2;x
11018;102;198;151;b_makini_3;x
11019;102;208;151;b_makini_4;x
11020;102;218;151;b_makini_5;x
11021;102;228;151;b_makini_6;x
11022;102;238;151;b_makini_7;x
11023;102;198;181;b_beach_betrayal_3;x
11024;102;178;181;b_beach_betrayal_1;x
11025;102;188;181;b_beach_betrayal_2;x
11026;102;208;181;b_beach_betrayal_4;x
11027;102;218;181;b_beach_betrayal_5;x
11028;102;228;181;b_beach_betrayal_6;x
11029;102;238;181;b_beach_betrayal_7;x
11030;102;178;131;b_koakawa_1;x
11031;102;188;131;b_koakawa_2;x
11032;102;198;131;b_koakawa_3;x
11033;102;208;131;b_koakawa_4;x
11034;102;218;131;b_koakawa_5;x
11035;102;228;131;b_koakawa_6;x
11036;214;85;85;b_aquos_dhaen_1;x
11037;107;33;33;b_aquos_dhaen_2;x
11038;145;104;104;b_aquos_dhaen_3;x
11039;157;52;52;b_aquos_dhaen_4;x
11040;240;60;60;b_aquos_dhaen_5;x
11041;204;121;121;b_aquos_dhaen_6;x
11042;231;178;178;b_aquos_dhaen_7;x
11043;113;74;74;b_aquos_dhaen_8;x
11044;255;12;12;b_qrinibroz_1;x
11045;213;116;116;b_qrinibroz_2;x
11046;221;173;173;b_qrinibroz_3;x
11047;235;165;230;b_ruklonos_1;x
11048;185;101;179;b_ruklonos_2;x
11049;216;62;204;b_ruklonos_3;x
11050;202;0;187;b_ruklonos_4;x
11051;96;50;93;b_ruklonos_5;x
11052;232;145;226;b_ruklonos_6;x
11053;132;78;128;b_ruklonos_7;x
11054;228;78;208;b_ruklonos_8;x
11055;167;33;33;b_valyria_5;x
11056;184;46;46;b_valyria_1;x
11057;233;92;92;b_valyria_2;x
11058;221;157;157;b_valyria_3;x
11059;146;98;98;b_valyria_4;x
11060;128;52;52;b_valyria_6;x
11061;231;51;51;b_valyria_7;x
11062;171;156;156;b_valyria_8;x
11063;237;168;97;b_iedradrys_1;x
11064;240;203;164;b_iedradrys_2;x
11065;175;132;87;b_iedradrys_3;x
11066;164;98;31;b_iedradrys_4;x
11067;103;74;45;b_iedradrys_5;x
11068;26;186;50;b_hills_of_nolos_1;x
11069;103;223;121;b_hills_of_nolos_2;x
11070;30;155;49;b_hills_of_nolos_3;x
11071;103;26;81;b_molrys_1;x
11072;162;89;142;b_molrys_2;x
11073;169;101;149;b_molrys_3;x
11074;232;30;175;b_molrys_4;x
11075;212;185;204;b_molrys_5;x
11076;194;152;82;b_dragonfields_1;x
11077;221;198;159;b_dragonfields_2;x
11078;255;225;175;b_dragonfields_3;x
11079;131;115;89;b_dragonfields_4;x
11080;152;116;54;b_dragonfields_5;x
11081;241;160;24;b_dragonfields_6;x
11082;94;166;81;b_tyria_1;x
11083;43;108;32;b_tyria_2;x
11084;115;199;100;b_tyria_3;x
11085;171;113;178;b_blenon_way_1;x
11086;223;99;237;b_blenon_way_2;x
11087;215;118;226;b_blenon_way_3;x
11088;118;51;126;b_blenon_way_4;x
11089;231;29;255;b_blenon_way_5;x
11090;128;36;138;b_blenon_way_6;x
11091;234;187;240;b_blenon_way_7;x
11092;186;98;197;b_blenon_way_8;x
11093;189;128;197;b_blenon_way_9;x
11094;208;88;222;b_blenon_way_10;x
11095;136;41;147;b_blenon_way_11;x
11096;188;63;63;b_tikunemio_1;x
11097;131;33;33;b_tikunemio_2;x
11098;211;83;83;b_tikunemio_3;x
11099;94;54;202;b_tikunemio_4;x
11100;67;53;25;b_jarqanor_1;x
11101;132;99;43;b_jarqanor_2;x
11102;213;218;97;b_ilvonys_1;x
11103;151;156;41;b_ilvonys_2;x
11104;103;105;64;b_ilvonys_3;x
11105;173;178;82;b_ilvonys_4;x
11106;207;217;122;b_dromon_hill_1;x
11107;169;183;49;b_dromon_hill_2;x
11108;203;212;129;b_gelios_1;x
11109;157;168;72;b_gelios_2;x
11110;160;162;134;b_gelios_3;x
11111;139;145;86;b_gelios_4;x
11112;91;100;15;b_gelios_5;x
11113;186;207;12;b_bane_coast;x
11114;227;233;169;b_urnebyria;x
11115;91;32;32;b_zorbazion_1;x
11116;175;33;33;b_zorbazion_2;x
11117;208;222;86;b_egrys_1;x
11118;188;192;153;b_egrys_2;x
11119;204;221;53;b_egrys_3;x
11120;139;143;105;b_egrys_4;x
11121;175;175;118;b_elenar_isle_1;x
11122;100;100;48;b_elenar_isle_2;x
11123;166;166;118;b_elenar_isle_3;x
11124;173;173;34;b_pyrys_1;x
11125;171;171;125;b_pyrys_2;x
11126;98;98;25;b_pyrys_3;x
11127;173;173;93;b_pyrys_4;x
11128;176;176;38;b_pyrys_5;x
11129;216;216;48;b_pyrys_6;x
11130;199;219;19;b_bianoros_1;x
11131;167;174;114;b_bianoros_2;x
11132;150;160;62;b_bianoros_3;x
11133;154;149;93;b_urnes_shore_1;x
11134;197;189;91;b_urnes_shore_2;x
11135;146;140;67;b_nuqiria_1;x
11136;164;160;121;b_nuqiria_2;x
11137;211;200;73;b_nuqiria_3;x
11138;199;117;227;b_mhysa_faer_1;x
11139;129;72;148;b_mhysa_faer_2;x
11140;170;48;212;b_mhysa_faer_3;x
11141;135;104;146;b_mhysa_faer_4;x
11142;174;93;202;b_mhysa_faer_5;x
11143;201;153;217;b_mhysa_faer_6;x
11144;197;66;241;b_mhysa_faer_7;x
11145;152;55;55;b_port_vaedar_1;x
11146;217;115;115;b_port_vaedar_2;x
11147;184;41;41;b_port_vaedar_3;x
11148;96;37;37;b_port_vaedar_4;x
11149;212;48;48;b_port_vaedar_5;x
11150;48;175;113;b_raqiros_1;x
11151;119;225;173;b_raqiros_2;x
11152;68;126;15;b_kastaryia_4;x
11153;134;200;74;b_kastaryia_1;x
11154;108;150;69;b_kastaryia_2;x
11155;129;175;87;b_kastaryia_3;x
11156;131;56;160;b_port_of_sighs_1;x
11157;141;7;194;b_port_of_sighs_2;x
11158;144;93;164;b_port_of_sighs_3;x
11159;94;28;121;b_port_of_sighs_4;x
11160;201;85;247;b_port_of_sighs_5;x
11161;184;117;211;b_port_of_sighs_6;x
11162;102;55;121;b_port_of_sighs_7;x
11163;147;4;145;b_xalvorin_1;x
11164;194;142;193;b_xalvorin_2;x
11165;203;110;202;b_xalvorin_3;x
11166;178;48;176;b_xalvorin_4;x
11167;155;146;74;b_rholvath_1;x
11168;127;125;8;b_rholvath_2;x
11169;110;100;16;b_rholvath_3;x
11170;126;120;77;b_rholvath_4;x
11171;178;172;125;b_rholvath_5;x
11172;132;120;17;b_rholvath_6;x
11173;133;87;98;b_iseralis_1;x
11174;127;24;48;b_iseralis_2;x
11175;109;24;44;b_iseralis_3;x
11176;209;79;110;b_iseralis_4;x
11177;214;47;87;b_iseralis_5;x
11178;219;159;174;b_iseralis_6;x
11179;104;53;65;b_iseralis_7;x
11180;207;111;134;b_iseralis_8;x
11181;47;141;95;b_syrenthis_1;x
11182;63;129;97;b_syrenthis_2;x
11183;19;115;68;b_syrenthis_3;x
11184;49;190;120;b_syrenthis_4;x
11185;81;129;129;b_zoglos_1;x
11186;50;198;200;b_zoglos_2;x
11187;33;144;146;b_zoglos_3;x
11188;47;174;176;b_zoglos_4;x
11189;58;111;112;b_zoglos_5;x
11190;7;109;110;b_zoglos_6;x
11191;169;77;206;b_cyrgothis_1;x
11192;152;77;181;b_cyrgothis_2;x
11193;86;19;113;b_cyrgothis_3;x
11194;93;64;105;b_cyrgothis_4;x
11195;191;147;208;b_cyrgothis_5;x
11196;62;176;65;b_tarnothar_1;x
11197;13;159;17;b_tarnothar_2;x
11198;54;103;57;b_vaekhra_1;x
11199;65;80;66;b_vaekhra_2;x
11200;64;178;71;b_vaekhra_3;x
11201;242;26;73;b_howling_bogs;x
11202;240;26;72;b_howling_bogs1;x
11203;238;26;71;b_howling_bogs2;x
11204;236;26;70;b_howling_bogs3;x
11205;234;26;69;b_howling_bogs4;x
11206;216;26;60;b_howling_bogs13;x
11207;214;26;59;b_howling_bogs14;x
11208;212;26;58;b_howling_bogs15;x
11209;208;26;56;b_howling_bogs17;x
11210;206;26;55;b_howling_bogs18;x
11211;230;26;67;b_howling_bogs6;x
11212;232;26;68;b_howling_bogs5;x
11213;228;26;66;b_howling_bogs7;x
11214;226;26;65;b_howling_bogs8;x
11215;224;26;64;b_howling_bogs9;x
11216;222;26;63;b_howling_bogs10;x
11217;220;26;62;b_howling_bogs11;x
11218;218;26;61;b_howling_bogs12;x
11219;210;26;57;b_howling_bogs16;x
11220;119;19;19;b_tirvalis_1;x
11221;181;63;63;b_tirvalis_2;x
11222;141;72;72;b_tirvalis_3;x
11223;242;89;89;b_tirvalis_4;x
11224;104;36;36;b_tirvalis_5;x
11225;198;42;42;b_tirvalis_6;x
11226;209;105;105;b_tirvalis_7;x
11227;140;39;39;b_tirvalis_8;x
11228;173;68;214;b_vharomar_1;x
11229;137;72;162;b_vharomar_2;x
11230;206;88;172;b_vharomar_3;x
11231;114;28;90;b_vharomar_4;x
11232;164;74;138;b_vharomar_5;x
11233;31;163;208;b_jaedys_1;x
11234;25;121;154;b_jaedys_2;x
11235;57;100;119;b_jaedys_3;x
11236;83;168;197;b_jaedys_4;x
11237;14;113;31;b_rhaegonath_1;x
11238;97;203;116;b_rhaegonath_2;x
11239;53;194;79;b_rhaegonath_3;x
11240;77;128;86;b_rhaegonath_4;x
11241;76;138;87;b_rhaegonath_5;x
11242;56;151;73;b_rhaegonath_6;x
11243;25;68;105;b_tyrmora_1;x
11244;48;107;159;b_tyrmora_2;x
11245;138;178;212;b_tyrmora_3;x
11246;51;134;206;b_tyrmora_4;x
11247;221;148;148;b_oreos_1;x
11248;137;35;35;b_oreos_2;x
11249;115;65;65;b_oreos_3;x
11250;240;105;105;b_oreos_4;x
11251;178;57;57;b_oreos_5;x
11252;155;28;28;b_oreos_6;x
11253;189;74;74;b_oreos_7;x
11254;147;144;170;b_mentis_1;x
11255;41;23;180;b_mentis_2;x
11256;67;52;180;b_mentis_3;x
11257;172;162;244;b_mentis_4;x
11258;76;70;121;b_mentis_5;x
11259;83;113;68;b_illysara_1;x
11260;83;173;39;b_illysara_2;x
11261;123;190;91;b_illysara_3;x
11262;33;80;11;b_illysara_4;x
11263;79;137;51;b_illysara_5;x
11264;148;142;109;b_seyrith_1;x
11265;250;228;121;b_seyrith_2;x
11266;218;190;51;b_seyrith_3;x
11267;127;108;13;b_seyrith_4;x
11268;195;186;140;b_seyrith_5;x
11269;160;143;56;b_seyrith_6;x
11270;218;196;83;b_seyrith_7;x
11271;140;11;160;b_ghalvanor_1;x
11272;106;27;118;b_ghalvanor_2;x
11273;189;118;200;b_ghalvanor_3;x
11274;152;46;169;b_ghalvanor_4;x
11275;140;79;150;b_ghalvanor_5;x
11276;156;57;171;b_ghalvanor_6;x
11277;101;61;61;b_dravathor_1;x
11278;173;58;58;b_dravathor_2;x
11279;199;99;99;b_dravathor_3;x
11280;128;44;44;b_dravathor_4;x
11281;146;14;14;b_dravathor_5;x
11282;173;78;78;b_dravathor_6;x
11283;137;37;37;b_dravathor_7;x
11284;190;49;49;b_dravathor_8;x
11285;95;31;31;b_oros_1;x
11286;85;52;52;b_oros_2;x
11287;72;17;17;b_oros_3;x
11288;63;28;28;b_oros_4;x
11289;58;41;41;b_oros_5;x
11290;174;46;189;b_kostozmar_1;x
11291;207;128;217;b_kostozmar_2;x
11292;144;70;152;b_kostozmar_3;x
11293;188;180;87;b_kostozmar_4;x
11294;131;127;78;b_kostozmar_5;x
11295;186;179;90;b_kostozmar_6;x
11296;200;124;124;b_lerzys_1;x
11297;185;137;137;b_lerzys_2;x
11298;138;81;81;b_lerzys_3;x
11299;143;113;113;b_lerzys_4;x
11300;241;83;83;b_lerzys_5;x
11301;134;53;53;b_lerzys_6;x
11302;192;94;94;b_lerzys_7;x
11303;151;21;21;b_lerzys_8;x
11304;32;131;159;b_endiha_1;x
11305;75;187;219;b_endiha_2;x
11306;105;204;231;b_endiha_3;x
11307;86;217;255;b_sombazbion_1;x
11308;19;121;151;b_sombazbion_2;x
11309;0;67;86;b_sombazbion_3;x
11310;97;137;148;b_sombazbion_4;x
11311;199;235;245;b_sombazbion_5;x
11312;46;158;189;b_sombazbion_6;x
11313;146;36;36;b_daervos_1;x
11314;241;49;49;b_daervos_2;x
11315;236;116;116;b_daervos_3;x
11316;194;106;106;b_daervos_4;x
11317;241;81;81;b_daervos_5;x
11318;179;16;16;b_daervos_6;x
11319;228;106;106;b_daervos_7;x
11320;192;59;59;b_daervos_8;x
11321;84;50;50;b_daervos_9;x
11322;189;58;58;b_daervos_10;x
11323;200;81;81;b_daervos_11;x
11324;101;38;38;b_tarval_1;x
11325;197;125;125;b_tarval_2;x
11326;180;29;29;b_tarval_3;x
11327;227;66;66;b_tarval_4;x
11328;101;30;30;b_tarval_5;x
11329;181;34;34;b_kheros_1;x
11330;175;112;112;b_kheros_2;x
11331;154;63;63;b_kheros_3;x
11332;202;72;72;b_kheros_4;x
11333;200;36;36;b_kheros_5;x
11334;178;155;155;b_kheros_6;x
11335;75;186;55;b_jelmazmar_1;x
11336;112;179;101;b_jelmazmar_2;x
11337;73;98;68;b_jelmazmar_3;x
11338;33;148;13;b_jelmazmar_4;x
11339;69;152;54;b_jelmazmar_5;x
11340;70;128;59;b_jelmazmar_6;x
11341;218;207;67;b_rizmor_1;x
11342;154;156;112;b_rizmor_2;x
11343;219;215;165;b_rizmor_3;x
11344;129;126;86;b_rizmor_4;x
11345;59;111;155;b_rizmor_5;x
11346;21;65;103;b_rizmor_6;x
11347;217;79;79;b_zegrys_1;x
11348;127;33;33;b_zegrys_2;x
11349;151;46;46;b_port_orbar_1;x
11350;244;157;157;b_port_orbar_2;x
11351;222;80;80;b_port_orbar_3;x
11352;197;98;98;b_port_orbar_4;x
11353;176;49;49;b_port_orbar_5;x
11354;176;101;101;b_port_orbar_6;x
11355;150;139;232;b_vulker_1;x
11356;99;86;189;b_vulker_2;x
11357;72;63;142;b_vulker_3;x
11358;97;80;221;b_vulker_4;x
11359;120;110;190;b_vulker_5;x
11360;194;126;207;b_rhyos_1;x
11361;193;73;217;b_rhyos_2;x
11362;123;65;134;b_rhyos_3;x
11363;205;141;217;b_rhyos_4;x
11364;144;68;159;b_rhyos_5;x
11365;116;88;122;b_rhyos_6;x
11366;82;79;85;b_old_volantis;x
11367;74;76;75;b_volantis;x
11368;78;66;82;b_fishermongers_square;x
11369;82;58;70;b_western_waterfront;x
11370;82;89;78;b_eastern_waterfront;x
11371;97;78;89;b_black_dragon_square;x
11372;86;91;89;b_the_great_plaza;x
11373;72;95;90;b_elephants_gate;x
11374;78;89;93;b_temple_of_the_lord_of_light;x
11375;70;85;66;b_henuzobrie;x
11376;82;78;78;b_dorosinkon;x
11377;71;91;84;b_qajal;x
11378;58;78;70;b_arlior_geron;x
11379;69;89;72;b_ygdarys;x
11380;64;84;69;b_drozylos;x
11381;59;86;65;b_qeldivilinion;x
11382;54;83;61;b_vermyarys;x
11383;43;85;82;b_ulumharys;x
11384;65;81;74;b_qelbarys;x
11385;68;85;79;b_ragaerys;x
11386;72;91;82;b_embenzar;x
11387;65;84;77;b_gerali;x
11388;77;87;85;b_malmaeron;x
11389;68;91;82;b_rystana;x
11390;77;93;78;b_elyavar;x
11391;82;98;74;b_ilvion;x
11392;78;104;94;b_narys;x
11393;71;94;100;b_virelion;x
11394;89;107;64;b_hemarhaeon;x
11395;87;101;71;b_ulenviri;x
11396;92;105;69;b_rhesynia;x
11397;83;104;59;b_neraemanys;x
11398;76;100;53;b_veredys;x
11399;71;93;50;b_mydaris;x
11400;31;129;80;b_maeza;x
11401;78;48;60;b_little_valyria;x
11402;76;68;87;b_drake_port;x
11403;79;64;91;b_wyvarhun;x
11404;83;60;87;b_shrykelios;x
11405;84;52;57;b_ankaryos;x
11406;73;45;65;b_embrysis;x
11407;86;55;83;b_morghos;x
11408;89;53;78;b_telerax;x
11409;91;48;76;b_pyramerys;x
11410;89;44;71;b_ynaryon;x
11411;93;42;67;b_ultyrios;x
11412;88;47;62;b_gelynyuzes;x
11413;47;47;78;b_zalmyzkes;x
11414;53;51;75;b_embamves;x
11415;58;55;70;b_tolmiryo;x
11416;63;58;67;b_naqa_egros;x
11417;67;53;71;b_eltyryen;x
11418;70;50;76;b_edruremio;x
11419;73;47;81;b_azantyria;x
11420;74;56;84;b_maegarys;x
11421;78;74;113;b_vasyugys;x
11422;81;79;115;b_vhassos;x
11423;76;83;108;b_malqaerys;x
11424;81;86;104;b_jelmonegalry;x
11425;84;82;98;b_grevenkar;x
11426;74;78;51;b_sar_mell;x
11427;78;75;55;b_melanoy;x
11428;81;82;57;b_arban;x
11429;83;90;72;b_gamrhuy;x
11430;80;94;75;b_lhoynuo;x
11431;78;95;64;b_thosaerys;x
11432;89;86;66;b_mestoy;x
11433;83;98;71;b_akulhnya;x
11434;84;78;63;b_ankolia;x
11435;89;75;65;b_nestyr;x
11436;93;77;70;b_nessan;x
11437;83;92;64;b_tomulbar;x
11438;81;95;68;b_skara;x
11439;82;86;52;b_ar_voleys;x
11440;85;82;50;b_aldurus;x
11441;88;80;53;b_gobis;x
11442;90;83;57;b_tulankha;x
11443;87;86;59;b_ulayan;x
11444;85;89;62;b_venneha;x
11445;62;63;55;b_selhorys;x
11446;65;61;60;b_novagyrios;x
11447;68;59;63;b_nyssos;x
11448;70;56;65;b_dovalgaer;x
11449;67;60;69;b_melarys;x
11450;63;63;72;b_uluzys;x
11451;67;61;69;b_menyryia;x
11452;74;58;58;b_barzarios;x
11453;66;58;55;b_tarendelys;x
11454;68;59;52;b_kunelion;x
11455;70;56;57;b_emporys;x
11456;71;51;61;b_henkarion;x
11457;66;67;58;b_selhoru;x
11458;69;69;60;b_selhoru1;x
11459;72;66;63;b_selhoru2;x
11460;70;63;66;b_selhoru3;x
11461;68;60;69;b_selhoru4;x
11462;65;57;71;b_selhoru5;x
11463;67;54;68;b_selhoru6;x
11464;64;56;65;b_selhoru7;x
11465;63;56;65;b_selhoru8;x
11466;59;64;57;b_selhoru9;x
11467;57;65;54;b_selhoru10;x
11468;52;57;36;b_selhoru18;x
11469;54;66;52;b_selhoru11;x
11470;55;63;50;b_selhoru12;x
11471;52;61;48;b_selhoru13;x
11472;54;59;45;b_selhoru14;x
11473;52;56;41;b_selhoru15;x
11474;53;57;39;b_selhoru16;x
11475;54;55;38;b_selhoru17;x
11476;54;56;35;b_selhoru19;x
11477;60;54;35;b_selhoru23;x
11478;55;56;34;b_selhoru20;x
11479;58;56;33;b_selhoru21;x
11480;59;55;34;b_selhoru22;x
11481;61;55;37;b_selhoru24;x
11482;62;57;38;b_selhoru25;x
11483;62;61;35;b_selhoru31;x
11484;61;58;39;b_selhoru26;x
11485;60;59;40;b_selhoru27;x
11486;61;60;38;b_selhoru28;x
11487;62;60;37;b_selhoru29;x
11488;63;59;36;b_selhoru30;x
11489;61;63;34;b_selhoru32;x
11490;62;64;33;b_selhoru33;x
11491;63;65;32;b_selhoru34;x
11492;65;63;31;b_selhoru35;x
11493;67;65;32;b_selhoru36;x
11494;67;72;54;b_death_swamps;x
11495;65;74;53;b_death_swamps1;x
11496;66;72;52;b_death_swamps2;x
11497;64;73;50;b_death_swamps3;x
11498;63;74;51;b_death_swamps4;x
11499;62;75;49;b_death_swamps5;x
11500;61;76;48;b_death_swamps6;x
11501;61;77;46;b_death_swamps8;x
11502;62;77;45;b_death_swamps9;x
11503;63;78;46;b_death_swamps10;x
11504;64;78;47;b_death_swamps11;x
11505;78;88;57;b_death_swamps43;x
11506;78;88;58;b_death_swamps44;x
11507;78;89;58;b_death_swamps45;x
11508;79;89;58;b_death_swamps46;x
11509;74;84;54;b_death_swamps32;x
11510;74;84;53;b_death_swamps31;x
11511;74;85;54;b_death_swamps33;x
11512;75;85;54;b_death_swamps34;x
11513;75;85;55;b_death_swamps35;x
11514;75;86;55;b_death_swamps36;x
11515;81;92;61;b_death_swamps54;x
11516;77;88;57;b_death_swamps42;x
11517;79;89;59;b_death_swamps47;x
11518;79;90;59;b_death_swamps48;x
11519;80;90;59;b_death_swamps49;x
11520;80;90;60;b_death_swamps50;x
11521;82;92;61;b_death_swamps55;x
11522;82;92;62;b_death_swamps56;x
11523;81;91;61;b_death_swamps53;x
11524;80;91;60;b_death_swamps51;x
11525;81;91;60;b_death_swamps52;x
11526;76;86;55;b_death_swamps37;x
11527;76;86;56;b_death_swamps38;x
11528;73;84;53;b_death_swamps30;x
11529;76;87;56;b_death_swamps39;x
11530;77;87;56;b_death_swamps40;x
11531;77;87;57;b_death_swamps41;x
11532;66;79;48;b_death_swamps13;x
11533;67;79;48;b_death_swamps14;x
11534;67;80;48;b_death_swamps15;x
11535;67;80;49;b_death_swamps16;x
11536;68;80;49;b_death_swamps17;x
11537;72;82;51;b_death_swamps25;x
11538;72;82;52;b_death_swamps26;x
11539;72;83;52;b_death_swamps27;x
11540;73;83;52;b_death_swamps28;x
11541;73;83;53;b_death_swamps29;x
11542;61;65;52;b_volaena;x
11543;58;63;51;b_volaena1;x
11544;55;62;50;b_volaena2;x
11545;52;60;49;b_volaena3;x
11546;49;58;48;b_volaena4;x
11547;46;56;47;b_volaena5;x
11548;47;56;47;b_volaena6;x
11549;47;57;47;b_volaena7;x
11550;47;57;48;b_volaena8;x
11551;48;57;48;b_volaena9;x
11552;48;58;48;b_volaena10;x
11553;50;60;51;b_volaena17;x
11554;48;58;49;b_volaena11;x
11555;49;58;49;b_volaena12;x
11556;49;59;49;b_volaena13;x
11557;49;59;50;b_volaena14;x
11558;50;59;50;b_volaena15;x
11559;50;60;50;b_volaena16;x
11560;51;60;51;b_volaena18;x
11561;51;61;51;b_volaena19;x
11562;51;61;52;b_volaena20;x
11563;52;61;52;b_volaena21;x
11564;53;63;53;b_volaena25;x
11565;55;64;55;b_volaena30;x
11566;52;62;52;b_volaena22;x
11567;52;62;53;b_volaena23;x
11568;53;62;53;b_volaena24;x
11569;53;63;54;b_volaena26;x
11570;54;63;54;b_volaena27;x
11571;54;64;54;b_volaena28;x
11572;54;64;55;b_volaena29;x
11573;55;65;55;b_volaena31;x
11574;55;65;56;b_volaena32;x
11575;56;65;56;b_volaena33;x
11576;56;66;56;b_volaena34;x
11577;56;66;57;b_volaena35;x
11578;57;66;57;b_volaena36;x
11579;57;67;57;b_volaena37;x
11580;57;67;58;b_volaena38;x
11581;58;67;58;b_volaena39;x
11582;58;68;58;b_volaena40;x
11583;58;68;59;b_volaena41;x
11584;59;68;59;b_volaena42;x
11585;59;69;59;b_volaena43;x
11586;61;70;61;b_volaena48;x
11587;60;69;60;b_volaena45;x
11588;59;69;60;b_volaena44;x
11589;60;70;60;b_volaena46;x
11590;60;70;61;b_volaena47;x
11591;73;64;56;b_vysyria;x
11592;70;62;55;b_vysyria1;x
11593;67;60;54;b_vysyria2;x
11594;64;58;53;b_vysyria3;x
11595;61;56;52;b_vysyria4;x
11596;58;54;51;b_vysyria5;x
11597;55;52;50;b_vysyria6;x
11598;52;50;49;b_vysyria7;x
11599;53;50;49;b_vysyria8;x
11600;53;51;49;b_vysyria9;x
11601;53;51;50;b_vysyria10;x
11602;54;51;50;b_vysyria11;x
11603;55;53;51;b_vysyria15;x
11604;54;52;50;b_vysyria12;x
11605;54;53;50;b_vysyria13;x
11606;54;53;51;b_vysyria14;x
11607;59;58;55;b_vysyria28;x
11608;55;54;51;b_vysyria16;x
11609;55;54;52;b_vysyria17;x
11610;56;54;52;b_vysyria18;x
11611;56;55;52;b_vysyria19;x
11612;56;55;53;b_vysyria20;x
11613;57;55;53;b_vysyria21;x
11614;58;57;55;b_vysyria26;x
11615;59;57;55;b_vysyria27;x
11616;59;58;56;b_vysyria29;x
11617;60;58;56;b_vysyria30;x
11618;60;59;56;b_vysyria31;x
11619;58;57;54;b_vysyria25;x
11620;57;56;53;b_vysyria22;x
11621;57;56;54;b_vysyria23;x
11622;58;56;54;b_vysyria24;x
11623;62;60;58;b_vysyria36;x
11624;62;61;58;b_vysyria37;x
11625;62;61;59;b_vysyria38;x
11626;63;61;59;b_vysyria39;x
11627;63;62;59;b_vysyria40;x
11628;65;63;61;b_vysyria45;x
11629;65;64;61;b_vysyria46;x
11630;63;62;60;b_vysyria41;x
11631;60;59;57;b_vysyria32;x
11632;61;59;57;b_vysyria33;x
11633;61;60;57;b_vysyria34;x
11634;61;60;58;b_vysyria35;x
11635;64;62;60;b_vysyria42;x
11636;64;63;60;b_vysyria43;x
11637;64;63;61;b_vysyria44;x
11638;91;81;79;b_sarhoy;x
11639;88;83;75;b_solon;x
11640;91;86;73;b_sabyria;x
11641;92;89;71;b_dunvoles;x
11642;91;91;69;b_tyrmenys;x
11643;89;93;71;b_revalys;x
11644;89;78;78;b_norhey;x
11645;105;78;82;b_jelsah;x
11646;102;76;80;b_hyderion;x
11647;105;74;83;b_gelionyr;x
11648;103;71;82;b_syntarys;x
11649;107;67;81;b_aetyanys;x
11650;113;61;85;b_baetarys;x
11651;115;60;88;b_tarantys;x
11652;117;59;90;b_saryzes;x
11653;59;73;66;b_volon_therys;x
11654;62;78;62;b_selentor;x
11655;66;81;60;b_qelvorys;x
11656;74;82;63;b_theromyn;x
11657;67;73;70;b_valysar;x
11658;76;79;67;b_valentor;x
11659;74;84;65;b_arlior_iedar;x
11660;77;81;70;b_tydarys;x
11661;93;85;66;b_mazenkar;x
11662;77;80;60;b_dynaelon;x
11663;79;77;55;b_unatyros;x
11664;82;75;53;b_nalavys;x
11665;77;80;50;b_vaend;x
11666;77;88;68;b_sarendia;x
11667;51;58;66;b_mavlys;x
11668;55;55;68;b_elynos;x
11669;74;78;82;b_valvyr;x
11670;71;76;77;b_vynea;x
11671;72;81;79;b_myenar;x
11672;68;84;76;b_sadrilys;x
11673;63;80;70;b_alyria;x
11674;55;77;67;b_volenys;x
11675;60;59;60;b_tristelys;x
11676;58;50;57;b_alythaea;x
11677;55;47;62;b_molinion;x
11678;60;74;72;b_marzaenion;x
11679;56;84;73;b_olvys_mell;x
11680;58;88;71;b_kastamisagon;x
11681;60;91;67;b_kastaraenion;x
11682;53;91;68;b_ovajel;x
11683;51;94;64;b_ovagun;x
11684;57;90;69;b_aethys;x
11685;49;91;55;b_nysanthys;x
11686;54;96;60;b_naelvar;x
11687;58;94;63;b_lyvision;x
11688;86;73;79;b_honors_port;x
11689;89;71;75;b_sunset_shore;x
11690;82;66;78;b_novalarys;x
11691;85;63;74;b_heraenys;x
11692;88;76;85;b_aeronion;x
11693;85;77;81;b_maelonys;x
11694;104;94;99;b_naqeos;x
11695;84;80;81;b_daerysos;x
11696;93;70;87;b_dynamyr;x
11697;99;88;79;b_vedys_lands;x
11698;101;85;83;b_vedys_raenion;x
11699;97;90;81;b_melqeldie_sands;x
11700;91;88;84;b_amberys;x
11701;87;91;80;b_clementos;x
11702;85;81;70;b_alanys;x
11703;84;86;77;b_aurelios;x
11704;82;70;61;b_courys;x
11705;78;74;66;b_jenav;x
11706;102;86;87;b_orange_fields;x
11707;105;81;90;b_verizmon;x
11708;97;85;83;b_myraenion;x
11709;55;89;82;b_naqa_mell;x
11710;59;93;78;b_saramys;x
11711;43;89;66;b_meljel;x
11712;45;91;61;b_maeysion;x
11713;47;93;58;b_narulon;x
11714;62;90;80;b_saerynion;x
11715;58;93;76;b_tyraenion;x
11716;62;66;70;b_valendia;x
11717;62;89;72;b_ajovys;x
11718;58;73;82;b_qalomyr;x
11719;69;71;73;b_dreos;x
11720;72;68;77;b_qhaenyrion;x
11721;66;67;70;b_sarvez;x
11722;78;64;66;b_selenys;x
11723;74;66;70;b_jeldre;x
11724;78;75;74;b_maenaq;x
11725;78;68;77;b_drakelys;x
11726;78;67;62;b_anyria;x
11727;83;61;61;b_angria;x
11728;80;63;65;b_noraelion;x
11729;91;74;83;b_tyverieae;x
11730;74;70;62;b_embelyon;x
11731;74;74;66;b_numerys;x
11732;83;86;76;b_lomberys;x
11733;87;82;79;b_lyonos;x
11734;89;79;78;b_vezanys;x
11735;82;73;84;b_anathaemes;x
11736;86;76;79;b_arlaenion;x
11737;91;80;88;b_belgaerys;x
11738;81;87;79;b_jelmazmes;x
11739;85;88;77;b_dreznyzes;x
11740;71;79;89;b_tonari;x
11741;67;69;81;b_jelmaeron;x
11742;70;65;84;b_morunvys;x
11743;189;194;146;cv_impassable_terrain;x
11744;5;4;3;;x
11745;66;44;218;sea_province_cos_1;x
11746;67;44;218;zamoyos_province_cos_1;x
11747;160;44;218;zamoyos_province_cos_2;x
11748;68;44;218;zamoyos_province_cos_3;x
11749;161;44;218;zamoyos_province_cos_4;x
11750;69;44;218;zamoyos_province_cos_5;x
11751;162;44;218;zamoyos_province_cos_6;x
11752;70;44;218;zamoyos_province_cos_7;x
11753;163;44;218;zamoyos_province_cos_8;x
11754;71;44;218;zamoyos_province_cos_9;x
11755;164;44;218;zamoyos_province_cos_10;x
11756;72;44;218;zamoyos_province_cos_11;x
11757;190;90;90;b_palace_of_love;x
11758;189;87;86;b_wistful_walls;x
11759;186;85;85;b_somber_sands;x
11760;184;82;84;b_the_mourn;x
11761;183;81;81;b_sonorous_sands;x
11762;181;78;80;b_the_echoes;x
11763;178;76;79;b_whispering_stone;x
11764;177;74;76;b_sapsands;x
11765;175;73;73;b_temple_of_the_old_man;x
11766;205;101;97;b_nor_salis;x
11767;202;99;96;b_apparhlhu;x
11768;199;97;95;b_dholhina;x
11769;196;95;94;b_dazhyn;x
11770;193;93;93;b_indamos;x
11771;190;91;92;b_phalsina;x
11772;187;89;91;b_dyswasen;x
11773;209;116;78;b_ar_muhoy;x
11774;208;114;75;b_shusaro;x
11775;207;112;72;b_syrisaven;x
11776;206;110;69;b_dasgaham;x
11777;205;108;66;b_asmehdi;x
11778;204;106;63;b_sabahit;x
11779;203;104;60;b_orinstans;x
11780;174;85;109;b_rhoyne_vale;x
11781;172;82;108;b_tekhira;x
11782;170;79;107;b_khulikha;x
11783;168;76;106;b_tustha;x
11784;164;70;104;b_holhuru;x
11785;156;58;100;b_lhonsum;x
11786;154;55;99;b_rayamos;x
11787;255;117;74;b_gloomy_gate;x
11788;252;114;71;b_sandy_graves;x
11789;249;111;68;b_shrouded_stone;x
11790;246;108;65;b_drowned_dragon;x
11791;243;105;62;b_sunken_spires;x
11792;240;102;59;b_weeping_winds;x
11793;237;99;56;b_melancholia;x
11794;234;96;53;b_foggy_open;x
11795;240;113;58;b_scorched_stone;x
11796;190;77;112;b_sobyrha;x
11797;193;83;121;b_isorhya;x
11798;192;81;118;b_abilhyn;x
11799;191;79;115;b_istaghar;x
11800;189;75;110;b_samauh;x
11801;188;73;107;b_dakhrhu;x
11802;176;49;72;b_ouban;x
11803;175;47;69;b_idbaha;x
11804;174;45;66;b_maynahl;x
11805;236;97;58;b_goldenbridge;x
11806;233;100;55;b_yellowing_boulder;x
11807;236;103;52;b_first_shine;x
11808;239;106;49;b_last_gleam;x
11809;232;90;74;b_yaruli;x
11810;229;92;73;b_toppamul;x
11811;232;89;70;b_ulumhu;x
11812;204;70;53;b_elinhys;x
11813;207;73;56;b_anbatha;x
11814;210;76;59;b_sabskha;x
11815;217;97;89;b_lhorulu;x
11816;218;99;92;b_huryos;x
11817;219;101;95;b_uhran;x
11818;220;103;98;b_althaul;x
11819;221;105;101;b_tayhir;x
11820;222;107;104;b_irenul;x
11821;223;109;107;b_minumose;x
11822;224;111;110;b_maratuhri;x
11823;225;113;113;b_lhonsay;x
11824;226;115;116;b_naylhona;x
11825;227;117;119;b_akhyson;x
11826;228;119;122;b_chromai;x
11827;228;105;85;b_northfields;x
11828;223;103;83;b_sorulhia;x
11829;219;101;78;b_tahamoy;x
11830;214;100;74;b_esmilhaya;x
11831;226;89;65;b_rajar;x
11832;222;94;70;b_isnakkhu;x
11833;219;99;73;b_ridnos;x
11834;216;102;77;b_baabir;x
11835;206;80;64;b_ayonus;x
11836;200;76;61;b_uronnah;x
11837;197;75;57;b_mintas;x
11838;181;77;100;b_garinoy;x
11839;176;75;97;b_genhile;x
11840;169;77;93;b_talhir;x
11841;166;79;88;b_nubahil;x
11842;163;90;85;b_lurusid;x
11843;178;55;71;b_naresys;x
11844;201;66;78;b_synares;x
11845;195;64;84;b_hutares;x
11846;191;66;80;b_perphuos;x
11847;188;62;77;b_uluhresys;x
11848;186;64;78;b_karanos;x
11849;216;91;69;b_nyssa;x
11850;213;93;63;b_nulbhanis;x
11851;209;95;58;b_meriamon;x
11852;204;99;55;b_obemhilos;x
11853;1;1;2;b_cormyle;x
11854;217;78;51;b_rhystyme;x
11855;219;84;54;b_amphekhos;x
11856;221;90;55;b_hilanses;x
11857;222;93;57;b_ulmila;x
11858;226;100;54;b_pynalis;x
11859;227;105;57;b_ramunses;x
11860;154;97;99;b_ar_noy;x
11861;139;87;94;b_ar_saym;x
11862;142;89;95;b_sayns_erdehr;x
11863;145;91;96;b_kayasm;x
11864;148;93;97;b_kaphap;x
11865;151;95;98;b_apharika;x
11866;157;99;100;b_dheley;x
11867;160;101;101;b_lheyom;x
11868;135;83;90;b_glohulu;x
11869;134;81;87;b_sisik;x
11870;133;79;84;b_arednis;x
11871;132;77;81;b_anehm;x
11872;131;75;78;b_siksena;x
11873;130;73;75;b_enday;x
11874;129;71;72;b_derdhel;x
11875;128;69;69;b_dekheya;x
11876;134;82;92;b_sar_erilidyes;x
11877;132;79;91;b_seysun_pise;x
11878;130;76;90;b_enpipolhu;x
11879;128;73;89;b_waranar;x
11880;126;70;88;b_kulheym;x
11881;125;68;85;b_lyohm;x
11882;124;66;82;b_seluer;x
11883;123;64;79;b_maehydi;x
11884;122;62;76;b_deyadha;x
11885;121;60;73;b_gehau;x
11886;191;99;119;b_nekhsos;x
11887;188;97;118;b_harunha;x
11888;185;95;117;b_dheshyr;x
11889;182;93;116;b_saiphara;x
11890;179;91;115;b_minish;x
11891;167;83;111;b_wysgehm;x
11892;164;81;110;b_lykhmha;x
11893;161;79;109;b_korshayon;x
11894;158;77;108;b_yughetys;x
11895;155;75;107;b_rhyplis;x
11896;152;73;106;b_tamhyol;x
11897;149;71;105;b_kathib;x
11898;131;59;99;b_leyhiji;x
11899;134;61;100;b_lesphysys;x
11900;128;57;98;b_aghym;x
11901;125;55;97;b_rinaphaits;x
11902;146;69;104;b_nes_hyakkhu;x
11903;143;67;103;b_enlhymb;x
11904;140;65;102;b_inkomperhys;x
11905;137;63;101;b_hamydh;x
11906;176;89;114;b_phulsyrkha;x
11907;173;87;113;b_inenormos;x
11908;170;85;112;b_hazgehms;x
11909;194;85;124;b_ar_selrys;x
11910;187;71;104;b_istahnl;x
11911;186;69;101;b_iphuohls;x
11912;185;67;98;b_nikhar;x
11913;184;65;95;b_tharsoy;x
11914;183;63;92;b_barhish;x
11915;182;61;89;b_harbahal;x
11916;181;59;87;b_samulyn;x
11917;180;57;84;b_itshan;x
11918;179;55;81;b_myanmurthin;x
11919;178;53;78;b_mayhuls;x
11920;177;51;75;b_nolhod;x
11921;143;97;73;b_kolaut;x
11922;149;100;82;b_boneghu;x
11923;147;99;79;b_endet;x
11924;145;98;76;b_hised;x
11925;141;96;70;b_tuakthaut;x
11926;139;95;67;b_akhtorim;x
11927;115;83;31;b_rotonohm;x
11928;113;82;28;b_kanserath;x
11929;111;81;25;b_dherbady;x
11930;194;101;120;b_dagger_lake;x
11931;192;98;119;b_karsalis;x
11932;190;95;118;b_alhosmidhu;x
11933;188;92;117;b_dhatsit;x
11934;186;89;116;b_lyshadhu;x
11935;184;86;115;b_bintekhin;x
11936;180;80;113;b_elesdhai;x
11937;168;64;107;b_mamemon;x
11938;182;83;114;b_sankhadis;x
11939;178;77;112;b_savrhu;x
11940;176;74;111;b_obaklys;x
11941;174;71;110;b_gonalhors;x
11942;172;68;109;b_hered;x
11943;170;67;108;b_pheloph;x
11944;151;82;113;b_nymeria_palace;x
11945;148;81;111;b_princess_way;x
11946;145;80;109;b_suns_rise;x
11947;142;79;107;b_dheilyas;x
11948;139;78;105;b_bytelhai;x
11949;136;77;103;b_sulharra;x
11950;133;76;101;b_pryellys;x
11951;130;75;99;b_gidabolhyu;x
11952;127;74;97;b_antelya;x
11953;124;73;95;b_temple_of_mother_rhoyne;x
11954;229;121;125;b_malabay;x
11955;152;85;115;b_sar_drea;x
11956;153;88;117;b_saydhalys;x
11957;154;91;119;b_dhyasope;x
11958;155;94;120;b_dahitmha;x
11959;156;97;122;b_bighatur;x
11960;157;100;124;b_sisimsel;x
11961;158;103;125;b_stambolakh;x
11962;159;106;126;b_wayavis;x
11963;153;83;116;b_ar_geryas;x
11964;155;84;119;b_ayadhtu;x
11965;157;85;122;b_bikhazda;x
11966;159;86;125;b_munstha;x
11967;161;87;128;b_kemhtu;x
11968;163;88;131;b_dhey;x
11969;165;89;134;b_ghajali;x
11970;167;90;137;b_pazdat;x
11971;178;74;82;b_sar_lhorulys;x
11972;176;71;81;b_lhara;x
11973;174;68;80;b_dromuhl;x
11974;172;65;79;b_pataly;x
11975;170;62;78;b_ombha;x
11976;168;59;77;b_tulyet;x
11977;166;56;76;b_konghir;x
11978;164;53;75;b_bedatnyt;x
11979;198;62;105;b_rhon_ty;x
11980;195;64;104;b_phaaren;x
11981;192;66;103;b_humenah;x
11982;189;68;102;b_hahurah;x
11983;186;70;101;b_ahm;x
11984;180;74;99;b_iksaneh;x
11985;177;76;98;b_anulhu;x
11986;174;78;97;b_alhay;x
11987;151;101;85;b_sar_rhoy;x
11988;137;94;64;b_tudhuso;x
11989;135;93;61;b_nyupor;x
11990;133;92;58;b_kaurhkor;x
11991;131;91;55;b_huduyusi;x
11992;129;90;52;b_hispli;x
11993;127;89;49;b_eksistini;x
11994;125;88;46;b_inkh_iblak;x
11995;123;87;43;b_ay_kuden;x
11996;121;86;40;b_savsel;x
11997;119;85;37;b_wasindem;x
11998;117;84;34;b_jaminbir;x
11999;240;79;88;b_velvet_march;x
12000;237;77;87;b_huzmion;x
12001;234;75;86;b_alcior;x
12002;231;73;85;b_itnama;x
12003;228;71;84;b_nathari;x
12004;225;69;83;b_nehma;x
12005;222;67;82;b_deynu;x
12006;219;65;81;b_kahinm;x
12007;216;63;80;b_hinmah;x
12008;213;61;79;b_oloy;x
12009;201;58;74;b_sar_hyus;x
12010;200;56;71;b_marhun;x
12011;199;54;68;b_besanha;x
12012;198;52;65;b_turayha;x
12013;197;50;62;b_agbunye;x
12014;196;48;59;b_itahayatt;x
12015;195;46;56;b_beliske;x
12016;194;44;53;b_kumhulre;x
12017;190;62;74;b_sar_moyhan;x
12018;192;65;75;b_mulumara;x
12019;194;68;76;b_lhaum;x
12020;196;71;77;b_huris;x
12021;198;74;78;b_yammel;x
12022;200;77;79;b_arhun;x
12023;202;80;80;b_kamiya;x
12024;204;83;81;b_hotappa;x
12025;221;70;93;b_ghoyan_drohe;x
12026;218;68;92;b_golys;x
12027;215;66;91;b_rhoyyun;x
12028;212;64;90;b_moyan;x
12029;209;62;89;b_draan;x
12030;206;60;88;b_tohrunmu;x
12031;203;58;87;b_madal;x
12032;200;56;86;b_mulman;x
12033;201;58;89;b_hurenhe;x
12034;202;60;92;b_ghyn;x
12035;170;66;97;b_golhuru;x
12036;171;68;100;b_olomos;x
12037;172;70;103;b_menon;x
12038;173;72;106;b_berul;x
12039;174;74;109;b_huluri;x
12040;194;70;88;b_ny_rhon_valley;x
12041;197;68;87;b_rhonos;x
12042;200;66;86;b_emhul;x
12043;203;64;85;b_othalu;x
12044;206;62;84;b_rhoylhmu;x
12045;209;60;83;b_nohubl;x
12046;212;58;82;b_hamsulan;x
12047;215;56;81;b_amapo;x
12048;218;54;80;b_hylura;x
12049;60;77;47;b_death_swamps7;x
12050;69;80;49;b_death_swamps18;x
12051;69;81;49;b_death_swamps19;x
12052;69;81;50;b_death_swamps20;x
12053;70;81;50;b_death_swamps21;x
12054;71;81;50;b_death_swamps22;x
12055;71;81;51;b_death_swamps23;x
12056;65;78;47;b_death_swamps12;x
12057;71;82;51;b_death_swamps24;x
12058;57;59;61;b_valon_sar;x
12059;60;55;65;b_sar_dynaea;x
12060;64;58;63;b_syzeria;x
12061;69;74;92;b_iorys;x
12062;74;75;85;b_kimyno;x
12063;49;53;58;b_hylca;x
12064;43;47;51;b_endva;x
12065;85;62;85;b_ar_pharos;x
12066;79;64;82;b_sar_kalis;x
12067;82;61;78;b_gimiron;x
12068;84;58;82;b_paranth;x
12069;81;46;94;b_sar_mandos;x
12070;79;49;90;b_numelios;x
12071;82;53;85;b_syrenes;x
12072;76;41;90;b_sar_mira;x
12073;66;66;74;b_laboros;x
12074;70;61;77;b_westguard;x
12075;65;58;80;b_prynarys;x
12076;68;68;76;b_nalab;x
12077;72;65;79;b_naebyrion;x
12078;70;84;79;b_torynar;x
12079;73;82;83;b_malbys;x
12080;75;80;89;b_tenasyris;x
12081;73;86;86;b_syrelia;x
12082;77;89;83;b_apparys;x
12083;77;70;93;b_ygokoyzsi;x
12084;62;86;79;b_hypyris;x
12085;61;83;76;b_ybar_ikos;x
12086;61;78;73;b_vyremis;x
12087;65;81;76;b_kostyria;x
12088;60;85;78;b_kryzoris;x
12089;56;88;80;b_alyaemyrion;x
12090;52;89;82;b_tolypherys;x
12091;53;81;73;b_urharys;x
12092;55;86;76;b_mazmerion;x
12093;66;78;51;b_nor_meran;x
12094;74;76;50;b_sedeno;x
12095;79;74;52;b_seyna;x
12096;82;78;49;b_kyrah;x
12097;85;76;45;b_casand;x
12098;88;74;40;b_hammensa;x
12099;58;77;75;b_kaiphose;x
12100;56;75;80;b_wyrenar;x
12101;62;74;70;b_ar_mynar;x
12102;60;72;75;b_menehmos;x
12103;53;72;79;b_akamos;x
12104;51;68;70;b_karida;x
12105;43;66;78;b_razamy;x
12106;41;62;82;b_harasan;x
12107;39;60;87;b_tulthu;x
12108;41;54;90;b_gurhil;x
12109;44;60;84;b_omenhos;x
12110;47;56;77;b_amyria;x
12111;47;71;73;b_ilysera;x
12112;24;45;123;b_cv_sea_province_1;x
12113;22;50;155;b_cv_sea_province_2;x
12114;178;151;73;R172G190B26;x
12115;123;131;66;R102G241B197;x
12116;133;149;116;R58G71B48;x
12117;114;149;100;R230G151B164;x
12118;193;202;79;R154G211B29;x
12119;170;194;93;R65G88B147;x
12120;117;147;110;R57G85B97;x
12121;178;146;99;R244G238B113;x
12122;203;207;104;R17G186B196;x
12123;205;157;180;R230G198B232;x
12124;160;141;187;R96G16B163;x
12125;97;111;97;R176G125B57;x
12126;209;186;127;R83G46B221;x
12127;180;149;91;R144G200B48;x
12128;167;121;177;R118G208B204;x
12129;141;148;158;R26G89B58;x
12130;196;127;89;R197G170B221;x
12131;208;165;73;R84G226B132;x
12132;114;145;126;R97G110B150;x
12133;170;152;125;R142G87B164;x
12134;137;183;85;R78G19B28;x
12135;174;172;102;R44G99B137;x
12136;66;158;85;R232G195B165;x
12137;213;220;102;R116G243B199;x
12138;135;164;160;R29G199B249;x
12139;179;165;99;R205G254B206;x
12140;193;161;125;R216G192B72;x
12141;158;161;97;R139G233B175;x
12142;213;155;165;R189G248B99;x
12143;196;171;140;R55G5B255;x
12144;169;184;139;R212G142B211;x
12145;167;168;82;R57G242B172;x
12146;224;139;105;R8G135B132;x
12147;216;181;79;R8G11B132;x
12148;219;172;136;R215G186B132;x
12149;115;133;94;R101G58B43;x
12150;202;168;109;R143G97B248;x
12151;94;142;120;R221G153B37;x
12152;199;176;112;R151G248B59;x
12153;240;148;98;R1G201B188;x
12154;213;207;89;R63G95B161;x
12155;216;145;66;R49G143B244;x
12156;77;133;105;R142G188B230;x
12157;189;136;113;R214G24B95;x
12158;56;94;71;R8G0B37;x
12159;218;167;78;R71G246B81;x
12160;175;143;158;R139G37B201;x
12161;204;178;82;R72G94B36;x
12162;71;154;72;R133G161B224;x
12163;217;181;83;R44G165B110;x
12164;217;192;125;R9G183B29;x
12165;185;132;130;R102G74B116;x
12166;208;157;98;R168G48B222;x
12167;178;137;170;R17G245B248;x
12168;95;145;102;R75G137B106;x
12169;161;148;99;R80G99B190;x
12170;166;185;79;R89G187B238;x
12171;196;120;76;R146G200B22;x
12172;156;133;105;R9G76B237;x
12173;158;144;132;R76G230B66;x
12174;205;147;155;R195G151B57;x
12175;214;173;108;R201G121B195;x
12176;130;111;167;R165G75B245;x
12177;233;150;70;R59G4B30;x
12178;222;196;112;R206G255B221;x
12179;90;172;81;R66G34B126;x
12180;155;211;79;R198G66B8;x
12181;158;161;88;R176G117B199;x
12182;193;198;152;R69G88B187;x
12183;94;171;82;R106G221B44;x
12184;148;115;164;R81G114B87;x
12185;191;122;58;R64G212B200;x
12186;73;108;100;R67G10B229;x
12187;204;159;67;R61G230B27;x
12188;210;169;96;R182G53B167;x
12189;172;161;63;R160G239B7;x
12190;181;143;93;R214G18B111;x
12191;226;140;77;R34G169B232;x
12192;100;173;94;R59G86B16;x
12193;226;144;127;R89G197B150;x
12194;168;139;146;R9G98B46;x
12195;189;168;111;R194G107B88;x
12196;209;181;75;R203G118B206;x
12197;196;170;137;R90G106B123;x
12198;187;144;95;R190G16B169;x
12199;182;170;104;R239G217B242;x
12200;174;105;79;R197G119B203;x
12201;162;198;134;R80G50B182;x
12202;184;144;109;R255G34B116;x
12203;105;123;125;R24G188B70;x
12204;187;166;150;R52G44B208;x
12205;197;146;65;R55G43B68;x
12206;178;154;99;R23G243B225;x
12207;231;145;79;R26G57B99;x
12208;72;113;82;R111G37B97;x
12209;174;162;145;R86G70B33;x
12210;149;162;57;R148G179B39;x
12211;160;220;118;R153G119B121;x
12212;80;148;97;R237G186B16;x
12213;146;175;130;R184G190B241;x
12214;208;223;92;R65G201B209;x
12215;131;149;124;R129G223B176;x
12216;204;135;104;R164G120B28;x
12217;165;170;124;R111G148B158;x
12218;214;156;85;R195G136B251;x
12219;199;194;135;R43G90B140;x
12220;186;164;68;R23G154B192;x
12221;218;163;69;R67G178B117;x
12222;157;200;191;R97G59B15;x
12223;137;173;160;R101G11B213;x
12224;217;188;129;R148G116B1;x
12225;227;201;99;R102G237B43;x
12226;92;121;92;R121G206B45;x
12227;198;217;108;R247G223B206;x
12228;93;73;89;R71G140B183;x
12229;150;135;136;R151G189B30;x
12230;189;183;105;R100G87B218;x
12231;164;175;182;R0G191B16;x
12232;154;179;144;R248G33B62;x
12233;91;114;79;R216G236B0;x
12234;220;146;100;R106G227B70;x
12235;27;140;83;R55G228B3;x
12236;110;119;102;R238G252B55;x
12237;152;133;179;R205G200B204;x
12238;197;183;71;R180G182B22;x
12239;83;142;105;R254G40B81;x
12240;132;183;124;R250G140B11;x
12241;167;173;189;R21G151B108;x
12242;181;142;72;R212G29B68;x
12243;227;175;100;R25G225B254;x
12244;176;163;103;R207G42B127;x
12245;98;135;57;R91G185B196;x
12246;199;158;97;R251G68B211;x
12247;114;165;120;R95G252B185;x
12248;178;144;168;R140G54B3;x
12249;199;142;78;R250G107B176;x
12250;180;142;102;R255G230B222;x
12251;185;188;100;R245G201B108;x
12252;186;157;75;R30G71B178;x
12253;146;212;91;R61G143B137;x
12254;199;141;152;R99G164B69;x
12255;180;186;72;R245G87B79;x
12256;240;180;50;R243G205B113;x
12257;217;203;135;R38G227B142;x
12258;200;139;107;R92G220B253;x
12259;146;159;89;R120G191B67;x
12260;226;160;135;R253G113B31;x
12261;198;136;117;R221G246B229;x
12262;209;153;75;R81G137B148;x
12263;204;161;121;R183G111B46;x
12264;215;189;114;R69G131B3;x
12265;227;142;74;R223G38B19;x
12266;146;153;137;R122G54B28;x
12267;197;162;112;R136G207B5;x
12268;211;164;119;R178G205B96;x
12269;168;145;77;R15G225B232;x
12270;60;138;66;R97G22B67;x
12271;166;166;104;R17G6B191;x
12272;195;205;122;R218G146B165;x
12273;146;150;127;R114G30B193;x
12274;72;135;94;R20G253B251;x
12275;85;123;133;R17G89B126;x
12276;204;170;84;R153G80B181;x
12277;214;179;83;R143G76B56;x
12278;153;179;99;R25G26B118;x
12279;177;123;100;R168G33B185;x
12280;70;157;73;R162G140B149;x
12281;184;209;103;R202G135B123;x
12282;162;159;135;R182G71B36;x
12283;119;122;171;R114G95B100;x
12284;220;150;154;R156G117B118;x
12285;194;167;163;R113G176B78;x
12286;195;161;122;R110G148B137;x
12287;169;129;158;R239G150B62;x
12288;141;187;97;R67G141B162;x
12289;198;111;95;R109G208B169;x
12290;87;96;78;R124G103B17;x
12291;83;166;102;R161G8B69;x
12292;100;159;87;R125G145B119;x
12293;200;184;90;R31G78B161;x
12294;206;153;162;R218G120B2;x
12295;193;185;105;R0G0B217;x
12296;215;209;93;R115G134B93;x
12297;112;160;105;R246G105B18;x
12298;180;177;98;R34G193B253;x
12299;154;176;90;R2G136B43;x
12300;192;164;85;R187G92B233;x
12301;202;195;92;R71G102B37;x
12302;169;168;103;R27G246B163;x
12303;198;127;154;R141G77B162;x
12304;202;142;141;R109G212B106;x
12305;73;100;101;R182G68B212;x
12306;240;226;79;R11G114B169;x
12307;189;180;157;R51G8B149;x
12308;207;199;124;R197G253B58;x
12309;210;165;103;R109G139B222;x
12310;165;168;142;R118G231B125;x
12311;215;204;71;R187G151B99;x
12312;191;165;121;R126G105B218;x
12313;175;162;117;R34G177B34;x
12314;189;143;92;R229G111B16;x
12315;187;165;112;R214G207B45;x
12316;221;178;94;R248G201B214;x
12317;197;185;96;R28G173B252;x
12318;212;226;107;R37G173B49;x
12319;232;126;126;R255G239B26;x
12320;201;148;76;R109G48B170;x
12321;115;158;97;R43G159B251;x
12322;158;188;68;R3G20B8;x
12323;211;167;52;R57G227B185;x
12324;188;137;79;R138G102B9;x
12325;200;139;59;R212G144B254;x
12326;135;157;156;R17G18B31;x
12327;149;132;148;R74G223B111;x
12328;189;154;102;R231G82B192;x
12329;163;160;119;R1G59B79;x
12330;216;180;59;R35G75B29;x
12331;223;191;99;R17G0B231;x
12332;185;141;113;R44G248B250;x
12333;199;149;96;R188G199B155;x
12334;191;180;102;R38G208B27;x
12335;95;123;87;R40G185B49;x
12336;230;145;62;R202G214B62;x
12337;171;155;120;R54G68B211;x
12338;215;170;41;R248G114B132;x
12339;226;174;73;R119G98B58;x
12340;210;165;129;R59G207B19;x
12341;177;167;109;R121G147B164;x
12342;210;199;74;R206G18B95;x
12343;146;173;130;R190G121B172;x
12344;138;173;136;R125G125B134;x
12345;154;126;135;R84G200B118;x
12346;215;162;88;R238G8B170;x
12347;204;153;157;R228G103B226;x
12348;148;162;141;R188G216B165;x
12349;174;158;135;R202G44B254;x
12350;187;174;115;R41G63B63;x
12351;106;117;115;R34G128B37;x
12352;207;140;64;R1G117B202;x
12353;183;147;131;R140G230B82;x
12354;116;163;116;R63G23B28;x
12355;190;148;73;R88G62B112;x
12356;76;136;115;R5G198B19;x
12357;107;140;116;R125G58B2;x
12358;211;206;87;R163G145B135;x
12359;183;113;76;R71G66B38;x
12360;89;146;92;R85G199B255;x
12361;175;209;148;R123G110B120;x
12362;195;177;114;R242G59B162;x
12363;119;147;78;R128G85B12;x
12364;156;192;168;R139G160B212;x
12365;212;178;54;R187G252B42;x
12366;170;159;135;R96G238B35;x
12367;173;151;76;R44G18B246;x
12368;141;149;157;R40G149B60;x
12369;129;173;145;R254G99B184;x
12370;197;142;135;R229G255B142;x
12371;175;178;75;R107G104B77;x
12372;182;176;99;R119G98B202;x
12373;233;220;113;R27G207B196;x
12374;186;187;75;R244G211B130;x
12375;187;181;126;R26G76B240;x
12376;145;189;74;R206G164B187;x
12377;192;185;143;R252G141B109;x
12378;219;170;92;R148G242B98;x
12379;204;164;86;R68G29B203;x
12380;172;211;108;R64G193B23;x
12381;211;151;76;R36G52B85;x
12382;91;137;104;R177G154B72;x
12383;171;177;182;R247G190B78;x
12384;193;152;139;R51G111B36;x
12385;99;106;99;R85G75B207;x
12386;126;176;109;R5G100B149;x
12387;67;160;75;R11G35B95;x
12388;174;199;92;R184G162B133;x
12389;158;163;90;R242G153B171;x
12390;167;185;100;R206G234B213;x
12391;200;142;58;R255G235B240;x
12392;174;154;185;R173G83B170;x
12393;240;154;40;R168G189B233;x
12394;175;137;101;R28G65B11;x
12395;182;180;50;R149G175B214;x
12396;190;159;85;R39G12B101;x
12397;163;211;112;R113G122B255;x
12398;164;174;142;R184G185B59;x
12399;168;160;84;R182G246B186;x
12400;161;149;160;R202G151B138;x
12401;175;110;88;R139G123B105;x
12402;127;196;137;R125G247B154;x
12403;207;197;103;R123G53B51;x
12404;186;195;80;R63G101B148;x
12405;138;191;136;R227G22B145;x
12406;159;194;89;R149G50B68;x
12407;204;159;110;R213G44B168;x
12408;127;182;173;R146G217B117;x
12409;111;145;54;R3G61B29;x
12410;157;153;172;R3G140B158;x
12411;216;161;123;R110G101B240;x
12412;240;196;134;R152G168B101;x
12413;212;181;132;R171G75B190;x
12414;214;198;95;R223G16B40;x
12415;190;139;83;R108G187B18;x
12416;76;110;70;R110G46B67;x
12417;160;205;101;R93G30B70;x
12418;215;182;57;R111G219B149;x
12419;82;147;118;R178G167B8;x
12420;184;142;88;R239G223B235;x
12421;169;135;136;R96G252B130;x
12422;213;162;58;R189G140B232;x
12423;175;213;64;R148G241B215;x
12424;173;130;70;R242G219B222;x
12425;167;113;81;R223G13B63;x
12426;179;131;81;R143G75B16;x
12427;216;173;65;R197G168B127;x
12428;136;159;175;R24G145B115;x
12429;199;179;165;R125G248B248;x
12430;231;166;108;R32G133B163;x
12431;174;160;104;R109G167B203;x
12432;132;205;119;R101G153B177;x
12433;98;121;175;R239G104B239;x
12434;125;156;168;R178G106B97;x
12435;60;150;84;R213G192B120;x
12436;154;153;145;R165G227B43;x
12437;165;154;99;R34G222B29;x
12438;171;168;120;R149G202B205;x
12439;129;139;70;R229G125B150;x
12440;125;154;107;R167G152B128;x
12441;167;203;63;R221G81B50;x
12442;165;179;115;R60G177B78;x
12443;196;161;112;R208G187B236;x
12444;234;234;122;R228G102B95;x
12445;137;175;139;R228G68B5;x
12446;191;140;124;R157G38B33;x
12447;225;157;100;R3G114B138;x
12448;123;148;67;R241G152B80;x
12449;148;164;96;R221G165B90;x
12450;204;158;71;R71G213B40;x
12451;154;121;86;R16G133B238;x
12452;222;196;76;R173G135B40;x
12453;172;162;96;R208G33B32;x
12454;195;167;143;R107G156B137;x
12455;108;107;81;R196G57B26;x
12456;186;135;72;R12G81B122;x
12457;131;167;195;R136G243B125;x
12458;240;172;108;R98G31B240;x
12459;212;127;86;R208G69B112;x
12460;174;183;127;R150G247B78;x
12461;144;118;174;R183G27B207;x
12462;174;150;155;R53G228B201;x
12463;202;174;157;R28G128B17;x
12464;186;193;136;R51G129B142;x
12465;219;164;88;R26G214B233;x
12466;185;167;154;R11G164B22;x
12467;192;165;104;R129G167B76;x
12468;171;163;42;R111G65B132;x
12469;205;189;149;R137G97B255;x
12470;102;136;123;R113G141B40;x
12471;203;148;107;R56G220B62;x
12472;176;160;132;R233G215B110;x
12473;178;135;148;R172G98B116;x
12474;210;143;77;R215G17B97;x
12475;93;117;154;R169G205B245;x
12476;220;155;89;R1G143B173;x
12477;185;165;113;R245G28B5;x
12478;159;152;178;R98G10B193;x
12479;184;208;106;R95G104B177;x
12480;213;151;115;R105G74B208;x
12481;179;181;113;R197G178B249;x
12482;163;164;147;R111G191B52;x
12483;153;172;132;R147G119B250;x
12484;170;204;94;R80G46B252;x
12485;215;120;145;R182G130B31;x
12486;206;189;104;R159G146B41;x
12487;208;185;91;R124G8B228;x
12488;233;198;107;R27G91B12;x
12489;192;199;114;R191G92B75;x
12490;194;176;84;R103G190B50;x
12491;189;136;48;R133G79B159;x
12492;193;177;105;R57G164B103;x
12493;199;178;68;R131G219B50;x
12494;154;195;85;R238G127B47;x
12495;176;143;75;R60G21B90;x
12496;201;142;108;R122G248B197;x
12497;194;161;145;R161G131B111;x
12498;83;100;74;R154G46B49;x
12499;195;189;169;R50G118B51;x
12500;119;167;53;R112G28B70;x
12501;145;123;191;R58G20B194;x
12502;182;205;39;R221G49B227;x
12503;199;180;112;R192G198B58;x
12504;163;151;174;R145G68B255;x
12505;128;135;113;R91G64B74;x
12506;185;191;160;R151G148B180;x
12507;179;186;75;R104G216B155;x
12508;162;170;118;R14G212B153;x
12509;191;205;126;R62G230B253;x
12510;202;149;54;R109G235B2;x
12511;121;129;74;R151G31B216;x
12512;192;136;109;R51G47B226;x
12513;185;196;91;R15G59B74;x
12514;115;134;116;R109G143B211;x
12515;173;130;129;R56G196B215;x
12516;186;161;134;R222G1B129;x
12517;231;152;167;R249G35B131;x
12518;107;142;107;R108G214B215;x
12519;199;128;122;R23G32B36;x
12520;86;100;152;R142G215B72;x
12521;157;184;123;R159G208B24;x
12522;240;191;105;R190G75B131;x
12523;180;172;110;R230G214B27;x
12524;83;115;124;R89G60B228;x
12525;172;161;166;R179G61B85;x
12526;230;143;94;R105G44B114;x
12527;174;141;142;R212G161B245;x
12528;167;152;135;R205G39B80;x
12529;60;171;88;R21G86B59;x
12530;222;166;85;R150G209B149;x
12531;207;139;93;R25G108B39;x
12532;154;184;153;R175G190B107;x
12533;152;126;159;R120G127B215;x
12534;62;110;99;R211G1B212;x
12535;206;231;89;R65G153B181;x
12536;165;138;119;R47G96B202;x
12537;120;124;169;R11G212B245;x
12538;64;161;84;R48G224B255;x
12539;219;128;98;R16G161B14;x
12540;208;152;100;R31G79B74;x
12541;221;181;30;R33G104B252;x
12542;203;123;93;R220G166B252;x
12543;214;185;136;R73G71B228;x
12544;172;147;99;R28G89B109;x
12545;177;196;135;R141G166B210;x
12546;91;132;107;R190G197B96;x
12547;97;125;122;R139G80B159;x
12548;188;139;103;R124G192B61;x
12549;239;194;62;R123G177B249;x
12550;132;131;161;R7G141B18;x
12551;80;114;47;R19G200B74;x
12552;83;147;80;R115G42B80;x
12553;177;183;132;R206G49B99;x
12554;154;165;122;R58G4B8;x
12555;185;181;119;R64G109B79;x
12556;128;187;148;R21G181B180;x
12557;124;152;131;R144G126B30;x
12558;177;204;121;R187G9B157;x
12559;164;200;85;R248G192B248;x
12560;129;192;142;R104G169B164;x
12561;226;163;62;R243G162B147;x
12562;138;211;81;R254G23B210;x
12563;207;148;139;R106G96B142;x
12564;171;152;156;R207G234B255;x
12565;238;141;111;R173G201B87;x
12566;101;134;45;R116G55B198;x
12567;219;172;106;R132G87B117;x
12568;160;145;79;R237G127B91;x
12569;175;184;75;R101G11B113;x
12570;165;165;152;R124G116B131;x
12571;95;166;106;R213G29B108;x
12572;183;156;118;R102G99B130;x
12573;185;107;115;R49G143B190;x
12574;180;157;163;R210G188B153;x
12575;152;161;110;R204G32B181;x
12576;190;185;76;R248G217B58;x
12577;171;169;67;R173G113B81;x
12578;86;130;169;R11G150B59;x
12579;212;160;153;R215G117B87;x
12580;47;129;69;R135G186B229;x
12581;186;120;179;R193G154B201;x
12582;157;210;79;R56G222B214;x
12583;208;182;145;R66G206B106;x
12584;237;126;57;R76G17B123;x
12585;121;166;48;R205G99B142;x
12586;178;90;124;R10G193B180;x
12587;196;165;147;R110G88B38;x
12588;149;170;72;R71G35B85;x
12589;211;158;158;R243G154B106;x
12590;166;169;174;R1G250B153;x
12591;221;150;135;R224G86B13;x
12592;203;141;129;R62G59B195;x
12593;108;131;85;R210G13B99;x
12594;208;191;128;R180G17B5;x
12595;216;168;98;R42G51B124;x
12596;102;157;98;R244G224B153;x
12597;208;166;124;R188G153B10;x
12598;190;153;156;R15G86B163;x
12599;210;168;149;R4G93B20;x
12600;127;127;69;R60G49B181;x
12601;62;143;67;R39G136B209;x
12602;80;139;117;R83G146B86;x
12603;171;199;109;R210G160B152;x
12604;195;181;67;R201G138B66;x
12605;201;133;87;R12G245B206;x
12606;155;150;95;R133G19B158;x
12607;127;166;158;R45G221B235;x
12608;163;142;176;R5G160B109;x
12609;189;214;114;R102G200B207;x
12610;222;139;92;R137G36B175;x
12611;182;144;122;R16G8B195;x
12612;162;175;99;R114G131B184;x
12613;153;184;73;R114G140B5;x
12614;228;135;122;R57G39B112;x
12615;175;188;121;R170G126B213;x
12616;164;203;99;R127G197B34;x
12617;176;190;127;R169G46B11;x
12618;203;108;110;R20G180B75;x
12619;136;184;170;R105G253B76;x
12620;175;182;61;R187G35B200;x
12621;174;174;105;R101G130B31;x
12622;191;140;120;R146G8B177;x
12623;152;186;132;R8G47B210;x
12624;121;117;98;R232G133B174;x
12625;227;149;77;R227G151B168;x
12626;218;131;50;R76G185B179;x
12627;198;168;71;R129G14B131;x
12628;196;144;157;R96G223B227;x
12629;52;136;90;R224G102B165;x
12630;240;195;127;R79G252B132;x
12631;177;162;114;R187G22B205;x
12632;237;140;107;R161G162B240;x
12633;68;139;78;R12G11B110;x
12634;118;119;113;R238G146B104;x
12635;104;170;116;R226G246B147;x
12636;118;147;107;R218G111B227;x
12637;159;164;132;R238G201B71;x
12638;94;137;77;R92G153B27;x
12639;201;194;96;R195G150B63;x
12640;99;104;74;R207G229B132;x
12641;183;191;122;R65G57B134;x
12642;172;187;95;R95G235B95;x
12643;184;140;53;R212G147B14;x
12644;203;174;112;R103G124B90;x
12645;209;168;99;R215G137B5;x
12646;179;169;42;R178G123B200;x
12647;228;181;92;R198G197B68;x
12648;194;198;129;R168G96B229;x
12649;215;219;67;R16G126B73;x
12650;180;160;110;R160G9B47;x
12651;184;139;148;R96G202B53;x
12652;68;125;77;R97G167B196;x
12653;184;155;76;R188G1B85;x
12654;76;157;87;R141G255B204;x
12655;181;137;124;R52G24B88;x
12656;119;182;82;R219G76B84;x
12657;196;188;94;R72G82B80;x
12658;148;112;147;R41G61B73;x
12659;137;142;85;R202G176B181;x
12660;85;97;66;R216G6B95;x
12661;232;158;88;R124G228B89;x
12662;167;166;91;R231G94B166;x
12663;170;208;103;R17G23B58;x
12664;193;169;94;R125G34B139;x
12665;143;132;176;R171G128B129;x
12666;140;126;117;R84G71B206;x
12667;152;183;132;R127G227B146;x
12668;133;148;140;R199G26B41;x
12669;188;181;127;R187G5B101;x
12670;194;213;121;R113G70B244;x
12671;208;131;74;R124G21B40;x
12672;222;176;175;R167G120B222;x
12673;150;198;147;R247G102B38;x
12674;102;135;156;R49G86B62;x
12675;186;192;115;R27G25B86;x
12676;209;172;70;R96G175B219;x
12677;222;166;133;R145G162B242;x
12678;234;180;103;R229G235B160;x
12679;143;146;148;R27G111B95;x
12680;157;153;103;R13G123B61;x
12681;104;145;126;R238G115B170;x
12682;232;144;96;R0G184B226;x
12683;110;150;123;R8G92B213;x
12684;112;149;101;R232G180B79;x
12685;216;213;129;R26G85B78;x
12686;97;118;110;R221G76B61;x
12687;120;143;125;R110G14B97;x
12688;191;176;97;R41G25B174;x
12689;210;184;119;R240G211B250;x
12690;166;202;142;R70G52B205;x
12691;208;197;101;R170G222B96;x
12692;157;198;195;R67G218B195;x
12693;221;180;84;R142G13B228;x
12694;138;124;153;R166G9B115;x
12695;208;144;136;R10G150B186;x
12696;202;148;109;R24G183B148;x
12697;186;141;137;R90G156B216;x
12698;175;187;89;R178G43B15;x
12699;218;130;116;R55G233B230;x
12700;228;195;79;R232G208B24;x
12701;125;116;138;R120G125B46;x
12702;147;173;116;R52G158B131;x
12703;211;126;51;R162G246B158;x
12704;203;147;154;R180G239B136;x
12705;82;164;181;R84G186B113;x
12706;233;209;130;R30G192B227;x
12707;240;166;66;R187G93B50;x
12708;157;192;101;R76G167B129;x
12709;195;135;113;R193G107B76;x
12710;122;149;91;R234G116B66;x
12711;164;137;134;R246G89B150;x
12712;113;190;144;R115G2B118;x
12713;100;141;147;R62G95B24;x
12714;194;199;110;R1G109B197;x
12715;147;165;120;R193G135B1;x
12716;159;137;129;R166G121B159;x
12717;167;166;93;R251G77B174;x
12718;146;131;136;R52G112B129;x
12719;108;149;141;R253G77B15;x
12720;177;140;132;R2G180B94;x
12721;209;160;65;R126G153B211;x
12722;178;192;82;R55G2B78;x
12723;194;202;42;R102G23B241;x
12724;236;176;61;R132G144B229;x
12725;154;170;113;R57G114B207;x
12726;178;165;125;R103G4B47;x
12727;157;156;95;R175G167B242;x
12728;106;145;103;R245G197B57;x
12729;57;97;48;R108G42B151;x
12730;201;165;139;R221G71B56;x
12731;195;198;114;R247G177B171;x
12732;50;106;70;R175G69B198;x
12733;145;158;128;R209G193B133;x
12734;171;208;100;R67G146B49;x
12735;215;200;105;R217G192B87;x
12736;175;217;112;R174G11B66;x
12737;174;182;129;R111G6B219;x
12738;167;164;111;R26G238B76;x
12739;213;194;72;R59G134B207;x
12740;189;95;117;R6G217B198;x
12741;208;128;65;R241G85B119;x
12742;196;135;126;R41G190B201;x
12743;187;165;171;R243G139B114;x
12744;163;141;168;R25G243B11;x
12745;71;87;40;R176G221B82;x
12746;215;222;111;R132G38B173;x
12747;64;119;80;R232G116B154;x
12748;201;190;111;R214G69B219;x
12749;167;210;106;R162G195B1;x
12750;194;181;90;R156G207B248;x
12751;164;158;95;R181G21B28;x
12752;179;162;91;R73G6B62;x
12753;184;119;145;R101G162B25;x
12754;209;164;73;R112G147B134;x
12755;126;155;96;R245G196B25;x
12756;165;161;175;R16G251B206;x
12757;234;209;116;R127G214B241;x
12758;158;156;173;R231G186B134;x
12759;184;172;96;R129G90B151;x
12760;164;180;107;R190G238B152;x
12761;195;216;115;R233G142B17;x
12762;174;157;128;R117G188B1;x
12763;165;183;100;R70G210B177;x
12764;150;176;74;R1G182B232;x
12765;152;153;112;R144G142B133;x
12766;220;182;154;R84G122B214;x
12767;122;146;82;R159G147B200;x
12768;158;173;147;R31G94B30;x
12769;174;170;83;R108G167B176;x
12770;166;140;58;R68G43B252;x
12771;149;175;74;R14G237B176;x
12772;101;133;80;R37G126B251;x
12773;180;225;76;R85G243B222;x
12774;208;170;102;R11G229B106;x
12775;210;187;105;R140G225B80;x
12776;168;176;147;R208G228B2;x
12777;207;150;101;R55G182B162;x
12778;158;124;141;R87G34B146;x
12779;171;191;116;R127G108B21;x
12780;231;188;71;R23G178B244;x
12781;203;198;95;R167G51B160;x
12782;209;171;78;R247G230B211;x
12783;187;186;91;R42G217B54;x
12784;193;135;152;R137G13B238;x
12785;179;173;178;R19G223B144;x
12786;128;136;88;R252G180B88;x
12787;123;109;128;R40G141B29;x
12788;182;155;127;R113G250B94;x
12789;215;208;98;R243G118B186;x
12790;90;164;114;R252G90B7;x
12791;163;180;78;R168G248B90;x
12792;131;112;197;R5G207B181;x
12793;225;131;66;R81G231B166;x
12794;85;124;117;R142G81B156;x
12795;190;148;119;R174G111B207;x
12796;197;187;120;R216G33B249;x
12797;131;107;191;R101G44B55;x
12798;223;165;130;R186G249B13;x
12799;184;143;70;R26G2B116;x
12800;172;163;105;R87G221B95;x
12801;152;191;119;R201G236B107;x
12802;200;130;85;R18G81B221;x
12803;183;195;85;R132G231B205;x
12804;191;158;76;R53G75B56;x
12805;66;130;57;R49G36B53;x
12806;96;132;95;R62G88B37;x
12807;136;189;76;R192G131B115;x
12808;123;146;125;R77G176B84;x
12809;211;130;128;R76G44B139;x
12810;78;160;113;R111G91B147;x
12811;145;128;137;R199G100B110;x
12812;198;173;66;R93G15B167;x
12813;207;164;109;R65G39B76;x
12814;181;175;121;R55G142B209;x
12815;117;169;173;R11G24B206;x
12816;97;154;108;R233G214B218;x
12817;179;152;207;R102G166B103;x
12818;199;192;110;R179G139B178;x
12819;118;100;154;R200G115B49;x
12820;101;93;95;R135G108B71;x
12821;167;159;130;R6G194B51;x
12822;212;205;74;R227G2B147;x
12823;203;169;81;R97G63B169;x
12824;150;173;161;R100G176B170;x
12825;109;167;112;R75G58B24;x
12826;197;144;101;R144G213B243;x
12827;204;166;85;R68G3B109;x
12828;138;177;180;R111G91B167;x
12829;129;123;124;R207G100B118;x
12830;192;169;84;R174G191B122;x
12831;171;147;124;R196G5B38;x
12832;119;139;87;R202G156B106;x
12833;172;171;50;R121G139B223;x
12834;129;174;125;R157G127B26;x
12835;172;165;96;R251G107B149;x
12836;170;206;116;R234G104B127;x
12837;188;180;107;R162G212B34;x
12838;200;156;106;R88G222B87;x
12839;99;145;160;R194G142B247;x
12840;100;141;99;R60G46B69;x
12841;131;186;122;R62G90B207;x
12842;99;140;79;R58G116B162;x
12843;219;160;78;R204G249B22;x
12844;145;151;93;R24G254B62;x
12845;140;137;150;R206G182B158;x
12846;146;199;86;R82G116B255;x
12847;195;147;135;R184G201B236;x
12848;190;130;56;R201G45B156;x
12849;231;160;131;R134G100B130;x
12850;158;110;141;R80G141B78;x
12851;230;143;54;R196G74B112;x
12852;192;142;177;R154G28B13;x
12853;205;173;78;R160G184B68;x
12854;190;175;102;R235G156B127;x
12855;210;176;116;R53G57B25;x
12856;75;82;83;R184G83B96;x
12857;200;172;90;R55G199B117;x
12858;83;157;126;R187G218B160;x
12859;78;112;175;R222G253B15;x
12860;125;148;68;R59G5B232;x
12861;176;164;175;R222G70B65;x
12862;173;187;134;R29G163B239;x
12863;199;173;112;R157G209B222;x
12864;195;164;100;R81G254B87;x
12865;189;188;126;R42G24B200;x
12866;166;179;94;R23G248B216;x
12867;167;205;76;R226G201B113;x
12868;186;159;89;R30G97B39;x
12869;192;173;86;R40G155B160;x
12870;221;168;113;R162G49B50;x
12871;167;174;81;R89G124B208;x
12872;165;162;60;R189G173B67;x
12873;207;143;96;R16G191B6;x
12874;119;137;156;R252G65B77;x
12875;197;119;65;R98G239B111;x
12876;63;182;113;R86G214B131;x
12877;170;165;148;R158G220B79;x
12878;176;180;104;R79G35B110;x
12879;171;138;166;R118G170B59;x
12880;201;182;86;R23G24B213;x
12881;176;183;89;R118G62B245;x
12882;218;178;96;R43G234B45;x
12883;165;141;75;R91G145B102;x
12884;194;165;107;R250G210B198;x
12885;232;156;83;R9G238B184;x
12886;171;195;102;R115G4B244;x
12887;159;164;95;R230G239B78;x
12888;210;195;120;R74G158B215;x
12889;221;155;82;R21G10B87;x
12890;166;193;166;R187G234B250;x
12891;175;221;116;R173G177B125;x
12892;89;134;193;R228G169B71;x
12893;186;169;81;R74G154B110;x
12894;119;153;129;R31G108B60;x
12895;161;186;147;R163G242B75;x
12896;186;170;96;R125G11B206;x
12897;97;114;111;R52G68B181;x
12898;163;186;151;R127G6B6;x
12899;194;149;162;R16G206B208;x
12900;171;193;183;R28G237B209;x
12901;111;152;65;R200G186B13;x
12902;176;149;144;R34G168B0;x
12903;157;172;120;R30G23B175;x
12904;207;114;161;R215G32B176;x
12905;212;162;82;R23G87B42;x
12906;225;169;149;R136G17B144;x
12907;217;176;74;R138G11B224;x
12908;205;205;90;R211G78B30;x
12909;204;164;98;R196G16B185;x
12910;189;113;155;R164G229B129;x
12911;133;123;74;R199G87B80;x
12912;137;165;108;R199G113B170;x
12913;198;150;101;R3G194B140;x
12914;172;133;53;R235G124B210;x
12915;133;146;84;R80G129B49;x
12916;216;130;62;R59G228B25;x
12917;211;138;104;R166G116B54;x
12918;171;118;91;R77G161B46;x
12919;205;143;50;R61G213B25;x
12920;92;132;86;R82G41B91;x
12921;172;200;177;R21G57B193;x
12922;165;145;184;R43G19B104;x
12923;64;160;62;R133G169B230;x
12924;185;202;93;R147G92B185;x
12925;199;147;108;R109G22B166;x
12926;177;168;138;R132G30B220;x
12927;224;166;75;R57G217B236;x
12928;212;175;119;R111G227B24;x
12929;196;146;183;R107G250B220;x
12930;214;172;115;R252G210B233;x
12931;198;195;85;R128G114B41;x
12932;138;145;152;R78G178B177;x
12933;186;155;89;R142G177B121;x
12934;167;173;104;R75G7B227;x
12935;106;143;125;R239G242B48;x
12936;209;130;75;R238G243B170;x
12937;173;155;85;R217G171B226;x
12938;181;164;126;R174G180B127;x
12939;101;154;100;R244G161B167;x
12940;78;123;101;R242G103B104;x
12941;161;145;135;R148G28B12;x
12942;112;142;64;R64G172B74;x
12943;191;176;112;R205G0B124;x
12944;159;202;95;R46G224B71;x
12945;128;153;153;R90G165B250;x
12946;160;170;141;R25G211B112;x
12947;190;158;81;R246G226B247;x
12948;190;158;83;R167G202B188;x
12949;207;194;121;R44G225B26;x
12950;240;132;104;R123G164B126;x
12951;181;177;153;R54G135B154;x
12952;107;140;171;R221G79B47;x
12953;187;165;128;R123G84B75;x
12954;209;159;102;R114G3B43;x
12955;191;178;107;R45G127B129;x
12956;142;190;92;R53G139B84;x
12957;232;167;97;R158G87B120;x
12958;155;181;67;R131G51B216;x
12959;96;145;92;R255G222B236;x
12960;175;156;155;R26G164B128;x
12961;163;140;138;R34G165B229;x
12962;186;207;101;R231G227B113;x
12963;105;115;28;R194G74B77;x
12964;237;226;142;R167G56B16;x
12965;178;164;95;R236G217B97;x
12966;117;169;90;R207G73B224;x
12967;196;175;59;R62G200B135;x
12968;192;183;61;R53G116B70;x
12969;196;127;158;R60G191B220;x
12970;194;121;77;R102G233B54;x
12971;181;162;112;R110G174B39;x
12972;174;157;168;R180G17B150;x
12973;186;161;100;R188G51B190;x
12974;206;139;61;R25G228B185;x
12975;56;152;87;R31G56B107;x
12976;211;185;98;R182G105B70;x
12977;151;167;119;R99G65B218;x
12978;195;213;116;R244G201B2;x
12979;160;188;156;R213G37B51;x
12980;190;164;153;R210G242B137;x
12981;237;150;93;R85G153B88;x
12982;157;210;102;R206G8B201;x
12983;154;177;109;R41G39B134;x
12984;101;176;140;R219G158B212;x
12985;214;154;92;R35G204B147;x
12986;161;197;183;R168G181B172;x
12987;138;164;148;R197G120B248;x
12988;190;168;152;R201G226B151;x
12989;238;156;123;R117G248B209;x
12990;218;160;98;R124G53B185;x
12991;194;164;76;R147G99B48;x
12992;96;120;66;R168G53B198;x
12993;115;182;174;R176G107B76;x
12994;113;158;126;R40G210B101;x
12995;185;137;135;R69G122B77;x
12996;168;137;136;R230G145B196;x
12997;220;154;103;R11G188B84;x
12998;189;182;147;R201G254B214;x
12999;200;168;101;R172G136B46;x
13000;84;140;125;R191G200B34;x
13001;121;131;107;R16G210B249;x
13002;203;200;83;R122G74B148;x
13003;187;204;135;R36G136B100;x
13004;198;163;89;R101G184B137;x
13005;208;194;82;R179G18B68;x
13006;182;134;189;R73G227B145;x
13007;178;164;91;R116G70B119;x
13008;198;177;89;R220G143B94;x
13009;184;149;102;R98G210B220;x
13010;167;177;149;R87G126B208;x
13011;109;175;159;R79G63B96;x
13012;98;171;97;R69G180B227;x
13013;157;168;78;R186G143B6;x
13014;160;128;135;R139G142B37;x
13015;120;160;203;R220G240B16;x
13016;200;151;91;R144G186B196;x
13017;52;160;61;R232G152B242;x
13018;194;153;124;R102G167B46;x
13019;155;144;73;R179G71B117;x
13020;172;165;150;R118G69B80;x
13021;217;149;57;R147G131B223;x
13022;186;154;58;R152G170B200;x
13023;184;144;104;R185G252B233;x
13024;135;125;128;R120G234B80;x
13025;216;135;81;R81G63B194;x
13026;169;143;136;R74G208B151;x
13027;240;181;95;R57G129B107;x
13028;109;172;178;R51G114B46;x
13029;209;153;105;R222G248B115;x
13030;224;130;114;R170G123B96;x
13031;197;184;76;R37G117B195;x
13032;181;151;142;R70G110B205;x
13033;78;130;54;R52G209B96;x
13034;187;193;98;R242G32B114;x
13035;194;186;116;R251G141B180;x
13036;159;170;106;R238G96B86;x
13037;146;143;149;R184G50B102;x
13038;181;148;112;R172G82B42;x
13039;230;148;124;R83G5B190;x
13040;205;200;110;R140G118B148;x
13041;101;151;163;R11G232B77;x
13042;192;125;112;R241G85B44;x
13043;212;201;88;R255G190B73;x
13044;185;141;62;R208G31B101;x
13045;107;146;93;R180G121B97;x
13046;199;187;93;R41G1B209;x
13047;197;140;75;R67G133B123;x
13048;200;148;143;R226G217B136;x
13049;160;180;55;R221G157B32;x
13050;149;186;85;R209G208B175;x
13051;156;171;110;R218G79B119;x
13052;147;191;105;R200G62B63;x
13053;195;192;103;R70G166B227;x
13054;103;191;172;R196G75B253;x
13055;162;156;151;R137G114B103;x
13056;214;197;90;R213G100B124;x
13057;209;211;112;R24G131B81;x
13058;193;158;101;R188G64B147;x
13059;208;196;93;R178G254B41;x
13060;115;143;162;R205G130B254;x
13061;170;198;97;R42G120B130;x
13062;180;141;96;R196G96B87;x
13063;201;185;123;R8G182B41;x
13064;98;121;152;R231G0B0;x
13065;132;144;201;R33G140B160;x
13066;125;137;121;R160G201B26;x
13067;135;188;134;R101G157B25;x
13068;212;142;140;R27G64B134;x
13069;196;185;91;R174G20B89;x
13070;179;145;121;R87G153B245;x
13071;169;163;136;R79G52B145;x
13072;202;137;78;R21G144B77;x
13073;195;117;111;R60G100B234;x
13074;167;170;134;R209G209B190;x
13075;235;190;119;R186G102B76;x
13076;109;124;99;R95G240B88;x
13077;151;190;136;R65G64B169;x
13078;186;141;127;R240G8B219;x
13079;98;123;93;R217G67B186;x
13080;136;172;152;R235G46B84;x
13081;201;209;102;R176G56B15;x
13082;191;168;75;R145G175B132;x
13083;201;187;134;R119G4B67;x
13084;240;168;109;R236G7B118;x
13085;240;158;86;R171G160B214;x
13086;189;125;82;R12G188B23;x
13087;176;202;73;R158G212B172;x
13088;157;144;94;R228G6B86;x
13089;190;164;61;R223G76B35;x
13090;219;204;86;R59G122B45;x
13091;220;182;95;R198G101B46;x
13092;211;140;102;R43G248B16;x
13093;136;175;144;R168G161B254;x
13094;201;175;64;R109G127B1;x
13095;172;194;63;R44G11B110;x
13096;145;196;134;R188G82B29;x
13097;95;117;78;R112G229B238;x
13098;89;162;91;R234G191B159;x
13099;102;159;71;R24G141B0;x
13100;217;188;102;R109G218B136;x
13101;215;184;139;R13G57B216;x
13102;115;109;138;R32G3B42;x
13103;163;113;80;R208G115B89;x
13104;193;184;112;R131G124B164;x
13105;206;176;54;R63G177B130;x
13106;164;177;91;R4G181B104;x
13107;101;161;176;R160G240B102;x
13108;161;177;159;R219G2B181;x
13109;240;176;84;R195G143B86;x
13110;175;159;157;R234G112B151;x
13111;226;191;75;R177G249B9;x
13112;180;186;83;R198G72B42;x
13113;74;150;96;R152G167B36;x
13114;161;182;98;R119G227B77;x
13115;195;129;58;R228G234B30;x
13116;226;192;70;R74G103B149;x
13117;177;192;64;R31G204B237;x
13118;150;162;132;R183G125B195;x
13119;190;161;71;R130G228B92;x
13120;104;181;75;R175G82B114;x
13121;194;159;111;R223G107B246;x
13122;213;128;61;R74G80B117;x
13123;160;150;87;R252G78B228;x
13124;193;151;96;R223G146B155;x
13125;151;177;86;R28G136B61;x
13126;168;131;114;R198G40B218;x
13127;53;109;93;R38G28B95;x
13128;206;172;151;R206G128B230;x
13129;186;144;102;R171G237B157;x
13130;195;206;70;R71G88B176;x
13131;140;159;126;R157G33B35;x
13132;195;148;129;R133G130B163;x
13133;191;136;108;R144G200B35;x
13134;205;180;134;R208G208B21;x
13135;224;181;122;R69G13B252;x
13136;173;139;151;R27G55B214;x
13137;223;184;147;R51G161B72;x
13138;211;163;75;R80G97B40;x
13139;208;138;105;R113G223B251;x
13140;209;137;104;R178G88B156;x
13141;89;150;109;R222G75B96;x
13142;183;197;59;R202G150B230;x
13143;197;116;124;R97G55B59;x
13144;145;147;158;R35G61B108;x
13145;174;189;135;R203G76B149;x
13146;114;172;197;R226G114B224;x
13147;146;156;132;R43G54B115;x
13148;141;151;156;R53G61B210;x
13149;200;176;93;R253G40B242;x
13150;104;100;122;R214G174B189;x
13151;219;191;64;R90G129B106;x
13152;97;137;62;R18G168B238;x
13153;195;129;102;R210G55B209;x
13154;159;149;102;R167G179B118;x
13155;180;177;87;R170G105B197;x
13156;182;184;137;R42G89B222;x
13157;161;167;121;R96G202B145;x
13158;193;135;89;R169G167B133;x
13159;227;170;128;R81G145B176;x
13160;182;154;154;R245G86B67;x
13161;87;143;53;R249G17B180;x
13162;183;132;73;R215G137B31;x
13163;168;169;63;R230G123B16;x
13164;141;174;105;R11G173B248;x
13165;194;180;110;R108G187B232;x
13166;92;146;153;R130G46B222;x
13167;195;186;66;R171G166B215;x
13168;188;201;126;R249G1B168;x
13169;144;160;153;R208G229B6;x
13170;228;155;72;R53G255B200;x
13171;123;170;108;R83G200B14;x
13172;190;174;133;R55G170B54;x
13173;166;196;90;R147G70B178;x
13174;70;135;175;R197G153B67;x
13175;122;182;94;R181G40B171;x
13176;222;158;87;R227G62B34;x
13177;186;162;134;R46G36B31;x
13178;121;138;137;R207G138B165;x
13179;176;153;126;R144G1B204;x
13180;196;166;64;R145G167B212;x
13181;203;170;92;R93G97B168;x
13182;176;201;124;R213G101B250;x
13183;180;199;77;R86G130B222;x
13184;236;171;99;R131G210B186;x
13185;157;125;147;R221G208B63;x
13186;170;137;109;R213G135B156;x
13187;196;155;170;R215G209B180;x
13188;201;102;83;R60G154B9;x
13189;166;187;123;R206G232B74;x
13190;109;153;95;R208G207B112;x
13191;103;157;140;R144G253B78;x
13192;203;135;76;R195G97B165;x
13193;169;148;88;R183G177B32;x
13194;210;199;85;R93G197B136;x
13195;225;135;102;R110G218B87;x
13196;200;140;117;R170G87B62;x
13197;100;153;175;R14G75B99;x
13198;157;129;154;R5G54B13;x
13199;146;149;139;R144G73B217;x
13200;157;189;112;R112G250B37;x
13201;182;179;76;R63G200B255;x
13202;199;138;104;R103G210B8;x
13203;194;165;105;R77G8B218;x
13204;186;184;86;R58G137B226;x
13205;207;200;75;R248G193B197;x
13206;164;97;78;R47G164B209;x
13207;75;151;73;R120G239B81;x
13208;97;147;77;R86G194B242;x
13209;91;177;175;R77G98B2;x
13210;165;194;124;R135G115B13;x
13211;188;133;85;R20G150B30;x
13212;175;175;151;R112G227B111;x
13213;168;150;138;R96G72B224;x
13214;234;155;110;R180G115B88;x
13215;82;110;60;R35G196B67;x
13216;200;169;85;R250G31B231;x
13217;84;153;65;R116G117B61;x
13218;200;149;61;R169G0B213;x
13219;193;172;87;R227G40B75;x
13220;178;176;80;R181G98B96;x
13221;169;158;76;R128G163B249;x
13222;192;137;82;R120G43B172;x
13223;199;159;168;R62G133B30;x
13224;174;179;37;R229G3B97;x
13225;212;138;163;R196G233B67;x
13226;164;155;151;R22G74B49;x
13227;128;147;168;R76G144B1;x
13228;167;179;158;R139G162B143;x
13229;217;183;98;R60G135B150;x
13230;211;123;90;R6G131B58;x
13231;147;160;113;R113G100B103;x
13232;203;137;106;R169G123B63;x
13233;88;150;59;R180G171B222;x
13234;204;171;161;R107G138B164;x
13235;168;161;109;R212G25B69;x
13236;195;134;93;R183G9B33;x
13237;230;172;87;R228G136B235;x
13238;182;154;148;R95G56B60;x
13239;96;178;119;R4G233B185;x
13240;106;147;78;R171G202B212;x
13241;192;127;142;R91G41B186;x
13242;210;143;134;R193G251B227;x
13243;231;154;58;R229G136B235;x
13244;128;155;116;R179G214B243;x
13245;69;120;94;R182G162B185;x
13246;189;158;65;R157G29B116;x
13247;228;171;64;R92G147B49;x
13248;92;146;124;R56G108B197;x
13249;193;145;103;R150G32B19;x
13250;184;150;80;R158G133B58;x
13251;186;183;82;R107G195B10;x
13252;181;167;73;R3G205B23;x
13253;190;174;85;R41G3B82;x
13254;175;178;109;R87G113B254;x
13255;224;165;81;R220G226B138;x
13256;160;177;144;R36G62B208;x
13257;152;140;120;R213G174B140;x
13258;184;143;166;R104G255B160;x
13259;112;103;198;R92G238B244;x
13260;229;159;98;R137G138B61;x
13261;164;134;160;R235G117B150;x
13262;177;206;124;R119G226B86;x
13263;229;140;83;R226G156B125;x
13264;180;154;74;R17G187B189;x
13265;218;139;81;R156G120B136;x
13266;156;198;88;R182G36B56;x
13267;214;174;94;R212G122B215;x
13268;172;159;141;R192G147B240;x
13269;182;195;152;R107G164B73;x
13270;168;126;105;R136G103B46;x
13271;193;197;134;R193G144B57;x
13272;235;148;116;R75G140B106;x
13273;216;214;82;R182G245B190;x
13274;213;125;61;R140G127B143;x
13275;214;176;108;R228G121B50;x
13276;213;162;70;R128G161B10;x
13277;222;136;97;R138G47B254;x
13278;201;170;80;R124G25B253;x
13279;152;167;130;R76G89B162;x
13280;171;144;110;R130G70B3;x
13281;148;179;122;R107G11B133;x
13282;185;134;130;R62G128B144;x
13283;184;198;118;R176G141B85;x
13284;131;146;185;R244G10B32;x
13285;181;217;86;R173G204B76;x
13286;133;168;131;R164G161B137;x
13287;175;148;103;R148G199B185;x
13288;240;183;66;R177G224B121;x
13289;198;117;125;R230G179B89;x
13290;204;151;61;R100G171B196;x
13291;185;167;120;R109G42B217;x
13292;158;197;93;R30G37B25;x
13293;218;131;81;R6G216B130;x
13294;147;193;71;R77G112B53;x
13295;188;167;157;R209G79B158;x
13296;240;162;106;R118G12B5;x
13297;103;172;96;R73G44B115;x
13298;175;202;79;R89G225B19;x
13299;209;175;119;R41G170B225;x
13300;198;175;160;R58G170B118;x
13301;123;132;66;R141G192B34;x
13302;111;138;148;R9G243B253;x
13303;185;192;119;R124G253B254;x
13304;208;166;102;R49G137B164;x
13305;196;193;138;R152G175B129;x
13306;202;174;104;R23G114B252;x
13307;101;124;148;R176G32B26;x
13308;44;155;114;R41G145B81;x
13309;141;135;107;R29G166B232;x
13310;180;154;91;R149G101B32;x
13311;121;133;76;R211G2B18;x
13312;207;143;54;R105G159B100;x
13313;202;188;87;R7G88B28;x
13314;191;140;165;R97G161B65;x
13315;90;128;44;R46G173B174;x
13316;223;199;79;R125G129B215;x
13317;214;179;131;R224G170B196;x
13318;104;173;204;R118G44B42;x
13319;198;172;78;R49G23B26;x
13320;214;172;67;R6G226B157;x
13321;195;171;134;R176G106B13;x
13322;187;187;191;R203G188B233;x
13323;180;142;169;R18G126B111;x
13324;170;167;120;R7G53B26;x
13325;176;207;129;R145G77B77;x
13326;168;182;120;R102G44B61;x
13327;194;191;120;R79G55B32;x
13328;174;201;61;R134G25B12;x
13329;209;150;71;R102G69B170;x
13330;174;163;111;R175G163B46;x
13331;97;156;79;R241G237B112;x
13332;136;153;147;R250G36B11;x
13333;194;198;121;R151G114B108;x
13334;167;202;68;R21G32B109;x
13335;170;177;122;R34G219B7;x
13336;170;152;137;R54G237B180;x
13337;217;177;107;R206G110B55;x
13338;146;114;121;R244G225B60;x
13339;160;177;133;R203G20B177;x
13340;194;179;88;R46G243B14;x
13341;182;175;99;R64G43B13;x
13342;188;184;184;R142G181B34;x
13343;223;161;94;R248G172B78;x
13344;137;167;119;R226G48B113;x
13345;157;207;105;R23G121B39;x
13346;204;158;140;R159G47B56;x
13347;138;151;136;R136G227B37;x
13348;182;170;83;R203G184B194;x
13349;210;152;171;R41G94B210;x
13350;189;179;137;R196G83B145;x
13351;219;190;101;R252G223B7;x
13352;201;151;94;R92G110B90;x
13353;236;177;71;R28G205B245;x
13354;189;190;68;R0G181B76;x
13355;203;176;81;R175G40B175;x
13356;190;197;103;R88G250B76;x
13357;151;200;118;R107G152B228;x
13358;80;151;108;R171G25B150;x
13359;123;146;110;R75G15B24;x
13360;126;105;154;R27G99B243;x
13361;208;137;81;R26G165B221;x
13362;164;172;100;R163G83B43;x
13363;73;145;71;R237G169B4;x
13364;192;147;112;R37G204B174;x
13365;143;188;68;R13G177B209;x
13366;167;151;161;R110G105B221;x
13367;148;148;189;R36G145B245;x
13368;133;111;91;R192G16B189;x
13369;213;164;80;R214G189B172;x
13370;149;148;146;R63G133B73;x
13371;163;148;119;R17G145B247;x
13372;200;168;110;R63G214B255;x
13373;209;133;113;R42G58B8;x
13374;157;183;104;R78G151B87;x
13375;202;121;85;R199G3B206;x
13376;210;172;145;R80G21B221;x
13377;107;125;115;R70G208B226;x
13378;160;158;145;R217G249B86;x
13379;174;162;128;R251G56B169;x
13380;160;181;83;R141G49B159;x
13381;197;163;105;R238G230B10;x
13382;178;176;83;R151G139B172;x
13383;176;165;115;R94G27B110;x
13384;101;119;94;R42G210B245;x
13385;146;155;138;R144G142B231;x
13386;197;122;117;R152G122B64;x
13387;192;148;61;R198G75B99;x
13388;192;158;103;R117G198B89;x
13389;189;153;115;R254G26B201;x
13390;203;137;159;R101G135B133;x
13391;240;211;124;R235G177B102;x
13392;233;194;79;R196G173B254;x
13393;193;156;108;R214G253B21;x
13394;188;179;91;R27G21B210;x
13395;80;101;84;R65G186B236;x
13396;81;108;106;R80G230B91;x
13397;33;157;91;R141G79B127;x
13398;179;203;76;R245G244B104;x
13399;167;173;86;R125G76B150;x
13400;96;116;100;R126G206B84;x
13401;223;148;59;R69G137B75;x
13402;194;163;103;R232G87B10;x
13403;162;180;83;R151G7B130;x
13404;167;167;156;R53G10B84;x
13405;214;192;87;R30G42B120;x
13406;183;105;174;R103G251B191;x
13407;184;176;108;R32G124B14;x
13408;197;166;59;R184G255B148;x
13409;192;187;116;R48G78B79;x
13410;163;149;131;R164G42B188;x
13411;194;109;131;R217G215B104;x
13412;153;161;63;R226G66B80;x
13413;151;165;143;R212G253B65;x
13414;209;191;144;R92G217B194;x
13415;214;141;107;R198G169B94;x
13416;177;184;178;R58G94B78;x
13417;70;151;81;R133G125B205;x
13418;185;158;100;R118G216B254;x
13419;237;184;112;R43G80B206;x
13420;186;158;187;R128G128B10;x
13421;217;178;61;R57G201B254;x
13422;201;162;147;R18G207B77;x
13423;187;162;84;R0G1B198;x
13424;75;141;61;R64G199B77;x
13425;174;198;93;R232G216B121;x
13426;143;191;136;R159G212B187;x
13427;206;209;136;R108G120B242;x
13428;216;160;86;R73G196B54;x
13429;196;141;133;R208G19B159;x
13430;190;163;102;R249G7B160;x
13431;188;175;105;R233G70B111;x
13432;117;131;127;R2G133B248;x
13433;209;206;88;R17G43B81;x
13434;147;107;186;R252G167B251;x
13435;185;179;106;R151G75B107;x
13436;240;205;85;R167G56B196;x
13437;180;188;168;R132G217B189;x
13438;180;179;116;R223G89B233;x
13439;205;178;138;R128G212B182;x
13440;173;163;85;R131G138B250;x
13441;198;233;110;R150G233B211;x
13442;200;201;115;R143G78B97;x
13443;156;144;55;R55G88B145;x
13444;195;147;80;R194G65B58;x
13445;50;137;117;R103G123B113;x
13446;78;138;91;R165G111B6;x
13447;178;144;137;R230G79B31;x
13448;118;152;140;R23G166B3;x
13449;156;105;131;R142G41B167;x
13450;197;126;76;R84G225B12;x
13451;216;164;80;R93G84B203;x
13452;177;165;64;R221G167B138;x
13453;181;164;97;R50G121B182;x
13454;177;178;144;R13G101B38;x
13455;121;138;148;R179G242B168;x
13456;236;192;87;R70G235B57;x
13457;148;152;150;R90G177B88;x
13458;106;133;68;R177G31B204;x
13459;206;173;89;R42G123B61;x
13460;118;143;57;R42G117B181;x
13461;146;220;103;R89G212B232;x
13462;141;179;152;R49G236B4;x
13463;158;129;110;R103G33B119;x
13464;187;153;74;R105G54B251;x
13465;123;186;148;R231G145B47;x
13466;163;152;144;R12G106B225;x
13467;130;156;147;R152G244B147;x
13468;198;200;55;R23G242B18;x
13469;183;156;170;R125G163B148;x
13470;196;178;86;R140G17B29;x
13471;200;144;137;R133G227B223;x
13472;183;182;149;R81G158B251;x
13473;204;163;104;R115G80B108;x
13474;196;203;76;R149G240B40;x
13475;103;140;83;R130G44B227;x
13476;120;139;159;R170G175B204;x
13477;159;187;105;R142G214B99;x
13478;197;170;138;R75G140B198;x
13479;165;142;159;R78G245B63;x
13480;112;175;121;R100G79B202;x
13481;202;151;107;R245G82B77;x
13482;192;150;151;R59G87B12;x
13483;170;203;99;R51G89B187;x
13484;82;106;83;R115G252B63;x
13485;186;178;98;R187G222B58;x
13486;135;143;153;R147G124B254;x
13487;153;165;116;R115G145B26;x
13488;113;150;60;R212G162B69;x
13489;170;175;75;R225G209B33;x
13490;196;183;82;R236G134B220;x
13491;163;129;167;R196G143B247;x
13492;220;149;110;R70G162B220;x
13493;183;186;118;R172G125B196;x
13494;55;157;114;R221G166B144;x
13495;167;190;79;R28G229B221;x
13496;176;182;159;R19G231B248;x
13497;191;155;112;R161G93B177;x
13498;169;121;161;R50G139B10;x
13499;108;124;41;R135G81B34;x
13500;123;184;93;R223G189B104;x
13501;140;156;120;R160G135B38;x
13502;160;172;134;R207G59B201;x
13503;58;154;91;R167G15B251;x
13504;206;232;115;R136G219B171;x
13505;196;132;96;R44G1B126;x
13506;190;185;86;R3G31B118;x
13507;207;192;77;R111G167B96;x
13508;187;165;49;R8G69B145;x
13509;181;177;142;R185G231B4;x
13510;178;115;132;R112G193B251;x
13511;179;177;97;R107G148B208;x
13512;201;149;130;R131G48B124;x
13513;214;157;76;R102G203B176;x
13514;218;158;70;R80G201B38;x
13515;209;155;127;R222G253B66;x
13516;79;149;67;R161G5B66;x
13517;208;186;114;R63G98B25;x
13518;164;136;160;R145G63B21;x
13519;207;180;109;R253G80B183;x
13520;138;124;186;R135G196B70;x
13521;226;139;75;R224G215B15;x
13522;209;131;71;R185G116B170;x
13523;215;189;106;R45G23B149;x
13524;86;166;103;R105G10B100;x
13525;219;139;73;R123G194B28;x
13526;189;133;94;R208G44B166;x
13527;215;179;91;R28G99B62;x
13528;153;174;125;R20G163B111;x
13529;187;155;148;R220G3B142;x
13530;204;166;87;R74G43B228;x
13531;86;154;82;R52G185B64;x
13532;201;126;61;R233G62B80;x
13533;236;146;94;R161G216B157;x
13534;165;204;97;R2G226B234;x
13535;107;124;90;R220G178B38;x
13536;163;205;84;R18G61B125;x
13537;148;119;153;R20G138B151;x
13538;224;150;123;R64G255B185;x
13539;67;151;138;R228G158B193;x
13540;193;197;85;R92G150B214;x
13541;227;177;99;R216G211B209;x
13542;230;149;80;R246G4B190;x
13543;146;149;155;R233G117B134;x
13544;181;168;106;R241G246B129;x
13545;177;131;168;R125G145B226;x
13546;161;172;176;R93G78B106;x
13547;113;124;118;R193G100B251;x
13548;235;180;121;R45G219B177;x
13549;170;160;156;R176G43B226;x
13550;140;173;111;R179G149B223;x
13551;167;156;161;R129G109B214;x
13552;203;131;107;R170G135B187;x
13553;196;178;79;R237G135B59;x
13554;147;189;104;R87G161B148;x
13555;123;154;96;R254G153B88;x
13556;219;156;111;R220G2B88;x
13557;180;161;109;R0G185B104;x
13558;76;123;107;R71G38B166;x
13559;166;156;76;R59G6B188;x
13560;208;133;127;R57G86B229;x
13561;180;135;91;R149G137B85;x
13562;188;189;54;R104G247B95;x
13563;190;172;92;R217G255B161;x
13564;165;119;76;R235G48B41;x
13565;183;160;82;R103G251B51;x
13566;146;175;111;R136G124B120;x
13567;187;121;146;R183G47B230;x
13568;90;133;72;R147G19B255;x
13569;222;158;96;R185G57B209;x
13570;224;125;58;R57G91B84;x
13571;194;191;114;R50G208B167;x
13572;206;173;106;R17G209B52;x
13573;96;122;85;R71G230B37;x
13574;196;160;103;R90G57B163;x
13575;196;187;115;R243G165B76;x
13576;237;176;93;R121G193B98;x
13577;192;139;78;R222G130B186;x
13578;203;172;83;R114G226B120;x
13579;127;178;112;R213G146B214;x
13580;173;150;137;R1G228B176;x
13581;158;204;90;R171G104B11;x
13582;231;192;114;R202G226B42;x
13583;149;163;86;R240G66B243;x
13584;114;100;129;R139G33B182;x
13585;217;210;103;R131G126B42;x
13586;160;185;173;R119G151B205;x
13587;160;179;121;R95G97B177;x
13588;196;186;115;R22G249B208;x
13589;211;181;105;R123G170B251;x
13590;203;157;60;R252G14B117;x
13591;231;155;98;R74G213B255;x
13592;168;181;131;R40G31B103;x
13593;201;135;155;R238G105B45;x
13594;128;169;122;R249G145B19;x
13595;105;171;159;R160G70B147;x
13596;171;208;78;R41G7B237;x
13597;174;162;125;R154G166B163;x
13598;179;153;122;R125G163B201;x
13599;200;168;117;R94G17B216;x
13600;205;115;174;R241G159B140;x
13601;146;174;110;R231G200B19;x
13602;195;119;114;R149G34B166;x
13603;184;167;171;R120G240B93;x
13604;203;152;136;R241G210B179;x
13605;178;180;143;R191G92B25;x
13606;203;172;93;R107G190B46;x
13607;202;160;142;R127G87B166;x
13608;158;212;141;R2G129B6;x
13609;186;123;184;R233G88B59;x
13610;225;198;77;R224G165B231;x
13611;214;179;110;R123G207B56;x
13612;170;175;88;R30G19B182;x
13613;203;206;70;R193G195B45;x
13614;158;159;126;R210G81B147;x
13615;225;181;104;R60G103B155;x
13616;130;179;185;R236G136B140;x
13617;191;169;109;R135G72B92;x
13618;58;116;65;R244G21B41;x
13619;214;177;152;R45G200B57;x
13620;142;128;145;R232G118B114;x
13621;236;142;84;R189G80B193;x
13622;174;180;117;R239G68B228;x
13623;182;129;78;R77G132B78;x
13624;172;150;117;R83G8B76;x
13625;197;173;93;R20G189B148;x
13626;168;148;133;R209G105B188;x
13627;191;142;96;R181G7B106;x
13628;189;178;130;R240G30B229;x
13629;190;126;95;R154G129B23;x
13630;167;185;118;R33G40B135;x
13631;171;168;85;R52G22B16;x
13632;220;169;162;R22G160B88;x
13633;196;155;100;R124G82B107;x
13634;211;163;129;R200G101B171;x
13635;193;138;71;R194G220B144;x
13636;188;175;143;R254G139B93;x
13637;86;135;92;R196G233B250;x
13638;178;172;77;R212G74B215;x
13639;138;174;156;R166G252B240;x
13640;183;135;117;R178G216B67;x
13641;188;163;129;R9G24B208;x
13642;160;202;95;R154G130B218;x
13643;126;174;120;R159G154B192;x
13644;226;197;83;R82G34B235;x
13645;203;153;113;R242G226B223;x
13646;172;129;163;R14G146B128;x
13647;191;186;108;R56G182B57;x
13648;97;130;101;R161G32B41;x
13649;170;181;117;R206G195B255;x
13650;170;185;110;R1G167B226;x
13651;194;212;105;R78G65B153;x
13652;197;191;135;R58G147B63;x
13653;180;167;157;R37G136B128;x
13654;160;154;115;R196G86B175;x
13655;91;141;109;R151G147B145;x
13656;200;139;32;R129G78B153;x
13657;206;171;93;R123G156B198;x
13658;160;135;107;R226G89B32;x
13659;120;151;76;R140G90B95;x
13660;137;119;83;R222G24B58;x
13661;224;184;75;R254G144B11;x
13662;172;178;121;R187G214B111;x
13663;225;197;83;R131G146B215;x
13664;198;132;122;R177G64B154;x
13665;170;153;91;R134G40B249;x
13666;180;162;119;R73G156B130;x
13667;160;131;56;R131G213B134;x
13668;220;193;104;R178G157B160;x
13669;187;137;94;R128G146B84;x
13670;174;173;170;R91G186B141;x
13671;150;102;160;R163G194B45;x
13672;98;165;127;R206G188B202;x
13673;167;168;149;R138G152B179;x
13674;169;207;91;R98G171B87;x
13675;156;223;102;R125G70B215;x
13676;86;135;82;R93G173B196;x
13677;224;182;66;R124G255B149;x
13678;164;115;122;R242G214B225;x
13679;192;157;142;R164G84B249;x
13680;96;121;181;R228G21B138;x
13681;191;119;135;R32G168B242;x
13682;99;99;148;R27G91B164;x
13683;163;185;136;R239G92B79;x
13684;228;190;145;R214G94B43;x
13685;102;143;90;R240G37B240;x
13686;222;177;82;R132G188B4;x
13687;200;159;125;R67G132B50;x
13688;187;198;99;R132G28B109;x
13689;204;130;97;R0G12B174;x
13690;66;126;57;R203G216B187;x
13691;240;136;136;R92G102B145;x
13692;138;173;112;R241G52B227;x
13693;148;167;155;R196G52B17;x
13694;205;173;132;R231G90B116;x
13695;178;161;135;R12G34B9;x
13696;180;135;133;R245G110B131;x
13697;167;170;180;R43G47B72;x
13698;216;204;115;R99G43B179;x
13699;149;187;88;R121G123B75;x
13700;192;132;87;R61G75B202;x
13701;176;162;143;R30G52B67;x
13702;206;173;131;R222G78B144;x
13703;205;167;98;R250G134B119;x
13704;143;188;152;R93G235B207;x
13705;195;149;141;R253G255B169;x
13706;100;114;102;R35G56B137;x
13707;147;131;125;R33G161B159;x
13708;190;140;160;R75G45B20;x
13709;196;129;113;R49G8B151;x
13710;202;196;78;R42G241B5;x
13711;229;167;67;R244G239B185;x
13712;148;146;164;R218G58B251;x
13713;207;196;133;R60G55B173;x
13714;195;188;127;R238G7B56;x
13715;84;105;38;R65G204B122;x
13716;179;119;171;R89G249B175;x
13717;74;99;117;R132G56B233;x
13718;194;171;174;R253G39B221;x
13719;154;159;140;R246G246B199;x
13720;200;156;101;R233G23B196;x
13721;207;158;77;R198G210B90;x
13722;111;190;169;R74G182B28;x
13723;205;149;110;R40G60B127;x
13724;186;125;84;R217G255B150;x
13725;157;169;153;R53G48B21;x
13726;187;134;140;R225G143B84;x
13727;172;178;132;R132G92B210;x
13728;156;155;97;R24G124B243;x
13729;207;147;86;R249G79B139;x
13730;168;186;181;R114G28B37;x
13731;152;120;159;R159G104B82;x
13732;161;150;146;R6G202B37;x
13733;210;146;60;R29G243B29;x
13734;180;180;95;R239G85B189;x
13735;200;173;57;R154G130B164;x
13736;207;196;93;R51G154B112;x
13737;166;185;68;R57G122B83;x
13738;213;163;117;R228G105B189;x
13739;125;114;154;R105G205B138;x
13740;173;157;44;R246G15B241;x
13741;149;166;130;R140G121B157;x
13742;174;155;143;R78G177B156;x
13743;88;115;87;R120G135B70;x
13744;142;127;146;R203G171B181;x
13745;197;171;89;R231G24B133;x
13746;82;155;82;R175G222B52;x
13747;141;177;177;R6G4B27;x
13748;179;195;42;R104G213B84;x
13749;175;157;171;R156G243B122;x
13750;102;136;155;R57G215B69;x
13751;185;196;166;R38G2B243;x
13752;187;191;127;R70G165B6;x
13753;109;99;161;R177G91B157;x
13754;160;178;104;R77G32B50;x
13755;207;126;82;R97G107B127;x
13756;213;234;132;R171G52B183;x
13757;91;148;95;R11G168B113;x
13758;186;189;72;R87G69B27;x
13759;190;129;155;R228G113B224;x
13760;177;194;96;R249G72B255;x
13761;130;162;117;R8G81B240;x
13762;144;141;86;R225G123B61;x
13763;176;160;54;R42G123B161;x
13764;174;116;107;R226G117B139;x
13765;186;181;76;R85G100B18;x
13766;180;183;145;R57G131B127;x
13767;240;175;56;R33G94B113;x
13768;213;212;101;R97G163B229;x
13769;145;163;126;R154G41B195;x
13770;208;184;107;R213G73B80;x
13771;112;164;123;R140G4B93;x
13772;110;114;149;R194G137B243;x
13773;168;175;66;R15G145B137;x
13774;177;151;170;R117G154B146;x
13775;221;138;67;R75G246B204;x
13776;159;180;90;R26G237B202;x
13777;155;156;167;R184G150B182;x
13778;190;183;109;R50G155B160;x
13779;211;169;73;R60G29B67;x
13780;95;173;153;R229G177B213;x
13781;92;151;37;R64G121B18;x
13782;79;167;153;R189G153B221;x
13783;49;112;95;R168G184B53;x
13784;176;160;152;R140G172B14;x
13785;162;149;139;R0G232B182;x
13786;240;154;100;R111G171B137;x
13787;197;185;118;R5G224B177;x
13788;153;165;122;R25G139B221;x
13789;176;199;129;R167G191B116;x
13790;184;160;132;R89G167B12;x
13791;108;86;140;R0G241B42;x
13792;226;192;139;R128G83B140;x
13793;203;172;100;R61G87B103;x
13794;237;180;49;R148G61B62;x
13795;135;165;101;R225G230B241;x
13796;154;183;160;R223G45B228;x
13797;94;110;91;R9G80B152;x
13798;200;182;70;R152G44B126;x
13799;181;182;162;R129G115B182;x
13800;145;166;123;R224G202B94;x
13801;203;183;133;R186G167B38;x
13802;93;135;131;R46G207B172;x
13803;87;158;113;R36G25B181;x
13804;134;196;117;R179G169B190;x
13805;184;147;84;R90G24B179;x
13806;235;228;99;R232G88B8;x
13807;114;188;124;R92G23B156;x
13808;79;166;178;R23G76B213;x
13809;69;133;62;R210G138B245;x
13810;209;173;101;R118G123B139;x
13811;160;169;63;R152G141B56;x
13812;71;134;66;R232G218B154;x
13813;181;134;97;R239G99B219;x
13814;104;152;99;R217G125B219;x
13815;229;208;105;R11G0B251;x
13816;197;206;119;R31G4B216;x
13817;184;172;156;R177G23B168;x
13818;200;232;150;R47G226B132;x
13819;193;176;113;R239G44B61;x
13820;197;177;116;R189G213B55;x
13821;223;157;102;R147G41B27;x
13822;192;166;179;R238G139B16;x
13823;183;141;64;R78G201B123;x
13824;66;156;79;R2G89B85;x
13825;137;172;189;R252G26B115;x
13826;209;142;84;R183G91B165;x
13827;202;199;77;R255G84B143;x
13828;207;157;89;R35G171B152;x
13829;145;194;72;R18G200B49;x
13830;201;173;141;R202G76B46;x
13831;187;184;74;R121G68B151;x
13832;92;152;42;R236G112B219;x
13833;161;116;168;R93G221B141;x
13834;88;169;76;R240G64B235;x
13835;134;181;136;R146G150B83;x
13836;223;130;101;R1G103B33;x
13837;204;124;81;R23G254B172;x
13838;88;139;95;R26G204B85;x
13839;143;182;141;R13G231B54;x
13840;96;113;106;R135G105B121;x
13841;128;181;150;R99G179B169;x
13842;200;184;135;R255G145B148;x
13843;179;167;91;R84G58B83;x
13844;118;136;75;R251G3B168;x
13845;83;115;98;R12G253B111;x
13846;114;122;156;R109G233B68;x
13847;217;162;120;R78G188B41;x
13848;206;206;85;R81G152B152;x
13849;138;168;131;R91G229B50;x
13850;197;127;98;R40G129B243;x
13851;196;160;97;R92G244B195;x
13852;209;150;121;R150G154B34;x
13853;180;161;117;R73G52B171;x
13854;227;154;75;R11G132B98;x
13855;196;160;126;R41G44B226;x
13856;230;176;112;R248G33B224;x
13857;195;190;138;R212G236B227;x
13858;107;142;114;R181G219B29;x
13859;182;97;85;R168G27B97;x
13860;87;125;103;R68G254B125;x
13861;147;135;153;R186G222B195;x
13862;190;132;104;R163G250B224;x
13863;190;162;103;R88G226B171;x
13864;240;220;93;R214G102B88;x
13865;202;145;135;R181G40B234;x
13866;197;106;142;R209G62B162;x
13867;205;187;85;R139G8B201;x
13868;181;164;59;R51G13B36;x
13869;240;136;104;R246G115B207;x
13870;165;163;101;R207G136B103;x
13871;172;144;112;R90G194B3;x
13872;155;146;164;R10G10B25;x
13873;87;142;49;R101G184B200;x
13874;204;159;84;R201G18B136;x
13875;212;185;67;R188G207B58;x
13876;100;162;120;R166G213B155;x
13877;163;173;132;R84G87B229;x
13878;181;162;101;R126G223B144;x
13879;232;195;113;R137G106B0;x
13880;86;150;88;R105G250B193;x
13881;170;169;134;R40G134B173;x
13882;178;157;141;R67G7B175;x
13883;217;172;83;R38G2B87;x
13884;56;138;105;R94G165B35;x
13885;197;141;165;R250G139B12;x
13886;80;114;84;R215G97B130;x
13887;222;138;87;R81G41B18;x
13888;169;174;125;R10G247B252;x
13889;157;146;97;R113G83B72;x
13890;84;108;90;R180G37B199;x
13891;161;211;121;R154G196B28;x
13892;198;222;109;R152G61B224;x
13893;239;148;59;R41G238B2;x
13894;233;162;111;R237G68B153;x
13895;173;118;143;R4G88B190;x
13896;187;149;73;R217G207B239;x
13897;224;184;87;R89G15B129;x
13898;192;172;113;R238G159B56;x
13899;158;180;91;R138G154B122;x
13900;155;157;125;R102G236B172;x
13901;165;145;144;R123G199B4;x
13902;191;209;129;R164G162B140;x
13903;207;190;100;R26G113B165;x
13904;184;124;49;R24G220B148;x
13905;109;105;78;R238G23B216;x
13906;187;189;114;R14G128B68;x
13907;228;177;82;R142G109B129;x
13908;134;152;185;R163G177B26;x
13909;164;197;150;R69G189B191;x
13910;208;194;98;R12G251B11;x
13911;167;144;153;R252G94B5;x
13912;77;141;96;R37G217B14;x
13913;168;144;164;R186G107B91;x
13914;97;104;41;R237G102B149;x
13915;115;135;140;R145G98B34;x
13916;205;178;102;R35G91B72;x
13917;92;165;84;R252G76B192;x
13918;238;199;152;R115G64B134;x
13919;183;144;85;R145G100B191;x
13920;219;158;105;R43G187B94;x
13921;224;180;104;R242G68B246;x
13922;156;180;130;R151G106B67;x
13923;136;124;161;R153G118B111;x
13924;124;138;185;R19G78B128;x
13925;197;183;117;R57G144B60;x
13926;158;126;126;R153G252B83;x
13927;101;128;78;R139G170B200;x
13928;233;156;102;R128G110B39;x
13929;207;205;82;R238G133B131;x
13930;213;133;131;R131G163B161;x
13931;188;178;82;R196G69B62;x
13932;175;159;66;R141G223B169;x
13933;84;175;92;R17G192B161;x
13934;154;152;57;R191G91B165;x
13935;162;153;147;R119G196B4;x
13936;175;187;124;R124G247B15;x
13937;95;101;68;R37G119B150;x
13938;117;160;155;R184G242B213;x
13939;220;195;132;R45G21B16;x
13940;228;178;112;R97G246B179;x
13941;216;150;137;R255G241B225;x
13942;206;162;64;R56G37B198;x
13943;192;135;147;R57G76B163;x
13944;155;178;167;R239G70B227;x
13945;96;134;87;R200G81B184;x
13946;179;166;119;R176G251B167;x
13947;186;113;123;R15G150B221;x
13948;206;166;92;R174G77B241;x
13949;54;140;61;R112G246B195;x
13950;196;155;63;R38G35B111;x
13951;206;145;70;R96G108B119;x
13952;224;126;132;R238G80B237;x
13953;183;152;108;R185G6B255;x
13954;107;144;196;R164G130B37;x
13955;199;163;99;R118G134B126;x
13956;189;173;99;R158G99B97;x
13957;202;135;77;R141G191B159;x
13958;222;166;93;R109G59B10;x
13959;177;223;86;R200G163B49;x
13960;175;215;100;R120G27B71;x
13961;207;136;82;R169G158B57;x
13962;108;133;100;R0G0B117;x
13963;151;157;138;R123G134B12;x
13964;77;117;109;R33G89B154;x
13965;203;149;171;R132G48B18;x
13966;224;218;87;R17G253B223;x
13967;203;155;101;R255G115B192;x
13968;75;97;101;R230G38B140;x
13969;182;140;80;R161G88B134;x
13970;128;143;106;R213G21B232;x
13971;120;142;77;R163G70B9;x
13972;81;111;94;R25G185B75;x
13973;157;175;124;R254G168B41;x
13974;195;221;153;R107G127B224;x
13975;91;147;73;R25G143B77;x
13976;228;187;88;R195G236B35;x
13977;185;180;157;R209G109B233;x
13978;212;210;104;R106G39B153;x
13979;82;126;112;R171G124B60;x
13980;209;181;81;R32G1B249;x
13981;181;135;93;R196G135B74;x
13982;119;139;56;R110G19B60;x
13983;188;167;113;R47G163B160;x
13984;216;191;95;R16G237B191;x
13985;118;125;127;R213G34B252;x
13986;67;161;76;R165G112B190;x
13987;83;169;88;R41G255B254;x
13988;168;166;96;R102G144B53;x
13989;164;153;143;R167G6B154;x
13990;231;200;116;R50G126B43;x
13991;200;152;123;R21G117B195;x
13992;206;210;95;R32G142B133;x
13993;185;185;152;R243G218B199;x
13994;94;105;48;R108G109B232;x
13995;229;192;114;R213G93B222;x
13996;160;132;130;R124G115B89;x
13997;225;167;47;R21G212B166;x
13998;158;170;139;R177G244B118;x
13999;166;139;158;R172G68B183;x
14000;202;169;106;R19G246B40;x
14001;167;150;167;R218G221B239;x
14002;191;164;166;R250G82B202;x
14003;49;152;77;R40G225B47;x
14004;155;147;126;R53G252B209;x
14005;209;146;135;R153G226B92;x
14006;187;173;101;R138G88B144;x
14007;140;111;169;R138G155B172;x
14008;172;160;69;R149G45B244;x
14009;168;149;160;R79G156B121;x
14010;161;124;96;R199G161B167;x
14011;208;165;94;R207G185B148;x
14012;72;133;106;R94G60B122;x
14013;196;136;113;R110G171B48;x
14014;202;164;85;R21G62B54;x
14015;188;221;100;R214G192B232;x
14016;174;159;65;R181G77B153;x
14017;169;211;100;R57G36B180;x
14018;175;125;158;R220G232B221;x
14019;90;146;91;R137G51B29;x
14020;185;116;128;R198G106B99;x
14021;214;158;112;R99G232B89;x
14022;165;137;160;R59G5B47;x
14023;167;179;188;R192G70B63;x
14024;200;114;68;R26G199B126;x
14025;172;131;58;R128G20B99;x
14026;230;170;135;R30G221B210;x
14027;72;160;93;R213G138B16;x
14028;135;199;95;R160G237B222;x
14029;171;137;170;R248G130B123;x
14030;123;165;106;R97G46B199;x
14031;143;145;154;R139G36B150;x
14032;208;148;110;R29G100B72;x
14033;229;209;123;R183G243B150;x
14034;214;152;102;R226G121B196;x
14035;183;159;149;R178G69B94;x
14036;98;166;69;R39G187B106;x
14037;120;165;124;R221G140B68;x
14038;232;147;71;R211G49B65;x
14039;216;195;102;R92G154B53;x
14040;223;171;100;R221G168B206;x
14041;89;144;112;R164G97B62;x
14042;156;130;74;R188G55B57;x
14043;166;152;145;R155G7B49;x
14044;240;160;93;R215G82B27;x
14045;212;133;146;R239G27B199;x
14046;145;188;138;R172G212B59;x
14047;131;149;170;R146G50B217;x
14048;203;195;144;R27G38B76;x
14049;198;131;164;R85G46B55;x
14050;170;113;120;R50G12B254;x
14051;219;178;85;R186G100B227;x
14052;171;155;135;R124G117B133;x
14053;122;144;107;R12G240B178;x
14054;133;193;74;R165G90B129;x
14055;209;149;107;R26G102B248;x
14056;191;183;56;R105G176B24;x
14057;85;116;37;R255G164B178;x
14058;165;148;168;R191G143B56;x
14059;104;89;109;R137G184B167;x
14060;173;190;140;R88G250B16;x
14061;158;130;184;R227G152B73;x
14062;170;212;100;R169G169B226;x
14063;171;182;135;R116G196B199;x
14064;224;185;125;R134G201B249;x
14065;203;157;86;R155G105B130;x
14066;184;142;109;R147G11B64;x
14067;230;140;99;R114G48B4;x
14068;209;133;104;R234G217B64;x
14069;177;157;90;R57G141B48;x
14070;168;167;56;R44G12B233;x
14071;148;191;132;R174G48B3;x
14072;220;161;111;R81G1B32;x
14073;204;189;80;R251G213B39;x
14074;103;149;160;R99G237B218;x
14075;216;198;52;R245G72B2;x
14076;167;175;175;R62G73B140;x
14077;230;188;91;R151G182B4;x
14078;190;182;99;R173G226B214;x
14079;201;126;95;R8G176B162;x
14080;120;149;169;R14G66B28;x
14081;217;141;80;R248G229B27;x
14082;158;181;105;R40G175B62;x
14083;197;148;73;R18G18B38;x
14084;162;178;181;R64G33B45;x
14085;158;174;144;R161G188B47;x
14086;184;155;85;R12G42B10;x
14087;197;156;72;R49G135B153;x
14088;169;152;119;R30G153B135;x
14089;174;144;126;R133G194B22;x
14090;108;147;163;R164G88B177;x
14091;140;180;95;R69G143B142;x
14092;37;136;86;R196G20B214;x
14093;204;227;114;R127G69B5;x
14094;143;182;59;R246G33B163;x
14095;228;147;124;R93G104B27;x
14096;212;175;66;R244G222B37;x
14097;193;160;146;R49G134B136;x
14098;157;145;139;R230G5B6;x
14099;156;169;129;R229G176B232;x
14100;64;122;94;R174G252B2;x
14101;186;177;118;R115G72B71;x
14102;204;189;65;R14G109B236;x
14103;142;170;144;R252G177B153;x
14104;163;171;125;R162G59B238;x
14105;195;197;88;R158G245B153;x
14106;145;137;164;R84G175B126;x
14107;181;155;141;R36G106B203;x
14108;199;138;94;R53G164B71;x
14109;192;178;91;R127G211B96;x
14110;212;189;98;R154G46B234;x
14111;70;146;111;R212G118B212;x
14112;80;101;98;R251G120B66;x
14113;194;172;135;R236G14B246;x
14114;203;166;65;R228G181B25;x
14115;165;169;84;R121G176B110;x
14116;189;178;106;R187G132B140;x
14117;134;194;92;R174G12B111;x
14118;213;179;100;R49G188B195;x
14119;210;176;92;R207G10B33;x
14120;49;107;79;R65G206B216;x
14121;216;158;113;R201G79B83;x
14122;176;137;125;R101G252B78;x
14123;89;122;102;R70G130B53;x
14124;164;133;165;R88G242B92;x
14125;224;196;86;R0G213B179;x
14126;158;145;125;R97G35B38;x
14127;172;164;74;R77G166B176;x
14128;176;154;126;R171G69B226;x
14129;207;206;109;R237G25B174;x
14130;179;116;102;R8G11B200;x
14131;154;198;107;R15G186B146;x
14132;137;119;150;R12G170B113;x
14133;187;192;107;R150G4B215;x
14134;183;166;56;R61G181B189;x
14135;231;186;128;R122G174B23;x
14136;184;154;90;R61G121B254;x
14137;193;209;97;R59G51B89;x
14138;137;153;145;R26G14B34;x
14139;180;118;159;R73G113B137;x
14140;180;151;126;R193G222B153;x
14141;215;166;138;R246G224B8;x
14142;194;153;61;R104G85B214;x
14143;172;173;91;R193G112B68;x
14144;204;224;116;R41G135B228;x
14145;142;114;147;R1G41B157;x
14146;159;149;157;R154G23B155;x
14147;215;140;166;R246G40B118;x
14148;123;169;84;R105G252B131;x
14149;111;127;73;R192G138B63;x
14150;152;169;193;R17G87B126;x
14151;197;214;49;R130G69B181;x
14152;157;164;145;R80G27B90;x
14153;111;156;111;R204G238B73;x
14154;210;138;130;R243G106B26;x
14155;224;201;99;R0G14B254;x
14156;190;162;75;R38G221B128;x
14157;196;154;108;R250G58B118;x
14158;79;114;160;R157G247B243;x
14159;211;211;103;R155G117B155;x
14160;110;135;95;R151G194B14;x
14161;90;160;68;R95G164B102;x
14162;209;139;130;R200G207B80;x
14163;147;124;177;R164G77B186;x
14164;221;147;97;R131G50B27;x
14165;219;182;66;R192G136B191;x
14166;205;128;80;R207G160B17;x
14167;177;214;86;R253G164B73;x
14168;205;159;145;R49G163B124;x
14169;149;170;118;R63G201B7;x
14170;156;113;112;R170G155B102;x
14171;221;171;116;R38G109B56;x
14172;137;182;86;R66G129B88;x
14173;163;214;84;R105G216B181;x
14174;178;173;152;R96G178B39;x
14175;212;169;101;R174G117B179;x
14176;179;212;113;R7G220B209;x
14177;163;137;137;R174G1B72;x
14178;161;170;192;R84G67B72;x
14179;175;180;113;R64G152B187;x
14180;233;153;56;R91G87B97;x
14181;171;209;87;R179G25B225;x
14182;162;179;143;R61G127B163;x
14183;199;179;93;R55G171B23;x
14184;109;123;105;R24G112B236;x
14185;208;149;97;R48G69B251;x
14186;100;119;87;R78G55B133;x
14187;190;168;155;R122G59B156;x
14188;166;169;161;R60G69B194;x
14189;174;161;70;R53G207B46;x
14190;217;173;124;R249G199B86;x
14191;121;143;135;R107G182B220;x
14192;173;129;106;R22G58B233;x
14193;140;155;152;R228G191B143;x
14194;161;166;164;R58G153B253;x
14195;211;151;123;R134G122B62;x
14196;117;102;78;R9G207B209;x
14197;191;187;115;R228G111B10;x
14198;208;133;71;R110G221B53;x
14199;77;124;95;R241G42B221;x
14200;187;141;151;R159G61B8;x
14201;219;143;105;R157G132B29;x
14202;174;195;92;R54G104B214;x
14203;129;130;134;R219G12B55;x
14204;187;181;98;R192G226B111;x
14205;206;185;167;R50G246B214;x
14206;159;150;101;R35G79B243;x
14207;168;157;109;R120G160B226;x
14208;185;155;111;R145G46B218;x
14209;170;151;124;R248G132B18;x
14210;240;185;115;R111G190B164;x
14211;228;198;72;R151G255B6;x
14212;225;124;130;R31G180B25;x
14213;171;208;94;R197G115B183;x
14214;179;101;172;R205G210B217;x
14215;170;154;91;R45G100B91;x
14216;187;198;142;R20G211B51;x
14217;204;156;173;R202G140B51;x
14218;207;181;80;R164G55B2;x
14219;72;139;82;R203G55B41;x
14220;185;168;101;R177G65B3;x
14221;155;165;123;R209G133B198;x
14222;183;159;135;R39G245B218;x
14223;204;157;51;R176G157B147;x
14224;185;142;157;R24G150B213;x
14225;77;137;56;R50G219B135;x
14226;134;194;53;R204G141B61;x
14227;210;155;88;R83G18B67;x
14228;158;165;148;R57G35B95;x
14229;186;176;121;R248G86B168;x
14230;162;180;88;R137G43B105;x
14231;238;157;52;R197G151B186;x
14232;161;170;76;R204G189B113;x
14233;181;206;101;R243G89B197;x
14234;135;187;165;R219G124B244;x
14235;193;162;111;R151G161B114;x
14236;150;187;121;R147G25B185;x
14237;132;141;95;R82G63B166;x
14238;172;150;98;R23G58B187;x
14239;147;161;33;R43G61B24;x
14240;203;172;75;R14G60B129;x
14241;201;161;122;R132G75B169;x
14242;179;167;70;R101G242B94;x
14243;201;207;74;R249G239B14;x
14244;148;162;113;R87G100B234;x
14245;209;150;73;R226G47B253;x
14246;84;170;85;R240G105B42;x
14247;218;147;93;R80G181B211;x
14248;128;136;148;R205G136B138;x
14249;240;221;111;R86G70B0;x
14250;179;195;84;R126G179B65;x
14251;172;147;150;R220G187B56;x
14252;137;140;135;R165G78B49;x
14253;194;155;47;R51G84B169;x
14254;157;183;87;R226G19B26;x
14255;180;184;129;R184G107B183;x
14256;182;126;45;R131G98B95;x
14257;202;164;87;R158G7B52;x
14258;88;111;104;R131G236B112;x
14259;165;203;83;R54G237B9;x
14260;155;162;125;R92G110B200;x
14261;97;129;171;R248G205B241;x
14262;88;140;46;R215G205B132;x
14263;209;192;121;R83G171B43;x
14264;93;155;67;R50G168B91;x
14265;127;182;133;R106G119B241;x
14266;172;203;108;R244G208B37;x
14267;189;175;130;R235G21B136;x
14268;185;180;108;R106G154B57;x
14269;171;174;85;R219G44B134;x
14270;192;181;87;R236G205B235;x
14271;55;171;102;R95G149B208;x
14272;232;170;105;R144G69B25;x
14273;87;143;159;R0G119B118;x
14274;198;133;129;R225G60B178;x
14275;209;145;141;R14G45B33;x
14276;219;147;72;R153G142B92;x
14277;89;132;124;R9G220B144;x
14278;217;168;118;R216G69B1;x
14279;197;157;87;R96G135B22;x
14280;162;207;122;R190G187B155;x
14281;65;117;68;R110G202B90;x
14282;223;178;74;R0G35B54;x
14283;229;158;93;R242G56B70;x
14284;179;172;85;R209G131B168;x
14285;213;170;100;R157G142B114;x
14286;148;115;157;R222G84B204;x
14287;188;138;102;R156G201B6;x
14288;76;148;89;R142G21B178;x
14289;194;159;78;R95G84B178;x
14290;208;176;79;R54G235B102;x
14291;216;228;103;R90G209B176;x
14292;127;124;174;R207G148B149;x
14293;101;139;113;R111G72B125;x
14294;197;198;160;R139G101B92;x
14295;78;154;108;R180G238B223;x
14296;68;134;105;R201G58B91;x
14297;174;183;76;R17G121B128;x
14298;67;100;78;R155G59B51;x
14299;172;161;129;R186G231B98;x
14300;225;177;87;R200G223B17;x
14301;194;183;125;R15G150B190;x
14302;196;115;114;R128G77B85;x
14303;64;141;103;R181G58B253;x
14304;131;110;121;R159G1B151;x
14305;177;174;102;R146G177B129;x
14306;208;179;166;R182G143B100;x
14307;240;142;74;R38G182B139;x
14308;208;151;119;R111G196B165;x
14309;161;203;86;R123G7B25;x
14310;167;156;78;R168G146B223;x
14311;214;173;51;R58G106B7;x
14312;214;151;127;R137G80B77;x
14313;170;168;101;R231G44B91;x
14314;52;126;81;R103G229B52;x
14315;161;140;156;R13G233B142;x
14316;175;147;99;R20G252B97;x
14317;94;202;122;R24G84B114;x
14318;143;161;150;R150G125B220;x
14319;110;179;110;R4G98B217;x
14320;176;130;43;R252G193B157;x
14321;110;171;172;R227G252B212;x
14322;207;110;104;R200G190B255;x
14323;163;153;144;R159G41B12;x
14324;196;216;76;R193G243B1;x
14325;133;127;142;R115G141B159;x
14326;197;140;122;R8G112B4;x
14327;218;186;108;R61G37B23;x
14328;185;151;114;R150G226B217;x
14329;68;114;115;R5G138B79;x
14330;182;150;34;R167G77B187;x
14331;202;161;124;R181G24B23;x
14332;179;133;154;R98G42B197;x
14333;179;160;92;R185G243B210;x
14334;184;136;165;R144G29B234;x
14335;219;188;92;R140G89B27;x
14336;158;147;123;R36G198B197;x
14337;56;148;76;R3G188B79;x
14338;191;186;72;R83G142B7;x
14339;108;164;81;R141G0B162;x
14340;197;180;123;R126G96B106;x
14341;219;170;59;R125G18B113;x
14342;188;198;85;R6G183B192;x
14343;240;146;91;R137G24B3;x
14344;181;159;71;R233G130B140;x
14345;197;188;96;R213G176B224;x
14346;55;133;85;R173G156B47;x
14347;151;158;165;R67G221B113;x
14348;27;136;89;R117G116B216;x
14349;208;187;122;R193G63B86;x
14350;160;158;176;R229G112B230;x
14351;121;114;133;R93G127B187;x
14352;200;165;116;R200G235B239;x
14353;226;157;109;R176G53B72;x
14354;204;190;116;R228G251B105;x
14355;92;109;66;R237G206B169;x
14356;204;155;69;R115G199B130;x
14357;201;172;64;R77G146B65;x
14358;215;186;107;R198G212B120;x
14359;122;110;92;R68G214B99;x
14360;166;141;167;R251G80B195;x
14361;113;153;194;R131G224B29;x
14362;214;181;166;R146G111B229;x
14363;204;175;112;R34G185B185;x
14364;204;176;110;R158G162B189;x
14365;166;137;167;R131G77B13;x
14366;157;176;72;R33G192B94;x
14367;74;142;106;R188G123B4;x
14368;200;134;134;R129G177B215;x
14369;158;163;95;R184G49B4;x
14370;207;166;85;R60G48B72;x
14371;165;167;88;R185G109B46;x
14372;181;177;67;R163G247B14;x
14373;156;123;159;R27G129B213;x
14374;149;197;116;R58G166B225;x
14375;182;162;169;R135G99B175;x
14376;139;139;111;R153G77B5;x
14377;143;168;163;R138G188B233;x
14378;99;144;95;R235G144B7;x
14379;78;105;66;R21G16B248;x
14380;103;113;75;R119G167B214;x
14381;220;138;38;R89G85B234;x
14382;161;180;78;R233G46B202;x
14383;185;144;95;R194G52B246;x
14384;175;167;133;R134G150B105;x
14385;45;132;63;R28G255B180;x
14386;146;157;160;R222G22B19;x
14387;178;178;150;R65G92B214;x
14388;44;154;75;R87G130B154;x
14389;204;163;87;R200G20B194;x
14390;222;169;88;R44G205B128;x
14391;159;215;81;R24G21B76;x
14392;188;147;155;R241G64B49;x
14393;192;138;77;R164G168B231;x
14394;191;171;97;R182G51B29;x
14395;186;142;112;R172G24B196;x
14396;211;163;107;R131G60B144;x
14397;216;188;124;R73G193B144;x
14398;205;180;116;R69G34B84;x
14399;206;142;138;R24G144B110;x
14400;214;173;100;R100G202B246;x
14401;176;179;83;R136G15B62;x
14402;198;168;144;R98G221B157;x
14403;172;89;84;R135G130B76;x
14404;162;151;67;R159G52B90;x
14405;193;154;85;R119G240B114;x
14406;169;171;100;R26G112B44;x
14407;125;158;88;R78G153B150;x
14408;203;157;93;R6G34B241;x
14409;186;133;97;R182G122B110;x
14410;182;123;127;R222G111B244;x
14411;197;191;71;R25G129B246;x
14412;206;192;109;R86G178B118;x
14413;183;195;76;R188G33B241;x
14414;142;188;140;R179G116B250;x
14415;79;142;112;R206G187B250;x
14416;162;182;137;R246G234B11;x
14417;65;148;105;R85G59B220;x
14418;221;195;129;R82G115B76;x
14419;193;142;88;R138G0B124;x
14420;191;157;91;R161G178B76;x
14421;106;155;87;R77G71B114;x
14422;83;167;60;R116G81B147;x
14423;163;152;156;R73G35B183;x
14424;169;138;130;R46G182B35;x
14425;240;175;90;R90G52B145;x
14426;198;192;166;R2G6B64;x
14427;214;194;67;R39G72B243;x
14428;233;151;90;R24G213B49;x
14429;169;170;100;R52G19B134;x
14430;164;139;149;R172G175B155;x
14431;94;167;172;R161G186B99;x
14432;96;137;72;R48G166B136;x
14433;193;111;78;R190G31B1;x
14434;224;189;103;R248G125B165;x
14435;174;195;95;R167G158B200;x
14436;87;141;112;R27G228B67;x
14437;124;175;156;R9G180B108;x
14438;169;184;79;R53G135B114;x
14439;192;157;120;R68G17B208;x
14440;171;166;86;R216G19B252;x
14441;189;173;65;R211G119B154;x
14442;58;127;86;R12G174B244;x
14443;215;178;114;R82G125B208;x
14444;167;165;123;R169G26B45;x
14445;228;162;114;R177G129B72;x
14446;172;185;154;R64G226B78;x
14447;177;171;118;R45G246B56;x
14448;110;128;108;R247G41B66;x
14449;185;186;88;R70G3B249;x
14450;92;171;189;R231G39B68;x
14451;155;128;176;R10G2B43;x
14452;195;178;133;R179G61B182;x
14453;134;129;93;R183G44B133;x
14454;164;138;147;R164G69B25;x
14455;207;204;75;R160G159B231;x
14456;193;164;44;R87G214B246;x
14457;189;183;147;R199G10B235;x
14458;214;194;92;R70G30B79;x
14459;137;175;103;R142G85B138;x
14460;134;146;92;R177G228B221;x
14461;174;136;121;R5G200B198;x
14462;203;142;155;R141G38B39;x
14463;150;191;95;R213G146B208;x
14464;160;122;122;R117G228B202;x
14465;130;186;86;R179G0B237;x
14466;219;147;122;R229G84B118;x
14467;167;181;101;R175G23B249;x
14468;110;110;195;R170G94B51;x
14469;164;165;148;R188G29B50;x
14470;177;145;82;R26G177B248;x
14471;196;138;97;R117G159B24;x
14472;156;197;128;R203G128B66;x
14473;142;172;191;R221G7B21;x
14474;230;137;80;R122G142B54;x
14475;199;196;98;R119G126B248;x
14476;189;147;81;R124G255B98;x
14477;162;194;93;R12G214B222;x
14478;159;197;112;R43G224B165;x
14479;182;192;87;R152G191B244;x
14480;200;168;67;R20G177B245;x
14481;184;182;91;R205G107B5;x
14482;211;195;159;R87G172B167;x
14483;167;194;98;R3G210B57;x
14484;237;189;69;R214G208B129;x
14485;151;198;80;R15G25B37;x
14486;154;149;139;R70G71B77;x
14487;190;151;158;R171G255B163;x
14488;203;203;97;R103G220B105;x
14489;98;144;73;R48G65B104;x
14490;197;185;189;R221G87B247;x
14491;126;145;79;R54G253B197;x
14492;165;173;101;R237G85B182;x
14493;223;166;97;R111G134B166;x
14494;201;162;104;R177G225B53;x
14495;173;153;160;R251G154B222;x
14496;164;165;175;R180G234B179;x
14497;143;192;134;R63G199B167;x
14498;68;162;82;R223G42B240;x
14499;182;134;72;R16G217B219;x
14500;99;118;71;R41G65B42;x
14501;170;140;171;R131G21B41;x
14502;195;156;121;R155G202B183;x
14503;200;163;79;R219G73B41;x
14504;186;181;104;R60G16B44;x
14505;193;227;113;R38G117B59;x
14506;240;160;72;R167G108B104;x
14507;189;189;91;R7G2B121;x
14508;191;168;97;R73G183B26;x
14509;79;124;126;R97G202B138;x
14510;195;127;126;R214G149B93;x
14511;111;123;120;R200G71B8;x
14512;222;162;94;R127G251B108;x
14513;150;177;123;R120G76B212;x
14514;110;136;110;R98G56B142;x
14515;168;189;149;R70G227B73;x
14516;162;172;61;R233G156B127;x
14517;199;157;58;R91G21B92;x
14518;113;154;81;R140G58B101;x
14519;169;188;98;R186G147B160;x
14520;178;199;112;R110G136B247;x
14521;185;195;102;R210G36B199;x
14522;157;192;90;R101G194B181;x
14523;66;155;86;R136G24B248;x
14524;203;202;97;R100G36B41;x
14525;93;125;182;R183G30B193;x
14526;100;140;78;R238G135B33;x
14527;176;126;88;R154G191B41;x
14528;83;136;64;R232G45B17;x
14529;178;181;156;R1G2B78;x
14530;136;159;80;R189G131B161;x
14531;190;193;105;R15G22B237;x
14532;179;152;138;R167G10B108;x
14533;84;115;88;R187G94B85;x
14534;197;150;108;R124G111B5;x
14535;240;152;87;R171G13B245;x
14536;147;184;105;R121G67B72;x
14537;170;159;112;R16G110B171;x
14538;164;136;196;R131G101B12;x
14539;172;184;82;R104G222B46;x
14540;212;171;148;R83G110B172;x
14541;145;177;109;R181G139B222;x
14542;176;166;87;R39G87B140;x
14543;80;113;78;R129G49B100;x
14544;81;159;105;R247G254B128;x
14545;180;105;171;R56G12B124;x
14546;145;118;119;R173G168B159;x
14547;225;176;80;R95G1B236;x
14548;190;184;53;R197G49B30;x
14549;112;157;98;R52G246B22;x
14550;188;127;118;R212G43B194;x
14551;192;186;109;R45G141B44;x
14552;204;174;68;R29G36B107;x
14553;178;159;115;R54G96B18;x
14554;145;166;167;R121G162B63;x
14555;176;151;139;R64G187B184;x
14556;173;207;173;R212G134B241;x
14557;177;153;59;R88G95B135;x
14558;134;158;72;R7G249B21;x
14559;230;188;87;R128G220B144;x
14560;194;209;142;R106G71B66;x
14561;222;170;75;R109G247B125;x
14562;162;148;111;R54G21B181;x
14563;202;133;112;R207G4B167;x
14564;188;168;108;R219G183B111;x
14565;156;187;116;R4G46B14;x
14566;203;160;72;R241G74B177;x
14567;207;178;133;R215G194B84;x
14568;101;138;103;R55G36B211;x
14569;167;179;117;R32G140B223;x
14570;206;182;100;R138G203B83;x
14571;125;163;108;R26G241B141;x
14572;232;140;75;R33G15B144;x
14573;200;196;102;R73G15B223;x
14574;114;124;46;R127G127B179;x
14575;111;134;152;R171G103B248;x
14576;85;163;127;R154G170B95;x
14577;164;148;113;R57G128B110;x
14578;151;171;136;R204G59B137;x
14579;216;157;94;R139G97B46;x
14580;174;199;91;R244G193B223;x
14581;65;139;104;R82G108B73;x
14582;186;171;100;R158G236B211;x
14583;139;181;121;R63G87B80;x
14584;184;167;121;R87G1B6;x
14585;187;115;73;R101G161B60;x
14586;138;134;112;R246G101B242;x
14587;135;133;151;R212G152B244;x
14588;101;130;185;R216G127B35;x
14589;164;144;169;R29G65B113;x
14590;202;166;90;R44G125B222;x
14591;204;189;64;R140G166B64;x
14592;216;205;145;R45G167B209;x
14593;204;194;83;R48G25B239;x
14594;204;192;127;R128G241B242;x
14595;196;168;77;R85G83B82;x
14596;89;142;102;R162G109B80;x
14597;181;174;47;R188G9B3;x
14598;157;192;70;R236G146B237;x
14599;139;125;144;R94G226B246;x
14600;203;195;109;R118G154B20;x
14601;191;184;125;R22G244B39;x
14602;161;139;161;R137G206B17;x
14603;230;174;154;R20G127B162;x
14604;171;218;101;R31G137B112;x
14605;174;181;122;R213G235B205;x
14606;204;173;38;R122G79B191;x
14607;86;174;84;R54G254B129;x
14608;86;133;118;R204G122B174;x
14609;206;165;98;R99G131B213;x
14610;148;102;116;R31G138B72;x
14611;159;191;114;R150G97B34;x
14612;174;156;110;R158G43B171;x
14613;202;141;167;R61G145B64;x
14614;209;165;121;R245G206B67;x
14615;185;126;139;R154G55B180;x
14616;237;169;99;R168G35B119;x
14617;179;172;141;R98G232B11;x
14618;166;107;88;R66G39B110;x
14619;145;143;126;R42G204B143;x
14620;163;171;64;R124G7B21;x
14621;106;109;149;R64G192B78;x
14622;138;200;114;R195G57B56;x
14623;185;156;131;R14G151B243;x
14624;189;167;88;R115G131B201;x
14625;183;168;157;R95G106B93;x
14626;229;172;127;R184G102B31;x
14627;199;171;116;R23G236B32;x
14628;164;161;145;R118G21B63;x
14629;209;154;165;R10G132B94;x
14630;232;196;66;R204G138B160;x
14631;201;136;165;R78G111B186;x
14632;199;129;111;R48G97B48;x
14633;153;107;131;R202G159B25;x
14634;141;113;103;R112G226B77;x
14635;203;181;101;R44G150B212;x
14636;182;156;90;R146G179B80;x
14637;146;208;71;R225G211B44;x
14638;133;106;113;R67G82B194;x
14639;185;180;107;R48G147B240;x
14640;157;194;70;R0G68B194;x
14641;218;208;126;R7G158B115;x
14642;125;155;147;R159G164B0;x
14643;220;163;99;R141G79B68;x
14644;204;169;115;R203G244B185;x
14645;213;172;141;R46G248B49;x
14646;178;160;99;R228G155B104;x
14647;168;164;199;R97G185B246;x
14648;187;156;134;R68G184B26;x
14649;198;167;119;R147G100B9;x
14650;205;188;102;R176G71B65;x
14651;212;174;91;R74G43B83;x
14652;195;182;90;R66G185B136;x
14653;74;170;93;R219G226B215;x
14654;194;189;122;R239G148B165;x
14655;201;171;75;R16G136B42;x
14656;164;151;164;R209G64B99;x
14657;105;150;88;R139G232B14;x
14658;60;160;65;R218G85B18;x
14659;205;114;102;R172G204B61;x
14660;168;143;164;R172G35B115;x
14661;125;147;178;R126G144B56;x
14662;177;208;111;R240G214B50;x
14663;174;156;138;R185G40B113;x
14664;150;149;151;R19G230B177;x
14665;183;208;91;R121G161B234;x
14666;199;181;133;R158G125B187;x
14667;172;162;86;R171G82B231;x
14668;117;146;128;R217G195B47;x
14669;232;184;131;R72G33B237;x
14670;218;160;82;R112G76B30;x
14671;234;203;70;R227G40B109;x
14672;172;162;93;R185G98B51;x
14673;199;194;133;R34G75B163;x
14674;156;185;126;R136G142B151;x
14675;185;157;116;R188G10B30;x
14676;182;162;141;R101G28B131;x
14677;155;206;79;R59G234B96;x
14678;83;147;111;R44G177B52;x
14679;156;137;176;R161G155B134;x
14680;120;144;184;R2G83B232;x
14681;133;169;98;R96G27B160;x
14682;197;200;103;R122G142B215;x
14683;166;163;188;R109G126B125;x
14684;207;153;103;R208G67B181;x
14685;179;132;131;R162G64B198;x
14686;214;136;91;R125G242B179;x
14687;106;129;173;R117G191B145;x
14688;191;145;102;R95G11B37;x
14689;173;141;58;R184G24B224;x
14690;91;158;75;R186G196B50;x
14691;212;157;121;R7G125B25;x
14692;138;148;152;R186G68B164;x
14693;194;117;78;R138G250B64;x
14694;66;131;107;R155G164B231;x
14695;168;103;87;R107G199B119;x
14696;191;138;112;R130G194B184;x
14697;202;185;96;R10G186B214;x
14698;146;173;104;R100G148B38;x
14699;186;122;136;R153G210B140;x
14700;89;130;77;R114G76B152;x
14701;144;150;114;R28G84B163;x
14702;178;182;131;R36G5B109;x
14703;233;205;101;R186G220B55;x
14704;200;195;111;R120G219B14;x
14705;90;181;134;R188G161B118;x
14706;95;125;85;R156G247B80;x
14707;94;115;92;R160G183B217;x
14708;197;186;107;R102G140B111;x
14709;225;137;54;R36G63B229;x
14710;66;121;93;R203G150B22;x
14711;179;177;94;R12G245B201;x
14712;140;109;128;R187G19B239;x
14713;208;174;84;R59G137B68;x
14714;197;166;120;R38G3B245;x
14715;179;223;77;R156G103B192;x
14716;121;128;90;R200G72B61;x
14717;131;128;133;R157G163B202;x
14718;154;153;174;R10G209B228;x
14719;171;151;147;R193G180B46;x
14720;157;192;120;R238G23B145;x
14721;201;137;147;R84G128B11;x
14722;183;140;165;R119G209B97;x
14723;182;197;127;R16G90B126;x
14724;194;166;81;R40G208B108;x
14725;214;142;127;R225G253B176;x
14726;218;174;131;R168G211B123;x
14727;239;152;47;R101G100B6;x
14728;212;184;97;R66G99B246;x
14729;195;157;149;R129G215B218;x
14730;160;190;96;R28G242B28;x
14731;200;143;101;R65G45B212;x
14732;205;188;103;R192G116B183;x
14733;149;125;137;R158G149B100;x
14734;213;175;82;R255G183B120;x
14735;176;174;182;R237G246B154;x
14736;190;169;80;R127G169B187;x
14737;77;129;89;R45G48B194;x
14738;212;186;118;R18G31B254;x
14739;185;205;80;R88G165B2;x
14740;199;153;143;R66G127B103;x
14741;214;150;83;R84G205B224;x
14742;201;145;109;R130G197B23;x
14743;231;172;78;R141G40B250;x
14744;202;150;87;R195G142B210;x
14745;108;108;164;R215G224B176;x
14746;71;136;124;R105G103B42;x
14747;179;174;93;R225G46B187;x
14748;92;168;131;R46G36B104;x
14749;80;111;124;R65G138B194;x
14750;204;200;82;R98G69B77;x
14751;198;176;92;R202G219B135;x
14752;157;161;145;R89G61B225;x
14753;240;140;57;R116G16B174;x
14754;140;206;101;R54G133B67;x
14755;163;188;121;R18G147B83;x
14756;180;169;134;R242G216B50;x
14757;169;179;123;R71G152B72;x
14758;195;135;47;R155G17B119;x
14759;171;201;86;R77G133B149;x
14760;226;195;108;R129G237B212;x
14761;83;113;118;R127G4B94;x
14762;164;147;159;R163G215B104;x
14763;91;134;101;R55G6B74;x
14764;189;148;134;R113G222B69;x
14765;194;97;117;R114G128B38;x
14766;101;131;44;R89G213B118;x
14767;189;178;102;R232G33B75;x
14768;122;130;107;R66G12B69;x
14769;134;178;108;R89G68B165;x
14770;165;159;141;R26G176B249;x
14771;98;134;84;R187G166B219;x
14772;200;146;155;R164G225B106;x
14773;144;160;112;R133G180B133;x
14774;162;140;84;R199G15B31;x
14775;105;149;69;R179G155B198;x
14776;197;139;73;R31G79B145;x
14777;99;111;81;R255G104B199;x
14778;176;174;78;R10G138B148;x
14779;201;158;162;R134G171B156;x
14780;185;185;82;R203G14B217;x
14781;207;161;74;R129G243B104;x
14782;217;157;85;R29G13B209;x
14783;213;140;76;R107G135B39;x
14784;138;165;111;R165G165B18;x
14785;216;142;56;R38G69B53;x
14786;178;179;110;R221G35B44;x
14787;55;122;60;R43G94B2;x
14788;108;135;173;R138G143B220;x
14789;236;167;77;R54G46B194;x
14790;95;131;57;R227G142B4;x
14791;226;177;83;R84G160B87;x
14792;199;159;142;R225G230B164;x
14793;184;153;118;R53G45B139;x
14794;75;120;105;R15G220B232;x
14795;181;206;133;R170G17B67;x
14796;163;190;86;R242G135B43;x
14797;196;141;128;R170G23B146;x
14798;169;128;137;R145G8B132;x
14799;123;89;154;R98G177B67;x
14800;167;186;103;R51G239B143;x
14801;165;172;62;R170G24B130;x
14802;218;174;130;R254G248B16;x
14803;171;173;130;R103G59B84;x
14804;210;175;115;R17G255B235;x
14805;179;202;112;R42G192B230;x
14806;195;214;79;R48G245B220;x
14807;114;122;94;R207G139B226;x
14808;190;216;85;R15G43B109;x
14809;196;136;157;R90G163B175;x
14810;201;139;88;R226G183B226;x
14811;220;176;85;R173G80B217;x
14812;177;180;116;R217G164B43;x
14813;223;182;62;R253G155B246;x
14814;150;188;65;R31G251B121;x
14815;99;150;102;R4G12B45;x
14816;189;202;97;R202G64B230;x
14817;173;132;129;R183G66B59;x
14818;197;180;54;R79G167B76;x
14819;210;195;66;R63G5B0;x
14820;101;129;200;R234G158B161;x
14821;174;169;51;R134G202B121;x
14822;164;163;97;R0G243B197;x
14823;173;144;137;R11G15B189;x
14824;189;183;133;R29G227B10;x
14825;146;188;80;R72G110B28;x
14826;167;140;70;R253G21B179;x
14827;74;142;91;R96G150B2;x
14828;172;179;168;R11G75B123;x
14829;207;156;148;R187G208B107;x
14830;169;176;96;R91G227B96;x
14831;177;164;128;R44G50B81;x
14832;146;216;79;R174G26B196;x
14833;215;197;102;R43G231B101;x
14834;219;144;130;R20G45B155;x
14835;114;125;168;R206G90B135;x
14836;143;160;117;R221G84B215;x
14837;151;180;138;R0G167B227;x
14838;159;172;109;R149G83B46;x
14839;96;162;103;R222G237B205;x
14840;189;150;82;R38G30B25;x
14841;234;167;119;R9G21B125;x
14842;180;204;79;R45G126B145;x
14843;213;200;101;R105G195B131;x
14844;77;141;101;R39G129B63;x
14845;166;141;141;R79G14B116;x
14846;178;164;159;R174G123B144;x
14847;217;164;126;R242G189B38;x
14848;215;187;88;R224G13B93;x
14849;195;150;134;R100G237B40;x
14850;139;143;162;R234G42B241;x
14851;173;172;152;R64G99B222;x
14852;178;144;66;R188G155B28;x
14853;171;218;155;R70G9B177;x
14854;158;217;68;R0G86B232;x
14855;223;154;108;R95G123B233;x
14856;112;183;113;R225G127B157;x
14857;238;205;129;R86G163B107;x
14858;106;162;102;R183G191B184;x
14859;90;192;142;R7G7B31;x
14860;229;172;97;R64G170B79;x
14861;163;174;173;R10G108B180;x
14862;221;116;127;R11G188B38;x
14863;182;117;139;R21G254B155;x
14864;186;159;106;R122G80B31;x
14865;114;171;105;R169G238B11;x
14866;199;127;84;R114G68B75;x
14867;195;160;106;R176G106B119;x
14868;91;133;73;R119G188B128;x
14869;88;114;119;R15G86B107;x
14870;160;162;160;R244G93B245;x
14871;174;194;188;R46G17B224;x
14872;222;118;43;R134G63B51;x
14873;168;158;99;R48G34B4;x
14874;226;159;110;R121G166B60;x
14875;140;132;167;R144G237B2;x
14876;226;145;101;R226G34B228;x
14877;209;181;97;R236G2B20;x
14878;175;154;76;R74G153B25;x
14879;226;153;93;R187G154B6;x
14880;213;180;52;R93G106B141;x
14881;227;176;106;R57G34B235;x
14882;135;150;177;R16G8B193;x
14883;115;161;151;R214G131B117;x
14884;87;158;122;R46G196B92;x
14885;163;148;110;R231G21B68;x
14886;222;151;147;R112G162B43;x
14887;197;106;92;R223G169B216;x
14888;193;146;90;R204G240B173;x
14889;166;145;162;R87G218B39;x
14890;207;112;79;R246G53B246;x
14891;165;186;94;R67G111B64;x
14892;223;201;106;R67G235B25;x
14893;235;171;113;R20G203B49;x
14894;209;133;131;R211G69B122;x
14895;140;147;123;R254G201B253;x
14896;240;157;119;R24G121B196;x
14897;121;157;95;R209G9B208;x
14898;161;182;181;R75G124B29;x
14899;109;134;110;R136G193B146;x
14900;220;165;81;R126G196B230;x
14901;170;156;136;R183G117B85;x
14902;72;116;158;R4G122B17;x
14903;103;139;88;R143G243B161;x
14904;212;141;103;R99G201B234;x
14905;206;196;109;R128G163B62;x
14906;189;168;94;R142G43B251;x
14907;193;175;174;R0G177B67;x
14908;105;117;95;R156G67B164;x
14909;187;196;126;R213G168B83;x
14910;82;121;112;R152G177B16;x
14911;86;142;80;R190G243B91;x
14912;171;187;103;R58G75B129;x
14913;196;154;141;R243G94B229;x
14914;189;182;136;R240G127B17;x
14915;160;127;80;R23G113B170;x
14916;159;136;126;R104G98B211;x
14917;204;111;66;R36G137B119;x
14918;196;231;120;R254G149B168;x
14919;147;170;105;R157G247B147;x
14920;131;155;174;R91G117B17;x
14921;231;153;65;R7G66B124;x
14922;176;197;100;R61G71B183;x
14923;203;175;63;R155G113B207;x
14924;236;200;93;R91G154B125;x
14925;180;164;83;R20G42B28;x
14926;86;163;94;R65G247B157;x
14927;143;126;127;R27G237B9;x
14928;198;148;134;R180G184B183;x
14929;187;171;127;R161G68B203;x
14930;140;143;52;R102G32B220;x
14931;75;125;29;R91G37B50;x
14932;82;108;105;R95G190B243;x
14933;149;150;127;R99G223B238;x
14934;211;130;58;R70G148B162;x
14935;223;175;80;R131G230B133;x
14936;187;133;63;R212G193B83;x
14937;175;143;148;R113G172B239;x
14938;69;174;82;R114G158B47;x
14939;224;141;60;R137G122B98;x
14940;220;172;125;R76G137B81;x
14941;145;136;141;R90G229B244;x
14942;198;149;114;R187G195B10;x
14943;206;166;96;R199G109B86;x
14944;188;158;68;R36G211B16;x
14945;184;151;176;R225G108B32;x
14946;207;131;68;R140G78B239;x
14947;191;177;94;R239G242B144;x
14948;108;166;204;R46G243B91;x
14949;204;175;144;R18G43B90;x
14950;171;140;152;R26G41B94;x
14951;127;166;161;R82G73B150;x
14952;155;145;166;R153G78B108;x
14953;119;147;67;R215G108B58;x
14954;110;143;145;R178G98B180;x
14955;201;173;118;R213G69B100;x
14956;116;130;80;R180G109B75;x
14957;177;167;127;R167G205B171;x
14958;221;147;102;R212G75B16;x
14959;136;108;133;R177G146B141;x
14960;158;195;162;R249G108B97;x
14961;157;209;94;R72G126B51;x
14962;186;127;141;R36G153B29;x
14963;196;181;111;R194G38B18;x
14964;100;133;173;R157G16B4;x
14965;119;191;144;R89G247B111;x
14966;148;188;169;R57G189B213;x
14967;173;132;144;R38G19B164;x
14968;202;171;75;R126G179B248;x
14969;209;169;121;R182G187B9;x
14970;180;152;104;R111G90B15;x
14971;182;114;149;R49G114B147;x
14972;111;154;164;R87G20B201;x
14973;166;183;115;R10G139B157;x
14974;193;177;117;R173G129B77;x
14975;186;164;176;R59G10B22;x
14976;214;148;99;R176G54B132;x
14977;191;151;101;R178G51B152;x
14978;231;183;104;R178G208B114;x
14979;61;145;109;R118G209B114;x
14980;127;210;124;R92G172B160;x
14981;212;153;68;R125G72B225;x
14982;233;151;67;R91G153B212;x
14983;219;140;114;R92G60B4;x
14984;184;166;125;R237G183B32;x
14985;173;150;135;R62G82B128;x
14986;120;176;141;R41G233B193;x
14987;106;156;92;R185G52B239;x
14988;191;134;71;R152G100B177;x
14989;114;119;78;R21G137B58;x
14990;176;186;159;R211G247B159;x
14991;161;166;87;R15G161B242;x
14992;128;182;152;R74G41B59;x
14993;123;141;66;R198G41B31;x
14994;201;181;104;R41G81B113;x
14995;160;137;88;R106G153B138;x
14996;200;201;103;R7G218B11;x
14997;216;158;135;R88G21B63;x
14998;183;146;121;R22G192B155;x
14999;189;172;148;R178G205B232;x
15000;94;117;55;R255G225B13;x
15001;183;125;102;R24G246B18;x
15002;208;136;136;R171G115B82;x
15003;219;153;128;R82G30B48;x
15004;89;145;133;R17G61B183;x
15005;171;121;98;R56G224B208;x
15006;191;142;174;R67G145B80;x
15007;161;156;89;R87G2B106;x
15008;184;143;104;R65G87B106;x
15009;96;175;109;R68G101B74;x
15010;75;121;119;R110G84B43;x
15011;207;190;108;R212G169B74;x
15012;208;161;100;R176G122B242;x
15013;209;147;58;R92G123B75;x
15014;216;152;97;R97G241B151;x
15015;111;149;72;R77G1B200;x
15016;87;176;91;R14G141B33;x
15017;197;124;169;R112G198B92;x
15018;132;160;103;R119G36B240;x
15019;67;134;77;R66G12B53;x
15020;176;109;65;R249G68B104;x
15021;193;187;53;R239G112B53;x
15022;184;156;147;R101G227B89;x
15023;199;151;86;R199G94B114;x
15024;171;103;139;R123G87B65;x
15025;167;122;167;R48G217B180;x
15026;217;181;51;R88G129B13;x
15027;191;134;66;R223G212B232;x
15028;102;120;86;R182G248B105;x
15029;185;180;136;R97G203B153;x
15030;174;168;119;R97G191B150;x
15031;212;154;82;R235G51B164;x
15032;222;176;99;R116G174B254;x
15033;83;108;97;R53G173B168;x
15034;100;130;67;R48G15B87;x
15035;203;145;92;R238G45B49;x
15036;114;138;93;R171G206B237;x
15037;199;163;97;R248G163B193;x
15038;136;164;124;R51G123B178;x
15039;188;157;56;R245G167B162;x
15040;111;163;142;R143G41B150;x
15041;150;195;151;R85G211B126;x
15042;202;164;108;R59G234B244;x
15043;219;166;95;R196G177B132;x
15044;133;117;147;R244G203B135;x
15045;176;205;60;R189G5B49;x
15046;162;158;114;R56G138B230;x
15047;169;182;73;R141G71B214;x
15048;154;185;90;R245G209B84;x
15049;122;148;136;R140G174B182;x
15050;183;148;148;R51G125B78;x
15051;188;147;149;R36G28B146;x
15052;238;188;81;R180G204B233;x
15053;108;140;76;R105G179B183;x
15054;199;176;76;R208G45B81;x
15055;201;143;49;R54G146B71;x
15056;199;177;79;R117G102B69;x
15057;199;158;85;R97G210B169;x
15058;211;196;115;R109G60B170;x
15059;167;123;174;R172G149B251;x
15060;194;187;86;R1G11B2;x
15061;228;153;105;R198G252B224;x
15062;176;206;89;R9G24B183;x
15063;149;182;158;R220G130B242;x
15064;157;174;157;R101G118B103;x
15065;211;192;56;R4G182B147;x
15066;220;157;127;R0G136B31;x
15067;181;188;168;R19G32B9;x
15068;230;149;100;R249G31B82;x
15069;88;108;59;R231G107B216;x
15070;191;154;77;R122G64B75;x
15071;158;146;131;R201G162B212;x
15072;199;137;68;R172G91B75;x
15073;200;183;99;R82G22B200;x
15074;108;169;110;R250G164B99;x
15075;185;190;143;R14G101B132;x
15076;131;133;182;R223G104B90;x
15077;182;144;127;R50G74B180;x
15078;194;200;182;R45G24B243;x
15079;196;146;103;R202G186B244;x
15080;175;138;78;R65G20B67;x
15081;194;157;138;R30G95B198;x
15082;225;156;77;R46G173B233;x
15083;187;157;74;R115G129B242;x
15084;121;100;62;R139G86B95;x
15085;91;113;82;R28G229B62;x
15086;211;139;91;R181G231B111;x
15087;179;161;116;R98G25B173;x
15088;171;191;101;R244G13B126;x
15089;81;135;110;R134G149B172;x
15090;207;141;130;R230G167B52;x
15091;163;208;138;R226G71B185;x
15092;183;150;99;R130G135B152;x
15093;108;148;105;R65G55B76;x
15094;191;127;162;R111G253B209;x
15095;184;126;180;R83G23B147;x
15096;207;166;108;R4G22B36;x
15097;217;104;126;R135G64B68;x
15098;211;164;117;R201G188B204;x
15099;106;159;91;R234G218B42;x
15100;112;203;108;R127G79B146;x
15101;197;138;103;R143G40B41;x
15102;167;165;157;R110G58B11;x
15103;69;147;93;R211G15B167;x
15104;176;116;139;R92G211B251;x
15105;192;173;87;R66G220B9;x
15106;156;139;88;R25G139B116;x
15107;176;225;105;R245G191B64;x
15108;180;215;103;R136G11B166;x
15109;177;148;87;R254G186B73;x
15110;168;133;176;R243G252B66;x
15111;189;164;79;R124G222B41;x
15112;182;142;135;R65G86B174;x
15113;188;190;110;R222G249B69;x
15114;201;154;94;R180G58B248;x
15115;171;178;109;R159G67B101;x
15116;70;160;87;R123G162B73;x
15117;207;178;96;R250G167B173;x
15118;206;194;129;R236G79B124;x
15119;166;193;129;R98G66B109;x
15120;211;207;126;R187G253B106;x
15121;177;167;156;R45G95B15;x
15122;189;150;91;R174G67B239;x
15123;169;176;166;R103G36B128;x
15124;145;155;113;R129G44B244;x
15125;106;144;119;R165G177B167;x
15126;173;131;117;R96G249B214;x
15127;191;197;165;R75G86B135;x
15128;156;174;80;R149G101B108;x
15129;164;119;126;R187G2B211;x
15130;143;196;119;R141G207B92;x
15131;134;154;114;R58G119B60;x
15132;188;187;162;R81G112B58;x
15133;215;193;103;R138G167B121;x
15134;166;144;111;R129G47B133;x
15135;147;136;155;R62G167B105;x
15136;187;206;129;R145G23B77;x
15137;201;150;93;R14G34B61;x
15138;170;159;94;R138G234B33;x
15139;210;170;146;R64G51B237;x
15140;173;140;107;R117G236B67;x
15141;162;185;120;R28G169B163;x
15142;201;205;114;R231G138B109;x
15143;219;175;126;R137G209B115;x
15144;74;162;129;R168G86B209;x
15145;165;175;171;R231G203B15;x
15146;205;196;138;R218G203B24;x
15147;219;142;80;R170G145B52;x
15148;135;170;114;R37G4B28;x
15149;117;111;60;R29G235B61;x
15150;135;155;115;R125G127B180;x
15151;183;173;84;R93G43B123;x
15152;90;137;80;R243G111B64;x
15153;150;170;121;R185G203B35;x
15154;200;186;68;R95G111B135;x
15155;191;157;164;R249G115B57;x
15156;151;144;155;R22G90B8;x
15157;230;133;116;R222G196B6;x
15158;202;167;89;R169G181B212;x
15159;210;149;97;R215G134B187;x
15160;57;169;86;R40G17B61;x
15161;173;149;101;R238G75B187;x
15162;188;202;89;R239G118B157;x
15163;207;191;73;R243G162B173;x
15164;171;142;63;R18G23B240;x
15165;181;182;112;R17G184B221;x
15166;142;188;127;R13G106B125;x
15167;147;164;115;R127G2B62;x
15168;198;187;67;R207G71B10;x
15169;183;178;144;R87G77B253;x
15170;193;148;44;R5G184B220;x
15171;177;209;116;R110G210B97;x
15172;197;167;90;R243G6B174;x
15173;79;139;72;R108G230B158;x
15174;152;189;115;R20G215B173;x
15175;216;146;83;R171G44B51;x
15176;95;136;196;R193G173B26;x
15177;198;210;82;R216G247B158;x
15178;203;166;112;R229G95B166;x
15179;166;165;162;R125G243B167;x
15180;67;159;107;R156G149B188;x
15181;192;198;83;R173G171B249;x
15182;165;184;135;R218G220B205;x
15183;178;159;93;R139G27B22;x
15184;96;124;97;R181G12B219;x
15185;143;167;172;R64G174B148;x
15186;188;115;97;R162G149B99;x
15187;211;199;107;R241G223B127;x
15188;102;169;193;R223G88B239;x
15189;102;116;52;R216G81B171;x
15190;166;108;120;R222G219B63;x
15191;155;142;172;R162G149B226;x
15192;154;198;75;R227G223B107;x
15193;173;145;186;R241G148B25;x
15194;195;176;77;R95G204B33;x
15195;179;173;68;R83G253B87;x
15196;126;161;119;R12G143B167;x
15197;213;157;105;R177G114B123;x
15198;165;142;154;R226G20B54;x
15199;91;159;105;R155G225B162;x
15200;168;203;105;R160G174B37;x
15201;74;132;89;R78G213B133;x
15202;73;155;97;R223G167B156;x
15203;210;174;66;R7G229B148;x
15204;201;131;101;R219G169B32;x
15205;75;120;83;R1G200B25;x
15206;106;135;105;R72G238B122;x
15207;240;167;79;R0G226B53;x
15208;214;139;101;R130G118B227;x
15209;57;132;81;R52G188B204;x
15210;171;164;138;R119G36B210;x
15211;158;130;151;R190G12B246;x
15212;88;132;83;R70G156B226;x
15213;240;205;101;R30G3B86;x
15214;169;129;166;R9G183B183;x
15215;198;135;133;R114G74B242;x
15216;97;118;120;R141G152B96;x
15217;187;157;90;R159G253B248;x
15218;173;175;114;R202G247B118;x
15219;230;169;103;R228G211B121;x
15220;173;234;90;R87G236B248;x
15221;196;174;102;R194G149B210;x
15222;183;155;164;R156G31B152;x
15223;219;183;37;R171G145B146;x
15224;202;186;127;R48G50B28;x
15225;219;161;88;R216G226B118;x
15226;121;172;137;R113G102B150;x
15227;175;177;82;R214G138B187;x
15228;143;127;113;R6G67B100;x
15229;97;141;95;R35G212B129;x
15230;167;187;88;R150G176B194;x
15231;194;171;77;R213G158B225;x
15232;167;167;125;R91G152B95;x
15233;64;137;71;R54G185B24;x
15234;230;146;102;R194G250B50;x
15235;191;161;33;R222G20B206;x
15236;102;206;154;R38G185B216;x
15237;205;171;94;R31G26B142;x
15238;206;183;86;R250G85B55;x
15239;109;125;115;R45G140B32;x
15240;195;182;167;R95G145B238;x
15241;175;181;187;R255G250B64;x
15242;72;121;90;R229G154B207;x
15243;207;198;154;R180G214B93;x
15244;166;155;173;R183G48B229;x
15245;229;147;83;R90G99B163;x
15246;196;175;91;R28G71B76;x
15247;171;152;78;R243G211B44;x
15248;237;153;122;R166G198B3;x
15249;206;151;115;R146G144B83;x
15250;193;181;108;R225G46B33;x
15251;182;166;98;R250G36B220;x
15252;168;163;155;R153G114B42;x
15253;188;157;146;R31G68B164;x
15254;207;202;101;R62G100B190;x
15255;218;152;101;R143G253B43;x
15256;121;122;47;R156G215B141;x
15257;198;173;91;R250G188B164;x
15258;151;167;181;R188G112B46;x
15259;180;155;108;R86G125B138;x
15260;170;161;153;R217G226B65;x
15261;166;195;97;R156G216B179;x
15262;177;186;119;R73G108B26;x
15263;218;201;148;R92G94B138;x
15264;178;179;168;R148G153B23;x
15265;154;184;140;R158G70B93;x
15266;95;104;97;R60G35B235;x
15267;189;172;123;R38G112B61;x
15268;192;149;83;R107G1B14;x
15269;215;169;99;R159G201B115;x
15270;212;135;140;R120G91B212;x
15271;153;145;135;R81G174B142;x
15272;135;142;150;R24G135B130;x
15273;215;167;128;R161G235B129;x
15274;204;200;98;R34G55B44;x
15275;168;102;121;R161G19B99;x
15276;84;142;115;R75G149B136;x
15277;208;206;132;R125G157B26;x
15278;197;178;114;R91G16B240;x
15279;186;143;98;R92G51B130;x
15280;190;183;100;R79G36B74;x
15281;182;176;149;R76G188B130;x
15282;164;145;134;R173G84B98;x
15283;240;225;73;R3G71B32;x
15284;172;186;129;R238G229B181;x
15285;179;206;75;R206G155B57;x
15286;125;170;109;R248G229B122;x
15287;201;204;120;R210G175B189;x
15288;170;194;139;R12G6B214;x
15289;233;173;142;R82G28B188;x
15290;184;131;135;R210G168B186;x
15291;182;157;120;R190G183B230;x
15292;148;167;143;R26G232B231;x
15293;179;200;162;R50G183B72;x
15294;178;182;118;R178G112B144;x
15295;166;208;85;R173G105B37;x
15296;167;196;185;R1G47B193;x
15297;200;160;70;R139G167B226;x
15298;211;162;84;R250G253B222;x
15299;134;114;79;R99G13B12;x
15300;164;117;106;R159G211B94;x
15301;138;167;118;R149G238B248;x
15302;200;208;119;R246G252B189;x
15303;193;122;84;R140G120B27;x
15304;206;162;85;R152G4B197;x
15305;171;141;177;R154G49B180;x
15306;103;139;102;R113G108B119;x
15307;222;181;115;R164G174B58;x
15308;177;146;152;R154G205B136;x
15309;200;155;124;R145G17B107;x
15310;181;177;161;R3G89B154;x
15311;165;145;83;R102G28B122;x
15312;160;148;156;R200G0B156;x
15313;122;172;167;R236G118B183;x
15314;137;144;153;R227G168B230;x
15315;164;193;86;R190G149B14;x
15316;225;157;142;R248G119B142;x
15317;191;153;139;R103G236B202;x
15318;198;151;169;R182G117B155;x
15319;193;137;84;R63G140B157;x
15320;161;105;140;R118G45B64;x
15321;155;183;111;R105G94B184;x
15322;165;198;69;R28G211B83;x
15323;200;195;94;R246G92B51;x
15324;188;163;133;R65G240B204;x
15325;215;130;119;R101G4B62;x
15326;178;171;103;R101G107B196;x
15327;208;167;149;R71G124B98;x
15328;192;172;94;R61G73B238;x
15329;187;171;74;R36G148B42;x
15330;189;184;142;R240G82B170;x
15331;204;181;135;R230G77B144;x
15332;132;149;131;R235G134B139;x
15333;88;124;89;R210G57B127;x
15334;165;138;133;R39G53B232;x
15335;218;150;73;R194G13B29;x
15336;226;121;90;R54G113B24;x
15337;79;110;98;R16G100B50;x
15338;121;159;122;R207G121B65;x
15339;175;140;144;R75G63B161;x
15340;185;143;151;R39G44B225;x
15341;217;170;95;R215G101B27;x
15342;139;153;132;R215G134B199;x
15343;207;156;80;R64G17B40;x
15344;171;190;99;R234G123B195;x
15345;227;190;64;R194G245B189;x
15346;128;159;122;R227G231B78;x
15347;185;193;80;R86G61B251;x
15348;90;117;78;R173G82B223;x
15349;173;125;155;R139G231B0;x
15350;110;161;156;R136G237B97;x
15351;206;128;125;R160G178B13;x
15352;192;194;99;R243G245B129;x
15353;159;150;178;R181G101B60;x
15354;165;170;49;R216G66B91;x
15355;191;161;130;R221G81B58;x
15356;172;210;100;R140G177B241;x
15357;215;185;89;R12G91B211;x
15358;173;176;170;R93G86B159;x
15359;86;144;94;R233G65B1;x
15360;62;142;77;R156G149B210;x
15361;226;152;104;R89G171B48;x
15362;209;140;101;R215G180B121;x
15363;92;109;84;R24G67B241;x
15364;207;118;35;R42G208B114;x
15365;112;146;80;R32G193B6;x
15366;97;141;103;R221G244B151;x
15367;165;138;172;R222G28B79;x
15368;193;139;84;R41G176B231;x
15369;65;165;70;R101G36B13;x
15370;165;178;57;R19G240B155;x
15371;168;167;159;R82G168B196;x
15372;194;159;158;R159G183B221;x
15373;178;191;80;R217G54B57;x
15374;144;179;157;R252G113B125;x
15375;148;186;120;R237G24B158;x
15376;168;173;86;R164G58B69;x
15377;56;127;113;R107G163B155;x
15378;204;190;101;R70G21B63;x
15379;69;126;104;R125G228B239;x
15380;222;162;51;R63G176B192;x
15381;221;152;127;R140G16B250;x
15382;103;121;62;R160G85B217;x
15383;116;168;123;R155G224B111;x
15384;197;106;109;R31G159B7;x
15385;212;137;127;R165G172B56;x
15386;194;135;165;R212G54B6;x
15387;202;164;91;R152G219B125;x
15388;217;200;124;R165G225B184;x
15389;171;221;129;R136G130B73;x
15390;97;165;96;R162G78B177;x
15391;190;157;103;R233G222B169;x
15392;166;166;106;R106G144B5;x
15393;191;173;102;R32G254B92;x
15394;188;132;103;R209G102B93;x
15395;168;177;97;R6G202B107;x
15396;200;162;119;R129G243B37;x
15397;171;179;70;R39G13B156;x
15398;133;150;144;R185G59B240;x
15399;97;102;55;R209G187B129;x
15400;174;194;135;R189G248B82;x
15401;224;193;41;R253G5B201;x
15402;195;190;127;R132G10B191;x
15403;88;167;68;R30G172B132;x
15404;107;176;92;R91G36B146;x
15405;79;145;74;R36G196B18;x
15406;130;153;205;R70G41B166;x
15407;186;161;80;R102G81B103;x
15408;206;158;45;R231G191B178;x
15409;81;130;92;R4G39B75;x
15410;191;191;138;R3G8B66;x
15411;190;152;107;R92G29B226;x
15412;172;128;77;R108G241B20;x
15413;189;192;109;R163G43B42;x
15414;226;152;109;R2G251B24;x
15415;170;136;124;R75G50B72;x
15416;82;134;167;R187G152B193;x
15417;165;179;121;R21G121B181;x
15418;180;172;92;R149G131B238;x
15419;213;110;147;R97G198B206;x
15420;201;195;169;R242G66B197;x
15421;194;175;127;R28G29B203;x
15422;130;179;61;R186G113B194;x
15423;239;181;114;R144G156B244;x
15424;149;158;138;R172G151B196;x
15425;97;145;60;R253G31B144;x
15426;83;153;79;R185G179B173;x
15427;79;84;90;R136G141B163;x
15428;181;129;147;R155G186B159;x
15429;177;131;101;R227G66B133;x
15430;168;190;81;R91G47B244;x
15431;65;132;69;R60G139B97;x
15432;189;187;90;R70G101B77;x
15433;212;134;67;R72G248B163;x
15434;214;149;108;R69G143B118;x
15435;175;173;152;R244G20B218;x
15436;181;158;148;R190G165B8;x
15437;211;183;59;R139G75B76;x
15438;188;188;118;R168G208B184;x
15439;109;137;78;R180G253B37;x
15440;186;132;115;R59G153B70;x
15441;211;205;82;R98G252B178;x
15442;231;188;130;R84G208B66;x
15443;192;201;119;R35G85B40;x
15444;181;170;132;R208G26B165;x
15445;217;138;94;R208G3B58;x
15446;184;203;146;R91G19B23;x
15447;198;194;124;R68G73B221;x
15448;90;133;96;R70G146B249;x
15449;200;209;105;R239G70B68;x
15450;193;177;103;R118G81B23;x
15451;61;125;100;R95G223B78;x
15452;193;115;99;R245G28B118;x
15453;118;144;123;R132G10B162;x
15454;187;169;95;R164G172B173;x
15455;224;207;121;R183G216B92;x
15456;76;147;82;R252G14B3;x
15457;160;169;175;R86G213B104;x
15458;199;172;51;R233G183B61;x
15459;198;151;102;R93G10B13;x
15460;203;147;114;R80G90B88;x
15461;155;166;154;R56G80B3;x
15462;61;130;97;R3G154B165;x
15463;206;200;124;R172G218B14;x
15464;144;190;148;R55G139B47;x
15465;221;148;117;R22G91B43;x
15466;92;129;195;R102G210B37;x
15467;196;161;77;R54G246B166;x
15468;218;151;125;R119G151B223;x
15469;173;170;70;R3G97B8;x
15470;112;141;176;R9G49B185;x
15471;207;207;61;R110G238B196;x
15472;164;184;83;R109G46B176;x
15473;190;180;112;R146G60B3;x
15474;171;115;167;R104G35B134;x
15475;225;167;148;R121G104B181;x
15476;178;113;111;R217G86B168;x
15477;175;113;128;R113G201B127;x
15478;106;110;77;R220G63B168;x
15479;90;129;111;R73G38B3;x
15480;153;167;115;R176G74B250;x
15481;214;126;137;R146G196B72;x
15482;163;180;131;R140G45B14;x
15483;158;152;118;R93G74B182;x
15484;221;146;128;R192G202B238;x
15485;204;154;72;R21G103B149;x
15486;117;160;136;R17G86B119;x
15487;192;153;93;R194G217B188;x
15488;175;192;160;R94G221B81;x
15489;108;99;74;R202G10B236;x
15490;144;144;147;R254G56B198;x
15491;132;156;60;R141G75B139;x
15492;210;163;96;R72G212B90;x
15493;235;136;94;R6G154B208;x
15494;114;136;77;R72G84B212;x
15495;189;163;122;R83G221B125;x
15496;174;150;115;R48G148B166;x
15497;142;176;111;R7G186B181;x
15498;100;140;89;R220G154B50;x
15499;184;173;72;R46G168B104;x
15500;44;116;78;R168G31B194;x
15501;232;163;56;R249G105B30;x
15502;180;147;91;R191G23B86;x
15503;66;150;71;R1G62B99;x
15504;177;141;156;R186G104B253;x
15505;206;147;169;R33G244B133;x
15506;152;188;149;R233G164B28;x
15507;150;128;165;R241G123B7;x
15508;233;162;70;R13G27B122;x
15509;238;147;75;R22G232B46;x
15510;178;128;138;R5G191B125;x
15511;202;178;110;R0G171B91;x
15512;197;155;158;R58G66B190;x
15513;132;179;134;R110G13B63;x
15514;158;176;80;R26G201B154;x
15515;199;143;91;R125G241B40;x
15516;170;180;159;R79G57B253;x
15517;91;161;122;R224G47B45;x
15518;207;164;92;R129G213B182;x
15519;181;131;93;R87G209B94;x
15520;92;165;76;R109G154B84;x
15521;125;172;168;R146G6B90;x
15522;190;170;103;R29G40B165;x
15523;224;141;59;R58G238B173;x
15524;196;171;74;R26G70B217;x
15525;213;135;101;R5G155B189;x
15526;212;167;115;R37G11B52;x
15527;190;156;60;R250G244B233;x
15528;156;199;130;R82G54B207;x
15529;116;123;81;R12G31B113;x
15530;224;183;127;R84G177B215;x
15531;180;164;165;R205G235B55;x
15532;174;199;80;R186G223B99;x
15533;174;155;84;R39G114B66;x
15534;92;127;152;R153G64B84;x
15535;172;170;104;R133G88B222;x
15536;230;181;115;R105G93B68;x
15537;177;209;120;R26G27B166;x
15538;181;150;154;R39G10B56;x
15539;191;178;79;R78G94B131;x
15540;191;180;89;R169G213B130;x
15541;88;124;67;R235G1B61;x
15542;184;173;159;R92G201B232;x
15543;188;117;95;R163G149B40;x
15544;177;125;147;R50G77B94;x
15545;158;205;117;R87G238B89;x
15546;167;183;121;R227G0B192;x
15547;167;152;161;R6G180B15;x
15548;178;182;164;R166G81B100;x
15549;209;120;111;R96G63B243;x
15550;231;183;108;R233G238B158;x
15551;193;130;169;R188G196B66;x
15552;184;140;123;R77G89B210;x
15553;100;143;121;R120G136B181;x
15554;155;180;136;R180G16B27;x
15555;240;176;55;R37G5B83;x
15556;186;166;81;R71G90B198;x
15557;188;121;152;R151G98B73;x
15558;213;127;96;R199G143B11;x
15559;199;162;120;R10G168B22;x
15560;210;189;143;R204G231B18;x
15561;139;158;154;R204G219B162;x
15562;181;152;70;R218G89B20;x
15563;130;118;94;R208G42B128;x
15564;203;138;83;R37G127B191;x
15565;146;199;99;R161G219B105;x
15566;206;194;144;R170G67B208;x
15567;78;132;119;R254G44B241;x
15568;116;147;138;R63G167B90;x
15569;187;153;76;R29G165B19;x
15570;189;159;96;R100G85B197;x
15571;161;183;105;R45G184B198;x
15572;145;134;145;R129G194B44;x
15573;211;201;98;R107G208B225;x
15574;115;173;88;R131G67B189;x
15575;168;148;164;R58G90B175;x
15576;163;215;87;R70G252B20;x
15577;173;169;107;R220G24B246;x
15578;103;168;57;R193G92B35;x
15579;208;166;67;R96G130B68;x
15580;72;140;91;R215G254B214;x
15581;219;178;134;R231G76B9;x
15582;162;133;119;R219G234B249;x
15583;144;153;122;R89G113B49;x
15584;201;162;57;R20G190B233;x
15585;143;132;116;R139G193B64;x
15586;180;147;86;R198G54B205;x
15587;233;207;127;R60G135B71;x
15588;138;124;109;R132G131B195;x
15589;204;175;100;R179G232B48;x
15590;187;206;84;R253G101B216;x
15591;92;112;179;R23G210B81;x
15592;190;208;106;R75G168B209;x
15593;195;175;106;R27G197B124;x
15594;109;138;74;R75G118B105;x
15595;150;125;152;R185G106B187;x
15596;190;170;90;R232G90B218;x
15597;176;107;74;R54G224B180;x
15598;162;172;87;R220G213B55;x
15599;240;168;123;R193G27B51;x
15600;225;151;128;R82G208B80;x
15601;191;187;101;R188G145B154;x
15602;176;138;40;R125G64B106;x
15603;214;129;88;R72G144B139;x
15604;166;150;108;R151G42B122;x
15605;166;190;82;R252G201B134;x
15606;163;178;134;R128G85B126;x
15607;197;131;127;R127G160B212;x
15608;181;164;129;R117G196B107;x
15609;210;167;60;R49G251B248;x
15610;176;167;112;R83G168B250;x
15611;192;165;85;R97G53B89;x
15612;218;165;103;R43G153B69;x
15613;171;151;110;R193G220B106;x
15614;155;125;116;R11G117B57;x
15615;195;210;64;R179G162B119;x
15616;82;130;86;R71G151B210;x
15617;211;187;90;R80G1B112;x
15618;169;203;124;R216G39B53;x
15619;149;202;89;R173G224B63;x
15620;72;104;81;R91G155B34;x
15621;78;161;93;R45G159B164;x
15622;107;94;70;R207G16B98;x
15623;75;120;76;R245G155B218;x
15624;237;148;78;R129G171B183;x
15625;81;117;96;R182G4B205;x
15626;230;138;81;R54G245B255;x
15627;198;182;126;R211G127B56;x
15628;179;145;113;R3G191B139;x
15629;177;185;98;R42G79B188;x
15630;192;198;121;R18G222B133;x
15631;196;178;91;R253G170B148;x
15632;183;183;98;R211G82B54;x
15633;218;145;102;R240G179B114;x
15634;169;171;158;R104G191B93;x
15635;217;169;157;R153G81B220;x
15636;189;213;83;R199G185B211;x
15637;55;145;67;R123G236B176;x
15638;209;165;93;R96G157B70;x
15639;149;158;122;R134G54B25;x
15640;145;153;87;R141G7B79;x
15641;168;178;58;R136G110B165;x
15642;172;152;100;R30G149B5;x
15643;160;169;133;R8G183B101;x
15644;182;184;84;R117G188B189;x
15645;173;141;89;R78G210B25;x
15646;175;154;78;R32G198B252;x
15647;86;168;103;R19G132B39;x
15648;195;131;118;R135G188B237;x
15649;160;152;127;R237G118B231;x
15650;206;173;143;R108G38B219;x
15651;188;161;106;R153G164B70;x
15652;191;159;52;R195G27B34;x
15653;109;127;121;R232G124B173;x
15654;191;189;62;R194G239B166;x
15655;219;148;113;R130G22B164;x
15656;194;129;150;R21G196B185;x
15657;167;152;138;R143G59B242;x
15658;122;150;153;R168G143B172;x
15659;150;179;103;R196G90B248;x
15660;184;155;159;R18G232B29;x
15661;125;187;167;R50G199B206;x
15662;221;208;141;R30G228B189;x
15663;206;157;102;R251G58B198;x
15664;163;182;150;R242G117B7;x
15665;196;197;129;R175G4B171;x
15666;167;218;114;R144G119B235;x
15667;67;103;90;R206G28B244;x
15668;197;189;173;R135G208B165;x
15669;95;143;170;R42G123B181;x
15670;185;163;121;R26G117B232;x
15671;177;176;75;R110G180B137;x
15672;167;211;113;R129G33B62;x
15673;172;164;152;R106G234B23;x
15674;138;152;85;R87G115B13;x
15675;201;168;139;R175G118B237;x
15676;181;108;108;R79G34B138;x
15677;122;205;138;R14G92B89;x
15678;235;167;74;R66G192B126;x
15679;89;125;65;R222G37B8;x
15680;192;170;118;R192G88B153;x
15681;215;147;91;R116G103B51;x
15682;110;96;190;R56G56B65;x
15683;236;154;75;R29G191B7;x
15684;204;171;138;R170G219B4;x
15685;229;174;83;R124G125B154;x
15686;180;189;76;R48G70B252;x
15687;189;195;99;R111G231B239;x
15688;55;123;122;R136G85B114;x
15689;106;142;90;R235G176B179;x
15690;219;171;115;R250G200B239;x
15691;195;169;171;R248G124B154;x
15692;212;171;110;R164G15B180;x
15693;200;154;99;R2G149B53;x
15694;210;135;129;R203G159B166;x
15695;169;109;84;R43G212B13;x
15696;164;151;132;R195G32B51;x
15697;183;124;92;R49G127B45;x
15698;201;176;103;R12G195B60;x
15699;207;182;102;R225G187B158;x
15700;148;154;176;R75G216B214;x
15701;193;182;86;R11G102B206;x
15702;111;155;136;R90G254B218;x
15703;193;140;132;R244G50B149;x
15704;176;190;170;R130G138B86;x
15705;214;146;117;R26G155B29;x
15706;214;203;126;R240G77B4;x
15707;172;197;64;R145G154B42;x
15708;179;218;62;R32G126B173;x
15709;156;150;125;R218G233B28;x
15710;163;156;119;R56G118B78;x
15711;195;138;78;R233G176B51;x
15712;150;139;180;R20G164B201;x
15713;185;113;116;R146G177B185;x
15714;174;190;164;R38G143B5;x
15715;143;127;131;R68G150B10;x
15716;194;182;101;R62G3B151;x
15717;144;203;102;R88G119B23;x
15718;221;175;89;R91G44B139;x
15719;197;144;92;R251G205B199;x
15720;179;179;114;R95G243B139;x
15721;87;103;59;R54G105B125;x
15722;211;203;129;R144G65B178;x
15723;87;162;123;R227G23B149;x
15724;145;168;105;R23G118B163;x
15725;179;178;172;R104G82B94;x
15726;208;135;68;R150G125B138;x
15727;197;154;72;R136G98B20;x
15728;184;129;136;R56G73B196;x
15729;181;179;56;R133G170B96;x
15730;115;112;86;R178G98B1;x
15731;203;161;97;R191G69B238;x
15732;210;172;103;R164G161B183;x
15733;227;141;76;R176G199B131;x
15734;200;157;128;R39G56B174;x
15735;123;144;183;R181G217B159;x
15736;220;191;105;R184G139B223;x
15737;150;156;157;R131G93B207;x
15738;211;137;116;R76G119B99;x
15739;160;115;123;R43G212B232;x
15740;172;190;86;R241G32B41;x
15741;157;137;168;R4G163B181;x
15742;195;154;156;R114G99B224;x
15743;134;193;90;R180G119B218;x
15744;175;151;172;R82G164B198;x
15745;204;164;77;R107G181B74;x
15746;186;181;134;R156G82B171;x
15747;94;159;123;R11G37B71;x
15748;161;119;167;R225G94B238;x
15749;184;168;154;R235G35B155;x
15750;99;129;82;R106G226B88;x
15751;224;164;79;R75G130B35;x
15752;98;126;50;R91G124B95;x
15753;149;166;66;R92G161B24;x
15754;219;151;104;R174G55B128;x
15755;189;193;100;R74G251B26;x
15756;183;132;77;R238G194B51;x
15757;185;182;116;R85G50B208;x
15758;80;153;85;R25G172B185;x
15759;177;133;109;R173G78B107;x
15760;176;160;91;R119G196B105;x
15761;209;148;160;R14G247B247;x
15762;151;167;149;R172G203B5;x
15763;139;141;135;R248G21B207;x
15764;207;161;84;R248G128B186;x
15765;194;178;81;R218G25B190;x
15766;143;185;176;R227G61B70;x
15767;165;182;157;R254G204B216;x
15768;230;152;139;R92G95B235;x
15769;202;170;139;R170G33B205;x
15770;151;183;124;R31G80B144;x
15771;232;167;176;R98G24B4;x
15772;143;127;54;R10G104B246;x
15773;186;172;113;R123G148B223;x
15774;169;184;80;R253G80B219;x
15775;185;175;77;R63G196B45;x
15776;89;118;191;R42G103B29;x
15777;156;176;147;R204G140B60;x
15778;183;171;64;R59G243B48;x
15779;187;168;149;R191G49B140;x
15780;187;154;169;R12G194B48;x
15781;157;161;171;R62G230B136;x
15782;166;150;131;R199G235B72;x
15783;174;130;130;R73G195B48;x
15784;170;190;88;R110G65B177;x
15785;196;138;139;R97G211B233;x
15786;198;129;134;R172G82B209;x
15787;181;156;108;R53G5B16;x
15788;182;183;115;R164G58B192;x
15789;179;136;102;R105G163B204;x
15790;205;169;102;R190G57B91;x
15791;192;132;131;R45G109B129;x
15792;213;178;142;R233G15B84;x
15793;181;181;116;R251G63B230;x
15794;155;187;142;R87G12B234;x
15795;186;142;102;R110G26B253;x
15796;165;200;143;R240G103B124;x
15797;148;148;138;R15G32B26;x
15798;85;147;103;R142G103B97;x
15799;192;131;128;R165G132B55;x
15800;224;161;119;R87G248B8;x
15801;226;150;67;R230G73B1;x
15802;134;169;67;R92G166B44;x
15803;183;209;108;R52G71B203;x
15804;88;147;106;R146G163B255;x
15805;215;153;76;R87G71B218;x
15806;178;167;157;R203G221B25;x
15807;211;140;51;R177G4B103;x
15808;124;164;140;R127G83B22;x
15809;97;134;65;R71G33B250;x
15810;123;116;55;R225G118B66;x
15811;132;205;78;R9G190B60;x
15812;196;134;147;R99G75B122;x
15813;205;173;123;R251G128B32;x
15814;165;174;148;R146G167B73;x
15815;196;194;85;R151G31B17;x
15816;191;172;128;R249G47B86;x
15817;167;184;87;R224G23B220;x
15818;210;172;109;R65G132B75;x
15819;195;166;114;R6G240B168;x
15820;211;172;119;R250G142B255;x
15821;200;143;82;R8G126B166;x
15822;172;157;178;R186G25B186;x
15823;206;165;117;R68G253B169;x
15824;81;177;108;R91G121B183;x
15825;225;162;130;R18G55B187;x
15826;165;174;114;R183G51B222;x
15827;195;126;61;R21G198B158;x
15828;190;181;109;R162G90B68;x
15829;135;150;84;R34G44B179;x
15830;207;180;92;R124G239B211;x
15831;131;101;87;R86G202B167;x
15832;152;145;127;R197G83B144;x
15833;162;168;94;R251G77B202;x
15834;196;168;82;R44G112B208;x
15835;86;154;74;R186G93B135;x
15836;178;166;140;R100G197B73;x
15837;205;182;58;R189G236B55;x
15838;216;132;87;R227G57B27;x
15839;114;192;122;R199G215B8;x
15840;186;204;93;R254G62B28;x
15841;51;120;89;R193G250B17;x
15842;200;146;88;R145G214B248;x
15843;197;151;86;R128G86B89;x
15844;222;146;132;R8G123B185;x
15845;193;177;113;R68G201B222;x
15846;153;170;119;R1G197B75;x
15847;183;148;132;R161G18B102;x
15848;172;187;172;R152G191B138;x
15849;197;159;87;R168G177B207;x
15850;80;116;70;R22G147B35;x
15851;185;157;49;R227G16B88;x
15852;182;165;98;R135G67B120;x
15853;136;162;151;R167G210B246;x
15854;141;202;113;R13G136B130;x
15855;165;128;177;R71G198B12;x
15856;221;177;98;R182G78B103;x
15857;162;150;158;R51G54B27;x
15858;164;145;150;R109G141B117;x
15859;181;188;92;R62G164B232;x
15860;161;107;115;R5G237B189;x
15861;194;139;54;R163G204B52;x
15862;178;182;158;R27G181B199;x
15863;186;154;91;R76G178B233;x
15864;185;162;63;R244G29B51;x
15865;98;103;66;R148G33B82;x
15866;200;184;63;R150G100B166;x
15867;166;169;75;R48G173B166;x
15868;198;195;179;R71G5B181;x
15869;190;145;99;R197G174B244;x
15870;173;167;157;R240G31B243;x
15871;209;162;60;R170G185B182;x
15872;150;172;162;R196G18B146;x
15873;224;143;117;R45G229B138;x
15874;152;175;141;R197G37B119;x
15875;218;177;93;R130G210B69;x
15876;175;190;124;R95G62B112;x
15877;147;162;77;R252G172B143;x
15878;231;146;86;R68G136B234;x
15879;189;190;182;R122G120B97;x
15880;98;134;103;R176G64B90;x
15881;225;154;76;R153G22B42;x
15882;103;140;113;R142G246B164;x
15883;213;86;90;R125G135B28;x
15884;180;140;132;R159G129B60;x
15885;240;209;140;R29G126B92;x
15886;175;165;175;R30G227B225;x
15887;126;151;120;R17G204B75;x
15888;170;161;117;R53G217B112;x
15889;72;126;121;R27G139B246;x
15890;199;171;125;R51G163B189;x
15891;218;193;110;R198G229B101;x
15892;198;179;75;R12G235B243;x
15893;122;157;123;R212G141B169;x
15894;153;202;189;R18G162B102;x
15895;178;160;139;R184G149B65;x
15896;203;151;66;R244G67B32;x
15897;220;127;71;R190G88B76;x
15898;168;173;190;R119G131B60;x
15899;191;143;166;R137G130B112;x
15900;115;161;172;R91G240B223;x
15901;218;157;115;R218G184B171;x
15902;190;152;143;R252G16B18;x
15903;99;167;106;R182G245B123;x
15904;86;140;105;R166G127B251;x
15905;180;213;81;R253G5B128;x
15906;191;200;85;R126G10B105;x
15907;190;165;55;R209G80B200;x
15908;154;179;110;R61G28B147;x
15909;167;166;179;R185G58B178;x
15910;162;212;84;R109G89B7;x
15911;57;138;66;R16G72B25;x
15912;191;138;129;R40G19B93;x
15913;172;184;112;R147G23B74;x
15914;199;162;183;R135G150B151;x
15915;202;143;93;R185G61B110;x
15916;190;193;120;R44G208B250;x
15917;134;115;180;R33G5B155;x
15918;190;172;96;R192G98B115;x
15919;98;169;82;R123G57B84;x
15920;218;175;110;R81G7B199;x
15921;208;151;115;R236G86B69;x
15922;239;143;121;R175G163B14;x
15923;139;173;139;R177G237B41;x
15924;97;146;84;R100G164B71;x
15925;191;188;186;R178G17B85;x
15926;211;120;81;R141G151B10;x
15927;190;147;118;R68G13B1;x
15928;211;152;115;R100G245B52;x
15929;233;155;79;R129G163B52;x
15930;189;182;142;R91G105B40;x
15931;131;184;102;R251G139B75;x
15932;194;166;133;R22G227B60;x
15933;194;164;109;R234G60B27;x
15934;224;144;168;R0G147B164;x
15935;205;153;138;R239G36B23;x
15936;180;193;64;R100G124B54;x
15937;177;170;142;R163G55B61;x
15938;153;212;95;R59G241B121;x
15939;181;171;126;R8G157B0;x
15940;214;144;81;R168G134B32;x
15941;150;187;161;R220G7B142;x
15942;211;192;126;R81G0B228;x
15943;224;176;101;R214G120B156;x
15944;68;129;77;R201G88B196;x
15945;153;105;179;R193G101B156;x
15946;182;186;108;R217G218B125;x
15947;188;178;128;R137G145B107;x
15948;130;181;144;R118G102B56;x
15949;202;210;90;R58G232B197;x
15950;190;172;90;R45G119B45;x
15951;219;149;85;R94G98B155;x
15952;177;120;111;R173G221B156;x
15953;200;162;39;R158G160B78;x
15954;201;150;147;R252G98B234;x
15955;188;203;83;R159G177B80;x
15956;89;182;126;R218G245B127;x
15957;186;196;139;R216G183B121;x
15958;90;112;144;R236G28B164;x
15959;193;148;79;R138G92B155;x
15960;160;183;95;R80G72B192;x
15961;183;148;124;R94G147B196;x
15962;156;152;161;R165G0B175;x
15963;163;150;151;R211G208B169;x
15964;154;185;193;R57G179B57;x
15965;177;173;120;R117G141B198;x
15966;181;175;79;R101G148B246;x
15967;180;188;157;R77G100B157;x
15968;192;164;150;R195G147B242;x
15969;172;212;97;R179G86B85;x
15970;141;131;178;R107G213B114;x
15971;124;203;137;R252G205B128;x
15972;175;135;148;R241G117B114;x
15973;156;175;151;R4G6B145;x
15974;160;151;142;R114G12B14;x
15975;189;110;118;R94G228B80;x
15976;123;123;118;R56G186B28;x
15977;158;154;154;R135G72B169;x
15978;166;182;116;R166G21B100;x
15979;68;130;125;R245G36B243;x
15980;214;200;118;R154G16B197;x
15981;197;148;151;R64G145B118;x
15982;174;166;118;R167G72B99;x
15983;193;137;86;R173G213B94;x
15984;204;155;111;R231G73B124;x
15985;98;151;81;R191G248B39;x
15986;183;134;147;R218G25B164;x
15987;168;180;125;R87G61B94;x
15988;194;158;100;R92G148B84;x
15989;167;197;100;R49G226B91;x
15990;94;129;93;R134G40B84;x
15991;151;205;118;R187G156B183;x
15992;212;126;104;R132G217B185;x
15993;114;148;73;R87G89B195;x
15994;169;165;121;R253G196B41;x
15995;183;192;118;R166G171B70;x
15996;151;141;141;R85G78B18;x
15997;164;169;93;R199G116B127;x
15998;177;155;86;R232G179B63;x
15999;87;165;203;R103G207B83;x
16000;171;212;65;R178G235B129;x
16001;127;140;152;R149G217B129;x
16002;183;170;66;R79G203B128;x
16003;165;174;190;R40G27B22;x
16004;152;201;171;R239G254B22;x
16005;99;146;136;R233G124B178;x
16006;203;192;90;R182G205B141;x
16007;186;143;49;R121G105B208;x
16008;168;167;124;R14G23B162;x
16009;203;185;69;R8G64B242;x
16010;173;219;88;R191G6B183;x
16011;208;181;163;R190G78B18;x
16012;207;147;68;R132G198B155;x
16013;171;171;145;R221G124B150;x
16014;211;191;90;R63G229B115;x
16015;182;174;117;R20G153B177;x
16016;75;151;32;R71G70B13;x
16017;172;125;57;R13G129B247;x
16018;188;170;99;R125G202B70;x
16019;225;152;77;R194G205B37;x
16020;90;97;73;R40G1B187;x
16021;213;222;129;R141G119B78;x
16022;90;140;89;R122G34B201;x
16023;131;123;73;R228G146B145;x
16024;198;177;105;R0G50B126;x
16025;178;194;124;R59G194B195;x
16026;210;159;43;R143G172B223;x
16027;185;142;85;R46G98B27;x
16028;141;165;88;R154G61B238;x
16029;106;147;177;R235G26B224;x
16030;97;95;77;R137G77B6;x
16031;189;183;141;R100G156B101;x
16032;202;135;164;R18G63B252;x
16033;157;189;143;R234G186B52;x
16034;77;90;86;R227G212B249;x
16035;69;180;92;R103G48B29;x
16036;129;181;157;R8G3B149;x
16037;225;144;98;R184G163B227;x
16038;73;166;87;R30G251B187;x
16039;207;168;98;R142G154B0;x
16040;151;142;161;R73G100B221;x
16041;177;184;98;R247G203B250;x
16042;180;157;116;R19G107B171;x
16043;80;116;48;R88G56B6;x
16044;55;144;75;R145G255B153;x
16045;195;149;113;R99G192B16;x
16046;165;173;142;R156G199B99;x
16047;185;177;142;R73G144B85;x
16048;51;126;67;R77G156B111;x
16049;75;111;83;R69G157B41;x
16050;209;155;102;R248G0B234;x
16051;173;151;96;R123G150B79;x
16052;139;160;191;R168G85B12;x
16053;186;147;75;R180G240B110;x
16054;101;133;82;R103G10B105;x
16055;218;193;65;R189G222B104;x
16056;77;91;74;R182G56B68;x
16057;219;181;102;R197G187B109;x
16058;211;165;61;R236G16B70;x
16059;135;153;140;R246G21B126;x
16060;159;218;93;R165G132B114;x
16061;214;201;87;R85G248B255;x
16062;201;211;82;R43G245B120;x
16063;190;154;71;R211G149B11;x
16064;97;151;56;R178G173B133;x
16065;217;127;74;R18G217B98;x
16066;163;165;170;R40G61B16;x
16067;185;177;82;R250G14B4;x
16068;168;150;116;R119G177B164;x
16069;180;206;107;R12G69B153;x
16070;189;163;117;R52G111B29;x
16071;164;151;191;R42G61B10;x
16072;230;175;109;R11G250B157;x
16073;204;199;116;R217G18B103;x
16074;218;186;111;R71G175B145;x
16075;186;173;85;R132G176B114;x
16076;157;163;140;R24G122B85;x
16077;96;129;109;R41G75B244;x
16078;213;181;76;R112G92B57;x
16079;187;145;130;R50G36B31;x
16080;188;137;75;R243G130B166;x
16081;197;192;120;R210G44B161;x
16082;83;157;110;R228G143B231;x
16083;172;193;143;R196G226B248;x
16084;182;190;106;R78G14B29;x
16085;213;176;104;R58G217B22;x
16086;162;207;75;R175G237B236;x
16087;120;170;76;R161G96B237;x
16088;115;121;84;R113G144B15;x
16089;240;159;96;R251G236B54;x
16090;63;142;58;R113G157B224;x
16091;238;184;115;R48G40B203;x
16092;82;136;48;R13G72B136;x
16093;180;155;44;R4G121B79;x
16094;154;205;111;R137G97B161;x
16095;180;160;112;R205G141B20;x
16096;156;159;159;R27G228B243;x
16097;197;199;112;R41G180B221;x
16098;181;179;69;R173G199B106;x
16099;223;163;82;R99G30B146;x
16100;162;170;80;R213G15B166;x
16101;192;145;77;R184G119B184;x
16102;85;154;112;R242G108B93;x
16103;141;112;123;R132G172B170;x
16104;61;96;67;R158G152B72;x
16105;211;127;58;R234G83B208;x
16106;235;180;78;R14G235B36;x
16107;188;192;79;R101G193B120;x
16108;170;176;87;R222G106B35;x
16109;158;188;112;R242G216B155;x
16110;185;129;85;R93G152B203;x
16111;140;136;110;R122G157B138;x
16112;103;142;200;R152G34B84;x
16113;73;144;106;R242G214B83;x
16114;184;142;136;R136G84B2;x
16115;136;130;82;R222G93B237;x
16116;194;167;140;R46G77B96;x
16117;161;171;65;R247G246B240;x
16118;176;147;142;R189G197B78;x
16119;125;118;156;R48G154B163;x
16120;194;181;157;R131G128B179;x
16121;156;124;138;R7G247B187;x
16122;223;159;156;R217G57B206;x
16123;177;191;102;R28G27B244;x
16124;216;162;105;R85G134B255;x
16125;154;133;125;R238G141B120;x
16126;103;133;157;R200G134B142;x
16127;80;134;97;R63G71B65;x
16128;176;127;136;R186G173B106;x
16129;202;145;103;R17G233B247;x
16130;183;147;56;R195G4B255;x
16131;213;222;109;R82G79B171;x
16132;189;87;114;R76G78B176;x
16133;208;211;162;R53G114B250;x
16134;175;123;123;R161G92B192;x
16135;56;115;121;R29G194B240;x
16136;185;173;88;R235G136B174;x
16137;60;173;111;R131G10B90;x
16138;194;183;96;R143G102B117;x
16139;156;160;166;R252G38B161;x
16140;189;191;65;R176G132B224;x
16141;199;179;67;R55G206B197;x
16142;224;157;113;R180G59B81;x
16143;225;154;119;R29G145B32;x
16144;197;189;71;R254G14B166;x
16145;136;149;113;R66G249B218;x
16146;189;133;84;R161G82B172;x
16147;90;117;66;R170G175B80;x
16148;121;165;77;R198G214B94;x
16149;233;148;140;R44G252B78;x
16150;233;207;98;R224G36B84;x
16151;75;110;92;R175G230B22;x
16152;97;163;167;R185G105B116;x
16153;200;167;75;R242G151B165;x
16154;174;155;112;R185G107B174;x
16155;85;119;172;R251G132B161;x
16156;188;177;115;R229G140B25;x
16157;140;202;97;R60G65B205;x
16158;86;140;74;R198G111B154;x
16159;164;129;139;R220G81B48;x
16160;139;190;142;R253G83B14;x
16161;208;152;148;R226G93B205;x
16162;201;163;74;R195G117B227;x
16163;165;172;116;R111G146B146;x
16164;188;206;128;R121G104B82;x
16165;224;134;87;R223G86B191;x
16166;222;197;76;R61G253B83;x
16167;162;164;133;R171G123B137;x
16168;122;177;158;R6G55B59;x
16169;179;193;125;R38G75B29;x
16170;186;153;70;R151G6B107;x
16171;240;176;70;R69G158B196;x
16172;148;178;116;R252G184B210;x
16173;114;108;181;R218G84B231;x
16174;89;125;71;R3G129B205;x
16175;218;209;86;R155G182B57;x
16176;203;133;87;R3G26B120;x
16177;125;133;175;R55G29B29;x
16178;219;182;114;R21G207B184;x
16179;240;166;88;R22G7B194;x
16180;161;160;124;R179G220B242;x
16181;240;143;96;R245G217B157;x
16182;223;147;66;R13G11B71;x
16183;188;143;73;R227G100B225;x
16184;171;130;161;R230G103B201;x
16185;196;161;91;R127G52B73;x
16186;225;151;43;R194G176B30;x
16187;207;136;100;R219G246B89;x
16188;194;189;89;R157G205B212;x
16189;55;142;81;R210G119B103;x
16190;224;171;82;R116G160B127;x
16191;183;164;122;R122G166B132;x
16192;219;158;75;R41G227B240;x
16193;151;160;161;R85G134B90;x
16194;175;207;73;R132G141B131;x
16195;199;219;103;R96G130B95;x
16196;196;135;151;R65G254B254;x
16197;100;146;99;R82G120B170;x
16198;191;133;71;R156G144B28;x
16199;123;110;171;R69G66B195;x
16200;157;182;141;R182G11B255;x
16201;190;195;99;R53G214B31;x
16202;168;123;153;R68G158B139;x
16203;212;164;171;R47G214B24;x
16204;213;170;103;R169G90B74;x
16205;168;130;131;R176G190B203;x
16206;163;114;79;R0G185B207;x
16207;218;165;107;R41G38B206;x
16208;108;137;96;R201G10B107;x
16209;230;159;51;R87G2B221;x
16210;183;183;129;R199G87B149;x
16211;196;148;117;R45G113B130;x
16212;155;168;144;R88G150B234;x
16213;188;165;74;R37G91B216;x
16214;182;146;99;R251G8B23;x
16215;176;176;84;R240G109B102;x
16216;159;115;43;R125G21B72;x
16217;229;139;64;R123G150B8;x
16218;128;162;155;R246G85B94;x
16219;188;143;157;R195G116B127;x
16220;207;171;135;R74G219B24;x
16221;115;134;68;R162G61B25;x
16222;74;159;99;R121G106B76;x
16223;160;163;104;R114G218B199;x
16224;178;173;116;R14G255B208;x
16225;214;211;83;R185G162B158;x
16226;96;123;65;R14G59B188;x
16227;206;143;116;R58G237B145;x
16228;183;142;153;R205G86B94;x
16229;165;135;139;R204G97B12;x
16230;201;204;84;R16G167B45;x
16231;173;190;97;R177G115B85;x
16232;166;154;116;R103G42B59;x
16233;151;197;149;R119G105B66;x
16234;156;158;76;R221G147B10;x
16235;175;162;160;R38G74B249;x
16236;214;156;99;R134G176B116;x
16237;178;168;145;R169G126B174;x
16238;159;159;145;R102G251B137;x
16239;122;176;73;R237G42B225;x
16240;176;167;172;R67G37B156;x
16241;205;139;91;R194G238B231;x
16242;208;171;80;R155G150B52;x
16243;207;179;87;R209G149B76;x
16244;180;189;103;R203G193B76;x
16245;63;90;103;R74G182B118;x
16246;239;171;88;R12G60B138;x
16247;66;102;66;R197G23B86;x
16248;92;120;99;R37G58B156;x
16249;207;178;152;R69G225B170;x
16250;141;154;116;R254G66B231;x
16251;189;207;115;R36G69B234;x
16252;178;169;105;R243G159B209;x
16253;146;197;160;R107G132B215;x
16254;162;154;97;R76G108B173;x
16255;216;125;126;R28G248B64;x
16256;192;170;132;R106G103B153;x
16257;187;162;138;R253G12B60;x
16258;203;201;83;R121G62B206;x
16259;178;134;118;R104G248B2;x
16260;161;143;135;R12G79B248;x
16261;191;139;104;R145G2B228;x
16262;134;105;145;R246G227B121;x
16263;178;156;132;R115G124B141;x
16264;204;135;107;R254G209B26;x
16265;123;158;82;R156G156B29;x
16266;172;161;135;R87G47B176;x
16267;195;135;85;R101G211B25;x
16268;68;121;145;R38G74B134;x
16269;221;162;95;R32G176B218;x
16270;173;181;149;R32G114B190;x
16271;224;148;129;R151G114B54;x
16272;62;164;103;R217G32B17;x
16273;94;132;113;R227G211B11;x
16274;130;175;124;R112G166B143;x
16275;179;202;178;R129G159B133;x
16276;209;150;147;R24G232B105;x
16277;195;179;132;R128G59B231;x
16278;232;174;55;R143G73B239;x
16279;115;168;102;R209G72B66;x
16280;199;184;113;R164G65B147;x
16281;207;134;127;R81G63B102;x
16282;187;148;49;R130G208B243;x
16283;124;140;200;R5G113B27;x
16284;165;173;89;R65G134B36;x
16285;187;135;90;R203G229B166;x
16286;174;126;141;R93G97B13;x
16287;216;191;139;R191G101B88;x
16288;125;107;141;R38G22B74;x
16289;210;178;106;R116G204B226;x
16290;184;177;97;R54G51B173;x
16291;218;183;125;R81G24B186;x
16292;192;132;97;R70G242B54;x
16293;175;176;132;R71G49B165;x
16294;225;161;95;R150G178B96;x
16295;74;120;78;R17G161B74;x
16296;91;131;201;R164G13B159;x
16297;164;207;57;R238G53B127;x
16298;74;157;60;R132G31B149;x
16299;173;184;140;R247G97B62;x
16300;145;133;132;R226G105B213;x
16301;213;127;169;R143G105B85;x
16302;78;116;149;R181G195B87;x
16303;159;133;137;R55G57B89;x
16304;229;166;109;R6G255B222;x
16305;151;187;141;R105G18B35;x
16306;240;186;129;R216G143B198;x
16307;211;160;162;R183G250B209;x
16308;208;168;83;R254G234B181;x
16309;184;161;77;R164G75B98;x
16310;153;160;150;R252G50B179;x
16311;188;187;142;R235G122B57;x
16312;222;174;40;R82G5B110;x
16313;130;208;89;R142G88B23;x
16314;167;129;63;R167G99B219;x
16315;63;109;76;R222G13B78;x
16316;206;159;113;R86G169B107;x
16317;216;159;115;R0G62B184;x
16318;163;178;149;R221G22B36;x
16319;136;178;139;R93G254B56;x
16320;113;146;74;R3G224B188;x
16321;53;154;55;R53G111B139;x
16322;189;182;126;R36G47B232;x
16323;190;171;133;R24G77B203;x
16324;161;119;152;R197G74B155;x
16325;155;186;159;R169G154B94;x
16326;139;152;135;R54G78B24;x
16327;211;174;75;R48G54B50;x
16328;199;178;70;R59G51B51;x
16329;201;189;108;R206G14B193;x
16330;204;170;51;R55G217B131;x
16331;156;146;132;R3G7B164;x
16332;80;142;65;R113G130B17;x
16333;192;181;108;R95G32B101;x
16334;237;171;50;R172G7B204;x
16335;86;133;111;R243G32B222;x
16336;149;196;98;R172G95B192;x
16337;193;177;83;R175G1B71;x
16338;224;163;73;R80G81B102;x
16339;164;198;99;R29G235B86;x
16340;186;186;122;R155G127B182;x
16341;156;152;107;R90G175B194;x
16342;190;174;145;R214G118B145;x
16343;170;180;117;R230G20B30;x
16344;181;156;115;R16G169B127;x
16345;205;177;125;R94G242B211;x
16346;173;164;95;R196G161B190;x
16347;203;169;131;R161G7B102;x
16348;173;212;85;R82G246B138;x
16349;206;193;114;R56G143B213;x
16350;240;125;94;R214G58B87;x
16351;181;185;106;R129G63B60;x
16352;162;181;90;R77G240B245;x
16353;179;142;90;R24G28B10;x
16354;139;163;93;R45G100B27;x
16355;182;189;122;R148G211B159;x
16356;126;161;154;R103G140B151;x
16357;203;135;74;R77G125B158;x
16358;212;153;94;R229G104B135;x
16359;142;159;146;R124G110B97;x
16360;219;187;111;R96G141B200;x
16361;164;149;66;R154G106B231;x
16362;210;176;98;R87G144B143;x
16363;184;146;54;R58G56B19;x
16364;193;180;123;R151G147B140;x
16365;215;183;103;R131G78B139;x
16366;192;193;82;R210G112B171;x
16367;193;206;120;R128G41B247;x
16368;207;125;117;R234G5B138;x
16369;185;153;86;R26G104B28;x
16370;75;118;108;R157G52B199;x
16371;159;127;175;R140G172B127;x
16372;58;141;65;R138G232B151;x
16373;195;147;84;R181G215B234;x
16374;94;122;81;R113G10B162;x
16375;206;123;77;R130G178B170;x
16376;210;205;61;R199G201B1;x
16377;185;205;126;R6G171B117;x
16378;205;192;135;R44G14B226;x
16379;218;156;121;R165G53B92;x
16380;184;174;94;R138G209B133;x
16381;78;133;87;R6G180B111;x
16382;132;122;104;R102G81B110;x
16383;181;198;185;R109G191B9;x
16384;217;170;130;R10G123B155;x
16385;229;202;62;R9G53B167;x
16386;203;183;134;R23G9B87;x
16387;83;125;90;R30G200B48;x
16388;224;198;139;R192G180B128;x
16389;207;161;107;R78G5B87;x
16390;176;173;115;R108G224B206;x
16391;214;161;143;R226G41B85;x
16392;166;159;184;R49G89B18;x
16393;206;160;121;R186G144B250;x
16394;128;180;181;R12G222B21;x
16395;208;151;132;R127G182B214;x
16396;174;147;150;R230G178B14;x
16397;106;148;117;R91G129B235;x
16398;224;211;117;R151G38B209;x
16399;212;185;178;R70G166B133;x
16400;222;191;78;R176G75B109;x
16401;213;161;100;R205G26B95;x
16402;170;195;158;R98G137B115;x
16403;192;125;153;R17G209B253;x
16404;90;126;103;R21G230B116;x
16405;95;158;68;R192G69B29;x
16406;170;163;47;R113G215B226;x
16407;172;181;186;R52G210B209;x
16408;123;151;194;R164G98B116;x
16409;190;139;112;R220G1B6;x
16410;110;115;118;R120G63B116;x
16411;72;120;129;R154G62B68;x
16412;189;137;168;R71G194B230;x
16413;197;142;98;R20G68B208;x
16414;57;142;60;R126G198B116;x
16415;191;176;98;R16G224B26;x
16416;189;159;68;R77G225B52;x
16417;194;205;106;R214G146B110;x
16418;208;171;88;R97G38B196;x
16419;184;180;118;R215G58B85;x
16420;200;174;147;R46G189B99;x
16421;199;142;164;R151G53B125;x
16422;205;158;180;R144G45B246;x
16423;144;176;165;R28G18B141;x
16424;145;160;84;R236G53B51;x
16425;204;189;103;R66G67B165;x
16426;202;147;129;R175G92B111;x
16427;207;131;73;R146G222B96;x
16428;134;160;114;R82G170B157;x
16429;165;184;99;R173G144B180;x
16430;166;177;183;R253G148B162;x
16431;236;192;71;R206G148B130;x
16432;240;184;102;R239G86B66;x
16433;202;154;165;R237G29B166;x
16434;154;154;133;R60G51B203;x
16435;213;205;116;R222G228B52;x
16436;100;164;69;R69G186B165;x
16437;182;163;133;R17G174B44;x
16438;228;155;103;R16G7B60;x
16439;80;130;128;R29G232B241;x
16440;195;171;127;R5G81B113;x
16441;54;107;87;R101G1B241;x
16442;184;161;146;R163G253B64;x
16443;172;161;34;R89G47B186;x
16444;110;124;90;R215G87B67;x
16445;66;142;57;R107G145B45;x
16446;205;143;76;R167G178B168;x
16447;165;165;93;R103G19B34;x
16448;84;110;102;R143G225B248;x
16449;144;192;95;R188G22B37;x
16450;217;189;87;R49G80B145;x
16451;197;146;91;R245G220B100;x
16452;95;120;105;R103G93B187;x
16453;217;166;110;R128G255B133;x
16454;167;170;145;R224G30B5;x
16455;200;153;88;R50G97B225;x
16456;237;135;92;R22G243B28;x
16457;215;157;113;R243G251B254;x
16458;143;212;102;R128G228B57;x
16459;228;208;160;R53G22B64;x
16460;232;167;109;R164G174B104;x
16461;204;214;106;R166G205B31;x
16462;219;210;107;R128G73B65;x
16463;175;162;106;R72G26B122;x
16464;96;111;100;R79G51B53;x
16465;169;168;172;R16G246B140;x
16466;156;115;86;R70G227B175;x
16467;209;126;57;R197G156B123;x
16468;175;134;49;R156G173B20;x
16469;158;180;75;R112G173B225;x
16470;162;224;95;R16G133B7;x
16471;222;184;84;R103G135B222;x
16472;165;137;155;R253G237B232;x
16473;165;153;143;R197G60B197;x
16474;169;169;167;R81G165B94;x
16475;143;172;132;R133G237B42;x
16476;143;131;174;R232G204B1;x
16477;102;90;147;R148G75B245;x
16478;186;170;129;R255G18B190;x
16479;194;153;101;R245G123B182;x
16480;136;165;169;R78G163B249;x
16481;210;196;95;R223G79B117;x
16482;168;165;117;R214G232B140;x
16483;127;140;156;R200G63B208;x
16484;147;179;146;R156G30B77;x
16485;97;143;169;R149G169B184;x
16486;163;169;129;R50G124B81;x
16487;186;182;90;R189G115B154;x
16488;216;128;111;R94G226B226;x
16489;164;182;124;R30G154B52;x
16490;186;135;108;R185G68B183;x
16491;203;167;85;R176G240B60;x
16492;222;192;125;R2G226B148;x
16493;197;201;122;R176G178B47;x
16494;195;190;174;R178G21B77;x
16495;150;182;115;R86G12B216;x
16496;219;163;125;R201G108B150;x
16497;130;115;83;R41G94B173;x
16498;178;115;79;R154G83B76;x
16499;161;117;136;R10G139B136;x
16500;169;136;167;R71G129B50;x
16501;202;198;126;R230G206B230;x
16502;187;215;114;R81G25B138;x
16503;227;139;87;R34G131B222;x
16504;140;153;151;R0G172B32;x
16505;152;192;138;R176G128B99;x
16506;108;140;79;R252G41B203;x
16507;197;217;87;R149G13B242;x
16508;173;135;126;R195G151B180;x
16509;204;162;80;R123G121B4;x
16510;108;129;94;R207G247B140;x
16511;234;153;80;R69G169B232;x
16512;177;158;90;R62G220B33;x
16513;240;180;75;R13G227B20;x
16514;174;128;107;R30G14B34;x
16515;232;146;121;R229G57B77;x
16516;185;202;88;R68G243B227;x
16517;222;149;106;R84G39B128;x
16518;183;154;76;R179G104B77;x
16519;188;153;105;R110G114B64;x
16520;166;194;179;R32G78B148;x
16521;150;177;152;R151G74B211;x
16522;216;173;165;R190G206B104;x
16523;181;200;103;R57G9B25;x
16524;134;140;163;R75G172B63;x
16525;164;161;80;R42G106B78;x
16526;215;158;46;R69G112B133;x
16527;146;157;153;R157G191B246;x
16528;216;149;141;R229G219B251;x
16529;204;195;133;R141G187B55;x
16530;184;152;120;R24G224B161;x
16531;185;153;69;R226G209B13;x
16532;79;120;82;R132G4B79;x
16533;187;176;101;R176G217B178;x
16534;116;171;168;R169G129B55;x
16535;195;161;130;R243G82B151;x
16536;205;154;97;R48G115B118;x
16537;193;171;85;R11G60B235;x
16538;182;145;133;R94G49B188;x
16539;196;221;101;R73G36B124;x
16540;108;142;87;R50G136B244;x
16541;161;170;116;R76G252B223;x
16542;181;161;175;R225G228B143;x
16543;215;152;55;R102G40B129;x
16544;210;158;122;R34G220B40;x
16545;205;174;77;R252G75B191;x
16546;199;141;99;R25G130B224;x
16547;195;182;66;R158G16B240;x
16548;191;135;105;R70G25B104;x
16549;138;113;135;R58G197B133;x
16550;157;182;68;R160G152B174;x
16551;189;184;77;R31G151B185;x
16552;180;166;179;R252G177B65;x
16553;150;121;129;R82G59B86;x
16554;181;168;152;R194G149B128;x
16555;159;189;77;R56G31B121;x
16556;66;166;86;R127G73B82;x
16557;235;150;104;R32G40B149;x
16558;194;129;161;R84G104B32;x
16559;196;175;95;R235G192B171;x
16560;224;142;39;R226G55B114;x
16561;195;195;73;R12G147B170;x
16562;209;165;104;R58G12B35;x
16563;112;154;161;R61G212B61;x
16564;124;174;126;R215G36B132;x
16565;114;146;75;R44G76B43;x
16566;109;106;196;R92G160B153;x
16567;208;160;74;R209G118B176;x
16568;185;176;110;R61G222B84;x
16569;214;148;71;R147G56B243;x
16570;97;129;107;R210G1B187;x
16571;181;169;115;R117G43B240;x
16572;102;139;178;R176G31B220;x
16573;191;137;71;R37G57B113;x
16574;189;208;120;R229G115B193;x
16575;172;157;80;R234G146B101;x
16576;179;170;82;R26G254B193;x
16577;170;144;154;R150G178B38;x
16578;202;173;98;R197G161B233;x
16579;182;166;145;R194G37B69;x
16580;229;155;89;R220G32B94;x
16581;167;141;58;R227G185B220;x
16582;199;159;97;R208G148B157;x
16583;240;180;131;R151G250B93;x
16584;197;154;98;R77G42B3;x
16585;201;164;90;R96G229B6;x
16586;168;150;184;R82G223B5;x
16587;223;138;88;R160G66B46;x
16588;192;163;132;R29G193B118;x
16589;201;152;81;R131G250B175;x
16590;195;158;144;R244G162B69;x
16591;171;134;159;R42G145B145;x
16592;128;168;127;R122G4B102;x
16593;160;173;64;R160G237B21;x
16594;84;126;87;R134G130B116;x
16595;206;185;100;R254G114B174;x
16596;78;128;69;R57G110B253;x
16597;77;92;72;R255G167B79;x
16598;206;123;129;R3G37B4;x
16599;212;170;89;R27G110B135;x
16600;209;214;94;R182G251B146;x
16601;205;175;96;R239G202B235;x
16602;188;134;108;R173G177B130;x
16603;57;119;108;R122G169B217;x
16604;130;184;150;R130G70B15;x
16605;105;139;111;R131G11B192;x
16606;72;130;63;R154G80B152;x
16607;166;169;125;R221G174B53;x
16608;96;151;58;R4G79B47;x
16609;74;123;103;R105G18B87;x
16610;172;166;121;R32G143B219;x
16611;138;138;164;R34G202B52;x
16612;167;190;105;R150G107B166;x
16613;112;166;78;R9G30B166;x
16614;83;168;85;R224G3B232;x
16615;129;171;159;R125G243B121;x
16616;213;148;54;R40G149B19;x
16617;208;167;88;R16G99B182;x
16618;62;107;98;R45G59B178;x
16619;183;192;86;R73G35B204;x
16620;175;150;86;R56G182B25;x
16621;94;135;39;R225G32B220;x
16622;229;165;81;R149G67B135;x
16623;216;125;55;R85G54B171;x
16624;209;194;131;R160G233B212;x
16625;170;128;124;R33G34B235;x
16626;192;195;99;R110G216B174;x
16627;136;156;138;R30G160B197;x
16628;99;166;59;R143G98B121;x
16629;164;175;92;R251G159B149;x
16630;165;163;173;R46G116B127;x
16631;131;180;67;R23G145B192;x
16632;218;167;90;R155G10B117;x
16633;207;185;63;R176G246B19;x
16634;186;98;53;R98G163B146;x
16635;154;188;146;R228G167B224;x
16636;209;146;151;R15G123B255;x
16637;137;114;156;R241G31B69;x
16638;239;146;126;R180G251B109;x
16639;199;138;95;R34G174B40;x
16640;107;117;124;R16G105B191;x
16641;134;186;96;R105G117B252;x
16642;204;211;84;R104G246B69;x
16643;139;199;79;R135G147B86;x
16644;90;133;97;R117G46B254;x
16645;131;184;85;R139G76B87;x
16646;177;152;130;R162G242B203;x
16647;129;192;153;R120G249B123;x
16648;128;184;133;R212G134B224;x
16649;157;189;125;R90G95B208;x
16650;159;148;185;R194G165B220;x
16651;147;159;168;R15G163B71;x
16652;226;145;88;R28G173B56;x
16653;179;195;110;R237G173B228;x
16654;202;170;50;R25G31B203;x
16655;177;181;110;R166G171B230;x
16656;131;146;99;R149G78B156;x
16657;92;164;127;R87G244B97;x
16658;171;208;80;R138G16B14;x
16659;240;158;83;R148G113B76;x
16660;201;153;117;R221G232B94;x
16661;67;136;111;R162G209B2;x
16662;102;125;119;R190G132B14;x
16663;178;141;163;R188G114B142;x
16664;168;137;163;R142G234B84;x
16665;209;184;88;R25G107B65;x
16666;188;132;73;R239G196B98;x
16667;190;184;83;R176G7B28;x
16668;61;126;88;R71G40B93;x
16669;144;179;117;R225G10B92;x
16670;108;113;78;R144G210B244;x
16671;213;167;92;R149G74B196;x
16672;158;159;173;R158G250B59;x
16673;129;146;102;R115G76B84;x
16674;171;209;132;R123G34B132;x
16675;127;157;123;R73G100B207;x
16676;149;176;96;R59G203B119;x
16677;179;126;105;R12G115B222;x
16678;151;160;143;R69G116B165;x
16679;179;142;140;R8G31B44;x
16680;177;139;169;R27G41B108;x
16681;216;229;94;R220G123B26;x
16682;234;163;43;R30G241B141;x
16683;200;131;93;R109G215B4;x
16684;204;161;108;R204G154B149;x
16685;205;196;84;R197G136B43;x
16686;169;158;119;R240G22B175;x
16687;140;163;113;R213G56B91;x
16688;124;155;175;R48G101B94;x
16689;209;158;70;R2G76B231;x
16690;211;159;85;R199G52B225;x
16691;208;192;101;R171G160B252;x
16692;183;160;179;R40G188B229;x
16693;197;189;51;R76G12B186;x
16694;83;134;65;R243G112B87;x
16695;188;126;132;R24G219B37;x
16696;176;108;150;R208G225B25;x
16697;72;122;60;R47G172B184;x
16698;183;167;70;R175G34B187;x
16699;144;199;144;R26G28B60;x
16700;137;190;93;R135G184B170;x
16701;229;164;98;R254G22B250;x
16702;198;178;82;R128G28B84;x
16703;88;128;99;R85G52B141;x
16704;170;173;92;R151G124B87;x
16705;162;111;149;R228G41B119;x
16706;199;140;119;R203G221B102;x
16707;212;196;114;R87G4B142;x
16708;130;179;150;R141G199B172;x
16709;162;130;117;R96G222B13;x
16710;168;122;92;R64G222B212;x
16711;142;187;137;R13G30B140;x
16712;110;167;80;R37G187B211;x
16713;161;140;64;R82G80B9;x
16714;216;166;92;R15G158B252;x
16715;214;202;141;R247G180B184;x
16716;239;218;121;R113G131B221;x
16717;200;190;98;R41G78B79;x
16718;195;207;97;R118G76B84;x
16719;145;163;167;R245G28B168;x
16720;135;175;44;R104G10B69;x
16721;159;163;88;R123G100B86;x
16722;223;145;54;R40G119B170;x
16723;171;167;84;R166G140B9;x
16724;180;185;85;R49G191B199;x
16725;203;216;101;R238G211B135;x
16726;84;122;87;R3G176B7;x
16727;172;175;68;R116G152B11;x
16728;165;138;87;R152G191B209;x
16729;240;143;61;R6G177B151;x
16730;181;137;72;R254G119B25;x
16731;205;119;160;R155G248B116;x
16732;161;163;116;R123G129B96;x
16733;113;163;89;R170G102B225;x
16734;223;172;89;R107G208B176;x
16735;108;141;100;R25G67B245;x
16736;200;156;163;R140G174B112;x
16737;214;221;147;R63G125B99;x
16738;63;123;110;R175G52B226;x
16739;187;141;159;R69G80B157;x
16740;184;159;144;R11G52B255;x
16741;139;150;112;R109G232B15;x
16742;199;133;153;R197G241B102;x
16743;91;165;96;R195G73B184;x
16744;154;171;164;R111G96B176;x
16745;94;155;66;R195G84B86;x
16746;183;184;119;R103G115B151;x
16747;184;171;110;R171G86B158;x
16748;161;122;135;R69G165B241;x
16749;128;145;76;R18G5B112;x
16750;152;160;73;R195G216B74;x
16751;217;170;68;R191G214B189;x
16752;189;162;125;R227G58B202;x
16753;104;115;162;R215G5B204;x
16754;209;165;126;R176G206B101;x
16755;178;168;152;R236G173B209;x
16756;203;206;102;R228G77B254;x
16757;94;162;71;R162G178B112;x
16758;197;181;111;R160G137B98;x
16759;120;148;89;R83G13B100;x
16760;201;189;94;R173G51B144;x
16761;232;174;84;R186G50B183;x
16762;170;197;82;R224G214B161;x
16763;162;147;105;R207G8B99;x
16764;217;184;123;R3G181B41;x
16765;180;146;129;R225G34B112;x
16766;219;178;140;R148G88B84;x
16767;223;168;114;R114G111B23;x
16768;207;185;86;R29G249B161;x
16769;193;158;124;R23G240B54;x
16770;217;194;183;R205G176B130;x
16771;135;149;148;R85G44B9;x
16772;191;140;125;R53G217B136;x
16773;193;149;118;R75G139B250;x
16774;212;149;61;R10G3B160;x
16775;144;159;140;R251G15B54;x
16776;124;145;112;R17G131B224;x
16777;155;174;152;R148G14B169;x
16778;167;144;133;R144G101B168;x
16779;213;167;120;R84G140B237;x
16780;206;128;95;R69G99B202;x
16781;130;136;105;R51G17B30;x
16782;168;201;83;R20G85B154;x
16783;153;197;128;R103G24B254;x
16784;188;180;83;R252G222B177;x
16785;146;173;63;R44G86B116;x
16786;161;180;180;R244G35B114;x
16787;119;184;179;R21G0B109;x
16788;151;157;151;R84G240B7;x
16789;223;176;85;R247G202B85;x
16790;101;120;103;R252G193B211;x
16791;204;187;107;R199G252B192;x
16792;167;193;174;R13G6B150;x
16793;128;131;135;R93G218B236;x
16794;186;171;51;R93G89B234;x
16795;219;180;88;R42G104B104;x
16796;146;192;117;R56G84B14;x
16797;154;131;121;R5G61B159;x
16798;106;113;95;R137G72B128;x
16799;160;189;99;R160G49B46;x
16800;186;148;81;R96G192B118;x
16801;145;137;113;R204G249B17;x
16802;73;103;82;R46G254B79;x
16803;213;150;110;R0G138B157;x
16804;113;163;143;R49G215B55;x
16805;234;142;139;R26G82B163;x
16806;209;129;87;R8G161B58;x
16807;167;157;116;R179G191B91;x
16808;179;169;105;R8G239B122;x
16809;217;184;78;R111G226B199;x
16810;198;118;98;R13G172B172;x
16811;169;175;105;R246G102B198;x
16812;84;172;77;R243G232B232;x
16813;179;190;126;R212G229B112;x
16814;170;177;130;R164G247B87;x
16815;164;194;91;R95G199B185;x
16816;160;193;107;R168G234B3;x
16817;214;158;109;R222G223B246;x
16818;134;124;129;R75G170B3;x
16819;189;123;123;R183G238B233;x
16820;189;171;99;R161G192B177;x
16821;160;153;136;R7G123B10;x
16822;186;195;155;R197G47B83;x
16823;216;165;110;R245G159B191;x
16824;190;134;68;R24G128B67;x
16825;159;209;137;R79G89B102;x
16826;159;187;79;R238G180B152;x
16827;202;166;82;R166G33B235;x
16828;131;182;145;R145G200B20;x
16829;192;145;168;R5G142B148;x
16830;184;157;140;R225G36B236;x
16831;144;133;141;R142G56B25;x
16832;120;176;119;R84G107B89;x
16833;211;175;80;R49G218B18;x
16834;214;127;95;R201G129B250;x
16835;197;174;130;R162G18B0;x
16836;181;184;99;R233G65B104;x
16837;101;137;70;R214G149B6;x
16838;197;152;89;R54G71B158;x
16839;82;107;79;R67G95B81;x
16840;197;183;76;R230G151B250;x
16841;129;175;122;R174G211B248;x
16842;201;178;68;R225G48B227;x
16843;128;196;106;R43G55B250;x
16844;188;182;89;R101G129B254;x
16845;135;145;52;R252G122B216;x
16846;101;134;94;R248G227B138;x
16847;75;157;82;R146G216B22;x
16848;221;184;67;R129G88B237;x
16849;204;158;81;R92G213B189;x
16850;189;160;118;R240G27B47;x
16851;190;199;178;R233G174B200;x
16852;164;149;93;R183G183B208;x
16853;173;161;70;R12G102B133;x
16854;186;166;128;R5G212B106;x
16855;201;155;70;R124G20B38;x
16856;135;185;121;R190G213B79;x
16857;169;195;93;R84G135B158;x
16858;205;188;111;R65G243B154;x
16859;185;168;97;R144G141B162;x
16860;169;133;174;R21G202B238;x
16861;113;166;98;R14G125B181;x
16862;37;139;115;R39G114B172;x
16863;176;183;159;R237G64B109;x
16864;174;122;178;R136G48B50;x
16865;223;172;96;R130G53B31;x
16866;213;152;83;R165G87B103;x
16867;184;186;138;R71G109B194;x
16868;215;180;95;R1G211B119;x
16869;238;177;115;R86G18B114;x
16870;185;168;70;R213G169B69;x
16871;205;202;80;R41G252B74;x
16872;105;117;100;R174G10B220;x
16873;157;190;97;R130G176B144;x
16874;191;169;102;R251G118B159;x
16875;195;144;128;R155G202B96;x
16876;210;185;123;R157G73B147;x
16877;148;175;142;R0G212B17;x
16878;192;141;132;R56G138B97;x
16879;230;174;62;R35G71B254;x
16880;216;231;120;R32G37B179;x
16881;208;166;121;R203G28B95;x
16882;174;145;129;R119G54B208;x
16883;189;178;93;R166G213B208;x
16884;159;152;92;R42G87B34;x
16885;144;148;174;R91G75B161;x
16886;205;165;75;R195G48B186;x
16887;195;221;116;R107G75B22;x
16888;178;113;149;R126G144B170;x
16889;188;161;75;R100G214B202;x
16890;202;170;117;R91G16B77;x
16891;185;167;92;R110G51B65;x
16892;113;157;80;R37G168B183;x
16893;217;153;74;R2G81B12;x
16894;202;207;129;R125G199B198;x
16895;174;172;113;R172G190B226;x
16896;74;142;95;R246G241B75;x
16897;112;150;206;R211G39B179;x
16898;85;140;57;R17G138B82;x
16899;194;192;114;R92G101B17;x
16900;114;129;100;R62G36B160;x
16901;109;132;132;R116G106B164;x
16902;212;172;76;R169G196B63;x
16903;186;212;87;R60G83B222;x
16904;191;165;153;R82G207B168;x
16905;93;127;96;R179G129B2;x
16906;180;177;118;R7G214B192;x
16907;192;162;106;R117G42B191;x
16908;139;173;117;R23G53B84;x
16909;216;186;102;R71G45B130;x
16910;159;153;76;R6G128B11;x
16911;100;126;92;R76G253B131;x
16912;196;190;119;R76G105B177;x
16913;173;155;61;R125G125B106;x
16914;202;145;81;R60G200B139;x
16915;178;184;54;R83G120B91;x
16916;118;129;189;R124G190B217;x
16917;183;176;172;R241G81B233;x
16918;162;169;121;R46G169B201;x
16919;61;95;108;R151G46B255;x
16920;204;182;152;R248G144B116;x
16921;183;143;123;R175G10B211;x
16922;69;158;111;R238G14B123;x
16923;188;160;81;R104G25B158;x
16924;186;164;127;R118G225B30;x
16925;192;158;137;R220G248B151;x
16926;185;139;163;R53G231B21;x
16927;157;181;136;R27G25B84;x
16928;107;149;93;R228G175B190;x
16929;215;147;94;R129G138B31;x
16930;187;143;172;R145G197B222;x
16931;55;148;82;R236G242B152;x
16932;186;175;110;R218G205B138;x
16933;120;140;152;R25G145B115;x
16934;170;102;129;R163G134B153;x
16935;174;159;95;R231G201B85;x
16936;202;202;91;R204G235B140;x
16937;216;143;54;R22G13B154;x
16938;200;195;129;R131G25B157;x
16939;240;222;122;R2G95B162;x
16940;173;113;144;R253G149B227;x
16941;159;142;147;R217G25B170;x
16942;95;167;186;R83G179B37;x
16943;202;144;74;R197G113B140;x
16944;175;168;122;R126G6B79;x
16945;169;102;131;R8G240B48;x
16946;74;133;117;R20G50B62;x
16947;156;171;82;R22G74B98;x
16948;165;188;124;R234G144B19;x
16949;164;119;124;R9G254B130;x
16950;184;178;78;R216G8B143;x
16951;228;146;97;R191G19B81;x
16952;159;184;170;R243G145B189;x
16953;169;151;165;R175G162B247;x
16954;82;123;142;R147G79B1;x
16955;190;148;85;R19G0B200;x
16956;137;173;153;R213G148B185;x
16957;161;115;149;R109G132B52;x
16958;210;178;51;R29G200B119;x
16959;122;135;175;R217G86B211;x
16960;195;220;107;R135G201B73;x
16961;137;173;133;R242G43B1;x
16962;180;165;78;R111G105B128;x
16963;233;172;104;R28G3B136;x
16964;129;168;138;R175G171B31;x
16965;140;185;151;R88G96B17;x
16966;148;190;125;R74G94B214;x
16967;150;205;111;R120G93B232;x
16968;176;145;142;R216G153B110;x
16969;225;206;96;R105G14B56;x
16970;177;172;158;R35G175B16;x
16971;79;122;72;R103G40B161;x
16972;90;168;82;R75G202B14;x
16973;236;198;103;R37G233B67;x
16974;173;130;153;R185G44B58;x
16975;79;118;80;R128G65B119;x
16976;160;175;139;R161G55B29;x
16977;144;173;134;R187G189B125;x
16978;161;152;136;R149G79B218;x
16979;204;157;68;R198G132B46;x
16980;195;186;78;R183G34B16;x
16981;190;188;96;R233G44B153;x
16982;153;174;162;R151G161B17;x
16983;178;171;104;R101G25B86;x
16984;132;182;152;R0G91B251;x
16985;86;149;111;R68G190B72;x
16986;177;174;127;R231G97B113;x
16987;171;175;116;R71G9B77;x
16988;226;188;128;R100G168B248;x
16989;213;142;105;R244G179B175;x
16990;188;148;45;R246G55B107;x
16991;125;167;111;R37G235B230;x
16992;179;179;79;R6G239B154;x
16993;138;131;134;R25G222B158;x
16994;218;160;130;R47G48B201;x
16995;164;210;151;R130G115B156;x
16996;182;180;153;R93G160B134;x
16997;189;169;118;R34G24B230;x
16998;146;165;95;R34G232B45;x
16999;169;163;134;R186G167B211;x
17000;126;182;86;R84G207B116;x
17001;205;185;135;R224G101B199;x
17002;220;176;37;R204G172B65;x
17003;91;123;61;R231G104B71;x
17004;166;167;129;R140G90B20;x
17005;158;138;126;R8G24B186;x
17006;101;118;93;R149G36B200;x
17007;171;114;116;R134G80B197;x
17008;213;158;147;R162G54B0;x
17009;215;145;55;R22G127B104;x
17010;163;163;77;R68G37B255;x
17011;225;135;56;R2G228B61;x
17012;233;163;73;R216G82B52;x
17013;102;114;77;R196G29B207;x
17014;136;174;152;R45G193B7;x
17015;214;155;46;R100G26B60;x
17016;134;190;131;R2G43B233;x
17017;208;161;123;R7G73B83;x
17018;200;160;78;R106G56B34;x
17019;183;203;77;R234G115B116;x
17020;156;169;134;R70G112B229;x
17021;123;161;95;R152G65B247;x
17022;228;197;100;R152G39B0;x
17023;174;202;93;R134G96B207;x
17024;150;191;78;R9G2B223;x
17025;160;172;144;R177G115B98;x
17026;227;143;78;R1G42B23;x
17027;221;209;163;R251G29B60;x
17028;184;163;85;R223G151B228;x
17029;211;118;113;R191G49B152;x
17030;178;141;86;R196G194B94;x
17031;167;211;84;R61G182B159;x
17032;139;164;121;R40G246B115;x
17033;66;150;79;R15G19B128;x
17034;170;206;87;R147G113B63;x
17035;203;127;119;R162G10B170;x
17036;167;149;150;R64G232B49;x
17037;183;178;117;R72G43B81;x
17038;190;170;86;R247G37B25;x
17039;160;154;110;R118G182B75;x
17040;181;189;115;R155G100B36;x
17041;103;163;133;R163G55B155;x
17042;159;160;173;R63G241B9;x
17043;172;155;103;R100G165B248;x
17044;63;142;67;R239G231B175;x
17045;188;181;122;R189G85B58;x
17046;142;215;78;R224G166B131;x
17047;210;191;81;R188G127B40;x
17048;187;159;126;R245G217B240;x
17049;94;131;93;R151G11B203;x
17050;81;146;59;R185G40B250;x
17051;203;154;91;R85G230B120;x
17052;194;190;101;R25G197B60;x
17053;203;161;110;R193G226B33;x
17054;188;174;114;R186G8B169;x
17055;75;173;99;R199G127B14;x
17056;175;169;63;R16G215B94;x
17057;184;194;96;R96G212B229;x
17058;142;183;99;R46G202B255;x
17059;168;210;80;R134G163B3;x
17060;109;100;78;R14G95B50;x
17061;185;189;97;R163G141B14;x
17062;96;180;167;R67G16B213;x
17063;182;176;101;R103G3B86;x
17064;173;136;114;R159G213B142;x
17065;118;137;87;R179G213B240;x
17066;204;163;72;R65G125B87;x
17067;115;154;106;R48G208B190;x
17068;172;149;94;R245G205B30;x
17069;160;205;120;R23G231B245;x
17070;69;148;73;R230G5B83;x
17071;106;142;72;R215G176B86;x
17072;164;173;115;R178G160B198;x
17073;191;204;184;R150G202B169;x
17074;182;160;133;R72G211B71;x
17075;199;180;146;R167G36B210;x
17076;162;126;74;R201G172B39;x
17077;239;192;123;R173G238B2;x
17078;172;160;160;R92G204B150;x
17079;215;125;91;R25G195B170;x
17080;164;157;176;R131G161B240;x
17081;168;192;105;R2G65B198;x
17082;130;171;105;R222G251B148;x
17083;165;196;146;R60G26B192;x
17084;125;167;98;R149G219B72;x
17085;161;121;136;R233G91B130;x
17086;109;155;81;R26G48B255;x
17087;206;201;123;R6G41B223;x
17088;80;125;89;R45G209B92;x
17089;204;189;88;R53G30B73;x
17090;195;168;93;R165G11B126;x
17091;212;155;157;R107G244B234;x
17092;217;180;99;R254G56B225;x
17093;239;212;131;R99G75B41;x
17094;166;113;99;R221G128B39;x
17095;198;195;79;R219G3B72;x
17096;88;137;97;R143G189B169;x
17097;119;147;110;R238G231B120;x
17098;163;158;157;R209G71B142;x
17099;172;147;134;R4G233B17;x
17100;212;166;104;R27G202B161;x
17101;187;173;72;R42G73B91;x
17102;119;174;112;R27G222B118;x
17103;144;142;168;R29G60B42;x
17104;191;168;166;R88G245B213;x
17105;202;189;171;R210G59B142;x
17106;189;184;150;R183G149B242;x
17107;159;180;160;R154G245B230;x
17108;215;226;123;R134G55B179;x
17109;175;213;102;R187G75B151;x
17110;210;161;134;R216G240B172;x
17111;183;187;132;R237G146B213;x
17112;157;197;118;R209G20B54;x
17113;168;152;150;R195G127B169;x
17114;172;92;95;R124G223B241;x
17115;231;155;95;R13G110B140;x
17116;153;164;50;R251G255B211;x
17117;168;170;144;R3G124B185;x
17118;128;189;123;R224G177B238;x
17119;179;158;84;R29G131B55;x
17120;156;165;126;R253G214B252;x
17121;191;182;106;R120G206B58;x
17122;224;175;94;R155G189B194;x
17123;152;180;132;R104G143B172;x
17124;211;148;73;R157G218B29;x
17125;145;190;140;R46G217B214;x
17126;107;184;142;R174G5B172;x
17127;89;165;108;R168G160B206;x
17128;184;172;111;R128G142B159;x
17129;178;144;153;R224G154B13;x
17130;170;138;174;R35G224B195;x
17131;192;183;123;R241G175B84;x
17132;184;147;107;R24G68B57;x
17133;193;186;89;R208G14B185;x
17134;136;186;132;R169G125B26;x
17135;148;114;170;R143G32B233;x
17136;187;133;111;R213G103B119;x
17137;215;143;51;R145G214B150;x
17138;198;192;129;R124G86B202;x
17139;137;120;168;R188G131B58;x
17140;213;172;43;R128G248B155;x
17141;152;191;72;R128G31B214;x
17142;123;156;50;R190G25B87;x
17143;205;172;95;R130G117B255;x
17144;130;149;128;R34G36B49;x
17145;116;133;89;R85G34B173;x
17146;166;130;75;R66G112B250;x
17147;193;208;108;R41G73B185;x
17148;156;173;143;R192G188B33;x
17149;201;143;96;R151G60B126;x
17150;216;191;126;R152G153B248;x
17151;169;154;74;R36G142B65;x
17152;109;120;64;R161G82B43;x
17153;189;178;134;R108G175B41;x
17154;112;140;99;R188G58B45;x
17155;163;197;81;R61G115B220;x
17156;90;140;73;R15G226B190;x
17157;170;156;135;R153G108B85;x
17158;226;178;88;R94G190B174;x
17159;210;146;70;R106G61B70;x
17160;165;199;102;R58G122B3;x
17161;211;145;117;R240G135B91;x
17162;194;162;110;R17G155B77;x
17163;213;144;97;R140G115B86;x
17164;217;174;106;R112G116B24;x
17165;99;147;101;R18G53B185;x
17166;222;145;59;R239G183B190;x
17167;196;115;133;R225G214B229;x
17168;199;162;118;R102G246B212;x
17169;153;179;143;R82G55B148;x
17170;195;174;169;R152G179B229;x
17171;155;176;127;R49G111B81;x
17172;207;206;63;R60G183B139;x
17173;199;187;131;R179G132B91;x
17174;166;172;118;R133G124B122;x
17175;133;176;63;R93G53B92;x
17176;175;176;97;R158G225B35;x
17177;225;145;61;R52G168B122;x
17178;96;183;82;R167G83B235;x
17179;187;118;107;R47G209B191;x
17180;185;147;148;R125G74B12;x
17181;74;134;86;R151G138B88;x
17182;199;168;81;R191G113B37;x
17183;126;151;106;R72G178B151;x
17184;133;187;138;R176G165B247;x
17185;207;146;111;R250G47B195;x
17186;188;159;134;R67G249B78;x
17187;210;185;117;R24G228B138;x
17188;132;189;118;R247G70B136;x
17189;235;147;124;R195G225B229;x
17190;188;129;106;R254G126B140;x
17191;167;162;137;R166G109B194;x
17192;196;197;122;R227G129B43;x
17193;189;138;136;R28G118B194;x
17194;185;177;87;R74G200B112;x
17195;196;142;99;R218G220B240;x
17196;193;172;80;R121G27B154;x
17197;218;118;92;R25G192B128;x
17198;194;131;68;R81G139B102;x
17199;195;172;158;R193G207B243;x
17200;141;150;157;R175G223B60;x
17201;183;179;177;R186G124B82;x
17202;211;131;84;R139G99B96;x
17203;172;208;120;R204G197B43;x
17204;200;161;110;R149G252B58;x
17205;158;141;176;R153G34B184;x
17206;171;159;130;R148G200B12;x
17207;70;167;115;R59G136B74;x
17208;153;173;83;R63G106B209;x
17209;151;173;155;R147G38B25;x
17210;160;149;158;R115G158B28;x
17211;158;186;89;R192G252B249;x
17212;151;154;92;R57G76B169;x
17213;228;167;108;R163G70B152;x
17214;178;155;91;R195G185B162;x
17215;190;171;92;R131G84B26;x
17216;207;155;99;R126G243B198;x
17217;166;135;139;R148G203B156;x
17218;161;205;161;R140G69B249;x
17219;147;159;102;R233G111B0;x
17220;151;145;156;R146G199B98;x
17221;162;140;64;R121G164B87;x
17222;182;164;142;R10G91B180;x
17223;200;125;65;R39G58B38;x
17224;149;135;137;R4G29B143;x
17225;167;150;112;R180G65B141;x
17226;166;165;83;R211G31B221;x
17227;164;159;140;R72G71B119;x
17228;184;190;122;R252G251B218;x
17229;184;163;63;R205G254B68;x
17230;159;152;132;R28G192B75;x
17231;228;179;129;R161G241B5;x
17232;205;152;85;R109G129B120;x
17233;169;157;151;R157G138B255;x
17234;220;149;133;R84G29B177;x
17235;181;140;143;R182G225B79;x
17236;182;163;121;R10G120B129;x
17237;177;168;105;R205G32B95;x
17238;189;169;105;R54G107B115;x
17239;193;171;113;R65G222B225;x
17240;183;171;180;R235G224B193;x
17241;180;200;63;R1G63B143;x
17242;202;131;59;R190G240B177;x
17243;139;171;107;R79G94B212;x
17244;101;148;51;R33G71B50;x
17245;209;145;102;R24G73B160;x
17246;224;136;69;R54G106B234;x
17247;161;160;135;R2G136B148;x
17248;199;152;131;R173G92B47;x
17249;177;171;123;R68G138B113;x
17250;187;177;130;R154G95B217;x
17251;128;140;135;R113G37B214;x
17252;96;114;54;R183G170B20;x
17253;134;202;76;R178G70B250;x
17254;87;123;72;R192G107B226;x
17255;209;132;74;R186G178B103;x
17256;207;170;107;R153G89B188;x
17257;217;197;93;R212G32B117;x
17258;184;177;113;R89G105B147;x
17259;158;199;111;R226G87B78;x
17260;155;160;129;R211G59B225;x
17261;183;181;111;R195G215B19;x
17262;165;156;121;R138G198B56;x
17263;196;189;65;R217G72B134;x
17264;132;151;191;R24G145B139;x
17265;158;111;96;R173G248B244;x
17266;197;173;79;R159G165B182;x
17267;222;148;79;R10G233B155;x
17268;144;152;160;R101G150B167;x
17269;190;138;132;R242G65B127;x
17270;139;135;165;R4G219B182;x
17271;240;189;146;R96G137B201;x
17272;211;152;123;R76G141B228;x
17273;203;167;107;R164G18B145;x
17274;140;150;154;R136G165B215;x
17275;166;127;143;R249G31B138;x
17276;190;204;69;R215G107B57;x
17277;195;165;90;R240G32B74;x
17278;159;147;84;R88G17B50;x
17279;123;140;79;R207G107B165;x
17280;70;116;76;R249G48B204;x
17281;178;149;117;R187G7B35;x
17282;189;178;65;R216G18B110;x
17283;200;133;78;R126G141B56;x
17284;234;192;120;R37G102B50;x
17285;113;100;139;R195G114B132;x
17286;218;178;135;R193G24B50;x
17287;113;162;157;R81G18B87;x
17288;196;123;81;R30G95B200;x
17289;166;201;103;R106G173B132;x
17290;159;152;156;R199G9B111;x
17291;214;198;79;R221G168B43;x
17292;145;166;85;R62G97B236;x
17293;196;165;178;R85G219B97;x
17294;199;188;131;R63G219B11;x
17295;217;211;96;R183G71B122;x
17296;190;147;167;R25G29B86;x
17297;204;125;129;R222G11B172;x
17298;84;139;49;R132G38B255;x
17299;167;183;91;R196G116B24;x
17300;197;173;180;R178G13B84;x
17301;80;161;79;R121G81B218;x
17302;58;111;78;R232G249B175;x
17303;150;159;157;R185G102B23;x
17304;177;139;87;R69G250B134;x
17305;137;169;165;R113G158B169;x
17306;166;204;73;R140G144B97;x
17307;185;174;126;R231G34B151;x
17308;113;130;141;R192G140B229;x
17309;187;131;92;R176G139B134;x
17310;223;177;96;R60G77B43;x
17311;219;151;78;R202G2B209;x
17312;86;127;178;R46G189B241;x
17313;175;157;136;R219G53B212;x
17314;198;127;134;R143G37B147;x
17315;168;205;106;R9G134B158;x
17316;102;136;98;R93G85B114;x
17317;83;134;70;R90G102B73;x
17318;213;188;146;R239G48B142;x
17319;212;147;39;R213G243B40;x
17320;175;152;123;R242G229B50;x
17321;196;161;107;R4G147B72;x
17322;206;210;102;R240G28B51;x
17323;68;158;85;R125G20B162;x
17324;100;153;159;R98G215B17;x
17325;180;200;90;R241G8B118;x
17326;179;202;102;R161G113B165;x
17327;195;203;81;R108G78B237;x
17328;149;174;146;R16G178B221;x
17329;183;150;130;R244G213B164;x
17330;80;126;51;R176G139B88;x
17331;169;192;58;R32G77B164;x
17332;171;212;86;R184G250B206;x
17333;205;172;78;R32G216B55;x
17334;189;110;75;R183G228B128;x
17335;224;210;145;R29G252B234;x
17336;205;157;102;R111G114B166;x
17337;168;189;58;R22G112B53;x
17338;183;158;74;R209G161B226;x
17339;102;160;88;R237G141B114;x
17340;164;162;87;R109G164B225;x
17341;172;130;107;R135G67B139;x
17342;208;167;98;R225G210B235;x
17343;179;160;173;R180G60B192;x
17344;93;133;166;R155G103B4;x
17345;132;166;71;R76G138B106;x
17346;83;158;90;R199G111B73;x
17347;173;148;123;R94G163B67;x
17348;169;201;60;R27G47B197;x
17349;231;157;96;R7G11B245;x
17350;176;169;86;R194G200B9;x
17351;240;191;112;R88G108B99;x
17352;106;182;148;R64G96B118;x
17353;218;186;88;R69G78B99;x
17354;200;179;150;R53G148B73;x
17355;93;149;115;R82G196B126;x
17356;197;132;77;R60G173B16;x
17357;200;162;118;R98G237B227;x
17358;153;191;133;R234G70B25;x
17359;224;151;74;R4G59B152;x
17360;236;143;99;R27G49B110;x
17361;174;156;65;R178G138B156;x
17362;211;166;88;R159G59B96;x
17363;191;119;100;R52G111B122;x
17364;90;154;90;R132G61B235;x
17365;209;171;84;R49G70B91;x
17366;173;180;103;R206G149B84;x
17367;173;226;85;R102G23B3;x
17368;141;139;154;R104G144B2;x
17369;171;167;141;R22G234B248;x
17370;200;180;165;R216G123B141;x
17371;220;142;109;R237G105B236;x
17372;105;166;114;R146G175B2;x
17373;232;155;72;R107G134B141;x
17374;191;150;102;R131G57B222;x
17375;167;163;91;R211G23B184;x
17376;75;110;115;R79G22B248;x
17377;212;163;115;R212G138B55;x
17378;140;152;133;R97G127B102;x
17379;166;214;79;R29G163B156;x
17380;211;156;125;R67G209B77;x
17381;98;120;128;R155G114B31;x
17382;202;175;143;R31G40B66;x
17383;206;132;103;R61G90B101;x
17384;165;154;111;R137G150B94;x
17385;106;138;62;R39G89B205;x
17386;207;150;82;R232G100B251;x
17387;164;178;147;R203G105B91;x
17388;166;188;154;R24G107B7;x
17389;230;146;56;R37G162B131;x
17390;192;149;94;R0G19B206;x
17391;133;152;123;R138G103B74;x
17392;193;189;109;R152G76B84;x
17393;208;187;91;R253G120B83;x
17394;191;198;103;R26G82B140;x
17395;184;165;101;R166G161B32;x
17396;178;145;68;R14G251B59;x
17397;169;169;96;R235G122B123;x
17398;160;176;175;R86G5B122;x
17399;203;157;131;R90G144B146;x
17400;173;177;127;R174G30B153;x
17401;71;124;71;R57G133B70;x
17402;159;190;102;R213G197B195;x
17403;99;165;113;R3G234B23;x
17404;223;184;82;R216G225B82;x
17405;179;196;126;R69G28B187;x
17406;183;176;158;R136G42B44;x
17407;154;154;153;R213G15B251;x
17408;228;151;143;R26G119B40;x
17409;129;126;127;R66G48B178;x
17410;177;179;116;R199G57B114;x
17411;213;148;135;R96G31B65;x
17412;84;166;127;R235G217B234;x
17413;162;157;123;R177G31B242;x
17414;204;183;132;R158G123B16;x
17415;191;186;90;R12G221B49;x
17416;113;108;159;R1G238B88;x
17417;161;124;156;R93G84B254;x
17418;234;148;93;R239G167B27;x
17419;176;186;89;R51G69B180;x
17420;208;219;78;R188G137B91;x
17421;190;159;174;R189G197B116;x
17422;203;131;85;R100G154B1;x
17423;236;175;82;R97G56B81;x
17424;179;164;156;R16G77B146;x
17425;235;222;141;R30G90B36;x
17426;220;189;99;R135G180B48;x
17427;209;170;132;R4G163B53;x
17428;170;171;138;R114G99B35;x
17429;78;151;89;R122G119B204;x
17430;110;158;68;R53G240B106;x
17431;174;109;176;R112G236B158;x
17432;195;143;143;R117G179B218;x
17433;192;185;138;R174G181B112;x
17434;173;165;102;R159G108B243;x
17435;229;166;84;R128G242B103;x
17436;221;182;102;R67G165B172;x
17437;218;146;101;R195G225B118;x
17438;199;146;163;R144G126B206;x
17439;221;192;61;R27G9B98;x
17440;122;159;84;R64G128B202;x
17441;133;126;78;R29G73B191;x
17442;141;178;91;R29G212B54;x
17443;171;178;111;R98G228B195;x
17444;117;134;97;R179G146B76;x
17445;223;173;105;R0G96B179;x
17446;182;134;135;R86G206B38;x
17447;233;165;86;R118G57B108;x
17448;164;179;164;R146G253B4;x
17449;161;186;111;R4G221B112;x
17450;66;122;78;R149G254B8;x
17451;162;164;125;R41G80B22;x
17452;193;155;123;R54G108B57;x
17453;139;210;97;R89G228B32;x
17454;159;142;117;R41G184B202;x
17455;178;144;124;R165G58B31;x
17456;139;121;65;R198G225B100;x
17457;172;132;138;R90G152B195;x
17458;206;210;153;R97G139B5;x
17459;111;111;65;R231G175B182;x
17460;190;186;190;R85G112B63;x
17461;229;166;156;R81G223B119;x
17462;124;180;167;R241G152B170;x
17463;171;135;65;R1G165B220;x
17464;169;162;166;R63G13B87;x
17465;197;152;95;R1G11B139;x
17466;161;175;114;R36G252B210;x
17467;143;137;89;R99G52B146;x
17468;227;184;84;R181G56B166;x
17469;209;149;93;R152G165B45;x
17470;225;127;98;R48G255B243;x
17471;96;141;192;R254G190B120;x
17472;118;144;70;R112G125B13;x
17473;195;178;80;R71G174B251;x
17474;197;156;134;R74G179B76;x
17475;172;185;156;R158G163B215;x
17476;162;211;77;R191G175B76;x
17477;170;159;124;R54G32B95;x
17478;181;218;145;R116G197B174;x
17479;191;131;145;R88G76B67;x
17480;150;181;88;R151G248B239;x
17481;236;182;120;R105G201B224;x
17482;111;138;126;R47G47B40;x
17483;189;184;138;R31G131B249;x
17484;94;129;67;R112G146B154;x
17485;194;126;103;R252G26B80;x
17486;213;135;81;R49G91B122;x
17487;197;172;84;R254G32B103;x
17488;150;137;163;R205G85B125;x
17489;207;122;73;R35G198B23;x
17490;226;169;113;R249G118B51;x
17491;160;179;153;R205G142B114;x
17492;195;180;86;R248G244B4;x
17493;213;172;102;R139G50B205;x
17494;179;178;156;R8G24B40;x
17495;213;187;146;R57G36B48;x
17496;189;182;52;R52G232B233;x
17497;220;159;61;R247G67B112;x
17498;209;155;177;R154G242B225;x
17499;221;149;91;R144G41B248;x
17500;193;176;136;R164G229B112;x
17501;176;157;141;R101G87B125;x
17502;163;176;166;R210G237B25;x
17503;230;153;93;R22G38B114;x
17504;81;125;104;R54G184B87;x
17505;175;123;116;R159G136B91;x
17506;199;211;105;R83G34B208;x
17507;203;154;87;R62G20B197;x
17508;169;165;74;R87G121B233;x
17509;189;157;102;R231G175B212;x
17510;172;142;81;R169G112B63;x
17511;188;125;80;R23G87B222;x
17512;227;210;129;R160G17B85;x
17513;159;202;191;R78G59B136;x
17514;206;164;68;R6G109B62;x
17515;171;182;148;R52G65B66;x
17516;114;172;113;R72G31B118;x
17517;177;186;163;R67G169B254;x
17518;161;136;135;R105G248B131;x
17519;217;171;96;R196G173B63;x
17520;215;151;149;R212G253B133;x
17521;148;157;144;R52G217B13;x
17522;195;177;82;R139G185B57;x
17523;96;141;33;R208G228B48;x
17524;216;126;118;R195G182B186;x
17525;139;151;86;R29G234B22;x
17526;166;176;149;R218G213B229;x
17527;178;132;121;R147G191B173;x
17528;157;154;149;R243G47B167;x
17529;194;163;86;R73G187B138;x
17530;193;141;97;R55G232B131;x
17531;187;192;131;R7G125B164;x
17532;189;174;116;R48G68B209;x
17533;172;127;123;R158G62B19;x
17534;187;135;65;R133G58B127;x
17535;224;158;74;R61G33B49;x
17536;164;182;77;R223G194B45;x
17537;221;142;138;R105G116B166;x
17538;59;153;108;R121G183B95;x
17539;189;178;139;R60G234B173;x
17540;223;145;94;R94G23B56;x
17541;178;157;106;R104G160B2;x
17542;163;152;142;R41G14B248;x
17543;145;124;113;R63G47B125;x
17544;201;221;97;R56G163B226;x
17545;148;151;115;R161G251B123;x
17546;129;136;177;R158G200B238;x
17547;238;153;102;R161G180B116;x
17548;118;125;113;R201G215B226;x
17549;186;90;74;R11G34B151;x
17550;170;181;125;R120G4B179;x
17551;195;161;111;R249G241B129;x
17552;46;132;70;R122G49B102;x
17553;80;110;183;R119G44B21;x
17554;93;133;177;R157G197B88;x
17555;228;143;123;R223G90B224;x
17556;181;115;109;R56G146B79;x
17557;164;171;109;R242G138B15;x
17558;188;157;167;R29G187B40;x
17559;183;123;139;R241G192B207;x
17560;217;190;114;R249G155B177;x
17561;167;158;102;R3G3B248;x
17562;229;162;146;R2G13B138;x
17563;166;142;111;R241G241B223;x
17564;156;183;102;R195G33B37;x
17565;152;192;81;R208G142B99;x
17566;97;141;137;R156G250B59;x
17567;197;151;68;R201G160B227;x
17568;101;140;104;R131G112B16;x
17569;196;177;83;R224G187B211;x
17570;200;188;68;R224G198B195;x
17571;213;169;125;R140G4B167;x
17572;76;131;182;R150G137B236;x
17573;87;161;176;R31G57B199;x
17574;197;134;81;R109G207B36;x
17575;179;165;81;R161G183B112;x
17576;190;189;90;R48G58B1;x
17577;177;234;89;R113G11B107;x
17578;210;173;60;R193G220B75;x
17579;116;170;101;R233G117B239;x
17580;149;185;150;R195G246B139;x
17581;168;136;138;R80G125B170;x
17582;165;198;113;R3G238B14;x
17583;153;138;132;R84G248B247;x
17584;122;176;101;R4G119B193;x
17585;102;134;151;R144G4B6;x
17586;124;97;75;R37G193B6;x
17587;137;151;104;R30G234B56;x
17588;190;159;136;R57G139B83;x
17589;75;146;63;R220G255B189;x
17590;233;135;51;R221G150B232;x
17591;164;200;49;R196G49B245;x
17592;240;198;88;R119G152B6;x
17593;169;115;133;R30G177B204;x
17594;208;193;78;R177G231B200;x
17595;202;194;120;R224G145B225;x
17596;139;166;134;R147G136B207;x
17597;111;148;189;R82G186B140;x
17598;94;129;76;R39G196B83;x
17599;168;134;64;R24G151B212;x
17600;211;206;150;R202G151B87;x
17601;195;172;120;R17G123B83;x
17602;223;137;156;R127G219B66;x
17603;193;169;115;R180G199B238;x
17604;196;170;95;R196G32B38;x
17605;201;130;129;R69G137B106;x
17606;218;151;103;R82G87B232;x
17607;210;165;150;R199G27B150;x
17608;176;203;157;R98G196B124;x
17609;192;208;117;R197G141B6;x
17610;224;146;85;R203G180B173;x
17611;194;185;112;R241G91B220;x
17612;143;150;148;R179G160B216;x
17613;203;180;61;R40G172B49;x
17614;192;210;166;R61G208B62;x
17615;117;138;193;R85G199B197;x
17616;175;149;145;R135G110B246;x
17617;165;153;137;R167G163B116;x
17618;201;176;100;R158G157B12;x
17619;223;183;109;R10G154B224;x
17620;145;122;131;R127G236B101;x
17621;175;166;117;R62G165B25;x
17622;163;180;71;R156G75B178;x
17623;187;187;95;R53G194B233;x
17624;214;169;104;R153G184B8;x
17625;172;232;114;R222G26B71;x
17626;208;106;108;R194G71B68;x
17627;207;145;94;R171G71B193;x
17628;75;109;103;R182G53B205;x
17629;199;175;180;R236G239B255;x
17630;170;173;109;R27G170B35;x
17631;240;174;116;R158G78B229;x
17632;215;198;39;R161G6B123;x
17633;120;114;65;R42G178B238;x
17634;203;153;128;R144G121B15;x
17635;167;196;157;R123G249B114;x
17636;169;154;115;R146G116B175;x
17637;178;184;96;R148G73B21;x
17638;184;156;103;R181G242B219;x
17639;104;119;194;R119G143B148;x
17640;214;121;150;R72G8B136;x
17641;191;200;83;R148G51B104;x
17642;204;185;108;R46G244B183;x
17643;207;163;75;R110G158B6;x
17644;162;113;159;R231G210B156;x
17645;166;150;88;R160G8B222;x
17646;185;164;117;R151G227B123;x
17647;145;140;128;R58G170B208;x
17648;162;200;125;R217G192B26;x
17649;190;171;89;R84G11B177;x
17650;209;173;63;R56G162B79;x
17651;159;182;114;R139G153B15;x
17652;206;155;100;R211G156B217;x
17653;94;123;45;R30G169B49;x
17654;174;166;89;R129G206B176;x
17655;191;132;164;R168G207B28;x
17656;216;155;60;R227G13B210;x
17657;188;154;103;R158G211B238;x
17658;152;141;145;R27G144B116;x
17659;120;129;173;R236G48B71;x
17660;109;126;110;R227G205B90;x
17661;209;141;64;R192G195B254;x
17662;165;191;87;R216G163B238;x
17663;175;165;166;R54G59B203;x
17664;172;167;134;R119G157B94;x
17665;156;173;122;R246G28B228;x
17666;140;122;90;R17G224B29;x
17667;102;122;76;R48G243B254;x
17668;145;140;148;R250G47B29;x
17669;214;171;140;R7G249B225;x
17670;190;164;167;R152G220B89;x
17671;153;198;72;R161G23B39;x
17672;177;157;60;R55G66B141;x
17673;219;158;166;R166G167B156;x
17674;211;145;70;R22G199B12;x
17675;187;161;99;R65G108B66;x
17676;209;122;91;R167G14B186;x
17677;175;156;161;R71G235B205;x
17678;192;165;114;R38G195B139;x
17679;205;168;86;R70G87B165;x
17680;188;133;165;R20G131B139;x
17681;116;105;99;R164G8B96;x
17682;160;107;87;R17G171B153;x
17683;157;138;159;R141G100B87;x
17684;208;164;74;R94G19B216;x
17685;177;128;52;R92G67B140;x
17686;171;163;153;R92G40B65;x
17687;194;169;75;R123G32B72;x
17688;171;129;108;R112G79B74;x
17689;198;183;83;R218G186B33;x
17690;201;118;128;R41G180B101;x
17691;192;189;92;R253G199B218;x
17692;192;165;173;R121G190B75;x
17693;94;157;51;R219G235B202;x
17694;145;179;98;R158G27B96;x
17695;149;133;149;R202G82B111;x
17696;182;130;74;R139G129B167;x
17697;154;136;147;R54G198B48;x
17698;182;170;98;R20G112B67;x
17699;137;125;159;R130G141B218;x
17700;198;183;62;R141G190B169;x
17701;149;127;53;R61G19B161;x
17702;113;136;122;R35G205B166;x
17703;103;118;56;R201G67B27;x
17704;195;193;94;R172G14B108;x
17705;203;173;180;R12G53B168;x
17706;188;196;85;R175G131B41;x
17707;96;168;106;R183G114B218;x
17708;120;133;179;R58G224B204;x
17709;106;126;109;R109G13B252;x
17710;166;173;166;R197G231B66;x
17711;139;152;120;R18G57B63;x
17712;124;187;90;R11G181B18;x
17713;189;195;133;R211G146B232;x
17714;156;161;130;R91G160B21;x
17715;228;167;130;R248G92B91;x
17716;213;135;78;R198G20B170;x
17717;98;100;82;R55G105B183;x
17718;193;185;133;R67G19B54;x
17719;182;153;152;R47G217B201;x
17720;188;166;110;R138G247B156;x
17721;96;117;65;R44G83B25;x
17722;191;186;99;R217G175B251;x
17723;165;203;102;R129G20B158;x
17724;131;141;158;R13G223B77;x
17725;173;166;134;R228G192B207;x
17726;178;150;129;R228G129B126;x
17727;163;175;138;R213G188B179;x
17728;152;172;106;R100G146B70;x
17729;138;181;172;R155G50B217;x
17730;202;205;98;R77G56B238;x
17731;105;156;110;R91G117B194;x
17732;207;114;101;R41G66B26;x
17733;135;175;101;R87G35B90;x
17734;212;137;53;R127G186B214;x
17735;166;164;103;R186G138B14;x
17736;172;172;90;R86G75B114;x
17737;59;164;95;R71G166B69;x
17738;199;202;118;R108G73B214;x
17739;200;114;151;R220G66B219;x
17740;72;159;115;R8G201B215;x
17741;184;192;144;R68G205B121;x
17742;39;131;67;R178G101B166;x
17743;216;145;121;R217G208B92;x
17744;175;157;154;R224G191B126;x
17745;199;166;59;R87G225B243;x
17746;153;177;137;R135G166B11;x
17747;173;169;122;R41G201B88;x
17748;209;156;106;R35G175B27;x
17749;76;149;76;R17G40B13;x
17750;147;163;99;R197G54B133;x
17751;183;157;127;R225G201B221;x
17752;200;136;129;R70G31B87;x
17753;197;165;85;R242G141B147;x
17754;186;173;76;R90G222B217;x
17755;171;192;91;R213G58B127;x
17756;162;172;168;R1G193B28;x
17757;209;174;136;R186G242B107;x
17758;199;148;171;R255G105B120;x
17759;210;175;88;R41G35B154;x
17760;210;155;96;R215G118B237;x
17761;184;112;158;R165G210B95;x
17762;180;200;89;R18G116B248;x
17763;176;192;77;R71G73B186;x
17764;210;160;142;R252G184B86;x
17765;76;164;106;R82G84B96;x
17766;184;203;98;R65G113B95;x
17767;206;179;87;R174G142B75;x
17768;206;202;100;R197G22B45;x
17769;211;182;127;R129G206B245;x
17770;184;144;98;R50G207B164;x
17771;84;110;126;R120G193B164;x
17772;165;165;88;R216G164B60;x
17773;118;140;186;R240G121B174;x
17774;198;123;71;R183G185B164;x
17775;133;203;129;R64G12B188;x
17776;176;208;135;R110G88B56;x
17777;188;185;110;R43G35B9;x
17778;144;182;118;R191G98B239;x
17779;191;201;61;R72G63B219;x
17780;154;164;93;R151G30B181;x
17781;176;149;55;R237G71B107;x
17782;141;171;91;R201G145B236;x
17783;203;208;126;R89G230B71;x
17784;68;132;160;R66G61B207;x
17785;180;152;64;R175G42B41;x
17786;191;165;85;R156G249B218;x
17787;166;166;167;R153G158B99;x
17788;176;142;139;R22G160B217;x
17789;164;150;136;R134G82B8;x
17790;173;162;108;R94G121B78;x
17791;172;207;119;R206G189B124;x
17792;187;146;83;R27G117B216;x
17793;125;162;136;R44G194B101;x
17794;133;150;167;R206G38B254;x
17795;155;187;130;R91G136B73;x
17796;205;164;153;R211G42B221;x
17797;203;170;84;R195G241B119;x
17798;129;151;93;R146G237B74;x
17799;200;114;138;R25G166B104;x
17800;156;200;90;R166G45B5;x
17801;64;136;92;R42G190B249;x
17802;145;165;100;R36G213B163;x
17803;172;141;137;R249G43B156;x
17804;161;188;106;R169G119B27;x
17805;227;204;137;R211G154B156;x
17806;173;179;166;R223G58B232;x
17807;215;162;65;R120G141B105;x
17808;142;170;157;R229G154B158;x
17809;96;161;107;R150G214B137;x
17810;192;142;111;R131G92B42;x
17811;190;165;105;R67G54B205;x
17812;212;165;75;R71G109B220;x
17813;196;187;163;R53G211B111;x
17814;194;137;143;R155G170B102;x
17815;190;177;139;R217G78B8;x
17816;92;141;63;R195G236B181;x
17817;172;182;112;R157G109B52;x
17818;212;186;92;R227G239B157;x
17819;117;142;117;R66G184B1;x
17820;214;139;92;R98G160B237;x
17821;138;187;148;R99G106B253;x
17822;170;161;116;R3G46B243;x
17823;175;155;162;R176G104B3;x
17824;187;145;168;R166G216B65;x
17825;193;204;126;R196G176B65;x
17826;218;178;101;R226G250B204;x
17827;201;173;78;R33G84B16;x
17828;193;115;73;R141G143B156;x
17829;240;165;97;R205G4B80;x
17830;105;147;73;R219G59B59;x
17831;163;162;162;R163G103B125;x
17832;199;184;100;R149G58B101;x
17833;153;129;92;R172G65B154;x
17834;159;129;136;R104G143B130;x
17835;184;154;92;R201G218B139;x
17836;204;209;96;R136G177B40;x
17837;140;147;156;R139G211B119;x
17838;189;143;61;R194G86B45;x
17839;185;155;139;R92G55B178;x
17840;115;134;73;R91G199B108;x
17841;191;150;123;R151G98B59;x
17842;210;133;132;R11G143B188;x
17843;185;198;103;R6G96B109;x
17844;188;160;161;R120G2B127;x
17845;211;134;66;R181G33B87;x
17846;216;163;53;R229G210B89;x
17847;204;217;94;R138G244B97;x
17848;64;97;113;R159G22B129;x
17849;217;152;90;R98G234B7;x
17850;195;201;96;R75G227B114;x
17851;231;142;79;R160G18B176;x
17852;156;194;91;R40G253B5;x
17853;172;189;105;R135G49B23;x
17854;189;202;126;R251G50B1;x
17855;196;109;127;R167G120B76;x
17856;179;164;145;R19G102B156;x
17857;66;111;84;R138G174B109;x
17858;129;152;118;R209G153B216;x
17859;125;175;129;R50G64B122;x
17860;225;162;60;R114G18B222;x
17861;209;147;106;R222G225B88;x
17862;240;147;73;R99G40B136;x
17863;215;198;88;R22G98B45;x
17864;94;116;101;R113G205B127;x
17865;134;149;108;R129G159B168;x
17866;167;136;149;R114G232B170;x
17867;118;139;129;R122G7B218;x
17868;142;175;170;R57G100B37;x
17869;181;170;153;R65G107B38;x
17870;196;220;118;R123G116B213;x
17871;230;169;78;R153G75B4;x
17872;191;159;127;R183G188B121;x
17873;227;172;64;R4G214B131;x
17874;187;148;133;R183G208B120;x
17875;177;167;155;R57G219B112;x
17876;185;201;134;R11G19B213;x
17877;180;160;86;R220G233B73;x
17878;173;227;102;R180G26B210;x
17879;128;148;107;R108G139B121;x
17880;51;118;78;R175G5B115;x
17881;90;141;121;R220G126B138;x
17882;189;138;174;R78G161B208;x
17883;109;178;126;R81G75B48;x
17884;176;135;120;R114G172B0;x
17885;94;123;95;R29G156B247;x
17886;228;194;73;R123G253B144;x
17887;171;170;160;R53G223B124;x
17888;108;136;60;R44G16B35;x
17889;233;164;44;R165G149B228;x
17890;80;151;122;R253G105B149;x
17891;119;138;57;R43G15B233;x
17892;158;159;47;R94G35B118;x
17893;104;173;201;R104G60B167;x
17894;191;164;119;R141G127B3;x
17895;210;139;123;R211G75B15;x
17896;131;146;134;R246G32B14;x
17897;118;182;94;R210G69B68;x
17898;179;161;72;R240G251B57;x
17899;119;134;101;R178G22B56;x
17900;160;159;85;R76G100B147;x
17901;180;190;84;R45G177B226;x
17902;211;174;130;R175G169B116;x
17903;187;189;105;R186G208B7;x
17904;194;150;150;R193G97B6;x
17905;194;166;92;R105G253B11;x
17906;62;145;82;R253G35B202;x
17907;204;135;168;R132G30B18;x
17908;212;152;163;R141G217B223;x
17909;201;155;103;R226G59B158;x
17910;44;124;57;R250G117B70;x
17911;214;173;109;R192G244B75;x
17912;167;130;128;R47G98B68;x
17913;183;154;111;R54G95B62;x
17914;188;222;133;R192G125B219;x
17915;177;216;93;R105G206B147;x
17916;72;106;79;R187G191B152;x
17917;190;196;113;R19G127B237;x
17918;103;116;159;R80G63B111;x
17919;195;178;137;R91G142B5;x
17920;117;130;127;R157G144B140;x
17921;173;142;120;R144G116B250;x
17922;181;153;101;R133G245B86;x
17923;134;137;107;R251G161B138;x
17924;178;140;131;R45G81B188;x
17925;133;150;132;R180G17B188;x
17926;161;175;135;R216G51B176;x
17927;110;155;120;R203G252B171;x
17928;89;97;49;R248G142B66;x
17929;209;203;112;R65G170B156;x
17930;186;126;104;R200G90B150;x
17931;209;99;100;R69G32B140;x
17932;203;174;95;R153G123B8;x
17933;191;167;80;R32G11B71;x
17934;83;119;124;R159G234B167;x
17935;87;122;67;R220G105B149;x
17936;170;125;184;R141G93B147;x
17937;240;164;82;R246G99B27;x
17938;209;158;69;R118G111B11;x
17939;104;143;129;R244G177B203;x
17940;221;156;88;R115G43B86;x
17941;191;201;120;R155G91B77;x
17942;189;214;84;R8G92B3;x
17943;79;123;65;R76G180B173;x
17944;86;122;79;R208G237B64;x
17945;66;159;72;R218G162B16;x
17946;166;152;142;R233G5B183;x
17947;232;154;57;R154G50B194;x
17948;157;168;91;R153G22B196;x
17949;157;163;159;R154G246B34;x
17950;216;161;57;R56G31B250;x
17951;144;138;142;R17G73B60;x
17952;169;147;137;R156G140B88;x
17953;179;224;122;R34G83B166;x
17954;183;168;90;R31G91B65;x
17955;190;148;157;R197G132B140;x
17956;173;218;104;R14G184B79;x
17957;91;176;111;R164G120B109;x
17958;190;142;112;R45G148B240;x
17959;232;168;73;R21G52B230;x
17960;200;168;94;R8G252B226;x
17961;168;221;84;R119G60B115;x
17962;182;175;103;R176G217B232;x
17963;215;159;112;R117G129B243;x
17964;127;166;113;R238G154B126;x
17965;174;149;129;R210G36B214;x
17966;91;130;70;R159G194B212;x
17967;145;164;142;R63G244B155;x
17968;178;158;84;R57G160B134;x
17969;159;193;116;R58G80B108;x
17970;195;151;91;R211G110B50;x
17971;180;169;87;R124G139B110;x
17972;185;207;129;R161G229B176;x
17973;128;146;82;R107G93B218;x
17974;144;184;135;R72G71B245;x
17975;212;175;151;R32G251B235;x
17976;91;147;94;R111G182B217;x
17977;147;123;141;R72G146B64;x
17978;171;147;155;R62G42B250;x
17979;199;123;115;R144G187B18;x
17980;214;180;79;R84G230B112;x
17981;211;189;99;R6G167B16;x
17982;199;217;78;R177G135B104;x
17983;197;170;105;R201G153B171;x
17984;210;155;144;R133G80B241;x
17985;159;186;106;R10G180B165;x
17986;184;179;108;R213G41B74;x
17987;57;122;113;R70G239B121;x
17988;103;135;161;R118G94B215;x
17989;100;153;54;R215G229B77;x
17990;202;166;89;R2G201B213;x
17991;177;170;162;R68G33B48;x
17992;173;156;157;R249G132B50;x
17993;196;190;75;R141G96B161;x
17994;185;187;125;R41G104B103;x
17995;217;177;65;R97G246B122;x
17996;208;166;103;R133G241B54;x
17997;240;174;63;R255G201B231;x
17998;193;181;121;R206G27B93;x
17999;202;192;96;R57G242B17;x
18000;68;138;93;R130G135B236;x
18001;204;159;74;R201G55B235;x
18002;159;138;136;R23G13B74;x
18003;211;166;96;R32G27B117;x
18004;178;221;101;R28G14B217;x
18005;165;136;170;R249G149B138;x
18006;208;150;97;R209G209B57;x
18007;223;157;126;R228G102B116;x
18008;181;203;102;R90G68B15;x
18009;167;179;156;R182G58B172;x
18010;111;166;145;R52G255B25;x
18011;189;186;135;R43G134B120;x
18012;180;236;115;R213G185B11;x
18013;162;136;77;R26G80B249;x
18014;204;200;95;R170G174B219;x
18015;101;142;117;R66G217B202;x
18016;117;118;185;R239G221B177;x
18017;135;171;138;R174G28B205;x
18018;202;140;59;R250G144B52;x
18019;197;131;117;R28G94B18;x
18020;109;139;96;R8G25B11;x
18021;74;130;104;R99G161B79;x
18022;198;177;119;R199G1B144;x
18023;169;193;135;R182G1B62;x
18024;126;141;129;R48G115B76;x
18025;163;148;79;R143G60B30;x
18026;188;178;104;R68G169B248;x
18027;152;154;83;R99G218B54;x
18028;138;154;138;R123G77B171;x
18029;240;190;79;R3G112B58;x
18030;113;165;171;R217G187B235;x
18031;211;156;82;R165G200B98;x
18032;200;208;69;R19G102B107;x
18033;188;190;30;R236G174B242;x
18034;115;167;153;R173G61B29;x
18035;107;116;78;R99G56B190;x
18036;186;200;97;R91G33B74;x
18037;128;187;152;R58G30B180;x
18038;27;119;116;R151G109B0;x
18039;212;123;127;R30G179B13;x
18040;171;169;156;R102G123B151;x
18041;176;120;168;R88G173B186;x
18042;174;164;100;R128G85B53;x
18043;206;187;88;R81G160B244;x
18044;218;170;86;R129G224B184;x
18045;153;161;128;R29G19B207;x
18046;205;157;66;R132G13B59;x
18047;185;151;111;R9G117B32;x
18048;197;197;112;R174G54B51;x
18049;207;132;79;R182G183B62;x
18050;186;162;171;R175G120B76;x
18051;180;164;84;R8G182B119;x
18052;145;158;130;R163G0B236;x
18053;202;139;60;R74G52B65;x
18054;203;178;122;R96G38B49;x
18055;195;144;103;R4G140B35;x
18056;218;169;92;R191G131B237;x
18057;218;192;130;R34G82B34;x
18058;162;174;174;R142G49B16;x
18059;191;175;56;R152G132B249;x
18060;150;191;57;R115G254B222;x
18061;192;204;83;R181G244B167;x
18062;180;185;142;R130G204B190;x
18063;152;208;174;R113G183B33;x
18064;140;162;113;R21G26B148;x
18065;191;153;125;R188G249B84;x
18066;176;216;94;R210G94B60;x
18067;136;104;136;R146G173B6;x
18068;164;186;116;R22G153B179;x
18069;115;156;188;R100G50B127;x
18070;188;210;145;R240G170B219;x
18071;207;158;115;R16G76B186;x
18072;205;149;92;R93G104B209;x
18073;217;191;134;R8G222B21;x
18074;161;101;135;R42G46B160;x
18075;123;165;129;R216G86B104;x
18076;165;105;83;R210G235B162;x
18077;154;137;98;R224G25B234;x
18078;200;190;129;R46G81B211;x
18079;100;128;105;R142G47B15;x
18080;73;139;118;R109G81B85;x
18081;131;170;180;R31G145B138;x
18082;208;122;66;R235G122B211;x
18083;174;159;156;R6G5B226;x
18084;218;168;49;R102G240B255;x
18085;189;181;77;R106G78B94;x
18086;176;141;105;R106G110B87;x
18087;219;165;100;R128G105B33;x
18088;182;169;173;R248G149B215;x
18089;197;144;57;R65G195B195;x
18090;165;152;167;R83G81B9;x
18091;224;165;66;R63G133B20;x
18092;202;176;142;R211G145B254;x
18093;98;113;57;R19G226B172;x
18094;182;174;155;R20G164B240;x
18095;166;144;162;R32G177B145;x
18096;203;219;121;R106G3B23;x
18097;223;149;118;R11G207B13;x
18098;223;148;49;R43G243B3;x
18099;210;138;48;R252G17B139;x
18100;194;161;65;R15G3B73;x
18101;195;161;135;R241G165B166;x
18102;181;165;115;R147G45B251;x
18103;169;138;136;R98G56B178;x
18104;202;170;95;R30G227B66;x
18105;208;215;101;R63G204B132;x
18106;171;140;94;R170G189B133;x
18107;205;149;40;R169G125B93;x
18108;70;145;42;R105G32B22;x
18109;170;196;117;R250G51B203;x
18110;170;194;54;R69G192B128;x
18111;162;186;90;R88G195B29;x
18112;168;157;101;R74G147B239;x
18113;194;188;92;R232G168B3;x
18114;168;180;163;R77G107B56;x
18115;120;136;99;R216G172B114;x
18116;217;161;109;R209G112B74;x
18117;237;150;84;R31G167B118;x
18118;226;199;144;R154G101B227;x
18119;182;167;111;R37G0B181;x
18120;181;142;130;R106G208B54;x
18121;176;163;101;R249G65B103;x
18122;156;175;124;R16G117B244;x
18123;164;177;109;R25G24B83;x
18124;125;196;113;R44G98B15;x
18125;144;178;140;R124G17B87;x
18126;174;106;79;R114G3B56;x
18127;204;177;117;R51G127B194;x
18128;157;145;188;R25G127B40;x
18129;199;176;122;R169G51B25;x
18130;65;129;94;R204G42B144;x
18131;105;130;70;R233G7B191;x
18132;218;154;89;R15G38B51;x
18133;197;204;97;R219G150B195;x
18134;190;155;99;R78G21B237;x
18135;191;189;115;R120G212B72;x
18136;136;159;127;R137G58B248;x
18137;186;172;93;R246G249B79;x
18138;169;173;72;R118G106B212;x
18139;169;188;151;R215G8B59;x
18140;192;189;96;R170G37B170;x
18141;190;179;171;R36G240B128;x
18142;235;142;73;R64G42B199;x
18143;131;202;71;R219G159B164;x
18144;184;159;95;R71G180B13;x
18145;151;140;151;R39G35B247;x
18146;177;191;63;R172G90B237;x
18147;187;128;128;R208G88B56;x
18148;119;152;151;R251G135B221;x
18149;166;153;87;R180G197B177;x
18150;58;147;85;R111G204B150;x
18151;59;129;58;R255G29B14;x
18152;233;136;109;R167G63B20;x
18153;151;175;105;R64G100B130;x
18154;179;171;110;R214G25B182;x
18155;201;123;99;R22G165B57;x
18156;131;121;175;R190G251B126;x
18157;200;135;84;R178G90B80;x
18158;222;116;72;R248G140B185;x
18159;173;206;110;R170G27B40;x
18160;96;127;97;R67G234B137;x
18161;236;168;121;R181G97B111;x
18162;82;133;92;R210G149B173;x
18163;160;193;163;R12G63B253;x
18164;156;138;127;R138G198B218;x
18165;205;184;105;R149G72B118;x
18166;198;170;163;R212G137B67;x
18167;100;97;87;R138G245B123;x
18168;219;153;82;R6G87B98;x
18169;194;117;72;R147G3B188;x
18170;112;167;109;R87G45B243;x
18171;176;160;104;R30G32B11;x
18172;65;137;112;R90G149B93;x
18173;171;134;125;R128G175B214;x
18174;82;104;111;R152G98B87;x
18175;214;136;113;R59G105B101;x
18176;160;194;103;R27G75B227;x
18177;173;196;111;R238G176B182;x
18178;91;153;111;R174G78B240;x
18179;146;196;98;R205G166B176;x
18180;198;168;78;R38G69B113;x
18181;189;125;116;R85G35B228;x
18182;191;153;176;R224G14B159;x
18183;204;141;156;R7G157B150;x
18184;201;164;113;R163G60B217;x
18185;172;195;76;R33G1B105;x
18186;234;151;123;R8G53B23;x
18187;63;116;109;R140G171B34;x
18188;164;182;123;R156G218B174;x
18189;227;135;64;R85G43B175;x
18190;95;138;95;R181G95B179;x
18191;187;146;127;R214G83B63;x
18192;141;97;166;R69G195B64;x
18193;219;144;120;R110G25B30;x
18194;240;125;92;R236G21B219;x
18195;61;117;98;R132G88B141;x
18196;223;140;53;R34G207B183;x
18197;182;152;133;R148G225B79;x
18198;179;194;130;R202G212B252;x
18199;199;125;76;R54G46B205;x
18200;140;119;119;R45G142B24;x
18201;65;141;104;R218G52B224;x
18202;148;144;74;R37G6B166;x
18203;187;141;71;R154G106B174;x
18204;190;168;68;R93G144B204;x
18205;191;127;169;R81G244B7;x
18206;124;151;139;R76G4B217;x
18207;141;200;123;R254G9B100;x
18208;111;151;109;R157G198B109;x
18209;231;179;120;R218G106B155;x
18210;125;141;84;R115G16B184;x
18211;178;119;134;R106G99B166;x
18212;100;134;129;R190G39B165;x
18213;204;184;75;R85G212B119;x
18214;116;134;97;R26G116B125;x
18215;198;150;140;R57G185B97;x
18216;108;157;145;R5G104B113;x
18217;172;163;158;R114G46B241;x
18218;95;165;111;R189G198B57;x
18219;181;180;87;R121G170B153;x
18220;227;167;74;R134G74B89;x
18221;172;203;94;R25G112B227;x
18222;234;136;89;R56G55B125;x
18223;196;162;74;R202G15B111;x
18224;76;162;76;R141G161B167;x
18225;206;190;120;R182G85B19;x
18226;166;169;99;R232G244B188;x
18227;184;188;87;R211G18B202;x
18228;170;191;103;R198G35B194;x
18229;62;140;61;R212G172B91;x
18230;180;146;96;R130G120B13;x
18231;176;154;134;R69G176B125;x
18232;209;208;103;R250G188B73;x
18233;185;196;92;R206G112B69;x
18234;134;165;55;R68G177B247;x
18235;173;216;78;R239G203B203;x
18236;183;170;136;R44G219B79;x
18237;175;184;106;R102G153B216;x
18238;226;134;92;R148G82B160;x
18239;85;123;42;R153G213B61;x
18240;214;148;104;R247G161B69;x
18241;183;232;122;R178G89B151;x
18242;181;213;111;R100G122B7;x
18243;191;204;124;R61G179B38;x
18244;198;167;63;R124G133B46;x
18245;173;151;165;R2G95B156;x
18246;186;197;119;R137G149B205;x
18247;144;182;120;R145G177B200;x
18248;199;190;74;R140G209B81;x
18249;197;197;98;R42G112B50;x
18250;195;159;109;R247G121B242;x
18251;210;159;33;R135G239B40;x
18252;235;234;141;R113G160B103;x
18253;155;132;122;R196G32B63;x
18254;163;150;171;R15G137B133;x
18255;183;176;137;R103G11B24;x
18256;132;176;116;R134G136B240;x
18257;149;180;157;R242G84B162;x
18258;84;107;146;R183G177B12;x
18259;185;188;119;R133G197B104;x
18260;240;176;47;R145G138B135;x
18261;105;143;67;R107G101B191;x
18262;225;132;107;R240G174B81;x
18263;204;152;125;R250G53B62;x
18264;174;136;95;R55G135B89;x
18265;157;220;98;R148G141B222;x
18266;204;155;93;R192G34B20;x
18267;225;134;115;R10G6B7;x
18268;191;123;174;R132G216B199;x
18269;176;171;98;R79G156B162;x
18270;162;163;118;R217G161B85;x
18271;228;172;99;R231G189B192;x
18272;159;176;137;R188G247B79;x
18273;196;169;96;R65G247B87;x
18274;206;178;85;R231G237B190;x
18275;171;140;120;R239G208B121;x
18276;215;173;103;R122G235B222;x
18277;227;165;100;R231G105B155;x
18278;135;182;116;R129G243B91;x
18279;206;119;105;R163G13B105;x
18280;177;179;107;R172G83B173;x
18281;239;123;83;R44G175B183;x
18282;150;193;84;R228G186B111;x
18283;95;126;92;R79G160B8;x
18284;198;157;91;R250G164B176;x
18285;141;156;160;R232G101B222;x
18286;199;156;122;R243G156B54;x
18287;194;166;147;R146G105B19;x
18288;195;174;112;R127G201B13;x
18289;182;169;181;R79G27B1;x
18290;138;140;113;R162G20B137;x
18291;147;158;160;R241G97B126;x
18292;223;198;110;R64G93B208;x
18293;223;187;90;R90G201B171;x
18294;170;161;146;R219G113B1;x
18295;222;178;88;R158G26B188;x
18296;212;153;134;R245G199B234;x
18297;205;158;78;R79G174B115;x
18298;196;173;129;R249G195B233;x
18299;208;191;98;R254G97B5;x
18300;199;133;146;R171G91B103;x
18301;170;160;112;R250G60B236;x
18302;227;154;110;R237G243B160;x
18303;201;174;95;R116G181B195;x
18304;97;165;63;R115G16B95;x
18305;207;171;58;R204G99B43;x
18306;131;187;157;R66G3B58;x
18307;182;114;170;R142G31B226;x
18308;216;210;119;R224G29B186;x
18309;217;145;82;R82G121B58;x
18310;221;146;85;R174G37B154;x
18311;207;150;81;R211G56B243;x
18312;218;168;84;R86G129B41;x
18313;161;204;94;R193G176B97;x
18314;189;203;124;R156G244B21;x
18315;85;135;167;R35G26B190;x
18316;205;107;78;R185G221B220;x
18317;218;190;94;R223G136B161;x
18318;205;204;111;R195G162B83;x
18319;152;148;132;R9G119B36;x
18320;157;152;88;R218G218B84;x
18321;157;154;84;R59G47B175;x
18322;198;191;104;R152G75B252;x
18323;181;184;54;R65G74B187;x
18324;180;132;153;R31G34B54;x
18325;68;148;51;R239G252B79;x
18326;208;153;90;R191G86B43;x
18327;154;170;121;R94G189B144;x
18328;163;194;154;R214G149B48;x
18329;178;176;62;R98G71B228;x
18330;155;195;127;R157G135B3;x
18331;216;172;125;R3G65B5;x
18332;159;139;172;R188G137B87;x
18333;194;198;131;R5G197B246;x
18334;165;166;163;R80G138B47;x
18335;145;157;138;R9G119B214;x
18336;200;155;81;R214G218B64;x
18337;164;200;91;R166G199B230;x
18338;189;188;98;R58G76B156;x
18339;195;148;112;R221G100B4;x
18340;215;157;112;R190G115B45;x
18341;177;185;116;R159G24B153;x
18342;171;157;71;R199G110B179;x
18343;187;151;60;R81G35B105;x
18344;203;188;103;R59G198B61;x
18345;161;188;124;R229G102B85;x
18346;218;180;80;R164G242B85;x
18347;67;124;65;R135G61B143;x
18348;151;159;76;R253G180B76;x
18349;212;143;100;R124G31B211;x
18350;186;215;108;R222G209B167;x
18351;99;116;61;R141G220B33;x
18352;138;184;61;R230G141B212;x
18353;226;152;119;R181G118B131;x
18354;165;176;172;R152G22B205;x
18355;192;163;142;R78G232B18;x
18356;152;151;129;R133G207B2;x
18357;205;141;76;R114G231B17;x
18358;193;139;106;R66G79B192;x
18359;183;147;170;R60G174B30;x
18360;82;166;97;R249G157B148;x
18361;90;152;75;R112G24B41;x
18362;216;120;144;R9G180B90;x
18363;83;121;74;R81G135B100;x
18364;178;172;155;R147G217B223;x
18365;220;185;53;R192G47B200;x
18366;212;173;162;R140G21B158;x
18367;208;159;71;R144G152B221;x
18368;158;173;148;R43G247B51;x
18369;212;198;94;R129G241B169;x
18370;165;175;168;R250G65B58;x
18371;177;164;124;R19G107B168;x
18372;126;164;97;R62G56B172;x
18373;202;212;116;R101G203B205;x
18374;119;157;156;R67G7B135;x
18375;157;155;167;R86G2B157;x
18376;193;171;54;R196G5B160;x
18377;210;161;175;R126G156B181;x
18378;208;121;80;R202G115B241;x
18379;146;147;138;R22G176B167;x
18380;163;210;123;R146G158B126;x
18381;225;190;122;R248G58B254;x
18382;139;196;82;R102G251B236;x
18383;190;168;191;R39G42B152;x
18384;179;191;171;R208G233B226;x
18385;115;169;155;R43G2B175;x
18386;186;186;75;R109G175B68;x
18387;159;152;138;R177G188B41;x
18388;176;198;111;R14G10B71;x
18389;218;129;63;R58G240B106;x
18390;121;119;66;R136G214B176;x
18391;176;128;132;R199G88B66;x
18392;78;136;61;R76G33B115;x
18393;185;166;120;R244G212B239;x
18394;195;181;103;R179G194B196;x
18395;131;156;165;R81G156B254;x
18396;188;148;111;R194G69B180;x
18397;207;221;102;R54G155B156;x
18398;231;169;99;R80G85B227;x
18399;203;171;76;R28G64B239;x
18400;212;207;126;R48G190B88;x
18401;181;195;95;R203G185B51;x
18402;159;202;131;R192G100B220;x
18403;208;210;148;R103G25B41;x
18404;191;181;142;R86G151B103;x
18405;194;155;60;R83G51B252;x
18406;226;154;90;R158G62B121;x
18407;182;184;97;R81G58B155;x
18408;173;181;143;R229G137B249;x
18409;170;180;92;R162G151B4;x
18410;98;172;68;R221G203B31;x
18411;188;172;72;R175G247B85;x
18412;159;178;148;R148G233B142;x
18413;86;117;56;R82G234B175;x
18414;206;179;70;R30G195B39;x
18415;171;195;96;R141G71B160;x
18416;182;197;107;R161G209B100;x
18417;94;132;56;R255G6B30;x
18418;167;172;122;R133G206B128;x
18419;94;113;70;R243G87B248;x
18420;208;178;165;R242G233B129;x
18421;94;179;101;R196G70B195;x
18422;200;139;86;R80G239B158;x
18423;157;132;144;R191G114B11;x
18424;160;175;145;R248G16B9;x
18425;133;147;125;R180G77B195;x
18426;202;205;58;R7G82B182;x
18427;205;176;49;R94G123B207;x
18428;65;125;50;R158G93B67;x
18429;191;203;96;R171G205B215;x
18430;183;146;70;R11G83B168;x
18431;239;227;121;R32G217B37;x
18432;206;138;137;R55G97B62;x
18433;201;151;82;R139G233B128;x
18434;125;176;178;R171G248B206;x
18435;138;136;98;R57G161B249;x
18436;85;126;66;R161G253B50;x
18437;194;139;64;R117G83B135;x
18438;192;188;105;R99G173B201;x
18439;176;133;138;R100G11B222;x
18440;187;117;117;R214G194B154;x
18441;72;88;152;R168G98B120;x
18442;172;150;73;R115G9B118;x
18443;96;158;59;R215G208B24;x
18444;159;151;103;R166G27B184;x
18445;162;114;160;R57G66B252;x
18446;60;155;128;R126G3B191;x
18447;126;135;130;R185G247B174;x
18448;169;180;104;R157G253B161;x
18449;227;169;70;R121G59B29;x
18450;219;151;108;R207G59B252;x
18451;192;195;130;R13G15B118;x
18452;90;96;73;R157G135B101;x
18453;179;206;83;R215G65B21;x
18454;109;185;111;R96G145B207;x
18455;48;169;83;R146G136B133;x
18456;90;137;103;R73G60B131;x
18457;180;159;102;R104G29B141;x
18458;209;156;157;R188G9B228;x
18459;187;184;129;R234G146B122;x
18460;90;137;101;R36G254B203;x
18461;88;117;94;R253G158B71;x
18462;194;134;71;R50G168B186;x
18463;73;125;87;R240G119B93;x
18464;132;160;137;R52G92B167;x
18465;194;184;110;R150G220B237;x
18466;203;188;57;R234G51B4;x
18467;218;167;75;R8G96B187;x
18468;189;196;105;R114G190B190;x
18469;177;203;126;R157G101B122;x
18470;109;102;105;R28G18B31;x
18471;162;129;145;R48G53B134;x
18472;162;166;94;R157G251B60;x
18473;213;201;124;R66G80B208;x
18474;134;133;80;R3G190B37;x
18475;179;191;140;R10G39B161;x
18476;234;192;84;R109G60B233;x
18477;190;126;103;R106G149B106;x
18478;222;170;112;R46G207B237;x
18479;193;120;147;R46G25B86;x
18480;189;147;166;R0G149B239;x
18481;159;144;144;R199G179B43;x
18482;81;96;108;R171G41B227;x
18483;202;167;90;R153G27B85;x
18484;100;160;108;R172G128B174;x
18485;195;168;181;R122G33B101;x
18486;180;170;94;R56G240B57;x
18487;190;129;121;R232G82B41;x
18488;137;175;115;R133G125B229;x
18489;81;156;81;R166G216B149;x
18490;167;132;140;R172G176B221;x
18491;157;207;84;R210G10B213;x
18492;164;176;81;R111G72B109;x
18493;204;163;80;R171G101B248;x
18494;210;206;116;R255G46B95;x
18495;193;214;85;R10G32B144;x
18496;200;138;146;R242G61B59;x
18497;189;156;153;R195G202B65;x
18498;219;194;78;R215G89B77;x
18499;202;170;104;R220G196B213;x
18500;171;205;111;R48G153B127;x
18501;77;156;85;R57G190B161;x
18502;199;158;51;R102G107B202;x
18503;128;117;157;R98G62B55;x
18504;93;147;98;R52G146B122;x
18505;232;159;90;R196G210B235;x
18506;167;194;116;R240G130B73;x
18507;204;173;102;R208G30B95;x
18508;146;181;149;R28G65B79;x
18509;207;206;101;R157G175B142;x
18510;105;80;181;R156G28B188;x
18511;200;203;77;R244G60B249;x
18512;229;184;86;R37G231B212;x
18513;135;185;138;R84G249B115;x
18514;199;177;146;R126G142B202;x
18515;126;147;152;R214G182B59;x
18516;192;167;97;R180G36B247;x
18517;202;173;164;R233G190B36;x
18518;196;115;71;R80G11B228;x
18519;184;124;83;R223G74B133;x
18520;200;164;84;R90G94B62;x
18521;139;182;115;R202G189B250;x
18522;171;212;108;R188G61B173;x
18523;216;183;143;R20G54B31;x
18524;116;147;136;R11G91B147;x
18525;201;186;62;R164G124B111;x
18526;189;161;161;R117G183B13;x
18527;190;171;102;R220G226B244;x
18528;194;209;117;R184G62B86;x
18529;235;157;104;R158G134B22;x
18530;47;121;121;R12G179B31;x
18531;203;187;111;R40G7B181;x
18532;139;178;85;R72G24B178;x
18533;154;175;81;R1G164B57;x
18534;139;187;109;R22G235B235;x
18535;121;129;168;R151G17B185;x
18536;214;161;116;R221G77B31;x
18537;81;172;95;R89G116B85;x
18538;186;167;105;R101G215B167;x
18539;76;126;71;R127G106B127;x
18540;171;166;122;R22G166B122;x
18541;199;182;85;R95G171B212;x
18542;173;128;134;R29G192B122;x
18543;158;152;135;R46G19B56;x
18544;212;181;155;R107G35B155;x
18545;119;187;145;R31G226B63;x
18546;201;151;147;R227G140B69;x
18547;179;179;145;R51G37B8;x
18548;96;111;92;R180G14B20;x
18549;183;176;126;R209G37B72;x
18550;187;175;87;R109G106B80;x
18551;185;178;146;R227G66B57;x
18552;184;173;120;R115G47B177;x
18553;104;129;87;R192G187B9;x
18554;111;143;123;R19G134B109;x
18555;169;145;130;R88G41B44;x
18556;182;184;162;R161G117B129;x
18557;56;123;43;R16G38B44;x
18558;179;144;58;R96G172B229;x
18559;153;102;92;R124G192B255;x
18560;187;200;102;R151G177B91;x
18561;180;183;97;R208G5B73;x
18562;169;152;93;R139G132B38;x
18563;177;151;99;R44G44B12;x
18564;181;181;79;R67G106B251;x
18565;171;165;79;R216G110B27;x
18566;199;171;126;R222G245B206;x
18567;148;196;142;R195G47B216;x
18568;188;152;132;R176G91B105;x
18569;151;196;120;R138G30B195;x
18570;214;143;113;R101G205B6;x
18571;98;129;85;R74G7B246;x
18572;166;153;113;R184G196B29;x
18573;127;164;98;R223G1B221;x
18574;223;159;55;R226G49B203;x
18575;178;143;79;R7G252B105;x
18576;190;213;150;R142G134B223;x
18577;122;192;125;R203G147B173;x
18578;158;131;152;R180G230B220;x
18579;74;151;76;R252G103B18;x
18580;182;178;155;R250G8B123;x
18581;150;169;152;R103G255B74;x
18582;224;154;55;R158G84B8;x
18583;202;149;124;R13G73B188;x
18584;172;185;122;R153G244B58;x
18585;107;109;60;R19G20B85;x
18586;182;195;154;R131G195B19;x
18587;196;129;115;R239G157B221;x
18588;206;194;100;R168G44B193;x
18589;225;176;71;R193G19B27;x
18590;192;198;100;R120G213B231;x
18591;87;142;178;R138G211B3;x
18592;198;172;70;R255G56B242;x
18593;209;160;108;R215G41B36;x
18594;161;141;146;R121G195B205;x
18595;204;182;80;R171G97B151;x
18596;182;180;120;R29G129B148;x
18597;175;143;163;R25G234B175;x
18598;87;114;102;R251G93B251;x
18599;176;145;158;R207G39B142;x
18600;179;146;51;R127G210B118;x
18601;108;120;93;R135G216B196;x
18602;103;148;87;R45G174B15;x
18603;112;134;85;R204G175B239;x
18604;191;169;62;R210G250B197;x
18605;213;148;150;R222G52B169;x
18606;192;137;143;R206G206B147;x
18607;76;126;95;R77G233B194;x
18608;72;111;107;R224G124B142;x
18609;155;170;150;R169G127B46;x
18610;189;183;59;R42G211B70;x
18611;197;109;90;R55G120B82;x
18612;169;152;109;R196G70B203;x
18613;206;162;53;R192G239B208;x
18614;186;204;159;R107G82B188;x
18615;83;139;125;R30G67B95;x
18616;73;157;95;R92G196B193;x
18617;218;178;84;R29G153B219;x
18618;183;145;140;R58G120B184;x
18619;95;123;76;R134G192B180;x
18620;166;169;171;R113G237B45;x
18621;116;130;49;R85G36B42;x
18622;142;183;191;R222G208B123;x
18623;221;136;104;R47G41B109;x
18624;202;173;166;R124G19B54;x
18625;105;176;148;R61G95B42;x
18626;195;167;160;R106G163B101;x
18627;122;204;155;R30G151B210;x
18628;209;192;114;R228G163B16;x
18629;152;178;136;R235G163B14;x
18630;199;191;65;R209G21B228;x
18631;169;109;152;R218G142B139;x
18632;197;171;132;R83G190B223;x
18633;86;101;51;R82G199B77;x
18634;189;131;122;R243G36B79;x
18635;204;190;63;R37G244B88;x
18636;237;179;87;R220G172B132;x
18637;194;200;128;R176G72B116;x
18638;208;155;106;R72G211B117;x
18639;209;146;119;R107G36B88;x
18640;226;218;97;R11G36B108;x
18641;186;170;75;R236G100B210;x
18642;197;173;129;R221G113B232;x
18643;87;136;169;R24G54B245;x
18644;180;177;105;R3G99B17;x
18645;189;208;161;R199G85B7;x
18646;232;155;90;R242G82B202;x
18647;224;188;118;R13G81B156;x
18648;170;185;86;R59G209B151;x
18649;172;182;124;R172G34B59;x
18650;91;101;113;R158G46B217;x
18651;72;155;113;R126G190B106;x
18652;191;161;119;R153G125B113;x
18653;183;159;57;R59G128B195;x
18654;208;184;119;R144G39B223;x
18655;164;154;116;R105G240B122;x
18656;188;128;138;R77G148B162;x
18657;195;158;93;R194G244B235;x
18658;197;139;129;R106G38B128;x
18659;181;189;89;R99G192B120;x
18660;117;180;137;R236G199B166;x
18661;165;116;112;R157G48B244;x
18662;210;172;59;R62G255B158;x
18663;233;177;121;R163G130B206;x
18664;205;177;97;R78G204B166;x
18665;176;181;97;R102G255B162;x
18666;184;164;99;R63G82B71;x
18667;204;150;92;R197G139B21;x
18668;138;181;167;R211G55B249;x
18669;133;152;193;R125G145B103;x
18670;81;157;74;R191G78B208;x
18671;53;127;76;R146G56B186;x
18672;89;160;106;R167G67B111;x
18673;194;214;117;R118G18B91;x
18674;190;156;101;R213G105B48;x
18675;174;192;65;R252G127B148;x
18676;199;144;92;R148G89B5;x
18677;121;119;74;R204G182B12;x
18678;113;160;85;R212G248B45;x
18679;82;157;112;R77G119B37;x
18680;207;151;105;R133G162B98;x
18681;151;132;117;R140G83B155;x
18682;197;184;70;R34G111B130;x
18683;69;149;122;R57G217B178;x
18684;209;132;82;R35G227B32;x
18685;199;169;109;R230G98B208;x
18686;218;198;81;R184G45B100;x
18687;169;164;184;R242G98B190;x
18688;159;159;127;R125G197B9;x
18689;169;137;130;R167G26B196;x
18690;170;159;111;R82G197B189;x
18691;202;159;76;R110G200B189;x
18692;108;127;110;R40G20B16;x
18693;79;141;123;R226G141B4;x
18694;80;163;110;R38G254B221;x
18695;228;128;128;R113G154B196;x
18696;178;148;110;R254G62B182;x
18697;198;169;155;R141G250B159;x
18698;138;165;168;R246G142B10;x
18699;232;183;128;R230G70B240;x
18700;159;162;150;R169G83B1;x
18701;171;127;88;R218G181B148;x
18702;112;182;164;R249G196B195;x
18703;194;207;71;R192G243B88;x
18704;214;158;129;R253G143B44;x
18705;214;157;152;R208G36B50;x
18706;199;217;101;R169G70B20;x
18707;202;136;87;R144G5B167;x
18708;170;167;140;R131G4B239;x
18709;170;144;157;R59G207B150;x
18710;153;141;127;R51G147B23;x
18711;176;170;91;R90G182B75;x
18712;175;142;122;R12G220B100;x
18713;198;151;149;R70G95B87;x
18714;164;169;128;R148G29B147;x
18715;91;147;83;R155G97B46;x
18716;230;154;60;R145G161B247;x
18717;164;153;175;R147G13B24;x
18718;240;220;87;R76G179B47;x
18719;178;170;141;R25G135B106;x
18720;146;119;146;R151G201B159;x
18721;197;178;103;R36G139B145;x
18722;164;122;108;R216G53B144;x
18723;182;185;94;R235G75B77;x
18724;114;154;195;R197G144B185;x
18725;163;161;149;R240G196B91;x
18726;202;135;78;R71G241B77;x
18727;236;211;120;R65G181B248;x
18728;220;167;82;R34G86B178;x
18729;187;138;155;R56G119B132;x
18730;76;106;113;R143G108B76;x
18731;158;158;73;R38G210B110;x
18732;214;202;142;R36G118B155;x
18733;188;130;83;R241G216B79;x
18734;200;137;76;R220G194B30;x
18735;101;166;125;R187G134B179;x
18736;157;188;134;R67G217B21;x
18737;201;161;99;R24G207B133;x
18738;171;166;96;R90G237B76;x
18739;76;130;93;R248G22B141;x
18740;198;166;86;R220G40B28;x
18741;189;214;91;R84G32B129;x
18742;190;184;130;R140G105B189;x
18743;62;129;108;R1G253B85;x
18744;207;173;97;R169G147B210;x
18745;188;165;67;R171G178B2;x
18746;185;200;120;R84G11B203;x
18747;189;117;114;R68G162B205;x
18748;202;162;101;R118G49B221;x
18749;211;146;115;R69G84B217;x
18750;103;95;49;R247G215B133;x
18751;210;202;86;R173G222B43;x
18752;133;145;96;R118G216B18;x
18753;121;147;144;R83G80B22;x
18754;183;182;94;R139G48B151;x
18755;217;196;91;R188G59B36;x
18756;192;152;131;R31G193B142;x
18757;181;174;49;R74G142B55;x
18758;149;167;111;R140G30B141;x
18759;137;191;104;R109G137B75;x
18760;192;156;78;R62G71B30;x
18761;202;179;111;R254G79B97;x
18762;221;195;102;R38G54B230;x
18763;187;172;69;R236G71B139;x
18764;197;171;98;R166G179B242;x
18765;204;169;101;R70G43B9;x
18766;203;172;61;R204G193B80;x
18767;154;145;151;R6G28B83;x
18768;171;173;114;R196G64B134;x
18769;127;131;87;R245G14B244;x
18770;182;119;92;R138G199B108;x
18771;154;156;111;R3G180B155;x
18772;165;193;104;R184G235B107;x
18773;216;164;64;R202G149B178;x
18774;196;191;65;R241G143B190;x
18775;148;170;114;R155G60B188;x
18776;206;171;105;R104G17B110;x
18777;114;150;141;R124G203B64;x
18778;195;146;78;R67G117B58;x
18779;178;145;120;R48G146B106;x
18780;99;140;64;R197G154B253;x
18781;128;149;46;R251G22B77;x
18782;201;190;71;R192G34B226;x
18783;211;128;74;R238G6B103;x
18784;221;130;107;R213G16B254;x
18785;183;205;88;R199G39B160;x
18786;157;195;88;R88G194B99;x
18787;157;202;117;R81G94B118;x
18788;212;167;86;R30G3B46;x
18789;189;162;106;R89G183B140;x
18790;70;104;39;R136G170B189;x
18791;227;134;93;R158G220B159;x
18792;207;182;103;R175G35B169;x
18793;169;133;149;R142G106B109;x
18794;222;177;67;R146G120B58;x
18795;181;153;96;R160G16B44;x
18796;113;142;172;R143G253B232;x
18797;187;212;108;R194G215B84;x
18798;206;124;93;R165G72B18;x
18799;208;162;32;R114G233B53;x
18800;181;163;123;R113G70B238;x
18801;218;157;94;R216G21B83;x
18802;196;216;101;R51G192B236;x
18803;194;186;100;R229G39B154;x
18804;171;156;135;R110G198B183;x
18805;198;164;81;R94G0B200;x
18806;185;115;137;R43G138B209;x
18807;187;199;88;R66G153B122;x
18808;101;139;79;R248G138B118;x
18809;157;175;145;R169G199B198;x
18810;178;116;118;R255G22B175;x
18811;118;139;80;R128G42B97;x
18812;200;192;76;R163G31B235;x
18813;208;189;119;R146G103B152;x
18814;187;151;94;R242G92B19;x
18815;147;185;89;R152G248B150;x
18816;86;135;122;R83G239B178;x
18817;204;144;67;R27G216B18;x
18818;140;164;135;R194G6B0;x
18819;209;184;71;R198G200B54;x
18820;60;184;96;R217G100B94;x
18821;190;153;131;R49G171B96;x
18822;137;130;135;R60G164B246;x
18823;92;131;82;R135G97B4;x
18824;78;133;76;R155G73B224;x
18825;229;128;71;R183G144B80;x
18826;55;93;68;R190G120B66;x
18827;229;159;103;R251G136B163;x
18828;180;187;60;R97G234B84;x
18829;207;153;53;R181G77B193;x
18830;173;169;157;R233G36B223;x
18831;165;157;144;R254G72B210;x
18832;141;211;105;R26G119B142;x
18833;203;146;70;R118G48B62;x
18834;124;158;38;R31G209B58;x
18835;96;173;158;R29G106B152;x
18836;145;146;70;R119G162B91;x
18837;213;92;95;R135G223B60;x
18838;240;153;59;R38G108B31;x
18839;138;148;172;R24G196B82;x
18840;132;175;140;R23G65B41;x
18841;190;154;72;R217G17B166;x
18842;226;175;85;R81G73B110;x
18843;200;144;107;R4G12B160;x
18844;194;162;103;R160G64B96;x
18845;172;160;171;R104G54B106;x
18846;195;198;69;R175G3B244;x
18847;185;180;151;R236G101B116;x
18848;186;131;77;R75G68B163;x
18849;195;150;105;R25G156B28;x
18850;189;165;115;R118G53B88;x
18851;213;190;114;R202G111B12;x
18852;205;159;154;R2G41B252;x
18853;129;192;144;R89G25B43;x
18854;174;133;129;R60G179B221;x
18855;175;190;111;R99G39B166;x
18856;186;147;105;R92G42B137;x
18857;211;149;106;R171G231B173;x
18858;205;134;44;R89G45B26;x
18859;197;162;70;R202G68B34;x
18860;223;132;94;R107G26B130;x
18861;103;154;100;R0G77B221;x
18862;55;116;65;R160G58B75;x
18863;193;164;68;R93G235B116;x
18864;184;156;122;R115G255B228;x
18865;174;155;89;R37G12B178;x
18866;138;106;158;R66G142B23;x
18867;127;144;91;R129G46B27;x
18868;185;162;140;R160G228B85;x
18869;167;120;75;R247G86B136;x
18870;209;154;74;R124G141B229;x
18871;214;146;112;R89G242B124;x
18872;189;150;93;R235G71B12;x
18873;207;172;83;R56G181B82;x
18874;97;120;64;R169G88B185;x
18875;120;143;156;R224G37B50;x
18876;142;174;86;R88G156B202;x
18877;209;168;73;R117G39B161;x
18878;117;152;87;R93G166B84;x
18879;144;205;75;R233G229B129;x
18880;83;101;105;R118G45B21;x
18881;205;142;157;R203G94B36;x
18882;179;156;120;R220G207B33;x
18883;180;172;124;R75G149B194;x
18884;228;199;80;R193G157B193;x
18885;149;164;140;R62G136B51;x
18886;207;176;68;R235G132B61;x
18887;175;211;132;R133G108B232;x
18888;72;167;82;R201G6B244;x
18889;176;127;155;R244G162B26;x
18890;152;161;151;R148G145B244;x
18891;182;184;121;R106G240B225;x
18892;205;156;105;R129G182B30;x
18893;196;200;148;R65G142B186;x
18894;209;157;87;R194G44B128;x
18895;87;122;137;R8G47B121;x
18896;138;194;71;R166G133B202;x
18897;212;188;94;R80G179B222;x
18898;153;133;127;R207G255B228;x
18899;73;158;86;R86G68B80;x
18900;199;124;70;R245G50B166;x
18901;124;128;96;R187G108B40;x
18902;193;162;87;R45G218B41;x
18903;73;135;92;R190G185B215;x
18904;159;187;102;R244G234B188;x
18905;164;166;165;R69G71B30;x
18906;202;118;80;R216G129B253;x
18907;210;132;86;R138G212B202;x
18908;183;132;107;R214G174B231;x
18909;195;151;113;R110G129B88;x
18910;178;168;161;R108G128B144;x
18911;65;162;123;R175G161B198;x
18912;167;159;124;R189G233B133;x
18913;169;149;146;R206G92B44;x
18914;172;172;53;R41G64B19;x
18915;193;128;111;R212G56B25;x
18916;136;176;135;R131G135B109;x
18917;71;121;144;R223G117B20;x
18918;207;157;141;R77G202B117;x
18919;185;150;74;R101G109B157;x
18920;141;158;115;R93G255B143;x
18921;73;126;66;R137G248B210;x
18922;229;153;116;R13G109B227;x
18923;207;159;89;R210G79B209;x
18924;160;202;147;R5G78B118;x
18925;220;194;78;R75G20B236;x
18926;180;152;162;R33G243B39;x
18927;157;150;182;R153G77B70;x
18928;144;195;114;R188G188B34;x
18929;195;188;87;R94G244B159;x
18930;180;201;105;R169G62B59;x
18931;213;152;73;R27G88B85;x
18932;208;163;108;R29G73B78;x
18933;179;184;99;R39G212B132;x
18934;54;167;88;R14G104B194;x
18935;120;132;155;R232G28B255;x
18936;201;169;140;R120G4B124;x
18937;112;146;76;R39G241B118;x
18938;213;183;112;R204G117B126;x
18939;158;179;121;R40G80B45;x
18940;194;182;143;R74G122B108;x
18941;80;119;75;R187G103B122;x
18942;159;210;92;R163G202B234;x
18943;219;204;128;R82G153B23;x
18944;171;200;106;R4G170B211;x
18945;181;152;92;R60G84B179;x
18946;210;183;145;R235G69B203;x
18947;154;145;118;R187G153B80;x
18948;193;155;106;R251G252B254;x
18949;179;193;106;R89G110B230;x
18950;105;147;124;R90G231B105;x
18951;198;205;107;R100G31B235;x
18952;167;160;71;R208G161B43;x
18953;181;180;93;R116G207B198;x
18954;121;183;100;R71G37B117;x
18955;189;190;106;R82G22B8;x
18956;199;211;91;R122G164B140;x
18957;157;109;99;R165G101B126;x
18958;191;185;65;R41G34B234;x
18959;160;105;97;R167G40B82;x
18960;190;194;119;R137G74B148;x
18961;91;153;207;R182G242B113;x
18962;217;175;103;R50G81B11;x
18963;144;159;126;R90G39B182;x
18964;144;171;141;R253G92B251;x
18965;199;196;62;R214G42B36;x
18966;182;173;91;R143G139B212;x
18967;167;146;134;R218G171B244;x
18968;89;147;98;R114G22B249;x
18969;105;117;164;R55G228B6;x
18970;126;157;94;R116G252B186;x
18971;147;187;148;R233G148B130;x
18972;200;192;85;R12G188B255;x
18973;224;133;103;R110G212B147;x
18974;230;181;104;R101G38B225;x
18975;194;166;70;R47G130B231;x
18976;198;167;101;R160G100B55;x
18977;196;197;69;R186G217B103;x
18978;154;159;122;R16G237B188;x
18979;61;105;137;R27G34B94;x
18980;128;176;172;R127G36B46;x
18981;188;182;53;R51G92B246;x
18982;202;157;67;R113G86B170;x
18983;162;172;150;R111G153B203;x
18984;233;156;34;R61G4B8;x
18985;118;94;157;R35G27B50;x
18986;176;181;146;R70G60B157;x
18987;226;166;96;R145G59B8;x
18988;219;176;96;R18G107B42;x
18989;170;155;99;R205G22B182;x
18990;99;125;90;R203G222B223;x
18991;227;191;120;R243G156B19;x
18992;201;196;90;R128G105B21;x
18993;173;161;151;R32G149B17;x
18994;168;157;131;R97G115B132;x
18995;179;158;170;R7G138B105;x
18996;233;140;113;R42G145B223;x
18997;84;100;94;R54G4B218;x
18998;92;120;60;R53G245B0;x
18999;107;106;119;R124G129B212;x
19000;197;148;174;R178G140B189;x
19001;143;182;166;R88G167B6;x
19002;150;142;169;R143G99B153;x
19003;136;181;82;R203G61B220;x
19004;189;226;120;R148G252B138;x
19005;115;178;78;R27G84B91;x
19006;219;172;128;R24G67B70;x
19007;184;156;82;R148G208B208;x
19008;92;152;60;R22G213B99;x
19009;168;183;130;R195G55B68;x
19010;171;187;119;R202G177B9;x
19011;150;141;147;R12G191B16;x
19012;165;188;127;R121G9B234;x
19013;185;223;158;R20G44B187;x
19014;114;128;134;R10G235B106;x
19015;179;158;130;R226G73B54;x
19016;206;167;117;R129G110B162;x
19017;172;115;122;R221G151B209;x
19018;201;140;104;R252G237B46;x
19019;216;181;65;R101G250B139;x
19020;177;184;133;R56G222B110;x
19021;190;195;122;R114G206B102;x
19022;120;168;192;R69G177B226;x
19023;145;152;145;R104G57B13;x
19024;165;170;101;R191G217B119;x
19025;205;154;91;R46G215B38;x
19026;140;168;113;R37G16B231;x
19027;153;207;87;R207G7B190;x
19028;123;141;82;R88G26B231;x
19029;190;131;140;R101G19B51;x
19030;196;175;138;R213G29B17;x
19031;213;200;89;R36G99B65;x
19032;183;157;161;R67G179B43;x
19033;170;170;121;R124G81B35;x
19034;136;153;66;R252G147B249;x
19035;184;144;97;R39G44B120;x
19036;170;169;79;R37G101B239;x
19037;80;130;108;R22G34B193;x
19038;116;145;68;R190G154B159;x
19039;213;159;119;R113G132B57;x
19040;227;207;111;R131G144B211;x
19041;162;181;72;R22G64B94;x
19042;175;158;115;R89G138B15;x
19043;167;115;71;R142G21B115;x
19044;200;210;130;R149G84B205;x
19045;221;138;114;R235G119B150;x
19046;196;154;46;R179G62B86;x
19047;200;146;126;R255G132B15;x
19048;142;211;114;R61G148B43;x
19049;78;135;95;R197G20B249;x
19050;117;124;100;R212G231B52;x
19051;224;123;100;R225G235B204;x
19052;142;155;137;R25G183B96;x
19053;167;147;119;R252G42B51;x
19054;115;140;133;R216G39B246;x
19055;175;223;111;R187G224B217;x
19056;180;176;102;R88G223B30;x
19057;88;160;55;R172G182B90;x
19058;93;95;59;R59G56B22;x
19059;188;148;54;R47G177B132;x
19060;203;158;88;R229G213B61;x
19061;165;136;75;R53G217B190;x
19062;213;172;86;R183G139B125;x
19063;145;199;139;R151G91B102;x
19064;170;175;138;R138G20B76;x
19065;193;175;118;R117G145B126;x
19066;143;215;69;R235G158B196;x
19067;206;206;103;R168G108B27;x
19068;186;174;122;R146G64B255;x
19069;171;187;52;R111G210B218;x
19070;148;148;144;R119G248B86;x
19071;179;177;110;R185G9B125;x
19072;175;153;80;R222G172B155;x
19073;192;127;135;R73G164B139;x
19074;239;181;61;R101G187B111;x
19075;172;177;71;R94G208B64;x
19076;145;175;152;R36G41B203;x
19077;200;144;142;R63G93B71;x
19078;204;153;85;R87G175B21;x
19079;175;152;99;R118G144B136;x
19080;192;162;153;R165G230B42;x
19081;230;163;107;R215G101B49;x
19082;178;123;97;R107G134B77;x
19083;122;152;203;R3G57B202;x
19084;195;225;116;R118G23B60;x
19085;181;193;68;R142G112B252;x
19086;196;172;122;R250G49B217;x
19087;188;142;150;R204G44B200;x
19088;165;172;76;R148G91B74;x
19089;187;164;134;R214G230B52;x
19090;157;207;122;R108G27B3;x
19091;92;128;115;R93G38B128;x
19092;218;168;80;R168G242B10;x
19093;189;200;82;R198G245B68;x
19094;90;151;68;R142G223B229;x
19095;167;114;100;R161G74B67;x
19096;130;122;177;R241G226B125;x
19097;214;137;76;R19G168B126;x
19098;86;142;28;R125G181B102;x
19099;224;162;103;R64G46B172;x
19100;127;183;165;R243G98B28;x
19101;172;177;76;R254G167B10;x
19102;72;137;126;R35G151B131;x
19103;189;177;168;R43G57B123;x
19104;201;110;91;R27G103B155;x
19105;226;158;94;R15G138B245;x
19106;164;158;122;R236G129B245;x
19107;203;196;133;R173G108B19;x
19108;208;152;70;R84G22B22;x
19109;231;119;97;R61G224B52;x
19110;217;191;66;R38G251B38;x
19111;119;156;125;R239G170B100;x
19112;95;91;105;R43G54B225;x
19113;208;169;54;R241G61B127;x
19114;111;182;111;R34G160B239;x
19115;68;125;61;R67G234B46;x
19116;98;122;168;R203G97B123;x
19117;162;133;179;R202G65B234;x
19118;170;166;117;R18G11B156;x
19119;187;191;163;R192G158B62;x
19120;178;185;133;R10G46B90;x
19121;115;121;201;R147G22B202;x
19122;201;150;80;R141G82B4;x
19123;208;147;74;R58G39B37;x
19124;223;183;141;R196G156B183;x
19125;91;164;104;R233G127B179;x
19126;177;139;162;R100G83B134;x
19127;208;140;103;R109G31B2;x
19128;194;190;135;R123G211B216;x
19129;223;193;137;R238G54B128;x
19130;213;201;88;R204G55B172;x
19131;72;132;37;R127G167B183;x
19132;171;161;123;R30G37B84;x
19133;180;145;186;R68G216B154;x
19134;87;131;67;R164G28B198;x
19135;203;157;34;R17G204B216;x
19136;160;195;133;R187G217B155;x
19137;107;115;107;R98G127B126;x
19138;148;119;116;R189G13B216;x
19139;188;143;145;R111G71B147;x
19140;198;117;145;R23G13B110;x
19141;191;122;121;R168G27B184;x
19142;79;171;109;R222G254B37;x
19143;128;135;207;R22G42B1;x
19144;180;123;122;R220G11B51;x
19145;184;181;77;R197G50B239;x
19146;189;156;159;R74G204B36;x
19147;201;163;118;R169G199B172;x
19148;98;140;83;R219G22B171;x
19149;217;178;93;R87G226B153;x
19150;168;108;118;R95G220B111;x
19151;154;168;190;R184G177B255;x
19152;178;168;61;R19G179B2;x
19153;188;146;134;R103G241B37;x
19154;103;150;84;R179G245B66;x
19155;210;133;90;R106G229B44;x
19156;226;149;71;R227G227B87;x
19157;203;172;82;R9G226B118;x
19158;114;162;141;R115G120B226;x
19159;127;127;180;R156G254B203;x
19160;212;103;90;R169G46B81;x
19161;182;136;83;R200G180B47;x
19162;145;185;120;R145G21B180;x
19163;148;157;166;R126G14B113;x
19164;206;122;87;R241G249B166;x
19165;199;152;93;R92G200B251;x
19166;170;119;156;R176G184B9;x
19167;184;141;111;R60G188B229;x
19168;133;207;88;R205G244B217;x
19169;145;115;155;R112G252B91;x
19170;191;158;124;R31G108B6;x
19171;217;182;107;R55G242B71;x
19172;70;114;121;R124G99B202;x
19173;204;141;111;R250G99B58;x
19174;70;98;153;R0G135B168;x
19175;221;168;41;R172G251B213;x
19176;154;157;56;R103G158B199;x
19177;167;180;130;R169G100B192;x
19178;212;201;101;R155G139B203;x
19179;95;139;82;R20G163B6;x
19180;82;143;74;R126G3B216;x
19181;216;172;42;R119G247B252;x
19182;115;117;70;R154G89B220;x
19183;156;156;177;R92G170B204;x
19184;151;190;135;R144G164B45;x
19185;219;179;142;R98G9B110;x
19186;213;198;102;R26G222B255;x
19187;97;127;117;R29G186B223;x
19188;155;193;161;R175G94B47;x
19189;175;117;115;R233G135B143;x
19190;61;111;78;R118G169B109;x
19191;199;213;103;R150G126B199;x
19192;121;159;94;R163G61B227;x
19193;176;148;181;R168G76B34;x
19194;169;197;81;R255G152B232;x
19195;111;143;157;R66G161B28;x
19196;223;173;111;R175G195B76;x
19197;206;145;101;R138G245B119;x
19198;170;120;93;R206G87B7;x
19199;189;179;71;R196G147B68;x
19200;180;199;52;R233G156B8;x
19201;162;152;143;R93G21B255;x
19202;164;126;136;R198G86B100;x
19203;205;152;91;R161G239B195;x
19204;225;161;49;R42G20B234;x
19205;141;221;66;R179G81B251;x
19206;170;145;139;R69G69B68;x
19207;183;182;135;R17G77B21;x
19208;225;162;91;R91G44B112;x
19209;107;166;147;R197G205B197;x
19210;78;150;95;R202G199B94;x
19211;189;149;163;R171G52B117;x
19212;128;157;132;R103G168B219;x
19213;152;168;164;R30G13B224;x
19214;173;177;74;R118G41B187;x
19215;222;124;51;R107G177B146;x
19216;208;177;117;R225G173B249;x
19217;116;142;93;R196G183B7;x
19218;146;171;103;R139G116B120;x
19219;130;147;168;R97G107B236;x
19220;211;149;105;R197G52B42;x
19221;132;134;104;R84G92B67;x
19222;203;130;44;R161G28B236;x
19223;181;165;88;R35G178B60;x
19224;166;162;97;R184G123B237;x
19225;168;209;90;R247G169B175;x
19226;208;146;87;R173G192B189;x
19227;133;170;131;R96G51B72;x
19228;160;196;128;R0G172B84;x
19229;120;129;170;R104G128B70;x
19230;194;165;113;R63G249B134;x
19231;121;136;115;R143G236B66;x
19232;98;101;206;R83G5B29;x
19233;219;137;115;R58G118B95;x
19234;85;144;66;R221G44B229;x
19235;90;110;103;R174G137B148;x
19236;103;125;169;R232G169B93;x
19237;101;137;183;R196G162B203;x
19238;157;159;148;R63G49B208;x
19239;171;178;147;R9G194B73;x
19240;181;184;81;R234G224B208;x
19241;195;177;117;R87G109B36;x
19242;188;182;73;R7G51B134;x
19243;65;143;93;R185G38B199;x
19244;160;178;79;R3G234B235;x
19245;168;179;88;R48G225B6;x
19246;188;157;82;R215G108B127;x
19247;74;114;87;R112G98B245;x
19248;215;202;75;R61G25B87;x
19249;210;208;129;R176G171B69;x
19250;202;191;114;R108G98B52;x
19251;216;172;90;R22G145B72;x
19252;144;160;109;R40G220B242;x
19253;195;189;123;R4G247B39;x
19254;147;177;184;R229G135B212;x
19255;139;166;81;R252G177B162;x
19256;161;174;118;R196G59B185;x
19257;182;160;83;R240G177B129;x
19258;151;138;146;R11G163B150;x
19259;105;150;122;R195G213B143;x
19260;180;174;160;R89G29B137;x
19261;187;186;92;R116G139B209;x
19262;232;144;47;R122G149B178;x
19263;140;180;131;R205G239B127;x
19264;172;135;138;R166G12B166;x
19265;178;121;126;R254G204B176;x
19266;118;147;77;R44G95B177;x
19267;142;205;67;R120G1B250;x
19268;140;149;124;R131G215B25;x
19269;144;160;74;R111G70B115;x
19270;159;182;92;R93G81B139;x
19271;209;177;81;R3G177B177;x
19272;108;168;121;R156G125B145;x
19273;202;192;126;R117G134B50;x
19274;88;162;98;R151G77B153;x
19275;118;169;104;R148G56B230;x
19276;195;152;161;R57G7B137;x
19277;170;188;138;R63G198B97;x
19278;179;195;137;R89G190B155;x
19279;207;166;49;R169G171B128;x
19280;197;157;107;R204G148B183;x
19281;195;145;135;R111G2B184;x
19282;192;168;94;R43G39B41;x
19283;192;182;140;R187G58B226;x
19284;159;167;85;R179G245B230;x
19285;154;156;125;R98G229B136;x
19286;78;144;98;R103G115B7;x
19287;206;167;143;R203G86B44;x
19288;173;135;140;R102G101B239;x
19289;107;125;194;R43G184B162;x
19290;134;150;151;R59G158B230;x
19291;98;146;79;R232G12B124;x
19292;147;194;102;R209G8B222;x
19293;217;206;148;R58G49B214;x
19294;114;145;91;R91G172B0;x
19295;192;106;74;R132G138B219;x
19296;168;176;106;R63G223B2;x
19297;109;150;68;R134G92B251;x
19298;190;182;70;R151G208B101;x
19299;137;114;134;R40G155B208;x
19300;160;215;99;R194G49B152;x
19301;212;146;144;R74G188B58;x
19302;240;145;78;R116G16B21;x
19303;232;153;94;R232G133B170;x
19304;231;110;80;R43G151B12;x
19305;119;144;121;R56G73B3;x
19306;187;187;116;R115G170B165;x
19307;164;166;121;R109G254B22;x
19308;160;173;181;R39G0B120;x
19309;184;152;73;R149G12B239;x
19310;141;100;157;R155G110B74;x
19311;131;148;194;R97G251B114;x
19312;178;133;81;R80G72B9;x
19313;128;160;60;R100G147B110;x
19314;148;157;162;R10G92B115;x
19315;120;153;167;R69G72B124;x
19316;137;125;97;R164G41B25;x
19317;216;194;108;R14G93B231;x
19318;231;174;117;R219G237B244;x
19319;212;150;76;R114G56B114;x
19320;164;173;93;R52G131B163;x
19321;118;147;135;R151G72B212;x
19322;148;181;129;R206G181B126;x
19323;209;206;85;R60G44B6;x
19324;181;153;52;R19G59B211;x
19325;193;155;75;R142G87B246;x
19326;162;229;97;R162G19B154;x
19327;210;153;100;R52G235B98;x
19328;225;175;81;R9G221B172;x
19329;189;197;96;R253G104B201;x
19330;193;157;129;R150G158B191;x
19331;184;120;130;R131G194B193;x
19332;111;128;74;R4G124B91;x
19333;203;186;66;R7G247B254;x
19334;119;119;72;R243G57B146;x
19335;214;148;117;R197G247B238;x
19336;183;166;171;R99G37B72;x
19337;75;108;109;R85G174B174;x
19338;212;163;114;R65G255B76;x
19339;145;135;113;R210G96B209;x
19340;109;104;81;R165G154B118;x
19341;215;155;177;R66G86B11;x
19342;181;217;93;R205G55B158;x
19343;229;201;103;R105G197B160;x
19344;116;111;110;R95G66B167;x
19345;191;181;116;R65G247B192;x
19346;178;145;76;R41G237B167;x
19347;125;183;141;R176G148B142;x
19348;207;161;65;R18G186B168;x
19349;182;131;74;R222G68B83;x
19350;170;207;82;R162G194B194;x
19351;187;115;96;R93G250B141;x
19352;192;176;59;R17G110B235;x
19353;111;149;71;R128G247B230;x
19354;195;175;140;R93G47B19;x
19355;213;193;67;R78G207B215;x
19356;151;200;103;R213G89B97;x
19357;183;126;174;R23G24B28;x
19358;193;131;73;R28G62B75;x
19359;191;174;113;R146G30B5;x
19360;199;166;149;R255G189B64;x
19361;183;210;76;R154G199B207;x
19362;174;158;124;R255G20B21;x
19363;169;166;104;R17G155B227;x
19364;165;164;187;R216G115B116;x
19365;181;150;119;R149G140B99;x
19366;145;195;108;R114G97B52;x
19367;83;172;88;R104G115B30;x
19368;133;139;56;R127G172B177;x
19369;190;152;113;R33G194B181;x
19370;177;198;117;R179G144B154;x
19371;120;109;180;R211G96B196;x
19372;224;162;93;R229G220B142;x
19373;164;147;111;R251G125B77;x
19374;169;120;123;R91G172B226;x
19375;209;177;121;R112G138B184;x
19376;180;176;147;R29G55B172;x
19377;208;182;96;R54G229B16;x
19378;172;147;171;R61G75B101;x
19379;191;188;128;R168G52B94;x
19380;180;176;156;R45G162B139;x
19381;183;194;143;R72G163B139;x
19382;155;137;169;R121G27B122;x
19383;222;198;110;R89G192B249;x
19384;202;186;52;R7G11B2;x
19385;193;135;90;R220G200B182;x
19386;120;155;130;R119G184B15;x
19387;106;169;123;R12G54B96;x
19388;178;179;63;R105G107B224;x
19389;112;137;109;R179G36B40;x
19390;183;115;140;R186G116B246;x
19391;160;196;77;R105G249B30;x
19392;189;143;102;R124G88B62;x
19393;136;135;82;R105G223B184;x
19394;149;162;163;R1G200B83;x
19395;184;199;114;R84G238B76;x
19396;67;171;96;R181G250B183;x
19397;70;90;101;R52G62B227;x
19398;184;197;121;R85G78B104;x
19399;194;155;78;R35G116B13;x
19400;100;145;94;R224G155B64;x
19401;133;213;96;R118G193B198;x
19402;214;148;164;R11G96B47;x
19403;171;134;98;R110G140B7;x
19404;190;154;147;R153G47B99;x
19405;212;151;78;R20G215B217;x
19406;158;141;130;R83G44B231;x
19407;174;166;146;R95G93B195;x
19408;169;171;117;R28G239B112;x
19409;179;159;96;R222G138B27;x
19410;210;177;168;R242G211B248;x
19411;175;190;74;R65G8B42;x
19412;57;99;111;R53G209B94;x
19413;204;180;162;R100G46B136;x
19414;154;148;182;R163G10B187;x
19415;112;138;68;R63G166B144;x
19416;197;135;96;R179G57B242;x
19417;215;110;152;R220G119B157;x
19418;184;154;115;R7G180B177;x
19419;222;142;132;R131G163B81;x
19420;160;189;160;R100G69B140;x
19421;182;147;83;R126G31B183;x
19422;195;119;121;R224G253B199;x
19423;153;135;127;R23G193B65;x
19424;227;156;121;R48G30B69;x
19425;167;176;158;R94G1B35;x
19426;214;178;99;R200G35B12;x
19427;166;208;64;R147G40B48;x
19428;96;163;105;R37G194B198;x
19429;164;132;60;R194G152B183;x
19430;182;163;129;R227G27B150;x
19431;155;152;181;R95G188B73;x
19432;193;187;89;R26G198B103;x
19433;166;107;112;R224G168B219;x
19434;215;182;113;R216G219B225;x
19435;113;165;149;R68G97B227;x
19436;159;166;133;R168G247B128;x
19437;149;180;130;R134G127B68;x
19438;231;176;102;R217G69B48;x
19439;124;177;95;R225G149B138;x
19440;202;177;151;R127G161B118;x
19441;214;130;82;R156G73B196;x
19442;189;154;74;R35G226B70;x
19443;240;140;90;R226G196B125;x
19444;180;165;156;R130G141B189;x
19445;170;131;136;R179G190B224;x
19446;209;182;121;R146G7B19;x
19447;217;175;114;R109G148B13;x
19448;187;162;123;R126G180B215;x
19449;161;204;130;R101G65B170;x
19450;206;153;83;R35G237B119;x
19451;60;112;108;R75G200B169;x
19452;167;173;137;R141G218B167;x
19453;88;133;77;R248G121B19;x
19454;203;113;96;R128G201B48;x
19455;99;121;101;R203G93B35;x
19456;128;151;182;R164G135B120;x
19457;152;171;185;R9G83B90;x
19458;122;176;120;R51G245B100;x
19459;160;142;145;R99G229B32;x
19460;214;176;84;R226G145B62;x
19461;195;124;99;R100G244B16;x
19462;123;193;91;R28G10B245;x
19463;211;193;141;R209G220B76;x
19464;209;176;164;R165G85B76;x
19465;204;117;84;R186G214B254;x
19466;191;145;69;R147G100B215;x
19467;66;127;72;R212G71B65;x
19468;175;146;134;R4G227B194;x
19469;181;142;76;R251G240B51;x
19470;240;153;104;R116G120B131;x
19471;204;147;61;R86G52B48;x
19472;186;137;137;R61G190B115;x
19473;210;171;109;R149G179B191;x
19474;239;188;96;R235G245B162;x
19475;143;156;146;R86G21B111;x
19476;80;76;65;R192G196B47;x
19477;177;171;129;R216G17B5;x
19478;217;172;130;R180G107B205;x
19479;237;131;81;R11G154B94;x
19480;223;207;77;R30G202B102;x
19481;219;151;70;R250G67B115;x
19482;164;180;127;R90G140B83;x
19483;101;131;142;R227G87B126;x
19484;220;148;88;R78G201B165;x
19485;198;191;96;R142G89B38;x
19486;163;185;76;R217G146B48;x
19487;81;178;157;R16G188B138;x
19488;179;131;98;R117G156B217;x
19489;231;169;118;R166G77B134;x
19490;75;103;113;R155G6B105;x
19491;201;200;147;R109G150B82;x
19492;93;121;80;R253G17B19;x
19493;209;188;112;R147G129B32;x
19494;195;157;78;R44G150B205;x
19495;222;179;103;R128G179B82;x
19496;197;155;111;R142G159B112;x
19497;140;128;89;R85G218B195;x
19498;156;161;72;R149G9B208;x
19499;148;172;123;R51G116B75;x
19500;212;227;86;R81G187B205;x
19501;122;115;132;R160G248B171;x
19502;191;186;77;R10G223B145;x
19503;175;159;140;R127G210B56;x
19504;211;189;135;R139G216B149;x
19505;211;175;69;R36G230B78;x
19506;169;186;116;R99G71B175;x
19507;208;161;86;R206G165B117;x
19508;186;162;102;R99G107B21;x
19509;205;149;73;R146G216B71;x
19510;68;134;73;R3G88B163;x
19511;206;103;92;R8G217B104;x
19512;186;177;107;R43G145B28;x
19513;198;127;128;R166G68B32;x
19514;205;178;173;R182G82B59;x
19515;187;183;169;R111G217B103;x
19516;187;162;121;R194G119B226;x
19517;60;114;73;R152G128B9;x
19518;95;142;206;R206G89B34;x
19519;191;130;94;R5G18B224;x
19520;155;180;105;R181G199B85;x
19521;195;191;90;R8G46B47;x
19522;236;181;100;R72G210B97;x
19523;185;170;121;R50G186B8;x
19524;109;94;53;R140G4B252;x
19525;202;164;73;R128G137B249;x
19526;81;148;84;R239G77B172;x
19527;198;169;158;R180G232B195;x
19528;214;126;78;R230G67B182;x
19529;181;114;167;R132G148B131;x
19530;177;127;177;R16G146B95;x
19531;230;145;92;R104G218B198;x
19532;123;103;32;R66G99B201;x
19533;125;151;138;R39G215B136;x
19534;208;177;77;R176G254B232;x
19535;215;208;107;R225G134B243;x
19536;97;134;110;R146G37B73;x
19537;135;138;81;R35G128B17;x
19538;158;161;132;R164G183B126;x
19539;216;208;155;R210G180B98;x
19540;78;171;117;R97G185B254;x
19541;189;177;99;R148G184B219;x
19542;193;161;171;R98G132B12;x
19543;141;161;150;R98G218B216;x
19544;158;152;130;R130G223B66;x
19545;179;169;158;R225G98B106;x
19546;187;147;111;R119G251B172;x
19547;178;160;102;R229G28B119;x
19548;210;160;95;R206G234B117;x
19549;196;193;94;R191G235B21;x
19550;76;118;97;R230G211B50;x
19551;182;189;80;R20G32B244;x
19552;219;157;108;R202G233B242;x
19553;221;154;95;R174G22B42;x
19554;80;129;110;R228G188B55;x
19555;201;174;83;R203G68B21;x
19556;194;219;109;R240G156B35;x
19557;135;210;62;R60G87B94;x
19558;177;155;154;R119G111B59;x
19559;222;129;140;R86G3B201;x
19560;167;111;99;R170G71B4;x
19561;179;115;86;R77G119B154;x
19562;91;140;121;R219G162B185;x
19563;205;144;138;R76G231B10;x
19564;163;127;128;R33G219B188;x
19565;173;220;110;R21G67B211;x
19566;120;191;161;R168G54B145;x
19567;174;175;114;R208G131B35;x
19568;186;153;118;R144G208B39;x
19569;207;166;86;R165G141B172;x
19570;209;153;86;R176G244B116;x
19571;188;177;88;R151G194B117;x
19572;148;169;179;R209G164B87;x
19573;94;102;129;R41G75B15;x
19574;141;114;169;R134G92B123;x
19575;75;121;125;R151G208B34;x
19576;182;145;135;R238G155B30;x
19577;73;113;92;R133G165B76;x
19578;223;145;86;R169G133B142;x
19579;183;146;135;R125G165B16;x
19580;155;178;126;R69G149B169;x
19581;139;170;92;R157G169B125;x
19582;116;119;85;R211G44B143;x
19583;203;170;80;R58G93B161;x
19584;161;161;138;R53G197B195;x
19585;183;156;69;R92G170B181;x
19586;111;104;97;R226G164B97;x
19587;135;179;110;R45G213B0;x
19588;176;171;96;R6G73B119;x
19589;184;203;81;R91G230B96;x
19590;224;160;106;R83G145B81;x
19591;153;175;76;R152G226B178;x
19592;217;178;56;R56G230B36;x
19593;159;192;74;R221G31B214;x
19594;48;146;92;R118G243B28;x
19595;169;174;108;R181G187B117;x
19596;131;166;142;R102G48B121;x
19597;240;149;78;R209G241B245;x
19598;117;143;190;R108G225B44;x
19599;74;133;89;R27G36B193;x
19600;208;179;117;R219G68B62;x
19601;169;152;69;R102G188B226;x
19602;221;171;94;R193G200B72;x
19603;219;174;79;R67G110B6;x
19604;175;194;89;R252G107B33;x
19605;49;146;86;R114G234B35;x
19606;147;140;116;R105G131B204;x
19607;235;168;59;R206G190B91;x
19608;195;179;113;R53G29B139;x
19609;66;119;113;R151G35B232;x
19610;171;156;98;R210G58B30;x
19611;205;171;74;R7G71B161;x
19612;225;166;61;R67G189B197;x
19613;152;187;113;R187G255B234;x
19614;162;216;79;R192G252B204;x
19615;217;125;115;R59G76B90;x
19616;160;164;156;R27G146B140;x
19617;193;185;107;R115G48B184;x
19618;175;129;149;R205G107B166;x
19619;181;138;158;R9G172B26;x
19620;106;170;87;R99G110B139;x
19621;194;167;76;R185G43B219;x
19622;191;174;105;R6G247B139;x
19623;180;134;145;R40G59B64;x
19624;198;171;119;R179G249B252;x
19625;66;118;111;R87G4B90;x
19626;188;142;73;R117G199B214;x
19627;109;153;77;R98G174B103;x
19628;122;188;115;R122G233B80;x
19629;130;169;71;R222G182B239;x
19630;203;139;106;R144G148B29;x
19631;96;145;112;R27G122B92;x
19632;107;161;128;R223G37B176;x
19633;174;183;68;R59G230B71;x
19634;193;168;84;R223G81B54;x
19635;189;169;68;R141G109B198;x
19636;157;118;108;R69G79B185;x
19637;198;169;81;R140G36B204;x
19638;188;151;113;R16G14B167;x
19639;205;158;122;R12G253B168;x
19640;128;139;109;R43G233B41;x
19641;201;192;87;R175G56B226;x
19642;164;153;108;R211G137B157;x
19643;110;127;110;R95G211B11;x
19644;212;129;104;R134G110B234;x
19645;148;148;166;R30G81B74;x
19646;153;161;135;R194G143B221;x
19647;129;156;182;R101G158B23;x
19648;174;102;98;R249G120B88;x
19649;140;174;142;R30G74B161;x
19650;162;151;81;R197G0B55;x
19651;189;187;63;R156G144B150;x
19652;163;201;188;R233G66B171;x
19653;186;155;100;R100G163B131;x
19654;162;170;126;R64G163B47;x
19655;199;134;120;R224G171B190;x
19656;240;192;104;R203G2B223;x
19657;173;176;94;R87G111B19;x
19658;141;152;187;R189G195B238;x
19659;201;212;103;R126G41B25;x
19660;203;150;134;R146G193B99;x
19661;169;123;177;R107G168B80;x
19662;166;172;81;R250G5B191;x
19663;166;142;96;R147G8B146;x
19664;164;151;140;R153G61B101;x
19665;143;214;99;R197G144B115;x
19666;227;174;55;R252G196B137;x
19667;172;143;180;R146G217B31;x
19668;95;135;58;R239G61B248;x
19669;129;150;152;R163G100B174;x
19670;195;167;107;R252G231B95;x
19671;148;188;150;R33G59B66;x
19672;215;237;140;R150G139B42;x
19673;212;181;114;R17G25B74;x
19674;158;149;116;R134G3B159;x
19675;106;153;60;R47G167B55;x
19676;189;196;103;R114G197B38;x
19677;220;114;105;R15G8B118;x
19678;146;143;109;R173G53B12;x
19679;110;109;76;R146G129B245;x
19680;153;166;128;R113G184B138;x
19681;94;171;91;R12G42B174;x
19682;192;162;140;R169G135B103;x
19683;192;165;82;R162G41B9;x
19684;196;151;100;R205G217B17;x
19685;139;158;139;R234G187B183;x
19686;183;131;129;R109G114B252;x
19687;233;196;95;R113G108B66;x
19688;185;188;128;R110G174B52;x
19689;194;158;70;R186G17B173;x
19690;160;147;142;R88G39B234;x
19691;203;161;84;R110G224B216;x
19692;168;198;83;R208G37B211;x
19693;240;152;61;R32G124B121;x
19694;182;210;116;R174G255B221;x
19695;217;168;103;R221G98B32;x
19696;176;131;72;R84G147B175;x
19697;176;172;96;R200G124B12;x
19698;152;141;83;R67G175B48;x
19699;195;162;116;R228G104B135;x
19700;127;136;154;R16G160B218;x
19701;202;151;149;R186G94B200;x
19702;197;157;126;R204G125B135;x
19703;157;153;78;R192G230B176;x
19704;199;188;75;R171G47B53;x
19705;214;182;117;R188G43B180;x
19706;144;150;174;R110G253B114;x
19707;197;183;92;R231G165B252;x
19708;173;152;184;R38G217B148;x
19709;203;193;111;R119G149B169;x
19710;190;161;115;R245G117B139;x
19711;199;180;103;R239G206B38;x
19712;89;110;73;R6G203B225;x
19713;168;140;151;R212G137B21;x
19714;240;171;105;R86G245B201;x
19715;110;143;196;R228G191B4;x
19716;109;129;111;R132G153B145;x
19717;182;192;111;R0G230B245;x
19718;201;169;110;R173G175B79;x
19719;169;181;103;R235G60B39;x
19720;111;157;119;R212G241B1;x
19721;220;160;95;R74G91B25;x
19722;154;173;149;R57G186B6;x
19723;104;131;65;R137G214B175;x
19724;218;176;121;R42G230B195;x
19725;175;152;82;R195G19B127;x
19726;145;197;113;R128G217B24;x
19727;207;146;92;R114G33B82;x
19728;190;193;96;R227G224B194;x
19729;172;133;155;R138G47B149;x
19730;191;184;56;R154G25B104;x
19731;154;166;97;R19G189B141;x
19732;166;161;128;R234G159B57;x
19733;173;138;105;R122G162B205;x
19734;191;143;66;R77G197B141;x
19735;227;174;78;R246G122B161;x
19736;169;191;170;R137G239B98;x
19737;185;167;75;R153G132B81;x
19738;165;179;60;R157G160B229;x
19739;86;144;84;R253G152B210;x
19740;213;163;156;R30G221B72;x
19741;224;163;100;R73G138B23;x
19742;207;166;138;R123G245B133;x
19743;219;151;115;R109G245B63;x
19744;192;187;100;R158G113B100;x
19745;209;177;106;R75G148B120;x
19746;203;193;88;R176G112B105;x
19747;163;154;135;R49G21B195;x
19748;195;157;102;R174G206B33;x
19749;174;175;113;R150G41B187;x
19750;178;196;63;R40G241B34;x
19751;137;216;95;R159G3B47;x
19752;203;205;97;R160G197B133;x
19753;122;148;96;R203G212B224;x
19754;168;141;136;R67G96B214;x
19755;155;175;98;R33G252B147;x
19756;180;149;183;R119G186B209;x
19757;193;136;87;R17G122B96;x
19758;181;193;146;R169G121B102;x
19759;196;150;91;R52G11B229;x
19760;206;126;141;R127G226B14;x
19761;175;151;155;R223G204B3;x
19762;207;184;113;R186G253B203;x
19763;128;117;81;R173G141B238;x
19764;95;131;87;R188G36B225;x
19765;149;170;74;R45G110B73;x
19766;130;136;141;R198G191B33;x
19767;170;167;146;R180G213B168;x
19768;71;144;83;R52G11B168;x
19769;220;197;117;R197G226B239;x
19770;117;160;79;R69G128B36;x
19771;114;129;93;R206G211B92;x
19772;240;174;72;R86G240B161;x
19773;172;198;134;R220G46B148;x
19774;219;170;52;R242G154B224;x
19775;201;156;99;R114G124B105;x
19776;214;132;122;R137G243B216;x
19777;172;177;85;R147G253B22;x
19778;206;193;82;R207G15B190;x
19779;182;155;98;R2G139B231;x
19780;157;159;67;R180G241B225;x
19781;170;111;120;R165G155B62;x
19782;179;194;56;R197G75B145;x
19783;108;135;72;R92G68B45;x
19784;213;185;93;R164G22B59;x
19785;186;168;152;R107G128B126;x
19786;179;167;121;R179G199B65;x
19787;199;159;137;R135G18B5;x
19788;52;124;58;R19G11B80;x
19789;102;132;131;R215G48B68;x
19790;108;188;120;R247G35B4;x
19791;217;132;37;R21G250B200;x
19792;202;143;117;R244G254B126;x
19793;200;156;92;R120G62B172;x
19794;139;199;71;R134G6B30;x
19795;175;171;74;R172G64B200;x
19796;208;146;77;R89G30B26;x
19797;155;152;146;R76G163B34;x
19798;99;123;83;R203G147B192;x
19799;169;151;144;R118G230B76;x
19800;187;135;86;R131G219B205;x
19801;170;217;79;R216G127B74;x
19802;87;126;125;R231G65B245;x
19803;194;185;150;R200G177B217;x
19804;116;139;79;R5G83B26;x
19805;127;160;108;R222G205B193;x
19806;140;150;140;R254G25B172;x
19807;178;199;102;R245G245B143;x
19808;98;113;157;R14G1B93;x
19809;162;204;158;R8G131B68;x
19810;205;165;78;R123G32B171;x
19811;102;171;118;R150G79B58;x
19812;169;185;88;R187G6B175;x
19813;196;129;64;R106G86B235;x
19814;168;153;124;R2G135B1;x
19815;182;211;107;R22G55B175;x
19816;193;132;124;R22G43B1;x
19817;133;137;72;R125G33B51;x
19818;182;204;129;R127G66B254;x
19819;96;146;63;R113G183B158;x
19820;126;118;102;R123G26B78;x
19821;217;167;116;R16G109B48;x
19822;170;134;86;R242G85B91;x
19823;211;156;115;R192G252B36;x
19824;87;182;89;R235G76B66;x
19825;188;123;33;R63G50B165;x
19826;166;212;121;R207G0B147;x
19827;109;151;147;R254G92B119;x
19828;65;154;114;R100G224B204;x
19829;232;201;92;R88G57B203;x
19830;183;175;82;R144G249B122;x
19831;187;159;135;R152G182B153;x
19832;192;135;132;R223G224B168;x
19833;153;134;151;R245G247B85;x
19834;214;170;114;R86G133B38;x
19835;77;149;94;R3G211B108;x
19836;172;197;115;R133G230B240;x
19837;84;130;83;R144G37B210;x
19838;185;143;82;R190G252B220;x
19839;155;159;139;R34G104B88;x
19840;190;142;145;R121G100B23;x
19841;155;145;60;R220G235B72;x
19842;208;152;127;R171G45B165;x
19843;186;161;147;R41G200B227;x
19844;202;183;105;R32G190B135;x
19845;151;171;143;R96G217B187;x
19846;189;180;115;R15G225B19;x
19847;148;172;126;R87G22B162;x
19848;164;204;151;R193G26B100;x
19849;198;172;167;R211G209B238;x
19850;125;176;170;R21G82B123;x
19851;204;136;65;R0G23B41;x
19852;179;178;133;R48G68B34;x
19853;72;119;77;R64G62B100;x
19854;136;120;107;R220G150B170;x
19855;216;132;111;R197G211B73;x
19856;184;186;161;R8G10B207;x
19857;219;171;110;R72G36B4;x
19858;186;149;179;R188G22B133;x
19859;225;235;111;R241G80B116;x
19860;177;119;103;R46G92B44;x
19861;186;191;66;R251G128B114;x
19862;69;116;69;R174G167B104;x
19863;113;160;138;R147G55B81;x
19864;216;184;89;R105G17B99;x
19865;116;127;157;R124G169B50;x
19866;132;153;199;R187G202B54;x
19867;146;158;153;R18G9B53;x
19868;163;160;136;R232G62B101;x
19869;185;205;70;R73G230B200;x
19870;240;212;120;R1G29B181;x
19871;39;154;74;R174G59B92;x
19872;186;170;125;R44G45B211;x
19873;112;156;171;R224G138B230;x
19874;185;205;78;R156G23B180;x
19875;174;187;172;R134G204B132;x
19876;215;164;83;R47G111B95;x
19877;197;169;136;R207G19B22;x
19878;212;196;98;R227G241B68;x
19879;182;140;128;R211G173B107;x
19880;188;165;75;R127G171B35;x
19881;156;163;109;R233G0B159;x
19882;176;185;136;R211G168B102;x
19883;63;136;55;R20G53B235;x
19884;134;107;145;R157G147B194;x
19885;158;185;117;R82G202B125;x
19886;233;149;84;R61G11B190;x
19887;154;203;97;R216G196B130;x
19888;189;199;157;R59G193B195;x
19889;199;213;91;R107G214B223;x
19890;105;123;42;R231G50B180;x
19891;89;108;167;R199G80B50;x
19892;193;153;112;R193G200B45;x
19893;144;186;132;R113G110B147;x
19894;194;163;123;R239G183B219;x
19895;186;148;70;R123G214B219;x
19896;95;166;99;R23G18B252;x
19897;179;180;171;R174G171B26;x
19898;109;124;113;R120G190B176;x
19899;234;141;85;R167G73B76;x
19900;169;162;125;R206G120B156;x
19901;215;127;91;R5G104B141;x
19902;165;184;105;R58G46B150;x
19903;179;204;107;R42G182B47;x
19904;186;173;89;R69G124B159;x
19905;212;128;81;R110G181B238;x
19906;182;146;153;R106G236B89;x
19907;233;157;105;R174G239B147;x
19908;173;180;108;R201G46B52;x
19909;95;124;129;R9G116B193;x
19910;194;143;120;R145G119B246;x
19911;142;103;76;R199G202B148;x
19912;63;153;109;R191G33B245;x
19913;159;168;98;R167G134B63;x
19914;199;204;106;R105G177B99;x
19915;164;132;141;R141G33B50;x
19916;189;141;157;R77G34B214;x
19917;179;124;134;R168G224B1;x
19918;173;179;89;R129G177B7;x
19919;195;170;62;R216G49B50;x
19920;206;199;94;R10G240B94;x
19921;136;164;90;R153G118B160;x
19922;202;121;130;R53G78B184;x
19923;207;155;92;R33G52B242;x
19924;165;127;120;R177G148B79;x
19925;235;168;91;R151G76B176;x
19926;196;147;149;R125G138B60;x
19927;196;177;80;R144G221B181;x
19928;190;157;149;R37G230B8;x
19929;152;192;151;R78G101B245;x
19930;176;178;167;R153G232B193;x
19931;114;136;76;R219G25B94;x
19932;191;161;125;R12G47B64;x
19933;227;143;96;R113G253B66;x
19934;230;147;93;R178G179B52;x
19935;223;109;111;R123G19B247;x
19936;67;117;69;R71G9B164;x
19937;180;222;138;R190G168B19;x
19938;115;208;113;R150G255B15;x
19939;171;151;131;R254G50B156;x
19940;90;148;94;R163G222B126;x
19941;84;113;103;R131G236B183;x
19942;185;163;103;R232G237B183;x
19943;191;219;106;R59G114B229;x
19944;203;179;101;R149G104B160;x
19945;151;125;138;R152G14B85;x
19946;96;174;63;R28G109B227;x
19947;160;174;98;R133G61B1;x
19948;224;153;79;R48G72B251;x
19949;220;151;66;R43G211B133;x
19950;207;206;123;R72G150B126;x
19951;175;161;100;R37G123B119;x
19952;224;155;74;R221G3B160;x
19953;171;166;95;R115G217B108;x
19954;176;206;74;R221G111B40;x
19955;180;186;144;R187G223B70;x
19956;220;183;95;R63G4B161;x
19957;202;137;85;R100G87B244;x
19958;83;127;80;R204G191B91;x
19959;234;181;75;R51G137B252;x
19960;192;219;69;R171G147B233;x
19961;135;137;134;R227G38B93;x
19962;105;177;131;R5G190B218;x
19963;181;121;100;R234G35B173;x
19964;161;160;140;R34G84B227;x
19965;189;149;67;R142G209B43;x
19966;89;124;89;R105G124B59;x
19967;231;172;129;R41G205B0;x
19968;164;174;123;R158G143B179;x
19969;233;171;102;R134G134B201;x
19970;210;144;82;R99G131B42;x
19971;73;110;115;R9G138B61;x
19972;160;215;123;R102G117B125;x
19973;168;169;164;R15G236B140;x
19974;166;148;119;R10G5B38;x
19975;150;169;105;R185G40B193;x
19976;97;144;82;R179G230B64;x
19977;132;173;154;R1G225B242;x
19978;197;177;124;R9G250B125;x
19979;220;180;117;R174G70B145;x
19980;139;132;149;R202G195B249;x
19981;175;196;150;R110G31B132;x
19982;125;127;98;R14G221B156;x
19983;175;132;109;R100G106B136;x
19984;203;183;118;R146G36B187;x
19985;187;152;74;R228G66B37;x
19986;195;141;100;R144G57B215;x
19987;76;110;53;R61G137B231;x
19988;84;125;64;R145G231B209;x
19989;106;168;119;R73G209B175;x
19990;166;169;148;R60G214B129;x
19991;137;173;189;R194G192B132;x
19992;186;172;149;R71G37B26;x
19993;186;162;165;R252G22B15;x
19994;192;197;174;R220G208B125;x
19995;176;183;134;R220G165B231;x
19996;215;180;119;R0G87B218;x
19997;98;119;62;R25G55B199;x
19998;150;174;91;R123G173B250;x
19999;236;190;122;R95G91B191;x
20000;161;168;103;R93G4B196;x
20001;218;204;109;R132G219B149;x
20002;98;116;74;R163G137B62;x
20003;83;148;113;R231G179B56;x
20004;192;156;114;R127G233B193;x
20005;173;169;163;R103G160B88;x
20006;174;123;114;R11G244B159;x
20007;118;156;95;R219G120B86;x
20008;174;179;157;R87G206B201;x
20009;118;137;111;R115G251B157;x
20010;112;137;76;R35G228B105;x
20011;221;185;52;R30G164B102;x
20012;177;180;65;R202G45B115;x
20013;183;169;81;R175G134B217;x
20014;70;172;111;R22G97B21;x
20015;166;192;147;R173G43B131;x
20016;105;126;121;R7G15B42;x
20017;115;142;187;R88G27B70;x
20018;221;203;103;R56G222B133;x
20019;232;148;93;R36G206B188;x
20020;202;151;96;R100G21B175;x
20021;212;194;92;R135G168B227;x
20022;164;161;121;R37G205B131;x
20023;188;159;141;R52G135B206;x
20024;205;132;85;R78G51B100;x
20025;183;174;89;R172G232B229;x
20026;140;131;139;R95G83B2;x
20027;193;156;113;R133G97B139;x
20028;148;142;123;R100G181B119;x
20029;178;201;154;R160G176B173;x
20030;189;171;131;R235G114B11;x
20031;197;130;101;R245G200B60;x
20032;164;138;75;R107G6B186;x
20033;192;140;104;R28G246B124;x
20034;183;216;78;R119G251B158;x
20035;203;160;78;R89G28B120;x
20036;119;153;140;R43G194B50;x
20037;189;172;55;R72G204B90;x
20038;222;175;126;R116G11B208;x
20039;66;150;65;R145G98B130;x
20040;230;143;95;R227G91B42;x
20041;162;127;172;R233G204B86;x
20042;217;173;114;R104G41B179;x
20043;210;178;136;R132G213B90;x
20044;207;119;68;R57G107B227;x
20045;180;208;92;R76G132B79;x
20046;96;121;170;R163G198B8;x
20047;223;173;95;R194G118B187;x
20048;218;159;60;R8G60B40;x
20049;231;161;94;R52G63B48;x
20050;145;113;164;R143G118B122;x
20051;178;181;101;R219G98B60;x
20052;166;135;95;R64G215B84;x
20053;163;166;104;R149G52B207;x
20054;202;171;68;R119G252B167;x
20055;201;125;109;R127G102B169;x
20056;177;197;118;R255G134B231;x
20057;81;132;62;R214G1B93;x
20058;154;192;104;R149G51B8;x
20059;197;121;101;R204G2B22;x
20060;204;203;87;R153G217B62;x
20061;139;161;129;R73G163B4;x
20062;156;157;90;R1G249B100;x
20063;224;163;91;R192G232B103;x
20064;120;132;77;R81G43B169;x
20065;103;117;171;R48G39B209;x
20066;89;127;112;R239G48B19;x
20067;201;174;87;R151G243B18;x
20068;165;156;94;R33G57B131;x
20069;220;133;54;R150G43B2;x
20070;202;161;177;R54G33B186;x
20071;217;163;67;R171G232B121;x
20072;185;187;110;R167G21B47;x
20073;173;135;95;R135G34B52;x
20074;187;155;96;R104G204B254;x
20075;67;122;101;R239G75B84;x
20076;132;142;103;R59G232B16;x
20077;177;158;113;R109G245B150;x
20078;214;143;109;R60G113B11;x
20079;113;94;81;R69G152B200;x
20080;195;159;99;R194G205B88;x
20081;171;162;156;R66G1B206;x
20082;168;185;189;R156G11B5;x
20083;143;129;154;R109G178B197;x
20084;71;130;72;R92G15B185;x
20085;191;190;122;R120G5B85;x
20086;137;178;157;R145G52B145;x
20087;226;172;100;R135G116B195;x
20088;188;200;65;R60G51B226;x
20089;186;155;138;R76G228B164;x
20090;172;185;86;R10G126B234;x
20091;207;162;180;R187G133B121;x
20092;170;166;101;R144G137B231;x
20093;189;179;127;R243G109B64;x
20094;179;175;183;R13G91B35;x
20095;177;188;63;R242G120B170;x
20096;196;193;123;R142G208B105;x
20097;129;170;104;R55G137B190;x
20098;197;190;81;R38G187B195;x
20099;188;218;122;R203G58B216;x
20100;232;192;112;R85G213B248;x
20101;202;174;116;R121G249B127;x
20102;111;163;154;R70G120B164;x
20103;97;140;160;R33G120B104;x
20104;224;148;35;R220G154B180;x
20105;101;137;104;R106G168B66;x
20106;73;113;38;R50G167B125;x
20107;205;144;118;R32G223B78;x
20108;184;137;133;R134G230B168;x
20109;181;177;168;R48G187B24;x
20110;187;145;147;R58G38B92;x
20111;208;224;105;R156G224B152;x
20112;166;207;146;R213G73B146;x
20113;177;132;157;R136G4B43;x
20114;162;138;75;R115G17B17;x
20115;181;109;121;R83G213B63;x
20116;187;165;106;R161G61B171;x
20117;219;191;103;R120G0B230;x
20118;240;215;60;R206G150B127;x
20119;202;181;100;R104G111B37;x
20120;201;136;164;R255G213B35;x
20121;185;189;189;R87G149B184;x
20122;204;164;72;R116G181B102;x
20123;145;182;121;R57G16B63;x
20124;202;207;91;R6G239B93;x
20125;206;158;141;R255G222B142;x
20126;168;180;111;R22G164B167;x
20127;166;180;85;R17G61B126;x
20128;189;207;102;R162G224B181;x
20129;171;188;134;R109G125B138;x
20130;192;154;153;R231G168B158;x
20131;150;143;151;R249G13B0;x
20132;170;129;142;R73G127B57;x
20133;95;123;98;R82G147B254;x
20134;202;216;95;R81G88B83;x
20135;170;148;153;R67G117B132;x
20136;96;157;79;R28G146B33;x
20137;186;154;85;R213G66B147;x
20138;216;183;48;R243G235B191;x
20139;159;137;79;R34G235B134;x
20140;201;171;92;R156G121B56;x
20141;200;145;105;R148G145B115;x
20142;162;146;131;R44G240B75;x
20143;114;98;97;R5G26B15;x
20144;192;149;119;R47G25B20;x
20145;139;144;163;R14G7B150;x
20146;108;125;68;R31G12B179;x
20147;176;125;83;R116G234B175;x
20148;126;157;138;R166G71B124;x
20149;156;144;124;R191G63B89;x
20150;138;200;64;R12G148B26;x
20151;199;136;38;R25G130B7;x
20152;164;199;97;R0G16B14;x
20153;166;193;140;R84G61B241;x
20154;170;148;128;R134G102B160;x
20155;156;162;127;R153G136B221;x
20156;72;138;112;R69G46B99;x
20157;173;126;141;R2G236B73;x
20158;96;125;161;R245G191B137;x
20159;196;175;105;R154G11B252;x
20160;217;180;125;R177G46B133;x
20161;157;189;148;R165G68B67;x
20162;205;164;162;R225G104B201;x
20163;203;152;91;R218G38B15;x
20164;207;169;57;R104G160B59;x
20165;198;162;85;R91G14B35;x
20166;106;141;61;R248G211B48;x
20167;61;137;68;R15G196B72;x
20168;240;170;58;R87G199B121;x
20169;226;183;43;R172G154B98;x
20170;176;171;84;R168G200B184;x
20171;176;199;109;R81G96B37;x
20172;158;223;96;R189G240B195;x
20173;171;172;173;R228G60B73;x
20174;186;191;121;R38G199B240;x
20175;231;120;107;R3G76B84;x
20176;197;181;65;R85G2B76;x
20177;232;179;125;R222G91B8;x
20178;158;187;138;R181G98B153;x
20179;158;131;128;R242G163B180;x
20180;147;172;148;R31G135B34;x
20181;173;157;114;R165G253B236;x
20182;148;194;69;R86G75B136;x
20183;202;172;119;R35G166B91;x
20184;178;182;113;R17G113B33;x
20185;103;140;103;R60G110B98;x
20186;154;155;102;R207G13B55;x
20187;211;150;94;R226G43B157;x
20188;213;142;111;R85G137B219;x
20189;170;173;176;R32G119B98;x
20190;148;182;129;R235G252B243;x
20191;112;142;124;R139G78B64;x
20192;161;179;165;R176G224B205;x
20193;54;122;128;R81G161B213;x
20194;197;133;147;R222G141B221;x
20195;176;173;85;R81G38B253;x
20196;152;155;79;R93G90B178;x
20197;79;121;122;R240G214B242;x
20198;196;191;87;R57G40B202;x
20199;161;152;150;R112G230B183;x
20200;203;127;109;R143G15B90;x
20201;67;135;95;R35G11B201;x
20202;184;194;125;R103G16B240;x
20203;162;106;87;R149G75B214;x
20204;157;148;171;R19G228B101;x
20205;125;132;103;R172G196B14;x
20206;182;208;83;R8G57B47;x
20207;198;162;121;R156G153B97;x
20208;62;118;120;R158G22B152;x
20209;172;137;81;R86G220B161;x
20210;150;117;100;R107G179B148;x
20211;166;118;102;R16G161B52;x
20212;144;138;162;R187G79B124;x
20213;117;148;116;R195G80B10;x
20214;151;178;140;R187G80B81;x
20215;172;154;131;R142G96B142;x
20216;196;143;79;R135G242B217;x
20217;112;131;91;R252G195B92;x
20218;196;136;132;R66G219B139;x
20219;183;165;136;R49G173B49;x
20220;123;180;86;R126G215B110;x
20221;142;143;151;R169G112B197;x
20222;221;139;94;R139G87B223;x
20223;224;235;125;R254G121B209;x
20224;194;156;93;R38G253B120;x
20225;159;159;101;R154G53B68;x
20226;190;182;111;R92G199B230;x
20227;161;167;162;R42G16B69;x
20228;180;177;85;R232G177B226;x
20229;215;168;91;R32G19B18;x
20230;237;170;109;R120G167B173;x
20231;204;177;33;R42G163B238;x
20232;163;209;95;R65G23B15;x
20233;127;157;126;R153G2B176;x
20234;94;126;56;R242G83B223;x
20235;145;193;148;R182G59B128;x
20236;173;113;95;R188G157B37;x
20237;205;150;113;R53G126B145;x
20238;216;218;125;R36G211B240;x
20239;179;155;169;R33G108B217;x
20240;170;161;61;R2G206B83;x
20241;211;210;103;R218G145B217;x
20242;141;149;161;R230G164B152;x
20243;211;118;178;R180G93B8;x
20244;111;110;68;R224G145B222;x
20245;202;149;111;R45G136B105;x
20246;198;183;87;R230G134B88;x
20247;164;152;58;R7G67B244;x
20248;202;180;156;R106G210B150;x
20249;231;138;84;R79G14B158;x
20250;151;206;115;R242G123B121;x
20251;187;142;98;R64G69B186;x
20252;118;145;170;R210G215B171;x
20253;167;159;117;R61G40B247;x
20254;208;185;103;R149G46B32;x
20255;148;156;165;R200G140B18;x
20256;211;201;104;R7G123B187;x
20257;103;110;66;R79G47B206;x
20258;99;152;88;R16G67B113;x
20259;171;142;151;R115G192B4;x
20260;181;179;140;R172G167B191;x
20261;169;95;122;R203G171B77;x
20262;175;166;85;R183G24B41;x
20263;188;203;117;R16G254B29;x
20264;205;158;62;R81G198B75;x
20265;228;170;77;R104G34B94;x
20266;143;118;107;R153G182B138;x
20267;190;152;114;R247G190B26;x
20268;145;171;129;R27G111B78;x
20269;202;143;72;R183G123B85;x
20270;177;211;135;R111G207B17;x
20271;194;151;78;R64G59B60;x
20272;200;181;124;R125G201B203;x
20273;141;172;124;R123G87B90;x
20274;72;128;81;R158G217B137;x
20275;191;180;151;R163G165B143;x
20276;129;192;107;R75G33B89;x
20277;191;158;68;R228G254B108;x
20278;193;184;90;R247G30B82;x
20279;97;117;115;R172G7B74;x
20280;169;172;88;R47G32B71;x
20281;190;132;95;R22G167B173;x
20282;109;106;81;R187G103B60;x
20283;219;168;86;R191G202B49;x
20284;222;159;85;R64G17B180;x
20285;170;201;81;R2G123B69;x
20286;151;161;154;R0G37B183;x
20287;172;178;140;R145G220B34;x
20288;109;151;97;R21G213B72;x
20289;84;136;130;R72G121B17;x
20290;201;151;119;R226G169B5;x
20291;207;144;87;R88G214B173;x
20292;172;163;133;R252G248B30;x
20293;237;171;76;R133G39B210;x
20294;240;135;73;R81G134B25;x
20295;211;143;75;R227G69B2;x
20296;231;155;120;R100G41B230;x
20297;76;145;122;R4G221B99;x
20298;206;142;57;R123G254B129;x
20299;139;148;101;R102G4B72;x
20300;163;164;143;R224G149B42;x
20301;206;196;100;R110G243B252;x
20302;207;149;90;R232G171B12;x
20303;136;165;126;R90G114B0;x
20304;182;171;153;R122G38B228;x
20305;201;209;71;R48G96B102;x
20306;239;174;96;R139G174B134;x
20307;186;106;120;R250G107B130;x
20308;168;193;134;R91G230B198;x
20309;218;178;66;R95G145B144;x
20310;196;162;87;R35G250B194;x
20311;155;213;134;R97G226B192;x
20312;206;185;134;R151G200B222;x
20313;87;172;97;R211G194B110;x
20314;190;200;97;R134G220B232;x
20315;165;187;104;R24G19B132;x
20316;215;163;89;R255G247B188;x
20317;210;146;152;R98G73B40;x
20318;156;191;138;R96G110B125;x
20319;163;137;150;R145G69B98;x
20320;129;128;125;R165G229B71;x
20321;234;139;74;R202G85B143;x
20322;101;128;82;R92G236B94;x
20323;196;116;127;R174G11B203;x
20324;135;138;82;R117G6B154;x
20325;192;167;73;R110G10B31;x
20326;203;145;101;R37G48B183;x
20327;185;152;75;R168G111B12;x
20328;97;142;78;R148G85B110;x
20329;176;143;91;R74G24B249;x
20330;129;157;130;R222G56B19;x
20331;172;178;107;R188G11B214;x
20332;198;209;122;R20G114B114;x
20333;183;171;118;R0G218B120;x
20334;206;150;124;R141G51B203;x
20335;201;137;78;R11G242B129;x
20336;209;162;90;R98G59B133;x
20337;204;140;128;R129G117B169;x
20338;193;128;37;R127G230B58;x
20339;178;180;182;R56G201B15;x
20340;106;123;116;R154G45B224;x
20341;213;183;72;R239G38B104;x
20342;199;161;120;R78G86B48;x
20343;186;183;128;R221G255B166;x
20344;168;161;78;R38G248B36;x
20345;166;185;174;R11G171B139;x
20346;199;123;79;R10G152B6;x
20347;123;139;84;R117G171B184;x
20348;188;191;100;R89G236B35;x
20349;217;167;70;R202G113B16;x
20350;181;172;114;R225G188B173;x
20351;190;150;103;R49G170B53;x
20352;240;157;69;R87G58B37;x
20353;199;125;155;R3G189B153;x
20354;64;151;79;R218G127B119;x
20355;240;214;86;R238G61B63;x
20356;196;161;96;R215G194B41;x
20357;240;162;52;R109G36B175;x
20358;181;201;121;R2G0B240;x
20359;152;187;86;R9G194B46;x
20360;102;132;82;R180G224B88;x
20361;144;140;87;R98G25B67;x
20362;94;150;128;R112G13B143;x
20363;163;212;110;R229G205B133;x
20364;217;163;98;R1G7B173;x
20365;182;178;161;R198G182B5;x
20366;152;150;183;R237G4B105;x
20367;190;159;81;R227G251B22;x
20368;205;178;61;R216G196B6;x
20369;158;155;165;R179G193B170;x
20370;159;153;100;R105G230B19;x
20371;202;109;128;R248G221B43;x
20372;66;137;104;R242G22B140;x
20373;86;114;55;R40G228B50;x
20374;191;155;139;R33G102B168;x
20375;195;172;162;R112G42B219;x
20376;220;128;128;R148G63B73;x
20377;181;132;117;R107G182B93;x
20378;228;149;122;R236G58B54;x
20379;178;187;69;R90G211B194;x
20380;187;184;99;R22G216B145;x
20381;77;147;68;R35G144B247;x
20382;201;196;111;R225G128B102;x
20383;193;169;69;R222G139B139;x
20384;154;119;60;R83G169B92;x
20385;201;198;122;R88G216B67;x
20386;81;127;136;R205G116B239;x
20387;172;103;109;R101G239B45;x
20388;216;188;112;R176G156B126;x
20389;204;179;131;R135G215B121;x
20390;171;120;175;R248G190B169;x
20391;177;149;55;R48G73B249;x
20392;172;206;101;R122G58B98;x
20393;177;154;131;R0G247B68;x
20394;202;211;157;R156G47B77;x
20395;122;137;94;R214G221B184;x
20396;152;170;107;R153G154B116;x
20397;123;191;135;R72G46B39;x
20398;199;147;85;R180G82B240;x
20399;114;169;128;R66G149B50;x
20400;195;153;115;R33G31B181;x
20401;190;198;100;R115G27B154;x
20402;164;131;164;R218G156B2;x
20403;193;144;82;R179G43B217;x
20404;90;137;112;R81G219B1;x
20405;205;139;80;R86G227B174;x
20406;208;214;90;R2G188B124;x
20407;95;166;171;R217G128B152;x
20408;203;203;91;R110G123B88;x
20409;195;105;134;R11G61B144;x
20410;175;166;125;R53G124B33;x
20411;200;150;119;R224G21B110;x
20412;199;169;95;R255G112B164;x
20413;137;164;84;R95G195B78;x
20414;115;119;63;R197G85B118;x
20415;176;157;153;R57G150B105;x
20416;171;131;90;R123G249B4;x
20417;177;174;175;R150G116B140;x
20418;206;161;91;R235G1B62;x
20419;161;176;145;R74G201B41;x
20420;66;162;70;R181G145B250;x
20421;109;154;75;R255G30B167;x
20422;196;107;143;R195G215B222;x
20423;210;191;133;R136G198B93;x
20424;173;180;50;R98G180B169;x
20425;221;166;82;R135G217B122;x
20426;181;201;67;R157G103B208;x
20427;181;222;91;R13G70B112;x
20428;203;122;126;R158G141B75;x
20429;156;179;86;R68G166B37;x
20430;98;141;88;R176G119B245;x
20431;186;148;97;R93G220B69;x
20432;175;174;71;R173G109B37;x
20433;172;148;112;R92G15B193;x
20434;186;187;83;R232G5B219;x
20435;214;151;75;R48G84B62;x
20436;188;143;78;R80G173B177;x
20437;161;205;95;R186G197B214;x
20438;141;151;160;R67G152B231;x
20439;89;138;99;R47G105B251;x
20440;208;171;104;R118G131B151;x
20441;159;141;106;R229G132B225;x
20442;207;175;128;R223G120B0;x
20443;201;152;144;R198G86B130;x
20444;189;158;179;R37G239B199;x
20445;107;169;163;R96G28B219;x
20446;197;160;148;R112G244B242;x
20447;195;168;105;R247G66B185;x
20448;75;114;83;R79G39B173;x
20449;234;184;145;R92G210B146;x
20450;222;142;123;R193G178B182;x
20451;205;138;115;R170G135B112;x
20452;163;195;74;R163G135B167;x
20453;150;159;139;R209G53B243;x
20454;194;147;134;R26G121B242;x
20455;150;189;156;R35G53B225;x
20456;187;165;122;R114G149B76;x
20457;198;173;150;R244G127B122;x
20458;135;168;143;R85G73B106;x
20459;181;197;159;R141G4B231;x
20460;128;147;156;R185G187B188;x
20461;188;179;141;R176G136B87;x
20462;213;109;91;R25G128B162;x
20463;165;168;120;R171G251B5;x
20464;98;114;112;R39G180B130;x
20465;163;126;127;R154G227B123;x
20466;99;127;88;R180G68B172;x
20467;105;94;157;R120G6B164;x
20468;188;126;129;R148G36B60;x
20469;145;171;77;R156G126B195;x
20470;80;128;123;R96G33B243;x
20471;99;152;60;R194G124B158;x
20472;86;129;107;R235G83B22;x
20473;196;172;176;R174G153B153;x
20474;187;165;169;R106G98B70;x
20475;70;102;128;R142G117B3;x
20476;104;162;146;R100G156B144;x
20477;201;133;116;R168G63B178;x
20478;92;128;198;R23G222B172;x
20479;220;152;114;R125G52B85;x
20480;200;139;148;R58G236B129;x
20481;217;156;66;R137G79B229;x
20482;221;191;45;R88G124B95;x
20483;103;156;125;R192G207B106;x
20484;138;127;69;R113G221B14;x
20485;220;147;74;R186G56B245;x
20486;216;168;112;R14G147B120;x
20487;160;181;60;R129G96B87;x
20488;201;136;75;R42G208B151;x
20489;109;135;90;R2G193B155;x
20490;210;128;135;R181G200B36;x
20491;193;135;126;R146G134B65;x
20492;100;162;100;R106G27B248;x
20493;177;160;159;R127G106B133;x
20494;162;170;91;R162G166B96;x
20495;134;154;170;R23G147B158;x
20496;221;182;57;R2G78B38;x
20497;163;179;98;R129G158B222;x
20498;127;188;150;R10G112B78;x
20499;177;159;131;R160G185B71;x
20500;193;185;120;R198G230B192;x
20501;233;195;82;R97G59B65;x
20502;194;139;156;R57G11B174;x
20503;87;142;115;R159G12B178;x
20504;198;151;137;R235G234B239;x
20505;195;167;79;R182G17B106;x
20506;227;194;93;R55G79B64;x
20507;100;108;90;R186G152B2;x
20508;99;97;98;R17G75B155;x
20509;198;146;112;R224G44B11;x
20510;193;167;125;R188G3B137;x
20511;165;175;94;R87G235B246;x
20512;203;182;105;R122G163B235;x
20513;112;134;77;R241G119B10;x
20514;49;122;80;R112G10B82;x
20515;185;164;85;R8G180B239;x
20516;150;179;112;R80G149B205;x
20517;190;171;72;R255G19B30;x
20518;178;174;106;R244G17B128;x
20519;179;163;108;R204G179B214;x
20520;192;121;93;R150G135B170;x
20521;113;185;145;R167G15B221;x
20522;53;139;68;R204G219B40;x
20523;185;159;130;R54G89B40;x
20524;157;156;133;R179G130B97;x
20525;190;161;140;R229G172B96;x
20526;105;174;154;R136G182B115;x
20527;196;154;98;R54G0B247;x
20528;89;123;113;R210G218B170;x
20529;195;161;109;R118G191B11;x
20530;203;121;96;R202G245B203;x
20531;119;151;149;R66G215B166;x
20532;141;169;125;R196G72B51;x
20533;56;146;109;R18G219B44;x
20534;116;161;129;R168G205B140;x
20535;186;164;30;R81G109B1;x
20536;206;156;53;R175G39B174;x
20537;184;136;149;R124G146B179;x
20538;192;159;91;R143G2B74;x
20539;142;144;132;R76G103B68;x
20540;205;139;102;R20G232B116;x
20541;182;216;117;R54G131B53;x
20542;142;115;147;R96G4B20;x
20543;79;151;37;R106G97B126;x
20544;98;162;168;R194G131B250;x
20545;227;151;75;R162G236B202;x
20546;85;119;96;R69G127B212;x
20547;170;161;184;R216G27B1;x
20548;220;128;92;R131G222B22;x
20549;141;165;131;R241G172B189;x
20550;222;144;87;R187G158B253;x
20551;224;174;131;R27G12B109;x
20552;237;139;89;R112G98B221;x
20553;175;154;113;R13G25B3;x
20554;184;115;41;R129G75B200;x
20555;165;176;134;R161G140B91;x
20556;224;163;71;R155G201B11;x
20557;203;189;111;R104G211B242;x
20558;181;158;164;R110G228B21;x
20559;193;179;58;R33G26B40;x
20560;204;173;103;R141G145B72;x
20561;93;167;101;R57G110B135;x
20562;161;159;128;R83G167B211;x
20563;151;188;127;R205G205B56;x
20564;144;140;129;R52G151B97;x
20565;197;189;114;R135G143B66;x
20566;138;107;131;R124G40B49;x
20567;202;148;106;R9G96B32;x
20568;158;165;62;R7G224B51;x
20569;80;113;60;R148G71B47;x
20570;178;162;124;R124G99B198;x
20571;68;154;113;R34G99B89;x
20572;158;181;82;R168G151B71;x
20573;142;143;90;R223G119B179;x
20574;208;137;98;R127G70B166;x
20575;178;147;103;R55G113B6;x
20576;220;140;107;R147G162B186;x
20577;145;194;161;R26G215B144;x
20578;179;94;119;R131G56B241;x
20579;110;157;81;R158G225B217;x
20580;142;167;147;R200G168B106;x
20581;163;162;127;R180G171B83;x
20582;85;150;177;R161G138B221;x
20583;207;209;89;R58G133B254;x
20584;225;137;74;R9G187B144;x
20585;195;148;96;R122G104B1;x
20586;91;116;52;R200G116B228;x
20587;203;166;121;R57G133B91;x
20588;180;143;123;R119G197B223;x
20589;196;155;131;R246G254B8;x
20590;122;151;147;R226G250B214;x
20591;188;136;121;R205G84B108;x
20592;208;174;139;R108G135B160;x
20593;119;174;76;R19G35B43;x
20594;141;177;157;R116G50B73;x
20595;96;107;118;R31G138B40;x
20596;193;158;118;R86G97B67;x
20597;186;180;135;R197G171B227;x
20598;183;143;147;R169G76B77;x
20599;217;149;164;R211G38B42;x
20600;73;121;79;R193G30B96;x
20601;167;151;148;R235G115B165;x
20602;171;140;98;R176G158B33;x
20603;209;199;93;R138G206B70;x
20604;144;183;103;R152G161B51;x
20605;205;174;151;R41G223B176;x
20606;199;122;113;R149G72B238;x
20607;203;156;124;R228G137B206;x
20608;196;175;126;R224G21B90;x
20609;206;206;68;R167G112B4;x
20610;120;135;129;R112G19B190;x
20611;214;138;106;R68G71B247;x
20612;167;171;96;R87G131B203;x
20613;199;167;118;R36G194B27;x
20614;193;123;110;R49G118B12;x
20615;123;148;101;R223G30B133;x
20616;82;146;59;R133G151B62;x
20617;116;127;116;R24G61B33;x
20618;183;202;82;R158G238B122;x
20619;196;137;148;R174G78B158;x
20620;191;158;87;R105G166B205;x
20621;189;162;93;R122G205B152;x
20622;172;173;85;R179G209B80;x
20623;175;169;101;R154G18B161;x
20624;153;134;131;R39G145B100;x
20625;210;197;114;R198G234B143;x
20626;230;178;100;R234G219B101;x
20627;97;99;96;R39G253B193;x
20628;177;137;102;R132G135B234;x
20629;97;152;84;R202G147B180;x
20630;182;164;123;R211G168B47;x
20631;174;204;181;R38G53B107;x
20632;147;176;171;R64G15B192;x
20633;179;131;129;R182G205B124;x
20634;87;159;109;R163G105B17;x
20635;160;199;164;R22G27B197;x
20636;216;225;90;R92G98B232;x
20637;93;128;75;R84G113B40;x
20638;98;134;57;R44G104B74;x
20639;209;195;103;R245G16B96;x
20640;185;226;155;R232G103B28;x
20641;219;156;101;R226G208B148;x
20642;227;183;107;R108G177B182;x
20643;204;192;97;R57G27B190;x
20644;166;180;107;R192G64B78;x
20645;204;204;80;R231G246B31;x
20646;122;115;133;R64G229B191;x
20647;169;188;138;R39G31B130;x
20648;156;145;167;R143G79B123;x
20649;218;184;140;R182G72B242;x
20650;172;155;85;R174G7B33;x
20651;187;147;134;R87G76B187;x
20652;193;150;87;R26G10B86;x
20653;177;176;80;R33G216B115;x
20654;159;194;86;R99G226B200;x
20655;184;158;105;R130G68B65;x
20656;171;184;132;R68G138B103;x
20657;161;148;125;R198G95B233;x
20658;206;185;126;R181G29B206;x
20659;203;173;91;R224G35B91;x
20660;184;140;84;R179G248B78;x
20661;172;150;109;R49G177B129;x
20662;103;130;47;R136G145B51;x
20663;171;156;112;R37G216B248;x
20664;227;150;56;R138G218B78;x
20665;150;150;174;R57G143B96;x
20666;185;171;96;R14G172B65;x
20667;180;167;178;R60G4B21;x
20668;221;171;93;R80G105B199;x
20669;208;167;73;R93G245B92;x
20670;164;157;142;R112G81B35;x
20671;82;111;74;R117G171B165;x
20672;185;170;107;R75G236B51;x
20673;217;138;108;R133G253B203;x
20674;240;146;98;R235G11B120;x
20675;158;171;99;R177G128B10;x
20676;240;133;106;R33G43B20;x
20677;174;181;131;R155G199B59;x
20678;176;187;58;R125G226B216;x
20679;83;155;74;R3G144B194;x
20680;203;145;64;R121G64B37;x
20681;189;206;131;R36G152B47;x
20682;194;151;169;R162G31B117;x
20683;198;175;65;R195G197B30;x
20684;189;149;136;R210G102B113;x
20685;197;179;101;R19G32B239;x
20686;97;145;111;R213G31B254;x
20687;197;149;123;R16G3B160;x
20688;195;195;61;R94G147B207;x
20689;184;179;102;R251G0B67;x
20690;185;169;156;R77G100B138;x
20691;112;109;113;R125G147B231;x
20692;96;121;173;R90G10B19;x
20693;202;150;96;R215G88B106;x
20694;193;154;64;R6G129B89;x
20695;159;175;111;R93G80B244;x
20696;77;141;65;R31G4B119;x
20697;90;132;76;R143G23B95;x
20698;203;187;93;R180G158B136;x
20699;156;172;134;R49G246B113;x
20700;167;141;148;R68G17B109;x
20701;158;153;148;R178G19B167;x
20702;205;133;94;R100G203B35;x
20703;182;133;133;R59G165B54;x
20704;121;163;107;R156G49B78;x
20705;150;175;116;R155G72B249;x
20706;118;161;156;R152G189B228;x
20707;131;142;144;R200G225B225;x
20708;160;147;149;R187G60B12;x
20709;192;172;82;R75G81B44;x
20710;171;185;103;R25G117B168;x
20711;141;136;63;R118G22B214;x
20712;137;146;161;R200G44B222;x
20713;146;148;128;R72G211B166;x
20714;208;191;87;R189G36B204;x
20715;176;182;98;R134G160B126;x
20716;169;191;118;R77G114B170;x
20717;173;171;78;R15G44B138;x
20718;167;197;92;R128G149B252;x
20719;70;125;105;R28G179B165;x
20720;112;135;81;R140G231B135;x
20721;186;139;154;R247G91B101;x
20722;84;150;62;R99G212B206;x
20723;204;203;125;R12G48B175;x
20724;200;193;111;R80G13B88;x
20725;179;148;158;R17G141B3;x
20726;182;142;97;R97G28B125;x
20727;192;86;65;R29G50B70;x
20728;173;173;120;R127G124B167;x
20729;163;195;90;R51G185B37;x
20730;182;122;136;R174G244B252;x
20731;170;126;54;R205G158B9;x
20732;219;178;87;R215G8B217;x
20733;159;177;143;R78G37B20;x
20734;126;107;55;R69G120B187;x
20735;198;155;102;R186G226B44;x
20736;143;159;127;R137G34B13;x
20737;174;172;146;R110G232B52;x
20738;186;164;141;R138G15B173;x
20739;155;184;96;R45G33B196;x
20740;94;122;134;R91G98B111;x
20741;138;123;147;R107G215B245;x
20742;214;212;92;R153G118B205;x
20743;121;132;105;R239G78B199;x
20744;217;169;118;R133G152B59;x
20745;208;170;92;R165G77B230;x
20746;188;127;158;R194G4B41;x
20747;172;121;177;R111G93B150;x
20748;99;155;137;R204G79B14;x
20749;211;196;139;R193G130B95;x
20750;149;171;123;R63G192B92;x
20751;176;203;63;R76G63B31;x
20752;80;170;113;R159G70B96;x
20753;206;168;159;R168G49B122;x
20754;199;193;122;R173G80B80;x
20755;79;137;104;R19G164B203;x
20756;146;214;91;R207G183B188;x
20757;186;158;117;R98G150B37;x
20758;198;186;170;R172G7B92;x
20759;161;158;127;R19G32B34;x
20760;112;137;102;R7G31B64;x
20761;182;154;116;R228G15B124;x
20762;202;201;114;R123G21B129;x
20763;178;189;65;R53G122B72;x
20764;169;162;157;R126G113B161;x
20765;215;202;57;R86G84B174;x
20766;233;161;72;R105G57B124;x
20767;201;176;93;R223G251B2;x
20768;156;202;160;R139G140B156;x
20769;96;157;63;R27G117B243;x
20770;200;240;114;R162G194B221;x
20771;112;155;147;R211G250B181;x
20772;205;166;68;R28G66B204;x
20773;173;181;170;R215G73B111;x
20774;60;146;114;R65G216B225;x
20775;188;133;149;R124G34B193;x
20776;210;183;80;R235G142B170;x
20777;232;171;68;R173G48B6;x
20778;181;181;161;R143G31B20;x
20779;185;201;110;R39G191B8;x
20780;177;148;78;R252G167B123;x
20781;102;155;163;R151G75B216;x
20782;195;173;66;R225G56B226;x
20783;190;170;139;R3G77B201;x
20784;97;134;64;R20G192B149;x
20785;108;140;125;R113G225B143;x
20786;194;164;131;R230G26B121;x
20787;219;148;109;R216G87B14;x
20788;196;188;60;R244G167B45;x
20789;74;164;60;R118G27B149;x
20790;156;147;130;R10G162B183;x
20791;203;160;95;R156G165B140;x
20792;143;196;177;R178G215B20;x
20793;133;172;135;R72G104B1;x
20794;127;154;119;R80G168B126;x
20795;169;159;133;R125G59B90;x
20796;178;105;75;R195G67B159;x
20797;179;162;101;R207G218B186;x
20798;186;143;110;R208G165B194;x
20799;227;191;107;R219G111B249;x
20800;157;149;151;R165G251B49;x
20801;173;171;74;R13G192B169;x
20802;197;173;60;R82G243B178;x
20803;89;148;96;R183G67B170;x
20804;180;136;109;R146G114B116;x
20805;174;148;112;R215G150B90;x
20806;112;146;117;R237G93B189;x
20807;162;205;92;R44G163B205;x
20808;175;184;71;R30G211B82;x
20809;240;154;83;R14G144B83;x
20810;214;167;79;R65G182B60;x
20811;142;167;159;R132G14B32;x
20812;210;180;127;R96G197B180;x
20813;163;153;105;R192G84B135;x
20814;196;198;92;R249G77B92;x
20815;198;122;146;R182G252B7;x
20816;74;115;163;R193G248B125;x
20817;121;136;85;R201G157B88;x
20818;207;215;118;R207G120B252;x
20819;112;171;131;R43G118B118;x
20820;176;186;147;R0G42B242;x
20821;192;173;89;R112G31B65;x
20822;193;149;98;R67G185B145;x
20823;106;109;118;R144G84B161;x
20824;190;128;127;R244G237B235;x
20825;120;130;104;R42G10B35;x
20826;145;170;75;R94G248B181;x
20827;178;161;85;R91G123B193;x
20828;184;177;104;R12G87B23;x
20829;132;209;131;R74G207B172;x
20830;181;184;114;R112G145B33;x
20831;165;159;125;R54G168B136;x
20832;98;124;100;R240G111B43;x
20833;232;198;124;R51G165B191;x
20834;169;155;88;R3G65B72;x
20835;73;136;78;R14G137B37;x
20836;202;176;98;R252G233B123;x
20837;229;171;58;R18G90B216;x
20838;203;117;110;R103G76B171;x
20839;204;165;172;R18G234B254;x
20840;210;165;81;R245G67B2;x
20841;151;174;137;R141G118B140;x
20842;147;169;156;R228G102B68;x
20843;194;188;113;R186G68B125;x
20844;146;176;76;R120G250B66;x
20845;176;175;149;R84G88B139;x
20846;118;138;173;R173G239B206;x
20847;181;188;59;R231G76B24;x
20848;214;165;90;R145G234B55;x
20849;162;106;67;R250G237B132;x
20850;163;187;97;R166G214B55;x
20851;93;135;200;R197G188B61;x
20852;175;151;146;R104G178B78;x
20853;192;183;98;R193G229B185;x
20854;111;164;145;R250G29B253;x
20855;178;114;92;R146G85B23;x
20856;180;198;106;R134G188B17;x
20857;196;141;95;R108G136B156;x
20858;197;166;113;R34G72B223;x
20859;128;125;147;R167G95B223;x
20860;105;141;146;R38G95B69;x
20861;190;169;83;R187G93B49;x
20862;176;185;74;R138G167B235;x
20863;152;139;159;R69G47B49;x
20864;183;167;107;R140G159B220;x
20865;188;171;61;R218G126B128;x
20866;204;178;108;R180G37B48;x
20867;133;178;167;R124G196B9;x
20868;190;108;118;R215G217B203;x
20869;193;173;162;R145G71B140;x
20870;229;191;143;R252G105B97;x
20871;232;211;105;R31G157B15;x
20872;80;139;118;R31G12B91;x
20873;195;143;107;R196G234B23;x
20874;205;193;104;R154G167B149;x
20875;179;173;130;R3G15B30;x
20876;207;212;90;R55G115B51;x
20877;218;163;79;R84G54B85;x
20878;202;80;84;R251G219B206;x
20879;193;160;74;R37G207B228;x
20880;216;118;129;R24G167B174;x
20881;197;183;97;R110G227B165;x
20882;104;136;114;R195G236B182;x
20883;229;145;112;R43G109B205;x
20884;226;134;107;R131G139B159;x
20885;208;137;75;R77G147B91;x
20886;201;130;97;R83G106B3;x
20887;139;157;175;R69G78B48;x
20888;191;206;97;R91G148B172;x
20889;158;126;124;R32G144B148;x
20890;81;163;119;R107G122B211;x
20891;169;149;129;R75G5B113;x
20892;239;163;111;R206G230B137;x
20893;190;196;83;R66G203B181;x
20894;184;134;159;R114G1B251;x
20895;139;186;145;R47G107B41;x
20896;194;179;86;R191G112B105;x
20897;168;107;96;R60G67B105;x
20898;179;150;110;R53G104B40;x
20899;122;121;99;R230G206B196;x
20900;169;166;159;R237G25B84;x
20901;177;136;159;R236G11B233;x
20902;201;195;119;R155G210B82;x
20903;203;166;102;R156G160B232;x
20904;132;143;136;R18G246B45;x
20905;152;181;150;R207G15B252;x
20906;144;167;175;R110G139B118;x
20907;195;198;102;R79G201B184;x
20908;84;114;53;R66G251B75;x
20909;212;148;124;R97G178B157;x
20910;220;130;92;R211G199B124;x
20911;132;191;116;R134G82B29;x
20912;166;178;81;R28G121B9;x
20913;162;142;156;R83G145B172;x
20914;212;158;85;R242G226B222;x
20915;108;143;117;R156G146B63;x
20916;165;195;108;R180G66B4;x
20917;111;153;90;R149G25B12;x
20918;167;148;118;R115G187B50;x
20919;184;141;103;R219G84B48;x
20920;193;122;155;R42G195B106;x
20921;105;166;102;R190G95B104;x
20922;138;99;149;R28G109B25;x
20923;171;129;135;R113G61B177;x
20924;162;177;119;R67G160B67;x
20925;133;164;127;R205G140B119;x
20926;159;161;123;R47G209B140;x
20927;161;132;120;R99G74B95;x
20928;203;147;111;R56G150B4;x
20929;171;163;131;R243G155B143;x
20930;142;138;85;R108G207B68;x
20931;187;139;116;R62G53B130;x
20932;145;194;157;R146G127B219;x
20933;198;160;164;R22G173B64;x
20934;186;163;125;R126G17B111;x
20935;168;177;131;R156G223B233;x
20936;202;129;88;R198G174B202;x
20937;173;156;116;R49G97B174;x
20938;173;194;77;R193G221B125;x
20939;201;204;108;R24G152B88;x
20940;190;208;122;R157G135B112;x
20941;126;181;123;R221G65B82;x
20942;76;138;111;R67G253B171;x
20943;147;142;174;R209G111B224;x
20944;169;112;175;R68G247B172;x
20945;177;151;95;R87G7B75;x
20946;240;147;118;R62G138B136;x
20947;183;123;88;R115G19B72;x
20948;240;160;43;R212G121B45;x
20949;222;151;46;R94G193B37;x
20950;74;142;70;R187G48B18;x
20951;218;185;62;R192G91B119;x
20952;193;148;155;R160G62B248;x
20953;206;153;112;R194G86B102;x
20954;179;171;134;R218G55B75;x
20955;171;157;123;R66G163B243;x
20956;185;157;91;R13G231B250;x
20957;137;148;111;R15G105B193;x
20958;109;167;152;R168G195B32;x
20959;178;118;119;R130G115B142;x
20960;161;198;138;R97G160B60;x
20961;193;154;90;R201G0B197;x
20962;117;134;133;R192G104B175;x
20963;209;135;135;R232G56B194;x
20964;205;160;128;R175G95B176;x
20965;205;207;126;R19G111B255;x
20966;137;147;144;R132G139B66;x
20967;167;185;75;R228G117B55;x
20968;212;198;55;R3G32B21;x
20969;178;140;130;R57G255B208;x
20970;208;140;108;R127G112B115;x
20971;186;132;111;R12G195B100;x
20972;206;162;177;R241G187B87;x
20973;220;148;103;R154G56B127;x
20974;143;183;171;R177G211B139;x
20975;201;155;147;R210G178B59;x
20976;195;172;63;R207G41B51;x
20977;178;171;156;R6G83B129;x
20978;210;161;71;R64G99B159;x
20979;212;138;87;R238G155B79;x
20980;175;129;138;R127G165B120;x
20981;185;179;113;R69G169B41;x
20982;208;160;78;R20G220B234;x
20983;203;148;80;R38G207B153;x
20984;195;157;100;R235G169B234;x
20985;197;135;138;R174G168B242;x
20986;60;153;41;R129G31B22;x
20987;83;117;40;R239G219B167;x
20988;196;153;81;R219G167B93;x
20989;129;125;175;R160G93B238;x
20990;124;181;80;R16G137B37;x
20991;187;177;125;R250G109B72;x
20992;226;129;51;R135G89B50;x
20993;150;142;122;R76G36B111;x
20994;190;143;136;R18G142B17;x
20995;202;138;97;R58G78B55;x
20996;168;141;107;R87G14B245;x
20997;175;176;71;R109G139B145;x
20998;190;173;111;R240G231B210;x
20999;48;166;67;R194G163B59;x
21000;198;184;64;R72G231B187;x
21001;200;137;163;R179G83B80;x
21002;138;164;98;R38G137B161;x
21003;164;174;122;R130G25B220;x
21004;177;212;117;R236G77B181;x
21005;168;194;110;R202G98B188;x
21006;163;202;106;R13G53B206;x
21007;156;177;103;R76G65B205;x
21008;117;200;112;R160G79B226;x
21009;186;127;142;R203G90B247;x
21010;178;145;153;R131G218B44;x
21011;211;171;123;R188G141B75;x
21012;127;185;157;R161G114B224;x
21013;162;184;135;R18G52B210;x
21014;161;190;111;R132G246B78;x
21015;127;151;140;R32G203B54;x
21016;71;180;67;R98G125B63;x
21017;154;138;60;R122G250B123;x
21018;91;86;194;R253G132B57;x
21019;208;176;72;R1G168B171;x
21020;180;155;192;R50G217B159;x
21021;209;111;106;R48G253B233;x
21022;167;141;80;R183G33B103;x
21023;188;177;118;R51G86B64;x
21024;147;176;131;R212G213B225;x
21025;200;147;80;R1G203B96;x
21026;107;99;177;R173G127B112;x
21027;223;145;96;R114G139B154;x
21028;204;166;56;R11G209B169;x
21029;195;173;100;R62G2B149;x
21030;195;184;117;R98G213B65;x
21031;129;123;88;R186G79B30;x
21032;227;170;78;R173G126B142;x
21033;220;176;77;R218G195B132;x
21034;195;181;130;R6G191B167;x
21035;203;156;104;R92G85B253;x
21036;151;127;162;R169G40B67;x
21037;213;144;56;R50G6B130;x
21038;131;122;115;R50G232B252;x
21039;154;142;168;R26G135B81;x
21040;173;197;102;R65G103B173;x
21041;228;175;98;R51G126B151;x
21042;171;117;86;R167G247B184;x
21043;86;130;115;R229G249B39;x
21044;206;139;171;R143G96B43;x
21045;71;134;76;R182G20B141;x
21046;129;160;120;R183G9B208;x
21047;157;158;159;R142G136B133;x
21048;104;118;76;R244G100B121;x
21049;84;115;105;R150G1B103;x
21050;240;164;78;R229G179B89;x
21051;188;182;113;R45G213B97;x
21052;190;187;143;R60G73B29;x
21053;60;133;82;R123G162B213;x
21054;199;138;146;R146G167B4;x
21055;187;195;126;R45G31B112;x
21056;213;195;116;R206G83B41;x
21057;110;114;42;R5G115B127;x
21058;156;212;110;R196G82B162;x
21059;183;134;144;R187G117B239;x
21060;78;104;57;R220G130B68;x
21061;107;132;169;R1G118B27;x
21062;118;160;132;R184G126B110;x
21063;99;144;117;R121G185B173;x
21064;131;202;114;R68G232B97;x
21065;202;148;88;R74G99B170;x
21066;187;159;106;R228G231B247;x
21067;190;154;189;R159G11B169;x
21068;221;139;102;R177G152B119;x
21069;186;141;101;R247G37B219;x
21070;186;159;76;R114G182B152;x
21071;173;207;50;R132G172B163;x
21072;175;185;167;R44G152B233;x
21073;106;126;153;R221G47B3;x
21074;96;159;90;R227G207B151;x
21075;185;169;152;R232G163B37;x
21076;191;158;110;R35G91B52;x
21077;145;145;105;R164G76B224;x
21078;119;138;161;R92G144B86;x
21079;190;152;135;R248G194B62;x
21080;91;132;79;R13G30B0;x
21081;142;178;88;R61G187B85;x
21082;199;183;75;R240G128B195;x
21083;182;162;127;R165G169B40;x
21084;161;122;146;R236G28B107;x
21085;233;130;97;R220G92B19;x
21086;191;169;133;R56G204B118;x
21087;170;200;87;R166G171B8;x
21088;171;162;101;R177G78B151;x
21089;168;199;105;R214G60B190;x
21090;153;186;106;R23G27B255;x
21091;108;167;105;R211G36B99;x
21092;154;208;69;R167G180B237;x
21093;179;130;139;R89G227B229;x
21094;156;150;146;R153G38B229;x
21095;142;193;136;R0G170B48;x
21096;164;128;133;R101G236B52;x
21097;181;203;93;R50G137B251;x
21098;169;169;162;R71G177B187;x
21099;212;218;148;R123G165B96;x
21100;139;163;136;R241G177B225;x
21101;240;189;94;R153G17B172;x
21102;185;136;158;R57G201B97;x
21103;87;145;159;R108G207B113;x
21104;194;179;120;R156G53B32;x
21105;199;197;110;R2G163B199;x
21106;169;201;118;R1G103B24;x
21107;194;164;107;R37G254B125;x
21108;184;137;155;R0G112B43;x
21109;210;196;76;R87G181B160;x
21110;107;127;96;R50G42B106;x
21111;204;147;97;R169G147B67;x
21112;198;184;100;R201G178B130;x
21113;206;159;128;R241G151B205;x
21114;216;163;92;R136G149B76;x
21115;119;117;139;R16G163B10;x
21116;96;125;105;R131G75B150;x
21117;189;171;135;R0G192B42;x
21118;152;185;144;R226G185B140;x
21119;66;153;101;R133G34B124;x
21120;206;146;133;R153G16B60;x
21121;192;170;90;R106G47B50;x
21122;221;151;163;R87G217B35;x
21123;190;175;162;R156G71B179;x
21124;119;129;89;R112G211B26;x
21125;158;133;164;R203G52B147;x
21126;177;167;142;R76G104B230;x
21127;185;138;178;R6G208B125;x
21128;193;161;94;R126G121B235;x
21129;199;139;99;R183G253B221;x
21130;152;146;165;R231G39B240;x
21131;192;154;155;R50G2B189;x
21132;203;165;90;R19G13B77;x
21133;175;191;90;R3G179B165;x
21134;129;136;104;R185G209B14;x
21135;124;141;92;R61G54B107;x
21136;211;168;61;R41G57B162;x
21137;193;143;145;R143G123B15;x
21138;110;174;105;R204G31B35;x
21139;184;121;129;R148G49B67;x
21140;148;178;128;R221G120B105;x
21141;78;96;79;R229G18B197;x
21142;185;166;76;R37G135B46;x
21143;176;186;118;R201G49B62;x
21144;190;173;102;R20G110B42;x
21145;160;175;160;R244G253B66;x
21146;137;174;121;R177G25B159;x
21147;171;109;118;R74G195B75;x
21148;207;151;61;R95G31B90;x
21149;205;146;64;R250G95B163;x
21150;200;172;78;R234G229B171;x
21151;146;144;125;R208G227B105;x
21152;207;160;134;R219G136B243;x
21153;190;158;77;R74G42B31;x
21154;177;143;84;R75G35B49;x
21155;121;165;103;R176G34B178;x
21156;195;191;106;R104G166B55;x
21157;191;185;70;R196G239B49;x
21158;220;192;62;R75G218B145;x
21159;111;140;57;R51G29B16;x
21160;182;127;82;R86G167B137;x
21161;113;143;182;R255G231B43;x
21162;224;135;89;R141G53B197;x
21163;164;131;73;R63G65B41;x
21164;172;149;130;R218G1B1;x
21165;196;184;123;R80G155B67;x
21166;68;140;97;R151G225B185;x
21167;118;147;167;R242G38B31;x
21168;114;123;144;R246G112B175;x
21169;209;116;112;R78G97B49;x
21170;223;192;60;R141G59B54;x
21171;124;160;170;R211G99B138;x
21172;132;140;184;R160G181B214;x
21173;160;188;82;R132G232B142;x
21174;184;192;120;R93G227B101;x
21175;153;168;94;R250G238B64;x
21176;225;138;92;R81G198B47;x
21177;97;134;185;R80G34B115;x
21178;134;151;59;R52G230B123;x
21179;82;103;116;R143G103B161;x
21180;194;160;123;R134G226B234;x
21181;111;128;191;R59G106B74;x
21182;101;121;104;R209G126B209;x
21183;206;198;127;R58G75B237;x
21184;130;153;171;R155G94B2;x
21185;172;139;78;R25G47B131;x
21186;142;137;128;R9G215B7;x
21187;179;165;62;R133G162B141;x
21188;195;107;89;R162G83B125;x
21189;201;119;101;R44G91B127;x
21190;189;149;101;R31G22B53;x
21191;227;167;61;R15G234B178;x
21192;211;196;106;R67G73B39;x
21193;100;162;94;R44G96B103;x
21194;173;150;94;R181G38B158;x
21195;226;157;92;R53G226B99;x
21196;230;195;145;R106G32B147;x
21197;137;173;82;R122G125B126;x
21198;221;169;46;R135G202B17;x
21199;216;172;87;R49G161B96;x
21200;204;181;105;R99G205B246;x
21201;190;135;71;R237G195B132;x
21202;100;110;67;R5G201B65;x
21203;120;139;198;R246G231B195;x
21204;164;133;128;R154G151B254;x
21205;212;145;52;R189G27B7;x
21206;63;120;61;R104G72B35;x
21207;90;118;51;R95G99B41;x
21208;193;146;138;R42G157B49;x
21209;205;152;158;R76G130B92;x
21210;69;124;71;R41G86B129;x
21211;138;143;127;R64G169B64;x
21212;194;184;64;R41G82B191;x
21213;179;145;96;R58G159B226;x
21214;98;134;73;R118G2B197;x
21215;178;118;96;R150G69B95;x
21216;162;106;163;R126G67B55;x
21217;135;182;138;R62G132B52;x
21218;158;215;95;R141G114B39;x
21219;211;176;110;R196G172B208;x
21220;213;133;93;R214G24B235;x
21221;171;160;167;R144G0B92;x
21222;202;189;81;R4G102B192;x
21223;209;181;89;R25G132B25;x
21224;163;136;99;R88G160B141;x
21225;77;168;114;R228G238B123;x
21226;84;154;87;R134G26B235;x
21227;142;131;137;R50G151B113;x
21228;240;192;149;R176G235B56;x
21229;218;141;93;R137G5B173;x
21230;189;181;88;R32G114B170;x
21231;218;189;97;R111G114B22;x
21232;194;184;86;R246G112B161;x
21233;161;169;186;R98G97B98;x
21234;150;169;159;R142G147B125;x
21235;138;154;154;R30G96B198;x
21236;194;184;112;R239G210B233;x
21237;173;148;112;R68G248B0;x
21238;171;162;123;R112G23B4;x
21239;119;133;97;R116G164B25;x
21240;123;110;176;R237G113B182;x
21241;169;160;124;R108G22B166;x
21242;182;161;117;R27G176B227;x
21243;197;135;157;R237G40B182;x
21244;190;192;90;R237G78B166;x
21245;166;114;173;R236G68B203;x
21246;193;208;112;R55G118B73;x
21247;101;144;137;R183G18B236;x
21248;126;202;103;R128G107B10;x
21249;131;113;107;R3G50B254;x
21250;112;117;147;R183G136B210;x
21251;116;121;165;R134G242B31;x
21252;192;206;152;R201G177B164;x
21253;224;162;136;R121G97B85;x
21254;179;173;125;R230G109B222;x
21255;107;128;151;R183G1B147;x
21256;138;178;150;R205G225B100;x
21257;173;141;120;R187G146B173;x
21258;211;208;91;R215G112B210;x
21259;198;137;77;R13G179B173;x
21260;94;117;93;R219G229B150;x
21261;202;199;122;R165G129B181;x
21262;114;160;197;R147G250B29;x
21263;206;127;89;R18G110B99;x
21264;205;166;121;R160G57B151;x
21265;211;171;95;R63G105B49;x
21266;148;168;116;R127G163B163;x
21267;95;171;138;R122G77B92;x
21268;187;161;161;R74G222B214;x
21269;182;117;118;R177G26B232;x
21270;146;176;115;R126G241B24;x
21271;188;113;68;R93G151B144;x
21272;185;155;125;R203G237B246;x
21273;110;141;129;R182G24B80;x
21274;202;173;68;R29G64B29;x
21275;226;187;154;R161G208B189;x
21276;97;146;110;R247G175B7;x
21277;121;143;101;R20G80B164;x
21278;72;133;63;R34G162B141;x
21279;173;128;159;R206G117B9;x
21280;221;187;112;R148G28B114;x
21281;125;179;133;R76G172B95;x
21282;172;174;106;R46G104B76;x
21283;240;177;56;R215G92B147;x
21284;172;133;38;R32G46B146;x
21285;104;126;106;R60G162B26;x
21286;158;146;145;R133G65B22;x
21287;178;125;115;R233G173B177;x
21288;226;148;88;R170G103B247;x
21289;65;150;32;R133G140B130;x
21290;182;139;76;R69G129B126;x
21291;172;171;139;R63G58B155;x
21292;169;115;168;R48G77B134;x
21293;202;156;104;R105G26B60;x
21294;73;141;104;R50G1B217;x
21295;214;140;83;R239G235B170;x
21296;188;155;141;R73G115B69;x
21297;163;159;125;R84G250B251;x
21298;224;186;98;R220G80B144;x
21299;148;190;114;R167G178B87;x
21300;70;124;115;R25G19B95;x
21301;219;175;117;R239G133B246;x
21302;207;184;91;R211G49B191;x
21303;62;144;112;R40G154B255;x
21304;113;133;104;R19G112B217;x
21305;96;139;93;R15G155B228;x
21306;172;103;132;R144G215B190;x
21307;152;207;86;R37G212B103;x
21308;118;173;100;R141G84B81;x
21309;212;167;52;R26G7B57;x
21310;169;112;128;R216G36B71;x
21311;151;161;141;R127G54B26;x
21312;166;140;138;R151G165B153;x
21313;128;189;118;R240G57B230;x
21314;75;141;115;R57G201B219;x
21315;236;210;142;R224G207B156;x
21316;149;140;167;R26G29B164;x
21317;160;142;157;R42G149B183;x
21318;97;126;167;R45G79B106;x
21319;166;171;114;R77G180B129;x
21320;189;152;142;R226G127B228;x
21321;96;142;175;R172G13B20;x
21322;74;129;88;R99G133B43;x
21323;134;165;175;R221G153B81;x
21324;195;176;82;R31G248B193;x
21325;192;147;120;R132G89B207;x
21326;170;204;98;R162G214B245;x
21327;143;179;86;R50G244B177;x
21328;138;138;146;R246G70B36;x
21329;93;138;159;R25G115B177;x
21330;185;153;119;R93G154B104;x
21331;156;177;81;R146G230B161;x
21332;107;165;163;R187G35B110;x
21333;149;132;161;R177G130B251;x
21334;143;132;102;R186G160B121;x
21335;194;197;108;R69G90B255;x
21336;227;178;91;R116G166B119;x
21337;184;139;71;R173G215B94;x
21338;69;152;92;R196G26B124;x
21339;214;156;142;R29G107B100;x
21340;197;138;150;R86G140B94;x
21341;146;195;109;R92G159B77;x
21342;174;111;74;R177G30B93;x
21343;164;163;90;R124G83B9;x
21344;186;183;92;R133G79B203;x
21345;215;165;92;R49G164B120;x
21346;202;193;71;R205G139B141;x
21347;104;141;136;R183G39B178;x
21348;66;169;112;R153G162B82;x
21349;204;175;149;R169G251B79;x
21350;201;181;131;R21G184B67;x
21351;231;153;118;R125G242B66;x
21352;95;160;159;R223G191B155;x
21353;197;154;100;R146G23B61;x
21354;149;197;92;R30G184B60;x
21355;164;162;158;R231G88B150;x
21356;210;160;99;R54G97B9;x
21357;97;101;97;R218G107B200;x
21358;159;174;128;R108G166B69;x
21359;73;130;164;R4G231B245;x
21360;189;150;138;R0G75B15;x
21361;81;178;80;R83G58B58;x
21362;137;140;156;R144G37B130;x
21363;201;154;121;R30G252B119;x
21364;153;148;187;R58G40B42;x
21365;225;158;100;R196G4B156;x
21366;86;108;138;R18G89B1;x
21367;93;162;70;R15G186B176;x
21368;185;175;107;R72G170B205;x
21369;165;176;111;R111G92B123;x
21370;145;184;100;R3G94B194;x
21371;161;154;160;R213G223B37;x
21372;203;143;78;R121G80B167;x
21373;186;166;69;R176G12B79;x
21374;130;143;191;R99G184B171;x
21375;151;168;95;R200G46B190;x
21376;111;140;126;R171G82B28;x
21377;151;163;117;R143G195B128;x
21378;177;116;72;R8G181B88;x
21379;151;181;119;R187G184B56;x
21380;158;144;175;R215G126B120;x
21381;184;145;110;R74G63B46;x
21382;155;129;172;R44G138B80;x
21383;216;177;102;R224G47B244;x
21384;187;155;82;R123G213B12;x
21385;204;158;107;R152G237B154;x
21386;240;163;64;R43G146B209;x
21387;183;153;127;R247G144B122;x
21388;93;154;91;R150G248B24;x
21389;194;161;97;R36G11B83;x
21390;202;175;67;R245G66B46;x
21391;98;118;125;R178G43B24;x
21392;206;141;171;R89G233B181;x
21393;166;154;130;R87G20B221;x
21394;208;126;49;R146G139B149;x
21395;184;128;99;R254G145B84;x
21396;82;120;75;R190G172B92;x
21397;171;178;93;R29G228B235;x
21398;62;140;50;R216G112B85;x
21399;183;206;115;R230G197B50;x
21400;230;189;73;R235G32B244;x
21401;204;132;104;R117G47B153;x
21402;149;119;87;R231G191B114;x
21403;166;132;135;R132G39B164;x
21404;220;149;82;R96G8B144;x
21405;193;168;75;R178G99B114;x
21406;216;196;125;R97G247B114;x
21407;189;141;117;R159G173B9;x
21408;191;142;125;R254G19B237;x
21409;221;145;106;R16G131B208;x
21410;191;182;89;R247G80B209;x
21411;213;155;107;R118G104B71;x
21412;187;159;85;R120G140B16;x
21413;173;165;127;R77G27B25;x
21414;183;172;118;R4G104B35;x
21415;198;169;113;R139G96B237;x
21416;89;130;82;R223G140B241;x
21417;173;160;98;R16G237B24;x
21418;173;125;86;R67G34B154;x
21419;184;204;101;R239G244B155;x
21420;79;129;109;R69G64B71;x
21421;145;182;69;R95G128B86;x
21422;146;163;131;R189G111B68;x
21423;183;171;136;R44G31B51;x
21424;184;149;90;R114G113B112;x
21425;142;155;139;R24G44B169;x
21426;201;161;78;R242G115B123;x
21427;97;132;131;R62G192B45;x
21428;182;148;135;R44G29B170;x
21429;188;179;127;R2G145B194;x
21430;187;194;155;R158G180B22;x
21431;117;174;178;R224G129B31;x
21432;156;146;164;R24G132B217;x
21433;219;153;105;R190G254B131;x
21434;206;185;71;R192G106B27;x
21435;214;136;61;R201G220B60;x
21436;172;105;142;R172G197B12;x
21437;110;124;131;R96G188B93;x
21438;181;156;168;R149G252B111;x
21439;140;183;115;R163G34B221;x
21440;210;144;84;R23G52B47;x
21441;188;163;114;R100G128B91;x
21442;202;210;120;R47G241B117;x
21443;189;195;104;R25G197B211;x
21444;150;120;135;R95G226B204;x
21445;127;121;104;R153G12B123;x
21446;207;134;119;R99G246B115;x
21447;173;178;114;R202G189B55;x
21448;202;181;93;R22G61B70;x
21449;107;126;139;R19G210B11;x
21450;182;132;58;R154G176B208;x
21451;128;148;157;R60G166B57;x
21452;184;155;106;R29G135B162;x
21453;227;155;85;R204G65B99;x
21454;171;166;75;R57G79B47;x
21455;132;163;137;R14G156B54;x
21456;57;139;84;R11G147B82;x
21457;96;148;95;R195G102B231;x
21458;93;139;111;R16G14B108;x
21459;207;133;141;R2G253B249;x
21460;228;164;130;R128G189B78;x
21461;84;156;65;R61G241B246;x
21462;233;127;59;R79G185B156;x
21463;155;201;73;R3G60B59;x
21464;186;165;172;R42G193B161;x
21465;178;171;147;R211G24B139;x
21466;160;118;154;R214G6B66;x
21467;101;144;91;R192G160B224;x
21468;91;111;82;R26G190B141;x
21469;228;191;117;R137G181B144;x
21470;183;178;90;R165G198B18;x
21471;208;187;112;R201G122B53;x
21472;156;140;146;R123G9B241;x
21473;143;146;150;R204G64B197;x
21474;170;192;144;R104G94B211;x
21475;175;157;77;R16G97B119;x
21476;202;158;60;R179G95B101;x
21477;148;150;174;R77G119B215;x
21478;199;152;90;R193G162B234;x
21479;179;180;159;R219G75B246;x
21480;201;147;92;R152G48B127;x
21481;78;110;98;R173G85B117;x
21482;147;145;134;R240G6B38;x
21483;220;178;111;R192G20B180;x
21484;70;165;87;R225G93B254;x
21485;216;168;64;R53G11B76;x
21486;171;105;118;R7G20B125;x
21487;188;158;167;R44G171B39;x
21488;210;178;57;R153G154B157;x
21489;176;174;162;R58G46B207;x
21490;147;157;149;R16G182B94;x
21491;172;130;57;R61G112B229;x
21492;123;143;115;R20G47B241;x
21493;209;151;104;R231G109B142;x
21494;105;156;112;R150G19B148;x
21495;184;186;59;R41G83B36;x
21496;191;184;104;R133G181B49;x
21497;193;187;116;R66G158B57;x
21498;69;124;78;R196G26B204;x
21499;174;205;150;R125G107B169;x
21500;203;151;171;R123G76B250;x
21501;208;148;183;R18G18B191;x
21502;195;185;72;R154G33B85;x
21503;234;171;73;R210G48B29;x
21504;222;153;95;R82G153B96;x
21505;142;128;97;R146G170B95;x
21506;190;135;128;R13G16B100;x
21507;177;164;133;R110G151B168;x
21508;145;183;78;R2G195B43;x
21509;100;158;134;R62G15B233;x
21510;200;142;159;R53G137B186;x
21511;143;143;138;R144G55B44;x
21512;189;120;106;R151G95B158;x
21513;198;197;135;R33G63B109;x
21514;125;186;120;R213G48B91;x
21515;133;129;193;R162G207B94;x
21516;195;122;102;R171G225B116;x
21517;198;167;138;R162G78B24;x
21518;141;156;108;R227G222B255;x
21519;174;138;144;R5G108B201;x
21520;167;187;82;R126G6B137;x
21521;199;142;80;R108G240B61;x
21522;203;145;59;R45G154B162;x
21523;120;124;125;R215G134B27;x
21524;228;168;95;R104G17B199;x
21525;126;131;86;R30G203B165;x
21526;206;153;116;R109G153B0;x
21527;189;143;59;R32G216B158;x
21528;61;154;50;R189G228B67;x
21529;206;125;116;R134G48B6;x
21530;202;122;75;R244G177B95;x
21531;90;121;101;R107G43B6;x
21532;151;183;84;R238G11B32;x
21533;178;126;83;R135G134B118;x
21534;127;133;127;R228G113B7;x
21535;200;176;114;R55G72B109;x
21536;239;199;109;R146G117B105;x
21537;116;141;138;R45G196B8;x
21538;199;172;117;R107G11B234;x
21539;214;184;66;R136G128B225;x
21540;188;177;95;R91G57B122;x
21541;139;163;119;R78G199B12;x
21542;214;160;63;R41G252B77;x
21543;190;160;67;R72G10B25;x
21544;205;196;103;R144G164B210;x
21545;106;147;123;R44G9B220;x
21546;101;83;83;R18G178B30;x
21547;80;123;79;R57G169B99;x
21548;197;161;159;R142G228B12;x
21549;162;164;161;R137G90B200;x
21550;230;159;69;R166G254B71;x
21551;147;170;116;R128G154B150;x
21552;193;178;106;R147G32B216;x
21553;166;169;143;R174G31B67;x
21554;194;169;146;R113G93B207;x
21555;203;148;105;R169G43B34;x
21556;171;160;111;R225G215B91;x
21557;185;97;64;R240G178B10;x
21558;178;196;130;R241G149B198;x
21559;218;153;84;R108G129B10;x
21560;194;161;160;R46G108B58;x
21561;182;190;113;R127G52B1;x
21562;156;172;100;R82G176B68;x
21563;197;191;155;R228G22B74;x
21564;144;178;158;R56G0B73;x
21565;221;141;78;R153G22B90;x
21566;73;116;63;R46G246B156;x
21567;161;171;132;R123G71B88;x
21568;193;116;151;R157G213B195;x
21569;206;172;175;R232G105B25;x
21570;217;157;72;R219G197B241;x
21571;186;153;77;R253G246B14;x
21572;238;177;132;R124G201B205;x
21573;193;138;133;R83G85B187;x
21574;103;157;130;R240G186B207;x
21575;220;146;126;R112G88B61;x
21576;180;98;81;R6G199B165;x
21577;65;104;131;R51G140B138;x
21578;167;189;131;R193G197B77;x
21579;99;115;164;R212G146B181;x
21580;215;183;131;R16G18B127;x
21581;156;168;142;R1G29B211;x
21582;166;128;57;R178G59B143;x
21583;201;189;117;R54G213B41;x
21584;178;179;95;R208G119B209;x
21585;240;182;119;R222G156B180;x
21586;207;201;78;R6G51B98;x
21587;202;139;124;R160G120B188;x
21588;143;154;124;R109G172B239;x
21589;165;150;143;R254G38B159;x
21590;175;195;96;R122G232B220;x
21591;170;182;176;R163G247B25;x
21592;208;155;103;R69G129B18;x
21593;227;128;61;R23G58B80;x
21594;111;134;66;R53G61B97;x
21595;200;194;79;R91G40B218;x
21596;63;146;116;R52G178B22;x
21597;165;194;84;R60G77B194;x
21598;184;139;137;R224G2B46;x
21599;76;123;147;R103G49B184;x
21600;240;189;81;R150G114B21;x
21601;67;144;95;R228G158B148;x
21602;203;184;101;R190G150B66;x
21603;173;175;110;R152G207B163;x
21604;167;157;173;R75G237B55;x
21605;72;133;88;R105G24B167;x
21606;149;144;180;R202G194B160;x
21607;203;189;127;R3G170B223;x
21608;91;135;95;R159G94B224;x
21609;83;109;91;R53G167B13;x
21610;200;197;132;R253G169B33;x
21611;203;211;110;R84G108B108;x
21612;203;166;128;R151G232B154;x
21613;233;146;77;R235G61B147;x
21614;217;144;86;R41G188B118;x
21615;156;149;107;R88G26B3;x
21616;216;154;78;R109G19B64;x
21617;125;141;194;R238G173B10;x
21618;230;124;100;R156G1B172;x
21619;196;198;84;R0G191B221;x
21620;191;211;93;R114G33B75;x
21621;225;147;77;R225G224B119;x
21622;131;104;133;R125G83B66;x
21623;161;197;195;R111G93B155;x
21624;197;167;97;R150G79B96;x
21625;218;190;114;R47G6B74;x
21626;109;174;153;R92G110B178;x
21627;219;159;133;R108G205B108;x
21628;104;211;148;R108G149B173;x
21629;190;159;144;R148G139B94;x
21630;199;210;87;R54G85B167;x
21631;171;120;149;R213G244B32;x
21632;84;95;177;R54G12B67;x
21633;183;138;113;R156G172B83;x
21634;111;129;98;R10G200B164;x
21635;216;171;90;R134G92B173;x
21636;195;204;97;R99G208B4;x
21637;240;150;119;R252G83B16;x
21638;179;171;118;R178G79B33;x
21639;95;152;192;R46G142B228;x
21640;190;143;98;R238G22B84;x
21641;184;186;151;R244G60B51;x
21642;156;180;109;R49G231B82;x
21643;217;240;84;R57G145B161;x
21644;188;197;74;R32G198B202;x
21645;223;180;71;R111G132B79;x
21646;162;180;78;R224G116B60;x
21647;152;161;122;R199G85B26;x
21648;216;138;76;R224G82B200;x
21649;227;176;115;R210G109B0;x
21650;69;134;89;R221G169B238;x
21651;169;149;94;R17G172B91;x
21652;158;180;163;R101G94B228;x
21653;220;162;88;R200G219B192;x
21654;213;199;81;R166G129B70;x
21655;174;218;168;R220G16B18;x
21656;159;159;66;R244G181B10;x
21657;170;208;117;R12G16B214;x
21658;185;193;117;R13G85B188;x
21659;190;110;128;R8G70B58;x
21660;225;134;99;R40G55B91;x
21661;176;174;125;R147G239B132;x
21662;239;131;106;R86G88B12;x
21663;171;166;78;R228G83B132;x
21664;147;181;122;R76G31B254;x
21665;218;135;88;R147G49B41;x
21666;194;161;87;R240G26B56;x
21667;163;142;165;R208G67B168;x
21668;160;198;105;R72G64B175;x
21669;201;189;35;R41G134B96;x
21670;199;189;106;R235G149B41;x
21671;120;138;191;R1G221B51;x
21672;148;127;146;R85G24B5;x
21673;83;152;88;R185G106B98;x
21674;195;163;87;R34G90B204;x
21675;221;160;102;R87G44B69;x
21676;167;135;158;R134G5B224;x
21677;159;150;120;R175G240B94;x
21678;128;131;98;R22G224B238;x
21679;125;150;130;R119G21B254;x
21680;240;144;132;R202G130B90;x
21681;171;148;84;R121G58B75;x
21682;180;152;166;R155G217B202;x
21683;190;133;183;R219G191B181;x
21684;85;119;100;R179G63B86;x
21685;190;173;82;R11G252B15;x
21686;185;146;70;R161G14B234;x
21687;213;140;52;R69G31B102;x
21688;89;119;74;R93G35B159;x
21689;206;146;140;R192G94B1;x
21690;184;184;129;R35G17B244;x
21691;138;190;153;R29G53B15;x
21692;140;195;132;R244G97B39;x
21693;191;171;75;R148G87B251;x
21694;231;140;58;R155G95B197;x
21695;84;150;131;R235G71B14;x
21696;109;130;88;R172G181B228;x
21697;176;194;97;R177G128B50;x
21698;177;201;109;R209G43B191;x
21699;75;134;92;R249G39B112;x
21700;162;161;102;R14G254B103;x
21701;140;167;132;R179G202B135;x
21702;188;161;140;R253G121B110;x
21703;207;169;90;R82G179B152;x
21704;198;152;161;R53G83B209;x
21705;86;157;100;R246G45B92;x
21706;140;150;110;R236G94B13;x
21707;134;108;73;R13G185B111;x
21708;216;144;150;R23G192B187;x
21709;130;168;165;R105G143B24;x
21710;132;126;116;R247G76B178;x
21711;180;199;104;R94G74B20;x
21712;215;151;88;R62G128B20;x
21713;213;176;67;R8G141B113;x
21714;155;165;109;R146G186B205;x
21715;181;183;107;R193G68B122;x
21716;199;233;127;R55G224B104;x
21717;171;176;142;R43G167B146;x
21718;151;134;88;R140G189B11;x
21719;58;138;80;R110G217B190;x
21720;140;101;186;R218G133B81;x
21721;121;118;46;R85G123B168;x
21722;222;177;155;R220G99B142;x
21723;197;156;97;R237G35B228;x
21724;210;148;78;R19G62B203;x
21725;189;142;63;R231G196B188;x
21726;196;176;104;R50G23B59;x
21727;135;147;130;R189G248B20;x
21728;119;173;118;R185G5B139;x
21729;178;183;81;R83G146B240;x
21730;203;160;64;R6G160B160;x
21731;203;154;89;R20G114B246;x
21732;211;188;56;R8G218B255;x
21733;153;145;92;R55G35B9;x
21734;188;148;123;R62G122B67;x
21735;177;142;154;R36G255B32;x
21736;237;172;112;R55G38B209;x
21737;179;164;136;R200G230B206;x
21738;227;197;78;R214G191B45;x
21739;197;115;134;R105G181B214;x
21740;240;160;82;R250G6B183;x
21741;181;214;103;R188G248B99;x
21742;210;181;112;R70G167B119;x
21743;162;114;161;R174G7B181;x
21744;207;168;137;R159G76B203;x
21745;78;137;169;R7G250B87;x
21746;193;187;82;R238G138B38;x
21747;86;154;55;R59G179B110;x
21748;71;126;100;R69G65B108;x
21749;168;181;87;R188G45B106;x
21750;226;185;124;R34G106B194;x
21751;197;186;137;R228G224B70;x
21752;101;109;80;R193G57B234;x
21753;171;201;134;R242G235B246;x
21754;201;126;135;R231G89B67;x
21755;139;125;195;R160G228B174;x
21756;166;168;71;R185G86B185;x
21757;97;108;74;R248G137B122;x
21758;101;132;125;R146G61B189;x
21759;169;160;110;R73G138B127;x
21760;203;191;93;R11G245B41;x
21761;169;205;110;R82G213B82;x
21762;114;122;73;R89G47B52;x
21763;196;194;112;R75G87B26;x
21764;191;115;65;R173G249B89;x
21765;174;163;83;R127G16B152;x
21766;218;137;109;R211G123B112;x
21767;168;152;97;R7G231B244;x
21768;178;164;179;R230G37B150;x
21769;92;134;89;R18G168B37;x
21770;172;169;104;R68G55B113;x
21771;203;234;127;R155G247B217;x
21772;194;117;99;R214G145B238;x
21773;160;128;143;R109G92B87;x
21774;104;111;59;R248G10B8;x
21775;179;160;122;R44G68B243;x
21776;143;159;120;R134G246B220;x
21777;173;149;155;R153G247B2;x
21778;77;128;117;R218G61B180;x
21779;198;169;93;R19G154B229;x
21780;192;147;144;R212G186B161;x
21781;112;148;133;R51G192B76;x
21782;172;134;186;R165G39B36;x
21783;224;178;83;R158G70B41;x
21784;187;161;145;R212G35B5;x
21785;152;136;131;R248G64B122;x
21786;180;121;93;R237G38B189;x
21787;162;204;88;R63G210B205;x
21788;168;183;95;R24G88B232;x
21789;194;169;104;R235G119B119;x
21790;137;166;167;R49G62B159;x
21791;208;170;44;R83G200B92;x
21792;201;174;98;R83G170B67;x
21793;195;144;131;R163G190B95;x
21794;185;143;87;R177G231B81;x
21795;147;164;112;R146G145B156;x
21796;218;215;143;R4G148B133;x
21797;240;159;95;R217G146B254;x
21798;173;122;135;R236G188B214;x
21799;234;172;66;R207G148B76;x
21800;202;141;96;R221G72B231;x
21801;140;181;75;R65G89B180;x
21802;90;154;165;R123G112B154;x
21803;206;181;67;R26G107B245;x
21804;89;119;81;R175G38B47;x
21805;199;188;104;R76G214B143;x
21806;164;169;95;R72G96B244;x
21807;186;154;170;R152G62B136;x
21808;204;179;128;R209G70B213;x
21809;87;167;84;R72G85B246;x
21810;68;112;112;R74G48B145;x
21811;175;176;119;R132G73B246;x
21812;67;149;84;R9G18B206;x
21813;213;124;111;R44G79B122;x
21814;77;106;110;R167G194B8;x
21815;199;174;160;R118G132B236;x
21816;145;150;130;R73G130B151;x
21817;212;170;70;R25G112B66;x
21818;209;215;117;R130G55B143;x
21819;200;167;123;R25G83B3;x
21820;188;195;142;R73G21B116;x
21821;120;102;163;R142G254B102;x
21822;192;211;74;R236G202B28;x
21823;91;161;135;R71G191B139;x
21824;116;149;124;R153G231B106;x
21825;81;147;91;R35G1B184;x
21826;238;156;63;R42G57B103;x
21827;160;196;86;R106G69B163;x
21828;182;139;108;R146G235B163;x
21829;183;149;85;R115G153B127;x
21830;240;223;83;R196G12B206;x
21831;171;189;110;R69G192B139;x
21832;176;147;139;R14G195B158;x
21833;181;120;150;R10G39B86;x
21834;152;152;117;R163G60B105;x
21835;136;142;113;R65G1B173;x
21836;86;125;79;R147G245B151;x
21837;176;146;145;R199G37B45;x
21838;168;173;133;R71G22B105;x
21839;166;196;92;R253G58B29;x
21840;80;132;98;R88G145B200;x
21841;167;143;93;R218G120B251;x
21842;152;120;69;R202G0B173;x
21843;197;162;148;R39G50B2;x
21844;129;133;195;R71G208B232;x
21845;207;196;123;R65G251B237;x
21846;169;126;150;R68G136B152;x
21847;232;170;108;R198G120B0;x
21848;192;148;162;R244G120B154;x
21849;202;109;108;R9G52B135;x
21850;172;168;87;R170G4B250;x
21851;159;189;113;R15G141B221;x
21852;185;153;133;R147G184B241;x
21853;218;180;88;R47G206B2;x
21854;196;147;122;R95G75B195;x
21855;213;160;86;R106G8B112;x
21856;108;94;172;R183G95B149;x
21857;121;134;96;R236G255B106;x
21858;205;161;66;R89G246B60;x
21859;214;211;100;R117G1B227;x
21860;170;135;123;R167G221B5;x
21861;145;146;100;R65G140B78;x
21862;172;160;157;R95G137B99;x
21863;171;161;126;R183G107B82;x
21864;236;150;56;R113G96B220;x
21865;155;116;139;R204G176B191;x
21866;113;116;108;R109G74B189;x
21867;155;179;181;R118G170B134;x
21868;203;153;83;R245G24B67;x
21869;165;164;141;R179G170B180;x
21870;165;176;118;R115G126B204;x
21871;211;167;138;R16G119B94;x
21872;200;157;113;R137G28B229;x
21873;167;162;97;R192G34B95;x
21874;133;147;150;R52G6B135;x
21875;216;200;78;R39G108B228;x
21876;210;142;75;R138G2B76;x
21877;132;156;100;R64G61B126;x
21878;123;161;73;R160G62B146;x
21879;221;151;78;R206G86B169;x
21880;226;208;114;R90G255B60;x
21881;154;197;121;R140G186B188;x
21882;187;160;122;R129G80B162;x
21883;220;126;95;R39G124B209;x
21884;191;173;104;R216G9B86;x
21885;104;133;94;R40G250B207;x
21886;96;132;98;R98G248B52;x
21887;78;168;56;R204G243B104;x
21888;179;185;110;R116G119B20;x
21889;222;154;116;R39G36B205;x
21890;226;178;122;R138G172B251;x
21891;163;186;130;R198G204B165;x
21892;213;161;97;R84G239B156;x
21893;198;129;111;R46G122B28;x
21894;138;168;114;R191G31B235;x
21895;181;205;96;R174G31B252;x
21896;192;168;181;R111G93B9;x
21897;138;162;199;R178G79B30;x
21898;205;152;99;R200G142B17;x
21899;200;162;141;R212G138B190;x
21900;78;108;169;R179G127B112;x
21901;183;159;80;R240G127B196;x
21902;188;131;143;R157G113B81;x
21903;159;197;117;R110G182B131;x
21904;100;151;192;R30G180B178;x
21905;79;146;65;R93G129B137;x
21906;139;171;143;R103G106B135;x
21907;149;148;125;R120G214B111;x
21908;154;198;122;R131G56B19;x
21909;215;167;103;R58G225B221;x
21910;103;129;72;R194G96B91;x
21911;215;184;112;R247G58B74;x
21912;115;116;90;R59G253B16;x
21913;117;106;85;R44G95B150;x
21914;124;193;128;R14G1B114;x
21915;193;151;116;R30G131B250;x
21916;107;150;122;R232G52B162;x
21917;147;161;130;R65G34B105;x
21918;156;137;164;R1G24B71;x
21919;203;122;129;R114G146B122;x
21920;92;105;102;R143G238B240;x
21921;222;171;109;R164G16B114;x
21922;205;181;90;R153G165B119;x
21923;198;111;170;R66G221B78;x
21924;208;153;139;R66G194B194;x
21925;189;150;37;R71G58B88;x
21926;181;161;88;R107G93B230;x
21927;144;154;113;R144G71B2;x
21928;187;141;89;R211G107B228;x
21929;214;189;84;R183G184B68;x
21930;209;172;82;R139G182B242;x
21931;196;182;80;R168G250B34;x
21932;180;194;156;R117G248B232;x
21933;180;158;116;R86G53B234;x
21934;72;141;109;R148G175B36;x
21935;146;157;182;R49G234B137;x
21936;135;127;159;R24G45B214;x
21937;166;151;108;R112G162B250;x
21938;216;153;131;R213G169B134;x
21939;105;128;90;R119G252B193;x
21940;159;189;109;R155G102B244;x
21941;146;189;122;R78G30B163;x
21942;194;138;166;R23G197B160;x
21943;180;179;149;R183G190B252;x
21944;199;129;82;R219G239B57;x
21945;173;187;99;R4G200B157;x
21946;155;173;109;R214G104B119;x
21947;54;163;35;R151G76B134;x
21948;165;110;118;R105G138B214;x
21949;152;187;105;R246G181B183;x
21950;131;201;58;R8G124B19;x
21951;153;135;156;R28G47B38;x
21952;211;168;108;R189G221B216;x
21953;171;162;153;R96G128B147;x
21954;158;158;176;R104G137B104;x
21955;150;130;167;R139G29B218;x
21956;158;144;124;R4G247B144;x
21957;191;192;108;R211G135B17;x
21958;96;146;79;R35G21B141;x
21959;229;149;60;R92G10B131;x
21960;171;148;127;R249G92B121;x
21961;204;155;99;R32G114B135;x
21962;143;196;131;R125G114B187;x
21963;106;163;131;R196G204B31;x
21964;167;166;154;R8G147B204;x
21965;203;140;140;R19G148B182;x
21966;213;148;89;R100G128B96;x
21967;162;190;71;R89G241B171;x
21968;57;133;36;R161G241B74;x
21969;162;208;93;R67G129B240;x
21970;211;164;90;R120G54B8;x
21971;191;173;47;R3G35B100;x
21972;140;197;76;R250G18B253;x
21973;216;158;106;R0G81B23;x
21974;183;195;105;R35G139B0;x
21975;184;179;129;R148G83B53;x
21976;89;158;109;R58G127B42;x
21977;234;201;116;R182G253B156;x
21978;173;132;108;R10G85B244;x
21979;210;163;57;R187G108B18;x
21980;213;162;112;R49G218B119;x
21981;185;182;127;R147G129B76;x
21982;210;202;141;R84G150B193;x
21983;174;166;115;R18G99B190;x
21984;64;92;134;R118G183B217;x
21985;189;127;56;R189G248B191;x
21986;115;119;145;R47G5B237;x
21987;172;175;153;R93G126B121;x
21988;167;152;126;R160G99B163;x
21989;141;134;144;R232G219B220;x
21990;211;188;63;R229G193B168;x
21991;168;133;90;R179G106B150;x
21992;137;146;134;R105G142B35;x
21993;103;128;50;R108G188B198;x
21994;140;121;147;R122G148B130;x
21995;209;163;72;R160G126B13;x
21996;101;124;72;R79G233B129;x
21997;193;150;88;R96G0B70;x
21998;104;139;129;R27G70B25;x
21999;214;148;91;R239G169B166;x
22000;203;149;98;R114G80B78;x
22001;171;218;93;R166G94B60;x
22002;140;159;148;R136G133B130;x
22003;198;127;58;R148G215B90;x
22004;84;145;69;R96G44B217;x
22005;185;155;85;R133G3B230;x
22006;199;177;150;R149G41B185;x
22007;169;158;134;R9G111B225;x
22008;194;127;155;R115G7B111;x
22009;186;131;121;R161G162B50;x
22010;187;165;55;R8G11B135;x
22011;176;177;106;R113G186B168;x
22012;227;167;52;R1G134B209;x
22013;145;212;67;R45G101B30;x
22014;176;153;105;R252G50B196;x
22015;176;208;117;R237G122B253;x
22016;208;180;74;R85G129B97;x
22017;203;126;134;R1G90B11;x
22018;226;170;109;R155G238B21;x
22019;223;201;81;R222G200B73;x
22020;196;204;117;R118G52B114;x
22021;142;183;89;R211G254B160;x
22022;178;210;75;R190G180B76;x
22023;181;175;104;R183G193B60;x
22024;183;187;166;R204G94B165;x
22025;95;160;78;R162G121B198;x
22026;214;163;128;R90G197B179;x
22027;143;176;133;R91G216B8;x
22028;164;109;138;R127G134B46;x
22029;212;189;59;R57G1B246;x
22030;192;178;101;R208G101B40;x
22031;161;210;119;R88G12B108;x
22032;202;182;134;R215G104B237;x
22033;167;168;154;R104G58B95;x
22034;106;130;98;R161G219B161;x
22035;176;156;75;R186G67B246;x
22036;64;122;118;R36G12B30;x
22037;95;156;93;R35G128B167;x
22038;186;172;154;R16G183B100;x
22039;166;129;173;R3G44B132;x
22040;202;182;112;R5G253B244;x
22041;128;134;166;R232G11B34;x
22042;170;190;90;R169G122B38;x
22043;204;198;129;R150G73B249;x
22044;140;190;144;R50G6B89;x
22045;95;106;99;R20G232B61;x
22046;194;219;121;R92G131B247;x
22047;142;161;140;R116G56B184;x
22048;173;164;93;R135G71B156;x
22049;184;166;130;R124G189B149;x
22050;229;183;51;R65G249B225;x
22051;116;190;151;R30G104B193;x
22052;188;174;73;R243G60B26;x
22053;82;132;127;R27G97B254;x
22054;203;185;167;R172G161B184;x
22055;223;185;94;R253G215B38;x
22056;206;201;135;R158G58B39;x
22057;211;118;111;R44G47B135;x
22058;143;183;77;R165G61B103;x
22059;182;204;112;R39G8B194;x
22060;172;186;107;R164G197B231;x
22061;154;196;121;R197G108B29;x
22062;138;128;179;R231G134B171;x
22063;233;133;79;R224G49B69;x
22064;204;172;134;R154G64B186;x
22065;32;145;92;R25G226B57;x
22066;157;193;135;R85G88B216;x
22067;173;125;129;R28G253B134;x
22068;216;175;116;R255G201B14;x
22069;211;185;80;R172G27B20;x
22070;205;158;143;R178G166B43;x
22071;215;180;86;R107G115B212;x
22072;179;94;108;R247G158B91;x
22073;154;153;111;R119G132B43;x
22074;170;136;135;R221G132B122;x
22075;198;181;96;R140G232B221;x
22076;109;131;179;R53G147B176;x
22077;192;165;190;R187G58B165;x
22078;208;120;100;R237G245B155;x
22079;183;153;154;R235G113B202;x
22080;140;196;71;R251G186B255;x
22081;193;189;121;R1G130B5;x
22082;101;150;73;R250G64B109;x
22083;208;177;111;R64G162B16;x
22084;208;218;149;R30G73B23;x
22085;172;138;122;R170G118B180;x
22086;179;207;88;R88G12B95;x
22087;193;157;144;R241G104B106;x
22088;101;108;58;R103G134B179;x
22089;180;152;182;R213G49B11;x
22090;170;153;158;R198G214B249;x
22091;195;190;78;R226G252B211;x
22092;70;146;63;R139G208B79;x
22093;126;136;166;R61G3B2;x
22094;189;172;117;R29G153B117;x
22095;167;162;76;R54G120B85;x
22096;54;173;101;R229G152B221;x
22097;77;162;45;R118G13B180;x
22098;64;138;78;R209G217B222;x
22099;109;100;161;R97G19B214;x
22100;184;151;128;R117G21B75;x
22101;144;122;99;R203G134B1;x
22102;191;182;68;R157G121B19;x
22103;202;165;103;R15G115B126;x
22104;109;132;71;R161G134B105;x
22105;189;189;77;R71G165B208;x
22106;209;154;62;R161G153B86;x
22107;180;185;136;R47G160B118;x
22108;130;207;86;R245G100B217;x
22109;210;128;94;R121G67B205;x
22110;197;225;91;R138G110B151;x
22111;196;141;88;R195G41B234;x
22112;191;193;155;R13G235B71;x
22113;190;209;71;R211G95B225;x
22114;195;158;189;R238G183B19;x
22115;203;164;128;R161G72B53;x
22116;173;168;70;R75G161B230;x
22117;188;202;110;R107G49B50;x
22118;215;139;86;R200G42B108;x
22119;154;159;185;R81G143B213;x
22120;161;174;95;R43G124B221;x
22121;206;161;63;R103G1B139;x
22122;192;140;73;R223G193B27;x
22123;112;150;75;R105G14B170;x
22124;193;184;74;R151G175B40;x
22125;178;176;98;R173G16B29;x
22126;228;171;149;R246G215B190;x
22127;186;164;159;R121G96B134;x
22128;139;137;114;R213G64B233;x
22129;204;194;90;R174G96B150;x
22130;170;168;146;R180G178B148;x
22131;162;161;125;R189G77B219;x
22132;151;165;171;R126G52B111;x
22133;165;156;90;R116G14B233;x
22134;240;190;105;R26G165B94;x
22135;188;156;78;R133G83B150;x
22136;205;132;86;R107G205B30;x
22137;220;176;62;R248G211B183;x
22138;187;158;171;R161G196B182;x
22139;182;107;142;R61G163B64;x
22140;206;172;95;R200G145B67;x
22141;195;176;94;R97G88B39;x
22142;202;146;57;R19G149B207;x
22143;213;155;101;R195G45B27;x
22144;119;100;141;R35G152B150;x
22145;215;147;114;R30G41B204;x
22146;208;225;89;R34G1B200;x
22147;169;126;138;R207G203B137;x
22148;119;176;95;R47G27B212;x
22149;173;204;131;R59G84B2;x
22150;185;146;137;R105G131B36;x
22151;210;159;136;R30G190B115;x
22152;225;190;85;R89G189B206;x
22153;212;159;81;R123G83B227;x
22154;113;195;131;R113G121B47;x
22155;77;150;121;R114G251B67;x
22156;83;115;91;R184G18B133;x
22157;201;153;157;R106G205B171;x
22158;236;177;87;R94G177B218;x
22159;212;152;79;R204G103B146;x
22160;163;205;92;R141G232B229;x
22161;191;135;99;R186G177B220;x
22162;166;160;99;R171G223B60;x
22163;195;157;113;R222G36B249;x
22164;184;158;63;R97G42B13;x
22165;197;147;36;R25G93B24;x
22166;200;236;112;R140G123B106;x
22167;155;188;100;R18G81B91;x
22168;125;150;108;R176G231B148;x
22169;175;183;76;R103G35B252;x
22170;167;163;115;R75G218B131;x
22171;124;191;98;R239G29B166;x
22172;206;167;80;R143G95B78;x
22173;222;185;115;R85G175B240;x
22174;135;177;132;R215G140B172;x
22175;178;210;141;R102G93B0;x
22176;174;139;167;R55G61B75;x
22177;187;182;77;R201G84B22;x
22178;134;112;127;R12G255B26;x
22179;198;188;108;R130G54B7;x
22180;180;171;81;R11G191B19;x
22181;173;147;120;R206G223B44;x
22182;192;192;168;R55G202B19;x
22183;179;168;66;R169G65B176;x
22184;111;126;120;R98G21B213;x
22185;129;195;134;R5G44B110;x
22186;215;179;114;R191G57B58;x
22187;171;155;157;R229G143B77;x
22188;173;181;94;R100G84B227;x
22189;76;140;111;R116G149B101;x
22190;170;127;135;R105G251B99;x
22191;211;194;124;R244G56B50;x
22192;208;189;125;R78G71B1;x
22193;215;126;127;R250G239B168;x
22194;147;123;135;R154G70B144;x
22195;189;156;160;R18G155B98;x
22196;189;193;119;R178G221B16;x
22197;177;208;98;R206G162B226;x
22198;177;150;140;R140G237B204;x
22199;171;175;117;R95G218B167;x
22200;154;205;86;R138G197B192;x
22201;149;199;153;R22G56B84;x
22202;233;143;82;R191G123B31;x
22203;172;204;109;R155G191B89;x
22204;201;164;152;R50G191B129;x
22205;122;103;65;R43G253B146;x
22206;181;152;93;R5G63B11;x
22207;104;149;98;R53G184B115;x
22208;46;139;56;R230G178B68;x
22209;208;165;96;R31G129B231;x
22210;178;142;124;R62G126B45;x
22211;167;146;129;R0G237B170;x
22212;199;165;129;R207G66B207;x
22213;208;136;119;R105G215B6;x
22214;190;143;90;R161G98B213;x
22215;196;136;96;R96G123B112;x
22216;168;183;112;R156G121B127;x
22217;222;138;90;R226G145B152;x
22218;240;194;95;R216G244B170;x
22219;155;185;175;R84G114B83;x
22220;217;160;59;R158G90B168;x
22221;131;126;102;R10G180B242;x
22222;184;145;127;R187G41B43;x
22223;45;150;70;R44G59B143;x
22224;185;182;117;R177G161B196;x
22225;211;174;76;R214G205B95;x
22226;183;167;101;R230G41B37;x
22227;153;129;49;R2G145B237;x
22228;209;128;129;R8G180B207;x
22229;147;186;82;R16G149B4;x
22230;186;148;143;R137G147B186;x
22231;201;202;89;R9G114B105;x
22232;183;185;193;R84G100B73;x
22233;140;154;139;R184G65B184;x
22234;197;178;68;R237G103B93;x
22235;224;138;75;R179G166B43;x
22236;86;133;66;R73G81B60;x
22237;155;176;169;R67G89B155;x
22238;111;151;62;R205G156B234;x
22239;159;149;143;R162G157B101;x
22240;154;139;119;R248G114B37;x
22241;89;129;165;R21G98B91;x
22242;183;149;106;R184G99B112;x
22243;186;162;118;R86G139B97;x
22244;165;154;119;R94G153B59;x
22245;213;134;111;R68G66B18;x
22246;213;149;79;R169G249B54;x
22247;202;178;174;R21G216B40;x
22248;159;165;133;R196G250B244;x
22249;127;153;177;R125G240B25;x
22250;172;129;111;R105G188B73;x
22251;189;196;112;R186G154B71;x
22252;203;134;86;R13G140B53;x
22253;201;191;63;R250G81B48;x
22254;176;168;132;R24G23B113;x
22255;195;160;124;R41G84B181;x
22256;149;187;130;R140G63B21;x
22257;211;139;98;R47G198B189;x
22258;214;170;100;R4G222B113;x
22259;183;139;101;R97G102B107;x
22260;212;135;83;R151G170B20;x
22261;195;169;149;R233G134B106;x
22262;189;204;110;R14G21B192;x
22263;203;185;95;R182G84B165;x
22264;192;179;182;R217G121B212;x
22265;89;161;97;R86G43B51;x
22266;183;169;56;R253G161B42;x
22267;108;139;162;R185G53B176;x
22268;240;186;66;R67G233B237;x
22269;228;163;70;R73G104B149;x
22270;159;129;117;R110G54B192;x
22271;167;202;120;R145G55B39;x
22272;102;147;41;R74G157B245;x
22273;78;115;109;R7G194B119;x
22274;210;158;87;R178G196B156;x
22275;148;176;148;R166G109B96;x
22276;189;175;124;R119G129B148;x
22277;171;215;116;R35G110B136;x
22278;182;121;30;R3G171B111;x
22279;153;145;75;R102G8B234;x
22280;163;181;83;R52G87B26;x
22281;176;175;99;R7G31B33;x
22282;142;128;169;R174G15B130;x
22283;220;149;92;R91G169B180;x
22284;167;166;122;R116G200B205;x
22285;164;186;118;R19G72B183;x
22286;66;161;107;R224G173B31;x
22287;214;204;110;R145G101B217;x
22288;85;124;105;R85G250B124;x
22289;82;100;116;R133G126B194;x
22290;161;165;181;R241G179B106;x
22291;182;205;106;R114G189B179;x
22292;168;184;124;R87G13B27;x
22293;183;165;101;R190G155B224;x
22294;170;133;108;R168G69B92;x
22295;181;141;93;R93G167B169;x
22296;201;177;120;R89G121B106;x
22297;167;143;76;R71G43B93;x
22298;122;199;139;R104G211B92;x
22299;152;156;100;R218G228B172;x
22300;158;200;158;R36G66B124;x
22301;171;153;187;R134G185B195;x
22302;184;168;89;R214G90B198;x
22303;112;175;109;R51G68B157;x
22304;181;179;130;R178G12B236;x
22305;187;201;125;R155G100B17;x
22306;156;170;171;R81G55B234;x
22307;160;164;87;R9G29B39;x
22308;202;155;115;R212G235B196;x
22309;94;140;75;R183G29B145;x
22310;188;177;65;R184G207B201;x
22311;65;151;110;R148G45B166;x
22312;172;150;173;R57G90B245;x
22313;167;195;109;R206G222B46;x
22314;162;113;102;R215G162B161;x
22315;184;166;93;R45G159B70;x
22316;178;174;95;R187G16B111;x
22317;197;141;100;R5G243B215;x
22318;198;148;140;R149G133B245;x
22319;183;154;113;R81G253B166;x
22320;183;130;101;R177G243B156;x
22321;93;176;173;R52G173B69;x
22322;185;125;155;R160G221B196;x
22323;237;149;62;R69G70B60;x
22324;121;155;123;R174G61B194;x
22325;174;134;110;R161G66B72;x
22326;203;184;108;R45G211B214;x
22327;129;146;175;R116G58B49;x
22328;185;169;100;R148G195B124;x
22329;167;118;121;R48G75B108;x
22330;227;183;78;R186G26B123;x
22331;127;161;165;R180G127B220;x
22332;182;158;120;R149G201B18;x
22333;199;163;92;R0G7B189;x
22334;149;177;138;R7G200B26;x
22335;216;178;109;R228G30B174;x
22336;229;163;116;R195G25B11;x
22337;222;164;145;R79G223B61;x
22338;223;149;131;R150G60B174;x
22339;200;166;118;R187G155B217;x
22340;169;115;173;R20G95B30;x
22341;152;187;91;R64G49B111;x
22342;158;187;133;R124G128B189;x
22343;154;142;127;R205G193B182;x
22344;152;183;134;R104G218B223;x
22345;209;190;97;R184G99B14;x
22346;174;141;138;R18G139B184;x
22347;203;198;124;R81G145B78;x
22348;207;180;95;R177G86B89;x
22349;184;140;134;R32G25B79;x
22350;199;176;168;R93G209B132;x
22351;215;143;79;R132G126B41;x
22352;220;197;144;R234G81B241;x
22353;227;184;73;R201G247B222;x
22354;183;169;125;R99G157B219;x
22355;188;185;99;R224G196B160;x
22356;205;162;134;R105G209B144;x
22357;205;136;67;R229G150B162;x
22358;129;183;125;R181G65B69;x
22359;93;139;113;R241G77B59;x
22360;64;116;55;R21G108B100;x
22361;193;163;88;R105G230B185;x
22362;186;126;121;R68G221B227;x
22363;191;183;93;R119G126B128;x
22364;125;175;77;R236G255B107;x
22365;115;96;154;R187G246B19;x
22366;217;162;124;R123G141B51;x
22367;163;177;164;R149G96B148;x
22368;215;167;74;R50G120B67;x
22369;100;144;109;R101G80B23;x
22370;109;131;168;R148G244B88;x
22371;171;154;175;R13G106B115;x
22372;190;188;83;R171G2B69;x
22373;171;163;154;R100G175B89;x
22374;166;144;88;R18G138B105;x
22375;175;197;129;R90G251B79;x
22376;187;150;64;R174G226B131;x
22377;212;168;145;R230G186B99;x
22378;64;114;110;R242G108B27;x
22379;163;171;105;R48G172B56;x
22380;190;185;113;R103G32B102;x
22381;211;181;75;R142G119B114;x
22382;131;104;149;R122G152B137;x
22383;158;139;126;R94G203B234;x
22384;158;157;148;R170G25B174;x
22385;140;168;180;R66G157B52;x
22386;174;144;158;R48G178B248;x
22387;199;205;130;R89G21B21;x
22388;231;173;100;R33G30B187;x
22389;186;165;94;R147G51B166;x
22390;88;108;101;R203G190B130;x
22391;150;188;68;R201G151B102;x
22392;209;169;94;R68G69B85;x
22393;184;163;84;R38G223B24;x
22394;195;154;141;R48G26B122;x
22395;235;180;89;R200G195B76;x
22396;156;178;143;R69G179B28;x
22397;162;144;125;R217G149B143;x
22398;190;162;64;R201G17B119;x
22399;210;128;122;R214G105B200;x
22400;182;218;143;R156G1B224;x
22401;206;144;94;R232G191B91;x
22402;160;156;155;R80G81B209;x
22403;176;189;79;R51G235B163;x
22404;115;155;75;R78G107B101;x
22405;182;181;90;R170G14B85;x
22406;80;141;81;R215G81B101;x
22407;155;172;120;R255G221B62;x
22408;195;135;105;R0G60B249;x
22409;211;140;111;R170G175B59;x
22410;179;163;98;R208G214B168;x
22411;191;155;101;R63G232B175;x
22412;101;143;113;R23G77B163;x
22413;166;176;97;R93G56B94;x
22414;193;166;65;R17G85B145;x
22415;198;191;103;R159G254B212;x
22416;126;145;69;R251G28B155;x
22417;124;161;64;R132G214B215;x
22418;61;136;106;R170G208B40;x
22419;214;158;106;R121G193B137;x
22420;182;154;109;R144G130B180;x
22421;150;149;33;R76G94B216;x
22422;226;194;98;R125G121B212;x
22423;194;186;127;R227G179B30;x
22424;192;141;96;R180G145B3;x
22425;115;133;197;R79G176B162;x
22426;170;177;64;R110G176B85;x
22427;169;162;60;R229G78B20;x
22428;166;144;148;R101G212B182;x
22429;141;163;77;R123G212B49;x
22430;188;161;109;R63G192B89;x
22431;191;140;126;R238G63B169;x
22432;179;186;126;R239G82B204;x
22433;89;136;78;R207G235B162;x
22434;218;129;120;R102G179B110;x
22435;196;172;105;R143G171B9;x
22436;207;208;114;R78G32B238;x
22437;197;175;107;R33G245B137;x
22438;170;163;112;R196G169B78;x
22439;125;181;101;R218G218B248;x
22440;148;157;104;R51G47B61;x
22441;172;161;105;R57G59B34;x
22442;179;143;145;R168G187B52;x
22443;207;158;114;R191G182B126;x
22444;213;169;69;R82G50B115;x
22445;217;149;163;R203G166B197;x
22446;207;156;84;R162G193B136;x
22447;240;185;118;R173G136B14;x
22448;189;131;87;R149G134B23;x
22449;191;160;78;R154G13B245;x
22450;166;186;79;R181G33B232;x
22451;164;162;138;R227G210B124;x
22452;104;153;91;R71G16B103;x
22453;123;158;189;R1G139B239;x
22454;70;124;90;R45G239B231;x
22455;192;98;126;R56G76B201;x
22456;208;165;125;R89G184B237;x
22457;208;152;102;R37G154B171;x
22458;220;182;69;R197G86B121;x
22459;63;127;69;R190G113B199;x
22460;170;154;139;R110G212B14;x
22461;202;138;124;R199G38B79;x
22462;163;155;93;R100G6B206;x
22463;180;95;86;R26G76B233;x
22464;186;148;147;R244G164B22;x
22465;153;205;107;R190G113B147;x
22466;168;203;54;R214G212B204;x
22467;123;150;60;R233G246B188;x
22468;162;151;86;R18G161B125;x
22469;200;158;153;R250G163B151;x
22470;196;187;160;R20G119B2;x
22471;240;128;64;R36G100B82;x
22472;219;190;134;R175G161B213;x
22473;208;158;116;R107G233B33;x
22474;186;186;124;R195G184B190;x
22475;175;143;68;R144G110B59;x
22476;124;195;122;R238G101B143;x
22477;74;153;67;R27G168B228;x
22478;40;130;84;R64G37B160;x
22479;150;122;142;R238G92B245;x
22480;182;133;153;R96G0B98;x
22481;95;114;198;R19G70B177;x
22482;184;188;83;R190G153B234;x
22483;199;109;78;R233G130B240;x
22484;208;181;82;R77G176B251;x
22485;206;167;89;R58G44B57;x
22486;98;162;103;R199G95B23;x
22487;84;115;119;R141G31B67;x
22488;157;118;150;R66G147B224;x
22489;123;152;172;R251G184B84;x
22490;91;137;85;R222G254B224;x
22491;154;179;176;R100G42B41;x
22492;171;178;83;R151G87B193;x
22493;194;165;65;R11G17B145;x
22494;138;127;145;R25G101B254;x
22495;180;202;82;R250G138B127;x
22496;204;144;141;R184G203B233;x
22497;185;207;123;R169G77B115;x
22498;207;177;66;R108G92B180;x
22499;175;194;93;R65G236B219;x
22500;216;150;179;R252G65B47;x
22501;156;146;99;R38G239B116;x
22502;191;205;104;R215G30B240;x
22503;91;185;112;R107G199B190;x
22504;179;160;98;R24G194B45;x
22505;95;123;61;R148G222B100;x
22506;153;182;90;R212G198B178;x
22507;213;180;80;R161G28B158;x
22508;167;176;75;R231G178B127;x
22509;158;168;136;R56G147B70;x
22510;210;189;98;R161G180B96;x
22511;174;142;167;R33G215B21;x
22512;238;209;73;R184G50B56;x
22513;150;154;148;R48G82B202;x
22514;202;154;184;R194G205B135;x
22515;190;116;153;R132G1B62;x
22516;144;165;149;R146G239B59;x
22517;180;157;59;R135G118B226;x
22518;196;209;109;R85G178B212;x
22519;215;143;119;R184G223B218;x
22520;193;166;78;R251G246B58;x
22521;148;136;172;R216G13B87;x
22522;127;142;83;R206G157B176;x
22523;169;139;122;R131G250B90;x
22524;207;156;60;R222G162B117;x
22525;172;162;144;R218G205B102;x
22526;170;206;74;R49G145B94;x
22527;220;170;71;R222G22B204;x
22528;184;122;195;R127G92B6;x
22529;166;173;91;R97G62B208;x
22530;237;141;124;R18G40B101;x
22531;191;193;118;R229G180B93;x
22532;166;157;164;R216G79B71;x
22533;210;189;124;R27G234B26;x
22534;217;177;109;R59G241B211;x
22535;206;193;103;R84G157B75;x
22536;183;171;164;R227G238B58;x
22537;93;94;189;R111G56B27;x
22538;105;113;88;R240G9B163;x
22539;194;172;141;R188G42B241;x
22540;199;184;102;R45G167B250;x
22541;207;149;110;R254G25B179;x
22542;173;180;98;R179G245B188;x
22543;197;193;123;R222G229B129;x
22544;129;166;85;R53G251B131;x
22545;178;202;119;R177G160B134;x
22546;211;182;80;R199G160B48;x
22547;145;182;164;R244G180B199;x
22548;164;177;123;R115G61B10;x
22549;208;178;138;R35G172B91;x
22550;140;185;119;R200G186B33;x
22551;234;153;97;R202G168B227;x
22552;168;134;115;R71G103B61;x
22553;97;131;111;R73G178B169;x
22554;186;140;102;R250G151B224;x
22555;191;174;87;R134G219B54;x
22556;185;153;107;R160G229B183;x
22557;203;153;103;R105G95B212;x
22558;74;124;110;R160G251B154;x
22559;178;151;120;R224G182B214;x
22560;186;155;178;R158G80B160;x
22561;216;165;97;R161G38B3;x
22562;141;171;52;R29G186B254;x
22563;150;175;157;R53G94B137;x
22564;167;152;61;R131G123B106;x
22565;185;182;150;R103G135B97;x
22566;222;152;73;R35G237B141;x
22567;151;180;87;R247G200B131;x
22568;188;168;111;R86G2B113;x
22569;207;181;97;R156G5B236;x
22570;92;159;98;R4G236B241;x
22571;175;198;127;R18G187B216;x
22572;132;196;120;R14G226B171;x
22573;200;165;160;R120G250B239;x
22574;204;178;154;R46G88B208;x
22575;205;173;162;R151G163B110;x
22576;177;182;127;R31G189B159;x
22577;150;195;172;R79G7B207;x
22578;165;165;188;R119G26B77;x
22579;81;128;78;R39G101B30;x
22580;211;163;112;R153G230B1;x
22581;177;167;70;R79G189B74;x
22582;169;115;115;R140G103B130;x
22583;173;194;61;R244G104B36;x
22584;207;138;80;R149G128B235;x
22585;208;129;87;R100G115B233;x
22586;211;138;69;R67G164B173;x
22587;196;125;163;R138G23B230;x
22588;122;137;97;R54G200B169;x
22589;102;102;73;R164G132B62;x
22590;116;145;152;R20G22B57;x
22591;198;145;77;R95G96B29;x
22592;128;150;165;R107G116B179;x
22593;161;195;95;R45G43B168;x
22594;87;133;74;R12G15B116;x
22595;220;209;86;R254G101B19;x
22596;154;166;156;R123G136B6;x
22597;224;162;77;R86G234B207;x
22598;240;192;121;R66G251B101;x
22599;192;147;169;R253G178B192;x
22600;197;108;102;R56G175B85;x
22601;207;230;132;R97G50B196;x
22602;203;182;93;R128G68B85;x
22603;211;149;130;R220G158B253;x
22604;183;131;111;R56G166B84;x
22605;178;125;117;R235G143B244;x
22606;172;191;76;R20G32B153;x
22607;181;118;97;R192G233B123;x
22608;158;170;153;R252G226B201;x
22609;240;168;95;R56G126B112;x
22610;93;144;91;R104G185B114;x
22611;213;158;94;R16G86B210;x
22612;108;137;90;R227G91B203;x
22613;148;148;123;R139G204B163;x
22614;87;146;97;R123G229B249;x
22615;97;123;102;R93G193B18;x
22616;150;177;138;R231G122B19;x
22617;182;171;99;R108G13B166;x
22618;155;188;82;R102G5B227;x
22619;153;200;110;R178G176B207;x
22620;77;125;141;R140G214B82;x
22621;148;133;127;R222G224B28;x
22622;182;130;135;R110G133B161;x
22623;223;189;99;R138G163B45;x
22624;141;220;100;R197G87B87;x
22625;179;202;113;R200G45B99;x
22626;140;157;169;R174G66B222;x
22627;168;139;89;R186G165B206;x
22628;177;146;113;R99G19B201;x
22629;95;157;58;R214G153B222;x
22630;224;181;101;R255G178B73;x
22631;213;145;66;R154G195B101;x
22632;166;106;123;R160G63B172;x
22633;218;194;97;R182G110B123;x
22634;170;135;146;R171G177B251;x
22635;177;205;121;R42G45B79;x
22636;177;190;91;R169G70B169;x
22637;210;107;155;R154G5B151;x
22638;182;174;83;R252G200B244;x
22639;194;180;69;R145G248B143;x
22640;205;208;50;R179G253B108;x
22641;165;186;164;R36G79B230;x
22642;117;107;72;R164G210B178;x
22643;145;153;127;R145G194B120;x
22644;152;178;97;R169G112B22;x
22645;191;171;82;R157G87B74;x
22646;171;144;106;R96G125B119;x
22647;185;179;67;R243G142B237;x
22648;169;145;100;R134G192B159;x
22649;128;166;121;R7G237B55;x
22650;167;161;130;R206G16B243;x
22651;130;104;136;R185G121B76;x
22652;78;125;90;R221G235B53;x
22653;177;135;146;R84G255B47;x
22654;106;121;60;R48G198B79;x
22655;120;130;83;R80G164B188;x
22656;203;189;107;R161G137B112;x
22657;186;140;160;R43G15B1;x
22658;78;138;94;R46G35B114;x
22659;174;158;78;R167G220B106;x
22660;190;119;152;R234G193B211;x
22661;237;132;67;R211G152B89;x
22662;107;118;58;R243G73B158;x
22663;68;94;88;R228G64B111;x
22664;188;154;120;R69G78B8;x
22665;171;177;125;R11G148B215;x
22666;194;164;77;R218G240B31;x
22667;110;126;102;R32G150B236;x
22668;195;126;104;R59G203B0;x
22669;200;158;79;R138G115B170;x
22670;198;180;100;R52G48B30;x
22671;180;117;161;R133G93B159;x
22672;84;98;62;R162G211B103;x
22673;158;155;101;R153G104B5;x
22674;165;195;120;R66G150B233;x
22675;98;180;77;R119G199B145;x
22676;181;123;81;R159G90B76;x
22677;187;134;108;R140G18B109;x
22678;196;184;66;R137G85B26;x
22679;162;162;89;R176G142B156;x
22680;67;117;102;R161G186B202;x
22681;204;174;113;R218G166B51;x
22682;204;192;159;R121G35B12;x
22683;120;140;95;R207G214B91;x
22684;178;142;161;R81G154B86;x
22685;159;197;109;R41G254B55;x
22686;213;195;93;R112G200B80;x
22687;186;139;79;R109G16B181;x
22688;230;159;117;R194G87B84;x
22689;240;152;54;R132G123B18;x
22690;215;184;97;R12G65B223;x
22691;240;200;138;R101G207B134;x
22692;150;181;113;R176G39B57;x
22693;185;168;109;R234G48B221;x
22694;101;148;83;R195G137B81;x
22695;179;151;146;R106G243B137;x
22696;198;182;133;R192G243B33;x
22697;155;150;117;R111G143B126;x
22698;179;133;153;R129G24B10;x
22699;202;154;136;R5G146B154;x
22700;222;174;87;R176G68B46;x
22701;222;160;168;R109G62B222;x
22702;133;144;159;R9G16B125;x
22703;141;204;89;R133G79B145;x
22704;207;212;119;R229G164B111;x
22705;226;167;66;R187G115B39;x
22706;218;202;104;R141G254B123;x
22707;192;193;116;R206G64B31;x
22708;166;157;134;R94G122B64;x
22709;164;189;123;R64G191B203;x
22710;168;117;129;R95G161B144;x
22711;128;147;95;R90G137B194;x
22712;220;141;118;R119G1B145;x
22713;130;150;162;R248G97B76;x
22714;169;153;113;R27G143B67;x
22715;194;150;92;R37G128B108;x
22716;202;139;77;R145G19B140;x
22717;126;180;97;R64G117B97;x
22718;213;177;113;R154G184B89;x
22719;153;170;115;R92G144B25;x
22720;50;134;121;R190G194B243;x
22721;195;134;85;R180G146B66;x
22722;199;167;133;R169G210B93;x
22723;123;164;77;R18G108B22;x
22724;97;105;152;R41G108B166;x
22725;108;169;141;R215G30B157;x
22726;180;162;162;R185G199B154;x
22727;185;148;96;R90G54B238;x
22728;135;158;170;R191G15B53;x
22729;212;154;83;R122G171B211;x
22730;85;131;120;R226G214B161;x
22731;144;143;63;R174G116B47;x
22732;230;205;78;R50G145B108;x
22733;180;167;143;R75G84B197;x
22734;171;193;77;R77G227B207;x
22735;198;197;97;R132G142B179;x
22736;152;169;143;R31G146B45;x
22737;211;202;111;R105G8B175;x
22738;195;139;132;R163G1B243;x
22739;148;153;136;R41G57B113;x
22740;154;158;82;R33G123B138;x
22741;197;181;116;R8G251B184;x
22742;115;188;97;R103G134B174;x
22743;58;166;92;R23G49B118;x
22744;203;141;96;R94G210B22;x
22745;156;116;36;R142G166B221;x
22746;233;151;120;R240G59B144;x
22747;147;154;157;R167G41B58;x
22748;84;144;116;R172G99B58;x
22749;200;146;103;R59G195B227;x
22750;240;150;82;R72G109B38;x
22751;105;157;125;R158G37B15;x
22752;203;170;123;R15G216B109;x
22753;164;206;103;R20G190B175;x
22754;211;161;99;R239G193B122;x
22755;156;152;91;R1G110B91;x
22756;168;161;122;R226G151B218;x
22757;230;165;52;R13G75B203;x
22758;204;146;88;R125G212B146;x
22759;206;157;127;R197G164B96;x
22760;195;211;111;R86G51B67;x
22761;107;120;130;R86G216B227;x
22762;197;160;147;R35G16B197;x
22763;114;175;142;R196G195B122;x
22764;166;182;171;R210G235B68;x
22765;192;129;147;R28G25B57;x
22766;200;207;126;R226G153B84;x
22767;204;140;86;R130G202B162;x
22768;218;136;93;R212G171B244;x
22769;212;238;90;R240G74B35;x
22770;158;113;104;R201G68B94;x
22771;132;129;114;R68G208B72;x
22772;155;172;106;R229G117B113;x
22773;181;151;86;R11G238B148;x
22774;196;150;158;R76G232B194;x
22775;208;148;80;R231G19B246;x
22776;154;143;111;R178G225B211;x
22777;157;137;149;R158G112B87;x
22778;174;140;168;R193G17B143;x
22779;197;131;163;R149G121B100;x
22780;216;216;83;R82G131B202;x
22781;102;135;42;R97G76B233;x
22782;187;188;116;R76G246B209;x
22783;224;135;81;R140G91B135;x
22784;154;182;151;R80G86B101;x
22785;204;158;77;R153G219B114;x
22786;159;185;160;R21G211B22;x
22787;111;183;100;R162G106B138;x
22788;163;171;76;R105G224B104;x
22789;144;174;164;R144G163B77;x
22790;150;210;95;R168G75B100;x
22791;138;160;104;R55G234B214;x
22792;94;132;59;R180G249B124;x
22793;166;175;77;R90G206B156;x
22794;146;169;143;R7G129B242;x
22795;188;140;152;R130G78B167;x
22796;145;169;146;R174G158B73;x
22797;159;176;165;R192G82B171;x
22798;220;137;58;R243G45B33;x
22799;109;109;80;R152G248B201;x
22800;218;161;125;R173G239B54;x
22801;157;129;167;R23G76B108;x
22802;166;155;99;R0G138B38;x
22803;162;172;119;R95G215B171;x
22804;76;142;81;R107G14B116;x
22805;194;180;82;R133G179B61;x
22806;174;190;59;R10G21B224;x
22807;165;202;56;R69G220B101;x
22808;118;147;100;R75G61B3;x
22809;212;89;113;R215G252B233;x
22810;210;129;87;R29G38B195;x
22811;208;163;112;R138G114B42;x
22812;232;166;85;R117G134B177;x
22813;203;213;70;R249G77B64;x
22814;169;197;183;R190G252B165;x
22815;140;146;88;R80G104B119;x
22816;150;187;158;R80G24B247;x
22817;186;183;135;R111G244B100;x
22818;220;183;85;R206G64B242;x
22819;146;173;122;R196G122B136;x
22820;74;134;60;R132G115B185;x
22821;133;161;118;R32G100B195;x
22822;187;146;107;R231G217B174;x
22823;196;174;88;R3G39B93;x
22824;236;172;87;R108G234B10;x
22825;69;122;91;R145G183B58;x
22826;78;127;94;R241G90B156;x
22827;198;168;136;R165G206B87;x
22828;190;203;88;R206G151B17;x
22829;220;205;84;R222G3B232;x
22830;170;128;130;R201G55B15;x
22831;94;133;192;R255G13B28;x
22832;162;171;126;R27G139B94;x
22833;198;156;119;R3G163B46;x
22834;167;177;78;R191G69B218;x
22835;178;136;114;R252G161B23;x
22836;191;192;72;R31G119B179;x
22837;156;149;95;R238G198B175;x
22838;107;126;74;R3G0B237;x
22839;140;171;72;R231G116B192;x
22840;107;126;79;R196G115B79;x
22841;219;172;110;R248G228B116;x
22842;132;134;106;R164G6B211;x
22843;226;189;91;R84G204B210;x
22844;173;201;82;R205G115B108;x
22845;181;155;190;R87G2B160;x
22846;230;154;78;R125G87B106;x
22847;145;168;129;R10G189B139;x
22848;155;158;154;R47G189B128;x
22849;200;184;46;R123G39B70;x
22850;160;182;100;R137G218B99;x
22851;224;169;90;R137G49B2;x
22852;230;158;83;R133G238B219;x
22853;178;140;120;R237G220B220;x
22854;192;139;122;R162G77B200;x
22855;178;111;125;R156G142B250;x
22856;167;135;136;R211G98B2;x
22857;84;157;100;R96G103B240;x
22858;157;174;98;R26G64B60;x
22859;178;155;103;R72G226B170;x
22860;141;151;161;R156G134B107;x
22861;211;158;96;R76G47B219;x
22862;88;101;125;R198G125B88;x
22863;168;178;188;R141G2B2;x
22864;211;230;82;R15G235B8;x
22865;163;155;133;R78G51B101;x
22866;198;166;113;R86G232B85;x
22867;213;180;94;R15G63B173;x
22868;139;180;121;R206G52B195;x
22869;180;169;89;R50G238B106;x
22870;118;168;87;R89G182B67;x
22871;94;147;136;R84G62B137;x
22872;208;151;48;R142G14B164;x
22873;229;176;86;R121G89B28;x
22874;121;146;95;R215G224B207;x
22875;187;159;101;R119G103B171;x
22876;177;152;84;R164G18B13;x
22877;175;161;122;R192G165B210;x
22878;178;184;72;R30G143B98;x
22879;46;125;42;R105G134B78;x
22880;180;179;89;R11G21B150;x
22881;201;150;110;R92G218B143;x
22882;177;175;77;R222G171B12;x
22883;129;181;129;R115G30B53;x
22884;200;164;137;R51G239B189;x
22885;238;163;141;R14G24B101;x
22886;144;120;125;R33G240B231;x
22887;214;160;92;R216G196B178;x
22888;221;163;157;R91G193B241;x
22889;205;206;112;R29G150B245;x
22890;143;133;55;R71G177B18;x
22891;186;166;87;R41G165B220;x
22892;155;113;99;R187G61B250;x
22893;200;143;178;R250G28B125;x
22894;156;167;127;R223G248B132;x
22895;105;122;80;R119G217B206;x
22896;226;195;83;R29G135B112;x
22897;212;182;81;R104G65B65;x
22898;199;119;67;R171G7B141;x
22899;131;145;98;R41G50B55;x
22900;173;155;112;R204G20B80;x
22901;181;164;94;R40G245B83;x
22902;107;149;146;R121G219B162;x
22903;178;142;111;R126G147B78;x
22904;189;150;161;R242G64B12;x
22905;219;145;156;R23G146B117;x
22906;89;167;84;R213G184B16;x
22907;208;158;88;R63G114B222;x
22908;79;142;126;R63G16B90;x
22909;163;143;108;R134G251B19;x
22910;156;163;131;R162G234B97;x
22911;201;162;89;R190G99B110;x
22912;167;174;94;R80G127B215;x
22913;122;155;146;R188G177B110;x
22914;89;131;81;R213G187B30;x
22915;147;169;95;R18G240B197;x
22916;208;144;154;R161G38B59;x
22917;171;172;151;R141G186B90;x
22918;159;205;120;R218G126B240;x
22919;176;143;77;R212G37B154;x
22920;142;211;93;R103G132B87;x
22921;187;184;115;R38G100B157;x
22922;207;171;90;R57G205B216;x
22923;193;210;98;R43G111B32;x
22924;158;203;87;R245G27B35;x
22925;184;182;93;R194G184B189;x
22926;66;155;88;R159G160B78;x
22927;111;155;108;R226G4B159;x
22928;171;169;103;R168G29B34;x
22929;138;123;135;R187G137B232;x
22930;218;169;106;R99G3B82;x
22931;170;157;55;R128G205B146;x
22932;180;179;71;R58G189B220;x
22933;193;204;167;R136G29B43;x
22934;89;122;111;R242G201B17;x
22935;153;143;127;R244G65B167;x
22936;145;211;109;R3G159B104;x
22937;167;177;123;R50G100B172;x
22938;166;121;134;R122G229B22;x
22939;215;197;46;R204G3B218;x
22940;219;172;40;R255G75B137;x
22941;240;158;107;R81G200B121;x
22942;232;164;125;R46G14B140;x
22943;120;124;91;R119G153B60;x
22944;212;188;63;R102G244B112;x
22945;178;161;128;R225G46B85;x
22946;198;210;95;R66G36B98;x
22947;178;167;115;R28G98B13;x
22948;173;168;92;R194G241B240;x
22949;144;205;108;R45G191B39;x
22950;160;196;100;R199G251B181;x
22951;166;203;91;R83G188B227;x
22952;216;214;129;R207G46B233;x
22953;200;133;101;R209G128B158;x
22954;163;203;118;R38G107B5;x
22955;201;165;94;R240G190B10;x
22956;106;173;112;R115G57B198;x
22957;187;119;114;R104G247B83;x
22958;109;119;66;R193G255B228;x
22959;193;154;133;R231G96B129;x
22960;203;167;140;R154G4B83;x
22961;182;168;137;R24G173B215;x
22962;171;120;131;R251G213B177;x
22963;75;130;124;R119G237B253;x
22964;153;143;156;R119G240B172;x
22965;170;179;104;R78G112B119;x
22966;189;147;150;R61G177B4;x
22967;210;144;133;R45G201B184;x
22968;186;183;152;R151G55B133;x
22969;237;168;100;R4G169B73;x
22970;202;185;98;R221G90B192;x
22971;166;158;138;R153G214B229;x
22972;197;172;105;R214G6B48;x
22973;204;161;101;R180G160B228;x
22974;217;146;94;R61G38B197;x
22975;157;217;56;R109G50B20;x
22976;184;138;76;R31G220B129;x
22977;91;109;123;R48G49B32;x
22978;202;209;98;R196G160B106;x
22979;195;177;134;R44G70B181;x
22980;202;158;74;R177G159B153;x
22981;141;186;78;R73G72B160;x
22982;112;158;155;R124G177B37;x
22983;68;133;100;R255G59B83;x
22984;162;149;162;R140G47B85;x
22985;157;123;154;R206G253B81;x
22986;196;189;154;R183G229B84;x
22987;158;174;109;R175G9B161;x
22988;236;160;79;R41G152B155;x
22989;104;144;75;R159G53B248;x
22990;195;158;62;R54G29B118;x
22991;197;178;112;R28G13B193;x
22992;88;137;122;R118G165B201;x
22993;196;145;49;R16G187B225;x
22994;186;181;65;R231G230B144;x
22995;185;134;54;R255G249B71;x
22996;180;159;64;R145G108B39;x
22997;196;145;55;R166G238B245;x
22998;59;137;43;R3G158B167;x
22999;202;191;125;R112G156B129;x
23000;212;173;121;R133G87B125;x
23001;140;163;134;R88G173B204;x
23002;187;168;126;R60G85B119;x
23003;42;113;122;R166G104B187;x
23004;165;157;173;R41G236B108;x
23005;135;151;167;R130G17B19;x
23006;229;171;120;R232G55B254;x
23007;209;163;159;R232G111B67;x
23008;193;161;152;R118G213B183;x
23009;192;125;125;R109G247B132;x
23010;160;187;99;R124G21B82;x
23011;178;147;138;R67G120B67;x
23012;191;116;93;R41G222B119;x
23013;166;128;55;R71G16B127;x
23014;120;159;119;R49G139B88;x
23015;169;123;122;R202G143B216;x
23016;230;179;82;R138G174B190;x
23017;173;209;84;R143G153B126;x
23018;128;154;172;R140G196B218;x
23019;159;194;90;R10G249B140;x
23020;149;139;150;R12G98B22;x
23021;63;101;92;R108G209B208;x
23022;217;147;75;R235G48B117;x
23023;176;196;89;R255G251B201;x
23024;152;149;48;R167G76B34;x
23025;170;222;121;R84G106B54;x
23026;105;117;71;R126G4B62;x
23027;188;152;126;R89G229B189;x
23028;207;185;74;R201G77B83;x
23029;177;164;118;R239G28B78;x
23030;177;181;125;R50G238B167;x
23031;193;190;52;R115G182B52;x
23032;119;117;127;R83G202B77;x
23033;201;178;105;R23G57B183;x
23034;148;170;66;R225G63B166;x
23035;211;134;108;R95G176B100;x
23036;192;168;138;R7G208B60;x
23037;165;119;135;R77G123B56;x
23038;218;171;119;R80G243B114;x
23039;93;113;117;R153G111B111;x
23040;190;175;95;R218G231B128;x
23041;230;181;131;R83G31B48;x
23042;178;162;67;R39G71B79;x
23043;89;101;181;R72G125B133;x
23044;233;170;64;R1G190B114;x
23045;90;134;92;R153G91B234;x
23046;173;193;107;R100G144B75;x
23047;169;149;119;R110G50B97;x
23048;227;156;72;R68G190B174;x
23049;177;155;172;R27G97B105;x
23050;201;163;96;R194G161B65;x
23051;171;167;112;R80G195B213;x
23052;197;145;97;R78G131B68;x
23053;167;189;118;R245G212B195;x
23054;190;166;90;R68G180B71;x
23055;232;137;84;R151G157B48;x
23056;188;149;165;R88G220B127;x
23057;91;122;136;R233G151B135;x
23058;119;158;168;R121G5B106;x
23059;180;172;141;R229G18B40;x
23060;223;158;48;R159G135B217;x
23061;185;186;103;R206G253B31;x
23062;101;148;66;R115G229B64;x
23063;214;147;87;R74G177B52;x
23064;219;201;98;R211G191B123;x
23065;167;203;95;R11G175B7;x
23066;240;145;55;R103G248B237;x
23067;180;186;132;R108G105B119;x
23068;223;172;94;R126G189B65;x
23069;100;90;84;R15G213B56;x
23070;188;174;112;R130G181B93;x
23071;161;130;160;R136G20B66;x
23072;124;190;163;R176G77B129;x
23073;191;142;136;R170G26B191;x
23074;215;171;165;R194G223B156;x
23075;136;118;89;R17G226B72;x
23076;145;139;112;R3G104B5;x
23077;169;107;87;R212G146B87;x
23078;180;169;117;R140G18B51;x
23079;194;145;139;R181G85B46;x
23080;186;188;86;R211G246B61;x
23081;207;198;73;R225G93B129;x
23082;150;190;54;R91G11B41;x
23083;170;181;69;R213G160B187;x
23084;129;105;168;R251G104B20;x
23085;212;164;120;R136G130B15;x
23086;206;189;130;R190G78B127;x
23087;152;159;158;R30G198B111;x
23088;208;181;84;R4G160B156;x
23089;136;174;154;R145G198B84;x
23090;173;138;134;R71G162B59;x
23091;214;140;101;R206G63B163;x
23092;164;158;132;R224G18B135;x
23093;205;189;93;R146G125B154;x
23094;189;154;158;R145G154B57;x
23095;240;154;71;R62G126B178;x
23096;179;165;118;R182G237B89;x
23097;217;162;136;R1G110B234;x
23098;113;188;135;R216G151B31;x
23099;192;180;90;R248G23B197;x
23100;227;171;97;R174G148B209;x
23101;76;106;183;R110G22B229;x
23102;158;162;109;R51G60B162;x
23103;201;161;76;R39G225B241;x
23104;108;119;79;R138G70B204;x
23105;184;162;75;R120G123B17;x
23106;153;212;124;R179G41B6;x
23107;153;181;154;R11G75B234;x
23108;179;148;128;R57G208B147;x
23109;199;175;103;R0G127B190;x
23110;183;164;133;R242G17B175;x
23111;94;142;92;R253G23B94;x
23112;105;150;114;R96G170B50;x
23113;225;187;120;R247G44B185;x
23114;228;193;105;R32G197B173;x
23115;166;181;192;R214G212B28;x
23116;164;166;139;R137G246B87;x
23117;214;185;72;R202G97B171;x
23118;240;158;74;R175G195B28;x
23119;81;144;103;R234G245B31;x
23120;190;158;58;R240G151B67;x
23121;196;175;125;R206G231B187;x
23122;201;179;159;R52G135B109;x
23123;190;212;115;R32G51B111;x
23124;148;139;94;R90G44B77;x
23125;203;167;46;R16G159B106;x
23126;209;186;74;R98G182B207;x
23127;133;163;137;R112G12B185;x
23128;185;140;122;R59G56B220;x
23129;190;162;153;R11G177B195;x
23130;239;183;139;R44G237B103;x
23131;174;168;137;R182G154B158;x
23132;74;130;102;R206G116B194;x
23133;130;190;147;R95G81B86;x
23134;205;158;95;R24G109B68;x
23135;182;155;163;R147G197B19;x
23136;166;163;149;R201G6B94;x
23137;199;155;122;R32G162B72;x
23138;191;176;77;R197G9B18;x
23139;93;135;49;R14G20B151;x
23140;178;144;169;R149G89B143;x
23141;178;150;85;R154G152B40;x
23142;171;110;119;R246G11B161;x
23143;206;132;86;R88G86B98;x
23144;147;205;109;R115G235B157;x
23145;157;204;152;R107G235B105;x
23146;117;137;148;R70G123B75;x
23147;88;117;120;R47G237B169;x
23148;133;157;123;R62G96B38;x
23149;202;141;89;R108G146B47;x
23150;170;202;88;R47G226B140;x
23151;162;165;84;R255G44B95;x
23152;139;179;147;R225G181B144;x
23153;134;125;94;R173G22B29;x
23154;165;163;149;R22G158B190;x
23155;201;160;159;R92G194B86;x
23156;140;146;102;R198G134B62;x
23157;240;145;95;R180G3B132;x
23158;147;203;155;R101G123B79;x
23159;152;215;93;R169G131B185;x
23160;198;185;128;R213G62B50;x
23161;202;138;94;R218G64B58;x
23162;180;163;150;R253G98B56;x
23163;49;158;81;R231G211B219;x
23164;180;155;62;R23G94B199;x
23165;232;165;103;R242G183B45;x
23166;89;115;99;R153G240B140;x
23167;83;128;37;R218G180B152;x
23168;216;164;117;R116G73B199;x
23169;215;180;106;R19G50B249;x
23170;209;138;97;R185G168B238;x
23171;76;151;67;R172G105B141;x
23172;212;182;109;R131G61B154;x
23173;205;209;79;R232G140B9;x
23174;172;185;91;R162G59B108;x
23175;168;156;104;R82G245B136;x
23176;183;195;102;R210G199B207;x
23177;99;160;108;R26G36B226;x
23178;153;160;118;R23G178B245;x
23179;182;106;166;R37G51B83;x
23180;76;161;75;R129G34B198;x
23181;181;141;67;R102G152B162;x
23182;190;187;84;R44G35B71;x
23183;224;151;41;R203G144B251;x
23184;162;157;82;R246G208B125;x
23185;149;170;167;R13G89B116;x
23186;169;209;95;R216G8B236;x
23187;76;144;108;R57G19B233;x
23188;223;183;111;R196G197B151;x
23189;156;198;148;R46G172B82;x
23190;200;158;106;R177G196B155;x
23191;143;145;74;R185G67B236;x
23192;99;128;108;R164G238B255;x
23193;192;141;144;R239G154B134;x
23194;176;125;129;R96G2B171;x
23195;189;178;117;R48G49B196;x
23196;183;156;96;R140G160B147;x
23197;151;183;104;R196G214B164;x
23198;166;159;152;R136G80B126;x
23199;59;111;43;R10G58B158;x
23200;150;174;86;R53G215B12;x
23201;154;180;100;R240G10B145;x
23202;182;144;103;R123G180B61;x
23203;97;146;63;R247G59B0;x
23204;170;149;53;R63G95B191;x
23205;203;158;106;R13G143B244;x
23206;86;157;71;R200G4B47;x
23207;154;165;80;R103G145B180;x
23208;136;186;106;R71G106B33;x
23209;69;163;67;R206G150B68;x
23210;102;150;136;R94G111B212;x
23211;82;100;69;R36G129B40;x
23212;126;207;133;R229G60B36;x
23213;145;188;72;R120G229B187;x
23214;207;193;105;R221G175B15;x
23215;194;191;85;R170G156B46;x
23216;124;157;114;R138G203B199;x
23217;185;135;48;R2G241B204;x
23218;228;167;59;R236G63B117;x
23219;175;152;91;R177G6B208;x
23220;123;141;92;R186G210B175;x
23221;144;171;91;R71G110B3;x
23222;199;171;161;R44G35B159;x
23223;189;172;109;R27G144B19;x
23224;184;163;71;R234G48B20;x
23225;183;171;111;R41G137B175;x
23226;233;163;76;R179G191B177;x
23227;76;139;42;R52G239B155;x
23228;228;169;53;R79G186B87;x
23229;165;184;97;R87G42B195;x
23230;200;150;86;R127G73B41;x
23231;96;103;80;R14G40B84;x
23232;201;147;102;R34G44B82;x
23233;190;171;51;R190G239B186;x
23234;186;129;77;R222G14B109;x
23235;185;162;102;R183G185B163;x
23236;165;175;142;R126G12B21;x
23237;140;156;94;R228G28B167;x
23238;147;124;130;R26G76B247;x
23239;200;182;74;R208G164B89;x
23240;220;145;99;R62G137B164;x
23241;97;117;84;R224G137B67;x
23242;198;133;74;R69G141B20;x
23243;175;193;141;R42G180B109;x
23244;136;143;129;R42G233B13;x
23245;112;148;154;R150G214B235;x
23246;133;112;160;R159G92B202;x
23247;198;165;99;R178G254B88;x
23248;183;169;101;R207G130B134;x
23249;205;163;109;R252G164B201;x
23250;165;170;98;R133G225B112;x
23251;194;164;169;R59G194B21;x
23252;144;172;138;R171G172B42;x
23253;191;166;156;R2G42B91;x
23254;137;169;132;R170G51B203;x
23255;187;195;103;R135G224B54;x
23256;112;142;132;R3G71B27;x
23257;153;190;57;R88G229B216;x
23258;205;190;96;R0G239B98;x
23259;84;170;100;R19G210B146;x
23260;190;165;113;R48G176B30;x
23261;207;158;91;R69G82B232;x
23262;162;169;126;R127G183B33;x
23263;156;142;145;R170G246B142;x
23264;190;140;112;R93G255B61;x
23265;234;175;130;R141G248B114;x
23266;74;143;124;R124G101B194;x
23267;198;148;85;R74G100B39;x
23268;179;187;89;R140G149B188;x
23269;75;125;87;R213G203B162;x
23270;117;125;186;R179G167B198;x
23271;205;176;114;R129G13B145;x
23272;109;160;128;R99G239B121;x
23273;182;156;67;R175G184B121;x
23274;212;163;54;R116G70B240;x
23275;195;219;154;R218G143B227;x
23276;182;214;99;R158G206B71;x
23277;162;187;127;R36G73B17;x
23278;169;177;123;R229G210B211;x
23279;153;115;168;R254G244B12;x
23280;179;163;79;R17G254B5;x
23281;93;159;166;R10G152B119;x
23282;110;167;66;R79G171B32;x
23283;91;127;61;R152G160B12;x
23284;173;174;70;R10G110B182;x
23285;167;158;128;R92G41B243;x
23286;169;153;101;R74G77B148;x
23287;181;153;110;R91G62B138;x
23288;189;170;164;R189G52B219;x
23289;214;163;104;R247G108B111;x
23290;181;146;91;R211G162B81;x
23291;175;138;136;R16G87B161;x
23292;166;146;92;R31G23B252;x
23293;195;146;73;R215G126B55;x
23294;105;110;151;R220G63B108;x
23295;179;160;165;R161G38B112;x
23296;155;231;76;R67G186B1;x
23297;181;167;65;R154G18B53;x
23298;118;132;77;R207G145B84;x
23299;131;123;91;R115G26B142;x
23300;115;168;181;R165G125B108;x
23301;204;173;96;R143G24B27;x
23302;147;175;116;R131G78B19;x
23303;231;162;85;R66G112B221;x
23304;166;198;131;R143G73B208;x
23305;192;127;102;R15G72B147;x
23306;219;200;90;R225G37B229;x
23307;207;187;122;R239G138B212;x
23308;165;208;138;R141G193B83;x
23309;187;122;146;R254G90B116;x
23310;119;155;182;R136G244B169;x
23311;204;170;95;R206G210B84;x
23312;205;101;89;R31G198B3;x
23313;192;208;128;R2G254B74;x
23314;213;155;162;R159G226B176;x
23315;147;188;157;R192G140B181;x
23316;230;178;129;R80G139B142;x
23317;152;185;75;R154G141B31;x
23318;104;160;172;R200G46B218;x
23319;225;186;87;R227G82B132;x
23320;199;159;95;R30G83B196;x
23321;220;132;87;R139G211B166;x
23322;161;183;85;R8G86B79;x
23323;136;114;177;R101G139B151;x
23324;120;149;126;R17G247B235;x
23325;194;154;107;R217G13B230;x
23326;192;173;88;R231G63B218;x
23327;188;194;66;R21G228B81;x
23328;183;134;167;R79G192B111;x
23329;194;180;49;R76G31B23;x
23330;160;141;156;R129G49B169;x
23331;151;163;185;R141G254B58;x
23332;210;168;137;R44G64B169;x
23333;89;85;94;R238G30B44;x
23334;189;143;94;R55G5B163;x
23335;176;197;121;R12G142B46;x
23336;215;209;149;R222G130B212;x
23337;181;139;114;R166G226B111;x
23338;154;152;95;R243G42B48;x
23339;176;165;75;R67G49B125;x
23340;223;154;86;R188G122B238;x
23341;92;123;169;R253G99B177;x
23342;146;185;125;R101G33B187;x
23343;189;155;104;R97G114B92;x
23344;183;174;78;R158G180B227;x
23345;143;173;150;R146G129B33;x
23346;67;149;80;R249G184B1;x
23347;183;166;114;R98G218B169;x
23348;204;127;85;R224G223B122;x
23349;169;152;146;R63G102B97;x
23350;176;128;122;R222G6B155;x
23351;156;159;128;R94G176B139;x
23352;118;194;140;R74G174B75;x
23353;169;96;102;R100G25B90;x
23354;171;198;138;R100G41B83;x
23355;138;173;137;R158G221B39;x
23356;227;198;98;R114G138B135;x
23357;175;123;157;R88G187B255;x
23358;121;160;77;R147G214B244;x
23359;208;145;66;R167G226B190;x
23360;197;186;127;R213G124B156;x
23361;183;206;96;R69G213B180;x
23362;106;149;199;R25G25B248;x
23363;192;133;63;R38G51B135;x
23364;84;135;139;R232G56B145;x
23365;92;129;111;R129G95B225;x
23366;208;113;66;R103G107B148;x
23367;171;183;73;R183G64B215;x
23368;162;200;184;R182G28B84;x
23369;76;123;133;R112G96B102;x
23370;120;195;150;R226G46B143;x
23371;156;165;133;R70G102B113;x
23372;210;157;100;R31G8B84;x
23373;204;181;110;R169G85B79;x
23374;109;143;79;R24G206B67;x
23375;202;188;115;R91G125B102;x
23376;219;171;86;R11G108B198;x
23377;181;162;153;R186G250B253;x
23378;182;181;82;R208G4B133;x
23379;154;182;138;R255G65B152;x
23380;192;141;69;R212G129B183;x
23381;226;188;96;R231G156B169;x
23382;203;104;125;R19G49B195;x
23383;192;166;109;R129G26B10;x
23384;200;135;70;R195G81B154;x
23385;239;174;81;R137G101B12;x
23386;110;154;97;R115G106B4;x
23387;179;142;146;R241G14B191;x
23388;219;173;90;R69G191B64;x
23389;167;182;116;R174G43B30;x
23390;210;183;99;R41G241B58;x
23391;51;147;81;R109G145B120;x
23392;72;130;54;R162G174B255;x
23393;207;183;81;R35G105B1;x
23394;98;160;164;R123G27B5;x
23395;188;135;122;R169G172B252;x
23396;223;164;53;R96G46B16;x
23397;211;149;155;R244G34B181;x
23398;185;165;126;R43G158B15;x
23399;209;189;67;R239G236B122;x
23400;209;198;77;R69G197B91;x
23401;180;181;60;R86G10B246;x
23402;191;186;181;R72G0B94;x
23403;158;154;130;R237G118B90;x
23404;163;133;121;R38G38B167;x
23405;207;185;88;R118G216B136;x
23406;185;161;123;R87G80B42;x
23407;165;175;148;R86G40B126;x
23408;107;145;87;R70G60B132;x
23409;126;133;135;R139G59B157;x
23410;206;184;83;R147G7B128;x
23411;200;133;113;R252G98B43;x
23412;215;180;100;R117G177B19;x
23413;218;177;100;R177G153B155;x
23414;124;162;94;R147G128B236;x
23415;207;132;126;R97G215B75;x
23416;186;170;116;R85G178B221;x
23417;119;131;80;R170G223B188;x
23418;173;164;139;R255G18B62;x
23419;86;101;107;R245G123B249;x
23420;118;109;127;R136G163B43;x
23421;195;153;78;R168G155B17;x
23422;176;145;73;R5G49B224;x
23423;177;199;172;R233G118B85;x
23424;166;202;149;R249G174B118;x
23425;190;183;136;R83G151B41;x
23426;191;198;118;R145G153B221;x
23427;234;207;125;R228G192B150;x
23428;174;214;87;R86G129B15;x
23429;93;142;201;R77G176B121;x
23430;173;112;128;R190G44B153;x
23431;140;165;173;R30G39B14;x
23432;152;146;127;R101G148B69;x
23433;150;167;134;R251G100B210;x
23434;185;180;88;R101G119B10;x
23435;208;127;71;R124G114B237;x
23436;226;182;115;R124G106B94;x
23437;70;150;65;R216G84B26;x
23438;85;123;79;R2G253B23;x
23439;171;143;127;R164G189B137;x
23440;103;124;106;R59G73B185;x
23441;102;93;127;R67G80B236;x
23442;115;153;89;R178G80B226;x
23443;172;151;86;R207G222B33;x
23444;149;197;156;R183G196B216;x
23445;172;186;73;R189G119B82;x
23446;187;192;123;R131G194B201;x
23447;179;120;105;R84G124B174;x
23448;199;131;87;R91G23B115;x
23449;238;164;118;R216G38B203;x
23450;210;183;109;R35G156B9;x
23451;184;195;94;R13G201B92;x
23452;202;147;112;R128G119B43;x
23453;198;166;74;R166G60B135;x
23454;236;171;157;R227G123B2;x
23455;148;142;174;R233G71B230;x
23456;230;177;135;R130G25B228;x
23457;200;195;106;R220G77B226;x
23458;97;133;95;R238G66B3;x
23459;196;166;112;R116G37B14;x
23460;202;201;75;R193G68B121;x
23461;183;162;115;R153G224B17;x
23462;168;146;181;R33G67B249;x
23463;118;164;80;R93G30B245;x
23464;188;168;166;R81G219B84;x
23465;124;160;120;R196G227B26;x
23466;210;125;69;R194G112B122;x
23467;190;125;156;R180G73B93;x
23468;196;175;121;R238G178B229;x
23469;158;180;154;R216G241B49;x
23470;183;188;100;R187G99B72;x
23471;192;177;123;R34G229B220;x
23472;171;186;124;R115G243B62;x
23473;186;176;88;R239G193B94;x
23474;217;154;116;R57G110B128;x
23475;139;112;165;R5G167B56;x
23476;204;194;137;R241G201B189;x
23477;183;178;124;R101G63B253;x
23478;147;145;110;R134G248B214;x
23479;164;159;104;R192G235B45;x
23480;187;190;100;R37G165B232;x
23481;208;151;130;R63G69B83;x
23482;173;179;115;R195G161B231;x
23483;221;197;107;R141G193B108;x
23484;174;158;97;R240G90B142;x
23485;183;152;73;R139G16B173;x
23486;146;151;141;R231G147B74;x
23487;164;182;116;R235G238B79;x
23488;170;169;153;R40G40B244;x
23489;186;223;142;R3G248B22;x
23490;100;127;93;R11G81B214;x
23491;229;124;103;R145G245B96;x
23492;172;131;107;R214G137B173;x
23493;184;193;102;R121G185B25;x
23494;183;189;147;R76G232B22;x
23495;189;165;108;R63G19B133;x
23496;154;169;134;R230G145B181;x
23497;160;164;136;R97G188B230;x
23498;214;200;134;R10G170B223;x
23499;166;144;137;R14G32B28;x
23500;192;158;57;R121G117B27;x
23501;103;136;66;R190G214B34;x
23502;185;147;137;R239G172B214;x
23503;232;153;126;R26G162B70;x
23504;169;157;115;R164G133B154;x
23505;167;165;90;R48G15B125;x
23506;199;143;150;R122G45B220;x
23507;204;133;155;R237G230B25;x
23508;145;147;76;R80G149B81;x
23509;165;105;114;R7G19B96;x
23510;208;190;135;R125G33B70;x
23511;134;157;95;R77G66B37;x
23512;92;125;90;R54G219B98;x
23513;228;165;84;R10G69B97;x
23514;184;140;103;R120G43B146;x
23515;220;192;95;R74G133B240;x
23516;187;195;160;R208G155B51;x
23517;184;154;51;R114G225B67;x
23518;204;162;114;R175G240B133;x
23519;92;146;61;R72G224B134;x
23520;166;200;109;R141G113B133;x
23521;184;178;100;R12G214B82;x
23522;201;198;93;R147G224B11;x
23523;142;156;121;R6G143B23;x
23524;162;164;135;R98G214B214;x
23525;103;119;80;R237G116B251;x
23526;158;173;127;R183G47B59;x
23527;220;128;89;R105G19B76;x
23528;164;178;64;R175G37B200;x
23529;207;190;116;R69G198B104;x
23530;179;105;66;R143G186B142;x
23531;193;180;81;R217G170B159;x
23532;219;150;50;R53G138B112;x
23533;212;185;82;R63G173B246;x
23534;184;173;130;R146G211B254;x
23535;176;166;114;R179G72B145;x
23536;194;125;177;R214G237B106;x
23537;217;167;83;R236G174B112;x
23538;143;166;153;R129G61B68;x
23539;173;202;89;R201G192B162;x
23540;212;182;167;R193G235B152;x
23541;235;151;77;R115G247B107;x
23542;178;138;131;R72G225B81;x
23543;196;151;141;R150G60B25;x
23544;216;161;92;R165G155B160;x
23545;94;109;66;R97G75B157;x
23546;172;142;95;R144G204B124;x
23547;199;152;119;R165G91B57;x
23548;66;121;109;R76G8B214;x
23549;101;93;93;R120G187B153;x
23550;175;198;105;R132G22B246;x
23551;124;171;177;R238G64B206;x
23552;191;165;65;R239G58B135;x
23553;152;137;58;R172G237B148;x
23554;178;172;69;R245G154B152;x
23555;174;205;78;R138G246B62;x
23556;120;149;209;R162G191B17;x
23557;207;194;89;R60G29B159;x
23558;182;187;74;R93G177B171;x
23559;72;166;69;R212G9B232;x
23560;102;105;73;R149G2B98;x
23561;183;125;142;R110G219B227;x
23562;182;148;160;R132G181B124;x
23563;69;115;106;R77G240B34;x
23564;166;174;163;R126G28B88;x
23565;199;146;60;R153G240B63;x
23566;223;165;110;R244G180B40;x
23567;195;182;103;R21G61B169;x
23568;158;190;120;R168G104B87;x
23569;160;130;79;R70G104B237;x
23570;137;158;166;R67G44B25;x
23571;138;144;174;R78G125B49;x
23572;199;166;124;R51G242B54;x
23573;180;145;175;R167G235B209;x
23574;137;165;136;R224G3B61;x
23575;121;129;114;R87G243B221;x
23576;187;186;125;R22G185B149;x
23577;189;177;102;R39G58B64;x
23578;200;165;84;R248G29B122;x
23579;113;144;132;R95G41B189;x
23580;168;163;89;R2G115B41;x
23581;218;147;103;R50G160B191;x
23582;182;150;96;R89G202B48;x
23583;184;173;98;R110G133B121;x
23584;158;170;65;R58G163B2;x
23585;104;142;72;R47G247B12;x
23586;183;164;93;R195G233B28;x
23587;97;151;100;R94G104B67;x
23588;156;162;113;R158G188B197;x
23589;219;170;97;R245G56B138;x
23590;207;112;43;R1G37B146;x
23591;184;173;117;R210G202B7;x
23592;81;130;149;R244G11B201;x
23593;174;163;123;R166G98B44;x
23594;55;108;53;R236G173B190;x
23595;227;174;110;R170G77B51;x
23596;165;122;116;R43G254B50;x
23597;103;151;137;R76G164B90;x
23598;107;140;83;R169G193B141;x
23599;201;140;97;R65G226B190;x
23600;197;152;107;R201G8B209;x
23601;210;179;137;R253G193B28;x
23602;200;110;127;R109G58B43;x
23603;222;147;55;R162G241B84;x
23604;193;166;74;R170G255B228;x
23605;174;198;144;R136G90B183;x
23606;184;134;77;R3G160B231;x
23607;219;149;61;R220G12B90;x
23608;211;180;91;R91G144B14;x
23609;188;137;81;R217G176B236;x
23610;182;138;50;R112G196B143;x
23611;184;196;89;R186G241B133;x
23612;135;182;92;R143G207B149;x
23613;153;202;87;R123G123B216;x
23614;70;136;95;R93G151B128;x
23615;186;138;79;R235G237B10;x
23616;190;140;162;R101G216B208;x
23617;220;187;111;R94G90B82;x
23618;194;159;123;R2G52B2;x
23619;204;162;86;R127G22B197;x
23620;174;154;102;R113G42B143;x
23621;181;152;86;R14G61B121;x
23622;168;146;128;R65G2B244;x
23623;112;168;80;R117G3B174;x
23624;176;161;163;R103G201B188;x
23625;198;205;111;R235G235B172;x
23626;97;156;115;R169G123B220;x
23627;163;187;125;R58G171B137;x
23628;166;127;146;R114G86B124;x
23629;86;181;87;R10G151B80;x
23630;164;176;120;R78G251B39;x
23631;233;136;89;R223G250B198;x
23632;131;181;182;R243G218B205;x
23633;196;153;160;R224G109B210;x
23634;177;175;173;R125G245B148;x
23635;187;160;57;R163G17B29;x
23636;197;145;132;R218G53B0;x
23637;132;211;66;R184G71B115;x
23638;95;123;104;R54G220B125;x
23639;182;121;98;R32G243B178;x
23640;216;144;73;R255G79B184;x
23641;145;162;138;R54G40B65;x
23642;150;193;89;R35G124B154;x
23643;179;151;135;R204G113B107;x
23644;92;145;91;R38G120B97;x
23645;240;158;73;R144G184B179;x
23646;115;145;95;R15G124B110;x
23647;164;118;115;R71G25B26;x
23648;201;168;112;R226G215B15;x
23649;175;202;93;R152G8B222;x
23650;187;132;159;R156G147B128;x
23651;66;118;77;R243G236B209;x
23652;221;178;174;R114G13B215;x
23653;193;144;132;R14G209B250;x
23654;199;198;50;R38G124B10;x
23655;186;161;92;R114G11B118;x
23656;181;177;106;R178G222B231;x
23657;39;124;35;R6G234B204;x
23658;209;125;68;R8G91B66;x
23659;238;155;106;R178G206B146;x
23660;173;169;87;R68G49B127;x
23661;152;195;109;R70G152B170;x
23662;164;176;141;R131G99B112;x
23663;141;158;150;R0G85B9;x
23664;192;169;133;R180G160B47;x
23665;192;174;119;R147G38B150;x
23666;109;140;59;R173G158B81;x
23667;229;210;62;R36G72B59;x
23668;210;160;103;R36G155B197;x
23669;132;194;65;R63G57B79;x
23670;141;195;132;R34G143B194;x
23671;123;146;100;R9G94B70;x
23672;204;130;116;R78G147B138;x
23673;198;185;109;R73G224B56;x
23674;202;131;114;R111G227B142;x
23675;198;170;137;R151G250B111;x
23676;209;175;116;R201G42B35;x
23677;197;167;79;R9G237B191;x
23678;110;111;91;R202G84B3;x
23679;161;171;109;R241G33B52;x
23680;198;193;107;R51G10B192;x
23681;235;138;54;R241G198B78;x
23682;181;186;84;R12G226B250;x
23683;114;125;92;R197G222B234;x
23684;217;148;126;R83G168B236;x
23685;80;143;119;R101G53B202;x
23686;184;171;161;R223G81B238;x
23687;199;194;87;R253G109B39;x
23688;176;168;114;R66G47B24;x
23689;177;161;90;R220G41B134;x
23690;180;200;94;R13G77B7;x
23691;104;144;82;R250G212B186;x
23692;166;152;155;R147G142B59;x
23693;216;168;72;R108G128B137;x
23694;101;138;66;R61G161B183;x
23695;223;172;142;R58G181B207;x
23696;78;153;158;R213G132B94;x
23697;206;146;101;R106G152B22;x
23698;174;174;127;R19G107B49;x
23699;64;124;70;R36G56B125;x
23700;185;181;123;R175G231B243;x
23701;211;145;127;R33G213B29;x
23702;127;144;128;R203G17B150;x
23703;199;162;163;R254G229B134;x
23704;199;164;131;R8G187B247;x
23705;193;184;71;R39G118B47;x
23706;206;120;123;R157G114B35;x
23707;167;196;107;R150G12B163;x
23708;240;164;129;R206G236B252;x
23709;182;141;173;R232G247B107;x
23710;171;208;92;R12G255B140;x
23711;173;153;85;R6G54B44;x
23712;188;210;91;R162G7B224;x
23713;167;185;193;R59G116B49;x
23714;139;144;144;R48G203B252;x
23715;188;151;114;R91G93B239;x
23716;200;141;63;R153G103B178;x
23717;227;189;113;R114G206B197;x
23718;113;129;161;R3G177B220;x
23719;186;215;73;R14G125B109;x
23720;219;152;68;R183G114B201;x
23721;191;157;87;R188G224B232;x
23722;113;140;179;R58G137B159;x
23723;154;132;87;R74G193B182;x
23724;92;149;56;R6G216B177;x
23725;165;179;123;R11G112B109;x
23726;196;121;84;R243G75B165;x
23727;106;153;86;R136G96B253;x
23728;201;185;59;R35G190B51;x
23729;87;130;177;R84G231B118;x
23730;219;177;146;R104G235B170;x
23731;215;166;165;R244G245B155;x
23732;97;112;130;R249G67B254;x
23733;221;199;128;R65G110B15;x
23734;216;154;60;R30G23B176;x
23735;234;140;109;R73G32B195;x
23736;173;195;70;R231G243B14;x
23737;154;116;131;R181G217B39;x
23738;175;150;157;R168G139B81;x
23739;188;171;112;R138G125B204;x
23740;233;185;139;R235G170B17;x
23741;208;149;108;R173G46B244;x
23742;151;175;175;R238G188B182;x
23743;201;151;101;R41G88B240;x
23744;233;180;60;R55G37B90;x
23745;124;155;124;R217G54B200;x
23746;174;141;156;R230G113B134;x
23747;136;135;148;R184G196B123;x
23748;190;184;98;R27G1B78;x
23749;214;173;96;R221G41B85;x
23750;89;133;157;R198G223B34;x
23751;194;170;115;R50G218B209;x
23752;184;176;96;R86G127B45;x
23753;73;132;54;R210G165B189;x
23754;186;113;141;R211G67B214;x
23755;199;164;84;R136G186B60;x
23756;225;162;52;R92G40B111;x
23757;220;115;56;R111G32B89;x
23758;191;207;98;R62G39B131;x
23759;130;158;101;R100G212B140;x
23760;68;136;88;R83G98B183;x
23761;195;203;125;R39G103B221;x
23762;182;165;114;R210G242B111;x
23763;159;165;138;R121G153B172;x
23764;199;193;91;R9G240B209;x
23765;182;172;84;R205G212B10;x
23766;202;119;123;R169G4B67;x
23767;198;123;168;R226G67B130;x
23768;201;122;136;R247G28B99;x
23769;217;173;103;R101G94B168;x
23770;178;172;63;R128G219B125;x
23771;185;182;143;R180G241B210;x
23772;166;155;162;R179G155B121;x
23773;80;111;97;R185G79B100;x
23774;159;134;154;R13G156B49;x
23775;122;127;106;R29G29B167;x
23776;52;124;99;R39G147B58;x
23777;204;190;126;R231G110B201;x
23778;195;131;109;R191G99B229;x
23779;161;200;117;R228G221B152;x
23780;97;133;164;R238G62B158;x
23781;236;132;109;R197G26B143;x
23782;195;233;80;R62G153B174;x
23783;122;153;83;R44G130B63;x
23784;236;113;90;R236G150B73;x
23785;208;170;90;R137G51B220;x
23786;200;200;88;R188G106B252;x
23787;215;145;79;R80G212B84;x
23788;102;153;124;R206G234B7;x
23789;178;168;143;R3G235B68;x
23790;166;191;111;R215G75B155;x
23791;164;193;174;R235G184B52;x
23792;97;121;95;R118G30B66;x
23793;187;183;104;R211G117B190;x
23794;174;191;77;R144G178B131;x
23795;199;165;73;R21G213B240;x
23796;111;124;94;R152G121B169;x
23797;155;163;90;R190G9B236;x
23798;193;167;148;R180G70B114;x
23799;115;179;89;R167G15B47;x
23800;197;136;104;R208G219B52;x
23801;127;106;90;R130G81B217;x
23802;192;174;65;R210G199B19;x
23803;52;137;81;R210G36B8;x
23804;125;198;107;R3G194B27;x
23805;175;157;115;R45G124B216;x
23806;172;172;140;R71G133B204;x
23807;198;150;194;R94G161B104;x
23808;174;175;99;R121G43B91;x
23809;64;138;53;R34G119B54;x
23810;189;106;121;R186G64B115;x
23811;181;137;135;R232G34B145;x
23812;225;184;61;R106G182B225;x
23813;146;160;128;R136G252B30;x
23814;186;141;62;R10G60B212;x
23815;186;173;151;R101G211B243;x
23816;240;133;95;R242G74B253;x
23817;167;129;131;R14G152B52;x
23818;183;182;91;R234G115B31;x
23819;72;128;129;R208G112B67;x
23820;144;149;107;R238G85B202;x
23821;92;113;75;R126G164B131;x
23822;212;141;100;R178G109B137;x
23823;193;143;121;R44G233B136;x
23824;141;163;134;R45G186B21;x
23825;198;206;101;R38G62B247;x
23826;154;189;91;R67G138B66;x
23827;204;153;69;R162G105B51;x
23828;233;148;64;R103G233B215;x
23829;220;176;79;R37G112B10;x
23830;138;184;114;R76G255B175;x
23831;185;212;75;R97G182B253;x
23832;170;142;136;R220G78B137;x
23833;203;193;114;R191G82B102;x
23834;137;139;116;R106G139B199;x
23835;227;126;41;R231G193B60;x
23836;198;150;53;R187G126B168;x
23837;224;185;115;R105G7B230;x
23838;171;177;54;R128G38B115;x
23839;181;129;141;R75G204B1;x
23840;63;107;83;R150G101B132;x
23841;207;155;121;R214G88B48;x
23842;83;105;108;R33G83B228;x
23843;184;172;122;R22G5B34;x
23844;186;183;99;R14G16B188;x
23845;176;172;124;R6G249B145;x
23846;185;176;135;R41G202B248;x
23847;168;168;119;R184G37B125;x
23848;98;153;91;R210G76B40;x
23849;187;168;135;R46G148B254;x
23850;73;151;100;R157G22B60;x
23851;181;176;109;R9G126B208;x
23852;172;180;68;R221G59B218;x
23853;233;170;59;R69G131B187;x
23854;153;188;129;R111G38B44;x
23855;215;158;126;R219G86B103;x
23856;184;124;99;R56G133B49;x
23857;168;179;163;R65G55B86;x
23858;200;158;163;R235G253B45;x
23859;222;167;89;R178G191B239;x
23860;163;163;110;R202G253B31;x
23861;150;174;113;R200G173B162;x
23862;180;148;72;R237G53B249;x
23863;185;182;161;R153G1B72;x
23864;182;123;144;R158G165B219;x
23865;97;130;105;R142G11B30;x
23866;180;186;61;R4G198B170;x
23867;183;178;155;R178G124B143;x
23868;183;169;126;R252G115B41;x
23869;123;145;100;R48G212B149;x
23870;214;186;115;R199G42B136;x
23871;86;102;168;R62G169B95;x
23872;85;150;99;R38G14B241;x
23873;213;168;118;R232G41B119;x
23874;208;140;92;R241G213B249;x
23875;225;151;97;R244G241B88;x
23876;204;173;99;R27G27B1;x
23877;167;157;168;R131G236B170;x
23878;150;178;132;R122G237B58;x
23879;211;168;86;R87G214B239;x
23880;133;169;157;R109G10B53;x
23881;170;141;77;R136G58B231;x
23882;192;131;148;R147G27B185;x
23883;174;191;84;R191G220B166;x
23884;168;194;119;R228G241B200;x
23885;189;178;105;R144G123B192;x
23886;89;139;115;R167G89B145;x
23887;110;164;169;R229G100B209;x
23888;117;139;75;R113G99B113;x
23889;197;148;160;R159G57B47;x
23890;226;195;109;R200G207B133;x
23891;192;144;135;R54G77B97;x
23892;198;173;101;R125G230B203;x
23893;139;146;90;R210G181B90;x
23894;192;157;130;R164G180B112;x
23895;199;159;93;R199G221B125;x
23896;215;156;130;R26G204B46;x
23897;204;174;147;R11G231B200;x
23898;221;141;64;R173G237B64;x
23899;139;202;90;R23G220B28;x
23900;207;182;80;R70G161B75;x
23901;81;112;98;R22G187B169;x
23902;153;183;90;R245G26B96;x
23903;96;130;73;R187G57B28;x
23904;194;126;82;R197G135B104;x
23905;225;191;128;R103G241B117;x
23906;115;97;131;R83G245B125;x
23907;166;186;138;R178G165B166;x
23908;215;157;96;R174G131B92;x
23909;67;143;65;R223G20B211;x
23910;159;190;62;R167G91B115;x
23911;102;128;103;R181G244B229;x
23912;151;147;103;R230G204B93;x
23913;178;182;126;R107G47B254;x
23914;186;152;168;R83G171B174;x
23915;210;142;89;R128G168B0;x
23916;96;136;83;R224G155B145;x
23917;139;184;137;R236G193B62;x
23918;198;178;108;R93G220B240;x
23919;167;176;130;R231G109B192;x
23920;148;151;154;R242G19B79;x
23921;221;168;124;R120G75B167;x
23922;190;174;96;R248G138B44;x
23923;196;154;97;R37G199B34;x
23924;120;169;128;R6G14B83;x
23925;168;188;128;R198G233B134;x
23926;93;153;99;R220G238B249;x
23927;124;126;130;R182G138B109;x
23928;161;210;77;R113G131B53;x
23929;186;147;90;R121G78B55;x
23930;175;141;153;R106G172B189;x
23931;69;136;63;R17G140B163;x
23932;149;180;114;R195G233B136;x
23933;179;157;109;R230G104B184;x
23934;230;164;79;R211G108B106;x
23935;130;137;101;R15G10B76;x
23936;200;170;98;R255G78B85;x
23937;133;173;131;R25G184B79;x
23938;118;152;127;R5G26B10;x
23939;213;195;98;R45G25B223;x
23940;84;139;90;R166G139B231;x
23941;200;168;93;R225G57B32;x
23942;223;159;54;R12G171B239;x
23943;199;203;104;R251G218B215;x
23944;184;237;92;R1G125B21;x
23945;217;124;115;R240G80B102;x
23946;193;176;139;R104G10B72;x
23947;188;140;78;R9G100B247;x
23948;183;233;81;R130G75B73;x
23949;185;133;158;R18G78B250;x
23950;234;147;64;R154G190B20;x
23951;190;160;75;R206G181B238;x
23952;177;150;145;R92G44B250;x
23953;103;124;129;R136G123B83;x
23954;184;145;100;R237G201B1;x
23955;204;176;93;R65G183B85;x
23956;155;183;95;R60G122B148;x
23957;88;113;86;R172G99B151;x
23958;194;209;75;R161G195B221;x
23959;173;147;137;R41G17B254;x
23960;96;144;142;R66G41B53;x
23961;187;185;129;R175G153B104;x
23962;73;128;42;R202G132B158;x
23963;233;174;131;R21G10B9;x
23964;144;209;73;R15G234B141;x
23965;203;137;55;R45G73B182;x
23966;197;146;128;R58G180B104;x
23967;124;176;117;R214G137B22;x
23968;149;156;178;R151G185B44;x
23969;81;148;180;R19G76B1;x
23970;116;154;133;R167G226B15;x
23971;201;188;143;R239G124B61;x
23972;216;226;100;R130G217B55;x
23973;178;149;120;R196G93B107;x
23974;211;116;125;R163G177B6;x
23975;227;164;125;R205G189B2;x
23976;184;195;118;R207G235B198;x
23977;97;164;183;R174G179B181;x
23978;124;102;87;R181G27B203;x
23979;206;151;142;R251G56B0;x
23980;211;154;78;R95G49B188;x
23981;170;138;146;R122G130B118;x
23982;153;154;87;R109G218B100;x
23983;199;116;104;R149G57B31;x
23984;169;152;158;R106G19B108;x
23985;141;216;89;R157G91B107;x
23986;192;130;119;R69G24B1;x
23987;192;172;93;R233G138B90;x
23988;208;135;73;R131G181B212;x
23989;171;109;132;R14G34B72;x
23990;159;149;134;R176G234B255;x
23991;216;167;125;R142G175B245;x
23992;163;198;125;R160G94B148;x
23993;218;165;136;R90G81B68;x
23994;194;203;129;R14G215B111;x
23995;169;172;148;R140G208B100;x
23996;94;158;98;R122G69B16;x
23997;218;167;128;R87G75B64;x
23998;195;169;102;R80G184B244;x
23999;160;124;126;R160G252B145;x
24000;68;137;74;R146G12B208;x
24001;173;147;146;R145G36B111;x
24002;205;138;95;R188G152B249;x
24003;204;188;118;R229G79B157;x
24004;62;107;78;R98G228B72;x
24005;212;191;148;R253G146B136;x
24006;66;107;89;R120G52B160;x
24007;138;167;135;R80G66B155;x
24008;191;211;111;R148G97B80;x
24009;98;141;63;R157G23B32;x
24010;130;139;106;R99G234B237;x
24011;163;189;84;R194G33B55;x
24012;208;133;91;R197G128B217;x
24013;113;117;85;R225G211B62;x
24014;95;147;90;R199G82B96;x
24015;190;158;159;R227G251B207;x
24016;171;159;89;R98G196B68;x
24017;226;151;103;R53G141B98;x
24018;163;189;95;R68G20B196;x
24019;166;149;101;R102G69B12;x
24020;133;179;130;R179G163B58;x
24021;168;165;83;R37G229B161;x
24022;55;141;60;R91G85B105;x
24023;200;206;109;R224G170B20;x
24024;108;154;108;R22G44B197;x
24025;231;201;144;R25G215B232;x
24026;160;141;148;R139G194B194;x
24027;165;185;128;R230G140B148;x
24028;195;208;95;R175G63B172;x
24029;189;160;87;R171G116B129;x
24030;112;134;61;R56G171B206;x
24031;121;180;113;R58G210B240;x
24032;167;129;132;R132G110B75;x
24033;189;169;95;R193G29B209;x
24034;199;187;112;R87G187B247;x
24035;178;158;92;R214G236B103;x
24036;204;169;74;R2G103B235;x
24037;189;156;103;R210G60B213;x
24038;207;174;110;R149G163B109;x
24039;221;193;44;R207G193B32;x
24040;221;191;87;R66G46B155;x
24041;207;150;91;R16G38B98;x
24042;185;199;184;R76G172B233;x
24043;83;128;79;R178G104B51;x
24044;149;144;126;R184G4B141;x
24045;190;145;131;R97G113B249;x
24046;159;146;116;R152G206B32;x
24047;168;139;105;R16G125B150;x
24048;188;119;87;R215G110B16;x
24049;190;124;127;R245G67B219;x
24050;94;122;97;R247G118B193;x
24051;210;145;97;R198G146B227;x
24052;159;183;108;R206G70B22;x
24053;91;136;175;R219G131B165;x
24054;210;154;143;R116G58B234;x
24055;203;143;114;R114G195B219;x
24056;169;161;149;R187G239B112;x
24057;199;217;113;R108G8B7;x
24058;94;107;59;R77G123B146;x
24059;121;135;114;R244G243B134;x
24060;195;168;87;R130G199B122;x
24061;169;151;164;R26G68B159;x
24062;221;163;109;R82G186B38;x
24063;195;206;117;R179G196B40;x
24064;181;214;128;R188G255B246;x
24065;200;212;110;R184G86B147;x
24066;186;176;99;R78G171B162;x
24067;68;152;72;R66G254B52;x
24068;214;153;113;R239G98B248;x
24069;88;132;107;R79G223B174;x
24070;170;172;82;R88G60B148;x
24071;174;165;148;R184G223B125;x
24072;88;98;79;R149G246B40;x
24073;197;210;107;R196G89B227;x
24074;84;100;103;R174G86B103;x
24075;193;186;63;R201G191B16;x
24076;165;195;88;R227G3B0;x
24077;227;157;121;R41G205B224;x
24078;168;171;145;R94G143B230;x
24079;139;178;148;R240G6B229;x
24080;167;189;164;R78G20B23;x
24081;166;161;163;R17G217B58;x
24082;203;176;111;R8G147B139;x
24083;235;141;49;R37G148B12;x
24084;164;143;137;R69G228B217;x
24085;172;214;106;R198G32B133;x
24086;212;138;65;R67G229B38;x
24087;214;170;103;R73G81B88;x
24088;120;178;113;R155G89B235;x
24089;67;121;110;R224G204B19;x
24090;214;138;60;R29G59B108;x
24091;175;160;147;R32G3B191;x
24092;171;176;126;R178G115B178;x
24093;148;166;131;R48G64B201;x
24094;185;145;115;R18G22B10;x
24095;175;137;146;R71G36B195;x
24096;192;210;102;R93G108B51;x
24097;193;152;96;R112G182B142;x
24098;70;154;132;R107G48B102;x
24099;135;149;118;R220G251B69;x
24100;219;174;93;R97G190B88;x
24101;189;177;148;R227G27B117;x
24102;163;152;128;R97G188B214;x
24103;135;179;93;R234G170B75;x
24104;199;181;81;R141G224B156;x
24105;165;141;79;R26G91B80;x
24106;224;170;82;R13G26B221;x
24107;173;185;118;R135G9B200;x
24108;155;177;119;R119G40B49;x
24109;169;225;100;R0G106B214;x
24110;107;116;102;R15G92B16;x
24111;116;143;142;R27G30B152;x
24112;113;158;92;R174G63B54;x
24113;165;168;119;R141G210B113;x
24114;169;192;90;R89G228B111;x
24115;207;146;112;R87G184B213;x
24116;199;165;85;R131G246B7;x
24117;168;127;132;R9G253B28;x
24118;127;164;92;R141G227B215;x
24119;189;195;139;R109G14B107;x
24120;122;118;153;R12G55B123;x
24121;168;117;151;R53G39B135;x
24122;232;140;97;R80G38B76;x
24123;201;181;67;R60G44B238;x
24124;63;105;96;R227G59B34;x
24125;154;158;186;R87G183B31;x
24126;139;137;164;R240G166B87;x
24127;215;152;81;R236G159B115;x
24128;167;102;142;R186G190B246;x
24129;205;168;55;R121G117B30;x
24130;84;115;102;R100G214B61;x
24131;74;108;105;R85G16B54;x
24132;173;146;90;R82G39B109;x
24133;175;144;49;R98G108B130;x
24134;162;198;83;R173G12B116;x
24135;217;150;89;R147G158B249;x
24136;178;198;86;R113G188B213;x
24137;124;166;124;R7G138B173;x
24138;137;187;137;R210G145B47;x
24139;232;198;94;R131G20B131;x
24140;201;192;70;R218G227B249;x
24141;186;179;92;R180G196B58;x
24142;114;130;109;R21G73B144;x
24143;190;177;125;R16G132B51;x
24144;201;129;105;R211G142B18;x
24145;222;144;43;R58G0B100;x
24146;136;102;158;R141G18B59;x
24147;210;173;78;R90G151B179;x
24148;213;209;103;R110G155B8;x
24149;186;134;111;R172G165B97;x
24150;116;131;92;R218G183B78;x
24151;170;116;168;R73G32B24;x
24152;193;221;89;R209G243B68;x
24153;161;179;102;R203G237B218;x
24154;172;184;124;R206G24B126;x
24155;76;143;90;R30G112B6;x
24156;86;112;100;R14G17B146;x
24157;179;213;119;R49G255B87;x
24158;192;207;128;R185G128B214;x
24159;61;106;112;R225G59B246;x
24160;187;169;91;R122G11B169;x
24161;205;173;63;R129G110B7;x
24162;164;163;169;R255G151B50;x
24163;158;180;138;R193G241B203;x
24164;176;168;98;R250G193B172;x
24165;132;163;55;R182G120B12;x
24166;77;143;74;R242G152B163;x
24167;108;154;88;R58G187B200;x
24168;219;155;54;R81G146B160;x
24169;167;159;195;R249G44B148;x
24170;173;154;77;R21G193B41;x
24171;217;167;99;R62G74B196;x
24172;199;177;51;R12G64B54;x
24173;174;151;126;R98G222B242;x
24174;149;181;125;R167G74B86;x
24175;228;154;108;R33G238B160;x
24176;156;162;116;R178G148B26;x
24177;192;158;84;R220G14B239;x
24178;80;152;56;R172G21B253;x
24179;195;182;119;R108G216B28;x
24180;226;196;84;R76G204B156;x
24181;61;151;109;R152G227B237;x
24182;194;117;69;R62G152B223;x
24183;192;174;190;R250G19B94;x
24184;230;163;118;R7G59B79;x
24185;142;205;119;R57G63B71;x
24186;176;112;135;R175G96B63;x
24187;178;154;112;R252G212B8;x
24188;199;198;114;R184G146B172;x
24189;197;146;129;R241G138B176;x
24190;93;123;95;R146G165B228;x
24191;207;160;63;R136G195B41;x
24192;164;152;95;R179G51B231;x
24193;163;174;131;R134G254B100;x
24194;174;194;106;R4G218B146;x
24195;198;141;89;R118G91B139;x
24196;221;189;76;R232G146B56;x
24197;193;163;151;R224G234B164;x
24198;203;178;110;R145G79B71;x
24199;189;128;132;R104G140B83;x
24200;194;172;168;R59G59B228;x
24201;142;176;114;R74G167B16;x
24202;224;176;128;R114G175B102;x
24203;190;196;134;R96G70B226;x
24204;209;161;123;R34G135B30;x
24205;147;172;156;R51G247B140;x
24206;159;139;127;R119G97B203;x
24207;165;184;96;R149G105B235;x
24208;120;82;191;R155G255B233;x
24209;110;96;183;R53G188B149;x
24210;100;143;175;R207G82B231;x
24211;203;133;84;R38G171B192;x
24212;160;164;86;R220G78B226;x
24213;210;187;133;R65G82B3;x
24214;90;113;87;R10G239B117;x
24215;184;185;121;R248G38B162;x
24216;113;154;129;R202G220B18;x
24217;152;161;67;R87G251B71;x
24218;117;136;138;R216G92B44;x
24219;233;145;77;R91G84B146;x
24220;226;152;110;R27G195B18;x
24221;135;126;171;R105G173B0;x
24222;183;167;81;R125G103B241;x
24223;187;170;120;R245G6B3;x
24224;81;146;74;R193G10B219;x
24225;162;152;120;R252G18B232;x
24226;218;199;125;R197G245B118;x
24227;181;181;121;R55G33B105;x
24228;206;133;84;R50G86B101;x
24229;181;176;66;R116G23B40;x
24230;191;166;87;R184G220B26;x
24231;234;152;114;R172G215B206;x
24232;228;159;106;R118G92B0;x
24233;240;152;124;R98G240B164;x
24234;163;175;77;R95G198B44;x
24235;193;164;134;R200G126B29;x
24236;206;194;109;R133G153B39;x
24237;150;147;117;R185G168B73;x
24238;190;171;115;R162G105B134;x
24239;105;127;148;R181G233B31;x
24240;176;162;124;R153G76B156;x
24241;212;181;107;R51G6B252;x
24242;153;157;119;R212G102B233;x
24243;218;174;127;R56G100B21;x
24244;197;178;80;R171G201B216;x
24245;224;184;33;R72G179B166;x
24246;178;218;88;R155G15B204;x
24247;144;161;148;R167G195B51;x
24248;182;196;126;R183G69B182;x
24249;197;159;57;R220G177B14;x
24250;180;139;114;R94G251B119;x
24251;140;195;129;R39G26B43;x
24252;138;137;122;R41G197B196;x
24253;130;129;152;R251G194B251;x
24254;189;158;151;R35G44B142;x
24255;183;146;119;R219G61B129;x
24256;211;181;121;R222G220B255;x
24257;160;143;141;R254G163B185;x
24258;234;158;61;R57G111B254;x
24259;178;166;159;R122G39B77;x
24260;191;143;141;R120G28B250;x
24261;215;165;69;R87G36B25;x
24262;208;159;70;R115G76B44;x
24263;74;115;74;R139G34B20;x
24264;107;181;80;R211G4B190;x
24265;172;168;158;R53G47B131;x
24266;154;175;161;R242G63B134;x
24267;136;148;167;R77G250B39;x
24268;160;150;98;R7G14B133;x
24269;157;135;148;R179G171B4;x
24270;171;149;112;R18G232B125;x
24271;220;188;112;R242G199B151;x
24272;228;157;98;R69G100B245;x
24273;201;200;137;R103G163B103;x
24274;144;220;76;R20G29B246;x
24275;143;139;131;R220G97B255;x
24276;224;192;89;R211G199B25;x
24277;204;213;83;R116G82B10;x
24278;85;151;116;R63G21B189;x
24279;187;188;143;R152G82B185;x
24280;180;165;159;R103G157B93;x
24281;180;205;165;R115G124B41;x
24282;168;145;74;R38G209B168;x
24283;150;140;153;R60G76B134;x
24284;199;156;106;R35G192B144;x
24285;197;200;153;R128G71B14;x
24286;174;209;141;R195G139B98;x
24287;179;138;104;R78G19B46;x
24288;219;144;88;R88G99B178;x
24289;160;100;118;R5G75B98;x
24290;73;159;80;R211G196B12;x
24291;206;192;115;R183G63B239;x
24292;207;156;101;R80G132B80;x
24293;214;140;122;R73G14B208;x
24294;102;166;94;R12G111B123;x
24295;185;133;142;R185G237B135;x
24296;162;176;162;R24G116B68;x
24297;177;149;70;R133G229B19;x
24298;90;104;136;R73G21B145;x
24299;92;182;179;R12G254B119;x
24300;209;107;151;R180G14B226;x
24301;171;197;124;R213G37B168;x
24302;213;157;101;R28G242B117;x
24303;164;140;126;R219G45B143;x
24304;173;195;125;R202G40B87;x
24305;211;163;119;R214G36B83;x
24306;176;211;126;R129G58B96;x
24307;222;175;127;R112G233B183;x
24308;218;210;102;R78G194B90;x
24309;131;170;78;R49G114B166;x
24310;194;122;91;R165G20B90;x
24311;173;128;158;R29G39B57;x
24312;202;174;130;R60G182B58;x
24313;174;179;158;R211G24B12;x
24314;130;147;140;R104G6B239;x
24315;240;157;106;R194G4B255;x
24316;117;176;106;R43G93B115;x
24317;70;156;78;R102G199B210;x
24318;158;118;129;R91G204B89;x
24319;183;118;134;R238G133B195;x
24320;217;178;100;R3G163B250;x
24321;84;165;68;R39G69B68;x
24322;176;148;74;R99G209B25;x
24323;180;177;96;R188G178B67;x
24324;180;177;119;R3G125B238;x
24325;161;174;82;R99G252B1;x
24326;183;186;125;R247G190B151;x
24327;231;165;85;R1G111B38;x
24328;161;183;158;R19G23B103;x
24329;185;163;140;R16G150B238;x
24330;197;164;98;R77G235B40;x
24331;185;205;95;R241G223B215;x
24332;124;110;111;R239G88B60;x
24333;195;160;146;R20G177B20;x
24334;191;163;129;R111G107B255;x
24335;138;159;97;R119G240B142;x
24336;90;158;65;R226G112B220;x
24337;92;145;67;R59G9B23;x
24338;230;155;75;R57G192B168;x
24339;154;142;158;R238G75B200;x
24340;221;166;68;R233G118B201;x
24341;89;95;68;R97G174B163;x
24342;181;173;119;R18G103B245;x
24343;182;153;63;R13G92B121;x
24344;157;149;148;R250G74B171;x
24345;134;152;133;R167G136B162;x
24346;177;143;152;R64G146B121;x
24347;158;158;100;R109G58B173;x
24348;209;157;166;R158G241B13;x
24349;175;176;148;R248G215B80;x
24350;171;153;119;R250G164B81;x
24351;142;171;108;R42G101B56;x
24352;111;137;78;R19G224B255;x
24353;62;97;98;R83G143B66;x
24354;202;176;160;R234G144B75;x
24355;204;162;118;R121G254B156;x
24356;184;135;62;R74G104B140;x
24357;204;153;136;R163G20B88;x
24358;156;121;136;R70G163B182;x
24359;170;203;79;R184G223B98;x
24360;195;201;108;R235G246B47;x
24361;141;102;174;R146G45B126;x
24362;96;149;167;R223G22B254;x
24363;109;175;127;R96G106B0;x
24364;141;185;140;R37G28B33;x
24365;137;142;132;R155G106B38;x
24366;186;163;140;R7G190B244;x
24367;219;126;170;R63G143B150;x
24368;163;168;179;R120G184B136;x
24369;124;141;107;R119G76B247;x
24370;193;190;93;R9G74B247;x
24371;140;192;131;R149G242B73;x
24372;213;113;87;R216G79B245;x
24373;183;154;125;R247G234B211;x
24374;95;158;113;R255G121B54;x
24375;209;182;87;R50G159B191;x
24376;205;150;79;R145G114B48;x
24377;132;154;131;R79G84B85;x
24378;175;124;164;R13G11B69;x
24379;224;127;67;R127G100B45;x
24380;205;175;143;R50G31B248;x
24381;170;151;170;R6G101B43;x
24382;85;143;120;R85G120B118;x
24383;214;165;83;R80G2B1;x
24384;73;107;33;R166G209B155;x
24385;197;175;88;R71G76B229;x
24386;202;161;137;R140G170B76;x
24387;183;198;139;R41G4B20;x
24388;206;170;88;R137G67B192;x
24389;101;144;95;R203G142B26;x
24390;212;164;54;R150G112B106;x
24391;213;203;109;R98G161B94;x
24392;105;132;96;R120G3B161;x
24393;164;193;98;R103G195B216;x
24394;193;185;117;R69G197B92;x
24395;188;194;157;R232G10B96;x
24396;195;160;73;R196G100B79;x
24397;185;185;92;R107G97B116;x
24398;163;168;146;R170G1B61;x
24399;130;171;81;R177G59B206;x
24400;200;216;110;R189G171B207;x
24401;170;171;190;R160G188B220;x
24402;180;115;157;R54G124B185;x
24403;163;160;100;R225G235B99;x
24404;197;154;90;R135G183B141;x
24405;152;176;186;R23G6B177;x
24406;193;182;73;R204G158B91;x
24407;204;179;86;R25G198B252;x
24408;200;173;82;R238G50B13;x
24409;194;162;136;R97G190B6;x
24410;75;122;72;R127G27B105;x
24411;155;163;94;R21G180B123;x
24412;175;181;76;R107G239B41;x
24413;117;97;62;R202G168B164;x
24414;158;179;134;R137G103B168;x
24415;217;115;80;R22G238B190;x
24416;185;135;80;R146G62B86;x
24417;115;143;146;R143G50B238;x
24418;184;185;174;R139G160B102;x
24419;218;153;78;R175G252B160;x
24420;143;148;119;R5G214B216;x
24421;223;159;127;R204G190B71;x
24422;194;164;51;R175G177B156;x
24423;154;177;137;R144G213B220;x
24424;152;159;71;R226G3B3;x
24425;203;176;128;R106G95B71;x
24426;207;185;189;R108G197B127;x
24427;196;144;52;R103G60B199;x
24428;143;134;144;R163G249B192;x
24429;237;146;50;R114G36B77;x
24430;148;172;40;R179G2B125;x
24431;189;185;110;R60G223B29;x
24432;187;182;104;R44G238B213;x
24433;210;164;103;R77G170B224;x
24434;139;169;157;R63G242B138;x
24435;118;155;163;R14G83B161;x
24436;75;157;91;R172G243B159;x
24437;214;165;62;R217G183B132;x
24438;210;193;116;R205G170B248;x
24439;194;205;111;R250G242B58;x
24440;228;136;81;R49G233B168;x
24441;215;162;75;R142G196B19;x
24442;155;203;112;R7G85B151;x
24443;227;144;117;R155G210B85;x
24444;218;158;112;R226G160B53;x
24445;134;145;163;R222G106B223;x
24446;179;125;77;R186G216B64;x
24447;146;188;179;R138G8B109;x
24448;182;226;111;R150G31B216;x
24449;187;183;92;R176G45B191;x
24450;189;192;43;R113G210B137;x
24451;215;189;60;R30G92B152;x
24452;156;173;100;R93G160B178;x
24453;201;203;98;R74G24B242;x
24454;163;128;75;R144G56B25;x
24455;148;143;126;R162G111B118;x
24456;180;189;96;R92G217B120;x
24457;151;195;144;R234G169B182;x
24458;175;146;114;R162G102B195;x
24459;207;146;131;R182G192B201;x
24460;97;127;171;R20G141B35;x
24461;109;167;62;R167G34B247;x
24462;215;176;109;R97G12B166;x
24463;77;148;76;R180G6B243;x
24464;185;176;132;R186G108B40;x
24465;70;142;45;R231G28B17;x
24466;131;160;143;R34G254B23;x
24467;89;169;73;R86G34B89;x
24468;196;160;110;R10G26B9;x
24469;158;196;83;R108G31B69;x
24470;163;85;126;R106G241B245;x
24471;161;159;116;R205G111B110;x
24472;177;162;123;R5G255B190;x
24473;161;178;131;R25G168B117;x
24474;160;113;106;R224G169B179;x
24475;234;131;87;R213G146B182;x
24476;175;149;55;R65G228B105;x
24477;164;211;83;R149G232B71;x
24478;179;161;141;R223G65B23;x
24479;56;111;107;R184G65B128;x
24480;235;187;120;R221G103B252;x
24481;196;152;100;R177G198B170;x
24482;199;142;158;R216G98B74;x
24483;211;149;91;R32G233B245;x
24484;136;168;111;R230G34B150;x
24485;222;154;67;R195G58B37;x
24486;183;163;112;R46G69B99;x
24487;177;178;162;R252G179B125;x
24488;199;183;101;R191G167B158;x
24489;227;139;122;R160G165B146;x
24490;214;166;97;R85G79B169;x
24491;100;157;103;R84G4B254;x
24492;159;190;103;R169G249B56;x
24493;152;193;160;R241G216B69;x
24494;203;184;55;R112G194B109;x
24495;74;88;190;R43G46B157;x
24496;180;210;117;R11G184B247;x
24497;44;135;102;R218G222B41;x
24498;224;194;100;R240G58B211;x
24499;228;131;75;R177G139B108;x
24500;191;154;104;R23G143B199;x
24501;221;137;126;R161G200B45;x
24502;213;129;144;R58G174B35;x
24503;128;138;199;R113G249B61;x
24504;208;154;88;R239G200B89;x
24505;221;140;97;R87G114B148;x
24506;184;185;100;R252G160B88;x
24507;208;121;70;R52G54B29;x
24508;200;190;104;R196G27B10;x
24509;187;201;82;R222G54B80;x
24510;80;152;62;R151G215B11;x
24511;194;132;183;R190G30B14;x
24512;95;138;62;R82G101B142;x
24513;161;141;127;R119G16B225;x
24514;182;161;62;R172G235B17;x
24515;186;144;78;R183G205B191;x
24516;193;159;157;R2G235B88;x
24517;224;127;89;R195G57B71;x
24518;220;141;100;R64G151B162;x
24519;178;235;164;R54G71B175;x
24520;181;130;103;R193G95B115;x
24521;191;167;108;R167G235B127;x
24522;74;176;106;R4G3B207;x
24523;155;205;84;R143G219B14;x
24524;90;173;75;R7G231B92;x
24525;152;179;77;R182G37B154;x
24526;186;147;85;R139G8B232;x
24527;104;181;108;R9G13B202;x
24528;158;156;68;R22G223B102;x
24529;216;146;94;R150G58B238;x
24530;214;167;71;R239G191B69;x
24531;184;134;87;R148G119B180;x
24532;167;174;132;R189G100B77;x
24533;189;130;131;R203G179B14;x
24534;112;114;180;R194G97B84;x
24535;123;140;59;R28G211B18;x
24536;141;172;151;R132G92B11;x
24537;191;168;98;R50G124B170;x
24538;92;147;98;R171G115B236;x
24539;213;155;85;R70G30B94;x
24540;214;128;142;R252G85B53;x
24541;153;147;159;R230G232B208;x
24542;199;138;131;R130G159B100;x
24543;181;208;58;R67G210B37;x
24544;134;145;141;R111G80B116;x
24545;161;189;124;R212G248B14;x
24546;183;186;142;R251G119B90;x
24547;186;172;85;R99G94B250;x
24548;162;189;186;R67G159B99;x
24549;206;166;62;R197G228B238;x
24550;181;168;105;R21G32B72;x
24551;112;97;64;R184G219B17;x
24552;183;211;139;R70G33B200;x
24553;190;154;112;R233G136B15;x
24554;195;101;60;R71G206B218;x
24555;215;235;90;R103G27B35;x
24556;187;189;69;R239G132B220;x
24557;200;157;90;R11G116B241;x
24558;201;147;108;R214G107B136;x
24559;202;160;163;R233G158B204;x
24560;198;131;95;R94G128B204;x
24561;187;179;113;R114G205B77;x
24562;209;218;85;R204G97B125;x
24563;89;150;117;R82G167B47;x
24564;222;168;67;R63G159B148;x
24565;176;166;169;R132G236B145;x
24566;191;171;123;R23G187B245;x
24567;240;185;104;R22G108B83;x
24568;82;143;97;R82G164B181;x
24569;107;111;177;R253G181B243;x
24570;159;145;152;R183G46B217;x
24571;111;139;50;R159G80B226;x
24572;56;158;108;R179G24B231;x
24573;231;135;47;R85G198B100;x
24574;106;165;126;R175G218B92;x
24575;101;125;74;R207G229B112;x
24576;168;125;154;R233G57B96;x
24577;207;199;100;R226G251B44;x
24578;179;209;95;R49G242B178;x
24579;193;157;55;R156G87B107;x
24580;240;188;76;R63G175B219;x
24581;197;174;174;R93G32B114;x
24582;166;190;85;R235G75B73;x
24583;66;115;121;R141G144B21;x
24584;104;144;93;R96G84B238;x
24585;180;143;142;R137G13B240;x
24586;70;139;98;R143G223B156;x
24587;127;164;99;R176G188B169;x
24588;161;170;57;R33G92B175;x
24589;138;175;80;R70G194B182;x
24590;171;167;74;R56G130B98;x
24591;199;176;114;R255G174B232;x
24592;189;129;177;R77G163B28;x
24593;212;146;135;R29G177B194;x
24594;203;188;93;R82G137B150;x
24595;225;158;67;R238G241B108;x
24596;198;174;68;R184G183B143;x
24597;147;143;163;R2G220B52;x
24598;123;157;119;R39G11B54;x
24599;219;149;109;R107G8B106;x
24600;134;181;113;R159G77B78;x
24601;160;167;142;R150G136B159;x
24602;157;184;150;R44G52B184;x
24603;131;140;128;R200G170B109;x
24604;233;193;110;R186G92B34;x
24605;204;141;127;R155G232B106;x
24606;144;139;141;R175G53B127;x
24607;211;150;86;R42G253B244;x
24608;77;113;146;R208G109B228;x
24609;151;190;58;R227G213B62;x
24610;133;167;139;R4G221B246;x
24611;163;200;75;R33G254B181;x
24612;180;166;127;R135G184B154;x
24613;151;159;142;R222G22B73;x
24614;166;220;97;R213G92B114;x
24615;109;147;196;R33G218B206;x
24616;128;143;199;R135G161B144;x
24617;110;139;200;R101G57B208;x
24618;171;180;151;R11G243B82;x
24619;197;179;106;R149G81B231;x
24620;221;149;87;R145G225B77;x
24621;213;206;96;R200G90B61;x
24622;214;166;35;R83G32B202;x
24623;235;183;92;R155G159B81;x
24624;193;207;41;R84G52B254;x
24625;148;191;119;R166G250B56;x
24626;192;174;125;R142G92B63;x
24627;193;160;176;R147G192B75;x
24628;206;198;94;R17G231B24;x
24629;158;170;170;R206G209B135;x
24630;169;141;130;R245G252B215;x
24631;168;141;169;R177G98B63;x
24632;191;142;86;R242G27B193;x
24633;149;151;114;R142G90B108;x
24634;188;175;41;R207G212B61;x
24635;201;148;139;R97G216B149;x
24636;230;202;100;R246G98B74;x
24637;188;185;122;R20G13B92;x
24638;140;180;118;R0G85B158;x
24639;223;160;122;R202G160B162;x
24640;187;151;120;R70G58B197;x
24641;194;162;89;R93G95B110;x
24642;190;177;109;R125G227B15;x
24643;202;174;89;R133G46B165;x
24644;181;239;147;R175G108B41;x
24645;186;156;115;R86G18B218;x
24646;230;195;115;R229G169B48;x
24647;169;193;66;R224G156B203;x
24648;144;147;125;R20G119B245;x
24649;101;125;115;R74G100B5;x
24650;211;157;133;R80G149B41;x
24651;143;161;83;R183G19B139;x
24652;187;136;96;R183G193B17;x
24653;170;156;145;R222G94B134;x
24654;107;145;192;R134G181B103;x
24655;205;208;72;R78G28B130;x
24656;181;152;124;R230G208B209;x
24657;187;181;162;R141G57B212;x
24658;163;205;118;R93G3B29;x
24659;233;132;77;R76G217B127;x
24660;126;161;152;R169G137B5;x
24661;223;192;63;R42G191B243;x
24662;192;159;119;R236G13B13;x
24663;185;147;181;R109G5B111;x
24664;204;176;71;R246G42B92;x
24665;194;161;138;R229G75B13;x
24666;188;194;103;R231G132B12;x
24667;202;159;115;R245G100B101;x
24668;167;198;120;R97G67B75;x
24669;209;182;89;R136G158B221;x
24670;195;163;79;R241G30B102;x
24671;152;150;132;R222G211B212;x
24672;151;171;112;R110G16B111;x
24673;147;195;100;R127G57B146;x
24674;157;193;75;R209G15B41;x
24675;140;153;175;R167G111B133;x
24676;62;121;102;R205G99B225;x
24677;170;190;125;R68G193B233;x
24678;128;138;82;R130G12B56;x
24679;77;130;89;R98G196B25;x
24680;185;165;157;R239G141B201;x
24681;213;179;107;R168G120B121;x
24682;152;196;115;R114G156B41;x
24683;204;163;36;R142G91B87;x
24684;206;158;90;R23G2B71;x
24685;184;152;116;R151G215B154;x
24686;172;131;172;R252G30B147;x
24687;152;154;135;R55G233B44;x
24688;112;166;63;R204G208B162;x
24689;175;126;115;R79G197B20;x
24690;78;113;91;R154G78B198;x
24691;170;181;160;R251G206B230;x
24692;82;134;88;R234G3B234;x
24693;96;136;100;R140G207B233;x
24694;180;160;165;R79G245B113;x
24695;171;189;84;R230G45B132;x
24696;98;166;88;R68G62B232;x
24697;175;195;159;R78G110B59;x
24698;124;156;129;R113G225B105;x
24699;151;209;86;R218G26B205;x
24700;205;188;89;R31G63B22;x
24701;127;160;114;R216G84B89;x
24702;53;110;94;R20G253B46;x
24703;82;152;60;R203G89B158;x
24704;195;182;102;R211G44B131;x
24705;162;157;181;R82G93B228;x
24706;98;143;64;R145G149B187;x
24707;173;192;109;R137G65B213;x
24708;179;122;91;R82G213B154;x
24709;68;133;37;R233G47B203;x
24710;169;199;52;R10G55B37;x
24711;163;202;187;R61G67B221;x
24712;167;180;85;R116G166B78;x
24713;133;190;92;R199G215B101;x
24714;66;156;123;R76G62B72;x
24715;190;165;146;R13G126B246;x
24716;211;148;85;R0G131B34;x
24717;81;141;91;R43G48B233;x
24718;157;178;111;R134G123B118;x
24719;110;190;89;R73G109B203;x
24720;176;137;154;R186G23B192;x
24721;155;124;116;R131G104B218;x
24722;146;174;136;R159G146B50;x
24723;200;175;122;R170G8B172;x
24724;176;148;152;R51G223B2;x
24725;73;125;157;R215G244B167;x
24726;199;141;125;R91G16B74;x
24727;164;166;109;R136G51B180;x
24728;213;164;71;R23G92B161;x
24729;218;118;118;R37G174B207;x
24730;225;147;149;R36G223B184;x
24731;166;148;146;R48G30B146;x
24732;179;169;69;R56G1B210;x
24733;194;132;165;R250G87B118;x
24734;194;179;141;R148G107B243;x
24735;203;127;84;R252G90B184;x
24736;220;172;75;R38G248B231;x
24737;204;157;79;R165G171B7;x
24738;198;150;116;R110G140B96;x
24739;193;154;102;R151G47B222;x
24740;186;115;100;R192G83B110;x
24741;199;201;93;R128G215B82;x
24742;89;147;92;R117G180B112;x
24743;149;196;95;R111G47B31;x
24744;210;209;76;R117G3B68;x
24745;192;176;114;R83G201B246;x
24746;171;188;104;R186G195B58;x
24747;200;164;141;R237G255B102;x
24748;211;196;83;R78G216B36;x
24749;204;159;146;R153G96B182;x
24750;209;158;56;R190G0B113;x
24751;176;109;123;R158G74B104;x
24752;206;162;103;R18G0B73;x
24753;190;164;120;R8G98B130;x
24754;178;167;96;R105G73B233;x
24755;178;166;166;R252G60B189;x
24756;87;147;74;R224G247B157;x
24757;132;137;120;R77G111B167;x
24758;214;160;113;R186G255B66;x
24759;190;159;150;R170G122B135;x
24760;238;149;98;R195G39B81;x
24761;231;159;115;R88G106B137;x
24762;214;192;121;R1G12B247;x
24763;190;188;129;R88G198B181;x
24764;220;193;94;R51G84B235;x
24765;226;180;102;R134G19B151;x
24766;209;167;72;R55G115B42;x
24767;174;161;61;R150G54B32;x
24768;168;188;151;R39G231B241;x
24769;209;188;99;R59G229B204;x
24770;185;194;95;R246G65B20;x
24771;193;143;164;R11G227B64;x
24772;224;151;118;R152G146B134;x
24773;177;185;152;R70G202B24;x
24774;190;162;57;R166G115B234;x
24775;168;107;92;R177G40B59;x
24776;209;187;123;R55G246B34;x
24777;225;138;112;R240G69B213;x
24778;80;111;42;R134G183B178;x
24779;188;178;96;R224G24B16;x
24780;202;183;162;R134G212B206;x
24781;177;185;129;R73G86B99;x
24782;127;136;150;R127G233B196;x
24783;173;199;110;R141G160B188;x
24784;133;136;73;R237G248B201;x
24785;156;116;142;R92G37B160;x
24786;160;184;88;R82G20B225;x
24787;182;163;90;R221G1B236;x
24788;177;168;102;R113G237B217;x
24789;191;148;73;R93G36B9;x
24790;167;208;107;R54G224B244;x
24791;180;170;66;R92G213B75;x
24792;213;153;131;R100G27B151;x
24793;164;174;144;R139G118B164;x
24794;160;190;105;R226G234B160;x
24795;186;153;127;R24G227B28;x
24796;133;140;58;R233G152B57;x
24797;198;117;112;R42G181B135;x
24798;166;170;160;R139G100B194;x
24799;99;115;146;R2G23B148;x
24800;222;168;128;R234G88B47;x
24801;230;163;106;R74G219B93;x
24802;238;175;79;R184G61B224;x
24803;205;201;113;R114G46B50;x
24804;134;155;117;R123G198B143;x
24805;71;126;104;R96G230B160;x
24806;198;129;160;R153G239B215;x
24807;196;156;168;R203G164B23;x
24808;209;163;97;R74G39B165;x
24809;240;186;115;R97G188B220;x
24810;153;168;158;R118G170B160;x
24811;201;160;85;R1G24B46;x
24812;203;137;154;R8G146B196;x
24813;205;149;112;R98G170B24;x
24814;232;203;132;R74G112B86;x
24815;171;132;137;R44G57B123;x
24816;191;170;87;R251G1B254;x
24817;140;105;101;R34G233B230;x
24818;228;159;100;R169G102B45;x
24819;179;177;87;R148G26B72;x
24820;173;187;93;R251G203B154;x
24821;233;175;81;R2G243B14;x
24822;177;196;119;R61G35B152;x
24823;221;132;91;R81G158B43;x
24824;164;180;76;R19G80B20;x
24825;192;177;122;R35G176B76;x
24826;167;175;97;R192G216B220;x
24827;201;133;75;R31G36B41;x
24828;144;144;120;R203G28B115;x
24829;196;153;138;R207G54B179;x
24830;154;146;161;R207G133B238;x
24831;140;163;117;R156G241B239;x
24832;166;195;112;R62G11B63;x
24833;209;183;184;R69G230B20;x
24834;205;234;158;R57G165B109;x
24835;182;186;87;R20G29B72;x
24836;148;163;67;R0G97B41;x
24837;182;145;150;R175G63B34;x
24838;205;212;80;R87G116B49;x
24839;212;137;62;R11G83B6;x
24840;178;192;174;R220G217B126;x
24841;169;177;71;R211G169B149;x
24842;211;185;124;R127G216B153;x
24843;144;149;128;R226G158B131;x
24844;172;178;117;R86G218B180;x
24845;201;135;123;R115G199B167;x
24846;199;159;136;R79G146B121;x
24847;162;202;108;R232G168B167;x
24848;194;193;122;R5G107B20;x
24849;207;175;103;R72G188B47;x
24850;126;159;69;R191G204B163;x
24851;192;209;182;R49G189B202;x
24852;114;107;67;R104G163B44;x
24853;187;129;99;R20G91B138;x
24854;76;130;185;R155G230B204;x
24855;171;189;111;R119G17B51;x
24856;154;175;96;R59G13B231;x
24857;200;206;46;R165G99B0;x
24858;182;151;122;R205G209B251;x
24859;188;155;78;R69G94B74;x
24860;220;188;50;R151G155B177;x
24861;111;95;118;R211G103B204;x
24862;89;161;164;R113G154B64;x
24863;165;198;65;R6G62B154;x
24864;98;115;94;R251G74B158;x
24865;168;190;80;R10G70B220;x
24866;194;179;33;R13G123B81;x
24867;189;151;61;R70G115B74;x
24868;210;158;123;R47G104B82;x
24869;240;153;96;R129G234B40;x
24870;192;173;110;R214G141B61;x
24871;224;189;40;R229G22B253;x
24872;205;182;85;R42G14B189;x
24873;211;156;111;R98G81B114;x
24874;188;173;104;R214G135B153;x
24875;193;183;104;R141G143B33;x
24876;224;212;169;R247G4B212;x
24877;192;188;99;R191G7B32;x
24878;215;179;43;R250G186B83;x
24879;107;117;91;R118G116B245;x
24880;180;138;198;R250G65B45;x
24881;222;176;65;R13G107B191;x
24882;195;150;41;R34G44B128;x
24883;212;170;94;R34G239B108;x
24884;193;188;121;R12G86B207;x
24885;186;134;94;R192G99B122;x
24886;154;174;161;R249G155B19;x
24887;192;172;106;R127G3B147;x
24888;40;126;57;R171G5B109;x
24889;143;180;180;R36G38B46;x
24890;198;181;123;R164G52B182;x
24891;210;153;99;R250G154B188;x
24892;98;116;165;R95G12B72;x
24893;193;155;117;R238G106B100;x
24894;161;164;66;R63G56B110;x
24895;239;131;75;R67G169B179;x
24896;215;183;81;R211G248B41;x
24897;200;198;92;R164G241B246;x
24898;105;135;79;R149G251B208;x
24899;172;172;170;R201G96B75;x
24900;143;152;127;R245G96B20;x
24901;91;112;59;R248G56B229;x
24902;177;122;154;R209G63B52;x
24903;230;164;132;R35G208B240;x
24904;194;173;54;R56G211B216;x
24905;190;116;80;R99G68B131;x
24906;172;196;104;R183G108B105;x
24907;179;173;119;R235G34B30;x
24908;217;190;117;R72G68B112;x
24909;166;147;102;R35G174B188;x
24910;119;135;92;R141G155B90;x
24911;171;109;128;R90G219B240;x
24912;118;187;123;R16G221B41;x
24913;233;146;142;R136G230B121;x
24914;198;158;103;R220G63B185;x
24915;231;179;79;R19G38B110;x
24916;168;140;169;R232G158B109;x
24917;183;199;135;R222G222B146;x
24918;214;191;78;R199G194B125;x
24919;228;200;78;R135G68B46;x
24920;145;136;95;R73G148B41;x
24921;91;137;105;R80G124B35;x
24922;194;196;83;R180G95B64;x
24923;181;167;102;R106G113B151;x
24924;203;186;79;R144G124B122;x
24925;174;157;147;R119G223B153;x
24926;98;126;86;R108G140B159;x
24927;207;203;112;R111G51B209;x
24928;159;141;159;R7G182B147;x
24929;93;106;145;R28G194B121;x
24930;175;178;69;R220G6B123;x
24931;213;181;173;R233G188B13;x
24932;176;149;104;R199G154B147;x
24933;192;195;101;R78G210B156;x
24934;167;158;86;R218G198B70;x
24935;204;173;72;R99G40B187;x
24936;174;164;122;R144G98B197;x
24937;127;158;108;R166G217B5;x
24938;168;173;102;R240G149B249;x
24939;194;163;130;R24G211B36;x
24940;193;131;72;R136G132B6;x
24941;210;133;35;R112G30B19;x
24942;143;199;141;R43G129B212;x
24943;97;109;125;R190G6B73;x
24944;129;171;184;R240G112B19;x
24945;139;167;87;R92G149B195;x
24946;199;153;114;R50G43B34;x
24947;157;146;136;R128G233B198;x
24948;196;225;154;R39G98B6;x
24949;193;189;105;R217G111B194;x
24950;205;190;126;R68G103B201;x
24951;206;207;138;R101G152B65;x
24952;184;182;113;R243G13B177;x
24953;56;151;99;R200G243B122;x
24954;116;166;117;R160G159B78;x
24955;123;167;74;R157G214B239;x
24956;184;137;130;R81G142B37;x
24957;72;132;82;R86G140B195;x
24958;230;183;60;R6G159B160;x
24959;168;190;144;R220G202B246;x
24960;196;173;127;R105G31B35;x
24961;172;197;118;R16G139B198;x
24962;161;183;168;R238G13B78;x
24963;201;146;104;R181G201B244;x
24964;191;145;147;R63G199B233;x
24965;188;179;133;R139G42B109;x
24966;98;117;81;R123G97B94;x
24967;54;155;111;R190G225B183;x
24968;169;146;140;R31G232B53;x
24969;74;119;88;R36G13B178;x
24970;171;159;113;R201G53B95;x
24971;201;200;112;R11G137B183;x
24972;134;151;127;R198G227B82;x
24973;111;181;125;R210G156B207;x
24974;82;135;117;R120G155B226;x
24975;166;163;138;R114G145B218;x
24976;104;128;94;R171G212B210;x
24977;192;154;75;R248G32B115;x
24978;233;182;111;R7G33B166;x
24979;135;144;133;R77G246B170;x
24980;177;164;129;R64G105B138;x
24981;201;138;169;R242G21B83;x
24982;225;176;107;R254G140B2;x
24983;195;174;116;R230G79B134;x
24984;168;175;102;R189G166B123;x
24985;60;144;87;R205G37B165;x
24986;214;141;69;R154G2B94;x
24987;212;150;84;R14G221B125;x
24988;108;150;104;R174G106B13;x
24989;184;158;103;R9G184B200;x
24990;190;173;150;R187G250B96;x
24991;194;167;118;R0G114B35;x
24992;151;169;115;R207G178B173;x
24993;195;114;113;R101G163B129;x
24994;143;143;146;R16G225B29;x
24995;153;201;151;R102G44B75;x
24996;226;131;71;R171G55B203;x
24997;85;117;76;R250G129B190;x
24998;76;136;58;R108G232B22;x
24999;76;128;62;R224G211B71;x
25000;78;156;129;R52G84B174;x
25001;136;125;98;R169G53B1;x
25002;200;130;72;R60G201B148;x
25003;240;157;64;R136G213B151;x
25004;168;148;122;R232G51B30;x
25005;207;209;175;R92G156B34;x
25006;161;174;108;R96G175B40;x
25007;205;180;105;R151G162B177;x
25008;171;208;130;R201G31B204;x
25009;165;208;113;R44G75B42;x
25010;201;177;69;R226G226B5;x
25011;202;127;102;R248G114B173;x
25012;149;162;133;R5G98B213;x
25013;93;120;98;R73G67B115;x
25014;174;175;97;R129G14B19;x
25015;186;159;97;R128G223B71;x
25016;197;160;113;R59G38B37;x
25017;155;170;131;R132G238B79;x
25018;224;193;93;R16G218B178;x
25019;220;166;113;R201G19B174;x
25020;79;167;115;R169G229B89;x
25021;240;157;49;R194G173B252;x
25022;220;167;120;R93G185B42;x
25023;71;143;50;R187G96B103;x
25024;76;107;68;R45G172B84;x
25025;172;145;97;R153G166B251;x
25026;237;198;120;R229G45B48;x
25027;125;152;87;R133G124B203;x
25028;34;125;113;R119G53B120;x
25029;164;126;167;R224G109B165;x
25030;208;144;76;R99G245B132;x
25031;181;175;107;R162G133B83;x
25032;152;120;146;R57G235B122;x
25033;181;180;101;R23G7B28;x
25034;220;166;108;R124G10B75;x
25035;154;235;98;R59G156B78;x
25036;177;130;127;R123G217B229;x
25037;209;185;152;R74G255B117;x
25038;161;176;96;R156G154B228;x
25039;194;219;77;R238G40B124;x
25040;206;164;106;R88G108B8;x
25041;169;151;110;R54G96B212;x
25042;184;147;75;R189G162B26;x
25043;118;174;79;R49G67B37;x
25044;201;128;173;R43G62B177;x
25045;182;207;45;R220G148B215;x
25046;193;169;131;R146G226B169;x
25047;50;140;100;R212G210B244;x
25048;197;135;90;R20G34B35;x
25049;217;171;71;R21G94B247;x
25050;146;151;114;R196G59B107;x
25051;61;145;61;R140G177B6;x
25052;201;190;82;R162G91B137;x
25053;154;181;114;R246G106B126;x
25054;170;135;157;R14G8B114;x
25055;146;159;94;R86G167B250;x
25056;205;170;92;R177G231B213;x
25057;185;166;100;R138G145B168;x
25058;235;186;115;R162G68B88;x
25059;152;157;98;R149G202B208;x
25060;77;132;44;R31G125B75;x
25061;171;153;153;R32G116B83;x
25062;205;196;105;R8G213B213;x
25063;227;131;86;R185G51B79;x
25064;148;175;81;R229G74B123;x
25065;178;190;57;R50G90B164;x
25066;51;141;91;R37G140B164;x
25067;192;178;127;R191G193B45;x
25068;136;164;162;R14G206B54;x
25069;68;152;126;R14G105B82;x
25070;209;162;128;R21G81B107;x
25071;197;213;128;R212G225B237;x
25072;217;203;86;R170G84B185;x
25073;192;167;49;R206G225B219;x
25074;190;192;86;R37G8B248;x
25075;218;145;74;R117G217B78;x
25076;94;160;102;R22G11B6;x
25077;156;123;124;R37G150B119;x
25078;198;185;143;R86G193B160;x
25079;139;157;98;R141G32B183;x
25080;92;142;74;R162G235B14;x
25081;192;175;111;R49G121B15;x
25082;161;229;117;R182G123B248;x
25083;218;154;90;R218G13B88;x
25084;220;188;75;R211G161B91;x
25085;119;181;128;R24G161B234;x
25086;115;178;115;R182G223B125;x
25087;172;149;161;R130G250B161;x
25088;166;194;70;R92G148B157;x
25089;177;156;125;R139G226B34;x
25090;212;201;95;R241G244B202;x
25091;220;144;144;R40G196B41;x
25092;124;145;120;R79G225B48;x
25093;166;201;132;R144G150B219;x
25094;187;123;141;R170G235B25;x
25095;217;169;109;R214G137B189;x
25096;209;184;135;R153G185B106;x
25097;143;138;142;R33G168B184;x
25098;167;123;134;R115G153B22;x
25099;215;163;106;R214G12B78;x
25100;155;170;83;R232G108B141;x
25101;198;208;96;R202G192B115;x
25102;171;134;95;R100G53B217;x
25103;127;180;71;R165G51B38;x
25104;70;163;75;R86G34B82;x
25105;203;149;82;R124G26B32;x
25106;77;158;103;R12G91B151;x
25107;160;168;140;R117G86B239;x
25108;80;160;104;R220G17B172;x
25109;127;161;103;R35G67B31;x
25110;107;174;148;R81G26B214;x
25111;205;169;134;R240G49B164;x
25112;86;159;116;R208G32B72;x
25113;94;125;92;R206G209B249;x
25114;185;148;159;R9G252B142;x
25115;233;160;112;R196G202B142;x
25116;236;172;91;R23G79B247;x
25117;205;177;105;R31G88B213;x
25118;207;167;84;R125G209B124;x
25119;165;171;95;R215G190B134;x
25120;173;151;163;R192G47B152;x
25121;191;181;96;R172G21B192;x
25122;224;163;64;R158G216B71;x
25123;213;185;48;R75G0B17;x
25124;169;188;104;R111G132B83;x
25125;129;119;77;R232G116B109;x
25126;148;169;137;R144G69B146;x
25127;208;160;139;R78G119B179;x
25128;225;196;126;R129G24B180;x
25129;185;211;92;R49G146B187;x
25130;221;175;79;R144G108B30;x
25131;191;189;126;R247G112B157;x
25132;123;120;106;R128G243B202;x
25133;237;189;89;R112G15B125;x
25134;173;136;187;R243G173B57;x
25135;160;161;143;R161G235B138;x
25136;105;144;69;R164G55B159;x
25137;182;183;122;R209G55B127;x
25138;182;125;70;R254G29B31;x
25139;188;146;150;R95G29B31;x
25140;109;104;85;R194G127B250;x
25141;178;160;112;R131G205B202;x
25142;116;147;77;R46G3B43;x
25143;202;162;60;R13G87B220;x
25144;215;166;84;R43G157B152;x
25145;220;147;91;R55G180B238;x
25146;180;144;165;R220G3B187;x
25147;200;122;151;R56G43B142;x
25148;124;131;157;R123G5B92;x
25149;197;163;141;R71G198B213;x
25150;207;153;117;R60G78B253;x
25151;231;180;93;R201G18B115;x
25152;228;166;71;R178G207B132;x
25153;187;130;125;R173G193B210;x
25154;195;176;99;R163G26B62;x
25155;201;198;94;R68G221B56;x
25156;183;145;123;R129G126B101;x
25157;151;190;118;R28G235B176;x
25158;161;211;52;R242G173B116;x
25159;222;130;142;R204G89B121;x
25160;240;173;70;R25G70B18;x
25161;157;144;146;R27G37B135;x
25162;135;187;115;R196G62B146;x
25163;155;182;138;R231G110B138;x
25164;176;166;163;R209G99B160;x
25165;195;208;104;R11G121B131;x
25166;159;177;176;R134G151B104;x
25167;171;190;119;R212G147B23;x
25168;132;143;155;R77G124B159;x
25169;179;164;67;R242G69B11;x
25170;128;148;83;R81G59B95;x
25171;209;139;117;R29G235B65;x
25172;187;148;134;R133G127B0;x
25173;152;178;146;R225G155B139;x
25174;170;155;112;R1G211B98;x
25175;215;178;99;R44G18B86;x
25176;174;169;120;R232G149B134;x
25177;192;232;99;R235G227B206;x
25178;231;166;104;R246G82B11;x
25179;231;203;131;R30G89B220;x
25180;180;188;147;R237G178B207;x
25181;96;114;92;R117G15B193;x
25182;81;126;91;R0G183B29;x
25183;183;171;97;R113G76B164;x
25184;166;174;124;R205G22B195;x
25185;208;143;69;R113G222B225;x
25186;222;166;141;R42G128B59;x
25187;161;139;133;R244G101B239;x
25188;223;172;76;R128G180B196;x
25189;167;142;79;R119G133B73;x
25190;176;174;68;R189G65B218;x
25191;206;203;139;R172G61B185;x
25192;171;194;99;R217G22B182;x
25193;92;110;151;R146G118B51;x
25194;187;180;144;R47G220B88;x
25195;76;163;63;R224G209B241;x
25196;227;161;103;R149G152B200;x
25197;166;183;119;R206G109B197;x
25198;114;109;112;R23G49B100;x
25199;201;172;77;R18G210B71;x
25200;180;207;122;R29G30B180;x
25201;212;132;78;R247G91B249;x
25202;173;177;188;R139G212B46;x
25203;141;171;117;R35G224B223;x
25204;166;190;140;R233G175B5;x
25205;199;165;141;R255G180B177;x
25206;230;159;98;R62G51B206;x
25207;157;164;162;R106G8B198;x
25208;221;184;66;R139G95B192;x
25209;197;205;124;R204G39B58;x
25210;168;185;181;R11G120B83;x
25211;157;193;195;R4G110B192;x
25212;188;159;100;R242G29B25;x
25213;235;168;79;R175G69B132;x
25214;206;148;106;R45G193B86;x
25215;175;156;125;R230G26B158;x
25216;173;169;89;R110G87B60;x
25217;193;143;87;R44G211B160;x
25218;70;111;112;R242G188B25;x
25219;197;127;120;R19G96B132;x
25220;202;165;52;R252G92B155;x
25221;240;182;68;R130G12B250;x
25222;195;202;92;R94G196B92;x
25223;118;197;122;R96G181B137;x
25224;218;187;123;R131G104B11;x
25225;216;145;92;R149G146B24;x
25226;159;154;162;R92G100B180;x
25227;201;179;67;R110G145B209;x
25228;213;173;91;R153G204B48;x
25229;204;151;116;R154G73B156;x
25230;204;171;179;R133G190B35;x
25231;177;137;103;R197G35B224;x
25232;205;158;50;R53G46B0;x
25233;101;144;111;R6G204B212;x
25234;196;184;106;R26G111B179;x
25235;150;164;106;R31G73B198;x
25236;195;176;156;R134G104B72;x
25237;209;151;63;R245G172B186;x
25238;128;144;60;R132G150B154;x
25239;99;117;161;R143G131B79;x
25240;202;136;128;R97G178B204;x
25241;214;162;84;R201G199B71;x
25242;171;177;118;R238G214B32;x
25243;169;161;118;R234G76B118;x
25244;154;161;166;R187G4B108;x
25245;214;144;97;R71G255B57;x
25246;81;111;85;R42G148B131;x
25247;193;148;50;R24G94B80;x
25248;211;166;64;R172G65B35;x
25249;114;173;125;R130G143B115;x
25250;188;157;73;R221G30B136;x
25251;147;181;135;R158G219B16;x
25252;88;157;94;R221G21B49;x
25253;183;185;84;R159G86B184;x
25254;184;179;107;R23G125B226;x
25255;240;183;69;R118G36B121;x
25256;177;144;72;R122G250B70;x
25257;185;181;159;R191G132B92;x
25258;179;129;131;R138G20B56;x
25259;127;163;125;R253G145B134;x
25260;144;165;131;R32G78B93;x
25261;142;162;146;R37G74B45;x
25262;151;193;105;R159G218B144;x
25263;227;117;104;R149G69B147;x
25264;177;157;98;R43G237B150;x
25265;77;124;110;R180G88B255;x
25266;214;157;58;R191G47B62;x
25267;70;105;112;R27G163B28;x
25268;169;214;111;R90G181B223;x
25269;172;146;134;R186G196B84;x
25270;191;157;131;R203G125B29;x
25271;208;178;97;R144G140B129;x
25272;152;159;159;R193G235B13;x
25273;154;171;116;R65G247B134;x
25274;194;205;90;R93G237B95;x
25275;181;195;86;R53G124B218;x
25276;108;141;118;R14G21B165;x
25277;58;129;94;R132G84B232;x
25278;187;163;141;R97G213B26;x
25279;223;163;60;R252G145B0;x
25280;153;142;166;R128G192B181;x
25281;170;211;115;R209G185B135;x
25282;237;166;67;R163G152B125;x
25283;220;171;108;R69G41B101;x
25284;60;124;107;R141G15B3;x
25285;158;161;114;R154G135B15;x
25286;236;183;110;R200G103B169;x
25287;158;138;171;R27G16B18;x
25288;216;177;76;R73G179B0;x
25289;217;198;160;R129G109B131;x
25290;156;166;121;R120G135B227;x
25291;183;181;86;R145G171B41;x
25292;113;135;106;R248G100B23;x
25293;217;192;94;R107G73B108;x
25294;185;166;113;R56G176B36;x
25295;117;123;156;R100G226B214;x
25296;189;116;99;R165G78B199;x
25297;186;133;107;R135G84B76;x
25298;198;142;114;R77G155B90;x
25299;107;136;100;R19G91B37;x
25300;135;166;159;R196G108B250;x
25301;203;170;167;R76G8B215;x
25302;163;201;106;R50G187B210;x
25303;240;163;104;R104G162B151;x
25304;220;156;104;R250G249B103;x
25305;108;171;106;R106G130B170;x
25306;181;199;78;R198G250B238;x
25307;140;145;94;R49G28B191;x
25308;205;214;131;R110G210B21;x
25309;135;150;122;R171G6B40;x
25310;98;135;75;R233G118B65;x
25311;169;140;99;R241G174B169;x
25312;160;146;151;R160G71B114;x
25313;181;207;73;R137G75B240;x
25314;163;171;168;R167G156B156;x
25315;190;172;95;R192G177B55;x
25316;196;167;175;R56G195B247;x
25317;181;176;102;R236G83B119;x
25318;216;203;111;R28G47B82;x
25319;179;151;161;R229G221B228;x
25320;168;144;82;R242G208B167;x
25321;236;115;62;R80G81B225;x
25322;162;161;131;R147G235B126;x
25323;196;183;124;R6G43B173;x
25324;87;98;114;R253G65B147;x
25325;136;122;126;R218G189B99;x
25326;90;130;86;R228G221B180;x
25327;161;133;134;R230G62B224;x
25328;206;142;82;R108G10B21;x
25329;214;129;97;R183G188B77;x
25330;163;205;73;R12G214B247;x
25331;187;109;73;R73G224B37;x
25332;187;147;121;R53G227B158;x
25333;229;153;111;R184G190B116;x
25334;211;183;121;R51G201B130;x
25335;156;157;177;R137G3B20;x
25336;61;146;110;R244G177B222;x
25337;154;127;180;R185G43B226;x
25338;130;161;110;R196G247B15;x
25339;197;150;83;R12G7B27;x
25340;71;109;96;R138G96B126;x
25341;190;161;70;R44G42B106;x
25342;149;169;123;R179G199B25;x
25343;184;154;138;R55G18B218;x
25344;177;131;127;R193G107B91;x
25345;94;142;135;R204G116B123;x
25346;161;148;74;R167G253B117;x
25347;187;137;133;R49G135B191;x
25348;213;208;81;R130G153B21;x
25349;199;174;85;R95G10B120;x
25350;157;139;126;R179G238B92;x
25351;220;149;114;R18G152B228;x
25352;223;209;124;R95G251B154;x
25353;212;182;88;R22G140B143;x
25354;192;135;96;R138G31B248;x
25355;106;182;122;R15G149B181;x
25356;215;151;145;R230G165B70;x
25357;147;162;122;R243G155B84;x
25358;208;181;86;R98G207B19;x
25359;197;166;88;R0G97B135;x
25360;178;157;98;R251G63B202;x
25361;164;152;145;R191G12B208;x
25362;175;115;104;R48G170B186;x
25363;157;137;74;R110G204B163;x
25364;132;138;176;R47G63B16;x
25365;147;140;149;R110G116B77;x
25366;170;90;89;R23G17B78;x
25367;182;155;73;R254G77B193;x
25368;211;181;74;R116G86B220;x
25369;190;176;118;R13G51B67;x
25370;170;149;120;R86G242B199;x
25371;191;153;107;R160G17B50;x
25372;177;188;95;R72G59B92;x
25373;170;120;111;R116G57B220;x
25374;190;134;67;R52G241B67;x
25375;207;174;62;R92G155B10;x
25376;201;217;88;R196G73B132;x
25377;70;152;113;R17G146B135;x
25378;61;139;113;R59G172B216;x
25379;184;172;130;R246G74B213;x
25380;198;196;107;R199G80B220;x
25381;194;162;99;R149G200B40;x
25382;181;191;126;R17G70B227;x
25383;104;120;77;R117G213B116;x
25384;169;100;83;R10G185B104;x
25385;235;174;145;R2G210B144;x
25386;208;163;71;R48G62B184;x
25387;172;165;58;R106G118B169;x
25388;139;187;111;R150G140B88;x
25389;205;167;113;R209G31B124;x
25390;172;187;169;R165G187B126;x
25391;130;169;137;R53G80B234;x
25392;240;157;85;R199G148B49;x
25393;215;168;51;R140G56B151;x
25394;228;149;89;R55G119B168;x
25395;237;151;82;R127G86B233;x
25396;147;220;115;R158G61B232;x
25397;217;134;135;R195G226B6;x
25398;138;192;129;R100G4B50;x
25399;115;139;87;R185G25B249;x
25400;155;108;147;R206G243B33;x
25401;210;211;119;R164G107B185;x
25402;186;149;161;R77G58B177;x
25403;193;147;68;R84G49B82;x
25404;199;183;105;R150G248B175;x
25405;207;144;114;R114G11B18;x
25406;64;151;88;R58G222B25;x
25407;239;155;53;R26G250B78;x
25408;183;137;106;R80G196B61;x
25409;158;138;114;R108G49B64;x
25410;187;116;90;R204G40B97;x
25411;103;170;152;R147G64B190;x
25412;238;208;116;R106G164B193;x
25413;205;205;107;R36G69B231;x
25414;174;167;80;R89G159B54;x
25415;183;209;62;R25G56B55;x
25416;198;208;124;R20G93B6;x
25417;170;162;139;R106G209B216;x
25418;203;196;121;R231G116B224;x
25419;132;131;72;R4G115B89;x
25420;182;149;88;R229G100B10;x
25421;209;191;91;R79G99B166;x
25422;164;157;122;R65G189B151;x
25423;153;147;125;R151G131B189;x
25424;138;172;123;R177G66B165;x
25425;233;134;105;R113G179B101;x
25426;219;167;78;R33G189B223;x
25427;60;139;49;R4G67B40;x
25428;98;130;98;R230G120B210;x
25429;236;173;100;R159G56B106;x
25430;221;158;92;R217G105B142;x
25431;82;169;55;R197G87B8;x
25432;179;168;86;R70G45B144;x
25433;129;144;133;R126G126B90;x
25434;170;167;91;R167G109B101;x
25435;116;147;148;R57G147B24;x
25436;202;169;97;R135G146B140;x
25437;207;176;70;R32G216B129;x
25438;124;137;127;R163G228B16;x
25439;156;135;139;R121G164B178;x
25440;188;165;145;R40G91B245;x
25441;206;159;84;R143G14B137;x
25442;30;125;106;R96G251B129;x
25443;128;166;146;R31G54B254;x
25444;48;124;76;R17G229B85;x
25445;211;201;138;R209G125B220;x
25446;90;111;138;R1G112B8;x
25447;165;165;121;R48G7B35;x
25448;190;140;159;R68G40B112;x
25449;171;174;108;R223G240B198;x
25450;221;172;111;R32G64B205;x
25451;212;216;89;R199G54B166;x
25452;240;221;106;R126G53B171;x
25453;182;209;86;R201G255B94;x
25454;211;133;99;R232G80B72;x
25455;165;157;161;R81G250B176;x
25456;223;157;89;R12G182B67;x
25457;165;193;85;R182G120B248;x
25458;188;200;75;R106G152B88;x
25459;184;123;115;R47G107B35;x
25460;126;109;146;R115G112B222;x
25461;200;175;118;R7G219B167;x
25462;189;204;134;R206G55B193;x
25463;185;179;110;R103G59B131;x
25464;184;202;138;R31G255B41;x
25465;180;201;70;R16G228B115;x
25466;226;199;163;R228G54B105;x
25467;190;169;170;R118G251B169;x
25468;100;142;188;R85G74B23;x
25469;153;196;179;R84G122B7;x
25470;215;117;155;R229G147B85;x
25471;215;176;95;R133G218B85;x
25472;66;119;92;R64G169B119;x
25473;186;168;140;R167G82B223;x
25474;203;174;169;R46G187B69;x
25475;131;168;145;R138G170B238;x
25476;84;102;149;R65G32B214;x
25477;206;134;157;R230G3B154;x
25478;184;184;108;R187G231B110;x
25479;217;174;99;R106G13B251;x
25480;135;139;45;R80G193B21;x
25481;230;189;88;R37G84B235;x
25482;203;136;173;R84G151B34;x
25483;229;170;96;R22G207B241;x
25484;240;151;121;R113G73B109;x
25485;152;149;141;R89G76B81;x
25486;178;205;93;R48G134B48;x
25487;138;200;138;R41G215B25;x
25488;170;145;135;R43G226B215;x
25489;182;162;93;R13G52B239;x
25490;92;133;95;R75G12B40;x
25491;175;193;152;R43G2B164;x
25492;167;168;133;R163G175B87;x
25493;230;166;108;R148G40B184;x
25494;215;150;131;R212G208B233;x
25495;115;159;155;R32G85B21;x
25496;133;174;129;R222G224B99;x
25497;174;175;137;R96G133B135;x
25498;173;179;93;R129G39B41;x
25499;144;194;113;R228G14B205;x
25500;218;203;96;R252G5B239;x
25501;69;157;107;R124G44B136;x
25502;161;145;126;R190G187B168;x
25503;173;135;150;R232G202B194;x
25504;206;172;62;R23G23B176;x
25505;196;102;88;R107G46B43;x
25506;223;150;177;R179G56B206;x
25507;178;220;113;R143G193B238;x
25508;209;169;104;R167G174B102;x
25509;168;165;131;R6G243B180;x
25510;204;165;81;R203G219B230;x
25511;210;141;125;R182G239B33;x
25512;175;174;96;R133G254B112;x
25513;148;189;79;R92G48B21;x
25514;165;193;82;R104G173B151;x
25515;77;143;67;R81G245B103;x
25516;99;141;111;R89G9B207;x
25517;198;141;83;R76G108B95;x
25518;152;175;131;R128G248B76;x
25519;196;151;81;R30G31B104;x
25520;151;182;59;R124G61B186;x
25521;235;115;103;R158G182B198;x
25522;58;136;100;R35G20B90;x
25523;107;137;82;R15G163B87;x
25524;188;158;71;R60G173B146;x
25525;183;146;161;R222G237B38;x
25526;185;149;157;R184G30B157;x
25527;144;162;172;R30G113B74;x
25528;156;201;82;R18G148B221;x
25529;194;181;94;R93G78B205;x
25530;174;148;111;R39G100B68;x
25531;173;173;132;R239G207B25;x
25532;146;155;144;R117G59B168;x
25533;179;184;79;R193G51B254;x
25534;202;171;125;R58G218B153;x
25535;170;182;179;R155G239B225;x
25536;215;186;73;R173G72B224;x
25537;134;166;134;R22G185B233;x
25538;173;175;84;R255G58B143;x
25539;176;169;141;R68G205B152;x
25540;195;180;91;R16G101B0;x
25541;158;196;138;R185G140B217;x
25542;197;131;102;R185G249B215;x
25543;67;109;68;R242G248B181;x
25544;119;117;147;R17G19B146;x
25545;194;122;86;R209G117B253;x
25546;207;167;46;R113G198B161;x
25547;157;133;106;R23G226B39;x
25548;145;172;164;R71G92B56;x
25549;220;118;40;R241G78B179;x
25550;178;196;114;R106G188B25;x
25551;175;153;92;R8G80B127;x
25552;170;167;90;R37G58B198;x
25553;93;140;78;R73G225B183;x
25554;153;132;149;R164G202B35;x
25555;199;133;120;R254G143B248;x
25556;205;189;108;R186G198B122;x
25557;164;154;81;R180G232B210;x
25558;240;183;85;R212G67B121;x
25559;203;173;67;R167G152B247;x
25560;219;145;139;R91G81B166;x
25561;194;174;160;R13G149B117;x
25562;179;159;119;R77G249B95;x
25563;71;118;63;R205G208B228;x
25564;188;177;109;R33G167B26;x
25565;175;140;125;R145G129B85;x
25566;182;176;34;R225G34B203;x
25567;187;148;181;R202G88B57;x
25568;239;192;119;R116G27B24;x
25569;172;144;149;R14G150B105;x
25570;155;151;150;R181G239B5;x
25571;167;210;86;R36G60B148;x
25572;197;218;119;R40G71B132;x
25573;91;130;59;R29G59B180;x
25574;199;170;93;R208G3B249;x
25575;204;168;175;R157G19B193;x
25576;236;182;87;R165G13B84;x
25577;143;177;118;R217G119B119;x
25578;141;178;161;R245G58B224;x
25579;160;131;105;R124G129B95;x
25580;155;199;112;R252G140B209;x
25581;234;146;102;R222G19B125;x
25582;188;164;76;R51G67B135;x
25583;219;163;179;R4G250B85;x
25584;219;117;89;R46G112B86;x
25585;149;151;122;R200G113B239;x
25586;208;126;172;R126G0B72;x
25587;218;148;94;R104G202B206;x
25588;118;155;71;R10G23B118;x
25589;193;188;103;R219G200B156;x
25590;205;142;140;R10G186B138;x
25591;199;209;80;R204G148B236;x
25592;194;161;96;R57G2B203;x
25593;150;178;138;R14G147B184;x
25594;170;197;119;R1G96B216;x
25595;183;163;129;R193G208B145;x
25596;206;138;98;R12G239B139;x
25597;184;152;62;R64G106B194;x
25598;197;168;76;R54G220B162;x
25599;180;127;148;R150G243B205;x
25600;234;143;58;R244G251B205;x
25601;206;226;106;R198G46B112;x
25602;212;163;78;R236G110B48;x
25603;233;177;69;R95G173B88;x
25604;173;149;121;R45G147B169;x
25605;198;151;115;R236G170B68;x
25606;162;178;169;R7G196B17;x
25607;181;166;103;R187G215B71;x
25608;207;179;187;R225G214B29;x
25609;189;187;127;R214G246B216;x
25610;149;148;162;R109G87B125;x
25611;187;189;76;R95G221B181;x
25612;182;173;133;R49G252B7;x
25613;220;175;96;R57G26B155;x
25614;142;199;59;R101G97B176;x
25615;189;119;146;R176G245B31;x
25616;112;186;134;R212G139B83;x
25617;77;117;91;R16G213B239;x
25618;167;163;93;R65G3B4;x
25619;185;177;74;R67G225B95;x
25620;180;163;126;R255G126B242;x
25621;223;199;83;R144G143B36;x
25622;221;168;96;R99G234B188;x
25623;168;164;180;R160G33B108;x
25624;182;169;89;R93G252B84;x
25625;190;138;143;R31G242B129;x
25626;168;169;178;R95G147B32;x
25627;122;144;78;R62G222B244;x
25628;199;184;145;R100G2B168;x
25629;229;180;124;R145G73B94;x
25630;80;147;90;R61G140B43;x
25631;101;137;115;R111G241B249;x
25632;168;181;163;R5G69B226;x
25633;203;165;56;R177G205B79;x
25634;184;164;111;R192G31B176;x
25635;175;155;143;R99G153B53;x
25636;113;155;155;R48G236B190;x
25637;162;109;115;R172G51B30;x
25638;185;171;93;R252G196B59;x
25639;165;202;61;R246G217B196;x
25640;146;148;152;R62G245B123;x
25641;169;133;103;R22G239B95;x
25642;162;160;110;R107G190B240;x
25643;239;183;66;R99G87B137;x
25644;188;189;90;R77G201B93;x
25645;142;147;173;R102G247B73;x
25646;195;174;67;R66G123B77;x
25647;130;170;82;R12G165B87;x
25648;177;189;101;R89G247B64;x
25649;130;193;129;R39G189B39;x
25650;84;118;159;R126G119B112;x
25651;160;148;193;R220G248B121;x
25652;192;149;126;R233G231B218;x
25653;175;157;135;R29G33B103;x
25654;71;158;84;R216G130B206;x
25655;193;155;116;R152G238B174;x
25656;89;136;179;R92G130B94;x
25657;60;154;77;R88G118B203;x
25658;113;156;171;R97G112B122;x
25659;113;151;90;R226G199B54;x
25660;186;193;110;R221G4B162;x
25661;180;152;124;R253G219B178;x
25662;211;165;116;R249G139B81;x
25663;215;178;88;R124G127B110;x
25664;109;122;81;R229G89B176;x
25665;147;197;104;R182G248B56;x
25666;189;207;89;R11G203B215;x
25667;173;192;184;R50G19B31;x
25668;181;182;119;R137G203B166;x
25669;110;170;142;R58G207B47;x
25670;140;173;117;R147G177B167;x
25671;197;167;143;R181G93B233;x
25672;75;138;93;R120G179B79;x
25673;141;179;142;R234G175B6;x
25674;228;169;86;R123G86B40;x
25675;161;144;120;R216G69B187;x
25676;223;138;103;R108G135B152;x
25677;135;131;155;R3G35B121;x
25678;179;204;111;R176G18B90;x
25679;190;153;136;R57G221B42;x
25680;204;145;165;R174G136B65;x
25681;222;184;92;R223G164B94;x
25682;162;181;123;R13G207B54;x
25683;211;138;135;R75G119B121;x
25684;165;189;104;R251G254B182;x
25685;173;164;125;R53G4B35;x
25686;152;174;101;R206G11B127;x
25687;103;153;96;R130G70B37;x
25688;163;117;179;R239G11B41;x
25689;229;140;88;R151G120B236;x
25690;177;181;151;R246G134B218;x
25691;219;181;74;R91G99B110;x
25692;158;130;136;R137G37B121;x
25693;202;158;93;R95G122B191;x
25694;163;135;143;R221G29B196;x
25695;179;129;170;R96G19B174;x
25696;201;146;102;R124G39B92;x
25697;75;156;108;R229G24B156;x
25698;201;159;133;R205G202B171;x
25699;166;168;84;R36G109B229;x
25700;115;127;90;R40G45B22;x
25701;170;172;122;R22G130B22;x
25702;148;169;109;R111G82B41;x
25703;156;141;148;R96G235B123;x
25704;179;147;110;R155G101B188;x
25705;81;117;32;R17G206B110;x
25706;194;179;134;R67G111B142;x
25707;222;172;114;R63G235B177;x
25708;158;162;115;R83G211B96;x
25709;97;130;98;R225G134B71;x
25710;101;162;189;R138G37B234;x
25711;181;205;93;R75G48B138;x
25712;192;144;149;R183G187B180;x
25713;175;166;102;R186G172B107;x
25714;236;167;115;R31G44B120;x
25715;97;153;122;R12G117B202;x
25716;87;125;84;R92G208B66;x
25717;206;174;101;R183G165B241;x
25718;162;207;78;R67G121B147;x
25719;196;156;87;R27G39B220;x
25720;185;184;101;R159G154B243;x
25721;93;134;71;R172G34B103;x
25722;197;176;119;R118G46B229;x
25723;177;180;53;R4G14B166;x
25724;161;154;173;R177G197B88;x
25725;182;133;93;R99G178B191;x
25726;222;123;58;R122G251B206;x
25727;195;136;132;R63G34B76;x
25728;215;173;79;R132G60B120;x
25729;151;158;142;R138G7B156;x
25730;173;181;122;R69G68B25;x
25731;205;172;123;R47G168B86;x
25732;160;176;164;R14G125B140;x
25733;95;143;121;R85G114B204;x
25734;166;162;160;R63G156B155;x
25735;196;167;173;R197G129B134;x
25736;161;186;170;R58G58B26;x
25737;193;162;106;R140G119B75;x
25738;183;177;87;R247G84B189;x
25739;170;175;159;R50G187B39;x
25740;177;170;97;R106G162B199;x
25741;215;182;120;R74G229B60;x
25742;224;154;87;R161G163B114;x
25743;97;132;179;R248G169B155;x
25744;70;123;77;R152G194B209;x
25745;191;167;124;R209G222B151;x
25746;168;176;102;R216G192B224;x
25747;191;179;107;R251G233B83;x
25748;185;164;98;R2G152B118;x
25749;198;155;148;R160G155B47;x
25750;236;135;123;R212G65B53;x
25751;210;139;116;R60G223B60;x
25752;132;172;163;R150G238B47;x
25753;214;159;132;R45G62B85;x
25754;108;161;176;R102G144B139;x
25755;192;162;104;R163G6B183;x
25756;218;221;121;R34G134B46;x
25757;178;115;116;R1G59B209;x
25758;113;151;78;R103G75B30;x
25759;98;86;94;R244G152B84;x
25760;117;146;101;R91G191B181;x
25761;219;138;140;R62G63B61;x
25762;183;183;67;R163G242B217;x
25763;97;120;78;R249G11B105;x
25764;172;208;82;R109G140B194;x
25765;178;189;109;R82G17B87;x
25766;207;154;113;R87G87B63;x
25767;188;173;68;R46G145B250;x
25768;145;152;121;R11G76B218;x
25769;177;174;140;R53G242B215;x
25770;200;183;76;R122G143B253;x
25771;184;164;85;R52G14B208;x
25772;193;162;126;R4G37B68;x
25773;182;171;164;R16G100B13;x
25774;226;159;108;R185G121B156;x
25775;115;165;73;R125G235B250;x
25776;178;209;43;R60G63B169;x
25777;123;134;88;R245G102B20;x
25778;191;128;100;R134G210B229;x
25779;90;93;98;R109G54B101;x
25780;240;158;124;R146G25B239;x
25781;208;178;100;R113G173B102;x
25782;185;153;58;R68G87B195;x
25783;158;163;79;R0G255B229;x
25784;186;182;124;R37G30B72;x
25785;207;162;62;R10G235B137;x
25786;137;165;125;R180G73B2;x
25787;146;204;109;R152G178B113;x
25788;206;218;158;R96G69B206;x
25789;202;221;116;R181G151B169;x
25790;184;174;111;R40G93B160;x
25791;147;133;99;R92G249B50;x
25792;164;165;159;R120G30B175;x
25793;185;164;100;R30G241B255;x
25794;147;187;98;R233G215B75;x
25795;171;165;130;R198G98B226;x
25796;208;204;85;R3G109B61;x
25797;157;164;62;R204G59B251;x
25798;173;146;89;R71G97B50;x
25799;186;200;105;R214G201B230;x
25800;216;119;140;R137G201B212;x
25801;172;170;91;R68G111B202;x
25802;147;137;121;R65G29B152;x
25803;185;132;156;R192G187B124;x
25804;167;133;103;R33G134B179;x
25805;120;139;188;R22G165B52;x
25806;111;150;101;R12G251B82;x
25807;202;137;100;R78G94B11;x
25808;190;161;97;R57G213B55;x
25809;226;147;123;R121G225B152;x
25810;108;120;99;R69G234B70;x
25811;165;165;151;R192G133B210;x
25812;181;134;111;R25G231B98;x
25813;95;182;84;R30G1B25;x
25814;71;118;174;R173G163B130;x
25815;179;186;132;R183G241B217;x
25816;138;144;63;R177G213B226;x
25817;228;196;35;R150G113B132;x
25818;167;163;114;R242G36B48;x
25819;203;182;106;R12G2B46;x
25820;179;172;138;R77G89B212;x
25821;167;158;182;R20G136B248;x
25822;209;114;105;R224G152B238;x
25823;239;149;126;R131G23B55;x
25824;67;133;108;R13G182B36;x
25825;206;147;90;R247G86B39;x
25826;155;191;165;R170G141B173;x
25827;124;198;111;R65G14B50;x
25828;98;100;91;R211G95B16;x
25829;213;114;181;R68G183B106;x
25830;227;173;172;R172G116B206;x
25831;218;138;95;R94G189B0;x
25832;85;113;58;R182G149B183;x
25833;226;155;126;R23G135B66;x
25834;187;187;173;R105G77B236;x
25835;203;181;126;R179G220B62;x
25836;134;138;115;R189G217B112;x
25837;163;153;122;R197G155B226;x
25838;236;185;51;R18G139B198;x
25839;193;168;72;R149G145B203;x
25840;187;145;127;R62G94B48;x
25841;198;190;98;R173G245B176;x
25842;179;211;124;R236G241B65;x
25843;214;186;93;R204G43B133;x
25844;190;139;135;R42G157B252;x
25845;168;203;78;R158G130B86;x
25846;209;164;96;R195G98B112;x
25847;232;138;69;R49G135B12;x
25848;197;177;94;R156G153B133;x
25849;201;198;78;R102G22B130;x
25850;132;141;174;R72G76B190;x
25851;196;183;65;R237G216B11;x
25852;174;155;76;R176G170B54;x
25853;154;130;154;R219G204B144;x
25854;183;157;177;R41G133B155;x
25855;232;132;62;R154G165B248;x
25856;162;151;133;R76G83B255;x
25857;193;157;145;R190G239B194;x
25858;225;162;79;R78G14B96;x
25859;158;195;90;R144G217B174;x
25860;188;192;65;R46G65B3;x
25861;190;190;78;R225G83B7;x
25862;187;143;180;R44G133B145;x
25863;124;84;160;R104G191B107;x
25864;228;156;129;R117G81B27;x
25865;178;155;100;R246G161B169;x
25866;183;200;82;R240G91B208;x
25867;214;173;89;R73G158B97;x
25868;194;189;101;R94G64B41;x
25869;199;175;101;R63G154B151;x
25870;233;206;118;R166G98B100;x
25871;193;132;87;R252G173B243;x
25872;200;151;111;R192G109B98;x
25873;153;191;100;R2G181B212;x
25874;191;170;166;R47G20B0;x
25875;147;178;97;R162G59B137;x
25876;136;167;82;R104G245B126;x
25877;162;142;167;R159G91B231;x
25878;199;173;51;R180G132B230;x
25879;90;144;85;R138G246B89;x
25880;201;195;59;R108G191B35;x
25881;75;139;68;R161G73B162;x
25882;87;139;94;R120G108B163;x
25883;160;177;116;R3G160B149;x
25884;188;174;95;R96G12B19;x
25885;116;168;163;R223G24B251;x
25886;178;126;88;R135G238B200;x
25887;188;138;63;R170G32B49;x
25888;192;142;66;R218G253B75;x
25889;222;202;90;R114G205B243;x
25890;89;150;160;R184G97B116;x
25891;90;118;75;R2G15B130;x
25892;225;169;113;R19G17B130;x
25893;198;161;116;R67G149B226;x
25894;55;122;79;R208G141B210;x
25895;209;158;114;R241G74B74;x
25896;178;158;126;R105G194B230;x
25897;177;161;163;R226G32B115;x
25898;166;152;180;R3G237B22;x
25899;92;176;72;R139G8B214;x
25900;177;218;102;R77G13B71;x
25901;214;201;90;R9G39B35;x
25902;190;179;114;R131G94B125;x
25903;113;135;117;R102G223B128;x
25904;178;141;162;R124G154B184;x
25905;200;141;142;R253G104B0;x
25906;215;176;138;R156G158B38;x
25907;207;151;135;R34G38B191;x
25908;212;175;105;R149G80B38;x
25909;193;166;116;R81G212B202;x
25910;210;206;87;R177G252B202;x
25911;104;125;103;R222G26B187;x
25912;173;184;91;R170G71B110;x
25913;181;173;87;R97G119B91;x
25914;178;172;76;R100G42B249;x
25915;154;197;141;R247G87B156;x
25916;215;178;136;R230G209B45;x
25917;124;161;143;R207G204B224;x
25918;199;167;92;R209G221B135;x
25919;191;168;101;R206G248B125;x
25920;212;153;110;R46G91B8;x
25921;116;137;154;R23G66B163;x
25922;177;151;130;R129G231B94;x
25923;148;160;75;R173G49B225;x
25924;171;116;113;R189G38B121;x
25925;136;169;85;R16G50B66;x
25926;174;160;139;R75G162B95;x
25927;145;139;113;R133G7B23;x
25928;201;158;73;R220G62B141;x
25929;121;171;111;R223G158B226;x
25930;108;152;119;R106G84B85;x
25931;215;173;116;R162G97B247;x
25932;156;173;67;R157G19B135;x
25933;174;171;129;R201G13B80;x
25934;164;135;132;R158G95B47;x
25935;171;166;164;R209G173B100;x
25936;181;196;48;R14G151B248;x
25937;222;201;107;R253G131B196;x
25938;162;198;81;R33G150B222;x
25939;124;156;104;R211G201B151;x
25940;174;114;79;R181G195B111;x
25941;156;185;172;R7G57B173;x
25942;84;162;91;R151G159B47;x
25943;99;144;87;R164G60B204;x
25944;86;142;95;R205G71B57;x
25945;167;131;164;R247G81B209;x
25946;97;146;57;R116G157B71;x
25947;112;155;110;R104G46B182;x
25948;136;177;143;R141G18B13;x
25949;212;191;85;R102G151B7;x
25950;196;163;101;R105G211B16;x
25951;176;173;97;R80G66B229;x
25952;127;144;88;R48G97B181;x
25953;211;160;98;R176G159B125;x
25954;177;181;137;R142G246B203;x
25955;202;181;122;R107G135B202;x
25956;192;135;99;R23G165B24;x
25957;201;170;135;R87G57B93;x
25958;198;154;163;R81G191B82;x
25959;218;205;129;R75G19B211;x
25960;153;141;141;R84G105B65;x
25961;190;165;101;R212G237B81;x
25962;66;133;96;R213G74B126;x
25963;112;135;182;R235G122B227;x
25964;169;177;117;R38G5B231;x
25965;123;142;91;R238G48B7;x
25966;115;169;147;R189G129B116;x
25967;142;175;108;R103G42B1;x
25968;177;112;110;R107G105B87;x
25969;166;126;99;R222G171B26;x
25970;97;129;133;R15G30B237;x
25971;173;190;75;R52G55B108;x
25972;201;174;100;R12G215B92;x
25973;152;151;109;R149G156B212;x
25974;137;179;110;R11G13B236;x
25975;183;157;134;R181G131B21;x
25976;168;140;152;R12G6B67;x
25977;204;165;111;R224G28B248;x
25978;194;147;57;R27G244B168;x
25979;215;160;50;R64G88B93;x
25980;167;157;101;R65G103B93;x
25981;203;170;164;R147G126B50;x
25982;164;125;136;R95G183B0;x
25983;200;161;98;R194G182B17;x
25984;96;101;127;R146G76B45;x
25985;157;189;87;R149G20B235;x
25986;102;123;83;R145G135B233;x
25987;173;142;119;R240G89B171;x
25988;102;114;114;R147G206B124;x
25989;235;197;98;R29G211B223;x
25990;189;179;95;R227G90B47;x
25991;121;135;110;R101G10B33;x
25992;127;152;157;R189G202B232;x
25993;197;139;110;R39G77B215;x
25994;68;160;82;R248G24B11;x
25995;168;194;82;R29G68B69;x
25996;172;219;98;R221G248B55;x
25997;197;163;47;R128G69B89;x
25998;187;199;173;R168G87B185;x
25999;68;125;79;R125G135B149;x
26000;210;170;140;R109G129B90;x
26001;162;165;133;R49G138B192;x
26002;238;167;67;R59G37B111;x
26003;166;199;119;R87G254B144;x
26004;233;173;66;R150G76B143;x
26005;190;132;118;R72G92B223;x
26006;193;169;91;R24G52B126;x
26007;91;164;102;R94G130B157;x
26008;202;151;72;R145G226B130;x
26009;182;174;96;R194G104B42;x
26010;129;181;172;R143G36B0;x
26011;66;151;85;R116G60B235;x
26012;93;134;45;R92G231B52;x
26013;178;205;114;R216G251B62;x
26014;83;152;105;R122G230B48;x
26015;178;170;159;R95G243B226;x
26016;174;154;97;R244G105B110;x
26017;181;144;166;R140G45B123;x
26018;188;174;109;R239G74B160;x
26019;195;170;126;R66G126B150;x
26020;107;146;70;R90G149B100;x
26021;219;164;79;R210G175B57;x
26022;161;173;176;R36G6B147;x
26023;174;155;102;R137G204B173;x
26024;104;119;83;R216G105B170;x
26025;61;123;75;R46G229B83;x
26026;154;168;174;R91G27B204;x
26027;207;144;146;R128G108B113;x
26028;152;166;114;R137G144B60;x
26029;200;147;133;R99G28B9;x
26030;183;140;71;R208G6B202;x
26031;61;125;97;R178G212B16;x
26032;187;145;93;R6G254B226;x
26033;187;192;76;R61G218B255;x
26034;193;151;109;R156G25B146;x
26035;203;203;114;R25G153B95;x
26036;197;149;101;R177G176B246;x
26037;118;143;101;R175G20B36;x
26038;229;136;136;R47G59B204;x
26039;168;139;114;R123G207B115;x
26040;163;160;107;R168G19B59;x
26041;216;142;77;R162G23B242;x
26042;63;159;78;R32G152B255;x
26043;184;152;105;R160G151B70;x
26044;187;177;142;R163G27B131;x
26045;182;183;80;R105G60B236;x
26046;240;185;131;R89G221B62;x
26047;198;138;62;R61G200B81;x
26048;238;144;66;R126G150B36;x
26049;176;150;166;R184G79B85;x
26050;211;180;63;R237G170B83;x
26051;209;192;82;R134G50B211;x
26052;147;163;171;R86G142B58;x
26053;142;183;127;R217G6B166;x
26054;173;174;87;R141G194B110;x
26055;168;103;123;R0G104B80;x
26056;197;186;109;R130G184B61;x
26057;176;110;133;R131G32B35;x
26058;173;139;154;R80G255B108;x
26059;216;193;93;R115G126B11;x
26060;206;147;88;R46G119B71;x
26061;195;185;131;R86G88B250;x
26062;169;181;78;R40G83B213;x
26063;150;152;85;R37G167B191;x
26064;151;168;156;R60G137B105;x
26065;185;163;119;R68G197B40;x
26066;175;172;102;R165G172B148;x
26067;166;125;156;R12G54B11;x
26068;174;143;146;R127G107B5;x
26069;221;206;96;R67G16B163;x
26070;204;144;115;R115G3B237;x
26071;196;151;69;R30G237B184;x
26072;85;166;51;R56G158B16;x
26073;223;221;148;R216G62B60;x
26074;206;203;97;R168G198B174;x
26075;174;124;174;R167G116B102;x
26076;168;210;108;R41G243B180;x
26077;117;130;156;R148G61B165;x
26078;152;161;167;R143G230B89;x
26079;150;177;72;R37G169B179;x
26080;192;130;130;R199G28B144;x
26081;135;142;148;R202G190B62;x
26082;226;214;104;R172G149B211;x
26083;108;143;75;R177G11B45;x
26084;195;143;68;R116G92B43;x
26085;97;104;52;R154G92B200;x
26086;81;93;112;R236G168B87;x
26087;111;123;73;R225G195B112;x
26088;200;123;157;R114G145B84;x
26089;171;178;88;R55G212B123;x
26090;193;159;96;R166G8B71;x
26091;201;201;78;R95G215B150;x
26092;198;166;58;R225G14B88;x
26093;151;180;90;R56G159B142;x
26094;183;185;109;R176G6B92;x
26095;116;88;79;R205G148B222;x
26096;219;172;81;R175G244B79;x
26097;126;156;102;R9G192B25;x
26098;174;146;140;R131G107B14;x
26099;224;168;71;R167G24B176;x
26100;214;154;138;R28G94B4;x
26101;193;150;81;R100G25B14;x
26102;214;121;93;R124G41B146;x
26103;210;181;65;R58G13B47;x
26104;166;148;123;R63G225B167;x
26105;202;182;92;R72G118B240;x
26106;160;186;139;R79G144B255;x
26107;108;126;67;R35G168B16;x
26108;172;147;80;R195G21B161;x
26109;219;169;66;R66G74B23;x
26110;240;226;104;R246G56B27;x
26111;171;142;154;R42G59B11;x
26112;108;113;88;R216G229B177;x
26113;150;159;140;R215G239B219;x
26114;161;211;112;R81G128B200;x
26115;239;177;121;R151G107B4;x
26116;171;187;83;R254G160B214;x
26117;232;193;74;R62G34B210;x
26118;240;183;54;R218G74B160;x
26119;210;222;80;R154G200B213;x
26120;191;155;116;R171G188B138;x
26121;77;157;120;R43G62B209;x
26122;206;209;105;R156G148B122;x
26123;189;150;113;R252G98B69;x
26124;192;201;92;R233G177B141;x
26125;217;112;75;R12G33B80;x
26126;202;172;72;R243G84B145;x
26127;231;183;127;R22G147B235;x
26128;229;187;105;R243G16B185;x
26129;78;131;110;R221G99B29;x
26130;216;160;124;R6G225B152;x
26131;168;151;138;R246G24B216;x
26132;188;177;101;R84G192B8;x
26133;153;192;159;R239G97B167;x
26134;240;193;53;R93G89B93;x
26135;148;160;130;R164G104B147;x
26136;198;196;68;R57G32B102;x
26137;194;112;120;R187G147B182;x
26138;178;169;178;R160G70B242;x
26139;186;128;69;R107G7B51;x
26140;198;152;84;R76G178B59;x
26141;144;163;86;R24G29B122;x
26142;176;203;82;R0G233B15;x
26143;195;191;101;R184G98B58;x
26144;169;137;104;R234G41B4;x
26145;173;205;102;R231G233B187;x
26146;156;184;131;R232G112B62;x
26147;144;176;137;R51G229B47;x
26148;240;172;70;R133G49B12;x
26149;156;196;84;R76G118B122;x
26150;36;150;82;R219G104B216;x
26151;209;174;84;R195G194B247;x
26152;134;178;109;R113G252B221;x
26153;202;133;92;R201G154B79;x
26154;219;163;89;R151G142B115;x
26155;57;151;118;R121G216B157;x
26156;129;177;194;R88G146B63;x
26157;75;148;95;R216G74B155;x
26158;86;131;106;R215G116B97;x
26159;175;182;98;R38G83B245;x
26160;165;163;157;R210G35B192;x
26161;160;171;114;R17G68B237;x
26162;183;196;111;R210G64B224;x
26163;196;208;97;R176G82B11;x
26164;101;114;187;R77G205B99;x
26165;150;124;148;R63G151B208;x
26166;193;154;151;R41G113B73;x
26167;224;171;61;R10G158B181;x
26168;76;109;59;R149G138B182;x
26169;175;159;131;R117G109B236;x
26170;107;160;100;R103G31B14;x
26171;129;167;146;R166G207B64;x
26172;170;152;69;R76G169B222;x
26173;184;162;163;R68G234B112;x
26174;132;115;165;R33G167B198;x
26175;77;149;132;R153G129B67;x
26176;176;189;142;R193G178B140;x
26177;199;164;60;R150G135B153;x
26178;225;168;107;R137G15B227;x
26179;185;216;77;R171G255B69;x
26180;182;189;110;R147G220B89;x
26181;52;169;101;R236G153B48;x
26182;117;155;148;R186G246B88;x
26183;193;171;149;R47G95B25;x
26184;60;151;68;R100G111B173;x
26185;204;156;130;R125G221B202;x
26186;178;129;79;R13G0B1;x
26187;162;182;109;R69G96B229;x
26188;98;172;158;R148G216B192;x
26189;100;119;134;R171G124B52;x
26190;169;153;163;R48G1B132;x
26191;128;167;77;R3G103B127;x
26192;169;164;112;R190G250B86;x
26193;185;164;94;R50G12B64;x
26194;177;113;156;R254G100B121;x
26195;177;189;92;R157G125B234;x
26196;50;141;94;R110G8B237;x
26197;144;186;119;R191G103B24;x
26198;240;163;83;R219G194B241;x
26199;112;132;206;R204G236B14;x
26200;156;165;173;R230G235B95;x
26201;183;142;136;R132G113B111;x
26202;115;103;71;R25G8B191;x
26203;196;145;164;R157G33B44;x
26204;114;162;142;R99G130B196;x
26205;163;177;145;R219G76B191;x
26206;203;172;126;R222G82B73;x
26207;170;120;74;R124G41B114;x
26208;217;161;113;R122G13B34;x
26209;120;107;154;R73G97B235;x
26210;179;170;109;R93G13B57;x
26211;203;154;104;R215G7B76;x
26212;221;217;103;R69G138B34;x
26213;146;145;164;R113G205B33;x
26214;183;167;93;R61G159B148;x
26215;205;209;104;R137G176B223;x
26216;161;143;183;R186G100B241;x
26217;150;185;109;R32G117B111;x
26218;240;151;68;R205G120B77;x
26219;80;150;90;R79G242B70;x
26220;182;167;72;R80G51B97;x
26221;173;192;65;R48G12B17;x
26222;216;193;109;R226G184B188;x
26223;161;145;94;R38G96B225;x
26224;159;220;125;R26G194B112;x
26225;149;137;70;R200G138B40;x
26226;214;132;74;R158G231B229;x
26227;199;180;151;R41G231B123;x
26228;226;171;97;R214G161B218;x
26229;194;165;164;R252G155B119;x
26230;218;182;181;R49G137B41;x
26231;229;135;92;R50G175B96;x
26232;182;139;111;R176G198B47;x
26233;208;207;95;R213G164B77;x
26234;168;150;131;R172G19B124;x
26235;204;151;132;R216G191B47;x
26236;176;152;94;R227G49B219;x
26237;188;169;123;R242G186B135;x
26238;194;150;100;R243G132B24;x
26239;199;138;100;R194G252B120;x
26240;99;122;62;R62G16B151;x
26241;156;115;157;R150G217B23;x
26242;160;155;144;R182G53B190;x
26243;150;157;124;R58G239B143;x
26244;166;206;96;R133G198B221;x
26245;206;158;107;R220G58B66;x
26246;129;159;157;R16G51B98;x
26247;231;163;68;R234G140B233;x
26248;209;226;100;R50G119B144;x
26249;178;158;150;R228G96B222;x
26250;170;151;126;R184G246B41;x
26251;106;133;58;R203G51B95;x
26252;182;142;98;R161G110B208;x
26253;240;187;50;R30G215B247;x
26254;117;129;187;R185G176B189;x
26255;61;119;87;R169G4B244;x
26256;170;173;133;R148G67B74;x
26257;203;137;105;R13G24B52;x
26258;137;127;113;R83G122B0;x
26259;209;146;158;R114G53B189;x
26260;105;170;103;R121G119B15;x
26261;185;168;159;R138G250B18;x
26262;175;140;139;R255G164B181;x
26263;151;193;140;R121G143B197;x
26264;212;168;94;R85G44B101;x
26265;201;167;104;R109G217B44;x
26266;110;175;153;R255G123B234;x
26267;134;205;99;R240G63B2;x
26268;143;116;136;R238G206B67;x
26269;162;170;104;R118G169B141;x
26270;97;124;119;R86G126B62;x
26271;167;162;85;R112G189B171;x
26272;190;152;125;R20G145B107;x
26273;120;193;112;R161G240B5;x
26274;164;123;82;R73G196B120;x
26275;216;196;123;R236G19B122;x
26276;160;194;134;R216G63B13;x
26277;75;157;90;R70G254B47;x
26278;240;185;101;R62G90B232;x
26279;207;190;72;R60G116B189;x
26280;171;118;123;R120G157B95;x
26281;66;140;83;R225G166B250;x
26282;160;171;172;R255G189B138;x
26283;125;134;170;R246G199B99;x
26284;192;205;79;R28G172B116;x
26285;114;165;123;R209G200B188;x
26286;187;173;99;R81G14B106;x
26287;189;139;110;R57G127B148;x
26288;208;187;93;R158G243B187;x
26289;196;155;88;R177G11B231;x
26290;191;176;142;R104G92B89;x
26291;197;135;89;R127G244B246;x
26292;187;155;131;R74G32B87;x
26293;216;189;120;R168G189B196;x
26294;132;164;161;R46G65B143;x
26295;213;178;50;R249G83B49;x
26296;169;131;130;R22G85B139;x
26297;120;106;185;R82G180B239;x
26298;149;163;133;R118G185B168;x
26299;158;189;139;R139G122B71;x
26300;185;190;89;R113G69B213;x
26301;205;179;138;R25G37B173;x
26302;114;120;139;R26G154B66;x
26303;87;101;89;R209G204B16;x
26304;189;112;150;R34G89B177;x
26305;80;135;113;R215G218B26;x
26306;154;170;79;R193G53B190;x
26307;215;182;77;R90G217B66;x
26308;196;148;99;R24G173B254;x
26309;78;94;151;R153G213B10;x
26310;202;153;98;R113G161B173;x
26311;210;180;149;R101G77B189;x
26312;170;149;105;R13G132B194;x
26313;173;153;119;R7G136B160;x
26314;230;150;89;R86G82B178;x
26315;173;180;94;R179G25B150;x
26316;158;146;164;R19G127B35;x
26317;228;168;113;R212G63B212;x
26318;173;185;133;R221G54B66;x
26319;102;137;73;R169G249B124;x
26320;144;163;139;R185G216B83;x
26321;209;166;55;R80G18B214;x
26322;190;152;109;R143G157B125;x
26323;75;141;109;R38G236B44;x
26324;174;166;86;R119G71B5;x
26325;97;142;131;R30G157B127;x
26326;139;142;147;R25G154B184;x
26327;141;153;137;R133G46B155;x
26328;189;218;83;R155G108B112;x
26329;195;146;110;R102G26B215;x
26330;206;161;128;R145G87B78;x
26331;179;200;93;R39G69B252;x
26332;196;143;161;R211G209B210;x
26333;149;180;99;R189G82B248;x
26334;173;170;125;R243G199B114;x
26335;220;185;73;R120G146B11;x
26336;186;196;111;R3G10B254;x
26337;177;191;88;R82G102B210;x
26338;204;178;88;R224G32B199;x
26339;113;104;66;R34G49B65;x
26340;214;169;117;R82G124B176;x
26341;211;156;117;R60G51B36;x
26342;181;124;67;R240G228B117;x
26343;159;189;106;R19G246B83;x
26344;220;164;71;R228G221B57;x
26345;62;153;82;R164G62B247;x
26346;188;211;120;R78G174B172;x
26347;180;195;108;R97G81B23;x
26348;72;126;58;R60G201B91;x
26349;224;105;85;R102G213B99;x
26350;138;209;79;R157G215B140;x
26351;229;133;65;R221G250B250;x
26352;145;183;104;R146G110B74;x
26353;158;226;79;R159G57B104;x
26354;187;210;99;R86G207B232;x
26355;179;212;148;R103G201B170;x
26356;206;154;124;R167G235B106;x
26357;185;227;87;R78G3B211;x
26358;121;170;135;R130G23B189;x
26359;129;176;93;R173G88B224;x
26360;174;153;94;R110G173B233;x
26361;230;139;136;R111G1B52;x
26362;187;136;145;R215G209B250;x
26363;240;181;74;R48G154B219;x
26364;197;147;85;R179G128B204;x
26365;107;98;160;R78G151B112;x
26366;140;169;151;R41G3B146;x
26367;203;172;121;R215G113B234;x
26368;131;153;104;R121G226B22;x
26369;178;187;52;R205G152B36;x
26370;91;135;91;R251G125B46;x
26371;122;168;147;R45G172B238;x
26372;184;162;87;R181G166B242;x
26373;120;140;145;R156G21B132;x
26374;204;198;116;R92G184B178;x
26375;144;121;116;R213G148B108;x
26376;191;177;93;R71G132B130;x
26377;96;149;178;R206G36B11;x
26378;78;110;130;R125G74B240;x
26379;213;157;122;R15G138B240;x
26380;143;141;158;R238G129B97;x
26381;209;152;131;R203G128B149;x
26382;201;183;141;R67G7B224;x
26383;155;200;134;R72G2B76;x
26384;164;169;140;R48G1B11;x
26385;177;176;159;R165G103B116;x
26386;92;159;97;R16G182B238;x
26387;79;95;33;R93G112B40;x
26388;231;180;71;R233G239B141;x
26389;124;136;133;R145G68B80;x
26390;200;190;91;R109G64B156;x
26391;212;115;136;R31G48B224;x
26392;202;177;96;R82G147B198;x
26393;112;146;210;R225G88B74;x
26394;117;148;152;R4G149B37;x
26395;194;207;118;R204G219B7;x
26396;198;166;143;R216G89B243;x
26397;177;170;120;R213G254B121;x
26398;39;115;122;R186G208B200;x
26399;173;187;120;R95G97B135;x
26400;145;135;147;R42G249B57;x
26401;185;121;91;R33G34B143;x
26402;156;138;148;R86G216B195;x
26403;124;195;126;R227G16B160;x
26404;187;119;156;R247G67B66;x
26405;197;152;111;R38G242B249;x
26406;137;178;149;R202G113B116;x
26407;173;145;98;R169G188B0;x
26408;166;138;159;R185G26B36;x
26409;172;162;88;R110G97B10;x
26410;172;197;175;R184G123B59;x
26411;100;169;141;R67G169B186;x
26412;213;154;114;R241G248B253;x
26413;192;182;127;R240G61B17;x
26414;219;180;97;R156G158B170;x
26415;180;190;149;R250G38B91;x
26416;142;192;137;R51G96B167;x
26417;70;123;112;R125G156B156;x
26418;165;125;104;R42G61B127;x
26419;228;157;71;R129G250B100;x
26420;188;150;64;R255G86B128;x
26421;144;177;69;R25G61B32;x
26422;222;158;85;R218G144B92;x
26423;211;158;134;R15G30B77;x
26424;96;112;117;R116G55B162;x
26425;56;120;93;R60G87B46;x
26426;177;153;121;R151G111B121;x
26427;221;177;41;R216G67B179;x
26428;201;174;73;R138G80B34;x
26429;216;185;145;R139G206B68;x
26430;178;160;87;R225G99B22;x
26431;199;188;137;R207G153B240;x
26432;202;184;80;R113G68B163;x
26433;188;152;138;R145G128B22;x
26434;236;141;76;R210G235B93;x
26435;200;169;68;R22G25B76;x
26436;180;159;107;R195G37B86;x
26437;57;164;84;R83G238B151;x
26438;230;164;126;R138G88B40;x
26439;90;148;93;R186G155B235;x
26440;116;175;85;R98G141B11;x
26441;212;150;77;R253G254B110;x
26442;201;134;92;R241G32B152;x
26443;211;173;103;R238G163B145;x
26444;219;162;74;R113G143B11;x
26445;197;174;163;R92G60B173;x
26446;222;149;145;R95G183B168;x
26447;137;154;144;R18G182B110;x
26448;235;191;77;R86G108B62;x
26449;129;178;102;R172G36B171;x
26450;216;193;100;R60G78B61;x
26451;196;170;79;R73G18B28;x
26452;204;189;94;R73G207B126;x
26453;210;127;93;R67G239B194;x
26454;202;180;116;R30G248B240;x
26455;96;148;102;R72G251B175;x
26456;90;109;59;R109G6B96;x
26457;202;156;119;R87G26B104;x
26458;175;166;127;R182G37B100;x
26459;176;136;133;R119G8B139;x
26460;166;165;134;R60G101B68;x
26461;144;129;164;R159G228B252;x
26462;205;179;80;R50G44B240;x
26463;159;139;174;R192G79B168;x
26464;108;159;90;R124G154B103;x
26465;175;152;144;R139G104B95;x
26466;207;152;48;R233G34B62;x
26467;163;218;112;R238G168B204;x
26468;198;192;74;R241G159B5;x
26469;191;173;92;R245G200B110;x
26470;139;152;111;R31G6B132;x
26471;212;173;120;R242G14B71;x
26472;188;172;80;R60G193B132;x
26473;177;176;109;R237G124B211;x
26474;122;110;106;R149G5B144;x
26475;182;129;99;R34G122B164;x
26476;166;171;118;R201G23B154;x
26477;129;173;92;R237G18B54;x
26478;192;213;138;R22G87B233;x
26479;145;201;63;R237G35B143;x
26480;223;146;67;R253G62B26;x
26481;157;186;163;R247G176B55;x
26482;174;176;149;R251G96B156;x
26483;194;169;141;R138G44B90;x
26484;155;188;102;R245G191B185;x
26485;226;206;98;R58G11B4;x
26486;196;177;137;R95G238B113;x
26487;232;159;70;R103G112B188;x
26488;155;168;86;R220G147B172;x
26489;214;145;94;R151G108B31;x
26490;169;146;110;R172G226B254;x
26491;192;173;78;R98G30B202;x
26492;186;149;115;R240G29B129;x
26493;186;152;142;R204G153B150;x
26494;82;141;64;R65G182B209;x
26495;210;204;93;R166G14B176;x
26496;99;128;145;R31G41B47;x
26497;171;162;113;R66G243B62;x
26498;208;193;95;R121G163B135;x
26499;68;148;103;R224G89B130;x
26500;107;89;89;R233G238B47;x
26501;172;169;65;R14G196B247;x
26502;240;133;70;R186G85B5;x
26503;135;173;144;R77G12B82;x
26504;96;165;121;R49G222B114;x
26505;194;164;105;R16G0B196;x
26506;89;162;81;R137G102B225;x
26507;188;130;82;R126G90B40;x
26508;170;193;69;R165G244B151;x
26509;70;117;69;R191G172B106;x
26510;183;182;78;R99G66B16;x
26511;185;169;137;R4G47B99;x
26512;187;169;96;R65G13B129;x
26513;207;147;46;R234G111B75;x
26514;119;134;135;R22G233B156;x
26515;180;127;123;R44G78B145;x
26516;95;145;79;R20G50B107;x
26517;166;153;159;R220G74B5;x
26518;166;167;103;R94G236B215;x
26519;170;130;160;R187G215B58;x
26520;183;158;68;R27G214B254;x
26521;203;175;119;R255G210B184;x
26522;210;158;109;R70G216B65;x
26523;216;108;137;R2G240B226;x
26524;178;185;104;R188G134B12;x
26525;167;123;166;R229G239B37;x
26526;75;126;118;R37G156B184;x
26527;185;173;98;R40G237B186;x
26528;192;205;104;R128G242B152;x
26529;162;193;70;R133G165B149;x
26530;156;229;102;R35G133B120;x
26531;198;124;145;R127G25B104;x
26532;176;209;93;R42G103B120;x
26533;132;162;164;R46G140B19;x
26534;93;117;114;R53G175B224;x
26535;168;201;124;R173G76B157;x
26536;214;129;86;R103G174B81;x
26537;180;165;116;R140G115B188;x
26538;107;140;194;R164G116B162;x
26539;187;180;162;R53G205B31;x
26540;223;169;107;R137G103B139;x
26541;188;119;82;R112G238B45;x
26542;170;149;63;R208G50B158;x
26543;182;176;139;R26G34B28;x
26544;176;116;119;R201G82B199;x
26545;199;132;154;R252G223B99;x
26546;239;136;86;R20G110B158;x
26547;167;171;141;R140G253B44;x
26548;116;158;138;R190G233B241;x
26549;68;138;89;R97G254B251;x
26550;201;145;125;R74G56B195;x
26551;177;192;114;R90G179B15;x
26552;189;155;92;R250G195B172;x
26553;201;138;104;R13G127B12;x
26554;221;195;76;R240G75B144;x
26555;188;199;78;R118G154B58;x
26556;207;147;103;R98G244B223;x
26557;107;159;112;R212G102B29;x
26558;118;174;91;R0G100B123;x
26559;197;158;133;R109G153B219;x
26560;195;170;152;R22G216B37;x
26561;76;152;79;R251G144B30;x
26562;170;191;120;R7G240B31;x
26563;153;132;124;R5G144B79;x
26564;162;139;124;R157G68B187;x
26565;214;183;86;R28G248B102;x
26566;215;152;116;R222G103B196;x
26567;183;208;60;R27G36B104;x
26568;89;135;79;R161G68B222;x
26569;185;184;103;R44G32B80;x
26570;183;142;114;R132G25B244;x
26571;201;191;160;R91G105B43;x
26572;176;182;116;R149G139B61;x
26573;181;184;108;R194G151B200;x
26574;86;152;127;R74G11B252;x
26575;150;132;139;R82G206B134;x
26576;177;176;141;R234G113B94;x
26577;171;153;143;R63G124B16;x
26578;162;165;166;R28G57B53;x
26579;182;141;116;R77G161B96;x
26580;131;98;130;R185G213B29;x
26581;171;155;80;R248G225B106;x
26582;174;201;110;R222G92B12;x
26583;173;130;160;R145G32B53;x
26584;154;190;74;R195G227B174;x
26585;150;172;102;R36G162B47;x
26586;150;150;147;R201G113B117;x
26587;230;156;79;R100G222B74;x
26588;135;140;70;R65G38B186;x
26589;139;165;129;R249G250B128;x
26590;119;184;185;R7G102B246;x
26591;206;213;128;R169G118B99;x
26592;72;122;79;R81G46B227;x
26593;193;191;175;R123G4B178;x
26594;82;118;123;R247G127B128;x
26595;215;184;47;R77G119B124;x
26596;185;144;141;R151G162B96;x
26597;240;170;93;R211G31B215;x
26598;187;137;148;R148G71B3;x
26599;183;186;93;R164G99B18;x
26600;180;179;164;R144G179B237;x
26601;197;169;104;R144G127B218;x
26602;164;141;138;R215G49B15;x
26603;195;186;53;R69G82B23;x
26604;200;160;80;R1G183B136;x
26605;193;185;174;R74G250B224;x
26606;218;158;87;R146G36B247;x
26607;89;163;174;R156G66B8;x
26608;208;124;130;R106G73B203;x
26609;185;156;159;R50G94B248;x
26610;200;205;101;R156G109B43;x
26611;206;148;73;R208G61B180;x
26612;179;134;66;R140G94B150;x
26613;142;182;168;R157G249B132;x
26614;221;183;72;R72G240B44;x
26615;141;196;134;R80G178B90;x
26616;177;130;96;R94G85B73;x
26617;137;182;117;R38G68B97;x
26618;108;130;173;R17G82B179;x
26619;196;168;54;R196G207B204;x
26620;62;115;94;R183G197B169;x
26621;154;211;101;R99G126B138;x
26622;219;183;98;R116G87B199;x
26623;148;156;147;R113G159B249;x
26624;168;142;166;R216G200B63;x
26625;184;158;113;R232G64B12;x
26626;165;211;65;R241G70B0;x
26627;167;177;97;R169G21B149;x
26628;153;123;168;R194G62B55;x
26629;107;135;86;R242G210B217;x
26630;200;129;106;R170G94B171;x
26631;139;170;113;R204G29B236;x
26632;100;141;32;R104G209B203;x
26633;217;173;96;R241G136B145;x
26634;162;181;73;R190G62B177;x
26635;182;187;149;R138G122B212;x
26636;209;160;91;R34G231B100;x
26637;171;139;104;R254G111B174;x
26638;151;143;152;R62G193B253;x
26639;189;104;110;R25G240B2;x
26640;229;192;118;R35G180B163;x
26641;191;190;119;R226G171B29;x
26642;204;199;163;R148G70B72;x
26643;140;181;66;R128G207B154;x
26644;188;146;175;R144G93B15;x
26645;177;196;124;R120G105B114;x
26646;103;105;91;R112G165B169;x
26647;76;107;100;R210G175B237;x
26648;121;189;162;R108G6B126;x
26649;209;134;70;R196G92B184;x
26650;102;134;167;R112G252B177;x
26651;127;156;153;R243G108B15;x
26652;209;83;69;R87G202B215;x
26653;186;174;91;R238G129B49;x
26654;196;170;122;R107G128B237;x
26655;185;136;67;R181G199B148;x
26656;197;147;87;R74G46B115;x
26657;188;167;111;R117G150B234;x
26658;214;170;68;R232G33B228;x
26659;117;154;121;R164G12B43;x
26660;218;143;103;R180G128B5;x
26661;75;124;180;R241G17B124;x
26662;186;129;124;R218G25B14;x
26663;169;174;99;R195G61B132;x
26664;175;193;85;R13G12B50;x
26665;226;177;121;R117G94B189;x
26666;183;189;154;R50G251B25;x
26667;207;130;108;R8G146B209;x
26668;203;138;96;R56G170B152;x
26669;205;164;132;R167G188B172;x
26670;196;155;137;R208G54B38;x
26671;160;160;66;R85G115B209;x
26672;207;175;140;R228G242B41;x
26673;179;183;94;R142G189B210;x
26674;171;157;180;R171G245B191;x
26675;133;169;166;R64G149B4;x
26676;222;148;104;R176G51B52;x
26677;177;175;97;R28G76B9;x
26678;159;131;165;R194G0B172;x
26679;175;135;82;R144G66B197;x
26680;148;169;157;R241G225B5;x
26681;240;203;69;R23G26B110;x
26682;209;143;167;R166G165B184;x
26683;174;138;67;R51G27B252;x
26684;188;149;131;R79G28B233;x
26685;157;214;142;R14G174B229;x
26686;216;199;80;R119G209B84;x
26687;155;194;146;R202G90B116;x
26688;110;162;100;R24G220B0;x
26689;202;202;81;R246G23B136;x
26690;192;142;168;R251G112B25;x
26691;72;122;97;R1G107B248;x
26692;167;195;146;R123G244B116;x
26693;97;131;70;R130G24B62;x
26694;161;150;128;R84G168B142;x
26695;219;149;159;R160G147B166;x
26696;159;133;55;R212G100B134;x
26697;184;156;87;R115G65B234;x
26698;69;110;52;R44G233B61;x
26699;215;172;87;R135G186B228;x
26700;198;190;92;R11G154B153;x
26701;178;149;166;R232G202B129;x
26702;169;188;100;R249G23B178;x
26703;182;165;151;R138G242B14;x
26704;95;107;62;R44G201B76;x
26705;165;125;136;R85G181B226;x
26706;88;116;66;R149G254B142;x
26707;126;170;152;R157G80B151;x
26708;179;163;156;R232G132B13;x
26709;190;210;86;R1G222B48;x
26710;204;164;91;R101G96B120;x
26711;191;146;124;R205G24B35;x
26712;207;148;92;R156G250B171;x
26713;169;131;79;R169G160B71;x
26714;212;157;138;R152G48B144;x
26715;117;155;141;R27G85B200;x
26716;203;165;59;R11G42B168;x
26717;169;131;112;R228G97B37;x
26718;182;148;91;R179G183B215;x
26719;240;188;84;R11G222B51;x
26720;146;173;102;R82G28B57;x
26721;83;116;191;R232G168B4;x
26722;172;156;65;R235G107B206;x
26723;214;169;76;R180G72B11;x
26724;212;156;141;R159G251B132;x
26725;182;139;96;R235G12B96;x
26726;144;191;115;R141G66B73;x
26727;216;140;100;R239G91B196;x
26728;166;163;177;R116G100B132;x
26729;143;173;132;R137G1B198;x
26730;152;172;125;R210G197B54;x
26731;198;184;97;R245G200B10;x
26732;176;153;104;R231G6B213;x
26733;208;151;57;R133G254B207;x
26734;192;192;107;R170G48B111;x
26735;183;154;101;R14G9B55;x
26736;94;141;65;R25G102B25;x
26737;208;174;93;R139G58B141;x
26738;190;108;79;R67G85B167;x
26739;182;155;145;R117G218B212;x
26740;203;185;188;R64G73B10;x
26741;172;162;94;R226G154B16;x
26742;229;202;70;R176G156B154;x
26743;142;179;151;R191G215B190;x
26744;161;195;124;R239G206B95;x
26745;185;157;151;R148G203B63;x
26746;181;129;83;R146G69B205;x
26747;183;166;91;R75G123B122;x
26748;184;204;123;R146G119B227;x
26749;182;156;66;R165G32B147;x
26750;162;122;127;R253G187B142;x
26751;189;154;109;R255G0B58;x
26752;162;179;101;R123G188B200;x
26753;215;151;104;R86G222B221;x
26754;179;193;89;R64G50B12;x
26755;200;178;95;R222G66B146;x
26756;117;167;111;R229G133B125;x
26757;118;159;162;R235G29B42;x
26758;208;147;89;R11G183B73;x
26759;100;159;127;R41G142B112;x
26760;80;158;169;R86G60B237;x
26761;125;142;112;R20G27B81;x
26762;195;171;74;R155G214B215;x
26763;188;141;160;R16G210B112;x
26764;124;128;98;R168G74B199;x
26765;207;132;82;R152G84B112;x
26766;198;174;77;R95G125B209;x
26767;194;145;65;R112G244B73;x
26768;121;135;174;R9G66B120;x
26769;215;159;166;R33G99B155;x
26770;190;190;100;R137G25B115;x
26771;195;145;161;R237G19B209;x
26772;206;120;104;R121G173B173;x
26773;176;189;136;R255G135B97;x
26774;210;196;92;R208G189B9;x
26775;162;153;102;R215G81B85;x
26776;207;183;120;R223G221B99;x
26777;168;132;151;R72G252B65;x
26778;231;168;78;R253G188B253;x
26779;189;222;121;R205G194B170;x
26780;110;159;118;R36G232B121;x
26781;184;194;173;R49G163B54;x
26782;105;112;138;R155G201B220;x
26783;203;159;134;R54G211B100;x
26784;189;177;150;R44G192B156;x
26785;186;142;75;R237G17B29;x
26786;185;177;102;R172G161B151;x
26787;215;213;97;R43G215B221;x
26788;184;176;142;R77G246B139;x
26789;154;138;111;R250G105B251;x
26790;165;196;82;R92G249B221;x
26791;64;166;64;R110G30B54;x
26792;137;190;99;R174G5B164;x
26793;122;131;110;R184G160B236;x
26794;184;195;102;R129G174B156;x
26795;235;175;73;R23G39B191;x
26796;197;152;138;R181G98B207;x
26797;219;146;116;R238G163B55;x
26798;155;168;51;R125G143B204;x
26799;230;160;84;R85G36B215;x
26800;227;162;98;R164G208B136;x
26801;132;171;110;R163G181B41;x
26802;196;169;102;R142G98B46;x
26803;201;177;88;R134G125B99;x
26804;212;198;71;R42G130B252;x
26805;151;187;118;R107G122B86;x
26806;124;146;137;R145G5B209;x
26807;194;143;96;R148G130B175;x
26808;146;137;139;R255G102B9;x
26809;192;163;109;R202G134B54;x
26810;199;166;58;R206G139B101;x
26811;224;178;107;R111G137B110;x
26812;198;178;57;R119G75B57;x
26813;175;148;99;R121G120B169;x
26814;193;134;119;R201G74B189;x
26815;177;195;76;R197G114B124;x
26816;189;165;81;R66G188B42;x
26817;188;128;152;R121G0B231;x
26818;187;166;103;R102G136B160;x
26819;162;173;171;R73G20B173;x
26820;86;146;62;R225G111B188;x
26821;211;159;147;R100G215B17;x
26822;187;185;78;R167G204B130;x
26823;185;150;119;R85G237B236;x
26824;191;183;113;R197G44B126;x
26825;160;176;105;R142G185B12;x
26826;188;147;98;R36G74B200;x
26827;211;185;105;R220G92B174;x
26828;82;115;96;R186G204B237;x
26829;218;156;39;R107G167B145;x
26830;185;216;119;R46G61B160;x
26831;231;201;89;R24G66B92;x
26832;106;165;190;R151G209B98;x
26833;218;157;89;R124G26B29;x
26834;182;171;100;R190G91B128;x
26835;205;157;103;R159G34B210;x
26836;234;186;74;R242G252B226;x
26837;178;194;43;R147G112B227;x
26838;201;118;145;R46G155B108;x
26839;177;198;77;R232G37B134;x
26840;213;170;79;R197G172B206;x
26841;176;138;143;R199G118B81;x
26842;158;195;99;R31G50B58;x
26843;114;142;176;R134G192B152;x
26844;186;208;84;R105G237B191;x
26845;192;208;90;R252G20B164;x
26846;197;168;153;R215G213B244;x
26847;182;179;88;R15G165B117;x
26848;84;149;74;R89G201B178;x
26849;119;124;125;R1G15B144;x
26850;87;123;73;R150G79B237;x
26851;183;192;105;R53G6B4;x
26852;182;188;174;R147G138B179;x
26853;170;161;143;R12G201B20;x
26854;101;125;99;R191G245B73;x
26855;188;176;62;R149G205B176;x
26856;103;155;94;R41G39B46;x
26857;203;188;121;R107G158B141;x
26858;210;154;131;R207G108B222;x
26859;209;148;100;R195G82B177;x
26860;200;179;98;R35G147B83;x
26861;89;157;192;R191G150B131;x
26862;179;119;64;R96G45B168;x
26863;175;146;163;R107G114B30;x
26864;211;191;107;R194G200B183;x
26865;166;175;165;R236G108B150;x
26866;126;142;206;R240G184B163;x
26867;240;154;113;R49G60B241;x
26868;210;163;94;R18G77B218;x
26869;168;191;137;R149G174B241;x
26870;167;143;101;R139G127B221;x
26871;137;176;160;R249G207B108;x
26872;187;131;117;R5G79B153;x
26873;183;148;91;R80G164B171;x
26874;179;218;86;R143G137B122;x
26875;189;145;59;R76G11B60;x
26876;198;152;71;R203G18B119;x
26877;172;149;103;R200G19B111;x
26878;160;155;160;R21G87B219;x
26879;183;197;124;R68G141B179;x
26880;178;117;175;R161G2B40;x
26881;206;186;129;R155G195B143;x
26882;204;190;108;R238G173B254;x
26883;175;201;99;R132G1B25;x
26884;201;151;74;R252G239B229;x
26885;64;121;92;R63G202B107;x
26886;174;179;82;R209G17B88;x
26887;188;131;151;R217G217B13;x
26888;186;210;125;R91G35B73;x
26889;201;170;96;R8G66B221;x
26890;133;194;66;R216G241B173;x
26891;196;150;135;R51G99B101;x
26892;115;160;109;R216G117B144;x
26893;170;180;155;R156G8B77;x
26894;168;185;112;R202G27B184;x
26895;198;172;103;R160G42B219;x
26896;202;154;89;R245G223B35;x
26897;220;164;131;R126G144B189;x
26898;198;168;99;R42G214B191;x
26899;221;169;92;R50G132B139;x
26900;233;142;97;R218G250B249;x
26901;205;162;172;R167G68B58;x
26902;151;186;43;R126G84B58;x
26903;149;179;80;R110G137B236;x
26904;187;98;91;R201G41B219;x
26905;149;198;47;R76G135B195;x
26906;147;183;64;R210G99B138;x
26907;200;182;97;R218G55B238;x
26908;54;106;75;R80G163B78;x
26909;168;199;106;R167G203B112;x
26910;196;166;89;R85G75B43;x
26911;196;174;110;R237G100B103;x
26912;104;134;89;R48G83B72;x
26913;190;175;167;R55G55B218;x
26914;197;167;171;R44G233B91;x
26915;149;125;127;R243G186B27;x
26916;186;125;179;R4G242B135;x
26917;178;134;57;R89G253B10;x
26918;180;204;71;R85G67B168;x
26919;200;171;107;R47G182B142;x
26920;157;175;114;R26G18B45;x
26921;151;133;100;R74G145B198;x
26922;178;185;94;R135G196B37;x
26923;153;152;126;R110G215B114;x
26924;240;208;108;R89G144B252;x
26925;195;151;118;R98G188B79;x
26926;220;173;41;R96G64B118;x
26927;190;183;129;R141G182B17;x
26928;181;144;185;R136G86B165;x
26929;178;198;115;R12G139B5;x
26930;206;199;109;R9G197B253;x
26931;238;156;91;R99G2B254;x
26932;180;188;132;R102G63B241;x
26933;131;154;187;R79G226B229;x
26934;172;215;75;R22G236B199;x
26935;90;124;72;R43G231B244;x
26936;86;138;56;R158G45B188;x
26937;119;164;138;R67G174B234;x
26938;108;155;119;R114G219B96;x
26939;146;116;190;R78G13B109;x
26940;237;147;82;R21G137B219;x
26941;192;178;106;R65G247B179;x
26942;128;152;144;R79G237B4;x
26943;102;209;139;R79G160B58;x
26944;146;154;129;R70G164B190;x
26945;178;173;96;R2G157B208;x
26946;227;158;81;R228G50B55;x
26947;148;160;164;R197G170B21;x
26948;211;169;88;R228G226B249;x
26949;195;121;121;R166G78B139;x
26950;193;133;96;R222G22B94;x
26951;239;162;132;R75G92B188;x
26952;161;148;80;R26G198B47;x
26953;174;147;130;R80G168B55;x
26954;80;147;73;R183G59B248;x
26955;138;165;152;R179G223B179;x
26956;180;182;112;R168G244B226;x
26957;202;207;155;R131G146B84;x
26958;193;133;151;R87G64B219;x
26959;205;198;59;R108G220B15;x
26960;199;174;190;R222G31B69;x
26961;206;140;156;R42G189B248;x
26962;236;151;97;R54G125B208;x
26963;207;159;84;R14G34B121;x
26964;195;110;145;R178G234B244;x
26965;161;164;68;R38G3B248;x
26966;216;178;72;R174G103B215;x
26967;116;131;108;R242G68B132;x
26968;185;221;76;R147G106B148;x
26969;168;162;178;R154G206B72;x
26970;181;136;80;R94G1B196;x
26971;146;180;107;R246G35B175;x
26972;186;121;148;R89G12B49;x
26973;195;170;171;R30G118B233;x
26974;204;167;86;R6G36B42;x
26975;216;163;85;R162G218B98;x
26976;235;176;95;R63G95B216;x
26977;172;165;102;R139G143B246;x
26978;225;184;99;R239G96B190;x
26979;189;156;87;R74G84B229;x
26980;218;173;91;R104G33B112;x
26981;111;147;71;R145G12B76;x
26982;166;143;138;R249G102B58;x
26983;127;122;124;R118G122B158;x
26984;190;111;86;R58G239B4;x
26985;183;119;154;R219G198B113;x
26986;185;197;71;R98G166B161;x
26987;87;111;83;R44G19B232;x
26988;199;110;84;R229G191B240;x
26989;194;152;101;R192G235B36;x
26990;173;182;94;R151G165B66;x
26991;101;174;174;R222G57B123;x
26992;222;153;110;R55G45B109;x
26993;237;153;75;R173G96B105;x
26994;187;191;110;R6G168B63;x
26995;153;184;98;R249G207B102;x
26996;203;150;156;R233G79B120;x
26997;185;174;58;R84G60B107;x
26998;188;190;121;R31G167B151;x
26999;195;154;103;R80G101B146;x
27000;210;152;86;R81G12B98;x
27001;180;152;114;R212G230B206;x
27002;182;177;131;R39G167B129;x
27003;122;133;132;R45G117B145;x
27004;226;165;73;R90G190B131;x
27005;181;115;175;R17G53B214;x
27006;146;188;146;R89G249B226;x
27007;226;146;106;R94G56B152;x
27008;194;118;142;R23G11B99;x
27009;206;105;101;R116G40B221;x
27010;213;176;111;R68G144B115;x
27011;176;201;65;R140G242B20;x
27012;218;185;117;R212G13B186;x
27013;197;177;107;R133G213B161;x
27014;186;171;108;R114G153B10;x
27015;208;183;83;R177G234B100;x
27016;178;156;161;R247G45B166;x
27017;195;133;102;R2G224B209;x
27018;92;142;129;R3G61B167;x
27019;165;153;169;R47G140B129;x
27020;180;153;101;R155G13B22;x
27021;204;161;115;R33G163B163;x
27022;168;199;74;R231G169B32;x
27023;144;172;101;R112G96B197;x
27024;186;150;114;R36G46B53;x
27025;161;167;174;R96G138B81;x
27026;201;217;82;R87G23B86;x
27027;171;186;97;R59G174B13;x
27028;167;164;157;R39G203B75;x
27029;217;192;86;R102G75B14;x
27030;156;177;132;R77G134B252;x
27031;223;160;86;R212G157B163;x
27032;174;150;93;R190G238B177;x
27033;154;182;171;R227G142B212;x
27034;64;132;77;R244G160B255;x
27035;175;162;189;R239G166B208;x
27036;164;175;97;R87G217B52;x
27037;162;178;161;R26G71B13;x
27038;201;186;169;R103G87B211;x
27039;97;121;103;R46G177B238;x
27040;170;190;151;R19G199B235;x
27041;216;115;106;R201G210B53;x
27042;144;151;159;R25G172B241;x
27043;72;138;62;R125G78B103;x
27044;212;170;53;R152G164B208;x
27045;106;128;90;R201G249B199;x
27046;61;129;80;R172G24B99;x
27047;209;183;97;R245G60B95;x
27048;182;123;143;R166G5B101;x
27049;199;125;160;R127G48B195;x
27050;123;186;84;R90G211B21;x
27051;195;188;110;R176G216B100;x
27052;87;112;84;R73G196B97;x
27053;174;158;102;R70G19B41;x
27054;152;114;176;R79G243B201;x
27055;129;168;92;R207G73B108;x
27056;170;174;99;R214G200B138;x
27057;217;181;113;R244G68B82;x
27058;79;178;84;R232G134B248;x
27059;204;166;124;R144G135B75;x
27060;165;132;129;R239G219B106;x
27061;146;148;111;R193G167B150;x
27062;183;173;65;R135G193B82;x
27063;166;175;141;R153G190B98;x
27064;105;139;100;R146G43B42;x
27065;117;133;132;R47G41B157;x
27066;187;156;142;R92G19B168;x
27067;156;206;105;R75G159B20;x
27068;184;141;133;R202G212B151;x
27069;160;193;127;R192G46B124;x
27070;57;154;117;R222G98B179;x
27071;191;147;162;R104G221B76;x
27072;164;154;67;R193G54B123;x
27073;199;224;78;R222G65B30;x
27074;208;106;39;R65G179B19;x
27075;180;142;59;R12G29B206;x
27076;177;149;145;R32G81B158;x
27077;150;160;133;R211G75B67;x
27078;113;99;133;R94G32B120;x
27079;206;193;91;R205G21B150;x
27080;184;150;129;R211G54B105;x
27081;192;185;62;R151G77B165;x
27082;220;197;53;R172G56B255;x
27083;206;176;75;R189G55B225;x
27084;136;144;191;R114G165B129;x
27085;195;129;124;R201G3B212;x
27086;184;181;118;R237G49B75;x
27087;189;139;89;R56G166B101;x
27088;194;163;88;R193G143B53;x
27089;202;134;97;R28G156B118;x
27090;231;137;49;R164G47B53;x
27091;192;144;103;R151G77B194;x
27092;142;180;125;R178G56B232;x
27093;103;172;117;R241G3B13;x
27094;168;171;169;R213G129B96;x
27095;113;83;172;R134G90B236;x
27096;110;129;151;R227G228B200;x
27097;87;167;140;R109G36B82;x
27098;97;128;132;R176G0B19;x
27099;80;104;151;R125G166B146;x
27100;134;188;138;R150G165B96;x
27101;124;124;153;R25G251B74;x
27102;122;135;119;R48G216B210;x
27103;150;158;157;R152G196B169;x
27104;98;175;134;R180G65B236;x
27105;156;148;144;R233G31B184;x
27106;163;176;138;R203G139B196;x
27107;204;152;124;R211G3B235;x
27108;223;188;170;R189G173B224;x
27109;240;197;103;R150G191B177;x
27110;179;149;167;R245G53B85;x
27111;235;158;53;R172G113B38;x
27112;211;190;119;R127G184B117;x
27113;219;149;54;R13G166B106;x
27114;219;161;113;R99G197B243;x
27115;174;132;85;R122G166B164;x
27116;226;136;47;R233G227B21;x
27117;193;141;69;R142G6B226;x
27118;55;141;64;R216G80B186;x
27119;212;133;122;R142G218B78;x
27120;220;135;86;R26G23B2;x
27121;186;131;84;R137G40B124;x
27122;166;141;112;R246G70B50;x
27123;189;115;155;OCEAN;x
27124;60;226;3;LAKE;x
27125;232;254;166;LAKE;x
27126;169;214;43;LAKE;x
27127;120;38;46;LAKE;x
27128;87;220;131;LAKE;x
27129;100;33;82;LAKE;x
27130;56;114;128;LAKE;x
27131;157;135;70;LAKE;x
27132;9;65;192;LAKE;x
27133;157;213;169;LAKE;x
27134;244;105;235;LAKE;x
27135;46;81;137;LAKE;x
27136;27;190;14;LAKE;x
27137;61;55;105;LAKE;x
27138;231;165;32;LAKE;x
27139;46;217;197;LAKE;x
27140;64;5;129;LAKE;x
27141;147;164;160;LAKE;x
27142;164;183;58;LAKE;x
27143;26;180;136;LAKE;x
27144;77;201;124;LAKE;x
27145;220;247;96;LAKE;x
27146;156;55;6;LAKE;x
27147;186;71;178;LAKE;x
27148;47;151;214;LAKE;x
27149;58;97;132;LAKE;x
27150;179;139;206;LAKE;x
27151;46;90;138;LAKE;x
27152;84;64;169;LAKE;x
27153;14;212;74;LAKE;x
27154;44;28;175;LAKE;x
27155;87;111;209;LAKE;x
27156;35;74;172;LAKE;x
27157;89;97;162;LAKE;x
27158;170;45;151;LAKE;x
27159;54;54;170;LAKE;x
27160;126;239;210;LAKE;x
27161;64;114;142;LAKE;x
27162;50;35;170;LAKE;x
27163;142;208;229;LAKE;x
27164;34;66;133;LAKE;x
27165;66;67;146;LAKE;x
27166;93;223;195;LAKE;x
27167;27;45;158;LAKE;x
27168;53;194;130;LAKE;x
27169;42;59;171;LAKE;x
27170;62;83;132;LAKE;x
27171;36;210;86;LAKE;x
27172;27;85;163;LAKE;x
27173;59;84;132;LAKE;x
27174;13;1;206;LAKE;x
27175;30;13;205;LAKE;x
27176;49;75;154;LAKE;x
27177;36;67;154;LAKE;x
27178;47;67;141;LAKE;x
27179;44;57;169;LAKE;x
27180;35;91;183;LAKE;x
27181;201;97;234;LAKE;x
27182;22;98;135;LAKE;x
27183;42;67;180;LAKE;x
27184;175;38;48;LAKE;x
27185;23;54;163;LAKE;x
27186;24;36;24;LAKE;x
27187;165;182;31;LAKE;x
27188;155;198;100;LAKE;x
27189;60;84;139;LAKE;x
27190;101;10;57;LAKE;x
27191;64;92;172;LAKE;x
27192;208;237;104;LAKE;x
27193;202;162;128;LAKE;x
27194;26;87;192;LAKE;x
27195;148;142;14;LAKE;x
27196;127;114;108;LAKE;x
27197;162;144;212;LAKE;x
27198;20;91;182;LAKE;x
27199;169;139;212;LAKE;x
27200;53;98;179;LAKE;x
27201;174;37;240;LAKE;x
27202;43;68;147;LAKE;x
27203;214;121;186;LAKE;x
27204;26;99;181;LAKE;x
27205;248;163;189;LAKE;x
27206;35;72;153;LAKE;x
27207;137;151;146;LAKE;x
27208;35;58;171;LAKE;x
27209;47;107;155;LAKE;x
27210;45;105;147;LAKE;x
27211;38;65;239;LAKE;x
27212;41;77;181;LAKE;x
27213;253;152;7;LAKE;x
27214;40;71;148;LAKE;x
27215;40;102;187;LAKE;x
27216;61;91;186;LAKE;x
27217;3;213;85;LAKE;x
27218;78;80;181;LAKE;x
27219;70;248;198;LAKE;x
27220;30;70;170;LAKE;x
27221;57;101;200;LAKE;x
27222;31;100;186;LAKE;x
27223;62;77;188;LAKE;x
27224;56;75;183;LAKE;x
27225;66;194;13;LAKE;x
27226;74;119;186;LAKE;x
27227;48;97;175;LAKE;x
27228;58;93;153;LAKE;x
27229;82;135;99;LAKE;x
27230;47;101;149;LAKE;x
27231;45;116;170;LAKE;x
27232;85;79;199;LAKE;x
27233;79;115;151;LAKE;x
27234;37;77;195;LAKE;x
27235;49;84;161;LAKE;x
27236;40;116;167;LAKE;x
27237;209;32;106;LAKE;x
27238;137;99;131;LAKE;x
27239;27;68;151;LAKE;x
27240;47;52;222;LAKE;x
27241;29;103;188;LAKE;x
27242;179;218;192;LAKE;x
27243;99;237;53;LAKE;x
27244;11;72;190;LAKE;x
27245;76;122;180;LAKE;x
27246;145;106;37;LAKE;x
27247;31;72;177;LAKE;x
27248;46;125;174;LAKE;x
27249;89;197;65;LAKE;x
27250;80;80;174;LAKE;x
27251;12;127;81;LAKE;x
27252;165;121;33;LAKE;x
27253;174;99;109;LAKE;x
27254;78;114;175;LAKE;x
27255;20;107;153;LAKE;x
27256;226;59;235;LAKE;x
27257;104;117;176;LAKE;x
27258;34;94;188;LAKE;x
27259;89;116;187;LAKE;x
27260;75;118;194;LAKE;x
27261;41;87;172;LAKE;x
27262;32;111;184;LAKE;x
27263;225;136;166;LAKE;x
27264;37;107;105;LAKE;x
27265;49;129;170;LAKE;x
27266;31;91;189;LAKE;x
27267;50;154;160;LAKE;x
27268;60;119;185;LAKE;x
27269;20;101;202;LAKE;x
27270;241;97;244;LAKE;x
27271;148;93;111;LAKE;x
27272;89;80;186;LAKE;x
27273;63;93;192;LAKE;x
27274;72;94;157;LAKE;x
27275;160;139;106;LAKE;x
27276;49;109;126;LAKE;x
27277;69;99;178;LAKE;x
27278;89;122;148;LAKE;x
27279;96;76;162;LAKE;x
27280;82;129;181;LAKE;x
27281;28;111;159;LAKE;x
27282;40;110;169;LAKE;x
27283;45;134;194;LAKE;x
27284;88;7;37;LAKE;x
27285;44;135;165;LAKE;x
27286;159;214;75;LAKE;x
27287;152;250;196;LAKE;x
27288;119;24;23;LAKE;x
27289;109;126;218;LAKE;x
27290;45;83;176;LAKE;x
27291;70;105;179;LAKE;x
27292;62;90;184;LAKE;x
27293;62;129;179;LAKE;x
27294;59;127;200;LAKE;x
27295;38;104;152;LAKE;x
27296;76;117;162;LAKE;x
27297;37;83;183;LAKE;x
27298;25;100;160;LAKE;x
27299;39;119;166;LAKE;x
27300;25;111;105;LAKE;x
27301;92;101;139;LAKE;x
27302;239;45;146;LAKE;x
27303;239;240;65;LAKE;x
27304;67;89;163;LAKE;x
27305;164;166;111;LAKE;x
27306;31;79;152;LAKE;x
27307;38;78;161;LAKE;x
27308;81;231;78;LAKE;x
27309;68;107;186;LAKE;x
27310;70;81;181;LAKE;x
27311;138;24;224;LAKE;x
27312;157;184;30;LAKE;x
27313;9;162;107;LAKE;x
27314;43;110;189;LAKE;x
27315;125;85;221;LAKE;x
27316;39;38;224;LAKE;x
27317;196;198;235;LAKE;x
27318;217;252;73;LAKE;x
27319;56;121;170;LAKE;x
27320;63;65;170;LAKE;x
27321;60;1;216;LAKE;x
27322;50;255;156;LAKE;x
27323;37;91;197;LAKE;x
27324;253;184;137;LAKE;x
27325;69;83;176;LAKE;x
27326;41;246;23;LAKE;x
27327;229;33;181;LAKE;x
27328;8;114;223;LAKE;x
27329;75;81;172;LAKE;x
27330;24;191;2;LAKE;x
27331;70;86;166;LAKE;x
27332;164;233;194;LAKE;x
27333;39;10;82;LAKE;x
27334;66;94;131;LAKE;x
27335;28;96;170;LAKE;x
27336;45;120;181;LAKE;x
27337;56;132;190;LAKE;x
27338;44;80;185;LAKE;x
27339;71;62;145;LAKE;x
27340;27;241;117;LAKE;x
27341;195;221;132;LAKE;x
27342;42;116;50;LAKE;x
27343;33;98;179;LAKE;x
27344;36;102;157;LAKE;x
27345;179;73;135;LAKE;x
27346;45;84;144;LAKE;x
27347;202;15;93;LAKE;x
27348;79;64;149;LAKE;x
27349;90;44;152;LAKE;x
27350;64;61;138;LAKE;x
27351;106;49;24;LAKE;x
27352;77;113;165;LAKE;x
27353;57;59;126;LAKE;x
27354;106;56;130;LAKE;x
27355;37;110;161;LAKE;x
27356;211;240;207;LAKE;x
27357;78;62;146;LAKE;x
27358;58;36;157;LAKE;x
27359;54;62;131;LAKE;x
27360;53;52;119;LAKE;x
27361;67;118;171;LAKE;x
27362;42;42;19;LAKE;x
27363;40;80;181;LAKE;x
27364;154;232;152;LAKE;x
27365;41;183;53;LAKE;x
27366;47;78;123;LAKE;x
27367;76;111;190;LAKE;x
27368;75;99;176;LAKE;x
27369;51;85;147;LAKE;x
27370;71;128;144;LAKE;x
27371;53;48;121;LAKE;x
27372;64;79;179;LAKE;x
27373;61;71;134;LAKE;x
27374;41;81;173;LAKE;x
27375;147;212;210;LAKE;x
27376;73;78;146;LAKE;x
27377;114;200;150;LAKE;x
27378;101;83;132;LAKE;x
27379;84;164;238;LAKE;x
27380;160;49;95;LAKE;x
27381;102;82;131;LAKE;x
27382;68;68;148;LAKE;x
27383;90;60;136;LAKE;x
27384;92;69;125;LAKE;x
27385;49;45;132;LAKE;x
27386;85;214;134;LAKE;x
27387;84;49;112;LAKE;x
27388;222;201;139;LAKE;x
27389;127;57;92;LAKE;x
27390;37;15;246;LAKE;x
27391;122;23;95;LAKE;x
27392;57;133;168;LAKE;x
27393;59;76;131;LAKE;x
27394;205;220;117;LAKE;x
27395;58;56;153;LAKE;x
27396;241;97;139;LAKE;x
27397;210;93;169;LAKE;x
27398;51;109;185;LAKE;x
27399;80;66;150;LAKE;x
27400;142;110;170;LAKE;x
27401;57;93;156;LAKE;x
27402;53;67;248;LAKE;x
27403;78;68;115;LAKE;x
27404;74;111;167;LAKE;x
27405;49;125;182;LAKE;x
27406;52;120;188;LAKE;x
27407;68;82;165;LAKE;x
27408;74;99;176;LAKE;x
27409;36;108;158;LAKE;x
27410;17;161;16;LAKE;x
27411;128;13;100;LAKE;x
27412;26;132;153;LAKE;x
27413;97;86;152;LAKE;x
27414;75;145;138;LAKE;x
27415;61;116;173;LAKE;x
27416;251;21;178;LAKE;x
27417;174;122;103;LAKE;x
27418;67;133;147;LAKE;x
27419;192;129;253;LAKE;x
27420;123;196;64;LAKE;x
27421;33;112;163;LAKE;x
27422;46;111;136;LAKE;x
27423;144;170;200;LAKE;x
27424;41;111;144;LAKE;x
27425;202;104;167;LAKE;x
27426;216;20;24;LAKE;x
27427;62;121;179;LAKE;x
27428;113;34;164;LAKE;x
27429;194;184;195;LAKE;x
27430;235;160;171;LAKE;x
27431;242;60;114;LAKE;x
27432;212;227;180;LAKE;x
27433;67;126;167;LAKE;x
27434;132;69;117;LAKE;x
27435;30;112;132;LAKE;x
27436;60;127;161;LAKE;x
27437;103;136;171;LAKE;x
27438;142;18;254;LAKE;x
27439;176;249;91;LAKE;x
27440;31;99;150;LAKE;x
27441;62;137;107;LAKE;x
27442;142;137;203;LAKE;x
27443;93;233;202;LAKE;x
27444;49;95;154;LAKE;x
27445;66;118;139;LAKE;x
27446;29;99;163;LAKE;x
27447;241;164;152;LAKE;x
27448;48;130;180;LAKE;x
27449;237;162;253;LAKE;x
27450;240;35;97;LAKE;x
27451;55;126;139;LAKE;x
27452;72;110;112;LAKE;x
27453;68;141;154;LAKE;x
27454;44;230;224;LAKE;x
27455;84;87;194;LAKE;x
27456;57;97;131;LAKE;x
27457;72;118;200;LAKE;x
27458;56;116;179;LAKE;x
27459;54;127;143;LAKE;x
27460;200;49;10;LAKE;x
27461;146;16;178;LAKE;x
27462;40;132;134;LAKE;x
27463;76;32;204;LAKE;x
27464;42;91;150;LAKE;x
27465;45;135;158;LAKE;x
27466;35;96;166;LAKE;x
27467;145;14;132;LAKE;x
27468;31;106;183;LAKE;x
27469;69;120;145;LAKE;x
27470;123;145;9;LAKE;x
27471;55;146;46;LAKE;x
27472;192;120;20;LAKE;x
27473;102;108;7;LAKE;x
27474;100;68;16;LAKE;x
27475;82;38;245;LAKE;x
27476;8;176;156;LAKE;x
27477;154;66;94;LAKE;x
27478;96;205;125;LAKE;x
27479;47;97;181;LAKE;x
27480;77;199;128;LAKE;x
27481;89;94;84;LAKE;x
27482;110;51;55;LAKE;x
27483;50;138;172;LAKE;x
27484;3;73;176;LAKE;x
27485;195;224;33;LAKE;x
27486;211;239;132;LAKE;x
27487;72;134;171;LAKE;x
27488;52;122;151;LAKE;x
27489;96;244;155;LAKE;x
27490;85;34;6;LAKE;x
27491;52;112;21;LAKE;x
27492;74;92;170;LAKE;x
27493;9;100;189;LAKE;x
27494;54;75;234;LAKE;x
27495;244;230;148;LAKE;x
27496;112;231;201;LAKE;x
27497;153;163;11;LAKE;x
27498;107;153;65;LAKE;x
27499;205;92;219;LAKE;x
27500;47;202;167;LAKE;x
27501;65;88;140;LAKE;x
27502;33;40;232;LAKE;x
27503;18;22;71;LAKE;x
27504;58;113;133;LAKE;x
27505;74;208;247;LAKE;x
27506;29;93;167;LAKE;x
27507;3;242;92;LAKE;x
27508;84;203;218;LAKE;x
27509;209;197;191;LAKE;x
27510;30;109;175;LAKE;x
27511;64;113;161;LAKE;x
27512;34;103;178;LAKE;x
27513;254;109;42;LAKE;x
27514;98;81;118;LAKE;x
27515;222;135;157;LAKE;x
27516;241;159;17;LAKE;x
27517;25;96;173;LAKE;x
27518;50;214;217;LAKE;x
27519;73;124;176;LAKE;x
27520;66;94;157;LAKE;x
27521;218;185;42;LAKE;x
27522;32;132;136;LAKE;x
27523;198;79;27;LAKE;x
27524;63;71;127;LAKE;x
27525;75;76;169;IMPASSABLE_RIDGE;x
27526;79;20;145;LAKE;x
27527;40;59;150;LAKE;x
27528;229;7;31;LAKE;x
27529;243;126;34;LAKE;x
27530;129;119;112;LAKE;x
27531;84;114;135;LAKE;x
27532;2;237;199;LAKE;x
27533;77;6;24;LAKE;x
27534;61;90;80;LAKE;x
27535;171;150;148;LAKE;x
27536;55;181;225;LAKE;x
27537;66;111;161;LAKE;x
27538;24;6;249;LAKE;x
27539;20;100;37;LAKE;x
27540;59;89;145;LAKE;x
27541;203;220;10;LAKE;x
27542;242;9;96;LAKE;x
27543;73;254;38;LAKE;x
27544;24;74;157;LAKE;x
27545;111;126;18;LAKE;x
27546;109;111;149;LAKE;x
27547;204;191;177;LAKE;x
27548;62;112;115;LAKE;x
27549;56;76;129;LAKE;x
27550;78;62;133;LAKE;x
27551;148;81;77;LAKE;x
27552;25;105;140;LAKE;x
27553;59;62;141;LAKE;x
27554;57;97;112;LAKE;x
27555;50;81;155;LAKE;x
27556;38;214;32;LAKE;x
27557;67;113;151;LAKE;x
27558;54;95;147;LAKE;x
27559;6;77;224;LAKE;x
27560;47;113;107;LAKE;x
27561;67;72;119;LAKE;x
27562;250;86;156;LAKE;x
27563;90;39;81;LAKE;x
27564;179;92;239;LAKE;x
27565;174;86;135;LAKE;x
27566;137;191;245;LAKE;x
27567;176;131;56;LAKE;x
27568;32;103;156;LAKE;x
27569;58;89;150;LAKE;x
27570;84;90;110;LAKE;x
27571;76;69;120;LAKE;x
27572;33;73;112;LAKE;x
27573;56;87;144;LAKE;x
27574;40;78;140;LAKE;x
27575;45;92;134;LAKE;x
27576;55;83;141;LAKE;x
27577;66;89;141;LAKE;x
27578;20;101;147;LAKE;x
27579;38;119;159;LAKE;x
27580;58;97;155;LAKE;x
27581;42;78;127;LAKE;x
27582;42;66;127;LAKE;x
27583;172;162;90;R106G27B118;x
27584;213;159;121;R97G50B103;x
27585;92;145;98;R208G194B182;x
27586;173;162;66;R172G226B77;x
27587;169;156;149;R19G27B175;x
27588;190;173;72;R48G135B60;x
