object={
	name="Braavos"
	render_pass=MapUnderWater
	clamp_to_water_level=no
	generated_content=no
	layer="AGOT_building_layer"
	pdxmesh="building_special_braavos_mesh"
	count=0
}
object={
	name="Bridge_European"
	render_pass=Map
	clamp_to_water_level=no
	generated_content=no
	layer="AGOT_roads"
	pdxmesh="bridge_western_mesh"
	count=38
	transform="2005.168213 0.105957 3633.222412 0.000000 0.249518 0.000000 0.968370 1.000000 1.000000 1.000000
902.323059 0.577393 3624.959717 0.000000 0.411100 0.000000 0.911590 1.000000 1.000000 1.000000
1798.745117 0.446289 2859.741699 0.000000 0.025815 0.000000 0.999667 1.000000 1.000000 1.000000
1875.221313 -0.041748 2830.770508 0.000000 0.711786 0.000000 0.702396 1.000000 1.000000 1.000000
1877.637573 0.122314 2769.628906 0.000000 -0.247463 0.000000 0.968897 1.000000 1.000000 1.000000
1962.762207 0.000000 2681.080566 0.000000 -0.087504 0.000000 0.996164 1.000000 1.000000 1.000000
1721.691650 -0.021240 2913.162598 0.000000 0.866238 0.000000 0.499632 1.000000 1.000000 1.000000
1705.959961 0.356201 2907.219482 0.000000 0.118753 0.000000 0.992924 1.000000 1.000000 1.000000
1700.003906 0.337891 2893.967041 0.000000 0.389862 0.000000 0.920873 1.000000 1.000000 1.000000
1679.644531 0.000000 2883.978027 0.000000 0.685603 0.000000 0.727975 1.000000 1.000000 1.000000
1953.867310 0.394043 3551.951660 0.000000 0.407954 0.000000 0.913003 1.000000 1.000000 1.000000
1391.045166 0.000000 2536.160889 0.000000 -0.290753 0.000000 0.956798 1.000000 1.000000 1.000000
1258.719116 1.319092 2402.145264 0.000000 0.233096 0.000000 0.972454 1.000000 1.000000 1.000000
1300.921265 0.650391 2425.573730 0.000000 0.639007 0.000000 0.769201 1.000000 1.000000 1.000000
1387.629150 0.000000 2478.474609 0.000000 0.558461 0.000000 0.829531 1.000000 1.000000 1.000000
1504.729858 0.459473 2507.565186 0.000000 0.419442 0.000000 0.907782 1.000000 1.000000 1.000000
1778.561523 0.125244 2691.919922 0.000000 0.384418 0.000000 0.923159 1.000000 1.000000 1.000000
1905.512817 0.000000 2509.373779 0.000000 0.237708 0.000000 0.971337 1.000000 1.000000 1.000000
2006.028931 0.000000 2377.571533 0.000000 -0.285873 0.000000 0.958268 1.000000 1.000000 1.000000
1868.698242 0.273682 2419.770020 0.000000 0.580957 0.000000 0.813935 1.000000 1.000000 1.000000
1925.318970 0.000000 2655.283691 0.000000 -0.082472 0.000000 0.996593 1.000000 1.000000 1.000000
1929.993042 0.000000 2670.190918 0.000000 0.601031 0.000000 0.799226 1.000000 1.000000 1.000000
1971.234497 0.000000 2759.879883 0.000000 0.503978 0.000000 0.863717 1.000000 1.000000 1.000000
1915.827881 0.000000 2794.952637 0.000000 0.655857 0.000000 0.754885 1.000000 1.000000 1.000000
1971.804321 0.000000 2844.288330 0.000000 -0.085391 0.000000 0.996348 1.000000 1.000000 1.000000
1985.698486 0.000000 2828.088379 0.000000 0.755369 0.000000 0.655300 1.000000 1.000000 1.000000
1921.012573 0.772461 2891.841064 0.000000 -0.567691 0.000000 0.823242 1.000000 1.000000 1.000000
1899.008179 0.182617 2923.371094 0.000000 0.784081 0.000000 0.620658 1.000000 1.000000 1.000000
1765.035767 -0.148193 2462.335205 0.000000 -0.690531 0.000000 0.723303 1.162451 1.162451 1.162451
1897.791260 0.185303 2548.041260 0.000000 -0.569587 0.000000 0.821931 1.000000 1.000000 1.000000
2008.628296 0.000000 2828.411377 0.000000 -0.587952 0.000000 0.808896 1.000000 1.000000 1.000000
794.837341 0.000000 2220.790039 0.000000 0.455593 0.000000 0.890188 0.503169 0.503169 0.503169
799.392822 0.000000 2215.773193 0.000000 0.122207 0.000000 0.992504 0.584126 0.584126 0.584126
768.879272 1.022461 2219.749512 0.000000 -0.571454 0.000000 0.820634 0.752965 0.752965 0.752965
787.786438 1.954102 2227.090332 0.000000 -0.718945 0.000000 0.695066 0.752965 0.752965 0.752965
777.704224 0.959717 2222.031494 0.000000 0.422356 0.000000 0.906430 0.727585 0.727585 0.727585
822.010132 0.000000 2224.641846 0.000000 0.289336 0.000000 0.957227 0.635615 0.635615 0.635615
799.554138 0.000000 2230.597412 0.000000 0.200834 0.000000 0.979625 0.635615 0.635615 0.635615
"}
object={
	name="Bridge_Mediterrainian"
	render_pass=Map
	clamp_to_water_level=no
	generated_content=no
	layer="AGOT_roads"
	pdxmesh="bridge_mediterranean_mesh"
	count=106
	transform="1384.486450 0.405273 3779.853027 0.000000 -0.096028 0.000000 0.995378 0.821045 0.821045 0.821045
1426.076050 0.342041 3685.680664 0.000000 -0.316571 0.000000 0.948568 1.000000 1.000000 1.000000
1433.342041 -0.171143 3665.922852 0.000000 -0.150729 0.000000 0.988575 1.000000 1.000000 1.000000
1333.727783 0.463135 3737.380371 0.000000 -0.520672 0.000000 0.853757 1.000000 1.000000 1.000000
1276.305054 0.269531 3396.161865 0.000000 -0.271063 0.000000 -0.962562 1.000000 1.000000 1.000000
1257.829224 0.539307 3376.226318 0.000000 -0.801701 0.000000 -0.597725 1.000000 1.000000 1.000000
1234.179932 0.023682 3361.034912 0.000000 -0.807757 0.000000 0.589515 1.000000 1.000000 1.000000
1167.029175 0.874756 3317.534180 0.000000 -0.714418 0.000000 0.699720 1.000000 1.000000 1.000000
1398.129761 0.000000 3450.233398 0.000000 0.727267 0.000000 0.686355 1.000000 1.000000 1.000000
1350.950317 0.000000 3444.905518 0.000000 0.405375 0.000000 0.914151 0.762500 0.762500 0.762500
1335.358032 0.000000 3434.491943 0.000000 0.578545 0.000000 0.815651 0.804175 0.804175 0.804175
1561.430542 0.000000 3382.566162 0.000000 0.476740 0.000000 -0.879045 1.000000 1.000000 1.000000
1520.593140 0.000000 3419.979248 0.000000 -0.766118 0.000000 -0.642700 1.000000 1.000000 1.000000
1507.984375 0.000000 3422.765381 0.000000 -0.570777 0.000000 0.821105 1.000000 1.000000 1.000000
1472.854004 0.000000 3430.094971 0.000000 -0.520711 0.000000 0.853733 1.000000 1.000000 1.000000
1647.027344 0.439209 3187.713623 0.000000 -0.447697 0.000000 0.894186 1.000000 1.000000 1.000000
1633.545898 0.439209 3214.427002 0.000000 -0.269940 0.000000 0.962877 1.000000 1.000000 1.000000
1633.548950 0.183350 3276.246582 0.000000 -0.387894 0.000000 0.921704 1.000000 1.000000 1.000000
1624.687988 0.000000 3325.915527 0.000000 0.223930 0.000000 0.974605 1.000000 1.000000 1.000000
1652.181152 0.298828 3154.383057 0.000000 0.162078 0.000000 0.986778 1.000000 1.000000 1.000000
1685.427246 0.000000 3020.806641 0.000000 -0.922131 0.000000 0.386877 1.000000 1.000000 1.000000
1667.477905 0.000000 3084.645996 0.000000 -0.315689 0.000000 0.948863 1.000000 1.000000 1.000000
1488.915283 0.558350 3542.060791 0.000000 -0.528453 0.000000 0.848962 1.000000 1.000000 1.000000
1530.505005 0.270264 3479.740234 0.000000 -0.254818 0.000000 0.966989 1.000000 1.000000 1.000000
1556.325317 0.270264 3443.203369 0.000000 -0.396162 0.000000 0.918180 1.000000 1.000000 1.000000
1646.357056 0.280029 3434.660400 0.000000 -0.574855 0.000000 0.818255 1.000000 1.000000 1.000000
1603.447876 0.347656 2966.514160 0.000000 -0.593836 0.000000 0.804586 1.000000 1.000000 1.000000
1376.214844 0.292969 3032.778564 0.000000 -0.782716 0.000000 0.622379 1.000000 1.000000 1.000000
1256.425415 0.641846 3000.581299 0.000000 0.479613 0.000000 0.877480 1.000000 1.000000 1.000000
810.573975 0.150391 2265.392090 0.000000 -0.712135 0.000000 0.702043 1.000000 1.000000 1.000000
990.119690 0.496826 2471.402832 0.000000 0.398368 0.000000 0.917226 1.000000 1.000000 1.000000
940.578125 0.290283 2407.761719 0.000000 0.433863 0.000000 0.900979 1.000000 1.000000 1.000000
1145.743896 0.228760 2678.173096 0.000000 -0.678035 0.000000 0.735029 1.000000 1.000000 1.000000
1221.055176 0.315918 2702.940918 0.000000 0.402904 0.000000 0.915242 1.000000 1.000000 1.000000
1439.929932 0.090332 2804.666260 0.000000 0.598907 0.000000 0.800819 1.000000 1.000000 1.000000
1635.977783 0.502441 2839.148438 0.000000 0.635633 0.000000 0.771992 1.000000 1.000000 1.000000
1647.114990 0.318359 2854.708252 0.000000 0.476316 0.000000 0.879274 1.000000 1.000000 1.000000
935.043274 0.992676 2583.215088 0.000000 -0.435052 0.000000 0.900405 1.000000 1.000000 1.000000
877.765503 0.597900 2660.966553 0.000000 -0.688486 0.000000 0.725250 1.000000 1.000000 1.000000
738.526672 0.309570 2738.970947 0.000000 -0.403379 0.000000 0.915033 1.000000 1.000000 1.000000
722.144470 0.461426 2811.787354 0.000000 0.061820 0.000000 0.998087 1.000000 1.000000 1.000000
1630.559692 0.083008 3390.794678 0.000000 0.613220 0.000000 -0.789912 1.000000 1.000000 1.000000
1676.712036 0.312988 3345.174805 0.000000 0.907989 0.000000 0.418995 1.000000 1.000000 1.000000
1718.675537 0.312988 3314.601318 0.000000 0.943245 0.000000 0.332098 1.000000 1.000000 1.000000
1728.230591 0.240723 3007.564209 0.000000 0.433575 0.000000 0.901118 1.000000 1.000000 1.000000
1774.984253 0.337646 3263.197266 0.000000 -0.229058 0.000000 0.973413 1.000000 1.000000 1.000000
1823.099121 0.337646 3186.348633 0.000000 -0.112554 0.000000 0.993646 1.000000 1.000000 1.000000
1890.904907 0.337646 3169.054199 0.000000 0.528181 0.000000 0.849132 1.000000 1.000000 1.000000
1797.646729 0.234131 3076.730469 0.000000 0.712408 0.000000 0.701766 1.000000 1.000000 1.000000
1248.214600 0.261231 3309.582275 0.000000 -0.033045 0.000000 0.999454 0.789810 0.789810 0.789810
1242.162354 -0.139893 3337.589600 0.000000 0.304693 0.000000 0.952451 1.000000 1.000000 1.000000
1261.333862 0.165283 3369.081787 0.000000 0.114676 0.000000 0.993403 1.000000 1.000000 1.000000
1255.339844 0.552002 3203.375488 0.000000 0.754368 0.000000 0.656452 1.000000 1.000000 1.000000
1232.910522 0.257080 3291.210205 0.000000 0.552358 0.000000 0.833607 0.616968 0.616968 0.616968
1296.092896 0.471924 3168.845215 0.000000 -0.501960 0.000000 0.864891 1.000000 1.000000 1.000000
1462.761230 0.017090 3069.518066 0.000000 -0.994274 0.000000 -0.106856 1.000000 1.000000 1.000000
1417.361450 0.000000 3129.256104 0.000000 -0.737304 0.000000 0.675561 1.000000 1.000000 1.000000
1361.783203 0.240479 3537.656006 0.000000 -0.325805 0.000000 0.945437 1.000000 1.000000 1.000000
1053.887451 0.216309 2641.911377 0.000000 -0.387950 0.000000 0.921680 1.000000 1.000000 1.000000
1040.615967 0.127197 2688.899902 0.000000 -0.163877 0.000000 0.986481 1.000000 1.000000 1.000000
1031.362061 0.333252 2741.710205 0.000000 -0.383953 0.000000 0.923353 1.000000 1.000000 1.000000
1160.158813 0.422363 2846.307373 0.000000 0.234090 0.000000 0.972215 1.000000 1.000000 1.000000
1011.232910 0.501465 2751.206543 0.000000 0.841529 0.000000 0.540212 1.000000 1.000000 1.000000
1425.441040 0.000000 2722.494141 0.000000 -0.239012 0.000000 0.971017 1.000000 1.000000 1.000000
1508.276123 0.215576 2717.120850 0.000000 0.943720 0.000000 0.330745 1.000000 1.000000 1.000000
1499.690430 0.244141 2689.726318 0.000000 0.301218 0.000000 0.953556 1.000000 1.000000 1.000000
1334.704956 0.223633 2803.415771 0.000000 -0.296995 0.000000 0.954879 1.000000 1.000000 1.000000
1419.887817 0.347900 2599.922363 0.000000 0.076022 0.000000 0.997106 1.000000 1.000000 1.000000
1381.651123 0.097412 2568.396484 0.000000 0.556789 0.000000 0.830654 1.000000 1.000000 1.000000
1264.309204 0.000000 2583.289795 0.000000 -0.416198 0.000000 0.909274 1.000000 1.000000 1.000000
1211.032593 0.431152 2576.424561 0.000000 -0.033212 0.000000 0.999448 1.000000 1.000000 1.000000
1213.941284 0.410645 2599.038818 0.000000 -0.016891 0.000000 0.999857 1.000000 1.000000 1.000000
1185.898193 0.384521 2533.886230 0.000000 0.061546 0.000000 0.998104 1.000000 1.000000 1.000000
1119.156006 0.196045 2477.594727 0.000000 0.900192 0.000000 0.435495 1.000000 1.000000 1.000000
1014.137756 0.144043 2409.691406 0.000000 -0.112630 0.000000 0.993637 1.000000 1.000000 1.000000
924.216919 0.728271 2447.171387 0.000000 0.788156 0.000000 0.615476 1.000000 1.000000 1.000000
802.992737 0.553467 2413.876465 0.000000 -0.611998 0.000000 0.790859 1.000000 1.000000 1.000000
816.791016 0.000000 2389.719727 0.000000 -0.944708 0.000000 0.327914 1.000000 1.000000 1.000000
810.787231 0.316895 2317.462158 0.000000 -0.798154 0.000000 0.602454 1.000000 1.000000 1.000000
881.216980 0.439941 2321.090820 0.000000 -0.687700 0.000000 0.725995 1.000000 1.000000 1.000000
891.932983 0.415771 2317.950684 0.000000 -0.540954 0.000000 0.841052 1.000000 1.000000 1.000000
815.476013 0.222412 2337.791748 0.000000 -0.190899 0.000000 0.981610 1.000000 1.000000 1.000000
738.812866 0.510742 2342.547119 0.000000 -0.646512 0.000000 0.762904 1.000000 1.000000 1.000000
931.227722 0.676025 2152.665039 0.000000 0.506993 0.000000 0.861950 1.000000 1.000000 1.000000
952.138550 0.200684 2157.497559 0.000000 -0.362941 0.000000 0.931812 1.000000 1.000000 1.000000
962.642029 0.277588 2138.890869 0.000000 -0.291271 0.000000 0.956641 1.000000 1.000000 1.000000
959.511719 -0.119629 2111.437744 0.000000 0.303974 0.000000 0.952680 1.000000 1.000000 1.000000
808.693298 0.280640 2042.654907 0.000000 -0.032930 0.000000 0.999458 1.000000 1.000000 1.000000
1885.984985 1.228027 2617.860352 0.000000 0.569273 0.000000 0.822148 1.000000 1.000000 1.000000
1075.413696 1.135254 2553.770996 0.000000 -0.459758 0.000000 0.888044 1.000000 1.000000 1.000000
1024.356201 1.234863 2525.811768 0.000000 0.906503 0.000000 0.422200 1.000000 1.000000 1.000000
1175.597290 1.142578 2607.440674 0.000000 -0.346370 0.000000 0.938098 1.000000 1.000000 1.000000
1587.802979 0.770020 2993.175781 0.000000 0.470671 0.000000 0.882309 1.000000 1.000000 1.000000
1210.996948 0.000000 3348.996094 0.000000 0.396190 0.000000 0.918168 0.753522 0.753522 0.753522
1586.811890 0.312744 3317.452881 0.000000 0.034219 0.000000 0.999414 0.832983 0.832983 0.832983
1566.193359 0.371582 3314.338623 0.000000 -0.272319 0.000000 0.962207 0.832983 0.832983 0.832983
641.310181 -0.286255 1947.314209 0.000000 -0.431298 0.000000 0.902210 1.000000 1.000000 1.000000
1460.455444 0.736572 3054.755371 0.000000 0.423206 0.000000 0.906033 1.045581 1.045581 1.045581
1330.908813 0.398193 2820.870605 0.000000 0.219377 0.000000 0.975640 1.000000 1.000000 1.000000
1485.841675 0.325684 2862.424561 0.000000 -0.448788 0.000000 0.893638 1.000000 1.000000 1.000000
1462.812866 0.149658 2803.935303 0.000000 0.062566 0.000000 0.998041 0.719580 0.719580 0.719580
842.049500 -0.120361 2190.403564 0.000000 -0.369564 0.000000 0.929205 0.819981 0.819981 0.819981
777.514404 0.182617 2167.183350 0.000000 0.107731 0.000000 0.994180 1.000000 1.000000 1.000000
834.068176 -0.400146 2256.342285 0.000000 -0.485347 0.000000 0.874322 1.000000 1.000000 1.000000
1159.538940 0.000000 3408.851318 0.000000 0.000000 0.000000 1.000000 1.000000 1.000000 1.000000
1586.548950 0.000000 3389.598633 0.000000 -0.162273 0.000000 0.986745 0.995863 0.995863 0.995863
"}
object={
	name="Bridge_Ramp"
	render_pass=Map
	clamp_to_water_level=no
	generated_content=no
	layer="AGOT_building_layer"
	pdxmesh="building_special_AGOT_Tyrosh_Bridge_Ramp_mesh"
	count=2
	transform="2413.540527 0.154541 2421.412354 0.000000 -0.400180 0.000000 0.916436 28.886988 28.886988 28.886988
2424.697998 0.106933 2427.673340 0.000000 -0.213254 0.000000 0.976997 23.511332 23.511332 23.511332
"}
object={
	name="Bridge_RampLong"
	render_pass=Map
	clamp_to_water_level=no
	generated_content=no
	layer="AGOT_building_layer"
	pdxmesh="building_special_AGOT_Tyrosh_Bridge_RampLong_mesh"
	count=2
	transform="2414.525146 0.240234 2420.539551 0.000000 0.908078 0.000000 0.418801 28.640596 28.640596 28.640596
2425.250977 0.163330 2426.444092 0.000000 0.978065 0.000000 0.208298 24.203907 24.203907 24.203907
"}
object={
	name="City_Market Stall"
	render_pass=Map
	clamp_to_water_level=no
	generated_content=no
	layer="AGOT_building_layer"
	pdxmesh="city_market_02_mesh"
	count=274
	transform="2140.146729 0.847656 3476.376221 0.000000 0.726988 0.000000 -0.686650 2.611922 2.611922 2.611922
2140.280518 3.314453 3475.039795 0.000000 0.726988 0.000000 -0.686650 2.611922 2.611922 2.611922
2139.464355 5.449219 3471.784668 0.000000 0.037946 0.000000 -0.999280 2.611922 2.611922 2.611922
2137.834229 1.433594 3471.614258 0.000000 0.037946 0.000000 -0.999280 2.611922 2.611922 2.611922
2138.547119 3.136719 3473.951416 0.000000 0.999382 0.000000 0.035145 2.611922 2.611922 2.611922
2136.874023 0.473877 3473.745850 0.000000 0.999382 0.000000 0.035145 2.611922 2.611922 2.611922
2137.295654 0.590088 3474.828613 0.000000 -0.099718 0.000000 0.995016 2.611922 2.611922 2.611922
2137.557373 1.120850 3472.556152 0.000000 -0.719725 0.000000 0.694260 2.611922 2.611922 2.611922
2137.314453 0.808594 3473.728271 0.000000 -0.719725 0.000000 0.694260 2.611922 2.611922 2.611922
2115.585938 0.162354 3480.247803 0.000000 -0.569284 0.000000 0.822141 2.611922 2.611922 2.611922
2116.871826 -0.061279 3479.348633 0.000000 -0.977233 0.000000 -0.212168 2.611922 2.611922 2.611922
2115.574951 0.096680 3478.912109 0.000000 -0.992264 0.000000 -0.124147 2.611922 2.611922 2.611922
2117.002930 0.165771 3484.976807 0.000000 -0.635489 0.000000 0.772110 2.611922 2.611922 2.611922
2116.671143 0.165771 3483.423828 0.000000 -0.635489 0.000000 0.772110 2.611922 2.611922 2.611922
2116.124512 0.165771 3481.504639 0.000000 -0.569284 0.000000 0.822141 2.611922 2.611922 2.611922
2116.491211 0.010010 3481.257080 0.000000 -0.509405 0.000000 -0.860527 2.611922 2.611922 2.611922
2117.093750 0.013428 3480.030029 0.000000 -0.509405 0.000000 -0.860527 2.611922 2.611922 2.611922
2115.338867 -0.023682 3484.538086 0.000000 -0.650050 0.000000 -0.759891 2.611922 2.611922 2.611922
2115.488770 -0.020264 3483.179199 0.000000 -0.650050 0.000000 -0.759891 2.611922 2.611922 2.611922
2123.148682 -0.031738 3484.191406 0.000000 -0.650050 0.000000 -0.759891 2.611922 2.611922 2.611922
2123.298584 -0.028320 3482.832520 0.000000 -0.650050 0.000000 -0.759891 2.611922 2.611922 2.611922
2122.602051 -0.031738 3493.986084 0.000000 -0.817239 0.000000 0.576299 2.611922 2.611922 2.611922
2122.202393 -0.028320 3495.293701 0.000000 -0.817239 0.000000 0.576299 2.611922 2.611922 2.611922
2124.739502 -0.042480 3484.615234 0.000000 -0.745007 0.000000 0.667056 2.611922 2.611922 2.611922
2124.651367 -0.039062 3485.979736 0.000000 -0.745007 0.000000 0.667056 2.611922 2.611922 2.611922
2125.016846 0.222900 3481.794434 0.000000 -0.745007 0.000000 0.667056 2.611922 2.611922 2.611922
2124.928711 0.226318 3483.158936 0.000000 -0.745007 0.000000 0.667056 2.611922 2.611922 2.611922
2136.991943 0.538574 3475.179199 0.000000 -0.719725 0.000000 0.694260 2.611922 2.611922 2.611922
2137.005371 0.541992 3476.546631 0.000000 -0.719725 0.000000 0.694260 2.611922 2.611922 2.611922
1559.823975 0.000000 4329.422363 0.000000 -0.999972 0.000000 0.007462 3.457119 3.457119 3.457119
1563.924805 0.000000 4325.800781 0.000000 0.850551 0.000000 -0.525892 3.457119 3.457119 3.457119
1587.410278 0.089355 4290.772461 0.000000 0.582360 0.000000 -0.812931 3.457119 3.457119 3.457119
1586.789307 0.024414 4288.979980 0.000000 0.582360 0.000000 -0.812931 3.457119 3.457119 3.457119
1581.568726 0.024414 4287.971680 0.000000 -0.358635 0.000000 -0.933478 3.457119 3.457119 3.457119
1560.875122 0.911132 4295.272461 0.000000 -0.264675 0.000000 -0.964338 3.457119 3.457119 3.457119
1559.533203 1.126953 4296.072266 0.000000 -0.264675 0.000000 -0.964338 3.457119 3.457119 3.457119
1557.940063 1.124023 4297.101074 0.000000 -0.295916 0.000000 -0.955214 3.457119 3.457119 3.457119
1556.099854 0.911132 4298.608398 0.000000 -0.384671 0.000000 -0.923054 3.457119 3.457119 3.457119
1555.001953 0.911132 4299.719727 0.000000 -0.384671 0.000000 -0.923054 3.457119 3.457119 3.457119
1553.689331 1.124023 4301.088379 0.000000 -0.414504 0.000000 -0.910047 3.457119 3.457119 3.457119
1552.273804 1.105957 4303.046387 0.000000 -0.556078 0.000000 -0.831130 3.457119 3.457119 3.457119
1551.560547 1.041016 4304.803711 0.000000 -0.556078 0.000000 -0.831130 3.457119 3.457119 3.457119
1550.915283 1.041016 4306.504883 0.000000 -0.556078 0.000000 -0.831130 3.457119 3.457119 3.457119
1561.050049 0.089355 4326.095703 0.000000 -0.590676 0.000000 -0.806909 3.457119 3.457119 3.457119
1560.487671 0.024414 4327.907227 0.000000 -0.590676 0.000000 -0.806909 3.457119 3.457119 3.457119
1559.988159 0.024414 4329.656250 0.000000 -0.590676 0.000000 -0.806909 3.457119 3.457119 3.457119
1561.406860 0.256836 4324.621582 0.000000 0.966255 0.000000 -0.257586 3.457119 3.457119 3.457119
1559.883057 0.256836 4325.757324 0.000000 0.966255 0.000000 -0.257586 3.457119 3.457119 3.457119
1556.105835 0.000000 4326.475586 0.000000 -0.907693 0.000000 -0.419636 3.457119 3.457119 3.457119
1563.248169 0.000000 4327.174316 0.000000 0.850551 0.000000 -0.525892 3.457119 3.457119 3.457119
1583.640991 0.000000 4303.411621 0.000000 0.850551 0.000000 -0.525892 3.457119 3.457119 3.457119
1585.778931 0.000000 4307.465332 0.000000 0.446144 0.000000 -0.894961 3.457119 3.457119 3.457119
1583.317261 0.000000 4305.523926 0.000000 0.210097 0.000000 -0.977681 3.457119 3.457119 3.457119
1588.164429 0.000000 4308.410156 0.000000 0.511671 0.000000 -0.859182 3.457119 3.457119 3.457119
1587.210327 0.000000 4306.685547 0.000000 0.511671 0.000000 -0.859182 3.457119 3.457119 3.457119
1585.802124 0.000000 4304.812500 0.000000 0.450849 0.000000 -0.892600 3.457119 3.457119 3.457119
1580.859131 0.000000 4303.424805 0.000000 0.288185 0.000000 0.957575 3.457119 3.457119 3.457119
1579.638794 0.000000 4304.361328 -0.000000 0.192219 0.000000 0.981352 3.457119 3.457119 3.457119
1575.066162 0.000000 4317.694824 0.000000 -0.989937 0.000000 -0.141508 3.457119 3.457119 3.457119
1573.121338 0.000000 4305.385742 0.000000 -0.989937 0.000000 -0.141508 3.457119 3.457119 3.457119
1576.370850 0.000000 4308.129883 0.000000 -0.006387 0.000000 -0.999980 3.457119 3.457119 3.457119
1572.148315 0.000000 4311.028320 0.000000 -0.704878 0.000000 -0.709329 3.457119 3.457119 3.457119
1572.120605 0.000000 4312.872070 0.000000 -0.704878 0.000000 -0.709329 3.457119 3.457119 3.457119
1572.168579 0.000000 4314.691895 0.000000 -0.704878 0.000000 -0.709329 3.457119 3.457119 3.457119
1569.483521 0.000000 4309.744141 0.000000 -0.446490 0.000000 -0.894789 3.457119 3.457119 3.457119
1574.869019 0.000000 4312.930664 0.000000 -0.709758 0.000000 0.704446 3.457119 3.457119 3.457119
1574.027222 0.000000 4309.081543 0.000000 -0.316282 0.000000 0.948665 3.457119 3.457119 3.457119
1573.487061 0.000000 4308.105469 0.000000 -0.661402 0.000000 0.750031 3.457119 3.457119 3.457119
2848.695312 0.129395 2474.627686 0.000000 -0.372738 0.000000 0.927937 2.578411 2.578411 2.578411
2832.418213 0.029541 2457.234863 0.000000 -0.239323 0.000000 0.970940 2.578411 2.578411 2.578411
2831.024414 -0.013916 2461.166016 0.000000 0.504848 0.000000 0.863209 2.578411 2.578411 2.578411
2416.483154 0.106934 2419.003662 0.000000 0.820178 0.000000 -0.572109 2.578411 2.578411 2.578411
2639.832520 0.081177 1965.526855 0.000000 -0.901605 0.000000 -0.432561 2.578411 2.578411 2.578411
2615.760986 1.360718 1966.411621 0.000000 -0.966559 0.000000 -0.256445 2.578411 2.578411 2.578411
2424.464355 -0.062744 2422.329102 0.000000 -0.244357 0.000000 0.969686 2.578411 2.578411 2.578411
2419.088623 0.059570 2426.285889 0.000000 -0.244357 0.000000 0.969686 2.578411 2.578411 2.578411
2417.300293 0.096191 2416.645996 0.000000 0.820178 0.000000 -0.572109 2.578411 2.578411 2.578411
2436.542969 -0.136231 2446.210938 0.000000 -0.982962 0.000000 -0.183811 2.578411 2.578411 2.578411
2423.486084 0.229736 2446.451660 0.000000 -0.174796 0.000000 -0.984605 2.578411 2.578411 2.578411
2424.163086 -0.313232 2446.173096 0.000000 0.996309 0.000000 -0.085837 2.578411 2.578411 2.578411
2427.718262 -0.196533 2445.068359 0.000000 0.914655 0.000000 -0.404235 2.578411 2.578411 2.578411
2428.592285 0.451660 2445.189941 0.000000 0.074851 0.000000 0.997195 2.578411 2.578411 2.578411
2612.284180 0.229736 1945.710449 0.000000 0.810889 0.000000 -0.585200 2.578411 2.578411 2.578411
2608.422607 -0.062744 1943.609863 0.000000 0.576901 0.000000 0.816814 2.578411 2.578411 2.578411
2609.605713 0.229736 1944.713867 0.000000 0.810889 0.000000 -0.585200 2.578411 2.578411 2.578411
2605.744141 -0.062744 1942.613281 0.000000 0.576901 0.000000 0.816814 2.578411 2.578411 2.578411
2643.095947 0.081177 1969.541748 0.000000 -0.901605 0.000000 -0.432561 2.578411 2.578411 2.578411
2641.430908 0.130005 1967.443481 0.000000 -0.901605 0.000000 -0.432561 2.578411 2.578411 2.578411
2420.536377 0.229736 2418.555420 0.000000 0.810889 0.000000 -0.585200 2.578411 2.578411 2.578411
2620.270508 1.360718 1968.947876 0.000000 -0.966559 0.000000 -0.256445 2.578411 2.578411 2.578411
2617.951416 1.409546 1967.607544 0.000000 -0.966559 0.000000 -0.256445 2.578411 2.578411 2.578411
2416.674805 -0.062744 2416.454834 0.000000 0.576901 0.000000 0.816814 2.578411 2.578411 2.578411
2419.892822 -0.062744 2419.906250 0.000000 -0.244357 0.000000 0.969686 2.578411 2.578411 2.578411
2422.244873 -0.013916 2421.188232 0.000000 -0.244357 0.000000 0.969686 2.578411 2.578411 2.578411
2576.992188 -0.013916 3008.910156 0.000000 0.999658 0.000000 0.026177 2.578411 2.578411 2.578411
2592.974365 1.019775 2977.987061 0.000000 0.299384 0.000000 0.954133 2.578411 2.578411 2.578411
2645.494629 0.200439 2994.254883 0.000000 0.167379 0.000000 0.985893 2.578411 2.578411 2.578411
2629.643311 -0.146484 3001.477295 0.000000 -0.951601 0.000000 -0.307338 2.578411 2.578411 2.578411
2605.575195 0.572754 3006.887939 0.000000 -0.885229 0.000000 -0.465157 2.578411 2.578411 2.578411
2603.939941 0.698242 3004.900146 0.000000 0.999044 0.000000 0.043713 2.578411 2.578411 2.578411
2606.288330 0.734619 2994.621582 0.000000 -0.043016 0.000000 0.999075 2.578411 2.578411 2.578411
2605.771729 0.432373 3006.214844 0.000000 0.494928 0.000000 -0.868934 2.578411 2.578411 2.578411
2576.632812 -0.013916 3004.557129 0.000000 -0.043016 0.000000 0.999075 2.578411 2.578411 2.578411
2603.753418 0.734619 2994.523926 0.000000 -0.043016 0.000000 0.999075 2.578411 2.578411 2.578411
2574.457275 -0.013916 3008.812500 0.000000 0.999658 0.000000 0.026177 2.578411 2.578411 2.578411
2574.097900 -0.013916 3004.459473 0.000000 -0.043016 0.000000 0.999075 2.578411 2.578411 2.578411
2557.845459 0.275391 2998.231934 0.000000 0.999658 0.000000 0.026177 2.578411 2.578411 2.578411
2557.486084 1.155273 2993.878906 0.000000 -0.043016 0.000000 0.999075 2.578411 2.578411 2.578411
2571.964355 -0.013916 3008.769531 0.000000 0.999658 0.000000 0.026177 2.578411 2.578411 2.578411
2571.604980 -0.013916 3004.416504 0.000000 -0.043016 0.000000 0.999075 2.578411 2.578411 2.578411
2615.809326 -0.013916 2987.740723 0.000000 0.064613 0.000000 -0.997910 2.578411 2.578411 2.578411
2611.485352 -0.013916 2983.404541 -0.000000 -0.066735 0.000000 0.997771 2.578411 2.578411 2.578411
2826.947998 -0.013916 2478.165039 0.000000 0.999643 0.000000 0.026726 2.578411 2.578411 2.578411
2826.589600 -0.013916 2473.810791 0.000000 -0.043565 0.000000 0.999051 2.578411 2.578411 2.578411
2845.225586 -0.013916 2465.034424 0.000000 0.999643 0.000000 0.026726 2.578411 2.578411 2.578411
2841.788818 -0.013916 2462.347168 0.000000 0.683133 0.000000 0.730294 2.578411 2.578411 2.578411
2844.867188 -0.013916 2460.680176 0.000000 -0.043565 0.000000 0.999051 2.578411 2.578411 2.578411
2826.864746 -0.013916 2476.854980 0.000000 0.014456 0.000000 -0.999896 2.578411 2.578411 2.578411
2824.724121 -0.013916 2476.803223 0.000000 0.014456 0.000000 -0.999896 2.578411 2.578411 2.578411
2575.738770 -0.013916 3008.888672 0.000000 0.999658 0.000000 0.026177 2.578411 2.578411 2.578411
2840.361328 -0.013916 2460.558838 0.000000 -0.508636 0.000000 0.860982 2.578411 2.578411 2.578411
2794.390137 0.032471 2456.239502 0.000000 0.092093 0.000000 0.995750 2.578411 2.578411 2.578411
2573.203857 -0.013916 3008.791016 0.000000 0.999658 0.000000 0.026177 2.578411 2.578411 2.578411
2556.592041 0.275391 2998.210449 0.000000 0.999658 0.000000 0.026177 2.578411 2.578411 2.578411
2792.105469 0.095947 2458.090576 0.000000 -0.964197 0.000000 0.265187 2.578411 2.578411 2.578411
2789.852051 0.095947 2459.609131 0.000000 0.353431 0.000000 0.935461 2.578411 2.578411 2.578411
2570.710938 -0.013916 3008.748047 0.000000 0.999658 0.000000 0.026177 2.578411 2.578411 2.578411
2795.136719 -0.013916 2456.905029 0.000000 0.998798 0.000000 -0.049026 2.578411 2.578411 2.578411
2835.463867 -0.013916 2458.111084 0.000000 -0.030391 0.000000 0.999538 2.578411 2.578411 2.578411
2600.832031 -0.013916 2983.220703 0.000000 0.959385 0.000000 -0.282102 2.578411 2.578411 2.578411
2836.270264 -0.013916 2459.482666 0.000000 0.993256 0.000000 0.115945 2.578411 2.578411 2.578411
2849.898193 -0.172119 2476.296631 0.000000 0.999554 0.000000 0.029868 2.578411 2.578411 2.578411
2825.694580 -0.013916 2478.142090 0.000000 0.999643 0.000000 0.026726 2.578411 2.578411 2.578411
2848.034912 0.068604 2472.895508 0.000000 0.551141 0.000000 -0.834412 2.578411 2.578411 2.578411
2772.873047 1.003662 2457.264160 0.000000 -0.231107 0.000000 0.972928 2.578411 2.578411 2.578411
2612.636719 0.207520 1944.503418 0.000000 0.810889 0.000000 -0.585200 2.578411 2.578411 2.578411
2779.078613 1.173584 2462.773193 0.000000 -0.764877 0.000000 0.644177 2.578411 2.578411 2.578411
2422.321777 0.207520 2446.927246 0.000000 -0.174796 0.000000 -0.984605 2.578411 2.578411 2.578411
2609.958252 0.207520 1943.506836 0.000000 0.810889 0.000000 -0.585200 2.578411 2.578411 2.578411
2777.870117 0.419189 2470.672363 0.000000 -0.764877 0.000000 0.644177 2.578411 2.578411 2.578411
2416.502930 -0.070801 2426.851562 0.000000 0.966655 0.000000 0.256083 2.578411 2.578411 2.578411
2420.888916 0.207520 2417.348389 0.000000 0.810889 0.000000 -0.585200 2.578411 2.578411 2.578411
2417.677979 0.037354 2427.455078 0.000000 0.966655 0.000000 0.256083 2.578411 2.578411 2.578411
2593.190186 1.130615 2972.433594 0.000000 -0.293534 0.000000 -0.955949 2.578411 2.578411 2.578411
2592.255371 1.130615 2973.052490 0.000000 -0.293534 0.000000 -0.955949 2.578411 2.578411 2.578411
2592.394775 1.130615 2971.183350 0.000000 -0.293534 0.000000 -0.955949 2.578411 2.578411 2.578411
2591.483154 1.130615 2971.874268 0.000000 -0.293534 0.000000 -0.955949 2.578411 2.578411 2.578411
2646.662598 0.241211 2993.800293 0.000000 0.167379 0.000000 0.985893 2.578411 2.578411 2.578411
2595.318604 1.825684 2970.631836 0.000000 -0.890868 0.000000 -0.454262 2.578411 2.578411 2.578411
2628.601807 -0.105713 3000.780029 0.000000 -0.951601 0.000000 -0.307338 2.578411 2.578411 2.578411
2596.342773 1.825684 2972.296875 0.000000 -0.890868 0.000000 -0.454262 2.578411 2.578411 2.578411
2604.828613 0.613525 3005.881104 0.000000 -0.885229 0.000000 -0.465157 2.578411 2.578411 2.578411
2597.032227 1.507080 2973.219238 0.000000 -0.890868 0.000000 -0.454262 2.578411 2.578411 2.578411
2602.687988 0.739014 3004.834229 0.000000 0.999044 0.000000 0.043713 2.578411 2.578411 2.578411
2596.573486 0.840820 2975.162598 0.000000 0.299384 0.000000 0.954133 2.578411 2.578411 2.578411
2595.674316 0.830811 2975.896729 0.000000 0.299384 0.000000 0.954133 2.578411 2.578411 2.578411
2608.635498 0.734619 2996.173828 0.000000 0.302673 0.000000 0.953095 2.578411 2.578411 2.578411
2600.204590 0.024414 3021.621094 0.000000 0.835563 0.000000 -0.549395 2.578411 2.578411 2.578411
2600.566406 0.024414 3019.793701 0.000000 0.732663 0.000000 -0.680592 2.578411 2.578411 2.578411
2623.650146 0.024414 3003.872314 0.000000 0.468238 0.000000 -0.883603 2.578411 2.578411 2.578411
2613.146484 0.734619 3001.202148 0.000000 0.302673 0.000000 0.953095 2.578411 2.578411 2.578411
2609.424561 0.734619 2996.980469 0.000000 0.302673 0.000000 0.953095 2.578411 2.578411 2.578411
2422.927246 -0.335449 2446.406250 0.000000 0.996309 0.000000 -0.085837 2.578411 2.578411 2.578411
2610.037842 0.734619 2997.911865 0.000000 0.302673 0.000000 0.953095 2.578411 2.578411 2.578411
2428.606934 -0.238770 2444.142334 0.000000 0.914655 0.000000 -0.404235 2.578411 2.578411 2.578411
2608.045654 -0.084961 1944.809570 0.000000 0.576901 0.000000 0.816814 2.578411 2.578411 2.578411
2435.358643 -0.136231 2445.798828 0.000000 -0.982962 0.000000 -0.183811 2.578411 2.578411 2.578411
2427.356445 0.429443 2445.423096 0.000000 0.074851 0.000000 0.997195 2.578411 2.578411 2.578411
2611.930908 0.229736 1946.913330 0.000000 0.810889 0.000000 -0.585200 2.578411 2.578411 2.578411
2607.540283 0.734619 2994.685791 0.000000 -0.043016 0.000000 0.999075 2.578411 2.578411 2.578411
2605.367188 -0.084961 1943.812988 0.000000 0.576901 0.000000 0.816814 2.578411 2.578411 2.578411
2424.647461 0.229736 2445.979248 0.000000 -0.174796 0.000000 -0.984605 2.578411 2.578411 2.578411
2594.883057 0.802490 2976.751221 0.000000 0.299384 0.000000 0.954133 2.578411 2.578411 2.578411
2609.252441 0.229736 1945.916748 0.000000 0.810889 0.000000 -0.585200 2.578411 2.578411 2.578411
2606.415039 0.441162 3007.131348 0.000000 0.494928 0.000000 -0.868934 2.578411 2.578411 2.578411
2416.297852 -0.084961 2417.654541 0.000000 0.576901 0.000000 0.816814 2.578411 2.578411 2.578411
2577.884766 -0.013916 3004.621338 0.000000 -0.043016 0.000000 0.999075 2.578411 2.578411 2.578411
2608.800293 -0.062744 1942.414551 0.000000 0.576901 0.000000 0.816814 2.578411 2.578411 2.578411
2425.395264 -0.313232 2445.942871 0.000000 0.996309 0.000000 -0.085837 2.578411 2.578411 2.578411
2420.183105 0.229736 2419.758301 0.000000 0.810889 0.000000 -0.585200 2.578411 2.578411 2.578411
2643.918213 0.058960 1970.493530 0.000000 -0.901605 0.000000 -0.432561 2.578411 2.578411 2.578411
2605.005371 0.734619 2994.588135 0.000000 -0.043016 0.000000 0.999075 2.578411 2.578411 2.578411
2431.712891 0.561768 2445.311035 0.000000 -0.142729 0.000000 0.989762 2.578411 2.578411 2.578411
2430.300781 0.451660 2445.172852 0.000000 -0.069554 0.000000 0.997578 2.578411 2.578411 2.578411
2621.385010 1.338501 1969.531128 0.000000 -0.966559 0.000000 -0.256445 2.578411 2.578411 2.578411
2606.121826 -0.062744 1941.417969 0.000000 0.576901 0.000000 0.816814 2.578411 2.578411 2.578411
2591.967041 1.049316 2978.781982 0.000000 0.299384 0.000000 0.954133 2.578411 2.578411 2.578411
2642.278076 0.081177 1968.592041 0.000000 -0.901605 0.000000 -0.432561 2.578411 2.578411 2.578411
2778.172852 0.319092 2473.594238 0.000000 -0.321893 0.000000 0.946776 2.578411 2.578411 2.578411
2640.612549 0.130005 1966.493774 0.000000 -0.901605 0.000000 -0.432561 2.578411 2.578411 2.578411
2418.764404 -0.084961 2419.351074 0.000000 -0.244357 0.000000 0.969686 2.578411 2.578411 2.578411
2575.349854 -0.013916 3004.523682 0.000000 -0.043016 0.000000 0.999075 2.578411 2.578411 2.578411
2558.738037 1.162354 2993.943115 0.000000 -0.043016 0.000000 0.999075 2.578411 2.578411 2.578411
2619.161133 1.360718 1968.364868 0.000000 -0.966559 0.000000 -0.256445 2.578411 2.578411 2.578411
2417.052490 -0.062744 2415.259521 0.000000 0.576901 0.000000 0.816814 2.578411 2.578411 2.578411
2616.841553 1.409546 1967.024536 0.000000 -0.966559 0.000000 -0.256445 2.578411 2.578411 2.578411
2766.338135 2.668945 2455.160889 0.000000 0.986085 0.000000 0.166243 2.578411 2.578411 2.578411
2416.908691 0.033203 2417.836670 0.000000 0.820178 0.000000 -0.572109 2.578411 2.578411 2.578411
2572.856934 -0.013916 3004.480713 0.000000 -0.043016 0.000000 0.999075 2.578411 2.578411 2.578411
2421.016602 -0.062744 2420.461426 0.000000 -0.244357 0.000000 0.969686 2.578411 2.578411 2.578411
2773.562744 1.588867 2457.385986 0.000000 0.986085 0.000000 0.166243 2.578411 2.578411 2.578411
2423.368652 -0.013916 2421.743408 0.000000 -0.244357 0.000000 0.969686 2.578411 2.578411 2.578411
2613.907715 -0.013916 2987.230469 0.000000 0.738184 0.000000 -0.674600 2.578411 2.578411 2.578411
2777.455322 0.170166 2460.717773 0.000000 -0.321893 0.000000 0.946776 2.578411 2.578411 2.578411
2780.198730 0.170166 2475.055420 0.000000 -0.321893 0.000000 0.946776 2.578411 2.578411 2.578411
2786.849121 -0.155518 2485.705078 0.000000 -0.440437 0.000000 0.897784 2.578411 2.578411 2.578411
2827.841553 -0.013916 2473.876221 0.000000 -0.043565 0.000000 0.999051 2.578411 2.578411 2.578411
2849.161621 0.287842 2475.333252 0.000000 0.175418 0.000000 0.984494 2.578411 2.578411 2.578411
2848.020264 0.047363 2471.756104 0.000000 0.668128 0.000000 0.744047 2.578411 2.578411 2.578411
2843.972168 -0.013916 2465.011475 0.000000 0.999643 0.000000 0.026726 2.578411 2.578411 2.578411
2831.600586 -0.013916 2460.052734 0.000000 0.504848 0.000000 0.863209 2.578411 2.578411 2.578411
2846.119141 -0.013916 2460.745605 0.000000 -0.043565 0.000000 0.999051 2.578411 2.578411 2.578411
2847.947021 0.047363 2472.835938 0.000000 0.668128 0.000000 0.744047 2.578411 2.578411 2.578411
2791.136475 0.095947 2458.754395 0.000000 -0.964197 0.000000 0.265187 2.578411 2.578411 2.578411
2795.613770 0.032471 2455.966553 0.000000 0.092093 0.000000 0.995750 2.578411 2.578411 2.578411
2790.681885 0.095947 2458.777832 0.000000 0.353431 0.000000 0.935461 2.578411 2.578411 2.578411
2788.357666 -0.172119 2492.292236 0.000000 0.999554 0.000000 0.029868 2.578411 2.578411 2.578411
2783.931152 0.262695 2483.034668 0.000000 0.791207 0.000000 0.611548 2.578411 2.578411 2.578411
2783.995361 0.160400 2480.621582 0.000000 0.564723 0.000000 0.825281 2.578411 2.578411 2.578411
2787.247070 0.065918 2487.701904 0.000000 0.981883 0.000000 0.189486 2.578411 2.578411 2.578411
2784.260254 0.262695 2484.072021 0.000000 0.791207 0.000000 0.611548 2.578411 2.578411 2.578411
2789.852295 0.065918 2487.520508 0.000000 -0.178122 0.000000 0.984008 2.578411 2.578411 2.578411
2790.783203 0.065918 2488.159668 0.000000 0.990434 0.000000 -0.137990 2.578411 2.578411 2.578411
2791.024414 -0.048340 2487.854004 0.000000 0.334145 0.000000 0.942522 2.578411 2.578411 2.578411
2788.277100 0.065918 2488.053467 0.000000 0.981883 0.000000 0.189486 2.578411 2.578411 2.578411
2773.194824 1.263916 2457.321289 0.000000 0.041553 0.000000 0.999136 2.578411 2.578411 2.578411
2788.814453 0.065918 2487.192871 0.000000 -0.178122 0.000000 0.984008 2.578411 2.578411 2.578411
2778.867188 0.802246 2463.996826 0.000000 -0.764877 0.000000 0.644177 2.578411 2.578411 2.578411
2791.835205 0.065918 2484.831299 0.000000 0.683379 0.000000 0.730064 2.578411 2.578411 2.578411
2777.658691 0.482422 2471.895996 0.000000 -0.764877 0.000000 0.644177 2.578411 2.578411 2.578411
2765.139648 3.338623 2454.791260 0.000000 0.986085 0.000000 0.166243 2.578411 2.578411 2.578411
2791.813232 0.065918 2487.807861 0.000000 0.990434 0.000000 -0.137990 2.578411 2.578411 2.578411
2772.364258 0.942383 2457.016357 0.000000 0.986085 0.000000 0.166243 2.578411 2.578411 2.578411
2779.193115 0.192383 2474.323486 0.000000 -0.321893 0.000000 0.946776 2.578411 2.578411 2.578411
2778.475586 0.043457 2461.447021 0.000000 -0.321893 0.000000 0.946776 2.578411 2.578411 2.578411
2841.004395 -0.013916 2461.635010 0.000000 -0.508636 0.000000 0.860982 2.578411 2.578411 2.578411
2781.218994 0.043457 2475.784668 0.000000 -0.321893 0.000000 0.946776 2.578411 2.578411 2.578411
2791.820312 0.065918 2485.919678 0.000000 0.683379 0.000000 0.730064 2.578411 2.578411 2.578411
2787.650635 -0.155518 2486.669434 0.000000 -0.440437 0.000000 0.897784 2.578411 2.578411 2.578411
2793.894043 -0.013916 2457.071045 0.000000 0.998798 0.000000 -0.049026 2.578411 2.578411 2.578411
2852.344727 -0.143066 2473.879395 0.000000 0.750210 0.000000 -0.661200 2.578411 2.578411 2.578411
2836.717285 -0.013916 2458.143311 0.000000 -0.030391 0.000000 0.999538 2.578411 2.578411 2.578411
2852.437012 -0.143066 2472.729248 0.000000 0.750210 0.000000 -0.661200 2.578411 2.578411 2.578411
2835.040771 -0.013916 2459.236572 0.000000 0.993256 0.000000 0.115945 2.578411 2.578411 2.578411
2850.172852 0.152588 2471.939941 0.000000 0.992839 0.000000 0.119461 2.578411 2.578411 2.578411
2848.644775 -0.172119 2476.265381 0.000000 0.999554 0.000000 0.029868 2.578411 2.578411 2.578411
2850.310303 0.065918 2471.773682 0.000000 0.683379 0.000000 0.730064 2.578411 2.578411 2.578411
2848.566895 0.068604 2474.031006 0.000000 0.551141 0.000000 -0.834412 2.578411 2.578411 2.578411
2850.295410 0.065918 2472.862061 0.000000 0.683379 0.000000 0.730064 2.578411 2.578411 2.578411
2850.322510 0.287842 2474.859375 0.000000 0.175418 0.000000 0.984494 2.578411 2.578411 2.578411
787.858887 0.113281 2249.323486 0.000000 0.894909 0.000000 -0.446249 3.091922 3.091922 3.091922
790.211853 0.059570 2248.292480 0.000000 -0.423272 0.000000 -0.906003 3.091922 3.091922 3.091922
788.937988 -0.039062 2250.915039 0.000000 -0.708216 0.000000 -0.705996 3.091922 3.091922 3.091922
774.137878 0.104248 2240.520264 0.000000 0.264363 0.000000 -0.964423 3.091922 3.091922 3.091922
772.094238 0.000000 2236.291992 0.000000 -0.314896 0.000000 -0.949126 3.091922 3.091922 3.091922
814.700134 0.361328 2222.302490 0.000000 -0.920799 0.000000 -0.390037 3.091922 3.091922 3.091922
813.731689 0.361328 2221.329590 0.000000 -0.920799 0.000000 -0.390037 3.091922 3.091922 3.091922
813.744934 0.361328 2217.180176 0.000000 0.374928 0.000000 0.927054 3.091922 3.091922 3.091922
792.360107 0.770264 2202.780762 0.000000 0.070973 0.000000 -0.997478 3.091922 3.091922 3.091922
793.721802 0.770264 2202.956543 0.000000 0.070973 0.000000 -0.997478 3.091922 3.091922 3.091922
794.029053 0.361328 2208.635986 0.000000 0.749026 0.000000 0.662540 3.091922 3.091922 3.091922
803.408630 0.418945 2209.993408 0.000000 0.014163 0.000000 -0.999900 3.091922 3.091922 3.091922
801.088318 0.418945 2210.284668 0.000000 -0.190978 0.000000 -0.981594 3.091922 3.091922 3.091922
798.733704 0.418945 2212.090820 0.000000 0.508488 0.000000 0.861069 3.091922 3.091922 3.091922
793.842834 0.361328 2207.275635 0.000000 0.749026 0.000000 0.662540 3.091922 3.091922 3.091922
817.886902 0.361328 2218.126709 0.000000 0.372953 0.000000 -0.927850 3.091922 3.091922 3.091922
818.890747 0.361328 2219.063232 0.000000 0.372953 0.000000 -0.927850 3.091922 3.091922 3.091922
776.139465 0.000000 2237.820801 0.000000 0.455439 0.000000 -0.890267 3.091922 3.091922 3.091922
776.958008 0.000000 2238.922852 0.000000 0.455439 0.000000 -0.890267 3.091922 3.091922 3.091922
771.585144 0.000000 2240.342285 0.000000 0.888776 0.000000 0.458341 3.091922 3.091922 3.091922
772.378235 0.000000 2241.371582 0.000000 0.888776 0.000000 0.458341 3.091922 3.091922 3.091922
774.586548 0.000000 2238.335449 0.000000 0.729464 0.000000 0.684019 3.091922 3.091922 3.091922
773.456360 0.000000 2237.738770 0.000000 -0.999630 0.000000 -0.027197 3.091922 3.091922 3.091922
772.272888 0.000000 2239.023926 0.000000 0.849677 0.000000 -0.527304 3.091922 3.091922 3.091922
"}
object={
	name="City_Port 1"
	render_pass=Map
	clamp_to_water_level=no
	generated_content=no
	layer="AGOT_building_layer"
	pdxmesh="port_1_mesh"
	count=1
	transform="2135.953857 -0.460938 3471.445557 0.000000 -0.999609 0.000000 -0.027968 0.411095 0.411095 0.411095
"}
object={
	name="City_Port 2"
	render_pass=Map
	clamp_to_water_level=no
	generated_content=no
	layer="AGOT_building_layer"
	pdxmesh="port_2_mesh"
	count=9
	transform="2146.104492 0.076416 3483.239502 0.000000 0.998143 0.000000 -0.060910 0.442456 0.442456 0.442456
1572.963989 -0.151367 4278.579590 0.000000 0.000000 0.000000 1.000000 0.523222 0.523222 0.523222
186.234558 2.494873 3627.812744 0.000000 -0.255014 0.000000 0.966937 0.251318 0.251318 0.251318
1808.657715 0.027344 5279.472656 0.000000 0.979170 0.000000 0.203042 0.382422 0.382422 0.382422
1714.650269 0.753418 2966.028076 0.000000 0.792544 0.000000 -0.609815 0.470728 0.470728 0.470728
1717.302612 -0.072510 2970.445312 0.000000 0.999989 0.000000 -0.004765 0.470728 0.470728 0.470728
1681.794922 0.223633 2953.466064 0.000000 0.773297 0.000000 -0.634044 0.472656 0.472656 0.472656
1697.633057 0.223633 2958.665039 0.000000 0.773297 0.000000 -0.634044 0.472656 0.472656 0.472656
772.888367 -0.423340 2216.381104 0.000000 -0.391983 0.000000 0.919972 0.476761 0.476761 0.476761
"}
object={
	name="City_Port 3"
	render_pass=Map
	clamp_to_water_level=no
	generated_content=no
	layer="AGOT_building_layer"
	pdxmesh="port_3_mesh"
	count=2
	transform="1574.947021 0.099121 4272.832031 0.000000 -0.222473 0.000000 0.974939 0.555664 0.555664 0.555664
1717.574341 0.220703 2975.705811 0.000000 0.998346 0.000000 -0.057498 0.515259 0.515259 0.515259
"}
object={
	name="City_Port 4"
	render_pass=Map
	clamp_to_water_level=no
	generated_content=no
	layer="AGOT_building_layer"
	pdxmesh="port_4_mesh"
	count=3
	transform="2142.457031 0.102051 3478.526855 0.000000 0.922505 0.000000 -0.385985 0.351172 0.351172 0.351172
1686.363525 0.309082 2955.935547 0.000000 0.881169 0.000000 -0.472801 0.408672 0.408672 0.408672
1702.116821 0.062988 2961.419678 0.000000 0.902468 0.000000 -0.430758 0.408672 0.408672 0.408672
"}
object={
	name="Eastwatch"
	render_pass=Map
	clamp_to_water_level=no
	generated_content=no
	layer="AGOT_building_layer"
	pdxmesh="building_special_eastwatch_mesh"
	count=1
	transform="1792.518677 -0.284180 5271.390625 0.000000 -0.028622 0.000000 0.999590 1.000000 1.000000 1.000000
"}
object={
	name="Fern 01"
	render_pass=Map
	clamp_to_water_level=no
	generated_content=no
	layer="tree_high_layer"
	entity="tree_fern_01_a_entity"
	count=2
	transform="2810.757080 0.000000 2469.491943 0.000000 0.805384 0.000000 0.592754 0.721777 0.721777 0.721777
2564.287109 0.000000 1952.889648 0.000000 0.000000 0.000000 1.000000 1.000000 1.000000 1.000000
"}
object={
	name="Fern 02"
	render_pass=Map
	clamp_to_water_level=no
	generated_content=no
	layer="tree_high_layer"
	entity="tree_fern_01_b_entity"
	count=13
	transform="2815.149902 0.000000 2475.125000 0.000000 0.875846 0.000000 -0.482592 0.670908 0.670908 0.670908
2798.829834 0.000000 2463.480957 0.000000 -0.405900 0.000000 -0.913918 0.670908 0.670908 0.670908
2809.260498 0.000000 2481.176270 0.000000 0.980979 0.000000 -0.194113 0.670908 0.670908 0.670908
2807.260742 0.000000 2473.607910 0.000000 0.925302 0.000000 -0.379232 0.774772 0.774772 0.774772
2805.877441 0.000000 2470.956299 0.000000 -0.999996 0.000000 -0.002894 0.670908 0.670908 0.670908
2800.632080 0.000000 2462.811279 0.000000 0.767880 0.000000 -0.640594 0.519312 0.519312 0.519312
2810.944824 0.000000 2464.667969 0.000000 0.877680 0.000000 0.479247 0.559740 0.559740 0.559740
2807.410889 0.000000 2481.700684 0.000000 0.356877 0.000000 -0.934151 0.519312 0.519312 0.519312
2804.208252 0.000000 2466.516846 0.000000 0.165401 0.000000 -0.986226 0.519312 0.519312 0.519312
2809.405029 0.000000 2478.099609 0.000000 0.590026 0.000000 0.807385 0.519312 0.519312 0.519312
2813.866943 0.000000 2478.488037 0.000000 0.810887 0.000000 0.585203 0.383969 0.383969 0.383969
2794.500977 0.000000 2469.136230 0.000000 0.980926 0.000000 0.194381 0.519312 0.519312 0.519312
795.750671 0.000000 2223.213623 0.000000 0.994275 0.000000 0.106854 0.629858 0.629858 0.629858
"}
object={
	name="Fern 03"
	render_pass=Map
	clamp_to_water_level=no
	generated_content=no
	layer="tree_high_layer"
	entity="tree_fern_01_c_entity"
	count=78
	transform="2813.542725 0.000000 2474.822754 0.000000 -0.513077 0.000000 0.858342 0.519296 0.519296 0.519296
2810.377930 0.000000 2475.572998 0.000000 -0.749313 0.000000 0.662216 0.519296 0.519296 0.519296
2811.532227 0.000000 2471.174316 0.000000 -0.001432 0.000000 0.999999 0.519296 0.519296 0.519296
2809.216064 0.000000 2470.170898 0.000000 0.809291 0.000000 -0.587408 0.409871 0.409871 0.409871
2810.038818 0.000000 2471.843018 0.000000 -0.802493 0.000000 -0.596662 0.409871 0.409871 0.409871
2810.166016 0.000000 2466.233887 0.000000 0.277874 0.000000 0.960617 0.519296 0.519296 0.519296
2808.276367 0.000000 2476.319092 0.000000 -0.986280 0.000000 0.165082 0.519296 0.519296 0.519296
2806.178223 0.000000 2467.175049 0.000000 -0.992213 0.000000 0.124549 0.519296 0.519296 0.519296
2811.182129 0.000000 2477.084961 0.000000 0.886625 0.000000 -0.462489 0.519296 0.519296 0.519296
2814.447021 0.000000 2477.162109 0.000000 0.700017 0.000000 -0.714126 0.383957 0.383957 0.383957
2793.590332 0.000000 2467.402100 0.000000 0.339059 0.000000 -0.940765 0.519296 0.519296 0.519296
2647.690430 0.000000 1959.356201 0.000000 0.144844 0.000000 0.989455 0.407214 0.407214 0.407214
2648.399658 0.000000 1960.448242 0.000000 0.886554 0.000000 -0.462625 0.407214 0.407214 0.407214
2652.118408 0.000000 1964.573730 0.000000 0.185864 0.000000 0.982576 0.407214 0.407214 0.407214
2653.011963 0.000000 1965.623657 0.000000 0.185864 0.000000 0.982576 0.407214 0.407214 0.407214
2649.505859 0.000000 1961.549438 0.000000 0.185864 0.000000 0.982576 0.407214 0.407214 0.407214
2650.399414 0.000000 1962.599365 0.000000 0.185864 0.000000 0.982576 0.407214 0.407214 0.407214
2651.192627 0.000000 1963.619629 0.000000 0.866550 0.000000 -0.499091 0.407214 0.407214 0.407214
2642.322266 0.000000 1964.254883 0.000000 0.144844 0.000000 0.989455 0.407214 0.407214 0.407214
2598.330078 0.000000 1947.852173 0.000000 0.999972 0.000000 -0.007474 0.407214 0.407214 0.407214
2590.673828 0.000000 1952.331787 0.000000 -0.686625 0.000000 0.727013 0.407214 0.407214 0.407214
2589.397705 0.000000 1952.854004 0.000000 -0.686625 0.000000 0.727013 0.407214 0.407214 0.407214
2593.038818 0.000000 1949.125977 0.000000 -0.282625 0.000000 0.959231 0.407214 0.407214 0.407214
2596.139160 0.000000 1952.461670 0.000000 -0.282625 0.000000 0.959231 0.407214 0.407214 0.407214
2591.709961 0.000000 1951.920410 0.000000 0.912584 0.000000 0.408890 0.407214 0.407214 0.407214
2643.031494 0.000000 1965.346924 0.000000 0.886554 0.000000 -0.462625 0.407214 0.407214 0.407214
2646.750244 0.000000 1969.472412 0.000000 0.185864 0.000000 0.982576 0.407214 0.407214 0.407214
2647.643799 0.000000 1970.522339 0.000000 0.185864 0.000000 0.982576 0.407214 0.407214 0.407214
2644.137695 0.000000 1966.448120 0.000000 0.185864 0.000000 0.982576 0.407214 0.407214 0.407214
2645.031250 0.000000 1967.498047 0.000000 0.185864 0.000000 0.982576 0.407214 0.407214 0.407214
2645.824463 0.000000 1968.518311 0.000000 0.866550 0.000000 -0.499091 0.407214 0.407214 0.407214
2570.218018 0.000000 1918.670288 0.000000 -0.445242 0.000000 0.895410 0.860258 0.860258 0.860258
2569.115234 0.000000 1915.472778 0.000000 -0.664603 0.000000 0.747197 0.860258 0.860258 0.860258
2590.263428 0.000000 1945.456909 0.000000 0.000000 0.000000 1.000000 0.566521 0.566521 0.566521
2590.932861 0.000000 1944.178833 0.000000 0.000000 0.000000 1.000000 0.566521 0.566521 0.566521
2591.478271 0.000000 1945.963379 0.000000 0.944213 0.000000 -0.329334 0.566521 0.566521 0.566521
2648.356689 0.000000 1973.645630 0.000000 0.000000 0.000000 1.000000 0.407214 0.407214 0.407214
2648.804932 0.000000 1974.949341 0.000000 0.000000 0.000000 1.000000 0.407214 0.407214 0.407214
2649.163330 0.000000 1976.232666 0.000000 0.944213 0.000000 -0.329334 0.407214 0.407214 0.407214
2649.959961 0.000000 1978.910156 0.000000 0.333692 0.000000 -0.942682 0.407214 0.407214 0.407214
2650.399414 0.000000 1980.348999 0.000000 -0.966945 0.000000 -0.254984 0.407214 0.407214 0.407214
2650.752686 0.000000 1981.586670 0.000000 -0.516961 0.000000 0.856009 0.407214 0.407214 0.407214
2621.242920 2.446167 1984.643677 0.000000 -0.686388 0.000000 -0.727236 0.751189 0.751189 0.751189
2622.768066 2.446167 1988.504028 0.000000 0.973484 0.000000 0.228753 0.751189 0.751189 0.751189
2626.596680 2.446167 1987.370117 0.000000 -0.934632 -0.000000 -0.355615 0.751189 0.751189 0.751189
2625.198975 2.446167 1983.716675 0.000000 -0.269961 0.000000 0.962871 0.751189 0.751189 0.751189
2648.147461 0.000000 1980.557129 0.000000 -0.269961 0.000000 0.962871 0.407214 0.407214 0.407214
2648.585693 0.000000 1981.749634 0.000000 0.851089 -0.000000 -0.525021 0.407214 0.407214 0.407214
2572.275146 0.000000 1963.598999 0.000000 0.765432 0.000000 -0.643516 0.651762 0.651762 0.651762
2571.547119 0.000000 1962.100220 0.000000 0.084981 0.000000 -0.996383 0.651762 0.651762 0.651762
2570.698242 0.000000 1960.287598 0.000000 0.765432 0.000000 -0.643516 0.651762 0.651762 0.651762
2569.970215 0.000000 1958.788818 0.000000 0.084981 0.000000 -0.996383 0.651762 0.651762 0.651762
2562.532715 0.000000 1961.601807 0.000000 0.264308 0.000000 -0.964438 0.651762 0.651762 0.651762
2564.700684 0.000000 1959.406616 0.000000 0.999608 0.000000 0.027994 0.651762 0.651762 0.651762
2566.285889 0.000000 1958.567749 0.000000 0.725778 0.000000 -0.687929 0.651762 0.651762 0.651762
2568.080322 0.000000 1957.911621 0.000000 0.264308 0.000000 -0.964438 0.651762 0.651762 0.651762
2644.416016 0.000000 1981.359009 0.000000 0.988516 0.000000 0.151114 0.407214 0.407214 0.407214
2645.490967 0.000000 1981.011353 0.000000 -0.999817 0.000000 0.019138 0.407214 0.407214 0.407214
2646.695068 0.000000 1980.811523 0.000000 0.462152 -0.000000 -0.886801 0.407214 0.407214 0.407214
2648.891357 0.000000 1983.881836 0.000000 -0.999016 0.000000 -0.044355 0.407214 0.407214 0.407214
2649.159912 0.000000 1985.034790 0.000000 0.006957 0.000000 0.999976 0.407214 0.407214 0.407214
2649.598145 0.000000 1986.227295 0.000000 0.437695 0.000000 0.899124 0.407214 0.407214 0.407214
2649.779541 0.000000 1987.289673 0.000000 0.135364 0.000000 -0.990796 0.407214 0.407214 0.407214
2648.038574 0.000000 2011.725708 0.000000 -0.999821 0.000000 0.018923 0.730199 0.730199 0.730199
2648.657227 0.000000 2013.717163 0.000000 0.070193 0.000000 0.997533 0.730199 0.730199 0.730199
2646.328125 0.000000 2006.738037 0.000000 -0.791163 0.000000 -0.611605 0.730199 0.730199 0.730199
2665.931152 0.000000 2000.832397 0.000000 0.072423 0.000000 -0.997374 0.730199 0.730199 0.730199
2665.844238 0.000000 2005.868530 0.000000 -0.999016 0.000000 -0.044355 0.407214 0.407214 0.407214
2666.112793 0.000000 2007.021484 0.000000 0.006957 0.000000 0.999976 0.407214 0.407214 0.407214
2666.551025 0.000000 2008.213989 0.000000 0.437695 0.000000 0.899124 0.407214 0.407214 0.407214
2666.732422 0.000000 2009.276367 0.000000 0.135364 0.000000 -0.990796 0.407214 0.407214 0.407214
2651.654541 0.000000 1984.310059 0.000000 -0.999016 0.000000 -0.044355 0.407214 0.407214 0.407214
2651.923096 0.000000 1985.463013 0.000000 0.006957 0.000000 0.999976 0.407214 0.407214 0.407214
2652.361328 0.000000 1986.655518 0.000000 0.437695 0.000000 0.899124 0.407214 0.407214 0.407214
2652.542725 0.000000 1987.717896 0.000000 0.135364 0.000000 -0.990796 0.407214 0.407214 0.407214
2652.875977 0.000000 1989.598511 0.000000 0.922109 0.000000 0.386929 0.407214 0.407214 0.407214
2653.005371 0.000000 1990.751831 0.000000 0.924110 0.000000 0.382126 0.407214 0.407214 0.407214
793.961426 0.000000 2224.957764 0.000000 0.000000 0.000000 1.000000 0.732813 0.732813 0.732813
"}
object={
	name="Flame"
	render_pass=Map
	clamp_to_water_level=no
	generated_content=no
	layer="AGOT_building_layer"
	entity="env_fire01"
	count=38
	transform="2835.702393 1.359863 2465.980225 0.000000 0.000000 0.000000 1.000000 0.165943 0.165943 0.165943
2837.911377 1.544189 2464.748047 0.000000 0.000000 0.000000 1.000000 0.165943 0.165943 0.165943
2837.962646 1.692627 2462.182617 0.000000 0.000000 0.000000 1.000000 0.165943 0.165943 0.165943
2835.750000 1.644043 2460.920898 0.000000 0.000000 0.000000 1.000000 0.165943 0.165943 0.165943
2833.579590 1.522705 2462.216064 0.000000 0.000000 0.000000 1.000000 0.165943 0.165943 0.165943
2833.565186 1.522705 2464.702393 0.000000 0.000000 0.000000 1.000000 0.165943 0.165943 0.165943
2835.745117 3.607178 2465.115479 0.000000 0.000000 0.000000 1.000000 0.165943 0.165943 0.165943
2600.834473 8.602051 2975.136230 0.000000 0.000000 0.000000 1.000000 0.608150 0.608150 0.608150
2591.769043 3.361816 3018.372803 0.000000 0.000000 0.000000 1.000000 0.165943 0.165943 0.165943
2592.558838 3.254639 3021.079102 0.000000 0.000000 0.000000 1.000000 0.165943 0.165943 0.165943
2595.372070 3.303955 3021.757080 0.000000 0.000000 0.000000 1.000000 0.165943 0.165943 0.165943
2597.234131 3.307861 3019.686768 0.000000 0.000000 0.000000 1.000000 0.165943 0.165943 0.165943
2596.430176 3.436035 3016.993896 0.000000 0.000000 0.000000 1.000000 0.165943 0.165943 0.165943
2593.714600 3.596436 3016.364502 0.000000 0.000000 0.000000 1.000000 0.165943 0.165943 0.165943
2834.279297 3.607178 2464.249512 0.000000 0.000000 0.000000 1.000000 0.165943 0.165943 0.165943
2834.293213 3.607178 2462.634521 0.000000 0.000000 0.000000 1.000000 0.165943 0.165943 0.165943
2594.500977 5.942383 3019.083252 0.000000 0.000000 0.000000 1.000000 0.374579 0.374579 0.374579
2594.502197 5.942383 3019.028564 0.000000 0.000000 0.000000 1.000000 0.374579 0.374579 0.374579
2837.133301 3.607178 2464.276611 0.000000 0.000000 0.000000 1.000000 0.165943 0.165943 0.165943
2837.170898 3.806641 2462.652344 0.000000 0.000000 0.000000 1.000000 0.165943 0.165943 0.165943
2835.744385 3.806641 2461.790527 0.000000 0.000000 0.000000 1.000000 0.165943 0.165943 0.165943
187.929306 8.002686 3628.841553 0.000000 0.000000 0.000000 1.000000 0.247244 0.247244 0.247244
2139.057617 7.649170 3470.419922 0.000000 0.000000 0.000000 1.000000 0.565161 0.565161 0.565161
2448.726074 10.110840 2428.471680 0.000000 0.000000 0.000000 1.000000 0.473896 0.473896 0.473896
2774.553711 6.342773 2473.287354 0.000000 0.000000 0.000000 1.000000 0.334625 0.334625 0.334625
2636.381348 4.712036 2024.458130 0.000000 0.000000 0.000000 1.000000 0.251459 0.251459 0.251459
2628.084473 5.029419 1907.826050 0.000000 0.000000 0.000000 1.000000 0.251459 0.251459 0.251459
2616.895752 3.103027 1953.175781 0.000000 0.000000 0.000000 1.000000 0.411437 0.411437 0.411437
792.123169 2.194336 2225.310303 0.000000 0.000000 0.000000 1.000000 0.088383 0.088383 0.088383
791.089233 2.194336 2225.927490 0.000000 0.000000 0.000000 1.000000 0.088383 0.088383 0.088383
790.089722 2.194336 2225.400391 0.000000 0.000000 0.000000 1.000000 0.088383 0.088383 0.088383
792.073303 2.194336 2224.115723 0.000000 0.000000 0.000000 1.000000 0.088383 0.088383 0.088383
790.998413 2.194336 2223.565186 0.000000 0.000000 0.000000 1.000000 0.088383 0.088383 0.088383
790.034119 2.194336 2224.247803 0.000000 0.000000 0.000000 1.000000 0.088383 0.088383 0.088383
791.118286 2.877686 2224.775879 0.000000 0.000000 0.000000 1.000000 0.167665 0.167665 0.167665
773.759338 19.773193 2204.854248 0.000000 0.000000 0.000000 1.000000 0.542431 0.542431 0.542431
633.728394 5.083252 3087.348389 0.000000 0.000000 0.000000 1.000000 0.414879 0.414879 0.414879
2040.823242 4.494873 3079.496338 0.000000 0.000000 0.000000 1.000000 0.602820 0.602820 0.602820
"}
object={
	name="Geyser"
	render_pass=Map
	clamp_to_water_level=no
	generated_content=no
	layer="building_layer"
	entity="geyser01_entity"
	count=39
	transform="1530.407227 0.000000 5642.903809 0.000000 0.954856 0.000000 -0.297070 0.265363 0.265363 0.265363
1528.371460 0.000000 5642.247559 0.000000 0.954856 0.000000 -0.297070 0.319347 0.319347 0.319347
1529.195068 0.000000 5644.582031 0.000000 0.954856 0.000000 -0.297070 0.319347 0.319347 0.319347
1536.566040 0.000000 5638.793945 0.000000 0.422166 0.000000 -0.906519 0.616943 0.616943 0.616943
1531.155640 0.000000 5638.575684 0.000000 0.884937 0.000000 0.465710 0.616943 0.616943 0.616943
1534.030884 0.000000 5645.635742 0.000000 0.954856 0.000000 -0.297070 0.874987 0.874987 0.874987
866.852173 3.330566 5308.175781 0.000000 -0.999659 0.000000 -0.026117 1.000000 1.000000 1.000000
925.914490 0.000000 5380.975586 0.000000 0.947395 0.000000 0.320068 0.328150 0.328150 0.328150
926.772217 0.000000 5381.479492 0.000000 0.000000 0.000000 1.000000 0.315430 0.315430 0.315430
926.086853 0.000000 5382.329102 0.000000 -0.955661 0.000000 -0.294469 0.461328 0.461328 0.461328
866.915039 0.000000 5312.379395 0.000000 0.000000 0.000000 1.000000 0.400000 0.400000 0.400000
986.781921 0.000000 5501.652832 0.000000 0.640253 0.000000 -0.768164 0.349484 0.349484 0.349484
992.593567 0.000000 5500.098145 0.000000 0.640253 0.000000 -0.768164 0.717969 0.717969 0.717969
978.401062 0.000000 5502.297852 0.000000 0.098933 0.000000 0.995094 0.437056 0.437056 0.437056
984.386230 0.000000 5506.974609 0.000000 0.640253 0.000000 -0.768164 0.717969 0.717969 0.717969
980.343811 0.000000 5498.197754 0.000000 -0.775134 0.000000 0.631797 0.772307 0.772307 0.772307
986.410095 0.000000 5505.063965 0.000000 -0.227223 0.000000 0.973843 0.717969 0.717969 0.717969
1287.310425 0.000000 5920.729980 0.000000 0.000000 0.000000 1.000000 1.000000 1.000000 1.000000
1126.102173 0.000000 5960.644531 0.000000 -0.836225 0.000000 -0.548387 1.016863 1.016863 1.016863
1148.141113 0.000000 5992.297363 0.000000 0.948910 0.000000 -0.315547 0.741406 0.741406 0.741406
1149.180908 0.000000 5996.210449 0.000000 0.708005 0.000000 0.706207 1.635352 1.635352 1.635352
1190.022217 0.000000 5932.554688 0.000000 -0.741392 0.000000 -0.671072 1.000000 1.000000 1.000000
1206.691650 0.000000 5987.553711 0.000000 -0.976214 0.000000 0.216808 0.490771 0.490771 0.490771
1209.381958 0.000000 5989.261719 0.000000 -0.862139 0.000000 -0.506671 0.490771 0.490771 0.490771
1206.904297 0.000000 5990.133301 0.000000 -0.862139 0.000000 -0.506671 1.000000 1.000000 1.000000
1208.808105 0.000000 5987.005859 0.000000 0.169714 0.000000 -0.985493 0.760596 0.760596 0.760596
1181.076904 0.000000 5941.082520 0.000000 0.258049 0.000000 -0.966132 0.776172 0.776172 0.776172
1151.601562 0.000000 5993.060547 0.000000 -0.867256 0.000000 0.497863 1.000000 1.000000 1.000000
1125.051147 0.000000 5957.195312 0.000000 0.196934 -0.000000 -0.980417 1.332227 1.332227 1.332227
1181.463867 0.000000 5938.342285 0.000000 -0.998719 0.000000 0.050610 1.042871 1.042871 1.042871
1256.459717 0.000000 5948.906738 0.000000 -0.473339 0.000000 0.880880 1.758814 1.758814 1.758814
1363.936035 0.000000 4753.392578 -0.000000 0.034650 0.000000 0.999400 0.433925 0.433925 0.433925
1350.428955 0.000000 4759.240234 -0.000000 0.034650 0.000000 0.999400 0.433925 0.433925 0.433925
1363.443481 0.000000 4751.331543 0.000000 -0.977682 0.000000 0.210092 0.805176 0.805176 0.805176
1345.024658 0.000000 4732.813477 0.000000 -0.372252 -0.000000 -0.928132 0.358288 0.358288 0.358288
1346.929077 0.000000 4733.481934 0.000000 -0.901241 0.000000 0.433318 0.548821 0.548821 0.548821
1345.032227 0.000000 4736.150391 0.000000 0.000000 0.000000 1.000000 1.000000 1.000000 1.000000
1346.876221 0.000000 4768.687012 0.000000 -0.516711 0.000000 0.856160 1.000000 1.000000 1.000000
1349.271729 0.000000 4757.832031 0.000000 -0.877205 0.000000 -0.480117 1.000000 1.000000 1.000000
"}
object={
	name="Gulltown Customs Office"
	render_pass=Map
	clamp_to_water_level=no
	generated_content=no
	layer="AGOT_building_layer"
	pdxmesh="building_special_lonely_light"
	count=1
	transform="2139.413086 -0.238525 3470.484131 0.000000 0.689503 0.000000 0.724282 0.315552 0.315552 0.315552
"}
object={
	name="Iranian Bridge"
	render_pass=Map
	clamp_to_water_level=no
	generated_content=no
	layer="AGOT_roads"
	pdxmesh="building_mediterranean_castle_01_mena_mesh"
	count=6
	transform="2782.839844 -6.188232 2455.156982 0.000000 0.081696 0.000000 0.996657 2.032126 2.032126 2.032126
2804.017822 -4.681152 2463.847412 0.000000 0.193534 0.000000 0.981094 1.499228 1.499228 1.499228
2824.559570 -4.681152 2466.298828 0.000000 0.193534 0.000000 0.981094 1.499228 1.499228 1.499228
2822.776367 -4.653076 2467.086670 0.000000 0.193534 0.000000 0.981094 1.499228 1.499228 1.499228
2827.066650 -4.831299 2464.688232 0.000000 -0.556028 0.000000 0.831163 1.693090 1.693090 1.693090
2787.673096 -5.286377 2450.316895 0.000000 -0.076829 0.000000 0.997044 1.693090 1.693090 1.693090
"}
object={
	name="Lannisport_DG"
	render_pass=Map
	clamp_to_water_level=no
	generated_content=no
	layer="AGOT_building_layer"
	pdxmesh="lannisport_dg_mesh"
	count=1
	transform="776.007751 -2.154785 3070.068848 0.000000 -0.020483 0.000000 0.999790 0.532569 0.532569 0.532569
"}
object={
	name="Lannisport_LK"
	render_pass=Map
	clamp_to_water_level=no
	generated_content=no
	layer="AGOT_building_layer"
	pdxmesh="lannisport_lk_mesh"
	count=1
	transform="776.423523 -2.149414 3070.762695 0.000000 0.000000 0.000000 1.000000 0.538115 0.538115 0.538115
"}
object={
	name="Lannisport_LP"
	render_pass=Map
	clamp_to_water_level=no
	generated_content=no
	layer="AGOT_building_layer"
	pdxmesh="lannisport_lp_mesh"
	count=1
	transform="776.413696 -1.785400 3070.895996 0.000000 0.000000 0.000000 1.000000 0.536063 0.536063 0.536063
"}
object={
	name="Leafy Tree"
	render_pass=Map
	clamp_to_water_level=no
	generated_content=no
	layer="tree_high_layer"
	pdxmesh="tree_leaf_01_single_a_mesh"
	count=336
	transform="2879.403076 0.000000 2301.636963 0.000000 0.000000 0.000000 1.000000 1.393774 1.393774 1.393774
2834.437988 0.000000 2483.028809 0.000000 0.000000 0.000000 1.000000 0.780649 0.780649 0.780649
2836.949707 0.000000 2482.854004 0.000000 0.000000 0.000000 1.000000 1.422559 1.422559 1.422559
2838.076904 0.000000 2481.709961 0.000000 0.000000 0.000000 1.000000 1.000000 1.000000 1.000000
2837.829590 0.000000 2480.851807 0.000000 0.000000 0.000000 1.000000 1.000000 1.000000 1.000000
2423.214111 0.000000 2428.327637 0.000000 -0.845333 0.000000 -0.534240 0.578686 0.578686 0.578686
2422.576416 0.000000 2429.722656 0.000000 -0.997300 0.000000 0.073438 0.578686 0.578686 0.578686
2419.900391 0.000000 2426.600586 0.000000 0.471636 0.000000 0.881793 0.578686 0.578686 0.578686
2419.059326 0.000000 2427.983154 0.000000 0.957002 0.000000 0.290080 0.578686 0.578686 0.578686
2405.814209 0.000000 2414.719727 0.000000 0.957002 0.000000 0.290080 0.578686 0.578686 0.578686
2405.499023 0.000000 2411.768066 0.000000 0.957002 0.000000 0.290080 0.578686 0.578686 0.578686
2405.812744 0.000000 2410.753906 0.000000 0.460955 0.000000 -0.887424 0.578686 0.578686 0.578686
2409.912354 0.000000 2414.191162 0.000000 0.345787 0.000000 -0.938313 0.578686 0.578686 0.578686
2410.594482 0.000000 2412.849609 0.000000 0.345787 0.000000 -0.938313 0.578686 0.578686 0.578686
2411.227539 0.000000 2411.651123 0.000000 0.371927 -0.000000 -0.928262 0.578686 0.578686 0.578686
2410.552002 0.000000 2415.291504 0.000000 -0.950725 0.000000 0.310035 0.578686 0.578686 0.578686
2410.551758 0.000000 2416.907471 0.000000 -0.995419 0.000000 0.095607 0.578686 0.578686 0.578686
2401.223633 0.000000 2416.539795 0.000000 -0.069897 0.000000 -0.997554 0.578686 0.578686 0.578686
2400.890625 0.000000 2415.974365 0.000000 0.674830 0.000000 0.737973 0.578686 0.578686 0.578686
2406.772461 0.000000 2420.109619 0.000000 0.760727 0.000000 -0.649071 0.578686 0.578686 0.578686
2403.057617 0.000000 2417.350098 0.000000 0.165910 0.000000 0.986141 0.578686 0.578686 0.578686
2402.369873 0.000000 2416.865967 0.000000 -0.732919 0.000000 -0.680316 0.578686 0.578686 0.578686
2405.657959 0.000000 2418.919678 0.000000 0.910275 0.000000 -0.414003 0.578686 0.578686 0.578686
2407.976318 0.000000 2418.759766 0.000000 0.973849 0.000000 0.227198 0.578686 0.578686 0.578686
2407.337891 0.000000 2422.030518 0.000000 -0.956710 0.000000 0.291042 0.578686 0.578686 0.578686
2407.261230 0.000000 2421.166016 -0.000000 0.662836 0.000000 0.748764 0.578686 0.578686 0.578686
2409.437012 0.000000 2422.254150 0.000000 -0.793894 0.000000 -0.608056 0.578686 0.578686 0.578686
2411.039795 0.000000 2431.694092 0.000000 -0.793894 0.000000 -0.608056 0.578686 0.578686 0.578686
2408.758057 0.000000 2424.039795 0.000000 -0.793894 0.000000 -0.608056 0.578686 0.578686 0.578686
2416.334473 0.000000 2444.928955 0.000000 -0.557249 0.000000 0.830345 0.578686 0.578686 0.578686
2412.954834 0.000000 2441.384521 0.000000 -0.724318 0.000000 -0.689466 0.578686 0.578686 0.578686
2407.612305 0.000000 2425.537354 0.000000 -0.946983 0.000000 -0.321284 0.578686 0.578686 0.578686
2412.222412 0.000000 2427.269287 0.000000 0.022177 0.000000 0.999754 0.578686 0.578686 0.578686
2411.988770 0.000000 2433.483154 0.000000 -0.761745 0.000000 0.647877 0.578686 0.578686 0.578686
2407.024658 0.000000 2430.430664 0.000000 -0.761745 0.000000 0.647877 0.578686 0.578686 0.578686
2417.067871 0.000000 2432.600586 0.000000 0.662940 0.000000 -0.748672 0.578686 0.578686 0.578686
2416.765137 0.000000 2433.218018 0.000000 -0.918118 0.000000 -0.396308 0.578686 0.578686 0.578686
2405.907227 0.000000 2433.069092 0.000000 0.713729 0.000000 -0.700422 0.578686 0.578686 0.578686
2405.517090 0.000000 2433.632568 0.000000 -0.888119 0.000000 -0.459614 0.578686 0.578686 0.578686
2408.031494 0.000000 2431.735107 0.000000 -0.888119 0.000000 -0.459614 0.578686 0.578686 0.578686
2416.874268 0.000000 2431.221924 0.000000 0.528096 0.000000 -0.849184 0.578686 0.578686 0.578686
2416.812744 0.000000 2434.880615 0.000000 0.528096 0.000000 -0.849184 0.578686 0.578686 0.578686
2415.700195 0.000000 2437.219238 0.000000 0.294190 0.000000 0.955747 0.578686 0.578686 0.578686
2416.534424 0.000000 2434.025391 -0.000000 -0.923825 0.000000 0.382815 0.578686 0.578686 0.578686
2415.441406 0.000000 2434.208740 0.000000 -0.224178 0.000000 -0.974548 0.578686 0.578686 0.578686
2414.831055 0.000000 2442.098389 0.000000 0.982002 0.000000 0.188868 0.776536 0.776536 0.776536
2430.118164 0.000000 2432.026367 0.000000 0.448418 0.000000 0.893824 0.578686 0.578686 0.578686
2430.564453 0.000000 2438.888672 0.000000 0.978920 0.000000 -0.204245 0.578686 0.578686 0.578686
2431.776367 0.000000 2440.586426 0.000000 -0.846267 0.000000 0.532758 0.578686 0.578686 0.578686
2430.075439 0.000000 2436.805908 0.000000 -0.846267 0.000000 0.532758 0.578686 0.578686 0.578686
2429.845947 0.000000 2435.447998 -0.000000 -0.006751 0.000000 0.999977 0.578686 0.578686 0.578686
2429.661865 0.000000 2438.930176 0.000000 -0.158290 0.000000 -0.987393 0.578686 0.578686 0.578686
2427.975586 0.000000 2437.117676 0.000000 -0.158290 0.000000 -0.987393 0.578686 0.578686 0.578686
2426.656250 0.000000 2435.547852 0.000000 -0.158290 0.000000 -0.987393 0.578686 0.578686 0.578686
2426.200195 0.000000 2435.559570 0.000000 -0.998277 0.000000 -0.058680 0.578686 0.578686 0.578686
2418.139160 0.000000 2446.740723 0.000000 0.982002 0.000000 0.188868 0.578686 0.578686 0.578686
2417.399414 0.000000 2446.453369 0.000000 -0.475401 0.000000 -0.879769 0.578686 0.578686 0.578686
2417.181885 0.000000 2431.778809 0.000000 -0.822347 0.000000 -0.568986 0.661830 0.661830 0.661830
2411.203613 0.000000 2440.840088 0.000000 -0.081401 0.000000 -0.996681 0.578686 0.578686 0.578686
2416.208496 0.000000 2436.056396 0.000000 -0.474857 0.000000 -0.880063 0.578686 0.578686 0.578686
2405.029785 0.000000 2438.505859 0.000000 0.855954 0.000000 0.517052 0.578686 0.578686 0.578686
2417.654785 0.000000 2435.453613 0.000000 -0.870902 0.000000 -0.491457 0.661830 0.661830 0.661830
2416.277100 0.000000 2434.736084 0.000000 -0.870902 0.000000 -0.491457 0.661830 0.661830 0.661830
2404.573730 0.000000 2436.364014 0.000000 -0.412078 0.000000 -0.911149 0.578686 0.578686 0.578686
2407.973145 0.000000 2440.607910 0.000000 -0.172140 0.000000 -0.985072 0.578686 0.578686 0.578686
2408.824707 0.000000 2439.549561 0.000000 -0.172140 0.000000 -0.985072 0.578686 0.578686 0.578686
2410.873535 0.000000 2435.073486 0.000000 0.000000 0.000000 1.000000 0.578686 0.578686 0.578686
2425.263184 0.000000 2415.600586 0.000000 0.832524 0.000000 0.553989 0.766279 0.766279 0.766279
2424.973633 0.000000 2414.943115 0.000000 0.865732 0.000000 0.500507 0.578686 0.578686 0.578686
2424.833984 0.000000 2410.274658 0.000000 0.987779 0.000000 -0.155862 0.684718 0.684718 0.684718
2424.911865 0.000000 2412.903076 0.000000 0.987779 0.000000 -0.155862 0.578686 0.578686 0.578686
2424.901123 0.000000 2411.825928 0.000000 0.930120 0.000000 -0.367255 0.578686 0.578686 0.578686
2425.352051 0.000000 2416.344971 0.000000 0.930120 0.000000 -0.367255 0.578686 0.578686 0.578686
2422.157227 0.000000 2405.188721 0.000000 -0.163701 0.000000 0.986510 0.657663 0.657663 0.657663
2418.083008 0.000000 2400.909424 0.000000 -0.163701 0.000000 0.986510 0.657663 0.657663 0.657663
2418.803955 0.000000 2401.500977 0.000000 -0.163701 0.000000 0.986510 0.578686 0.578686 0.578686
2421.129150 0.000000 2403.946777 0.000000 -0.159553 0.000000 0.987189 0.578686 0.578686 0.578686
2419.047363 0.000000 2408.114502 0.000000 -0.227795 0.000000 -0.973709 0.657083 0.657083 0.657083
2420.868408 0.000000 2413.359619 0.000000 -0.227795 0.000000 -0.973709 0.578686 0.578686 0.578686
2391.347900 0.000000 2411.199219 0.000000 0.104034 0.000000 -0.994573 0.729476 0.729476 0.729476
2392.037109 0.000000 2410.127197 0.000000 0.104034 0.000000 -0.994573 0.578686 0.578686 0.578686
2398.065186 0.000000 2404.326172 0.000000 0.104034 0.000000 -0.994573 0.578686 0.578686 0.578686
2396.882568 0.000000 2405.216553 0.000000 -0.734994 0.000000 -0.678073 0.578686 0.578686 0.578686
2405.769775 0.000000 2399.634766 0.000000 0.869051 0.000000 -0.494721 0.578686 0.578686 0.578686
2404.156738 0.000000 2400.803223 0.000000 0.081373 0.000000 0.996683 0.578686 0.578686 0.578686
2405.056885 0.000000 2405.265381 0.000000 -0.470587 0.000000 0.882354 0.578686 0.578686 0.578686
2406.085938 0.000000 2406.843506 0.000000 -0.469047 0.000000 0.883173 0.578686 0.578686 0.578686
2403.787842 0.000000 2405.575684 0.000000 0.917510 0.000000 -0.397712 0.578686 0.578686 0.578686
2396.511719 0.000000 2415.944580 0.000000 0.917510 0.000000 -0.397712 0.578686 0.578686 0.578686
2397.634277 0.000000 2414.759521 0.000000 0.917510 0.000000 -0.397712 0.578686 0.578686 0.578686
2397.751709 0.000000 2416.720215 0.000000 0.917510 0.000000 -0.397712 0.578686 0.578686 0.578686
2395.577393 0.000000 2416.285156 -0.000000 -0.786950 0.000000 0.617017 0.578686 0.578686 0.578686
2393.609863 0.000000 2415.573975 -0.000000 -0.786950 0.000000 0.617017 0.578686 0.578686 0.578686
2394.651367 0.000000 2408.248535 -0.000000 -0.786950 0.000000 0.617017 0.578686 0.578686 0.578686
2393.338623 0.000000 2407.015869 -0.000000 -0.786950 0.000000 0.617017 0.578686 0.578686 0.578686
2387.437500 0.000000 2403.190430 -0.000000 -0.786950 0.000000 0.617017 0.578686 0.578686 0.578686
2386.643799 0.000000 2405.234619 0.000000 -0.203398 0.000000 -0.979096 0.578686 0.578686 0.578686
2387.018311 0.000000 2405.909912 0.000000 0.061380 0.000000 0.998114 0.578686 0.578686 0.578686
2385.428711 0.000000 2403.657471 0.000000 -0.950655 0.000000 0.310248 0.578686 0.578686 0.578686
2393.714844 0.000000 2403.601807 0.000000 -0.950655 0.000000 0.310248 0.578686 0.578686 0.578686
2392.712891 0.000000 2403.644531 0.000000 0.476178 0.000000 0.879349 0.578686 0.578686 0.578686
2391.491455 0.000000 2402.776367 0.000000 0.476178 0.000000 0.879349 0.578686 0.578686 0.578686
2405.061035 0.000000 2394.514648 0.000000 0.476178 0.000000 0.879349 0.578686 0.578686 0.578686
2404.671631 0.000000 2398.340332 0.000000 0.913270 0.000000 0.407355 0.578686 0.578686 0.578686
2405.308105 0.000000 2393.497559 0.000000 0.913270 0.000000 0.407355 0.578686 0.578686 0.578686
2405.130859 0.000000 2395.647217 0.000000 0.254552 0.000000 0.967059 0.578686 0.578686 0.578686
2404.602295 0.000000 2392.246338 0.000000 -0.929128 0.000000 0.369757 0.578686 0.578686 0.578686
2406.314941 0.000000 2390.813965 0.000000 -0.989265 0.000000 0.146131 0.578686 0.578686 0.578686
2407.976074 0.000000 2390.708496 0.000000 0.576349 0.000000 0.817204 0.578686 0.578686 0.578686
2409.071777 0.000000 2391.843994 0.000000 -0.560442 0.000000 -0.828193 0.578686 0.578686 0.578686
2418.888428 0.000000 2403.874756 0.000000 0.355242 0.000000 0.934774 0.578686 0.578686 0.578686
2411.731201 0.000000 2401.061279 0.000000 0.355242 0.000000 0.934774 0.578686 0.578686 0.578686
2412.188721 0.000000 2403.695312 0.000000 0.355242 0.000000 0.934774 0.578686 0.578686 0.578686
2412.344971 0.000000 2393.076660 0.000000 0.355242 0.000000 0.934774 0.578686 0.578686 0.578686
2413.202393 0.000000 2394.405029 0.000000 -0.996975 0.000000 0.077722 0.578686 0.578686 0.578686
2414.077393 0.000000 2394.672363 -0.000000 0.004958 0.000000 0.999988 0.578686 0.578686 0.578686
2417.079590 0.000000 2399.815674 0.000000 -0.341083 0.000000 -0.940033 0.578686 0.578686 0.578686
2415.987549 0.000000 2398.600342 0.000000 0.708122 0.000000 -0.706090 0.578686 0.578686 0.578686
2414.395020 0.000000 2396.572510 0.000000 0.708122 0.000000 -0.706090 0.578686 0.578686 0.578686
2414.156494 0.000000 2398.833252 0.000000 0.526283 0.000000 0.850309 0.578686 0.578686 0.578686
2414.210938 0.000000 2405.293213 0.000000 0.526283 0.000000 0.850309 0.578686 0.578686 0.578686
2420.326416 0.000000 2415.315186 0.000000 0.526283 0.000000 0.850309 0.578686 0.578686 0.578686
2420.580566 0.000000 2416.194336 0.000000 -0.969138 0.000000 0.246517 0.578686 0.578686 0.578686
2423.091064 0.000000 2413.444580 0.000000 -0.159553 0.000000 0.987189 0.578686 0.578686 0.578686
2427.196289 0.000000 2419.107178 0.000000 -0.159553 0.000000 0.987189 0.578686 0.578686 0.578686
2433.438477 0.000000 2428.480469 0.000000 0.000000 0.000000 1.000000 0.578686 0.578686 0.578686
2434.133545 0.000000 2426.802002 0.000000 0.000000 0.000000 1.000000 0.578686 0.578686 0.578686
2431.802002 0.000000 2424.686279 0.000000 0.000000 0.000000 1.000000 0.578686 0.578686 0.578686
2409.316162 0.000000 2435.543213 0.000000 0.000000 0.000000 1.000000 0.578686 0.578686 0.578686
2628.638672 0.000000 2987.297607 0.000000 -0.471323 0.000000 -0.881960 1.050139 1.050139 1.050139
2630.066162 0.000000 2985.744385 0.000000 0.923380 0.000000 0.383887 1.331445 1.331445 1.331445
2621.857910 0.000000 2980.141357 0.000000 0.947779 0.000000 0.318930 1.331445 1.331445 1.331445
2623.937744 0.000000 2983.069092 0.000000 0.846358 0.000000 -0.532615 1.331445 1.331445 1.331445
2628.128662 0.000000 2982.991699 0.000000 0.998903 0.000000 -0.046819 1.050139 1.050139 1.050139
2625.274902 0.000000 2984.038330 0.000000 0.762096 0.000000 -0.647464 1.331445 1.331445 1.331445
2637.062012 0.000000 2992.635986 0.000000 -0.683985 0.000000 -0.729496 1.050139 1.050139 1.050139
2637.532471 0.000000 2990.543457 0.000000 0.991356 0.000000 0.131202 1.331445 1.331445 1.331445
2635.812256 0.000000 2993.283203 -0.000000 0.798238 0.000000 0.602342 1.050139 1.050139 1.050139
2636.282715 0.000000 2991.190674 0.000000 0.999940 0.000000 -0.010984 1.331445 1.331445 1.331445
2617.225830 0.000000 3014.423828 0.000000 -0.925000 0.000000 -0.379967 1.050139 1.050139 1.050139
2631.215088 0.000000 3017.727783 0.000000 -0.165446 -0.000000 -0.986219 1.331445 1.331445 1.331445
2617.696289 0.000000 3012.331299 0.000000 -0.531402 0.000000 0.847120 1.331445 1.331445 1.331445
2613.417969 0.000000 3017.165527 0.000000 0.703122 0.000000 -0.711070 1.248686 1.248686 1.248686
2615.487793 0.000000 3016.560791 0.000000 0.313466 0.000000 0.949600 1.583178 1.583178 1.583178
2614.770508 0.000000 3015.259521 0.000000 -0.125277 0.000000 0.992122 0.834917 0.834917 0.834917
2613.367188 0.000000 3016.164795 0.000000 0.899434 0.000000 0.437056 1.058571 1.058571 1.058571
2612.555420 0.000000 3016.531250 0.000000 0.469345 -0.000000 -0.883015 1.069221 1.069221 1.069221
2612.965820 0.000000 3018.483887 0.000000 0.776816 0.000000 -0.629728 1.355639 1.355639 1.355639
2614.091064 0.000000 3017.923828 0.000000 0.345958 -0.000000 -0.938250 0.714920 0.714920 0.714920
2613.543457 0.000000 3016.606934 0.000000 -0.913014 0.000000 -0.407928 0.906430 0.906430 0.906430
2618.480469 0.000000 3022.242676 0.000000 -0.796438 0.000000 0.604720 1.069221 1.069221 1.069221
2564.149658 0.000000 3005.114502 0.000000 0.196681 0.000000 0.980467 1.355639 1.355639 1.355639
2563.114746 0.000000 3004.641113 0.000000 -0.636701 0.000000 0.771111 0.714920 0.714920 0.714920
2618.890869 0.000000 3024.195312 0.000000 -0.042628 0.000000 -0.999091 1.355639 1.355639 1.355639
2564.726318 0.000000 3006.161621 0.000000 0.066774 0.000000 -0.997768 1.050139 1.050139 1.050139
2566.355713 0.000000 3008.900146 0.000000 -0.399623 0.000000 -0.916679 1.331445 1.331445 1.331445
2567.290527 0.000000 3009.419434 0.000000 0.815974 0.000000 0.578089 1.050139 1.050139 1.050139
2565.290283 0.000000 3007.487793 0.000000 -0.751264 0.000000 0.660002 1.331445 1.331445 1.331445
2620.016113 0.000000 3023.635254 0.000000 -0.998989 0.000000 0.044954 0.714920 0.714920 0.714920
2619.468506 0.000000 3022.318359 0.000000 -0.853979 0.000000 0.520307 0.906430 0.906430 0.906430
2615.425537 0.000000 3025.269287 0.000000 -0.883390 0.000000 -0.468639 1.050139 1.050139 1.050139
2614.637939 0.000000 3023.316650 0.000000 0.200921 0.000000 0.979607 1.331445 1.331445 1.331445
2613.728516 0.000000 3023.647949 0.000000 -0.740984 0.000000 -0.671523 1.050139 1.050139 1.050139
2614.364258 0.000000 3025.482178 0.000000 -0.999972 0.000000 0.007492 1.331445 1.331445 1.331445
2627.062012 0.000000 3022.417969 0.000000 0.117308 0.000000 -0.993095 1.050139 1.050139 1.050139
2627.697754 0.000000 3024.252197 0.000000 -0.958793 0.000000 -0.284105 1.331445 1.331445 1.331445
2647.831055 0.000000 2997.783203 0.000000 0.965308 0.000000 0.261114 1.331445 1.331445 1.331445
2642.641113 0.000000 3002.030029 0.000000 0.483031 0.000000 -0.875603 1.331445 1.331445 1.331445
2643.296875 0.000000 3003.831055 0.000000 0.106482 -0.000000 -0.994315 1.331445 1.331445 1.331445
2635.138184 0.000000 3010.260010 0.000000 -0.804550 0.000000 0.593885 1.331445 1.331445 1.331445
2644.750732 0.000000 3007.824707 0.000000 -0.644476 0.000000 -0.764625 1.331445 1.331445 1.331445
2646.274658 0.000000 3008.484375 0.000000 0.000000 0.000000 1.000000 1.331445 1.331445 1.331445
2559.451172 0.000000 3001.903809 0.000000 -0.308279 0.000000 0.951296 1.000000 1.000000 1.000000
2556.002930 0.000000 3003.716309 0.000000 -0.987142 0.000000 -0.159848 1.000000 1.000000 1.000000
3616.376221 0.000000 5350.962402 0.000000 0.378123 0.000000 -0.925755 1.219456 1.219456 1.219456
3616.544922 0.000000 5348.696289 0.000000 -0.157873 0.000000 0.987459 1.219456 1.219456 1.219456
3616.474854 0.000000 5346.604492 0.000000 -0.735703 0.000000 0.677305 1.219456 1.219456 1.219456
3614.532471 0.000000 5351.200684 0.000000 0.681765 0.000000 0.731571 1.219456 1.219456 1.219456
3614.700928 0.000000 5348.934570 0.000000 0.739368 0.000000 -0.673301 1.219456 1.219456 1.219456
3614.631592 0.000000 5346.842773 0.000000 0.396729 0.000000 0.917936 1.219456 1.219456 1.219456
3612.866943 0.000000 5351.186035 0.000000 -0.789834 0.000000 -0.613321 1.219456 1.219456 1.219456
3613.035400 0.000000 5348.920410 0.000000 -0.002089 0.000000 -0.999998 1.219456 1.219456 1.219456
3612.965576 0.000000 5346.828125 0.000000 -0.178476 0.000000 0.983944 1.219456 1.219456 1.219456
3610.871094 0.000000 5351.350098 0.000000 0.959644 0.000000 0.281219 1.219456 1.219456 1.219456
3611.039551 0.000000 5349.083984 0.000000 0.932094 0.000000 -0.362216 1.219456 1.219456 1.219456
3610.970215 0.000000 5346.992188 0.000000 -0.811884 0.000000 -0.583820 1.219456 1.219456 1.219456
3609.027100 0.000000 5351.588867 0.000000 0.556399 0.000000 -0.830915 1.219456 1.219456 1.219456
3609.195801 0.000000 5349.322754 0.000000 -0.865445 0.000000 0.501005 1.219456 1.219456 1.219456
3609.126465 0.000000 5347.230957 0.000000 0.244141 0.000000 0.969740 1.219456 1.219456 1.219456
3607.361572 0.000000 5351.574219 0.000000 0.309385 0.000000 -0.950937 1.219456 1.219456 1.219456
3607.530029 0.000000 5349.308105 0.000000 -0.905148 0.000000 0.425097 1.219456 1.219456 1.219456
3607.460449 0.000000 5347.216309 0.000000 0.148455 0.000000 -0.988919 1.219456 1.219456 1.219456
3616.627930 0.000000 5344.452637 0.000000 0.789492 0.000000 -0.613760 1.219456 1.219456 1.219456
3616.796631 0.000000 5342.186523 0.000000 0.774249 0.000000 -0.632881 1.219456 1.219456 1.219456
3616.726807 0.000000 5340.094238 0.000000 0.963672 0.000000 -0.267088 1.219456 1.219456 1.219456
3614.784424 0.000000 5344.691406 0.000000 0.072364 0.000000 0.997378 1.219456 1.219456 1.219456
3614.952881 0.000000 5342.424805 0.000000 -0.965320 0.000000 -0.261071 1.219456 1.219456 1.219456
3614.883301 0.000000 5340.333008 0.000000 0.191959 0.000000 0.981403 1.219456 1.219456 1.219456
3613.118652 0.000000 5344.676758 0.000000 0.313730 0.000000 0.949512 1.219456 1.219456 1.219456
3613.287354 0.000000 5342.410156 0.000000 -0.854429 0.000000 -0.519568 1.219456 1.219456 1.219456
3613.217529 0.000000 5340.318359 0.000000 0.994948 0.000000 0.100392 1.219456 1.219456 1.219456
3611.123291 0.000000 5344.840820 0.000000 0.339968 0.000000 0.940437 1.219456 1.219456 1.219456
3611.291504 0.000000 5342.574707 0.000000 -0.393144 0.000000 0.919477 1.219456 1.219456 1.219456
3611.221924 0.000000 5340.482422 0.000000 0.020972 0.000000 0.999780 1.219456 1.219456 1.219456
3609.279297 0.000000 5345.079102 0.000000 0.339968 0.000000 0.940437 1.219456 1.219456 1.219456
3609.447754 0.000000 5342.813477 0.000000 -0.393144 0.000000 0.919477 1.219456 1.219456 1.219456
3609.378174 0.000000 5340.721191 0.000000 0.020972 0.000000 0.999780 1.219456 1.219456 1.219456
3607.613525 0.000000 5345.064453 0.000000 -0.171768 0.000000 -0.985137 1.219456 1.219456 1.219456
3607.781982 0.000000 5342.798340 0.000000 -0.995105 0.000000 0.098827 1.219456 1.219456 1.219456
3607.712402 0.000000 5340.706543 0.000000 0.109027 0.000000 -0.994039 1.219456 1.219456 1.219456
3618.176758 0.000000 5319.166504 0.000000 -0.921154 0.000000 0.389199 0.431470 0.431470 0.431470
3616.889404 0.000000 5319.238281 0.000000 -0.746832 0.000000 -0.665012 0.431470 0.431470 0.431470
3615.488281 0.000000 5319.378906 0.000000 0.974095 0.000000 0.226139 0.431470 0.431470 0.431470
3618.212646 0.000000 5320.545898 0.000000 -0.958281 0.000000 0.285829 0.431470 0.431470 0.431470
3616.926514 0.000000 5320.631836 0.000000 0.609866 0.000000 0.792505 0.431470 0.431470 0.431470
3615.541260 0.000000 5320.805664 0.000000 0.209837 0.000000 0.977736 0.431470 0.431470 0.431470
3618.263428 0.000000 5321.995605 0.000000 0.514271 0.000000 -0.857628 0.431470 0.431470 0.431470
3616.958496 0.000000 5322.030273 0.000000 -0.879742 0.000000 -0.475452 0.431470 0.431470 0.431470
3615.580322 0.000000 5322.225586 0.000000 -0.078288 0.000000 -0.996931 0.431470 0.431470 0.431470
3618.281250 0.000000 5323.393555 0.000000 -0.995548 0.000000 -0.094252 0.431470 0.431470 0.431470
3616.958008 0.000000 5323.470215 0.000000 0.957880 0.000000 0.287169 0.431470 0.431470 0.431470
3615.580078 0.000000 5323.672852 0.000000 0.119731 0.000000 -0.992806 0.431470 0.431470 0.431470
3614.173584 0.000000 5319.399902 0.000000 0.361916 0.000000 -0.932211 0.431470 0.431470 0.431470
3612.840820 0.000000 5319.477539 0.000000 0.347344 0.000000 -0.937738 0.431470 0.431470 0.431470
3611.480713 0.000000 5319.582031 0.000000 -0.888546 0.000000 -0.458787 0.431470 0.431470 0.431470
3614.196289 0.000000 5320.742188 0.000000 -0.983912 0.000000 0.178653 0.431470 0.431470 0.431470
3612.868164 0.000000 5320.815430 0.000000 -0.998639 0.000000 0.052158 0.431470 0.431470 0.431470
3611.527588 0.000000 5320.987305 0.000000 -0.564166 0.000000 -0.825662 0.431470 0.431470 0.431470
3614.276123 0.000000 5322.194336 0.000000 -0.152092 0.000000 -0.988366 0.431470 0.431470 0.431470
3612.917969 0.000000 5322.277344 0.000000 -0.362142 0.000000 0.932123 0.431470 0.431470 0.431470
3611.520264 0.000000 5322.406738 0.000000 -0.825243 0.000000 0.564777 0.431470 0.431470 0.431470
3614.242432 0.000000 5323.615234 0.000000 0.877710 0.000000 -0.479192 0.431470 0.431470 0.431470
3612.934570 0.000000 5323.670410 0.000000 0.975309 0.000000 0.220845 0.431470 0.431470 0.431470
3611.533936 0.000000 5323.862305 0.000000 -0.647744 0.000000 0.761858 0.431470 0.431470 0.431470
3618.093994 0.000000 5313.599609 0.000000 -0.050117 0.000000 -0.998743 0.431470 0.431470 0.431470
3616.724609 0.000000 5313.666992 0.000000 -0.698864 0.000000 0.715255 0.431470 0.431470 0.431470
3615.357910 0.000000 5313.783203 0.000000 -0.999685 0.000000 -0.025105 0.431470 0.431470 0.431470
3618.108887 0.000000 5314.987305 0.000000 -0.328097 0.000000 0.944644 0.431470 0.431470 0.431470
3616.804443 0.000000 5315.028809 0.000000 0.701468 0.000000 0.712701 0.431470 0.431470 0.431470
3615.427002 0.000000 5315.189453 0.000000 0.571610 0.000000 0.820525 0.431470 0.431470 0.431470
3618.132812 0.000000 5316.379883 0.000000 -0.819897 0.000000 0.572511 0.431470 0.431470 0.431470
3616.813965 0.000000 5316.478516 0.000000 -0.429115 0.000000 0.903250 0.431470 0.431470 0.431470
3615.419922 0.000000 5316.606445 0.000000 0.855840 0.000000 -0.517240 0.431470 0.431470 0.431470
3618.192871 0.000000 5317.816406 0.000000 0.609569 0.000000 0.792733 0.431470 0.431470 0.431470
3616.810059 0.000000 5317.907227 0.000000 0.744034 0.000000 -0.668142 0.431470 0.431470 0.431470
3615.458252 0.000000 5318.024902 0.000000 -0.958435 0.000000 -0.285312 0.431470 0.431470 0.431470
3614.084229 0.000000 5313.767578 0.000000 -0.704815 0.000000 -0.709391 0.431470 0.431470 0.431470
3612.749512 0.000000 5313.869141 0.000000 0.284297 0.000000 0.958736 0.431470 0.431470 0.431470
3611.326416 0.000000 5314.021484 0.000000 -0.663499 0.000000 0.748177 0.431470 0.431470 0.431470
3614.069336 0.000000 5315.166992 0.000000 -0.801194 0.000000 0.598404 0.431470 0.431470 0.431470
3612.763916 0.000000 5315.214844 0.000000 -0.962483 0.000000 -0.271341 0.431470 0.431470 0.431470
3611.386230 0.000000 5315.367188 0.000000 0.952107 0.000000 0.305764 0.431470 0.431470 0.431470
3614.164062 0.000000 5316.582520 0.000000 0.465354 0.000000 0.885125 0.431470 0.431470 0.431470
3612.825439 0.000000 5316.640137 0.000000 -0.778830 0.000000 -0.627235 0.431470 0.431470 0.431470
3611.416992 0.000000 5316.832031 0.000000 0.384694 0.000000 -0.923044 0.431470 0.431470 0.431470
3614.172852 0.000000 5318.027832 0.000000 -0.427989 0.000000 -0.903784 0.431470 0.431470 0.431470
3612.802979 0.000000 5318.076172 0.000000 0.999976 0.000000 -0.006881 0.431470 0.431470 0.431470
3611.436768 0.000000 5318.225586 0.000000 -0.966326 0.000000 -0.257320 0.431470 0.431470 0.431470
811.578308 0.000000 2244.405273 0.000000 -0.648468 0.000000 -0.761242 1.000000 1.000000 1.000000
813.082825 0.000000 2243.524658 0.000000 -0.908409 0.000000 0.418083 1.000000 1.000000 1.000000
820.825073 0.000000 2231.289062 0.000000 -0.978278 0.000000 0.207298 1.000000 1.000000 1.000000
819.699890 0.000000 2233.382080 0.000000 0.986458 0.000000 -0.164014 1.000000 1.000000 1.000000
817.623230 0.000000 2239.522461 0.000000 0.794172 0.000000 0.607693 1.000000 1.000000 1.000000
816.498047 0.000000 2241.615479 0.000000 0.323216 0.000000 -0.946325 1.000000 1.000000 1.000000
816.326782 0.000000 2246.321777 0.000000 -0.683323 0.000000 0.730116 1.000000 1.000000 1.000000
815.201599 0.000000 2248.414795 0.000000 -0.878291 0.000000 0.478125 1.000000 1.000000 1.000000
824.318848 0.000000 2231.069092 0.000000 0.421910 0.000000 0.906638 1.000000 1.000000 1.000000
823.193665 0.000000 2233.162109 0.000000 0.999835 0.000000 -0.018160 1.000000 1.000000 1.000000
821.267334 0.000000 2237.395752 0.000000 0.272883 0.000000 0.962047 1.000000 1.000000 1.000000
820.142151 0.000000 2239.488770 0.000000 0.557367 0.000000 0.830266 1.000000 1.000000 1.000000
812.396851 0.000000 2249.491699 0.000000 0.319118 0.000000 0.947715 1.000000 1.000000 1.000000
800.277954 0.000000 2255.193604 0.000000 0.319118 0.000000 0.947715 1.000000 1.000000 1.000000
802.399353 0.000000 2256.986084 0.000000 -0.996779 0.000000 0.080201 1.000000 1.000000 1.000000
795.899048 0.000000 2257.773438 0.000000 0.970465 0.000000 -0.241243 1.000000 1.000000 1.000000
799.679199 0.000000 2257.537354 0.000000 0.000000 0.000000 1.000000 1.000000 1.000000 1.000000
775.982727 0.000000 2236.615723 0.000000 -0.279404 0.000000 -0.960174 1.000000 1.000000 1.000000
772.014465 0.000000 2235.902588 0.000000 -0.979532 0.000000 -0.201286 1.000000 1.000000 1.000000
769.945679 0.000000 2239.608643 0.000000 0.151642 0.000000 0.988436 1.000000 1.000000 1.000000
771.859802 0.000000 2241.976562 0.000000 0.579766 0.000000 0.814783 1.000000 1.000000 1.000000
776.874634 0.000000 2240.349365 0.000000 0.000000 0.000000 1.000000 1.000000 1.000000 1.000000
773.859375 0.000000 2242.713135 0.000000 0.000000 0.000000 1.000000 1.000000 1.000000 1.000000
791.652405 0.000000 2252.578125 0.000000 -0.423694 0.000000 -0.905806 1.000000 1.000000 1.000000
794.880798 0.000000 2251.329346 0.000000 -0.186456 -0.000000 -0.982463 1.000000 1.000000 1.000000
785.236084 0.000000 2249.241455 0.000000 -0.938762 0.000000 0.344565 1.000000 1.000000 1.000000
786.910950 0.000000 2251.640625 0.000000 -0.999533 0.000000 -0.030567 1.000000 1.000000 1.000000
776.083191 0.000000 2218.683105 0.000000 0.870279 0.000000 -0.492559 1.000000 1.000000 1.000000
783.395203 0.000000 2223.683105 0.000000 0.870279 0.000000 -0.492559 1.000000 1.000000 1.000000
772.932861 0.000000 2217.243408 0.000000 0.870279 0.000000 -0.492559 1.000000 1.000000 1.000000
789.560730 0.000000 2254.107422 0.000000 0.870279 0.000000 -0.492559 1.000000 1.000000 1.000000
790.535828 0.000000 2256.726074 0.000000 0.000000 0.000000 1.000000 1.000000 1.000000 1.000000
807.525391 0.000000 2237.341797 0.000000 -0.560853 0.000000 0.827915 1.259595 1.259595 1.259595
810.088867 0.000000 2229.879150 0.000000 -0.560853 0.000000 0.827915 1.259595 1.259595 1.259595
795.883972 0.000000 2230.519775 0.000000 0.000000 0.000000 1.000000 1.000000 1.000000 1.000000
801.503540 0.000000 2223.554199 0.000000 0.000000 0.000000 1.000000 1.000000 1.000000 1.000000
810.980408 0.000000 2235.204102 0.000000 0.000000 0.000000 1.000000 1.000000 1.000000 1.000000
806.334778 0.000000 2228.824219 0.000000 0.000000 0.000000 1.000000 1.000000 1.000000 1.000000
808.688599 0.000000 2233.661621 0.000000 0.000000 0.000000 1.000000 1.000000 1.000000 1.000000
803.139160 0.000000 2207.843750 0.000000 -0.606288 0.000000 -0.795245 1.149032 1.149032 1.149032
796.638245 0.000000 2206.315674 0.000000 -0.606288 0.000000 -0.795245 0.956437 0.956437 0.956437
800.177429 0.000000 2208.113770 0.000000 -0.606288 0.000000 -0.795245 0.956437 0.956437 0.956437
802.471008 0.000000 2213.185303 -0.000000 -0.320611 0.000000 0.947211 0.956437 0.956437 0.956437
813.484009 0.000000 2214.182861 -0.000000 -0.320611 0.000000 0.947211 0.956437 0.956437 0.956437
815.660645 0.000000 2213.058838 -0.000000 -0.320611 0.000000 0.947211 1.195947 1.195947 1.195947
817.126770 0.000000 2214.552734 0.000000 -0.372037 0.000000 -0.928218 1.195947 1.195947 1.195947
813.088684 0.000000 2219.487549 0.000000 -0.372037 0.000000 -0.928218 1.000000 1.000000 1.000000
817.025208 0.000000 2223.467529 0.000000 -0.947034 0.000000 -0.321133 1.000000 1.000000 1.000000
824.323181 0.000000 2225.596191 0.000000 0.475459 0.000000 -0.879738 1.000000 1.000000 1.000000
780.840515 0.000000 2244.616211 0.000000 0.651101 0.000000 -0.758991 1.000000 1.000000 1.000000
779.583069 0.000000 2259.000977 0.000000 0.996645 0.000000 -0.081849 1.000000 1.000000 1.000000
779.825256 0.000000 2246.842285 0.000000 -0.341256 -0.000000 -0.939970 1.000000 1.000000 1.000000
775.041138 0.000000 2255.117188 0.000000 -0.916084 0.000000 0.400986 1.000000 1.000000 1.000000
776.865173 0.000000 2248.495117 0.000000 0.000000 0.000000 1.000000 1.000000 1.000000 1.000000
800.903015 0.000000 2234.986816 -0.000000 -0.919424 0.000000 0.393267 1.000000 1.000000 1.000000
794.991333 0.000000 2233.572266 0.000000 0.666090 0.000000 0.745872 1.000000 1.000000 1.000000
800.739197 0.000000 2237.343994 0.000000 0.666090 0.000000 0.745872 1.000000 1.000000 1.000000
796.085571 0.000000 2238.147949 0.000000 0.000000 0.000000 1.000000 1.000000 1.000000 1.000000
804.122681 0.000000 2222.875977 0.000000 -0.496932 0.000000 0.867789 1.226001 1.226001 1.226001
799.716492 0.000000 2224.611084 0.000000 0.000000 0.000000 1.000000 1.000000 1.000000 1.000000
789.125122 0.000000 2216.592041 0.000000 0.672523 0.000000 -0.740076 1.000000 1.000000 1.000000
795.267822 0.000000 2217.353027 0.000000 0.894477 0.000000 0.447114 1.000000 1.000000 1.000000
787.756897 0.000000 2218.761719 0.000000 0.410569 -0.000000 -0.911830 1.000000 1.000000 1.000000
789.051819 0.000000 2220.036865 0.000000 -0.780463 0.000000 0.625202 1.000000 1.000000 1.000000
794.428284 0.000000 2218.809570 0.000000 0.000000 0.000000 1.000000 1.000000 1.000000 1.000000
808.175049 0.000000 2208.442871 0.000000 -0.086573 0.000000 -0.996246 1.000000 1.000000 1.000000
810.582397 0.000000 2213.789551 0.000000 0.033807 0.000000 -0.999428 1.000000 1.000000 1.000000
812.224609 0.000000 2209.851562 0.000000 0.000000 0.000000 1.000000 1.000000 1.000000 1.000000
784.748352 0.000000 2227.971436 0.000000 0.000000 0.000000 1.000000 1.000000 1.000000 1.000000
790.465393 0.000000 2228.162354 0.000000 0.000000 0.000000 1.000000 1.000000 1.000000 1.000000
767.604126 0.000000 2221.235840 0.000000 0.000000 0.000000 1.000000 1.000000 1.000000 1.000000
771.418030 0.000000 2219.745117 0.000000 0.000000 0.000000 1.000000 1.000000 1.000000 1.000000
1670.246704 0.000000 2970.183105 0.000000 -0.762699 0.000000 0.646753 1.000000 1.000000 1.000000
1673.934937 0.000000 2971.101318 0.000000 -0.762699 0.000000 0.646753 1.000000 1.000000 1.000000
1676.518555 0.000000 2969.225830 0.000000 -0.716655 0.000000 0.697427 1.000000 1.000000 1.000000
1676.336914 0.000000 2966.238037 0.000000 0.007163 0.000000 -0.999974 1.000000 1.000000 1.000000
1673.907959 0.000000 2964.181152 0.000000 0.980302 0.000000 -0.197507 1.000000 1.000000 1.000000
1670.525269 0.000000 2964.689453 0.000000 0.000000 0.000000 1.000000 1.000000 1.000000 1.000000
"}
object={
	name="Lion Statue"
	render_pass=Map
	clamp_to_water_level=no
	generated_content=no
	layer="AGOT_building_layer"
	pdxmesh="lionstatue_mesh"
	count=2
	transform="810.400330 0.000000 3096.334473 0.000000 -0.106510 0.000000 0.994312 0.484204 0.484204 0.484204
808.021851 0.000000 3095.825195 0.000000 -0.106510 0.000000 0.994312 0.484204 0.484204 0.484204
"}
object={
	name="Minor Road_15"
	render_pass=Map
	clamp_to_water_level=no
	generated_content=no
	layer="AGOT_roads"
	pdxmesh="15_short_mesh"
	count=399
	transform="2011.152466 0.000000 3640.943115 0.000000 -0.928342 0.000000 0.371728 1.000000 1.000000 1.000000
1981.587646 0.000000 3603.546387 0.000000 0.517868 0.000000 0.855460 1.000000 1.000000 1.000000
1994.209229 0.000000 3613.486328 0.000000 0.351418 0.000000 0.936219 1.000000 1.000000 1.000000
1966.967407 0.000000 3563.891602 0.000000 0.878479 0.000000 -0.477782 1.000000 1.000000 1.000000
2072.343994 0.000000 3526.886230 0.000000 -0.690646 0.000000 -0.723193 1.000732 1.000732 1.000732
2113.787109 0.000000 3518.110352 0.000000 0.999266 0.000000 0.038286 1.000000 1.000000 1.000000
2035.379517 0.000000 3574.597900 0.000000 -0.526463 0.000000 -0.850198 1.000000 1.000000 1.000000
2035.432373 0.000000 3574.677002 0.000000 -0.878228 0.000000 0.478243 1.000000 1.000000 1.000000
2062.980957 0.000000 3588.410400 0.000000 -0.728349 0.000000 -0.685207 1.000000 1.000000 1.000000
2039.059692 0.000000 3673.597412 0.000000 -0.250803 0.000000 0.968038 1.000000 1.000000 1.000000
2175.631836 0.000000 3552.975830 0.000000 -0.993344 0.000000 0.115187 1.000000 1.000000 1.000000
1978.143433 0.000000 3719.968994 0.000000 -0.737092 0.000000 -0.675793 1.000000 1.000000 1.000000
1967.755249 0.000000 3714.416992 0.000000 0.819680 0.000000 -0.572822 1.000000 1.000000 1.000000
1931.215088 0.000000 3695.335938 0.000000 0.761370 0.000000 -0.648317 1.000000 1.000000 1.000000
1840.271973 0.000000 3568.470947 0.000000 -0.044190 0.000000 0.999023 0.965942 0.965942 0.965942
1789.237183 0.000000 3639.018555 0.000000 0.978734 0.000000 0.205133 1.000000 1.000000 1.000000
1798.261108 0.000000 3625.803955 0.000000 0.919585 0.000000 0.392891 1.000000 1.000000 1.000000
1825.141724 0.000000 3608.140625 0.000000 -0.388780 0.000000 0.921331 1.000000 1.000000 1.000000
1680.832153 0.000000 3992.583008 0.000000 0.631281 0.000000 -0.775554 1.000000 1.000000 1.000000
1355.957520 0.000000 3749.749268 0.000000 0.537851 0.000000 0.843040 1.000000 1.000000 1.000000
1270.307983 0.000000 3697.747803 0.000000 -0.618043 0.000000 -0.786144 1.000000 1.000000 1.000000
1297.343994 0.000000 3714.545898 0.000000 -0.859739 0.000000 0.510733 1.000000 1.000000 1.000000
1258.433472 0.000000 3671.714600 0.000000 -0.979520 0.000000 -0.201347 1.000000 1.000000 1.000000
1262.265015 0.000000 3627.117188 0.000000 0.143727 0.000000 0.989617 1.005381 1.005381 1.005381
1285.117310 0.000000 3574.132568 0.000000 -0.765480 0.000000 -0.643460 1.000000 1.000000 1.000000
1642.117798 0.000000 3864.974854 0.000000 0.247123 0.000000 0.968985 1.000000 1.000000 1.000000
1674.831543 0.000000 3878.649658 0.000000 -0.750745 0.000000 -0.660593 1.000000 1.000000 1.000000
1660.166748 0.000000 3885.161377 0.000000 -0.885914 0.000000 -0.463849 1.000000 1.000000 1.000000
1730.343140 0.000000 3902.783447 0.000000 -0.701193 0.000000 0.712972 1.000000 1.000000 1.000000
1769.730957 0.000000 3898.293457 0.000000 -0.621367 0.000000 0.783520 1.000000 1.000000 1.000000
1849.343750 0.000000 3932.268311 0.000000 -0.646314 0.000000 0.763072 1.000000 1.000000 1.000000
1825.950439 0.000000 3908.530029 0.000000 -0.919263 0.000000 -0.393643 1.000000 1.000000 1.000000
2060.914795 0.000000 2837.314941 0.000000 0.985989 0.000000 0.166814 1.000000 1.000000 1.000000
2087.165283 0.000000 2122.255859 0.000000 0.999981 0.000000 -0.006108 1.000000 1.000000 1.000000
2095.095947 0.000000 2091.207520 0.000000 -0.069037 0.000000 0.997614 1.000000 1.000000 1.000000
2107.281250 0.000000 2070.661133 0.000000 -0.999954 0.000000 -0.009648 1.000000 1.000000 1.000000
2094.870605 0.000000 2003.630981 0.000000 -0.818521 0.000000 0.574477 1.000000 1.000000 1.000000
1953.338989 0.000000 1915.027588 0.000000 -0.739048 0.000000 -0.673653 1.000000 1.000000 1.000000
1953.396973 0.000000 1914.971680 0.000000 0.718276 0.000000 -0.695758 1.000000 1.000000 1.000000
1922.064209 0.000000 1907.750244 0.000000 0.689481 0.000000 0.724303 1.000000 1.000000 1.000000
1906.452148 0.000000 1911.220337 0.000000 0.835115 0.000000 0.550075 1.000000 1.000000 1.000000
1849.933594 0.000000 1931.271240 0.000000 0.908480 0.000000 0.417928 1.000000 1.000000 1.000000
1850.022949 0.000000 1931.228271 0.000000 -0.474020 0.000000 0.880514 1.000000 1.000000 1.000000
1631.475342 0.000000 5251.813477 0.000000 -0.999432 0.000000 0.033696 1.000000 1.000000 1.000000
1634.107300 0.000000 5219.776367 0.000000 0.070346 0.000000 0.997522 1.000000 1.000000 1.000000
1647.846924 0.000000 5163.979492 0.000000 -0.195570 0.000000 0.980690 1.000000 1.000000 1.000000
1650.810059 0.000000 5148.241699 0.000000 0.000000 0.000000 1.000000 1.000000 1.000000 1.000000
1647.094116 0.000000 5132.619141 0.000000 0.209138 0.000000 0.977886 1.000000 1.000000 1.000000
1647.114868 0.000000 5132.759766 0.000000 0.987634 0.000000 -0.156780 1.000000 1.000000 1.000000
1645.019165 0.000000 5116.843262 0.000000 -0.994397 0.000000 -0.105718 0.948926 0.948926 0.948926
1648.746094 0.000000 5079.505371 0.000000 -0.992928 0.000000 0.118718 1.000000 1.000000 1.000000
1646.465942 0.000000 5047.354980 0.000000 0.139331 0.000000 0.990246 1.000000 1.000000 1.000000
1672.430664 0.000000 5034.408203 0.000000 -0.555051 0.000000 0.831816 1.000000 1.000000 1.000000
1672.260376 0.000000 5034.454102 0.000000 0.854299 0.000000 0.519782 1.007519 1.007519 1.007519
1703.620605 0.000000 5026.815430 0.000000 -0.563299 0.000000 0.826253 1.000000 1.000000 1.000000
1737.411743 0.000000 5015.616699 0.000000 -0.537877 0.000000 0.843023 1.000000 1.000000 1.000000
1749.869141 0.000000 5005.430664 0.000000 -0.342689 0.000000 0.939449 1.000000 1.000000 1.000000
1753.607056 0.000000 4991.685547 0.000000 -0.959453 0.000000 -0.281868 1.000000 1.000000 1.000000
1767.619629 0.000000 4977.237305 0.000000 0.935995 0.000000 0.352014 1.000000 1.000000 1.000000
1636.093018 0.000000 4979.710449 0.000000 -0.273625 0.000000 0.961837 1.000000 1.000000 1.000000
1636.024048 0.000000 4979.764648 0.000000 0.958704 0.000000 0.284406 1.000000 1.000000 1.000000
1690.572021 0.000000 4952.431152 0.000000 0.931100 0.000000 0.364763 1.000000 1.000000 1.000000
1717.254639 0.000000 4934.621094 0.000000 -0.411100 0.000000 0.911590 1.000000 1.000000 1.000000
1620.196411 0.000000 5001.694824 0.000000 -0.656570 0.000000 0.754265 1.000000 1.000000 1.000000
1566.134644 0.000000 4938.270020 0.000000 0.315703 0.000000 0.948858 1.010059 1.010059 1.010059
1566.177002 0.000000 4938.433105 0.000000 -0.947312 0.000000 0.320314 1.000000 1.000000 1.000000
1544.663696 0.000000 4904.626465 0.000000 0.887621 0.000000 -0.460574 1.000000 1.000000 1.000000
1516.127319 0.000000 4873.289551 0.000000 0.459121 0.000000 0.888374 1.000000 1.000000 1.000000
1516.213379 0.000000 4873.343750 0.000000 0.871909 0.000000 -0.489667 1.000000 1.000000 1.000000
1431.466919 0.000000 4811.501465 0.000000 0.896041 0.000000 -0.443972 1.000000 1.000000 1.000000
1410.467896 0.000000 4787.080078 0.000000 0.423925 0.000000 0.905697 1.000000 1.000000 1.000000
1401.643555 0.000000 4756.873047 0.000000 0.171556 0.000000 0.985174 1.000000 1.000000 1.000000
1401.699463 0.000000 4756.946777 0.000000 0.982478 0.000000 -0.186378 1.000000 1.000000 1.000000
1398.668335 0.000000 4741.130859 0.000000 -0.999182 0.000000 -0.040444 1.000000 1.000000 1.000000
1392.168335 0.000000 4697.619629 0.000000 0.426356 0.000000 0.904556 1.000000 1.000000 1.000000
1410.573853 0.000000 4720.788086 0.000000 0.764523 0.000000 0.644597 1.000000 1.000000 1.000000
1472.106567 0.000000 4721.991211 0.000000 0.560282 0.000000 0.828302 1.000000 1.000000 1.000000
1499.859497 0.000000 4738.441895 0.000000 -0.809248 0.000000 0.587467 1.006641 1.006641 1.006641
1526.114258 0.000000 4723.836914 0.000000 0.275864 0.000000 -0.961197 1.000000 1.000000 1.000000
1546.389282 0.000000 4715.083496 0.000000 0.771616 0.000000 0.636088 1.000000 1.000000 1.000000
1578.507812 0.000000 4713.133789 0.000000 -0.591538 0.000000 0.806277 1.000000 1.000000 1.000000
1629.218140 0.000000 4720.361328 0.000000 -0.812427 0.000000 0.583062 1.000000 1.000000 1.000000
1695.984741 0.000000 4737.631836 0.000000 0.755789 0.000000 0.654816 1.000000 1.000000 1.000000
1750.559082 0.000000 4756.677734 0.000000 0.601982 0.000000 0.798510 1.000000 1.000000 1.000000
1764.958984 0.000000 4763.933594 0.000000 0.395182 0.000000 0.918603 1.000000 1.000000 1.000000
1774.396729 0.000000 4776.966309 0.000000 0.226963 0.000000 0.973903 1.000000 1.000000 1.000000
1804.727417 0.000000 4814.816406 0.000000 0.689260 0.000000 0.724514 1.000000 1.000000 1.000000
1836.868164 0.000000 4819.652832 0.000000 -0.662432 0.000000 0.749123 1.025486 1.025486 1.025486
1874.609131 0.000000 4832.268066 0.000000 -0.763784 0.000000 0.645472 1.000000 1.000000 1.000000
1928.851685 0.000000 4870.832031 0.000000 -0.744339 0.000000 -0.667802 1.000000 1.000000 1.000000
1975.445435 0.000000 4873.757812 0.000000 0.650836 0.000000 -0.759218 1.000000 1.000000 1.000000
1975.390625 0.000000 4873.761230 0.000000 -0.745774 0.000000 -0.666199 1.000000 1.000000 1.000000
2007.567261 0.000000 4876.676758 0.000000 -0.677632 0.000000 0.735402 1.017090 1.017090 1.017090
2007.455688 0.000000 4876.660156 0.000000 0.724569 0.000000 0.689202 1.000000 1.000000 1.000000
2039.411499 0.000000 4881.012695 0.000000 -0.687345 0.000000 0.726331 1.000000 1.000000 1.000000
1407.212402 0.000000 4549.991211 0.000000 -0.467801 0.000000 0.883834 1.000000 1.000000 1.000000
1431.099243 0.000000 4550.667969 0.000000 0.786782 0.000000 0.617230 1.000000 1.000000 1.000000
1483.130737 0.000000 4556.023438 0.000000 0.671425 0.000000 0.741073 1.000000 1.000000 1.000000
1518.911987 0.000000 4554.778320 0.000000 -0.482890 0.000000 0.875681 1.003125 1.003125 1.003125
1556.497314 0.000000 4552.325195 0.000000 -0.794345 0.000000 -0.607466 1.000000 1.000000 1.000000
1588.487915 0.000000 4549.979004 0.000000 -0.611479 0.000000 0.791261 1.000000 1.000000 1.000000
1430.356201 0.000000 4475.384766 0.000000 -0.600946 0.000000 0.799290 1.000000 1.000000 1.000000
1442.711182 0.000000 4483.684082 0.000000 -0.743370 0.000000 -0.668880 1.000000 1.000000 1.000000
1474.493530 0.000000 4488.541504 0.000000 -0.718569 0.000000 0.695456 1.000000 1.000000 1.000000
1489.843872 0.000000 4482.667480 0.000000 -0.918981 0.000000 -0.394302 1.000000 1.000000 1.000000
1507.491089 0.000000 4464.583496 0.000000 -0.999618 0.000000 0.027641 1.000000 1.000000 1.000000
1509.087402 0.000000 4432.545898 0.000000 0.110128 0.000000 0.993917 1.000000 1.000000 1.000000
1509.074951 0.000000 4432.586914 0.000000 0.986767 0.000000 -0.162143 1.000000 1.000000 1.000000
1524.600708 0.000000 4390.958008 0.000000 -0.297505 0.000000 0.954720 1.000000 1.000000 1.000000
1524.545776 0.000000 4391.023926 0.000000 -0.971386 0.000000 -0.237505 1.000000 1.000000 1.000000
1585.548340 0.000000 4277.527832 0.000000 0.999228 0.000000 0.039292 1.000000 1.000000 1.000000
1621.939941 0.000000 4227.688965 0.000000 0.165841 0.000000 0.986153 1.000000 1.000000 1.000000
1623.546265 0.000000 4196.105957 0.000000 0.073588 0.000000 0.997289 1.000000 1.000000 1.000000
1367.076172 0.000000 4505.602051 0.000000 -0.217158 0.000000 0.976136 1.000000 1.000000 1.000000
1348.191162 0.000000 4531.706543 0.000000 0.975785 0.000000 0.218733 1.000000 1.000000 1.000000
1317.589600 0.000000 4529.467773 0.000000 0.654231 0.000000 0.756295 1.000000 1.000000 1.000000
1317.704468 0.000000 4529.469238 0.000000 0.717745 0.000000 -0.696306 1.000000 1.000000 1.000000
1253.235229 0.000000 4534.925781 0.000000 0.845153 0.000000 0.534525 1.000000 1.000000 1.000000
1384.828613 0.000000 4397.300293 0.000000 -0.698795 0.000000 0.715322 1.000000 1.000000 1.000000
1352.965088 0.000000 4393.145996 0.000000 0.738015 0.000000 0.674784 1.000000 1.000000 1.000000
1322.599976 0.000000 4386.397949 0.000000 -0.561104 0.000000 0.827746 1.000000 1.000000 1.000000
1238.131104 0.000000 4391.824707 0.000000 0.629878 0.000000 0.776694 1.000000 1.000000 1.000000
1213.592529 0.000000 4371.702637 0.000000 -0.500978 0.000000 -0.865460 1.000000 1.000000 1.000000
1213.690918 0.000000 4371.796387 0.000000 0.852792 0.000000 -0.522251 1.000000 1.000000 1.000000
1158.155884 0.000000 4341.615723 0.000000 0.557296 0.000000 0.830314 1.000000 1.000000 1.000000
1106.268555 0.000000 4308.226074 0.000000 0.471129 0.000000 0.882064 1.000000 1.000000 1.000000
1091.938354 0.000000 4301.038574 0.000000 0.601689 0.000000 0.798730 1.000000 1.000000 1.000000
1027.932861 0.000000 4355.132324 0.000000 -0.636831 0.000000 0.771003 1.000000 1.000000 1.000000
1003.384216 0.000000 4356.506348 0.000000 0.663801 0.000000 -0.747909 1.000000 1.000000 1.000000
941.996277 0.000000 4367.998535 0.000000 -0.412824 0.000000 0.910811 1.000000 1.000000 1.000000
912.719116 0.000000 4374.060547 0.000000 -0.891653 0.000000 0.452720 1.000000 1.000000 1.000000
859.523132 0.000000 3604.324463 0.000000 0.976173 0.000000 -0.216992 1.000000 1.000000 1.000000
866.373352 0.000000 3608.920166 0.000000 0.695075 0.000000 0.718937 1.000000 1.000000 1.000000
904.648621 0.000000 3626.942627 0.000000 0.892080 0.000000 -0.451878 1.000000 1.000000 1.000000
925.985229 0.000000 3617.914551 0.000000 0.370848 0.000000 -0.928693 1.000000 1.000000 1.000000
1587.618896 0.000000 5227.161621 0.000000 0.542538 0.000000 0.840031 1.000000 1.000000 1.000000
1587.706177 0.000000 5227.197754 0.000000 -0.799311 0.000000 0.600918 1.000000 1.000000 1.000000
1558.320679 0.000000 5215.303223 0.000000 -0.711893 0.000000 0.702288 1.000000 1.000000 1.000000
1537.370605 0.000000 5211.042480 0.000000 -0.701813 0.000000 0.712362 1.000000 1.000000 1.000000
1492.478516 0.000000 5203.141602 0.000000 0.660830 0.000000 0.750536 1.000000 1.000000 1.000000
1473.297607 0.000000 5194.037598 0.000000 0.625126 0.000000 0.780524 1.000000 1.000000 1.000000
1457.238159 0.000000 5193.440430 0.000000 0.758321 0.000000 0.651882 1.000000 1.000000 1.000000
1457.386353 0.000000 5193.443848 0.000000 -0.598027 0.000000 0.801476 1.000000 1.000000 1.000000
2124.012207 0.000000 3483.433838 0.000000 -0.049053 0.000000 0.998796 1.000000 1.000000 1.000000
1575.332886 0.000000 4325.657715 0.000000 -0.989814 0.000000 0.142363 1.000000 1.000000 1.000000
1542.417114 0.000000 4364.446777 0.000000 -0.163854 0.000000 0.986485 1.000000 1.000000 1.000000
1615.871826 0.000000 5271.234375 0.000000 0.974065 0.000000 -0.226269 1.000000 1.000000 1.000000
1735.994385 0.000000 5264.902832 0.000000 0.731856 0.000000 -0.681460 1.000000 1.000000 1.000000
1705.364258 0.000000 5255.336426 0.000000 -0.648503 0.000000 -0.761212 1.000000 1.000000 1.000000
1689.345703 0.000000 5256.849609 0.000000 0.798988 0.000000 0.601347 1.000000 1.000000 1.000000
1689.544556 0.000000 5256.868164 0.000000 0.612500 0.000000 -0.790471 1.000000 1.000000 1.000000
1657.917969 0.000000 5261.736328 0.000000 -0.840789 0.000000 -0.541362 1.000000 1.000000 1.000000
1764.416992 0.000000 5246.764648 0.000000 0.512978 0.000000 0.858402 1.000000 1.000000 1.000000
1474.635010 0.000000 5197.864258 0.000000 0.082532 0.000000 0.996588 1.000000 1.000000 1.000000
1941.431641 0.000000 3545.217285 0.000000 -0.792017 0.000000 0.610499 1.000000 1.000000 1.000000
1941.195557 0.000000 3545.174072 0.000000 -0.589452 0.000000 -0.807804 1.000000 1.000000 1.000000
1918.678467 0.000000 3529.781250 0.000000 -0.577025 0.000000 0.816726 0.988062 0.988062 0.988062
1854.836548 0.000000 3515.354004 0.000000 0.634961 0.000000 0.772544 1.000000 1.000000 1.000000
1885.362549 0.000000 3525.577393 0.000000 0.733441 0.000000 -0.679753 1.000000 1.000000 1.000000
1861.465576 0.000000 3494.542969 0.000000 0.006064 0.000000 -0.999982 1.000000 1.000000 1.000000
2007.924194 0.000000 3524.494385 0.000000 0.762848 0.000000 0.646578 1.000000 1.000000 1.000000
2054.815918 0.000000 3538.841309 0.000000 0.880649 0.000000 -0.473769 1.000000 1.000000 1.000000
1830.637939 0.000000 3537.243652 0.000000 0.256043 0.000000 0.966666 1.000000 1.000000 1.000000
1595.821411 0.000000 3395.360352 0.000000 -0.806671 0.000000 -0.591000 1.000000 1.000000 1.000000
1689.767700 0.000000 3337.307861 0.000000 -0.935927 0.000000 -0.352193 1.000000 1.000000 1.000000
1724.439331 0.000000 3304.582275 0.000000 -0.191063 0.000000 0.981578 1.000000 1.000000 1.000000
1715.679443 0.000000 3318.097168 0.000000 -0.377703 0.000000 0.925927 1.000000 1.000000 1.000000
1791.333374 0.000000 3244.247803 0.000000 -0.274638 0.000000 0.961548 1.000000 1.000000 1.000000
1810.560059 0.000000 3217.372803 0.000000 -0.487253 0.000000 0.873261 0.995313 0.995313 0.995313
1821.924683 0.000000 3191.454102 0.000000 -0.146489 0.000000 0.989212 1.000000 1.000000 1.000000
1821.895386 0.000000 3191.626709 0.000000 -0.996668 0.000000 -0.081564 1.000000 1.000000 1.000000
1924.321533 0.000000 3204.270752 0.000000 0.715602 0.000000 0.698508 1.000000 1.000000 1.000000
1924.462280 0.000000 3204.265625 0.000000 0.712262 0.000000 -0.701914 0.985986 0.985986 0.985986
1909.034668 0.000000 3201.195312 0.000000 0.896440 0.000000 -0.443165 1.000000 1.000000 1.000000
1975.832397 0.000000 3238.236816 0.000000 0.901631 0.000000 -0.432506 1.000000 1.000000 1.000000
1965.448853 0.000000 3226.089844 0.000000 0.983118 0.000000 -0.182973 0.998804 0.998804 0.998804
1800.307251 0.000000 3076.608398 0.000000 0.664138 0.000000 -0.747610 1.000000 1.000000 1.000000
1768.459717 0.000000 3045.588623 0.000000 0.085087 0.000000 0.996374 1.000000 1.000000 1.000000
1725.428955 0.000000 3005.344482 0.000000 0.465682 0.000000 0.884952 1.000000 1.000000 1.000000
1361.659302 0.000000 3537.577148 0.000000 -0.281029 0.000000 0.959699 1.000000 1.000000 1.000000
1337.356689 0.000000 3558.354248 0.000000 0.924638 0.000000 0.380847 1.000000 1.000000 1.000000
1337.522949 0.000000 3558.241455 0.000000 -0.413366 0.000000 0.910565 1.000000 1.000000 1.000000
1539.763428 0.000000 3322.242188 0.000000 0.534559 0.000000 -0.845131 1.000000 1.000000 1.000000
1539.663208 0.000000 3322.240479 0.000000 0.805674 0.000000 0.592359 1.000000 1.000000 1.000000
1492.646118 0.000000 3408.812744 0.000000 -0.962664 0.000000 0.270700 1.000000 1.000000 1.000000
1243.568481 0.000000 3231.852051 0.000000 0.078700 0.000000 0.996898 1.000000 1.000000 1.000000
1243.448242 0.000000 3263.927002 0.000000 0.994512 0.000000 -0.104625 1.000000 1.000000 1.000000
1243.443970 0.000000 3263.841064 0.000000 0.057220 0.000000 0.998362 1.000000 1.000000 1.000000
1400.567017 0.000000 3129.649414 0.000000 -0.773954 0.000000 -0.633242 1.000000 1.000000 1.000000
1386.400635 0.000000 3137.176758 0.000000 -0.902027 0.000000 -0.431680 1.000000 1.000000 1.000000
1403.614624 0.000000 3007.416504 -0.000000 0.101859 0.000000 0.994799 1.000000 1.000000 1.000000
1479.763794 0.000000 2866.500488 0.000000 -0.495108 0.000000 0.868831 1.000000 1.000000 1.000000
1259.485107 0.000000 2989.498779 0.000000 0.975428 0.000000 -0.220319 1.000000 1.000000 1.000000
1280.784180 0.000000 2906.968506 0.000000 -0.148512 0.000000 0.988911 1.000000 1.000000 1.000000
1329.505737 0.000000 2814.632568 0.000000 -0.988939 0.000000 -0.148320 1.000000 1.000000 1.000000
1196.085205 0.000000 2851.867920 0.000000 0.719422 0.000000 -0.694573 1.000000 1.000000 1.000000
1123.700562 0.000000 2829.267822 0.000000 0.580360 0.000000 0.814360 1.000000 1.000000 1.000000
1092.150757 0.000000 2769.450928 0.000000 0.665376 0.000000 0.746509 1.000000 1.000000 1.000000
1028.098267 0.000000 2761.148193 0.000000 0.396667 0.000000 0.917963 1.000000 1.000000 1.000000
1026.043945 0.000000 2747.302734 0.000000 0.944176 0.000000 0.329441 1.000000 1.000000 1.000000
1042.398682 0.000000 2682.656006 0.000000 -0.093765 0.000000 0.995594 1.000000 1.000000 1.000000
1009.910645 0.000000 2751.725830 0.000000 -0.523093 0.000000 0.852276 1.000000 1.000000 1.000000
892.898499 0.000000 2677.484619 0.000000 -0.653262 0.000000 -0.757132 1.000000 1.000000 1.000000
923.799500 0.000000 2685.850830 0.000000 0.710138 0.000000 -0.704063 1.000000 1.000000 1.000000
905.013062 0.000000 2813.218750 0.000000 0.939139 0.000000 0.343537 1.000000 1.000000 1.000000
930.821899 0.000000 2794.167969 0.000000 -0.386108 0.000000 0.922454 1.000000 1.000000 1.000000
930.713501 0.000000 2794.258301 0.000000 0.925204 0.000000 0.379470 1.003589 1.003589 1.003589
798.846252 0.000000 2823.802979 0.000000 0.675147 0.000000 -0.737683 1.000000 1.000000 1.000000
798.557068 0.000000 2823.840820 0.000000 -0.670860 0.000000 -0.741584 1.000000 1.000000 1.000000
829.815491 0.000000 2830.979492 0.000000 0.697598 0.000000 -0.716489 1.000000 1.000000 1.000000
829.743652 0.000000 2831.002197 0.000000 0.726549 0.000000 0.687115 1.000000 1.000000 1.000000
736.342590 0.000000 2817.010498 0.000000 -0.707237 0.000000 -0.706977 1.000000 1.000000 1.000000
859.969482 0.000000 2852.409180 0.000000 0.928488 0.000000 -0.371361 1.000000 1.000000 1.000000
798.822083 0.000000 2936.665771 0.000000 -0.911442 0.000000 -0.411428 1.000000 1.000000 1.000000
769.066467 0.000000 2947.117676 0.000000 0.532482 0.000000 -0.846442 1.000000 1.000000 1.000000
768.912415 0.000000 2947.203613 0.000000 0.859681 0.000000 0.510831 1.000000 1.000000 1.000000
929.428162 0.000000 2565.611084 0.000000 -0.437394 0.000000 -0.899270 1.000000 1.000000 1.000000
929.484619 0.000000 2565.726807 0.000000 0.910017 0.000000 -0.414571 1.000000 1.000000 1.000000
880.020813 0.000000 2550.561768 0.000000 0.721317 0.000000 0.692605 1.000000 1.000000 1.000000
864.354614 0.000000 2548.457031 0.000000 -0.795924 0.000000 0.605397 1.000000 1.000000 1.000000
880.134705 0.000000 2550.548340 0.000000 -0.688995 0.000000 0.724766 1.000000 1.000000 1.000000
872.770813 0.000000 2505.117188 0.000000 -0.339942 0.000000 0.940446 1.000000 1.000000 1.000000
847.145203 0.000000 2524.573486 0.000000 0.925764 0.000000 0.378101 1.000000 1.000000 1.000000
920.505798 0.000000 2466.416748 0.000000 0.412200 0.000000 -0.911094 1.000000 1.000000 1.000000
932.958740 0.000000 2433.042725 0.000000 0.786674 0.000000 0.617369 1.000000 1.000000 1.000000
927.109802 0.000000 2446.394531 0.000000 0.601548 0.000000 -0.798836 1.000000 1.000000 1.000000
833.204712 0.000000 2477.218750 0.000000 0.828250 0.000000 0.560359 1.000000 1.000000 1.000000
864.175842 0.000000 2468.960693 0.000000 -0.503402 0.000000 0.864052 1.000000 1.000000 1.000000
867.283081 0.000000 2466.692139 0.000000 -0.897537 0.000000 -0.440939 1.000000 1.000000 1.000000
896.071716 0.000000 2452.333008 0.000000 -0.446400 0.000000 0.894833 1.000000 1.000000 1.000000
760.950623 0.000000 2449.079102 0.000000 0.502587 0.000000 0.864527 1.000000 1.000000 1.000000
755.630066 0.000000 2420.216797 0.000000 0.963830 0.000000 -0.266519 1.000000 1.000000 1.000000
750.911011 0.000000 2380.981689 0.000000 -0.786080 0.000000 0.618124 1.000000 1.000000 1.000000
673.521912 0.000000 2369.850586 0.000000 0.605406 0.000000 0.795917 1.000000 1.000000 1.000000
659.138428 0.000000 2275.553223 0.000000 0.964829 0.000000 -0.262877 1.000000 1.000000 1.000000
667.450745 0.000000 2211.070312 0.000000 0.000000 0.000000 1.000000 1.000000 1.000000 1.000000
753.409180 0.000000 2148.979736 0.000000 0.668984 0.000000 0.743276 1.000000 1.000000 1.000000
763.201843 0.000000 2069.884033 0.000000 -0.357011 0.000000 0.934100 1.000000 1.000000 1.000000
783.760193 0.000000 2061.622070 0.000000 0.893435 0.000000 0.449193 1.000000 1.000000 1.000000
734.027466 0.000000 2143.761963 0.000000 0.841400 0.000000 -0.540413 1.000000 1.000000 1.000000
833.656189 0.000000 1998.112671 0.000000 -0.747064 -0.000000 -0.664752 1.021594 1.021594 1.021594
945.589417 0.000000 2166.705322 0.000000 -0.970093 0.000000 -0.242734 1.000000 1.000000 1.000000
931.644714 0.000000 2200.260986 0.000000 -0.302839 0.000000 0.953042 1.000000 1.000000 1.000000
815.799622 0.000000 2117.907959 0.000000 -0.795909 0.000000 0.605417 1.000000 1.000000 1.000000
815.681091 0.000000 2117.867920 0.000000 -0.592234 0.000000 -0.805766 1.000000 1.000000 1.000000
853.166992 0.000000 2130.910156 0.000000 0.664885 0.000000 -0.746946 1.000000 1.000000 1.000000
851.438110 0.000000 2168.822998 0.000000 -0.354052 0.000000 0.935226 1.000000 1.000000 1.000000
929.039490 0.000000 2250.056885 0.000000 -0.527851 0.000000 0.849337 1.000000 1.000000 1.000000
941.987488 0.000000 2240.562744 0.000000 -0.366017 0.000000 0.930608 1.000000 1.000000 1.000000
862.490723 0.000000 2325.313721 0.000000 -0.843678 0.000000 -0.536849 1.000000 1.000000 1.000000
893.693054 0.000000 2317.378662 0.000000 0.538596 0.000000 -0.842564 1.000000 1.000000 1.000000
830.635864 0.000000 2328.146729 0.000000 -0.787324 0.000000 -0.616539 1.000000 1.000000 1.000000
862.672913 0.000000 2325.299805 0.000000 0.589203 0.000000 -0.807984 1.000000 1.000000 1.000000
794.496704 0.000000 2317.433350 0.000000 0.599535 0.000000 -0.800349 1.000000 1.000000 1.000000
794.396240 0.000000 2317.447266 0.000000 0.779132 0.000000 0.626860 1.000000 1.000000 1.000000
770.634583 0.000000 2321.637207 0.000000 0.352952 0.000000 -0.935641 1.000000 1.000000 1.000000
812.935730 0.000000 2349.048828 0.000000 -0.999207 0.000000 -0.039812 1.000000 1.000000 1.000000
812.927185 0.000000 2348.977051 0.000000 -0.008402 0.000000 -0.999965 1.000000 1.000000 1.000000
776.703552 0.000000 2416.550049 0.000000 -0.801533 0.000000 -0.597951 1.000000 1.000000 1.000000
808.561157 0.000000 2412.012695 0.000000 -0.567478 0.000000 0.823389 1.000000 1.000000 1.000000
1085.369629 0.000000 2512.039795 0.000000 0.390073 0.000000 0.920784 1.030029 1.030029 1.030029
1176.421997 0.000000 2479.505859 0.000000 -0.941427 0.000000 0.337217 1.000000 1.000000 1.000000
1211.893311 0.000000 2584.532471 0.000000 0.155163 0.000000 0.987889 1.000000 1.000000 1.000000
1170.345093 0.000000 2616.016602 0.000000 0.977066 0.000000 0.212937 1.000000 1.000000 1.000000
1170.394165 0.000000 2615.853027 0.000000 -0.238345 0.000000 0.971180 1.000000 1.000000 1.000000
1160.116089 0.000000 2641.144043 0.000000 0.341742 0.000000 0.939794 1.000000 1.000000 1.000000
1306.556763 0.000000 2567.869873 0.000000 -0.420938 0.000000 0.907090 1.000000 1.000000 1.000000
1337.952148 0.000000 2554.702393 0.000000 -0.700866 0.000000 0.713293 1.000000 1.000000 1.000000
1388.129028 0.000000 2570.793457 0.000000 0.799892 0.000000 -0.600144 1.000000 1.000000 1.000000
1447.545654 0.000000 2604.441406 0.000000 0.597990 0.000000 0.801503 1.000000 1.000000 1.000000
1467.501343 0.000000 2626.380127 0.000000 0.000000 0.000000 1.000000 1.000000 1.000000 1.000000
1491.337158 0.000000 2675.806641 0.000000 0.834178 0.000000 -0.551496 1.000000 1.000000 1.000000
1464.129639 0.000000 2658.454102 0.000000 0.569775 0.000000 0.821801 1.000000 1.000000 1.000000
1493.786743 0.000000 2705.150146 0.000000 0.060251 0.000000 0.998183 1.000000 1.000000 1.000000
1465.759644 0.000000 2707.057373 0.000000 0.870197 0.000000 0.492703 1.000000 1.000000 1.000000
1443.110962 0.000000 2708.813721 0.000000 0.383578 0.000000 -0.923508 1.000000 1.000000 1.000000
1390.845459 0.000000 2735.920410 0.000000 0.730880 0.000000 0.682506 1.000000 1.000000 1.000000
1376.562622 0.000000 2754.055176 0.000000 0.992863 0.000000 0.119264 1.000000 1.000000 1.000000
1387.369995 0.000000 2550.943359 0.000000 0.029247 0.000000 0.999572 1.000000 1.000000 1.000000
1416.581421 0.000000 2490.189697 0.000000 -0.672069 0.000000 0.740489 1.000000 1.000000 1.000000
1324.527954 0.000000 2443.990967 0.000000 -0.942956 0.000000 0.332918 1.000000 1.000000 1.000000
1254.240967 0.000000 2376.586670 0.000000 -0.986670 0.000000 0.162736 1.000000 1.000000 1.000000
1254.206665 0.000000 2376.515381 0.000000 0.166653 0.000000 0.986015 1.000000 1.000000 1.000000
1246.663696 0.000000 2266.386230 0.000000 -0.075133 0.000000 -0.997174 1.000000 1.000000 1.000000
1246.246338 0.000000 2298.572754 0.000000 -0.995031 0.000000 0.099564 1.000000 1.000000 1.000000
1246.246704 0.000000 2298.481689 0.000000 -0.042294 0.000000 -0.999105 1.000000 1.000000 1.000000
1242.714966 0.000000 2330.479736 0.000000 0.999465 0.000000 -0.032698 1.000000 1.000000 1.000000
1247.760010 0.000000 2345.575439 0.000000 0.967926 0.000000 -0.251235 1.000000 1.000000 1.000000
1416.516479 0.000000 2490.148926 0.000000 0.719629 0.000000 0.694358 1.000000 1.000000 1.000000
1448.455322 0.000000 2492.761719 0.000000 -0.642194 0.000000 0.766542 1.000000 1.000000 1.000000
1493.204224 0.000000 2501.044922 0.000000 0.570615 0.000000 0.821218 1.000000 1.000000 1.000000
1506.975952 0.000000 2509.344238 0.000000 0.368572 0.000000 0.929599 1.000000 1.000000 1.000000
1539.019043 0.000000 2574.661621 0.000000 0.534477 0.000000 0.845183 1.000000 1.000000 1.000000
1598.894409 0.000000 2589.778809 0.000000 0.763331 0.000000 0.646007 1.000000 1.000000 1.000000
1650.013916 0.000000 2560.465088 0.000000 -0.989254 0.000000 -0.146207 1.068604 1.068604 1.068604
1659.677734 0.000000 2514.377441 0.000000 0.872193 0.000000 -0.489161 1.000000 1.000000 1.000000
1633.789185 0.000000 2485.836426 0.000000 -0.443932 0.000000 -0.896060 1.000000 1.000000 1.000000
1633.897339 0.000000 2485.907959 0.000000 0.882593 0.000000 -0.470137 1.000000 1.000000 1.000000
1596.670898 0.000000 2431.866455 0.000000 0.285171 0.000000 0.958477 1.000000 1.000000 1.000000
1755.999634 0.000000 2651.608643 0.000000 -0.447977 0.000000 -0.894045 1.000000 1.000000 1.000000
1756.167725 0.000000 2651.655762 0.000000 0.892304 0.000000 -0.451435 1.000000 1.000000 1.000000
1789.385010 0.000000 2699.334961 0.000000 -0.848173 0.000000 0.529719 1.000000 1.000000 1.000000
1789.289062 0.000000 2699.263184 0.000000 0.501247 0.000000 0.865304 1.000000 1.000000 1.000000
1822.831909 0.000000 2705.623779 0.000000 -0.544147 0.000000 -0.838990 1.000000 1.000000 1.000000
1850.215576 0.000000 2721.558838 0.000000 0.706439 0.000000 0.707774 1.000000 1.000000 1.000000
1892.328247 0.000000 2742.521973 0.000000 0.809413 0.000000 -0.587240 1.000000 1.000000 1.000000
1865.996216 0.000000 2724.569092 0.000000 0.507322 0.000000 0.861756 1.000000 1.000000 1.000000
1585.882690 0.000000 2420.117676 0.000000 0.448242 0.000000 0.893912 1.000000 1.000000 1.000000
1615.384033 0.000000 2420.369141 0.000000 -0.484439 0.000000 0.874825 1.000000 1.000000 1.000000
1791.727905 0.000000 2447.761719 0.000000 0.787667 0.000000 0.616101 1.000000 1.000000 1.000000
1896.983154 0.000000 2412.879150 0.000000 -0.758325 0.000000 -0.651877 1.000000 1.000000 1.000000
1932.492798 0.000000 2398.741455 0.000000 -0.899402 0.000000 -0.437123 1.000000 1.000000 1.000000
1996.245972 0.000000 2393.237061 0.000000 -0.982773 0.000000 -0.184818 1.000000 1.000000 1.000000
1886.730103 0.000000 2560.121338 0.000000 -0.060921 0.000000 0.998143 1.000000 1.000000 1.000000
1881.857666 0.000000 2575.427246 0.000000 -0.260568 0.000000 0.965455 1.000000 1.000000 1.000000
1902.846924 0.000000 2633.106445 0.000000 0.881422 0.000000 -0.472330 1.000000 1.000000 1.000000
1926.654663 0.000000 2647.228760 0.000000 0.035524 -0.000000 -0.999369 1.000000 1.000000 1.000000
2034.539795 0.000000 2769.103271 0.000000 -0.638067 0.000000 0.769981 1.000000 1.000000 1.000000
2049.584717 0.000000 2763.643311 0.000000 -0.495466 0.000000 0.868627 1.000000 1.000000 1.000000
2041.055420 0.000000 2830.233643 0.000000 0.803394 0.000000 -0.595447 1.000000 1.000000 1.000000
1968.457275 0.000000 2917.271729 0.000000 0.612457 0.000000 0.790505 1.000000 1.000000 1.000000
1907.034302 0.000000 2919.157471 0.000000 0.975691 0.000000 0.219150 1.000000 1.000000 1.000000
1782.614258 0.000000 2916.769775 0.000000 0.694910 0.000000 0.719096 1.000000 1.000000 1.000000
1255.503906 0.000000 2218.796631 0.000000 0.000000 0.000000 1.000000 1.000000 1.000000 1.000000
1262.399658 0.000000 2204.880127 0.000000 -0.925539 0.000000 -0.378653 1.000000 1.000000 1.000000
1099.335449 0.000000 2120.199463 0.000000 -0.797068 0.000000 0.603890 1.000000 1.000000 1.000000
1099.192017 0.000000 2120.173096 0.000000 0.558271 0.000000 0.829659 1.000000 1.000000 1.000000
1125.172485 0.000000 2139.156982 0.000000 -0.860704 0.000000 0.509105 1.000000 1.000000 1.000000
1143.571289 0.000000 2168.171387 0.000000 0.028301 0.000000 0.999599 1.000000 1.000000 1.000000
1136.624878 0.000000 2199.365723 0.000000 0.998268 0.000000 0.058830 0.996793 0.996793 0.996793
1136.706909 0.000000 2199.167725 0.000000 -0.098276 0.000000 0.995159 1.000000 1.000000 1.000000
1552.737915 0.000000 2330.777100 0.000000 0.229429 0.000000 0.973325 1.000000 1.000000 1.000000
1552.797729 0.000000 2330.935303 0.000000 -0.957568 0.000000 0.288207 1.000000 1.000000 1.000000
1536.574951 0.000000 2304.162598 0.000000 0.884850 0.000000 -0.465875 1.000000 1.000000 1.000000
1515.662964 0.000000 2259.317383 0.000000 0.818209 0.000000 -0.574921 1.000000 1.000000 1.000000
1494.536377 0.000000 2222.017334 0.000000 0.977973 0.000000 0.208731 1.000000 1.000000 1.000000
1547.295166 0.000000 2199.651611 0.000000 -0.586025 0.000000 0.810293 1.000000 1.000000 1.000000
1568.048828 0.000000 2201.407471 0.000000 -0.819470 0.000000 -0.573122 1.000000 1.000000 1.000000
1618.288574 0.000000 2187.148438 0.000000 -0.930579 0.000000 -0.366092 1.000000 1.000000 1.000000
1660.017578 0.000000 2186.884766 0.000000 0.803445 0.000000 0.595379 1.000000 1.000000 1.000000
1691.865234 0.000000 2183.828857 0.000000 -0.607414 0.000000 0.794385 1.000000 1.000000 1.000000
1719.959595 0.000000 2175.619873 0.000000 -0.506598 0.000000 0.862182 1.000000 1.000000 1.000000
1719.906616 0.000000 2175.618164 0.000000 -0.869606 0.000000 -0.493746 1.000000 1.000000 1.000000
1747.427002 0.000000 2169.710938 0.000000 -0.950695 0.000000 -0.310128 1.000000 1.000000 1.000000
1788.439453 0.000000 2160.092041 0.000000 0.971185 0.000000 0.238326 1.000000 1.000000 1.000000
1803.153809 0.000000 2142.801514 0.000000 -0.928820 0.000000 -0.370532 1.000000 1.000000 1.000000
1861.541992 0.000000 2109.805664 0.000000 -0.900300 0.000000 -0.435269 1.000000 1.000000 1.000000
1907.606812 0.000000 2102.574219 0.000000 -0.660039 0.000000 0.751231 1.000000 1.000000 1.000000
1907.580444 0.000000 2102.601074 0.000000 -0.763020 0.000000 -0.646375 1.000000 1.000000 1.000000
1939.680664 0.000000 2101.595703 0.000000 -0.604744 0.000000 0.796420 1.000000 1.000000 1.000000
1986.374146 0.000000 2101.449951 0.000000 -0.635496 0.000000 -0.772104 1.000000 1.000000 1.000000
2015.704102 0.000000 2114.701416 0.000000 -0.798889 0.000000 0.601479 1.000000 1.000000 1.000000
2015.486938 0.000000 2114.586182 0.000000 0.609872 0.000000 0.792500 1.000000 1.000000 1.000000
2045.690308 0.000000 2125.095703 0.000000 -0.719322 0.000000 0.694677 1.000000 1.000000 1.000000
2025.300415 0.000000 1965.254761 0.000000 0.665273 0.000000 0.746600 1.000000 1.000000 1.000000
2003.416748 0.000000 1959.332764 0.000000 0.680231 0.000000 0.732998 1.000000 1.000000 1.000000
1982.126343 0.000000 1936.486938 0.000000 0.379595 0.000000 0.925153 1.000000 1.000000 1.000000
1808.255371 0.000000 1964.095703 0.000000 0.992892 0.000000 0.119021 1.000000 1.000000 1.000000
1791.643677 0.000000 2005.580566 0.000000 -0.998657 0.000000 0.051806 1.000000 1.000000 1.000000
1758.805176 0.000000 2009.621948 0.000000 0.537607 0.000000 0.843196 1.000000 1.000000 1.000000
1742.789307 0.000000 2008.861084 0.000000 0.754117 0.000000 0.656740 1.000000 1.000000 1.000000
1743.001587 0.000000 2008.859131 0.000000 0.565926 0.000000 -0.824456 1.000000 1.000000 1.000000
1675.133423 0.000000 2012.331665 0.000000 0.538841 0.000000 0.842407 1.000000 1.000000 1.000000
1668.684814 0.000000 2011.349731 0.000000 -0.711851 0.000000 0.702331 1.000000 1.000000 1.000000
1789.878296 0.000000 2027.774170 0.000000 0.622825 0.000000 0.782361 1.000000 1.000000 1.000000
1819.270264 0.000000 2041.025757 0.000000 -0.789384 0.000000 0.613900 1.000000 1.000000 1.000000
1915.594116 0.000000 2031.341675 0.000000 0.789038 0.000000 0.614345 1.000000 1.000000 1.000000
1959.301270 0.000000 2026.030762 0.000000 0.951278 0.000000 0.308334 1.000000 1.000000 1.000000
1976.303223 0.000000 2010.971191 0.000000 -0.880309 -0.000000 -0.474400 1.000000 1.000000 1.000000
2007.004883 0.000000 2002.385498 0.000000 -0.578706 0.000000 0.815536 1.000000 1.000000 1.000000
2006.938110 0.000000 2002.392578 0.000000 0.829150 0.000000 0.559027 1.000000 1.000000 1.000000
2038.605957 0.000000 1996.652344 0.000000 -0.574280 0.000000 0.818659 1.000000 1.000000 1.000000
832.896301 0.000000 3207.583496 0.000000 0.111440 0.000000 0.993771 1.002490 1.002490 1.002490
855.467346 0.000000 3305.722168 0.000000 0.674157 0.000000 0.738588 1.000000 1.000000 1.000000
891.117065 0.000000 3320.727051 0.000000 -0.800012 0.000000 0.599985 1.000000 1.000000 1.000000
884.884216 0.000000 3397.515381 0.000000 0.935857 0.000000 -0.352379 1.000000 1.000000 1.000000
884.779602 0.000000 3397.411621 0.000000 0.304206 0.000000 0.952606 1.000000 1.000000 1.000000
832.834717 0.000000 3207.674805 0.000000 0.988998 0.000000 -0.147928 1.000000 1.000000 1.000000
803.800293 0.000000 3068.134521 0.000000 0.151164 0.000000 0.988509 1.000000 1.000000 1.000000
798.646606 0.000000 3052.977295 0.000000 0.254088 0.000000 0.967181 1.000000 1.000000 1.000000
788.782166 0.000000 3040.376221 0.000000 0.411135 0.000000 0.911575 1.000000 1.000000 1.000000
636.565735 0.000000 1951.663452 0.000000 0.927348 0.000000 0.374199 1.000000 1.000000 1.000000
636.660461 0.000000 1951.627441 0.000000 0.357352 0.000000 -0.933970 1.000000 1.000000 1.000000
707.076843 0.000000 2190.930420 0.000000 0.722125 0.000000 0.691762 1.000000 1.000000 1.000000
722.943909 0.000000 2193.186279 0.000000 0.556612 0.000000 0.830773 1.000000 1.000000 1.000000
736.399780 0.000000 2201.931152 0.000000 -0.347509 0.000000 -0.937677 1.000000 1.000000 1.000000
833.165649 0.000000 2202.593262 0.000000 -0.973123 0.000000 -0.230285 1.000000 1.000000 1.000000
833.260315 0.000000 2202.508789 0.000000 0.263107 0.000000 -0.964766 1.000000 1.000000 1.000000
878.262756 0.000000 2221.183350 0.000000 -0.154266 0.000000 0.988029 1.000000 1.000000 1.000000
842.421448 0.000000 2249.057617 0.000000 -0.357988 0.000000 0.933726 1.000000 1.000000 1.000000
2042.395386 0.000000 2978.388672 0.000000 0.386093 0.000000 0.922460 1.000000 1.000000 1.000000
789.324280 0.000000 2192.651611 0.000000 -0.931620 0.000000 0.363434 1.000000 1.000000 1.000000
2004.171997 0.000000 2365.472412 0.000000 -0.927693 0.000000 0.373343 1.000000 1.000000 1.000000
1200.941284 0.000000 2571.738281 0.000000 -0.395448 0.000000 0.918489 1.000000 1.000000 1.000000
1163.194824 0.000000 2575.085449 0.000000 -0.676149 0.000000 0.736765 1.000000 1.000000 1.000000
1133.945312 0.000000 2548.344482 0.000000 0.075520 0.000000 0.997144 1.000000 1.000000 1.000000
611.621826 0.000000 1971.992310 0.000000 -0.944424 0.000000 -0.328729 1.000000 1.000000 1.000000
604.313782 0.000000 1986.341309 0.000000 -0.990069 0.000000 -0.140582 1.000000 1.000000 1.000000
1994.143799 0.000000 2756.297852 0.000000 -0.502475 0.000000 0.864592 1.000000 1.000000 1.000000
"}
object={
	name="Minor Road_15 Medium"
	render_pass=Map
	clamp_to_water_level=no
	generated_content=no
	layer="AGOT_roads"
	pdxmesh="15medium_short_mesh"
	count=178
	transform="2068.465088 0.000000 3674.614502 0.000000 -0.962100 0.000000 0.272697 1.000000 1.000000 1.000000
2072.154541 0.000000 3680.022461 0.000000 -0.945736 0.000000 0.324935 1.000000 1.000000 1.000000
2046.423340 0.000000 3657.426514 0.000000 0.639195 0.000000 0.769045 1.000000 1.000000 1.000000
2026.925415 0.000000 3647.187012 0.000000 0.447355 0.000000 0.894356 1.000000 1.000000 1.000000
1975.440796 0.000000 3590.059814 0.000000 0.155314 0.000000 0.987865 1.000000 1.000000 1.000000
2109.427979 0.000000 3525.146729 0.000000 -0.526159 0.000000 0.850386 1.000000 1.000000 1.000000
2079.011475 0.000000 3590.382812 0.000000 -0.558504 0.000000 -0.829502 1.000000 1.000000 1.000000
2052.874268 0.000000 3673.174316 0.000000 0.587698 0.000000 -0.809081 1.020825 1.020825 1.020825
2059.162598 0.000000 3670.959961 0.000000 0.552604 0.000000 -0.833444 1.000000 1.000000 1.000000
2017.312988 0.000000 3707.050293 0.000000 0.541197 0.000000 -0.840896 1.000000 1.000000 1.000000
2175.677979 0.000000 3552.886963 0.000000 0.059505 0.000000 0.998228 1.000000 1.000000 1.000000
1967.702759 0.000000 3714.317139 0.000000 0.521779 0.000000 0.853081 1.000000 1.000000 1.000000
1910.470703 0.000000 3686.181885 0.000000 0.508636 0.000000 0.860982 1.000000 1.000000 1.000000
1910.574829 0.000000 3686.356445 0.000000 -0.869181 0.000000 0.494495 1.000000 1.000000 1.000000
1869.354980 0.000000 3684.075684 0.000000 0.164968 0.000000 0.986299 1.000000 1.000000 1.000000
1785.772705 0.000000 3644.699951 0.000000 -0.304126 0.000000 0.952632 1.000000 1.000000 1.000000
1789.344360 0.000000 3638.991211 0.000000 -0.244357 0.000000 0.969685 1.000000 1.000000 1.000000
1356.063721 0.000000 3749.882080 0.000000 -0.847380 0.000000 0.530986 1.000000 1.000000 1.000000
1330.343872 0.000000 3739.295410 0.000000 -0.288329 0.000000 0.957532 1.000000 1.000000 1.000000
1272.909912 0.000000 3583.775879 0.000000 -0.314458 0.000000 0.949272 1.000000 1.000000 1.000000
1812.117188 0.000000 3915.458984 0.000000 0.647575 0.000000 -0.762002 1.000000 1.000000 1.000000
1788.868896 0.000000 3875.488037 0.000000 0.997130 0.000000 -0.075707 1.000000 1.000000 1.000000
2101.536865 0.000000 2012.427979 0.000000 -0.935764 0.000000 0.352628 1.000000 1.000000 1.000000
2060.504883 0.000000 1990.931763 0.000000 0.767944 0.000000 0.640517 1.000000 1.000000 1.000000
2124.914307 0.000000 2003.732300 0.000000 -0.872071 0.000000 0.489380 1.000000 1.000000 1.000000
1639.427734 0.000000 5191.513672 0.000000 0.402472 0.000000 0.915433 1.000000 1.000000 1.000000
1636.259033 0.000000 5033.307129 0.000000 0.123887 0.000000 0.992296 1.000000 1.000000 1.000000
1636.125854 0.000000 5033.438477 0.000000 -0.982568 0.000000 0.185904 1.000000 1.000000 1.000000
1661.243774 0.000000 4968.370605 0.000000 0.893009 0.000000 0.450038 1.000000 1.000000 1.000000
1776.336670 0.000000 4908.234375 0.000000 -0.779323 0.000000 0.626622 1.000000 1.000000 1.000000
1587.819092 0.000000 4986.045898 0.000000 0.321575 0.000000 0.946884 1.000000 1.000000 1.000000
1529.259644 0.000000 4887.782715 0.000000 0.360202 0.000000 0.932874 1.000000 1.000000 1.000000
1499.732178 0.000000 4857.696289 0.000000 0.401661 0.000000 0.915788 1.000000 1.000000 1.000000
1533.151489 0.000000 4721.566406 0.000000 0.440519 0.000000 0.897744 0.974416 0.974416 0.974416
1596.406982 0.000000 4253.814453 0.000000 -0.312487 0.000000 0.949922 1.000000 1.000000 1.000000
1658.203613 0.000000 4115.784668 0.000000 0.000000 0.000000 1.000000 1.000000 1.000000 1.000000
1190.981323 0.000000 4521.242188 0.000000 -0.852816 0.000000 -0.522212 1.000000 1.000000 1.000000
1091.946899 0.000000 4301.062988 0.000000 -0.780736 0.000000 0.624860 1.000000 1.000000 1.000000
1605.090210 0.000000 5241.559082 0.000000 -0.928092 0.000000 0.372352 1.000000 1.000000 1.000000
2124.519531 0.000000 3476.781738 0.000000 0.000000 0.000000 1.000000 1.000000 1.000000 1.000000
2124.441162 0.000000 3476.793213 0.000000 0.999184 0.000000 -0.040399 1.000000 1.000000 1.000000
1585.612671 0.000000 4277.470215 0.000000 -0.006088 0.000000 0.999981 1.000000 1.000000 1.000000
1585.380371 0.000000 4297.607910 0.000000 -0.208631 0.000000 0.977995 1.000000 1.000000 1.000000
1575.385010 0.000000 4325.568359 0.000000 0.181124 0.000000 0.983460 1.000000 1.000000 1.000000
1577.383545 0.000000 4332.021973 0.000000 0.151499 0.000000 0.988457 1.000000 1.000000 1.000000
1565.173706 0.000000 4321.899902 0.000000 -0.915173 0.000000 -0.403062 1.000000 1.000000 1.000000
1547.078491 0.000000 4346.274902 0.000000 0.832766 0.000000 0.553625 1.000000 1.000000 1.000000
1544.165649 0.000000 4358.229492 0.000000 -0.102648 0.000000 0.994718 1.000000 1.000000 1.000000
1568.161011 0.000000 4300.984863 0.000000 0.526068 0.000000 0.850443 0.961816 0.961816 0.961816
1780.969604 0.000000 5262.346680 0.000000 -0.938047 0.000000 0.346509 1.000000 1.000000 1.000000
1475.864624 0.000000 5217.460938 0.000000 0.594597 0.000000 0.804024 1.000000 1.000000 1.000000
1427.624756 0.000000 5239.714355 0.000000 0.886703 0.000000 0.462340 1.000000 1.000000 1.000000
1885.652466 0.000000 3486.088135 0.000000 -0.719810 0.000000 0.694172 1.000000 1.000000 1.000000
1872.427734 0.000000 3484.482666 0.000000 -0.684908 0.000000 -0.728630 1.000000 1.000000 1.000000
1920.638916 0.000000 3477.828857 0.000000 -0.584979 0.000000 -0.811049 1.000000 1.000000 1.000000
1914.080811 0.000000 3476.439941 0.000000 -0.653150 0.000000 -0.757228 1.000000 1.000000 1.000000
1907.475342 0.000000 3475.950439 0.000000 -0.703619 0.000000 -0.710577 1.000000 1.000000 1.000000
2020.292603 0.000000 3557.826904 0.000000 0.302076 0.000000 0.953284 1.000000 1.000000 1.000000
1675.534058 0.000000 3346.191162 0.000000 -0.927165 0.000000 -0.374653 1.000000 1.000000 1.000000
1793.874756 0.000000 3238.375732 0.000000 -0.171541 0.000000 0.985177 1.000000 1.000000 1.000000
1878.092041 0.000000 3157.428223 0.000000 0.332520 0.000000 0.943096 1.000000 1.000000 1.000000
1878.027100 0.000000 3157.566650 0.000000 0.911607 0.000000 -0.411062 1.000000 1.000000 1.000000
1852.166260 0.000000 3133.179199 0.000000 0.999988 0.000000 -0.004826 1.000000 1.000000 1.000000
1586.907715 0.000000 3315.653320 0.000000 0.046980 0.000000 0.998896 1.000000 1.000000 1.000000
1567.345215 0.000000 3312.510986 0.000000 -0.252472 0.000000 0.967604 1.000000 1.000000 1.000000
1259.810303 0.000000 3362.022949 0.000000 0.124115 0.000000 0.992268 1.000000 1.000000 1.000000
1242.762329 0.000000 3330.534180 0.000000 -0.899489 0.000000 -0.436944 1.022607 1.022607 1.022607
1248.484375 0.000000 3308.698242 0.000000 -0.030147 0.000000 0.999546 1.000000 1.000000 1.000000
1241.993042 0.000000 3291.708984 0.000000 -0.654139 0.000000 0.756375 1.000000 1.000000 1.000000
1275.292480 0.000000 3192.523193 0.000000 0.000000 0.000000 1.000000 1.000000 1.000000 1.000000
1400.931274 0.000000 3001.836182 0.000000 -0.255830 0.000000 -0.966722 0.942407 0.942407 0.942407
1485.452271 0.000000 2862.959961 0.000000 -0.454370 0.000000 0.890813 1.000000 1.000000 1.000000
1115.470093 0.000000 2801.861328 0.000000 0.979661 0.000000 -0.200659 1.000000 1.000000 1.000000
1120.387329 0.000000 2779.955566 0.000000 -0.754933 0.000000 -0.655802 1.000000 1.000000 1.000000
1040.875122 0.000000 2780.031494 0.000000 0.956974 0.000000 -0.290173 1.000000 1.000000 1.000000
1073.206421 0.000000 2618.160645 0.000000 -0.971712 0.000000 -0.236171 1.000000 1.000000 1.000000
1070.625854 0.000000 2624.325928 0.000000 -0.985961 0.000000 -0.166974 1.000000 1.000000 1.000000
987.820557 0.000000 2756.645752 0.000000 0.752733 0.000000 0.658326 1.000000 1.000000 1.000000
891.074890 0.000000 2820.358643 0.000000 -0.648186 0.000000 0.761482 1.000000 1.000000 1.000000
729.479858 0.000000 2816.513916 0.000000 -0.706368 0.000000 -0.707845 1.027002 1.027002 1.027002
992.921143 0.000000 2452.852051 0.000000 -0.392341 0.000000 0.919820 1.000000 1.000000 1.000000
763.091553 0.000000 2069.902832 0.000000 -0.944005 0.000000 -0.329932 1.000000 1.000000 1.000000
741.400269 0.000000 2149.952637 0.000000 0.892087 0.000000 -0.451864 1.000000 1.000000 1.000000
813.315430 0.000000 2030.979980 0.000000 -0.944143 0.000000 -0.329536 1.000000 1.000000 1.000000
856.429688 0.000000 2000.628906 0.000000 -0.751717 0.000000 0.659486 1.000000 1.000000 1.000000
958.670654 0.000000 2109.902344 0.000000 0.312045 0.000000 0.950067 1.000000 1.000000 1.000000
904.737488 0.000000 2214.747070 0.000000 -0.769355 0.000000 0.638822 1.000000 1.000000 1.000000
895.343750 0.000000 2149.331787 0.000000 0.902976 0.000000 -0.429690 1.000000 1.000000 1.000000
757.755737 0.000000 2090.650146 0.000000 0.933103 0.000000 -0.359608 1.000000 1.000000 1.000000
749.273804 0.000000 2337.687012 0.000000 0.912406 0.000000 0.409287 1.000000 1.000000 1.000000
816.001343 0.000000 2388.248535 0.000000 0.317534 0.000000 0.948247 1.000000 1.000000 1.000000
770.452332 0.000000 2418.267090 0.000000 -0.626370 0.000000 0.779526 1.000000 1.000000 1.000000
776.782471 0.000000 2416.557617 0.000000 -0.582985 0.000000 0.812483 1.000000 1.000000 1.000000
657.648376 0.000000 2246.458984 0.000000 -0.178129 0.000000 0.984007 1.000000 1.000000 1.000000
1086.440063 0.000000 2503.643066 0.000000 -0.864758 0.000000 -0.502188 1.000000 1.000000 1.000000
1176.424561 0.000000 2479.357178 0.000000 0.372384 0.000000 0.928079 1.000000 1.000000 1.000000
1195.610474 0.000000 2507.528076 0.000000 0.998532 0.000000 -0.054162 1.000000 1.000000 1.000000
1199.435303 0.000000 2611.883545 0.000000 0.809771 0.000000 -0.586745 1.000000 1.000000 1.000000
1169.736450 0.000000 2658.771484 0.000000 -0.281126 0.000000 -0.959671 1.000000 1.000000 1.000000
1280.403320 0.000000 2573.518799 0.000000 -0.723233 0.000000 0.690605 1.000000 1.000000 1.000000
1464.589111 0.000000 2642.232178 0.000000 -0.184244 0.000000 0.982881 1.000000 1.000000 1.000000
1487.545288 0.000000 2701.280273 0.000000 -0.668218 0.000000 0.743965 1.000000 1.000000 1.000000
1372.961304 0.000000 2795.469727 0.000000 -0.537066 0.000000 0.843540 1.000000 1.000000 1.000000
1378.576782 0.000000 2792.029541 0.000000 -0.459026 0.000000 0.888423 1.000000 1.000000 1.000000
1382.202271 0.000000 2476.747803 0.000000 0.630838 0.000000 0.775915 1.000000 1.000000 1.000000
1468.341064 0.000000 2483.877686 0.000000 0.648430 0.000000 0.761274 1.000000 1.000000 1.000000
1461.901855 0.000000 2483.430908 0.000000 0.705726 0.000000 0.708485 1.000000 1.000000 1.000000
1519.619263 0.000000 2542.074951 0.000000 0.972398 0.000000 0.233329 1.000000 1.000000 1.000000
1525.780762 0.000000 2551.591309 0.000000 -0.035042 0.000000 0.999386 1.000000 1.000000 1.000000
1648.484741 0.000000 2567.000977 0.000000 -0.996858 0.000000 -0.079206 1.000000 1.000000 1.000000
1647.727295 0.000000 2503.600830 0.000000 -0.960243 0.000000 0.279165 1.000000 1.000000 1.000000
1602.754761 0.000000 2453.222412 0.000000 -0.999254 0.000000 0.038636 1.000000 1.000000 1.000000
1603.894531 0.000000 2459.676514 0.000000 -0.992984 0.000000 0.118248 1.000000 1.000000 1.000000
1571.054688 0.000000 2391.840088 0.000000 0.744529 0.000000 0.667591 1.000000 1.000000 1.000000
1626.974854 0.000000 2414.583740 0.000000 0.491876 0.000000 -0.870665 1.000000 1.000000 1.000000
1615.352417 0.000000 2420.384277 0.000000 0.864908 0.000000 0.501930 1.000000 1.000000 1.000000
1761.890869 0.000000 2462.795654 0.000000 0.759940 0.000000 0.649994 1.000000 1.000000 1.000000
1768.727051 0.000000 2452.837646 0.000000 0.180628 0.000000 0.983551 0.965356 0.965356 0.965356
1946.735474 0.000000 2391.243896 0.000000 -0.795059 0.000000 -0.606533 1.000000 1.000000 1.000000
1908.609863 0.000000 2515.061523 0.000000 0.963655 0.000000 -0.267152 1.000000 1.000000 1.000000
1991.920288 0.000000 2829.105957 0.000000 0.450491 0.000000 0.892781 1.000000 1.000000 1.000000
1986.177979 0.000000 2951.121826 0.000000 0.338069 0.000000 0.941122 1.000000 1.000000 1.000000
2037.382568 0.000000 2974.117432 0.000000 0.451472 0.000000 0.892286 1.000000 1.000000 1.000000
2051.457275 0.000000 2991.262695 0.000000 -0.256137 0.000000 -0.966640 1.000000 1.000000 1.000000
2058.744873 0.000000 3008.729492 0.000000 -0.006430 0.000000 -0.999979 1.000000 1.000000 1.000000
1912.911865 0.000000 2794.504150 0.000000 0.667105 0.000000 0.744964 1.000000 1.000000 1.000000
1945.565552 0.000000 2883.291504 0.000000 0.501485 0.000000 0.865166 1.000000 1.000000 1.000000
1782.686890 0.000000 2916.862793 0.000000 -0.720900 0.000000 0.693039 1.000000 1.000000 1.000000
1246.862671 0.000000 2261.107666 0.000000 0.976128 0.000000 0.217199 1.000000 1.000000 1.000000
1051.631714 0.000000 2086.028809 0.000000 0.514876 0.000000 0.857265 1.000000 1.000000 1.000000
1079.245605 0.000000 2109.477783 0.000000 0.513476 0.000000 0.858104 1.000000 1.000000 1.000000
1110.846069 0.000000 2154.539307 0.000000 0.982873 0.000000 0.184285 1.000000 1.000000 1.000000
1130.728394 0.000000 2214.047119 0.000000 -0.266250 0.000000 0.963904 1.000000 1.000000 1.000000
1515.585693 0.000000 2259.191162 0.000000 0.481660 0.000000 0.876358 1.000000 1.000000 1.000000
1501.751953 0.000000 2251.171875 0.000000 0.895939 0.000000 -0.444177 1.000000 1.000000 1.000000
1496.702271 0.000000 2246.794678 0.000000 0.921448 0.000000 -0.388503 1.000000 1.000000 1.000000
1494.644775 0.000000 2221.904785 0.000000 -0.226175 0.000000 0.974087 1.000000 1.000000 1.000000
1524.513062 0.000000 2201.890625 0.000000 -0.690023 0.000000 0.723788 1.000000 1.000000 1.000000
1524.543091 0.000000 2201.815186 0.000000 -0.733918 0.000000 -0.679238 1.000000 1.000000 1.000000
1704.794189 0.000000 2180.772217 0.000000 -0.617318 0.000000 0.786714 1.000000 1.000000 1.000000
1691.771973 0.000000 2183.786133 0.000000 0.820288 0.000000 0.571951 1.000000 1.000000 1.000000
1803.206787 0.000000 2142.867676 0.000000 -0.359590 0.000000 0.933110 1.000000 1.000000 1.000000
1946.297607 0.000000 2100.826416 0.000000 -0.721105 0.000000 -0.692825 1.000000 1.000000 1.000000
1939.635498 0.000000 2101.580566 0.000000 -0.768242 0.000000 -0.640160 1.000000 1.000000 1.000000
2025.397949 0.000000 1965.334351 0.000000 -0.780107 0.000000 0.625646 1.000000 1.000000 1.000000
1822.502808 0.000000 1941.596924 0.000000 0.854861 0.000000 0.518856 1.000000 1.000000 1.000000
1828.594971 0.000000 1938.906616 0.000000 0.801333 0.000000 0.598219 1.000000 1.000000 1.000000
1814.893921 0.000000 1949.431885 0.000000 -0.944612 0.000000 -0.328189 1.000000 1.000000 1.000000
1776.667847 0.000000 2023.695801 0.000000 0.909792 0.000000 -0.415064 1.000000 1.000000 1.000000
1727.170898 0.000000 2011.812622 0.000000 -0.748680 0.000000 0.662931 1.000000 1.000000 1.000000
1668.631592 0.000000 2011.270386 0.000000 0.673006 0.000000 0.739637 1.000000 1.000000 1.000000
1878.344116 0.000000 2042.324829 0.000000 0.759503 0.000000 0.650504 1.000000 1.000000 1.000000
1891.556152 0.000000 2041.942871 0.000000 0.754268 0.000000 0.656567 1.000000 1.000000 1.000000
1891.714233 0.000000 2042.033813 0.000000 -0.693307 0.000000 0.720643 1.000000 1.000000 1.000000
1915.667236 0.000000 2031.412720 0.000000 -0.671368 0.000000 0.741124 1.000000 1.000000 1.000000
1931.604736 0.000000 2030.283081 0.000000 0.679627 0.000000 0.733558 1.000000 1.000000 1.000000
1944.927002 0.000000 2031.982788 0.000000 -0.717550 0.000000 0.696507 1.000000 1.000000 1.000000
1976.354736 0.000000 2010.990234 0.000000 -0.417114 0.000000 0.908854 1.000000 1.000000 1.000000
2044.813843 0.000000 1994.360107 0.000000 -0.544511 0.000000 0.838754 1.000000 1.000000 1.000000
2050.540039 0.000000 1990.980713 0.000000 -0.466006 0.000000 0.884781 1.000000 1.000000 1.000000
871.003418 0.000000 3310.119629 0.000000 0.534032 0.000000 0.845464 1.000000 1.000000 1.000000
875.591431 0.000000 3335.152344 0.000000 0.387634 0.000000 0.921813 1.000000 1.000000 1.000000
831.561707 0.000000 3184.995850 0.000000 0.000000 0.000000 1.000000 1.000000 1.000000 1.000000
774.102600 0.000000 3035.000244 0.000000 0.698412 0.000000 -0.715696 1.000000 1.000000 1.000000
795.443787 0.000000 3054.038818 0.000000 -0.567446 0.000000 0.823410 1.000000 1.000000 1.000000
1127.817749 0.000000 2469.728760 0.000000 -0.335655 0.000000 0.941985 1.000000 1.000000 1.000000
1123.270386 0.000000 2474.634277 0.000000 -0.435691 0.000000 0.900096 1.000000 1.000000 1.000000
2025.694824 0.000000 3252.630859 0.000000 0.507256 0.000000 0.861795 1.000000 1.000000 1.000000
2043.428711 0.000000 3067.991211 0.000000 -0.973015 0.000000 -0.230740 1.000000 1.000000 1.000000
2058.649902 0.000000 3015.280762 0.000000 -0.048595 0.000000 0.998819 1.000000 1.000000 1.000000
2032.636841 0.000000 2972.310303 0.000000 -0.781080 0.000000 0.624432 1.000000 1.000000 1.000000
2007.500488 0.000000 2965.833252 0.000000 -0.770503 0.000000 -0.637436 1.000000 1.000000 1.000000
763.380554 0.000000 2226.192139 0.000000 -0.710252 0.000000 0.703948 1.000000 1.000000 1.000000
1569.937012 0.000000 3306.415283 0.000000 -0.153987 0.000000 0.988073 1.000000 1.000000 1.000000
1785.050659 0.000000 3255.907959 0.000000 0.349846 0.000000 0.936807 1.000000 1.000000 1.000000
687.031616 0.000000 1940.453613 0.000000 -0.495612 0.000000 0.868544 1.000000 1.000000 1.000000
2012.162842 0.000000 2767.693604 0.000000 0.801392 0.000000 -0.598141 1.000000 1.000000 1.000000
2018.703857 0.000000 2769.219971 0.000000 0.763710 0.000000 -0.645560 1.000000 1.000000 1.000000
"}
object={
	name="Minor Road_150"
	render_pass=Map
	clamp_to_water_level=no
	generated_content=no
	layer="AGOT_roads"
	pdxmesh="curve_short_mesh"
	count=1
	transform="858.934021 0.000000 2901.474609 0.000000 0.680410 0.000000 0.732832 1.000000 1.000000 1.000000
"}
object={
	name="Minor Road_150 Medium"
	render_pass=Map
	clamp_to_water_level=no
	generated_content=no
	layer="AGOT_roads"
	pdxmesh="curvemedium_short_mesh"
	count=4
	transform="1250.940796 0.000000 3602.162598 0.000000 0.870163 0.000000 -0.492764 1.000000 1.000000 1.000000
1253.333862 0.000000 4534.964844 0.000000 -0.503306 0.000000 0.864109 1.000000 1.000000 1.000000
1985.817139 0.000000 3522.313721 0.000000 -0.356826 0.000000 0.934171 1.000000 1.000000 1.000000
1397.622192 0.000000 3001.334961 0.000000 -0.554823 0.000000 0.831968 1.000000 1.000000 1.000000
"}
object={
	name="Minor Road_45"
	render_pass=Map
	clamp_to_water_level=no
	generated_content=no
	layer="AGOT_roads"
	pdxmesh="45_short_mesh"
	count=346
	transform="2079.572754 0.000000 3683.869141 0.000000 0.628313 0.000000 0.777961 1.000000 1.000000 1.000000
2052.923828 0.000000 3659.122070 0.000000 -0.600207 0.000000 -0.799845 1.000000 1.000000 1.000000
2046.443970 0.000000 3657.528809 0.000000 0.714016 0.000000 -0.700129 1.000000 1.000000 1.000000
2103.355225 0.000000 3527.640625 0.000000 -0.483304 0.000000 0.875452 1.000000 1.000000 1.000000
1980.391235 0.000000 3565.418701 0.000000 -0.636974 0.000000 0.770885 1.000000 1.000000 1.000000
2063.068115 0.000000 3588.397705 0.000000 0.671893 0.000000 -0.740648 1.000000 1.000000 1.000000
2158.407471 0.000000 3510.234131 0.000000 -0.431216 0.000000 -0.902249 1.000000 1.000000 1.000000
1872.725220 0.000000 3677.616455 0.000000 0.792121 0.000000 0.610364 1.000000 1.000000 1.000000
1903.723999 0.000000 3682.420898 0.000000 -0.639477 0.000000 0.768811 1.000000 1.000000 1.000000
1258.745239 0.000000 3687.400879 0.000000 -0.980726 0.000000 0.195386 1.000000 1.000000 1.000000
1270.502686 0.000000 3697.792236 0.000000 -0.819117 0.000000 0.573627 1.000000 1.000000 1.000000
1262.281738 0.000000 3627.203857 0.000000 -0.986522 0.000000 0.163624 1.000000 1.000000 1.000000
1272.883179 0.000000 3583.762939 0.000000 -0.964915 0.000000 -0.262561 1.000000 1.000000 1.000000
1268.494751 0.000000 3588.869385 0.000000 -0.363460 0.000000 0.931610 1.000000 1.000000 1.000000
1629.373047 0.000000 3855.918701 0.000000 -0.614919 0.000000 -0.788590 1.000000 1.000000 1.000000
1714.556152 0.000000 3900.058594 0.000000 0.822033 0.000000 -0.569439 1.000000 1.000000 1.000000
1690.858276 0.000000 3879.582520 0.000000 0.585468 0.000000 0.810695 1.000000 1.000000 1.000000
1737.999146 0.000000 3900.575195 0.000000 -0.853874 0.000000 -0.520480 1.000000 1.000000 1.000000
1792.094482 0.000000 3906.941406 0.000000 -0.720476 0.000000 0.693479 1.000000 1.000000 1.000000
1833.342041 0.000000 3931.934814 0.000000 -0.751285 0.000000 0.659978 1.000000 1.000000 1.000000
1805.990601 0.000000 3916.268799 0.000000 -0.647459 0.000000 -0.762101 1.007688 1.007688 1.007688
1826.098633 0.000000 3908.399170 0.000000 -0.359903 0.000000 0.932990 1.000000 1.000000 1.000000
1870.780518 0.000000 3901.308838 0.000000 0.579311 0.000000 -0.815107 1.000000 1.000000 1.000000
1839.463745 0.000000 3899.797607 0.000000 -0.809583 0.000000 -0.587005 1.000000 1.000000 1.000000
1788.859619 0.000000 3875.300293 0.000000 -0.067871 -0.000000 -0.997694 1.000000 1.000000 1.000000
1785.127075 0.000000 3890.594727 0.000000 -0.339906 0.000000 0.940459 1.000000 1.000000 1.000000
2068.986084 0.000000 2797.160156 0.000000 0.994666 0.000000 -0.103153 1.000000 1.000000 1.000000
2107.264893 0.000000 2070.624512 0.000000 -0.039297 0.000000 0.999228 1.000000 1.000000 1.000000
2109.500488 0.000000 2046.468140 0.000000 -0.968732 0.000000 0.248110 1.000000 1.000000 1.000000
2103.965820 0.000000 2015.576050 0.000000 0.295975 0.000000 0.955196 1.000000 1.000000 1.000000
2066.243408 0.000000 1990.223022 0.000000 0.716752 0.000000 0.697328 1.000000 1.000000 1.000000
1969.230957 0.000000 1916.512695 0.000000 0.497506 0.000000 0.867460 1.000000 1.000000 1.000000
1863.808105 0.000000 1923.315308 0.000000 0.800190 0.000000 0.599746 1.000000 1.000000 1.000000
1658.068481 0.000000 5092.149414 0.000000 0.875517 0.000000 -0.483188 1.000000 1.000000 1.000000
1707.004395 0.000000 5024.618652 0.000000 -0.907017 0.000000 -0.421094 1.000000 1.000000 1.000000
1627.960083 0.000000 5011.153809 0.000000 -0.939743 0.000000 0.341881 1.000000 1.000000 1.000000
1690.620483 0.000000 4952.393066 0.000000 -0.349303 0.000000 0.937010 1.000000 1.000000 1.000000
1731.322144 0.000000 4928.821777 0.000000 -0.982390 0.000000 -0.186842 1.000000 1.000000 1.000000
1754.207031 0.000000 4905.964844 0.000000 0.819283 0.000000 0.573389 1.000000 1.000000 1.000000
1604.152344 0.000000 5000.928711 0.000000 -0.791730 0.000000 0.610871 1.000000 1.000000 1.000000
1581.523438 0.000000 4962.832520 0.000000 0.348802 0.000000 0.937196 1.000000 1.000000 1.000000
1499.670532 0.000000 4857.756348 0.000000 0.936196 0.000000 -0.351479 1.000000 1.000000 1.000000
1474.874146 0.000000 4836.571777 0.000000 0.910588 0.000000 -0.413314 1.000000 1.000000 1.000000
1446.679321 0.000000 4814.526855 0.000000 0.795045 0.000000 0.606550 1.000000 1.000000 1.000000
1446.738647 0.000000 4814.548828 0.000000 -0.641902 0.000000 0.766787 1.000000 1.000000 1.000000
1410.613525 0.000000 4787.136719 0.000000 0.922305 0.000000 -0.386463 1.000000 1.000000 1.000000
1402.431152 0.000000 4709.941895 0.000000 0.200954 0.000000 0.979601 1.000000 1.000000 1.000000
1515.224243 0.000000 4735.641602 0.000000 -0.488638 0.000000 0.872486 1.000000 1.000000 1.000000
1600.416992 0.000000 4707.154785 0.000000 0.717028 0.000000 0.697044 1.000000 1.000000 1.000000
1644.799316 0.000000 4719.999023 0.000000 -0.554734 0.000000 0.832028 1.000000 1.000000 1.000000
1666.006836 0.000000 4728.663574 0.000000 -0.744610 0.000000 0.667500 1.000000 1.000000 1.000000
1665.951660 0.000000 4728.604004 0.000000 0.728251 0.000000 0.685311 1.000000 1.000000 1.000000
1696.031006 0.000000 4737.678223 0.000000 -0.669976 0.000000 0.742383 1.000000 1.000000 1.000000
1725.754272 0.000000 4737.520020 0.000000 0.595456 0.000000 0.803388 1.000000 1.000000 1.000000
1750.573730 0.000000 4756.719727 0.000000 -0.797667 0.000000 0.603099 1.000000 1.000000 1.000000
1796.668945 0.000000 4812.345703 0.000000 0.879548 0.000000 -0.475810 1.000000 1.000000 1.000000
1836.769043 0.000000 4819.636719 0.000000 0.722801 0.000000 0.691056 1.000000 1.000000 1.000000
1874.485474 0.000000 4832.233398 0.000000 0.675801 0.000000 0.737084 1.000000 1.000000 1.000000
1913.887329 0.000000 4866.729492 0.000000 0.886819 0.000000 -0.462118 1.000000 1.000000 1.000000
1928.996582 0.000000 4870.803711 0.000000 -0.667753 0.000000 0.744383 1.000000 1.000000 1.000000
1431.180176 0.000000 4550.705566 0.000000 -0.584491 0.000000 0.811400 1.000000 1.000000 1.000000
1462.409546 0.000000 4546.818359 0.000000 -0.481259 0.000000 0.876578 1.000000 1.000000 1.000000
1483.139893 0.000000 4556.039551 0.000000 -0.764818 0.000000 0.644247 1.000000 1.000000 1.000000
1380.684448 0.000000 4475.621582 0.000000 -0.752683 0.000000 0.658384 1.000000 1.000000 1.000000
1380.628662 0.000000 4475.610352 0.000000 0.713371 0.000000 0.700787 1.000000 1.000000 1.000000
1399.222290 0.000000 4481.295898 0.000000 0.897718 0.000000 0.440570 1.000000 1.000000 1.000000
1489.245239 0.000000 4483.153320 0.000000 -0.411281 0.000000 0.911509 1.000000 1.000000 1.000000
1506.867554 0.000000 4416.653320 0.000000 -0.999800 0.000000 -0.020023 1.000000 1.000000 1.000000
1621.935547 0.000000 4227.794922 0.000000 -0.988055 0.000000 0.154103 1.000000 1.000000 1.000000
1623.540894 0.000000 4196.136719 0.000000 -0.992289 0.000000 0.123944 1.000000 1.000000 1.000000
1282.657227 0.000000 4523.394531 0.000000 -0.344451 0.000000 0.938804 1.000000 1.000000 1.000000
1248.032471 0.000000 4525.290039 0.000000 0.790754 0.000000 -0.612134 1.000000 1.000000 1.000000
1221.544067 0.000000 4508.523438 0.000000 -0.659207 0.000000 -0.751962 1.000000 1.000000 1.000000
1209.136719 0.000000 4508.515625 0.000000 -0.246206 0.000000 0.969217 1.000000 1.000000 1.000000
1163.781372 0.000000 4508.589844 0.000000 0.602408 0.000000 0.798188 1.000000 1.000000 1.000000
1163.872681 0.000000 4508.610352 0.000000 -0.831598 0.000000 0.555378 1.000000 1.000000 1.000000
1353.067017 0.000000 4393.130371 0.000000 0.671260 0.000000 -0.741222 1.000000 1.000000 1.000000
1322.492798 0.000000 4386.434570 0.000000 -0.777555 0.000000 -0.628815 1.000000 1.000000 1.000000
1282.727051 0.000000 4387.788574 0.000000 0.944820 0.000000 0.327589 1.000000 1.000000 1.000000
1282.686279 0.000000 4387.735352 0.000000 0.384776 0.000000 -0.923010 1.000000 1.000000 1.000000
1238.134033 0.000000 4391.847168 0.000000 0.802330 0.000000 -0.596880 1.000000 1.000000 1.000000
1186.472046 0.000000 4355.692871 0.000000 0.694416 0.000000 0.719573 1.015332 1.015332 1.015332
1186.475586 0.000000 4355.744141 0.000000 0.697970 0.000000 -0.716127 1.000000 1.000000 1.000000
1158.198975 0.000000 4341.580566 0.000000 0.850825 0.000000 -0.525449 1.000000 1.000000 1.000000
1135.510986 0.000000 4320.147461 0.000000 0.590689 0.000000 0.806899 1.000000 1.000000 1.000000
1070.394165 0.000000 4304.443359 0.000000 -0.164178 0.000000 0.986431 1.000000 1.000000 1.000000
1053.783569 0.000000 4330.778809 0.000000 -0.999732 0.000000 -0.023150 1.004883 1.004883 1.004883
972.298950 0.000000 4360.204102 0.000000 0.903665 0.000000 0.428242 1.002539 1.002539 1.002539
972.312561 0.000000 4360.176270 0.000000 -0.445246 0.000000 0.895408 1.000000 1.000000 1.000000
941.929138 0.000000 4368.020020 0.000000 0.884869 0.000000 0.465840 1.000000 1.000000 1.000000
928.247681 0.000000 4376.181152 0.000000 0.619086 0.000000 -0.785323 1.000000 1.000000 1.000000
1605.022217 0.000000 5241.397949 0.000000 0.390958 0.000000 0.920408 1.000000 1.000000 1.000000
1558.291748 0.000000 5215.300781 0.000000 0.733738 0.000000 0.679433 1.000000 1.000000 1.000000
1427.029419 0.000000 5209.614746 0.000000 -0.991203 0.000000 -0.132351 1.000000 1.000000 1.000000
2128.808594 0.000000 3480.965576 0.000000 0.579440 0.000000 0.815014 1.000000 1.000000 1.000000
2113.575439 0.000000 3478.205811 0.000000 0.263660 0.000000 0.964615 1.000000 1.000000 1.000000
1563.165283 0.000000 4297.765625 0.000000 0.932342 0.000000 0.361578 1.047210 1.047210 1.047210
1411.067871 0.000000 5232.086426 0.000000 0.939764 0.000000 0.341824 0.962411 0.962411 0.962411
1631.561890 0.000000 5251.416016 0.000000 -0.056580 0.000000 0.998398 1.000000 1.000000 1.000000
1616.385742 0.000000 5278.338867 0.000000 0.995938 0.000000 0.090038 1.000000 1.000000 1.000000
1626.463013 0.000000 5263.134766 0.000000 -0.832355 0.000000 -0.554242 1.000000 1.000000 1.000000
1657.798340 0.000000 5261.800781 0.000000 -0.537414 0.000000 0.843319 1.000000 1.000000 1.000000
1740.855957 0.000000 5259.498047 0.000000 -0.996789 0.000000 -0.080073 1.000000 1.000000 1.000000
1748.765747 0.000000 5245.987793 0.000000 -0.811264 0.000000 -0.584680 1.000000 1.000000 1.000000
1823.041992 0.000000 3527.971436 0.000000 -0.908208 0.000000 -0.418518 1.000000 1.000000 1.000000
1899.788574 0.000000 3479.456787 0.000000 -0.373347 0.000000 0.927692 1.000000 1.000000 1.000000
1977.077393 0.000000 3509.980469 0.000000 -0.908627 0.000000 0.417609 1.000000 1.000000 1.000000
2008.124512 0.000000 3524.468018 0.000000 0.658794 0.000000 -0.752324 1.000000 1.000000 1.000000
1992.435791 0.000000 3555.374268 0.000000 -0.248070 0.000000 0.968742 1.000000 1.000000 1.000000
1627.192261 0.000000 3391.879150 0.000000 -0.841334 -0.000000 -0.540515 1.000000 1.000000 1.000000
1627.281738 0.000000 3391.662354 0.000000 -0.517385 0.000000 0.855753 1.000000 1.000000 1.000000
1646.330200 0.000000 3389.348877 0.000000 -0.958914 0.000000 -0.283697 1.000000 1.000000 1.000000
1692.849365 0.000000 3360.983887 0.000000 0.812756 0.000000 0.582604 1.000000 1.000000 1.000000
1671.233887 0.000000 3370.709717 0.000000 0.945781 0.000000 0.324805 1.000000 1.000000 1.000000
1671.399658 0.000000 3370.504150 0.000000 -0.262188 0.000000 0.965017 1.000000 1.000000 1.000000
1632.126587 0.000000 3350.159424 0.000000 0.999743 0.000000 -0.022677 1.000000 1.000000 1.000000
1644.453979 0.000000 3337.297607 0.000000 0.100416 0.000000 0.994946 1.000000 1.000000 1.000000
1660.410034 0.000000 3352.670166 0.000000 -0.392502 0.000000 0.919751 1.000000 1.000000 1.000000
1753.849121 0.000000 3285.535156 0.000000 -0.938714 -0.000000 -0.344696 1.000000 1.000000 1.000000
1753.927246 0.000000 3285.485596 0.000000 -0.399746 0.000000 0.916626 1.000000 1.000000 1.000000
1772.765869 0.000000 3269.871338 0.000000 -0.997785 0.000000 -0.066529 1.000000 1.000000 1.000000
1844.105713 0.000000 3153.781738 0.000000 -0.921584 0.000000 -0.388180 1.000000 1.000000 1.000000
1841.420654 0.000000 3157.843750 0.000000 -0.071655 0.000000 0.997430 0.991406 0.991406 0.991406
1858.455200 0.000000 3147.663086 0.000000 -0.721475 0.000000 -0.692441 1.000000 1.000000 1.000000
1955.785889 0.000000 3207.505371 0.000000 -0.581429 0.000000 0.813598 1.000000 1.000000 1.000000
2004.926392 0.000000 3234.312012 0.000000 0.600658 0.000000 -0.799506 1.000000 1.000000 1.000000
2025.672607 0.000000 3252.741211 0.000000 -0.840811 0.000000 0.541329 1.000000 1.000000 1.000000
1831.803711 0.000000 3107.873779 0.000000 0.874948 0.000000 -0.484216 1.000000 1.000000 1.000000
1771.927856 0.000000 3076.844238 0.000000 0.953425 0.000000 -0.301629 1.000000 1.000000 1.000000
1760.935425 0.000000 3031.824707 0.000000 0.422017 0.000000 0.906588 1.000000 1.000000 1.000000
1604.112549 0.000000 3319.636719 0.000000 0.402184 0.000000 -0.915559 1.000000 1.000000 1.000000
1604.115601 0.000000 3319.634766 0.000000 0.906719 0.000000 0.421736 1.000000 1.000000 1.000000
1486.946655 0.000000 3393.696533 0.000000 0.996852 0.000000 -0.079282 1.000000 1.000000 1.000000
1490.186768 0.000000 3362.736328 0.000000 0.186703 0.000000 0.982416 1.000000 1.000000 1.000000
1243.584351 0.000000 3231.914062 0.000000 0.990687 0.000000 -0.136162 1.000000 1.000000 1.000000
1427.868408 0.000000 3120.142334 0.000000 -0.999952 0.000000 -0.009770 1.000000 1.000000 1.000000
1439.425049 0.000000 3091.220459 0.000000 0.000000 0.000000 1.000000 1.000000 1.000000 1.000000
1463.329102 0.000000 3064.083740 0.000000 0.021345 0.000000 0.999772 1.000000 1.000000 1.000000
1458.277588 0.000000 3078.921387 0.000000 -0.383107 0.000000 0.923704 1.000000 1.000000 1.000000
1402.046021 0.000000 2981.142090 0.000000 -0.066632 0.000000 0.997778 1.000000 1.000000 1.000000
1418.302612 0.000000 2954.522949 0.000000 -0.116571 0.000000 0.993182 1.000000 1.000000 1.000000
1402.082520 0.000000 2981.250732 0.000000 -0.998462 0.000000 -0.055442 1.000000 1.000000 1.000000
1441.315796 0.000000 2937.226074 0.000000 0.117723 0.000000 0.993047 0.972771 0.972771 0.972771
1509.403564 0.000000 2818.829834 0.000000 -0.011413 0.000000 0.999935 1.000000 1.000000 1.000000
1269.931763 0.000000 2936.554199 0.000000 0.996729 0.000000 -0.080818 1.000000 1.000000 1.000000
1275.018433 0.000000 2947.562256 0.000000 0.028362 0.000000 0.999598 1.000000 1.000000 1.000000
1274.343506 0.000000 2859.995605 0.000000 0.188577 0.000000 0.982059 1.000000 1.000000 1.000000
1277.493530 0.000000 2891.065186 0.000000 0.959513 0.000000 -0.281663 1.000000 1.000000 1.000000
1301.160767 0.000000 2858.193115 0.000000 -0.433217 0.000000 0.901290 1.000000 1.000000 1.000000
1301.105469 0.000000 2858.215576 0.000000 -0.895600 0.000000 -0.444860 1.000000 1.000000 1.000000
1341.740234 0.000000 2829.105957 0.000000 0.258947 0.000000 0.965891 1.000000 1.000000 1.000000
1254.962036 0.000000 2848.354736 0.000000 0.493682 0.000000 -0.869643 1.000000 1.000000 1.000000
1263.184814 0.000000 2848.989014 0.000000 0.550563 0.000000 0.834794 1.000000 1.000000 1.000000
1239.636230 0.000000 2850.948486 0.000000 0.738256 0.000000 -0.674521 1.000000 1.000000 1.000000
1210.436646 0.000000 2845.920410 0.000000 0.393771 0.000000 -0.919209 1.000000 1.000000 1.000000
1164.734863 0.000000 2849.581299 0.000000 0.848093 0.000000 0.529848 1.000000 1.000000 1.000000
1152.521362 0.000000 2842.070068 0.000000 0.686984 0.000000 -0.726672 1.000000 1.000000 1.000000
1115.404297 0.000000 2801.710205 0.000000 0.231122 0.000000 0.972925 1.000000 1.000000 1.000000
1133.163330 0.000000 2754.475586 0.000000 0.316601 0.000000 0.948559 1.030615 1.030615 1.030615
1122.134033 0.000000 2736.502441 0.000000 0.466506 0.000000 0.884518 1.007373 1.007373 1.007373
1118.433716 0.000000 2729.044678 0.000000 0.998426 0.000000 -0.056081 1.000000 1.000000 1.000000
1084.114014 0.000000 2771.413818 0.000000 0.347964 0.000000 -0.937508 1.000000 1.000000 1.000000
1054.906982 0.000000 2782.152344 0.000000 0.882820 0.000000 0.469711 1.000000 1.000000 1.000000
1039.963501 0.000000 2729.559082 0.000000 0.959509 0.000000 -0.281678 1.000000 1.000000 1.000000
1070.684326 0.000000 2624.297363 0.000000 -0.164818 0.000000 0.986324 1.000000 1.000000 1.000000
969.638184 0.000000 2765.269775 0.000000 0.955648 0.000000 0.294513 1.000000 1.000000 1.000000
977.398132 0.000000 2734.767090 0.000000 0.748563 0.000000 -0.663063 0.976782 0.976782 0.976782
945.075745 0.000000 2695.949707 0.000000 0.343706 0.000000 0.939077 1.000000 1.000000 1.000000
923.771973 0.000000 2685.829102 0.000000 0.715917 0.000000 0.698186 1.000000 1.000000 1.000000
950.537109 0.000000 2779.789062 0.000000 0.972764 0.000000 0.231800 1.000000 1.000000 1.000000
905.049988 0.000000 2813.192627 0.000000 -0.354887 0.000000 0.934909 1.000000 1.000000 1.000000
884.494141 0.000000 2820.936035 0.000000 0.696789 0.000000 -0.717276 1.000000 1.000000 1.000000
849.261841 0.000000 2831.448486 0.000000 0.999660 0.000000 0.026077 1.000000 1.000000 1.000000
767.317688 0.000000 2823.633057 0.000000 0.657894 0.000000 -0.753111 1.000000 1.000000 1.000000
767.260681 0.000000 2823.653564 0.000000 -0.850861 0.000000 -0.525390 1.000000 1.000000 1.000000
859.188293 0.000000 2874.870361 0.000000 0.079780 0.000000 0.996813 1.000000 1.000000 1.000000
843.973083 0.000000 2939.075439 0.000000 -0.468927 0.000000 0.883237 1.000000 1.000000 1.000000
851.926758 0.000000 2925.554688 0.000000 -0.078068 0.000000 0.996948 1.000000 1.000000 1.000000
851.903992 0.000000 2925.595703 0.000000 -0.997852 0.000000 -0.065509 1.000000 1.000000 1.000000
798.906494 0.000000 2936.662842 0.000000 -0.403623 0.000000 0.914926 1.003174 1.003174 1.003174
897.494263 0.000000 2487.286865 0.000000 0.991965 0.000000 0.126512 1.000000 1.000000 1.000000
897.521118 0.000000 2487.130615 0.000000 0.190975 0.000000 -0.981595 1.000000 1.000000 1.000000
872.715820 0.000000 2505.221680 0.000000 -0.930156 0.000000 -0.367164 1.000000 1.000000 1.000000
992.852539 0.000000 2452.806396 0.000000 -0.948659 0.000000 -0.316301 1.000000 1.000000 1.000000
896.016357 0.000000 2452.370605 0.000000 0.898155 0.000000 0.439679 1.000000 1.000000 1.000000
833.255493 0.000000 2477.136475 0.000000 -0.527883 0.000000 0.849317 1.000000 1.000000 1.000000
773.203857 0.000000 2459.470459 0.000000 0.286297 0.000000 0.958141 1.000000 1.000000 1.000000
755.620911 0.000000 2420.156738 0.000000 0.199130 0.000000 0.979973 1.000000 1.000000 1.000000
720.608826 0.000000 2373.251953 0.000000 0.804611 0.000000 0.593802 1.000000 1.000000 1.000000
702.487854 0.000000 2382.823975 0.000000 0.711308 0.000000 -0.702880 1.000000 1.000000 1.000000
680.013123 0.000000 2336.518799 0.000000 -0.401004 0.000000 0.916077 1.000000 1.000000 1.000000
695.478088 0.000000 2320.879150 0.000000 0.717937 0.000000 -0.696109 1.000000 1.000000 1.000000
666.966003 0.000000 2303.326660 0.000000 0.606857 0.000000 0.794811 1.000000 1.000000 1.000000
659.136719 0.000000 2275.446289 0.000000 0.217017 0.000000 0.976168 1.000000 1.000000 1.000000
707.165833 0.000000 2190.942627 0.000000 -0.661700 0.000000 0.749769 1.000000 1.000000 1.000000
730.894348 0.000000 2105.352051 0.000000 0.997464 0.000000 0.071179 1.000000 1.000000 1.000000
730.880920 0.000000 2105.253662 0.000000 -0.066038 0.000000 0.997817 1.000000 1.000000 1.000000
808.410400 0.000000 2044.896484 0.000000 -0.999992 0.000000 0.003970 1.000000 1.000000 1.000000
871.425354 0.000000 1997.613037 0.000000 -0.484259 0.000000 0.874924 1.000000 1.000000 1.000000
959.559631 0.000000 2146.916748 0.000000 -0.996966 0.000000 -0.077837 1.000000 1.000000 1.000000
938.842896 0.000000 2155.242920 0.000000 -0.748519 0.000000 0.663114 1.000000 1.000000 1.000000
945.649963 0.000000 2166.572021 0.000000 -0.373842 0.000000 0.927492 1.000000 1.000000 1.000000
917.776367 0.000000 2146.688965 0.000000 -0.400151 0.000000 0.916449 1.000000 1.000000 1.000000
932.148315 0.000000 2190.660400 0.000000 -0.952396 0.000000 0.304863 1.000000 1.000000 1.000000
882.551636 0.000000 2214.027100 0.000000 0.843239 0.000000 0.537539 1.000000 1.000000 1.000000
920.081238 0.000000 2211.369629 0.000000 -0.472999 0.000000 0.881063 1.000000 1.000000 1.000000
876.157227 0.000000 2138.176758 0.000000 0.687733 0.000000 0.725964 1.000000 1.000000 1.000000
857.652832 0.000000 2154.826660 0.000000 0.999971 0.000000 0.007640 1.000000 1.000000 1.000000
853.127075 0.000000 2130.879883 0.000000 0.746983 0.000000 0.664843 1.012622 1.012622 1.012622
765.300598 0.000000 2094.145752 0.000000 0.650130 0.000000 0.759823 1.000000 1.000000 1.000000
793.598511 0.000000 2107.501709 0.000000 0.699760 0.000000 -0.714378 1.000000 1.000000 1.000000
857.685547 0.000000 2154.500488 0.000000 -0.017753 0.000000 0.999842 1.000000 1.000000 1.000000
939.548218 0.000000 2226.710693 0.000000 -0.878202 0.000000 0.478290 1.000000 1.000000 1.000000
913.678345 0.000000 2254.357666 0.000000 0.650989 0.000000 -0.759087 1.000000 1.000000 1.000000
749.362244 0.000000 2337.754883 0.000000 -0.414324 0.000000 0.910129 1.000000 1.000000 1.000000
719.807983 0.000000 2348.371338 0.000000 -0.335317 0.000000 0.942105 1.000000 1.000000 1.000000
719.781677 0.000000 2348.412598 0.000000 0.911708 0.000000 0.410838 1.000000 1.000000 1.000000
708.541931 0.000000 2375.998047 0.000000 0.913631 0.000000 -0.406543 1.000000 1.000000 1.000000
820.658142 0.000000 2402.206543 0.000000 -0.256684 0.000000 0.966495 1.000000 1.000000 1.000000
1103.669067 0.000000 2489.777832 0.000000 -0.208974 0.000000 0.977921 1.000000 1.000000 1.000000
1144.277710 0.000000 2456.879639 0.000000 -0.269090 0.000000 0.963115 1.000000 1.000000 1.000000
1158.044067 0.000000 2453.857422 0.000000 -0.532223 0.000000 -0.846604 1.000000 1.000000 1.000000
1190.167358 0.000000 2544.222168 0.000000 0.945540 0.000000 -0.325507 1.000000 1.000000 1.000000
1185.694458 0.000000 2529.359619 0.000000 0.998888 0.000000 0.047143 1.000000 1.000000 1.000000
1203.799438 0.000000 2552.041260 0.000000 0.757758 0.000000 -0.652536 1.000000 1.000000 1.000000
1212.010376 0.000000 2584.827148 0.000000 -0.985120 0.000000 0.171868 1.000000 1.000000 1.000000
1172.932373 0.000000 2664.729004 0.000000 0.196453 0.000000 0.980513 1.000000 1.000000 1.000000
1250.299683 0.000000 2582.051025 0.000000 -0.607923 0.000000 0.793996 1.000000 1.000000 1.000000
1270.775757 0.000000 2573.699951 0.000000 -0.151001 0.000000 0.988534 1.000000 1.000000 1.000000
1358.919800 0.000000 2566.245361 0.000000 -0.756507 0.000000 0.653985 1.000000 1.000000 1.000000
1413.098755 0.000000 2582.978760 0.000000 0.384714 0.000000 0.923036 1.000000 1.000000 1.000000
1461.836792 0.000000 2611.802002 0.000000 0.363289 0.000000 0.931677 1.000000 1.000000 1.000000
1505.055542 0.000000 2695.376465 0.000000 -0.375421 0.000000 -0.926855 1.000000 1.000000 1.000000
1505.112915 0.000000 2695.467041 0.000000 0.887502 0.000000 -0.460805 1.000000 1.000000 1.000000
1508.484985 0.000000 2717.298584 0.000000 -0.346727 0.000000 0.937965 1.000000 1.000000 1.000000
1424.278809 0.000000 2724.057373 0.000000 -0.124402 0.000000 0.992232 1.000000 1.000000 1.000000
1377.900635 0.000000 2769.612793 0.000000 0.326873 0.000000 0.945068 1.000000 1.000000 1.000000
1377.900024 0.000000 2769.680420 0.000000 0.973871 0.000000 -0.227101 1.000000 1.000000 1.000000
1387.328491 0.000000 2551.184326 0.000000 -0.997492 0.000000 0.070782 1.000000 1.000000 1.000000
1311.179077 0.000000 2425.305664 0.000000 0.599755 0.000000 -0.800184 1.000000 1.000000 1.000000
1262.036255 0.000000 2407.216064 0.000000 -0.934760 0.000000 0.355282 1.000000 1.000000 1.000000
1247.739380 0.000000 2345.479980 0.000000 0.319118 0.000000 0.947715 1.000000 1.000000 1.000000
1474.926270 0.000000 2485.425049 0.000000 0.603954 0.000000 0.797019 1.000000 1.000000 1.000000
1566.993408 0.000000 2588.493408 0.000000 -0.675362 0.000000 0.737486 1.000000 1.000000 1.000000
1595.173462 0.000000 2589.489014 0.000000 0.741582 0.000000 -0.670863 1.011035 1.011035 1.011035
1648.587036 0.000000 2566.703857 0.000000 -0.036445 0.000000 0.999336 1.000000 1.000000 1.000000
1660.356567 0.000000 2537.201416 0.000000 0.989115 0.000000 -0.147143 1.000000 1.000000 1.000000
1615.209473 0.000000 2470.499268 0.000000 0.833116 0.000000 -0.553099 1.000000 1.000000 1.000000
1660.805664 0.000000 2604.298340 0.000000 0.729894 0.000000 -0.683560 1.000000 1.000000 1.000000
1676.360962 0.000000 2610.499512 0.000000 0.616237 0.000000 0.787561 1.000000 1.000000 1.000000
1701.711426 0.000000 2628.868164 0.000000 0.795114 0.000000 -0.606459 1.000000 1.000000 1.000000
1708.679443 0.000000 2627.004883 0.000000 -0.937858 0.000000 -0.347018 1.000000 1.000000 1.000000
1733.180176 0.000000 2629.765381 0.000000 0.580485 0.000000 0.814271 1.000000 1.000000 1.000000
1773.521240 0.000000 2686.315918 0.000000 0.931586 0.000000 -0.363521 1.000000 1.000000 1.000000
1850.241333 0.000000 2721.539795 0.000000 -0.731172 0.000000 0.682194 1.000000 1.000000 1.000000
1648.534302 0.000000 2406.485596 0.000000 -0.467315 0.000000 0.884091 1.000000 1.000000 1.000000
1665.145630 0.000000 2406.830811 0.000000 0.859388 0.000000 0.511323 1.000000 1.000000 1.000000
1688.436523 0.000000 2402.284668 0.000000 -0.940670 0.000000 -0.339322 1.000000 1.000000 1.000000
1733.551514 0.000000 2422.542725 0.000000 0.918149 0.000000 -0.396236 1.000000 1.000000 1.000000
1733.478638 0.000000 2422.478027 0.000000 0.414741 0.000000 0.909940 1.000000 1.000000 1.000000
1746.548584 0.000000 2450.935547 0.000000 0.930131 0.000000 -0.367228 1.000000 1.000000 1.000000
1761.957886 0.000000 2462.885986 0.000000 0.782976 0.000000 -0.622052 1.000000 1.000000 1.000000
1822.599487 0.000000 2442.012695 0.000000 -0.427487 0.000000 0.904021 1.000000 1.000000 1.000000
1822.542114 0.000000 2442.087646 0.000000 -0.936902 0.000000 -0.349593 1.000000 1.000000 1.000000
1833.697998 0.000000 2455.227295 0.000000 -0.734345 0.000000 -0.678777 1.000000 1.000000 1.000000
1843.425903 0.000000 2430.105225 0.000000 -0.971816 0.000000 -0.235741 1.000000 1.000000 1.000000
1855.264893 0.000000 2419.755127 0.000000 0.812765 0.000000 0.582591 1.000000 1.000000 1.000000
1886.494873 0.000000 2421.723633 0.000000 -0.596962 0.000000 0.802269 1.000000 1.000000 1.000000
1925.889771 0.000000 2412.907959 0.000000 -0.999488 0.000000 -0.031997 1.000000 1.000000 1.000000
1953.206299 0.000000 2389.928467 0.000000 0.756278 0.000000 0.654251 1.000000 1.000000 1.000000
1984.160645 0.000000 2394.290527 0.000000 -0.585134 0.000000 0.810936 1.000000 1.000000 1.000000
1877.751465 0.000000 2474.259277 0.000000 -0.772227 0.000000 0.635346 1.000000 1.000000 1.000000
1884.888184 0.000000 2478.456299 0.000000 0.327940 0.000000 0.944699 1.000000 1.000000 1.000000
1893.868774 0.000000 2499.113525 0.000000 0.576165 0.000000 0.817333 1.000000 1.000000 1.000000
1888.160156 0.000000 2555.026123 0.000000 0.944500 0.000000 0.328512 1.000000 1.000000 1.000000
1918.199219 0.000000 2636.023682 0.000000 -0.638138 0.000000 0.769922 1.000000 1.000000 1.000000
1926.447998 0.000000 2669.203125 0.000000 0.671538 0.000000 0.740970 1.000000 1.000000 1.000000
1962.990112 0.000000 2738.490967 0.000000 0.976059 0.000000 -0.217505 1.000000 1.000000 1.000000
2040.789917 0.000000 2830.154297 0.000000 0.526587 0.000000 0.850121 1.000000 1.000000 1.000000
2000.822144 0.000000 2833.201172 0.000000 -0.922216 0.000000 -0.386675 1.000000 1.000000 1.000000
1978.409668 0.000000 2833.398682 0.000000 -0.334390 0.000000 0.942435 1.000000 1.000000 1.000000
1971.920410 0.000000 2852.897461 0.000000 0.994147 0.000000 -0.108039 1.000000 1.000000 1.000000
1963.429321 0.000000 2875.408691 0.000000 0.999842 0.000000 0.017817 1.000000 1.000000 1.000000
1954.917969 0.000000 2893.376221 0.000000 0.319075 0.000000 0.947730 1.000000 1.000000 1.000000
1952.983276 0.000000 2821.493164 0.000000 0.399900 0.000000 0.916559 1.000000 1.000000 1.000000
1902.984253 0.000000 2799.556396 0.000000 0.809081 0.000000 -0.587696 1.000000 1.000000 1.000000
1914.620239 0.000000 2895.241943 0.000000 0.901344 0.000000 0.433103 1.000000 1.000000 1.000000
1884.559082 0.000000 2931.379639 0.000000 0.942874 0.000000 0.333149 1.000000 1.000000 1.000000
1862.169678 0.000000 2926.930420 0.000000 0.727413 0.000000 0.686200 1.000000 1.000000 1.000000
1862.154907 0.000000 2926.975586 0.000000 -0.658421 0.000000 0.752649 1.000000 1.000000 1.000000
1824.848022 0.000000 2923.902100 0.000000 0.905155 0.000000 0.425082 1.000000 1.000000 1.000000
1814.015991 0.000000 2920.901123 0.000000 0.578289 0.000000 -0.815832 1.000000 1.000000 1.000000
1772.662842 0.000000 2915.428223 0.000000 0.816944 0.000000 -0.576717 1.000000 1.000000 1.000000
1249.948486 0.000000 2250.117432 0.000000 -0.994468 0.000000 0.105042 1.000000 1.000000 1.000000
1255.505615 0.000000 2218.910645 0.000000 -0.999068 0.000000 -0.043158 1.000000 1.000000 1.000000
1079.264648 0.000000 2109.487793 0.000000 0.849258 0.000000 -0.527978 1.000000 1.000000 1.000000
1132.891968 0.000000 2140.919678 0.000000 0.349531 0.000000 0.936925 1.000000 1.000000 1.000000
1562.326294 0.000000 2368.382324 0.000000 0.529515 0.000000 0.848300 1.000000 1.000000 1.000000
1536.537598 0.000000 2304.104248 0.000000 0.509634 0.000000 0.860391 1.000000 1.000000 1.000000
1520.954346 0.000000 2263.097168 0.000000 0.366500 0.000000 0.930418 1.000000 1.000000 1.000000
1503.769043 0.000000 2208.751953 0.000000 -0.932812 0.000000 -0.360363 1.000000 1.000000 1.000000
1568.076416 0.000000 2201.405273 0.000000 -0.601884 0.000000 0.798583 1.000000 1.000000 1.000000
1588.959839 0.000000 2197.555908 0.000000 -0.896244 0.000000 -0.443562 1.000000 1.000000 1.000000
1618.288818 0.000000 2187.103516 0.000000 -0.389005 0.000000 0.921236 1.000000 1.000000 1.000000
1651.818604 0.000000 2187.719971 0.000000 0.759130 0.000000 -0.650939 1.000000 1.000000 1.000000
1788.473755 0.000000 2160.087646 0.000000 -0.225477 0.000000 0.974249 1.000000 1.000000 1.000000
1816.238037 0.000000 2133.362549 0.000000 0.854941 0.000000 0.518726 1.000000 1.000000 1.000000
1847.382202 0.000000 2129.065186 0.000000 -0.492760 0.000000 0.870165 1.000000 1.000000 1.000000
1853.068115 0.000000 2122.980713 0.000000 -0.995112 0.000000 -0.098751 1.000000 1.000000 1.000000
1875.848999 0.000000 2102.348633 0.000000 0.838615 0.000000 0.544725 1.000000 1.000000 1.000000
1952.999878 0.000000 2100.992188 0.000000 -0.713910 0.000000 -0.700238 1.000000 1.000000 1.000000
1971.667847 0.000000 2106.768799 0.000000 -0.910260 0.000000 -0.414037 1.000000 1.000000 1.000000
2045.703369 0.000000 2125.114014 0.000000 -0.706303 0.000000 -0.707909 1.000000 1.000000 1.000000
2003.636841 0.000000 1959.374756 0.000000 -0.797748 0.000000 0.602991 1.000000 1.000000 1.000000
1792.894531 0.000000 1989.684692 0.000000 0.984936 0.000000 0.172920 1.000000 1.000000 1.000000
1791.655151 0.000000 2005.511719 0.000000 -0.073238 0.000000 0.997315 1.000000 1.000000 1.000000
1705.131958 0.000000 2012.545654 0.000000 0.859537 0.000000 0.511074 1.000000 1.000000 1.000000
1819.180298 0.000000 2041.016724 0.000000 0.631370 0.000000 0.775481 1.000000 1.000000 1.000000
1844.934814 0.000000 2059.044189 0.000000 -0.796109 0.000000 0.605154 1.000000 1.000000 1.000000
1859.843018 0.000000 2073.722412 0.000000 -0.828099 0.000000 0.560582 1.000000 1.000000 1.000000
1875.975586 0.000000 2091.676270 0.000000 -0.846252 0.000000 0.532782 1.000000 1.000000 1.000000
1851.046875 0.000000 2037.755615 0.000000 0.234781 0.000000 -0.972048 1.000000 1.000000 1.000000
1855.458862 0.000000 2035.071045 0.000000 -0.733887 0.000000 -0.679272 1.000000 1.000000 1.000000
1959.343018 0.000000 2025.939087 0.000000 -0.392067 0.000000 0.919936 1.000000 1.000000 1.000000
838.607727 0.000000 3238.592041 0.000000 0.938086 0.000000 -0.346403 1.000000 1.000000 1.000000
834.850769 0.000000 3249.260742 0.000000 0.286100 0.000000 0.958200 1.000000 1.000000 1.000000
842.314697 0.000000 3279.761963 0.000000 0.948219 0.000000 -0.317618 1.000000 1.000000 1.000000
842.366394 0.000000 3279.751709 0.000000 0.311450 0.000000 0.950262 1.000000 1.000000 1.000000
868.453674 0.000000 3343.490967 0.000000 0.067849 0.000000 0.997696 1.000000 1.000000 1.000000
873.335327 0.000000 3379.641113 0.000000 0.873611 0.000000 -0.486624 1.000000 1.000000 1.000000
887.281128 0.000000 3440.692139 0.000000 0.991211 0.000000 0.132289 1.000000 1.000000 1.000000
887.271545 0.000000 3440.667480 0.000000 -0.162658 0.000000 0.986683 1.000000 1.000000 1.000000
774.067749 0.000000 3034.962402 0.000000 0.713339 0.000000 0.700820 1.000000 1.000000 1.000000
681.080139 0.000000 1943.432617 0.000000 -0.578196 0.000000 0.815898 1.000000 1.000000 1.000000
649.677551 0.000000 1942.365479 0.000000 0.816931 0.000000 0.576735 1.000000 1.000000 1.000000
756.696838 0.000000 2225.640137 0.000000 -0.803514 0.000000 0.595287 1.000000 1.000000 1.000000
768.763367 0.000000 2153.552490 0.000000 0.458660 0.000000 0.888612 1.000000 1.000000 1.000000
870.601196 0.000000 2235.320801 0.000000 -0.365612 0.000000 0.930767 1.000000 1.000000 1.000000
842.382568 0.000000 2249.047852 0.000000 0.932137 0.000000 0.362105 1.000000 1.000000 1.000000
942.962585 0.000000 2071.753662 0.000000 -0.982967 0.000000 0.183782 1.000000 1.000000 1.000000
758.721985 0.000000 3534.127686 0.000000 -0.986076 0.000000 -0.166297 1.000000 1.000000 1.000000
758.755798 0.000000 3534.118896 0.000000 -0.170602 0.000000 0.985340 1.000000 1.000000 1.000000
1208.224731 0.000000 2557.905518 0.000000 -0.056946 0.000000 0.998377 1.000000 1.000000 1.000000
1183.293945 0.000000 2581.320801 0.000000 0.677414 0.000000 -0.735602 1.000000 1.000000 1.000000
1122.788208 0.000000 2539.682617 0.000000 -0.642171 0.000000 0.766562 1.000000 1.000000 1.000000
910.989441 0.000000 2014.991577 0.000000 -0.827500 0.000000 0.561466 1.000000 1.000000 1.000000
"}
object={
	name="Minor Road_45 Medium"
	render_pass=Map
	clamp_to_water_level=no
	generated_content=no
	layer="AGOT_roads"
	pdxmesh="45medium_short_mesh"
	count=333
	transform="2079.651367 0.000000 3683.955566 0.000000 0.744655 0.000000 -0.667449 1.000000 1.000000 1.000000
2018.920898 0.000000 3644.595459 0.000000 0.729800 0.000000 -0.683660 1.010107 1.010107 1.010107
2018.834961 0.000000 3644.343506 0.000000 0.719078 0.000000 0.694929 1.000000 1.000000 1.000000
1981.557739 0.000000 3603.719727 0.000000 0.890645 0.000000 -0.454700 1.000000 1.000000 1.000000
1968.845581 0.000000 3584.682617 0.000000 0.585419 0.000000 0.810731 1.000000 1.000000 1.000000
1962.823608 0.000000 3579.179199 0.000000 0.995356 0.000000 -0.096260 1.000000 1.000000 1.000000
1968.972656 0.000000 3584.992188 0.000000 0.833916 0.000000 -0.551891 1.000000 1.000000 1.000000
2113.947510 0.000000 3517.975586 0.000000 -0.098200 0.000000 0.995167 1.000000 1.000000 1.000000
2171.328125 0.000000 3530.514404 0.000000 -0.869716 0.000000 0.493553 1.000000 1.000000 1.000000
1946.179688 0.000000 3702.603027 0.000000 0.690751 0.000000 0.723092 1.000000 1.000000 1.000000
1931.118896 0.000000 3695.164062 0.000000 -0.661798 0.000000 -0.749683 1.000000 1.000000 1.000000
1946.237427 0.000000 3702.865967 0.000000 0.729957 0.000000 -0.683493 1.000000 1.000000 1.000000
1838.587036 0.000000 3560.512695 0.000000 -0.938785 0.000000 0.344504 1.000000 1.000000 1.000000
1838.643188 0.000000 3560.153076 0.000000 0.279740 0.000000 0.960076 1.000000 1.000000 1.000000
1828.876099 0.000000 3600.393799 0.000000 -0.036338 0.000000 0.999340 1.010107 1.010107 1.010107
1680.597778 0.000000 3992.465576 0.000000 0.713488 0.000000 0.700667 1.000000 1.000000 1.000000
1350.222900 0.000000 3746.618408 0.000000 0.862821 0.000000 -0.505510 1.000000 1.000000 1.000000
1330.207397 0.000000 3739.307861 0.000000 0.927807 0.000000 0.373060 1.000000 1.000000 1.000000
1337.703857 0.000000 3735.655273 0.000000 0.640754 0.000000 0.767746 1.000000 1.000000 1.000000
1267.108643 0.000000 3650.935059 0.000000 -0.927597 0.000000 0.373583 1.000000 1.000000 1.000000
1260.640869 0.000000 3608.539795 0.000000 0.783612 0.000000 -0.621251 1.000000 1.000000 1.000000
1317.758057 0.000000 3572.549316 0.000000 -0.981190 0.000000 -0.193045 1.000000 1.000000 1.000000
1318.030396 0.000000 3572.493896 0.000000 -0.292519 0.000000 0.956260 1.000000 1.000000 1.000000
1769.627563 0.000000 3898.149414 0.000000 -0.733161 0.000000 -0.680055 1.000000 1.000000 1.000000
1806.136230 0.000000 3916.392334 0.000000 -0.786575 0.000000 0.617495 1.000000 1.000000 1.000000
1792.115356 0.000000 3906.826660 0.000000 -0.630322 0.000000 -0.776334 1.000000 1.000000 1.000000
1889.979858 0.000000 3912.606445 0.000000 -0.834897 0.000000 0.550406 1.000000 1.000000 1.000000
2069.756104 0.000000 2774.732910 0.000000 -0.830146 0.000000 0.557546 1.000000 1.000000 1.000000
2074.076904 0.000000 2803.899658 0.000000 0.871363 0.000000 -0.490638 1.000000 1.000000 1.000000
2071.840576 0.000000 2815.605469 0.000000 0.999952 0.000000 -0.009770 1.000000 1.000000 1.000000
2072.064453 0.000000 2815.535889 0.000000 0.000000 0.000000 1.000000 1.000000 1.000000 1.000000
2061.075439 0.000000 2837.299805 0.000000 -0.212449 0.000000 0.977172 1.000000 1.000000 1.000000
2074.429199 0.000000 2131.244629 0.000000 -0.928899 0.000000 -0.370334 1.000000 1.000000 1.000000
2094.935303 0.000000 2091.303467 0.000000 -0.987279 0.000000 -0.158995 1.000000 1.000000 1.000000
2109.622803 0.000000 2046.390259 0.000000 0.243824 0.000000 0.969820 1.007886 1.007886 1.007886
2104.479980 0.000000 1997.389893 0.000000 -0.877668 0.000000 -0.479269 1.000000 1.000000 1.000000
2112.214600 0.000000 1995.437866 0.000000 0.643456 0.000000 0.765483 1.000000 1.000000 1.000000
1892.765869 0.000000 1920.298828 0.000000 0.976560 0.000000 0.215247 1.000000 1.000000 1.000000
1906.717529 0.000000 1911.181641 0.000000 -0.389891 0.000000 0.920861 1.000000 1.000000 1.000000
1633.939575 0.000000 5219.925293 0.000000 -0.994951 0.000000 -0.100360 1.000000 1.000000 1.000000
1658.041504 0.000000 5091.981934 0.000000 0.375639 0.000000 0.926766 0.995605 0.995605 0.995605
1639.840454 0.000000 5042.767090 0.000000 0.603516 0.000000 0.797351 1.000000 1.000000 1.000000
1669.118652 0.000000 4962.976074 0.000000 -0.921572 0.000000 -0.388208 1.000000 1.000000 1.000000
1716.992676 0.000000 4934.662598 0.000000 -0.869862 0.000000 -0.493295 1.000000 1.000000 1.000000
1748.651978 0.000000 4912.050293 0.000000 -0.260436 0.000000 0.965491 1.000000 1.000000 1.000000
1748.352173 0.000000 4912.058105 0.000000 -0.980624 0.000000 -0.195903 1.000000 1.000000 1.000000
1587.672852 0.000000 4986.190918 0.000000 -0.970905 0.000000 0.239467 1.018848 1.018848 1.018848
1578.189209 0.000000 4959.746094 0.000000 -0.879000 0.000000 0.476822 1.000000 1.000000 1.000000
1552.262817 0.000000 4915.744629 0.000000 -0.906764 0.000000 0.421640 1.000000 1.000000 1.000000
1491.462646 0.000000 4834.983887 0.000000 0.354944 0.000000 0.934888 1.000000 1.000000 1.000000
1478.713623 0.000000 4836.749023 0.000000 0.925201 0.000000 0.379478 1.000000 1.000000 1.000000
1462.347046 0.000000 4816.083496 0.000000 0.503622 0.000000 0.863924 1.000000 1.000000 1.000000
1392.197632 0.000000 4697.832520 0.000000 0.841771 0.000000 -0.539835 1.000000 1.000000 1.000000
1426.723267 0.000000 4720.970703 0.000000 0.630648 0.000000 0.776069 1.000000 1.000000 1.000000
1448.114502 0.000000 4730.068359 0.000000 -0.253933 0.000000 0.967222 1.000000 1.000000 1.000000
1578.288818 0.000000 4713.066406 0.000000 0.835384 0.000000 0.549667 1.000000 1.000000 1.000000
1720.600586 0.000000 4737.942871 0.000000 -0.540293 0.000000 0.841477 1.000000 1.000000 1.000000
1804.782715 0.000000 4814.986816 0.000000 -0.684558 0.000000 0.728958 1.000000 1.000000 1.000000
1896.255493 0.000000 4842.956055 0.000000 -0.732804 0.000000 0.680440 1.002637 1.002637 1.002637
1406.997437 0.000000 4549.975098 0.000000 0.829968 0.000000 0.557812 1.000000 1.000000 1.000000
1601.622559 0.000000 4558.479004 0.000000 0.820283 0.000000 -0.571958 1.000000 1.000000 1.000000
1613.732178 0.000000 4249.735840 0.000000 -0.922287 0.000000 -0.386506 1.000000 1.000000 1.000000
1642.459106 0.000000 4174.579590 0.000000 -0.954382 0.000000 -0.298587 1.000000 1.000000 1.000000
1654.753540 0.000000 4163.321289 0.000000 -0.150111 0.000000 0.988669 1.000000 1.000000 1.000000
1654.524170 0.000000 4163.395508 0.000000 -0.979532 0.000000 -0.201287 1.000000 1.000000 1.000000
1661.072632 0.000000 4153.642578 0.000000 -0.973745 0.000000 0.227642 1.000000 1.000000 1.000000
1348.324829 0.000000 4531.681641 0.000000 -0.309674 0.000000 0.950843 1.000000 1.000000 1.000000
1341.183228 0.000000 4536.331543 0.000000 0.639305 0.000000 -0.768953 1.000000 1.000000 1.000000
1302.067749 0.000000 4526.088379 0.000000 -0.832106 0.000000 0.554616 1.000000 1.000000 1.000000
1282.481445 0.000000 4523.455078 0.000000 0.972369 0.000000 0.233448 1.000000 1.000000 1.000000
1260.146606 0.000000 4396.407715 0.000000 0.900848 0.000000 0.434134 1.000000 1.000000 1.000000
1127.238647 0.000000 4321.852539 0.000000 0.879676 0.000000 0.475574 1.000000 1.000000 1.000000
866.497314 0.000000 3609.051758 0.000000 -0.783385 0.000000 0.621537 1.000000 1.000000 1.000000
890.667908 0.000000 3613.059082 0.000000 -0.589900 0.000000 0.807476 1.009717 1.009717 1.009717
912.934082 0.000000 3627.451660 0.000000 -0.589691 0.000000 0.807629 1.000000 1.000000 1.000000
925.781616 0.000000 3617.874512 0.000000 -0.931722 0.000000 -0.363172 1.000000 1.000000 1.000000
1516.357910 0.000000 5208.300781 0.000000 -0.569122 0.000000 0.822253 1.008398 1.008398 1.008398
2128.809570 0.000000 3481.135010 0.000000 -0.892673 0.000000 0.450705 1.000000 1.000000 1.000000
2113.451172 0.000000 3478.361816 0.000000 0.996919 0.000000 -0.078446 1.013232 1.013232 1.013232
1585.527344 0.000000 4289.314453 0.000000 0.170729 0.000000 0.985318 1.000000 1.000000 1.000000
1559.052124 0.000000 4337.702148 0.000000 -0.165961 0.000000 0.986132 1.000000 1.000000 1.000000
1545.917358 0.000000 4320.058594 0.000000 0.722516 0.000000 0.691355 1.000000 1.000000 1.000000
1556.664917 0.000000 4325.236328 0.000000 0.389680 0.000000 0.920950 1.000000 1.000000 1.000000
2116.015625 0.000000 3484.520752 0.000000 0.995540 0.000000 0.094337 1.000000 1.000000 1.000000
2115.341797 0.000000 3461.467041 0.000000 0.188652 0.000000 0.982044 1.000000 1.000000 1.000000
1584.856812 0.000000 4287.151367 0.000000 -0.375356 0.000000 0.926881 0.997581 0.997581 0.997581
1577.850220 0.000000 4290.354004 0.000000 0.693889 0.000000 0.720082 1.079492 1.079492 1.079492
1427.151855 0.000000 5218.125000 0.000000 0.980719 0.000000 -0.195424 1.000000 1.000000 1.000000
1781.063599 0.000000 5262.204102 0.000000 0.255733 0.000000 0.966747 1.000000 1.000000 1.000000
1783.861206 0.000000 5278.990234 0.000000 0.958009 0.000000 -0.286740 1.000000 1.000000 1.000000
1787.664551 0.000000 5278.268555 0.000000 -0.941125 0.000000 -0.338058 1.000000 1.000000 1.000000
1807.604248 0.000000 5279.967285 0.000000 0.720925 0.000000 -0.693013 1.000000 1.000000 1.000000
1926.872314 0.000000 3538.432617 0.000000 0.883910 0.000000 -0.467657 1.000000 1.000000 1.000000
1845.621216 0.000000 3519.393066 0.000000 -0.379651 0.000000 0.925130 1.000000 1.000000 1.000000
1858.473633 0.000000 3510.320312 0.000000 -0.278905 0.000000 0.960319 1.000000 1.000000 1.000000
1823.116455 0.000000 3527.954346 0.000000 -0.417793 0.000000 0.908542 1.000000 1.000000 1.000000
1864.167969 0.000000 3486.819336 0.000000 -0.895457 0.000000 -0.445147 1.000000 1.000000 1.000000
1861.311157 0.000000 3494.656738 0.000000 -0.999999 0.000000 0.000651 1.000000 1.000000 1.000000
1899.703735 0.000000 3479.380859 0.000000 -0.924175 0.000000 -0.381970 1.000000 1.000000 1.000000
1935.154175 0.000000 3479.613037 0.000000 -0.524055 0.000000 0.851685 1.000000 1.000000 1.000000
1960.602295 0.000000 3485.576660 0.000000 0.754334 0.000000 -0.656491 1.000000 1.000000 1.000000
1946.755493 0.000000 3475.964355 0.000000 -0.585213 0.000000 -0.810879 1.000000 1.000000 1.000000
1938.337158 0.000000 3477.374512 0.000000 -0.867382 0.000000 -0.497642 1.000000 1.000000 1.000000
1977.143799 0.000000 3509.859131 0.000000 0.362337 0.000000 0.932047 1.000000 1.000000 1.000000
1997.675781 0.000000 3549.130127 0.000000 0.893791 0.000000 0.448484 1.000000 1.000000 1.000000
1992.252930 0.000000 3555.409180 0.000000 0.984344 0.000000 0.176255 1.000000 1.000000 1.000000
2012.461426 0.000000 3554.572754 0.000000 -0.698724 0.000000 -0.715392 1.000000 1.000000 1.000000
1830.536011 0.000000 3537.345215 0.000000 -0.971247 0.000000 0.238074 1.000000 1.000000 1.000000
1829.564819 0.000000 3528.952881 0.000000 -0.982552 0.000000 -0.185988 1.000000 1.000000 1.000000
1596.056396 0.000000 3395.320312 0.000000 -0.527559 0.000000 0.849518 1.000000 1.000000 1.000000
1692.989624 0.000000 3361.056396 0.000000 -0.480470 0.000000 0.877011 1.000000 1.000000 1.000000
1675.741211 0.000000 3346.182129 0.000000 0.430293 0.000000 -0.902689 1.000000 1.000000 1.000000
1660.153931 0.000000 3352.743896 0.000000 -0.938892 0.000000 -0.344212 1.000000 1.000000 1.000000
1793.335449 0.000000 3229.859131 0.000000 0.216011 0.000000 0.976391 1.000000 1.000000 1.000000
1812.149780 0.000000 3213.934326 0.000000 -0.998627 0.000000 0.052385 1.000000 1.000000 1.000000
1888.612915 0.000000 3167.835205 0.000000 -0.615340 0.000000 -0.788262 1.000000 1.000000 1.000000
1888.516602 0.000000 3168.031982 0.000000 -0.799934 0.000000 0.600088 1.000000 1.000000 1.000000
1898.266724 0.000000 3189.332031 0.000000 0.953614 0.000000 -0.301033 1.000000 1.000000 1.000000
1895.582764 0.000000 3172.659668 0.000000 0.227602 0.000000 0.973755 1.000000 1.000000 1.000000
2004.808350 0.000000 3234.160156 0.000000 0.729775 0.000000 0.683687 1.000000 1.000000 1.000000
1854.811890 0.000000 3141.268799 0.000000 -0.940694 0.000000 0.339256 1.000000 1.000000 1.000000
1847.401123 0.000000 3115.211182 0.000000 0.445007 0.000000 0.895527 1.000000 1.000000 1.000000
1760.943970 0.000000 3032.008301 0.000000 0.913622 0.000000 -0.406564 1.019873 1.019873 1.019873
1717.414795 0.000000 3002.693848 0.000000 0.724022 0.000000 0.689776 1.000000 1.000000 1.000000
1708.294556 0.000000 2994.677246 0.000000 0.547426 0.000000 0.836854 1.000000 1.000000 1.000000
1563.862061 0.000000 3318.121826 0.000000 -0.446195 0.000000 0.894936 1.000000 1.000000 1.000000
1516.434692 0.000000 3329.827881 0.000000 0.926751 0.000000 0.375677 1.000000 1.000000 1.000000
1495.126465 0.000000 3351.671875 0.000000 0.065618 0.000000 -0.997845 1.000000 1.000000 1.000000
1494.865967 0.000000 3351.652832 0.000000 0.997876 0.000000 0.065135 1.000000 1.000000 1.000000
1492.602539 0.000000 3408.620850 0.000000 0.255645 0.000000 0.966771 1.000000 1.000000 1.000000
1265.876465 0.000000 3375.921143 0.000000 -0.881347 0.000000 0.472470 1.000000 1.000000 1.000000
1248.035522 0.000000 3342.387207 0.000000 0.814269 0.000000 -0.580488 1.000000 1.000000 1.000000
1242.425903 0.000000 3279.914551 0.000000 -0.233452 0.000000 0.972368 0.994653 0.994653 0.994653
1256.999146 0.000000 3202.841064 0.000000 0.740389 0.000000 0.672179 1.000000 1.000000 1.000000
1338.892456 0.000000 3147.544678 0.000000 -0.500455 0.000000 0.865763 0.973242 0.973242 0.973242
1323.125977 0.000000 3151.462891 0.000000 0.911379 0.000000 0.411569 0.946539 0.946539 0.946539
1338.731079 0.000000 3147.374023 0.000000 -0.826646 0.000000 -0.562723 1.000000 1.000000 1.000000
1445.149170 0.000000 2910.704590 -0.000000 0.054615 0.000000 0.998508 1.000000 1.000000 1.000000
1441.665283 0.000000 2902.973877 0.000000 0.382276 0.000000 0.924048 1.000000 1.000000 1.000000
1500.735718 0.000000 2840.849121 0.000000 -0.999946 0.000000 0.010356 1.000000 1.000000 1.000000
1500.983887 0.000000 2840.451172 0.000000 0.119632 0.000000 0.992818 1.000000 1.000000 1.000000
1265.209839 0.000000 2969.134277 0.000000 -0.991243 0.000000 -0.132049 1.000000 1.000000 1.000000
1271.798462 0.000000 2939.787842 0.000000 0.371435 0.000000 0.928459 1.000000 1.000000 1.000000
1277.584229 0.000000 2890.946533 0.000000 0.315210 0.000000 0.949022 1.000000 1.000000 1.000000
1275.744141 0.000000 2869.830322 0.000000 -0.982563 0.000000 -0.185928 1.000000 1.000000 1.000000
1344.220337 0.000000 2844.579346 0.000000 -0.143636 0.000000 0.989631 1.000000 1.000000 1.000000
1254.796753 0.000000 2848.302002 0.000000 0.802854 0.000000 0.596175 1.000000 1.000000 1.000000
1210.291260 0.000000 2845.862305 0.000000 0.945880 0.000000 0.324517 1.000000 1.000000 1.000000
1217.524780 0.000000 2841.439209 0.000000 0.731671 0.000000 0.681658 1.000000 1.000000 1.000000
1122.138184 0.000000 2736.646729 0.000000 0.915841 0.000000 -0.401539 1.000000 1.000000 1.000000
1118.434814 0.000000 2696.892822 0.000000 -0.961855 0.000000 -0.273556 1.000000 1.000000 1.000000
1131.144043 0.000000 2685.689941 0.000000 -0.193504 0.000000 0.981100 1.000000 1.000000 1.000000
1130.829346 0.000000 2685.715088 0.000000 -0.977610 0.000000 -0.210425 1.000000 1.000000 1.000000
1111.417114 0.000000 2777.876221 0.000000 0.244712 0.000000 0.969596 1.000000 1.000000 1.000000
1083.913818 0.000000 2771.384766 0.000000 0.885103 0.000000 0.465395 1.000000 1.000000 1.000000
1035.707275 0.000000 2705.672852 0.000000 0.256264 0.000000 0.966606 1.003784 1.003784 1.003784
1035.578979 0.000000 2705.990234 0.000000 -0.991188 0.000000 0.132463 1.000000 1.000000 1.000000
1040.441284 0.000000 2674.754639 0.000000 0.887825 0.000000 -0.460182 1.000000 1.000000 1.000000
1040.476562 0.000000 2674.450928 0.000000 0.295917 0.000000 0.955214 1.000000 1.000000 1.000000
1040.114624 0.000000 2648.630615 0.000000 -0.117374 0.000000 0.993088 1.000000 1.000000 1.000000
1018.029480 0.000000 2749.759033 0.000000 0.539317 0.000000 0.842103 1.000000 1.000000 1.000000
1009.830200 0.000000 2751.707520 0.000000 0.881951 0.000000 0.471340 1.000000 1.000000 1.000000
957.540161 0.000000 2722.715576 0.000000 0.605218 0.000000 0.796060 0.949316 0.949316 0.949316
885.392151 0.000000 2663.941162 0.000000 0.337386 0.000000 0.941366 1.000000 1.000000 1.000000
969.788635 0.000000 2765.333984 0.000000 -0.345747 0.000000 0.938328 1.000000 1.000000 1.000000
950.695557 0.000000 2779.801514 0.000000 -0.258933 0.000000 0.965896 1.000000 1.000000 1.000000
721.369934 0.000000 2818.709961 0.000000 0.891877 0.000000 0.452278 1.000000 1.000000 1.000000
845.185608 0.000000 2832.856201 0.000000 0.548536 0.000000 0.836127 1.000000 1.000000 1.000000
859.056702 0.000000 2874.909180 0.000000 0.991831 0.000000 -0.127555 1.000000 1.000000 1.000000
854.718384 0.000000 2898.635254 0.000000 -0.992515 0.000000 0.122126 1.000000 1.000000 1.000000
911.997925 0.000000 2548.998291 0.000000 0.662854 0.000000 0.748748 1.000000 1.000000 1.000000
904.399902 0.000000 2552.499756 0.000000 -0.541961 0.000000 0.840403 1.000000 1.000000 1.000000
904.149048 0.000000 2552.329346 0.000000 0.920136 0.000000 0.391600 1.000000 1.000000 1.000000
982.762695 0.000000 2463.749023 0.000000 0.990737 0.000000 0.135798 1.000000 1.000000 1.000000
1014.373413 0.000000 2432.124512 0.000000 0.139558 0.000000 0.990214 1.000000 1.000000 1.000000
1013.708496 0.000000 2440.576904 0.000000 -0.346305 0.000000 0.938122 1.000000 1.000000 1.000000
1014.204041 0.000000 2432.252441 0.000000 -0.983463 0.000000 0.181112 1.000000 1.000000 1.000000
1014.277954 0.000000 2415.184082 0.000000 0.189348 0.000000 0.981910 1.000000 1.000000 1.000000
948.998901 0.000000 2432.031250 0.000000 0.650635 0.000000 0.759391 1.000000 1.000000 1.000000
778.765442 0.000000 2477.806885 0.000000 -0.599079 0.000000 -0.800690 1.000000 1.000000 1.000000
791.327209 0.000000 2489.225586 0.000000 0.842762 0.000000 -0.538286 1.000000 1.000000 1.000000
749.944153 0.000000 2405.142578 0.000000 -0.997397 0.000000 -0.072101 1.000000 1.000000 1.000000
709.835205 0.000000 2378.811279 0.000000 0.954672 0.000000 0.297661 1.000000 1.000000 1.000000
710.021423 0.000000 2378.916504 0.000000 -0.351425 0.000000 0.936216 1.000000 1.000000 1.000000
673.589783 0.000000 2369.984375 0.000000 -0.783019 0.000000 0.621997 1.000000 1.000000 1.000000
660.859924 0.000000 2358.944580 0.000000 -0.532152 0.000000 -0.846649 1.000000 1.000000 1.000000
657.957886 0.000000 2346.307861 0.000000 -0.940994 0.000000 -0.338425 1.000000 1.000000 1.000000
679.873230 0.000000 2336.472900 0.000000 -0.911507 0.000000 -0.411285 1.000000 1.000000 1.000000
653.579834 0.000000 2260.458496 0.000000 -0.995358 0.000000 0.096244 1.000000 1.000000 1.000000
682.007324 0.000000 2195.338135 0.000000 0.999380 0.000000 -0.035199 1.000000 1.000000 1.000000
719.135437 0.000000 2126.343262 0.000000 -0.997608 0.000000 -0.069117 1.000000 1.000000 1.000000
720.849121 0.000000 2134.570801 0.000000 -0.960388 0.000000 0.278666 1.000000 1.000000 1.000000
744.123474 0.000000 2085.422363 0.000000 -0.973797 -0.000000 -0.227421 1.000000 1.000000 1.000000
744.363098 0.000000 2085.410889 0.000000 -0.179172 0.000000 0.983818 1.000000 1.000000 1.000000
783.953247 0.000000 2061.665039 0.000000 -0.425058 0.000000 0.905166 1.000000 1.000000 1.000000
767.485046 0.000000 2064.917725 0.000000 -0.846191 0.000000 -0.532880 1.000000 1.000000 1.000000
744.998779 0.000000 2150.136475 0.000000 0.864429 0.000000 0.502755 1.000000 1.000000 1.000000
821.340088 0.000000 2018.464722 0.000000 -0.028972 0.000000 0.999580 1.000000 1.000000 1.000000
926.820679 0.000000 2028.464233 0.000000 0.568307 0.000000 0.822817 1.000000 1.000000 1.000000
948.285217 0.000000 2081.710205 0.000000 0.228790 0.000000 0.973476 1.000000 1.000000 1.000000
950.890198 0.000000 2098.401611 0.000000 0.954816 0.000000 -0.297196 1.000000 1.000000 1.000000
959.655518 0.000000 2146.745361 0.000000 -0.058872 0.000000 0.998266 1.000000 1.000000 1.000000
938.767334 0.000000 2155.112061 0.000000 0.652458 0.000000 0.757825 1.000000 1.000000 1.000000
903.194885 0.000000 2152.530518 0.000000 0.712717 0.000000 -0.701452 1.000000 1.000000 1.000000
863.533447 0.000000 2140.268799 0.000000 0.913638 0.000000 0.406528 1.000000 1.000000 1.000000
876.226990 0.000000 2138.267822 0.000000 0.718425 0.000000 -0.695604 1.004517 1.004517 1.004517
837.100586 0.000000 2129.871582 0.000000 0.767230 0.000000 -0.641373 1.000000 1.000000 1.000000
793.500366 0.000000 2107.397949 0.000000 0.697282 0.000000 0.716797 1.000000 1.000000 1.000000
765.493958 0.000000 2094.270752 0.000000 0.730608 0.000000 -0.682797 1.000000 1.000000 1.000000
898.342590 0.000000 2310.354004 0.000000 -0.103612 0.000000 0.994618 1.000000 1.000000 1.000000
830.848511 0.000000 2328.256592 0.000000 -0.580783 0.000000 0.814059 1.007788 1.007788 1.007788
822.227600 0.000000 2327.964111 0.000000 0.844752 0.000000 -0.535157 1.000000 1.000000 1.000000
809.745850 0.000000 2316.452393 0.000000 0.596962 0.000000 0.802269 1.000000 1.000000 1.000000
770.446594 0.000000 2321.658447 0.000000 0.904847 0.000000 0.425737 1.000000 1.000000 1.000000
818.054932 0.000000 2324.754639 0.000000 0.139286 0.000000 0.990252 1.031159 1.031159 1.031159
811.253296 0.000000 2386.248047 0.000000 -0.723132 0.000000 0.690709 1.000000 1.000000 1.000000
819.742615 0.000000 2393.825684 0.000000 0.237048 0.000000 0.971498 1.000000 1.000000 1.000000
657.452698 0.000000 2246.437256 0.000000 0.982958 0.000000 0.183834 1.000000 1.000000 1.000000
1095.033325 0.000000 2525.534424 0.000000 0.197859 0.000000 0.980231 1.000000 1.000000 1.000000
1095.363892 0.000000 2533.948730 0.000000 -0.129881 0.000000 0.991530 1.000000 1.000000 1.000000
1076.808716 0.000000 2508.704834 0.000000 0.707874 0.000000 0.706339 1.083472 1.083472 1.083472
1188.339478 0.000000 2486.475830 0.000000 0.314805 0.000000 0.949157 1.000000 1.000000 1.000000
1195.834473 0.000000 2507.467041 0.000000 0.000000 0.000000 1.000000 1.000000 1.000000 1.000000
1212.148560 0.000000 2565.426514 0.000000 -0.909992 0.000000 0.414626 1.000000 1.000000 1.000000
1207.876221 0.000000 2610.882812 0.000000 -0.513279 0.000000 0.858222 1.000000 1.000000 1.000000
1214.049683 0.000000 2600.472412 0.000000 0.000000 0.000000 1.000000 1.000000 1.000000 1.000000
1193.214600 0.000000 2609.441406 0.000000 -0.831183 0.000000 0.555999 1.000000 1.000000 1.000000
1157.646851 0.000000 2636.501953 0.000000 0.999776 0.000000 -0.021152 1.000000 1.000000 1.000000
1173.450439 0.000000 2680.340088 0.000000 -0.276677 0.000000 0.960963 1.000000 1.000000 1.000000
1226.238647 0.000000 2580.346191 0.000000 0.826719 0.000000 0.562615 1.000000 1.000000 1.000000
1226.564941 0.000000 2580.468750 0.000000 0.522683 0.000000 -0.852528 1.000000 1.000000 1.000000
1292.655029 0.000000 2575.908447 0.000000 -0.633734 0.000000 0.773551 1.000000 1.000000 1.000000
1313.610352 0.000000 2552.891113 0.000000 -0.855308 0.000000 -0.518120 1.000000 1.000000 1.000000
1309.292847 0.000000 2560.219727 0.000000 -0.996442 0.000000 -0.084285 1.000000 1.000000 1.000000
1309.596558 0.000000 2560.052002 0.000000 0.000000 0.000000 1.000000 1.000000 1.000000 1.000000
1337.790161 0.000000 2554.617432 0.000000 -0.672142 0.000000 -0.740423 1.000000 1.000000 1.000000
1398.377319 0.000000 2579.982666 0.000000 0.813480 0.000000 -0.581594 1.000000 1.000000 1.000000
1430.565308 0.000000 2600.980469 0.000000 -0.936912 0.000000 -0.349564 1.000000 1.000000 1.000000
1430.877930 0.000000 2601.051025 0.000000 -0.415282 0.000000 0.909693 1.000000 1.000000 1.000000
1447.774536 0.000000 2604.638428 0.000000 0.818445 0.000000 -0.574583 0.988676 0.988676 0.988676
1491.308594 0.000000 2675.597656 0.000000 0.490913 0.000000 0.871208 1.000000 1.000000 1.000000
1511.223389 0.000000 2709.786377 0.000000 0.000000 0.000000 1.000000 1.000000 1.000000 1.000000
1465.942749 0.000000 2707.078125 0.000000 -0.461437 0.000000 0.887173 1.000000 1.000000 1.000000
1424.198242 0.000000 2724.130859 0.000000 0.984634 0.000000 0.174632 1.000000 1.000000 1.000000
1415.214722 0.000000 2736.910156 0.000000 -0.518182 0.000000 0.855271 1.000000 1.000000 1.000000
1383.084229 0.000000 2739.357910 0.000000 0.925236 0.000000 0.379393 1.000000 1.000000 1.000000
1382.549438 0.000000 2784.578857 0.000000 -0.060449 0.000000 0.998171 1.000000 1.000000 1.000000
1390.644897 0.000000 2524.480225 0.000000 -0.953834 0.000000 -0.300334 1.000000 1.000000 1.000000
1406.355591 0.000000 2508.835449 0.000000 -0.999783 0.000000 0.020837 1.000000 1.000000 1.000000
1400.500610 0.000000 2488.847656 0.000000 0.817480 0.000000 -0.575957 1.000000 1.000000 1.000000
1387.228149 0.000000 2478.239746 0.000000 0.612818 0.000000 0.790224 1.000000 1.000000 1.000000
1382.283203 0.000000 2476.906006 0.000000 -0.710885 0.000000 0.703308 1.000000 1.000000 1.000000
1360.044434 0.000000 2455.660645 0.000000 0.835790 0.000000 -0.549050 1.000000 1.000000 1.000000
1295.584717 0.000000 2424.052246 0.000000 0.843349 0.000000 -0.537366 1.000000 1.000000 1.000000
1282.436890 0.000000 2413.815918 0.000000 0.654358 0.000000 0.756185 1.000000 1.000000 1.000000
1278.358765 0.000000 2414.122314 0.000000 -0.683913 0.000000 0.729564 1.000000 1.000000 1.000000
1454.917969 0.000000 2487.495605 0.000000 -0.254804 0.000000 0.966993 1.000000 1.000000 1.000000
1454.626709 0.000000 2487.484131 0.000000 -0.938897 0.000000 -0.344197 1.000000 1.000000 1.000000
1493.192993 0.000000 2501.213623 0.000000 -0.846959 0.000000 0.531658 1.000000 1.000000 1.000000
1521.062012 0.000000 2529.297119 0.000000 0.859298 0.000000 -0.511475 1.000000 1.000000 1.000000
1574.114014 0.000000 2583.830566 0.000000 -0.301654 0.000000 0.953417 1.000000 1.000000 1.000000
1642.821167 0.000000 2583.673828 0.000000 -0.642568 0.000000 0.766228 1.000000 1.000000 1.000000
1660.443726 0.000000 2536.975830 0.000000 0.040730 0.000000 0.999170 1.007446 1.007446 1.007446
1615.088257 0.000000 2470.335205 0.000000 0.655211 0.000000 0.755446 1.000000 1.000000 1.000000
1646.604858 0.000000 2597.753418 0.000000 -0.920022 0.000000 0.391867 1.000000 1.000000 1.000000
1676.457031 0.000000 2610.652344 0.000000 0.728244 0.000000 -0.685318 1.000000 1.000000 1.000000
1660.730835 0.000000 2604.176514 0.000000 0.718017 0.000000 0.696026 1.000000 1.000000 1.000000
1766.881348 0.000000 2663.270508 0.000000 0.243736 0.000000 0.969842 1.000000 1.000000 1.000000
1809.580078 0.000000 2712.253906 0.000000 -0.680723 0.000000 0.732541 1.000000 1.000000 1.000000
1580.968140 0.000000 2398.854492 0.000000 0.143107 0.000000 0.989707 1.000000 1.000000 1.000000
1648.519531 0.000000 2406.453125 0.000000 0.862084 0.000000 0.506765 1.000000 1.000000 1.000000
1665.272583 0.000000 2406.939941 0.000000 -0.637891 0.000000 0.770126 1.000000 1.000000 1.000000
1688.565308 0.000000 2402.333008 0.000000 -0.427473 0.000000 0.904028 1.000000 1.000000 1.000000
1715.433350 0.000000 2398.317383 0.000000 0.638296 0.000000 -0.769791 1.000000 1.000000 1.000000
1715.243774 0.000000 2398.124268 0.000000 0.728418 0.000000 0.685133 1.000000 1.000000 1.000000
1723.354492 0.000000 2400.635498 0.000000 0.390551 0.000000 0.920581 1.000000 1.000000 1.000000
1856.777100 0.000000 2462.171143 0.000000 -0.682068 -0.000000 -0.731289 1.000000 1.000000 1.000000
1856.958008 0.000000 2462.465332 0.000000 -0.683657 0.000000 0.729803 1.021191 1.021191 1.021191
1843.536255 0.000000 2430.132080 0.000000 -0.302716 0.000000 0.953081 1.000000 1.000000 1.000000
1892.900635 0.000000 2416.073486 0.000000 -0.233689 0.000000 0.972311 1.000000 1.000000 1.000000
1984.037109 0.000000 2394.292236 0.000000 -0.822606 0.000000 -0.568612 1.000000 1.000000 1.000000
1877.664795 0.000000 2474.141846 0.000000 0.648186 0.000000 0.761482 1.000000 1.000000 1.000000
1910.813232 0.000000 2531.843750 0.000000 0.963642 0.000000 -0.267196 1.000000 1.000000 1.000000
1908.764038 0.000000 2514.971436 0.000000 0.223291 0.000000 0.974752 1.000000 1.000000 1.000000
1910.004517 0.000000 2545.922852 0.000000 -0.504307 0.000000 0.863524 1.000000 1.000000 1.000000
1872.347168 0.000000 2615.070801 0.000000 0.933951 0.000000 -0.357400 1.011475 1.011475 1.011475
1880.547852 0.000000 2617.169189 0.000000 -0.668548 0.000000 0.743669 1.000000 1.000000 1.000000
1884.385498 0.000000 2616.874756 0.000000 0.615323 0.000000 0.788275 1.000000 1.000000 1.000000
1963.023560 0.000000 2738.342773 0.000000 0.264853 0.000000 0.964289 1.000000 1.000000 1.000000
1978.962891 0.000000 2761.636719 0.000000 0.661018 0.000000 -0.750370 1.000000 1.000000 1.000000
1972.052612 0.000000 2852.856934 0.000000 0.046919 0.000000 0.998899 1.000000 1.000000 1.000000
1963.540161 0.000000 2875.372314 0.000000 0.000000 0.000000 1.000000 1.000000 1.000000 1.000000
1963.514771 0.000000 2915.748291 0.000000 0.896812 0.000000 -0.442412 1.000000 1.000000 1.000000
2056.228516 0.000000 3000.575195 0.000000 0.328271 0.000000 0.944584 1.000000 1.000000 1.000000
1953.014282 0.000000 2821.652100 0.000000 0.936083 0.000000 -0.351779 1.000000 1.000000 1.000000
1937.231323 0.000000 2804.240234 0.000000 0.633887 0.000000 0.773425 1.000000 1.000000 1.000000
1928.942383 0.000000 2806.338623 0.000000 0.887112 0.000000 0.461555 1.000000 1.000000 1.000000
1925.188965 0.000000 2806.461670 0.000000 -0.914307 0.000000 0.405022 1.000000 1.000000 1.000000
1884.141357 0.000000 2784.872070 0.000000 0.612541 0.000000 0.790439 1.000000 1.000000 1.000000
1876.059814 0.000000 2787.261230 0.000000 0.893907 0.000000 0.448252 1.000000 1.000000 1.000000
1945.493652 0.000000 2883.480225 0.000000 0.855734 0.000000 -0.517415 1.000000 1.000000 1.000000
1934.501343 0.000000 2885.414551 0.000000 -0.995936 0.000000 0.090068 1.000000 1.000000 1.000000
1907.193237 0.000000 2919.083008 0.000000 -0.352446 0.000000 0.935832 1.000000 1.000000 1.000000
1839.742676 0.000000 2918.845947 0.000000 0.644321 0.000000 0.764756 0.986816 0.986816 0.986816
1753.579346 0.000000 2900.904297 0.000000 0.649881 0.000000 0.760036 1.000000 1.000000 1.000000
1141.468750 0.000000 2163.460205 0.000000 -0.924126 0.000000 0.382088 1.000000 1.000000 1.000000
1124.544189 0.000000 2227.495850 0.000000 0.999455 0.000000 -0.033003 1.000000 1.000000 1.000000
1557.274902 0.000000 2346.155518 0.000000 0.000000 0.000000 1.000000 1.000000 1.000000 1.000000
1660.197144 0.000000 2186.937012 0.000000 -0.523600 0.000000 0.851964 1.000000 1.000000 1.000000
1853.242188 0.000000 2122.975098 0.000000 -0.194836 0.000000 0.980836 1.000000 1.000000 1.000000
1982.120483 0.000000 1936.629639 0.000000 0.929226 0.000000 -0.369512 1.000000 1.000000 1.000000
1695.239746 0.000000 2020.098389 0.000000 0.975440 0.000000 0.220266 1.000000 1.000000 1.000000
1789.937866 0.000000 2027.962402 0.000000 -0.830155 0.000000 0.557533 1.000000 1.000000 1.000000
1859.869873 0.000000 2073.575684 0.000000 0.508570 0.000000 0.861020 1.000000 1.000000 1.000000
1878.465088 0.000000 2042.461426 0.000000 -0.693626 0.000000 0.720336 1.000000 1.000000 1.000000
892.430359 0.000000 3342.563232 0.000000 -0.508038 0.000000 0.861335 1.000000 1.000000 1.000000
863.800476 0.000000 3367.190186 0.000000 0.991205 0.000000 -0.132336 1.000000 1.000000 1.000000
896.203918 0.000000 3419.113770 0.000000 -0.886837 0.000000 0.462083 1.000000 1.000000 1.000000
874.815125 0.000000 3459.518799 0.000000 0.190562 0.000000 0.981675 1.000000 1.000000 1.000000
1336.619873 0.000000 2800.329834 0.000000 -0.964313 0.000000 -0.264766 1.083740 1.083740 1.083740
1295.508423 0.000000 3154.425537 0.000000 0.899766 0.000000 0.436373 1.000000 1.000000 1.000000
878.072327 0.000000 2221.205078 0.000000 0.995694 0.000000 0.092697 1.000000 1.000000 1.000000
824.247498 0.000000 2265.411133 0.000000 0.988349 0.000000 0.152203 1.000000 1.000000 1.000000
2048.306152 0.000000 3058.505615 0.000000 -0.996037 0.000000 -0.088937 1.000000 1.000000 1.000000
2057.675049 0.000000 3021.805664 0.000000 -0.139467 0.000000 0.990227 1.000000 1.000000 1.000000
2013.933838 0.000000 2964.894775 0.000000 0.698774 0.000000 0.715343 1.000000 1.000000 1.000000
1402.829224 0.000000 3532.515137 0.000000 -0.673345 0.000000 0.739329 1.000000 1.000000 1.000000
1364.246338 0.000000 3534.273193 0.000000 -0.952844 0.000000 -0.303462 1.000000 1.000000 1.000000
1134.276367 0.000000 2572.844727 0.000000 -0.971341 0.000000 0.237689 1.000000 1.000000 1.000000
686.932983 0.000000 1940.285034 0.000000 -0.841507 0.000000 -0.540246 1.000000 1.000000 1.000000
604.511230 0.000000 1986.269775 0.000000 -0.165036 0.000000 0.986288 1.000000 1.000000 1.000000
911.016907 0.000000 2014.864258 0.000000 0.553254 0.000000 0.833013 1.000000 1.000000 1.000000
2005.815186 0.000000 2765.439941 0.000000 -0.846934 0.000000 0.531697 1.000000 1.000000 1.000000
"}
object={
	name="Minor Road_45 short"
	render_pass=Map
	clamp_to_water_level=no
	generated_content=no
	layer="AGOT_roads"
	pdxmesh="45short_short_mesh"
	count=184
	transform="2027.152222 0.000000 3695.664307 0.000000 -0.975217 0.000000 0.221248 1.000000 1.000000 1.000000
2026.150757 0.000000 3690.521484 0.000000 -0.990678 0.000000 -0.136222 1.000000 1.000000 1.000000
2007.773071 0.000000 3711.885254 0.000000 -0.931819 0.000000 -0.362923 1.000000 1.000000 1.000000
2158.358154 0.000000 3510.149658 0.000000 0.930338 0.000000 -0.366703 1.000000 1.000000 1.000000
2153.544189 0.000000 3500.904297 0.000000 0.347601 0.000000 0.937643 1.000000 1.000000 1.000000
2172.063965 0.000000 3565.817139 0.000000 -0.650368 0.000000 0.759619 1.000000 1.000000 1.000000
1978.230957 0.000000 3719.904297 0.000000 0.762408 0.000000 -0.647097 1.000000 1.000000 1.000000
1882.642212 0.000000 3715.550293 0.000000 -0.986211 0.000000 0.165490 1.000000 1.000000 1.000000
1250.122070 0.000000 3601.734131 0.000000 0.561747 0.000000 0.827309 1.078223 1.078223 1.078223
1310.973877 0.000000 3577.281738 0.000000 -0.643059 0.000000 0.765816 1.000000 1.000000 1.000000
1301.226807 0.000000 3574.429932 0.000000 0.617786 0.000000 0.786346 1.000000 1.000000 1.000000
1788.358887 0.000000 3868.755859 0.000000 0.998465 0.000000 0.055387 1.000000 1.000000 1.000000
2101.858887 0.000000 2000.269775 0.000000 -0.222309 0.000000 0.974976 1.000000 1.000000 1.000000
2100.026855 0.000000 2003.183960 0.000000 -0.579142 0.000000 0.815227 1.000000 1.000000 1.000000
2093.965576 0.000000 2003.324707 0.000000 0.480041 0.000000 0.877246 1.000000 1.000000 1.000000
1752.475708 0.000000 4996.742676 0.000000 0.069463 0.000000 0.997585 1.000000 1.000000 1.000000
1752.486938 0.000000 4996.726562 0.000000 -0.999924 0.000000 0.012324 1.000000 1.000000 1.000000
1627.893311 0.000000 5011.155762 0.000000 0.344795 0.000000 0.938678 1.000000 1.000000 1.000000
1622.970459 0.000000 4996.277344 0.000000 -0.995677 0.000000 -0.092888 1.000000 1.000000 1.000000
1555.760742 0.000000 4919.914062 0.000000 0.437681 0.000000 0.899130 1.000000 1.000000 1.000000
1552.202271 0.000000 4915.585449 0.000000 0.505848 0.000000 0.862622 1.000000 1.000000 1.000000
1544.634277 0.000000 4904.694824 0.000000 0.497824 0.000000 0.867278 1.000000 1.000000 1.000000
1486.545288 0.000000 4833.339844 0.000000 0.667991 0.000000 0.744169 1.000000 1.000000 1.000000
1433.838013 0.000000 4725.728027 0.000000 0.318641 0.000000 0.947876 1.000000 1.000000 1.000000
1543.907837 0.000000 4717.924805 0.000000 0.210883 0.000000 0.977511 1.000000 1.000000 1.000000
1720.566650 0.000000 4737.867188 0.000000 0.810483 0.000000 0.585762 1.000000 1.000000 1.000000
1950.149658 0.000000 4871.534180 0.000000 -0.567805 0.000000 0.823164 1.000000 1.000000 1.000000
1950.158203 0.000000 4871.624512 0.000000 0.726103 0.000000 0.687586 1.000000 1.000000 1.000000
1503.755493 0.000000 4560.658691 0.000000 -0.618374 0.000000 0.785884 1.000000 1.000000 1.000000
1518.857788 0.000000 4554.831543 0.000000 -0.873355 0.000000 -0.487084 1.000000 1.000000 1.000000
1523.938110 0.000000 4553.335938 0.000000 -0.676918 0.000000 -0.736059 1.000000 1.000000 1.000000
1533.895020 0.000000 4556.472656 0.000000 -0.713136 0.000000 0.701026 1.000000 1.000000 1.000000
1506.714111 0.000000 4469.872070 0.000000 -0.214060 0.000000 0.976821 1.000000 1.000000 1.000000
1507.464478 0.000000 4464.590332 0.000000 0.060677 0.000000 0.998157 1.000000 1.000000 1.000000
1221.520020 0.000000 4508.448242 0.000000 0.719507 0.000000 -0.694486 1.000000 1.000000 1.000000
1148.503418 0.000000 4494.455566 0.000000 0.538070 0.000000 0.842900 1.000000 1.000000 1.000000
1127.308594 0.000000 4321.907715 0.000000 -0.581217 0.000000 0.813748 1.000000 1.000000 1.000000
1122.083496 0.000000 4322.266113 0.000000 0.809467 0.000000 -0.587165 1.000000 1.000000 1.000000
1537.390503 0.000000 5211.129883 0.000000 0.728271 0.000000 0.685289 1.000000 1.000000 1.000000
1516.309937 0.000000 5208.215820 0.000000 -0.784984 0.000000 -0.619516 1.000000 1.000000 1.000000
1492.512329 0.000000 5203.087402 0.000000 0.803767 0.000000 -0.594944 1.000000 1.000000 1.000000
1436.497437 0.000000 5196.970703 0.000000 0.889912 0.000000 0.456132 1.000000 1.000000 1.000000
2143.667725 0.000000 3495.453857 0.000000 0.909995 0.000000 -0.414620 1.000000 1.000000 1.000000
1585.424683 0.000000 4289.361328 0.000000 0.986809 0.000000 -0.161887 1.000000 1.000000 1.000000
1582.223755 0.000000 4303.433105 0.000000 -0.351661 0.000000 0.936128 1.000000 1.000000 1.000000
1573.320435 0.000000 4313.440918 0.000000 -0.171737 0.000000 0.985143 1.000000 1.000000 1.000000
1562.372803 0.000000 4326.321289 0.000000 -0.987347 0.000000 -0.158573 1.000000 1.000000 1.000000
1543.824951 0.000000 4353.003906 0.000000 0.151559 0.000000 0.988448 1.000000 1.000000 1.000000
1581.052612 0.000000 4304.793945 0.000000 0.852980 0.000000 0.521944 1.000000 1.000000 1.000000
1615.838745 0.000000 5271.210449 0.000000 0.191603 0.000000 0.981473 1.000000 1.000000 1.000000
1483.999878 0.000000 5227.235840 0.000000 -0.113797 0.000000 0.993504 1.000000 1.000000 1.000000
1467.084229 0.000000 5230.270996 0.000000 0.684091 0.000000 0.729397 1.000000 1.000000 1.000000
1476.756470 0.000000 5234.148926 0.000000 -0.772063 0.000000 0.635547 1.000000 1.000000 1.000000
1481.474365 0.000000 5231.889648 0.000000 -0.417322 0.000000 0.908759 1.000000 1.000000 1.000000
1795.078491 0.000000 5274.216797 0.000000 0.632766 0.000000 0.774343 1.000000 1.000000 1.000000
1807.545776 0.000000 5279.843262 0.000000 0.748306 0.000000 0.663354 1.000000 1.000000 1.000000
1423.118774 0.000000 5233.331055 0.000000 0.549913 0.000000 0.835222 1.000000 1.000000 1.000000
1888.748413 0.000000 3533.936035 0.000000 -0.962263 0.000000 0.272124 1.000000 1.000000 1.000000
1893.420410 0.000000 3536.473145 0.000000 -0.783513 0.000000 0.621375 1.003296 1.003296 1.003296
1898.276733 0.000000 3534.462646 0.000000 -0.442737 0.000000 0.896652 1.000000 1.000000 1.000000
1898.362549 0.000000 3534.488037 0.000000 -0.908973 0.000000 -0.416854 1.000000 1.000000 1.000000
1845.538330 0.000000 3519.269775 0.000000 0.949292 0.000000 0.314396 1.000000 1.000000 1.000000
1849.643433 0.000000 3516.001221 0.000000 0.826522 0.000000 0.562905 1.000000 1.000000 1.000000
1808.069702 0.000000 3537.299316 0.000000 0.996608 0.000000 0.082300 1.000000 1.000000 1.000000
1810.281494 0.000000 3532.517090 0.000000 0.886540 0.000000 0.462651 1.000000 1.000000 1.000000
2024.091797 0.000000 3524.926514 0.000000 0.595223 0.000000 0.803561 1.000000 1.000000 1.000000
1689.886719 0.000000 3337.190674 0.000000 -0.366542 0.000000 0.930401 1.000000 1.000000 1.000000
1680.527710 0.000000 3341.770264 0.000000 0.881188 0.000000 0.472766 1.000000 1.000000 1.000000
1724.473511 0.000000 3304.575684 0.000000 -0.968711 0.000000 -0.248192 1.000000 1.000000 1.000000
1772.726807 0.000000 3269.806885 0.000000 -0.002838 0.000000 0.999996 1.000000 1.000000 1.000000
1771.382324 0.000000 3274.804932 0.000000 -0.294226 0.000000 0.955736 0.965576 0.965576 0.965576
1841.378174 0.000000 3157.869629 0.000000 -0.985659 0.000000 -0.168749 0.934326 0.934326 0.934326
2012.736694 0.000000 3236.768555 0.000000 0.322081 0.000000 0.946712 1.000000 1.000000 1.000000
1847.425781 0.000000 3115.303955 0.000000 0.873377 0.000000 -0.487044 1.000000 1.000000 1.000000
1836.893311 0.000000 3108.510742 0.000000 0.665414 0.000000 -0.746474 1.000000 1.000000 1.000000
1779.384521 0.000000 3077.229248 0.000000 0.882038 0.000000 0.471179 0.993628 0.993628 0.993628
1255.979858 0.000000 3358.714600 0.000000 0.519030 0.000000 0.854757 1.000000 1.000000 1.000000
1251.220825 0.000000 3322.259033 0.000000 -0.149326 0.000000 0.988788 1.000000 1.000000 1.000000
1231.115234 0.000000 3287.203125 0.000000 0.882541 0.000000 0.470236 1.008643 1.008643 1.008643
1294.645752 0.000000 3158.447998 0.000000 0.546327 0.000000 0.837572 1.037207 1.037207 1.037207
1365.236816 0.000000 3140.382812 0.000000 -0.481928 0.000000 0.876211 1.000000 1.000000 1.000000
1364.786011 0.000000 3140.676758 0.000000 -0.847214 0.000000 -0.531253 1.000000 1.000000 1.000000
1454.932495 0.000000 2887.998535 0.000000 0.223246 0.000000 0.974762 0.980884 0.980884 0.980884
1498.137939 0.000000 2853.658936 0.000000 0.999205 0.000000 0.039856 1.000000 1.000000 1.000000
1498.040649 0.000000 2853.784668 0.000000 0.000000 0.000000 1.000000 1.000000 1.000000 1.000000
1256.449707 0.000000 2996.155518 0.000000 -0.477456 0.000000 0.878656 1.000000 1.000000 1.000000
1281.644043 0.000000 2863.596191 0.000000 -0.828905 0.000000 -0.559388 1.000000 1.000000 1.000000
1337.535156 0.000000 2826.204102 0.000000 -0.567948 0.000000 -0.823065 1.000000 1.000000 1.000000
1133.133423 0.000000 2754.376221 0.000000 0.943354 0.000000 -0.331789 1.000000 1.000000 1.000000
1107.544067 0.000000 2774.289551 0.000000 0.502000 0.000000 0.864868 1.000000 1.000000 1.000000
1033.559937 0.000000 2662.894287 0.000000 0.336790 0.000000 0.941580 1.000000 1.000000 1.000000
1042.923096 0.000000 2644.470459 0.000000 -0.816354 0.000000 -0.577552 1.000000 1.000000 1.000000
1039.998535 0.000000 2648.636230 0.000000 -0.983507 0.000000 -0.180873 1.000000 1.000000 1.000000
981.835693 0.000000 2740.774902 0.000000 -0.237011 0.000000 0.971507 1.000000 1.000000 1.000000
881.327942 0.000000 2661.218018 0.000000 0.556498 0.000000 0.830850 1.000000 1.000000 1.000000
859.078796 0.000000 2901.540283 0.000000 -0.823161 0.000000 0.567807 1.000000 1.000000 1.000000
757.083130 0.000000 2393.725586 0.000000 -0.190165 0.000000 0.981752 1.000000 1.000000 1.000000
821.275452 0.000000 2018.631470 0.000000 -0.992701 0.000000 -0.120606 0.968469 0.968469 0.968469
824.949707 0.000000 2009.246460 0.000000 0.000000 0.000000 1.000000 1.000000 1.000000 1.000000
935.067627 0.000000 2037.909424 0.000000 0.240160 0.000000 0.970733 1.000000 1.000000 1.000000
932.129395 0.000000 2190.730225 0.000000 0.291344 0.000000 0.956618 1.000000 1.000000 1.000000
933.796570 0.000000 2195.710693 0.000000 -0.098549 0.000000 0.995132 1.000000 1.000000 1.000000
927.989563 0.000000 2209.271973 0.000000 0.355686 0.000000 0.934606 1.000000 1.000000 1.000000
896.203125 0.000000 2305.643555 0.000000 0.317454 0.000000 0.948274 1.000000 1.000000 1.000000
810.132874 0.000000 2364.851318 0.000000 -0.171316 0.000000 0.985216 1.000000 1.000000 1.000000
811.241272 0.000000 2386.158203 0.000000 0.642147 0.000000 0.766581 1.000000 1.000000 1.000000
759.663757 0.000000 2419.014404 0.000000 -0.751727 0.000000 0.659474 1.000000 1.000000 1.000000
664.995117 0.000000 2237.337158 0.000000 0.246826 0.000000 -0.969060 1.000000 1.000000 1.000000
665.083557 0.000000 2232.125977 0.000000 0.119435 0.000000 0.992843 1.000000 1.000000 1.000000
665.111816 0.000000 2232.090332 0.000000 -0.982467 0.000000 0.186436 1.000000 1.000000 1.000000
1068.679810 0.000000 2510.710205 0.000000 -0.987472 0.000000 0.157796 1.000000 1.000000 1.000000
1082.838989 0.000000 2507.262207 0.000000 0.962614 0.000000 0.270876 1.000000 1.000000 1.000000
1114.871948 0.000000 2482.802246 0.000000 -0.217620 0.000000 0.976033 1.000000 1.000000 1.000000
1160.104858 0.000000 2641.099854 0.000000 0.936421 0.000000 -0.350879 1.000000 1.000000 1.000000
1368.978271 0.000000 2561.339844 0.000000 0.648314 0.000000 0.761373 1.000000 1.000000 1.000000
1388.152344 0.000000 2570.808105 0.000000 0.503306 0.000000 0.864108 1.000000 1.000000 1.000000
1398.371094 0.000000 2579.886963 0.000000 0.570363 0.000000 0.821392 0.983314 0.983314 0.983314
1457.634277 0.000000 2709.060303 0.000000 -0.713648 0.000000 0.700504 1.000000 1.000000 1.000000
1443.150757 0.000000 2708.793701 0.000000 0.922532 0.000000 0.385920 1.000000 1.000000 1.000000
1447.685913 0.000000 2706.239258 0.000000 0.696314 0.000000 0.717738 1.000000 1.000000 1.000000
1366.679932 0.000000 2797.841553 0.000000 -0.532954 0.000000 0.846144 1.000000 1.000000 1.000000
1410.488281 0.000000 2495.711670 0.000000 0.000000 0.000000 1.000000 1.000000 1.000000 1.000000
1265.408691 0.000000 2409.432129 0.000000 -0.651881 0.000000 -0.758322 1.000000 1.000000 1.000000
1530.254395 0.000000 2563.289551 0.000000 0.650623 0.000000 0.759401 1.000000 1.000000 1.000000
1534.980591 0.000000 2565.395996 0.000000 0.246428 0.000000 0.969161 1.000000 1.000000 1.000000
1539.050415 0.000000 2574.613037 0.000000 -0.917030 0.000000 0.398819 1.000000 1.000000 1.000000
1641.763672 0.000000 2580.844238 0.000000 -0.393976 0.000000 0.919121 1.000000 1.000000 1.000000
1580.923462 0.000000 2398.954590 0.000000 0.991249 0.000000 -0.132003 1.000000 1.000000 1.000000
1629.766479 0.000000 2410.603027 0.000000 -0.192112 0.000000 0.981373 1.000000 1.000000 1.000000
1702.230957 0.000000 2394.732910 0.000000 0.660016 0.000000 0.751251 1.000000 1.000000 1.000000
1892.869141 0.000000 2416.039795 0.000000 -0.945082 0.000000 -0.326834 1.000000 1.000000 1.000000
1913.085938 0.000000 2413.467285 0.000000 0.569486 0.000000 0.822001 1.000000 1.000000 1.000000
1886.793945 0.000000 2560.090088 0.000000 0.999988 0.000000 0.004802 1.000000 1.000000 1.000000
1869.414429 0.000000 2606.938477 0.000000 0.995710 0.000000 0.092530 1.000000 1.000000 1.000000
1959.087402 0.000000 2715.903564 0.000000 0.814189 0.000000 -0.580600 1.000000 1.000000 1.000000
2019.643921 0.000000 2824.313721 0.000000 -0.373715 0.000000 0.927544 1.000000 1.000000 1.000000
1960.325317 0.000000 2883.321533 0.000000 -0.359305 0.000000 0.933220 0.994274 0.994274 0.994274
1968.488770 0.000000 2917.262695 0.000000 -0.736469 0.000000 0.676472 1.000000 1.000000 1.000000
1981.126343 0.000000 2940.502197 0.000000 -0.992310 0.000000 0.123777 1.000000 1.000000 1.000000
1981.198853 0.000000 2935.197754 0.000000 -0.984442 0.000000 -0.175708 1.000000 1.000000 1.000000
1994.306152 0.000000 2959.173096 0.000000 0.809602 0.000000 -0.586980 1.000000 1.000000 1.000000
2032.530884 0.000000 2972.253906 0.000000 0.661608 0.000000 0.749849 1.000000 1.000000 1.000000
1246.677124 0.000000 2266.391113 0.000000 0.994575 0.000000 -0.104018 1.000000 1.000000 1.000000
1249.876221 0.000000 2250.161865 0.000000 0.149749 0.000000 0.988724 1.000000 1.000000 1.000000
1061.339600 0.000000 2091.736328 0.000000 0.683434 0.000000 0.730012 1.000000 1.000000 1.000000
1066.308594 0.000000 2093.363037 0.000000 0.352418 0.000000 0.935843 1.000000 1.000000 1.000000
1116.282227 0.000000 2144.031738 0.000000 0.975011 0.000000 0.222156 1.000000 1.000000 1.000000
1141.575562 0.000000 2163.411621 0.000000 0.317917 0.000000 0.948118 1.000000 1.000000 1.000000
1525.305298 0.000000 2292.817139 0.000000 -0.960930 0.000000 0.276790 1.000000 1.000000 1.000000
1523.777832 0.000000 2287.805176 0.000000 -0.999596 0.000000 -0.028428 1.000000 1.000000 1.000000
1526.665894 0.000000 2277.825439 0.000000 0.001480 0.000000 0.999999 0.981299 0.981299 0.981299
1547.307007 0.000000 2199.660156 0.000000 0.776341 0.000000 0.630313 1.000000 1.000000 1.000000
1588.963623 0.000000 2197.500244 0.000000 -0.507046 0.000000 0.861919 1.000000 1.000000 1.000000
1735.095825 0.000000 2170.116455 0.000000 -0.727763 0.000000 -0.685829 1.000000 1.000000 1.000000
1781.645264 0.000000 2025.284302 0.000000 0.730155 0.000000 -0.683281 1.000000 1.000000 1.000000
1844.958130 0.000000 2059.023926 0.000000 0.469351 0.000000 0.883012 1.000000 1.000000 1.000000
1880.462891 0.000000 2093.087891 0.000000 -0.737881 0.000000 0.674931 1.000000 1.000000 1.000000
1851.070190 0.000000 2037.852539 0.000000 0.930866 0.000000 0.365362 1.000000 1.000000 1.000000
884.051453 0.000000 3343.590088 0.000000 0.849113 0.000000 -0.528211 1.000000 1.000000 1.000000
868.427551 0.000000 3343.394287 0.000000 0.995979 0.000000 -0.089583 1.000000 1.000000 1.000000
873.407227 0.000000 3379.670898 0.000000 0.452527 0.000000 0.891751 1.000000 1.000000 1.000000
1127.849976 0.000000 2469.675293 0.000000 0.951386 0.000000 0.308001 1.000000 1.000000 1.000000
1114.912964 0.000000 2482.829346 0.000000 0.987174 0.000000 0.159649 1.000000 1.000000 1.000000
1111.511353 0.000000 2486.761719 0.000000 0.553113 0.000000 -0.833106 1.000000 1.000000 1.000000
1640.713623 0.000000 2585.311523 0.000000 0.353289 0.000000 0.935514 1.000000 1.000000 1.000000
1308.619995 0.000000 3149.755127 0.000000 -0.430850 0.000000 0.902424 1.034961 1.034961 1.034961
2054.047852 0.000000 3042.100342 0.000000 -0.958208 0.000000 0.286073 1.000000 1.000000 1.000000
2050.918457 0.000000 3032.149414 0.000000 0.262895 0.000000 0.964824 1.000000 1.000000 1.000000
2026.190063 0.000000 2970.318604 0.000000 -0.775696 0.000000 0.631107 1.000000 1.000000 1.000000
1994.383179 0.000000 2959.250977 0.000000 -0.536686 0.000000 -0.843782 1.000000 1.000000 1.000000
2002.319458 0.000000 2965.628174 0.000000 -0.839512 0.000000 0.543342 1.000000 1.000000 1.000000
2007.559326 0.000000 2965.841797 0.000000 -0.623970 0.000000 0.781448 1.000000 1.000000 1.000000
793.906738 0.000000 2195.167969 0.000000 0.789444 0.000000 -0.613822 1.000000 1.000000 1.000000
1583.821289 0.000000 3313.129395 0.000000 -0.663220 0.000000 0.748425 1.000000 1.000000 1.000000
1991.648193 0.000000 2348.217773 0.000000 0.494644 0.000000 0.869096 1.000000 1.000000 1.000000
1789.047485 0.000000 3261.430908 0.000000 0.320462 0.000000 0.947261 1.000000 1.000000 1.000000
1380.359009 0.000000 3530.281982 0.000000 -0.631074 0.000000 0.775722 1.000000 1.000000 1.000000
1369.878296 0.000000 3529.986328 0.000000 0.789356 0.000000 0.613936 1.000000 1.000000 1.000000
1163.263184 0.000000 2575.084961 0.000000 -0.680291 0.000000 -0.732942 1.000000 1.000000 1.000000
1138.133911 0.000000 2573.961670 0.000000 -0.872708 0.000000 -0.488243 1.000000 1.000000 1.000000
1102.173950 0.000000 2535.805176 0.000000 0.743479 0.000000 0.668760 1.000000 1.000000 1.000000
2031.793213 0.000000 3142.381348 0.000000 0.741229 0.000000 0.671252 1.000000 1.000000 1.000000
2040.634033 0.000000 1970.065674 0.000000 0.488971 0.000000 0.872300 1.000000 1.000000 1.000000
920.859497 0.000000 2024.539673 0.000000 -0.865910 0.000000 0.500200 1.000000 1.000000 1.000000
"}
object={
	name="Minor Road_90"
	render_pass=Map
	clamp_to_water_level=no
	generated_content=no
	layer="AGOT_roads"
	pdxmesh="90_short_mesh"
	count=77
	transform="2061.178711 0.000000 3535.655273 0.000000 0.998808 0.000000 0.048804 1.000000 1.000000 1.000000
1297.258423 0.000000 3714.473145 0.000000 0.518208 0.000000 0.855255 1.000000 1.000000 1.000000
1660.397949 0.000000 3885.094238 0.000000 -0.527637 0.000000 0.849470 1.000000 1.000000 1.000000
1870.672729 0.000000 3901.247070 0.000000 -0.841351 0.000000 -0.540489 1.006178 1.006178 1.006178
2074.581055 0.000000 2131.304443 0.000000 -0.384967 0.000000 0.922930 1.000000 1.000000 1.000000
2061.063965 0.000000 1990.940308 0.000000 -0.622287 0.000000 0.782789 1.000000 1.000000 1.000000
1892.962524 0.000000 1920.273438 0.000000 -0.221148 0.000000 0.975240 1.000000 1.000000 1.000000
1644.089355 0.000000 5196.349121 0.000000 0.318988 0.000000 0.947759 1.000000 1.000000 1.000000
1639.411987 0.000000 5191.690918 0.000000 -0.913023 0.000000 0.407908 1.000000 1.000000 1.000000
1646.530884 0.000000 5047.503906 0.000000 -0.999999 0.000000 0.001537 1.000000 1.000000 1.000000
1447.934692 0.000000 4730.034180 0.000000 -0.973659 0.000000 -0.228007 1.000000 1.000000 1.000000
1896.161133 0.000000 4842.770508 0.000000 0.681895 0.000000 0.731450 1.000000 1.000000 1.000000
1596.307007 0.000000 4253.764648 0.000000 -0.964951 0.000000 -0.262428 1.000000 1.000000 1.000000
1625.490112 0.000000 4180.567871 0.000000 -0.980483 0.000000 -0.196607 1.000000 1.000000 1.000000
1190.088989 0.000000 4521.739746 0.000000 -0.486414 0.000000 0.873729 1.000000 1.000000 1.000000
1070.280151 0.000000 4304.449219 0.000000 -0.981565 0.000000 -0.191128 1.000000 1.000000 1.000000
1053.893188 0.000000 4330.689941 0.000000 0.000000 0.000000 1.000000 1.000000 1.000000 1.000000
1032.908936 0.000000 4349.786133 0.000000 0.999723 0.000000 0.023538 1.000000 1.000000 1.000000
855.467224 0.000000 3588.671143 0.000000 0.998988 0.000000 0.044994 1.000000 1.000000 1.000000
1960.525024 0.000000 3485.375977 0.000000 0.686647 0.000000 0.726991 1.000000 1.000000 1.000000
1800.269043 0.000000 3076.611816 0.000000 -0.746211 0.000000 -0.665709 1.000000 1.000000 1.000000
1750.242798 0.000000 3021.901123 0.000000 -0.535276 0.000000 0.844677 1.020093 1.020093 1.020093
1502.619263 0.000000 3330.346680 0.000000 0.269984 0.000000 0.962865 1.023178 1.023178 1.023178
1248.086060 0.000000 3342.210449 0.000000 0.599554 0.000000 0.800334 1.000000 1.000000 1.000000
1246.474731 0.000000 3212.476074 0.000000 -0.999909 0.000000 -0.013493 1.000000 1.000000 1.000000
1275.212891 0.000000 3188.496338 0.000000 -0.999970 0.000000 -0.007710 1.000000 1.000000 1.000000
1427.901489 0.000000 3120.135986 0.000000 -0.015258 0.000000 0.999884 1.000000 1.000000 1.000000
1439.314453 0.000000 2952.258301 0.000000 -0.389328 0.000000 0.921099 1.003414 1.003414 1.003414
1337.666870 0.000000 2826.271484 0.000000 -0.757773 0.000000 0.652518 1.000000 1.000000 1.000000
1123.828247 0.000000 2829.395508 0.000000 0.791137 0.000000 -0.611639 1.000000 1.000000 1.000000
1112.321411 0.000000 2791.665527 0.000000 0.994777 0.000000 -0.102076 1.000000 1.000000 1.000000
1137.568848 0.000000 2769.862549 0.000000 -0.006622 0.000000 0.999978 1.000000 1.000000 1.000000
1122.097900 0.000000 2710.147461 0.000000 -0.869301 0.000000 0.494282 1.000000 1.000000 1.000000
1054.963379 0.000000 2782.204834 0.000000 0.442496 0.000000 -0.896770 1.000000 1.000000 1.000000
1028.197632 0.000000 2761.324707 0.000000 0.886459 0.000000 -0.462808 1.000000 1.000000 1.000000
987.840454 0.000000 2756.771484 0.000000 -0.650844 0.000000 0.759213 1.011448 1.011448 1.011448
957.514038 0.000000 2722.916992 0.000000 -0.778529 0.000000 0.627608 1.000000 1.000000 1.000000
855.611328 0.000000 2817.229248 0.000000 0.947468 0.000000 0.319851 1.000000 1.000000 1.000000
860.000366 0.000000 2852.330322 0.000000 0.396253 0.000000 0.918142 1.000000 1.000000 1.000000
812.535828 0.000000 2928.414551 0.000000 0.771286 0.000000 0.636489 1.002466 1.002466 1.002466
846.914978 0.000000 2538.771729 0.000000 0.922573 0.000000 -0.385823 1.000000 1.000000 1.000000
1014.124573 0.000000 2415.248535 0.000000 -0.987531 0.000000 0.157427 1.000000 1.000000 1.000000
804.421753 0.000000 2483.556641 -0.000000 -0.179735 0.000000 0.983715 1.000000 1.000000 1.000000
804.327393 0.000000 2483.500000 0.000000 -0.980623 0.000000 -0.195903 1.000000 1.000000 1.000000
760.970276 0.000000 2449.193848 0.000000 0.834312 0.000000 -0.551292 1.000000 1.000000 1.000000
750.812012 0.000000 2380.958496 0.000000 0.594640 0.000000 0.803992 1.000000 1.000000 1.000000
662.246338 0.000000 2359.885498 0.000000 -0.849750 0.000000 0.527186 1.000000 1.000000 1.000000
698.063843 0.000000 2323.769531 0.000000 0.000000 0.000000 1.000000 1.000000 1.000000 1.000000
667.042053 0.000000 2303.376465 0.000000 0.792455 0.000000 -0.609930 1.000000 1.000000 1.000000
667.384827 0.000000 2211.186035 0.000000 0.999594 0.000000 -0.028489 1.000000 1.000000 1.000000
808.440063 0.000000 2044.786987 0.000000 0.000000 0.000000 1.000000 1.000000 1.000000 1.000000
824.979858 0.000000 2009.288818 0.000000 -0.997440 0.000000 0.071513 1.000000 1.000000 1.000000
972.612000 0.000000 2120.099365 0.000000 0.219437 0.000000 0.975626 1.000000 1.000000 1.000000
939.538513 0.000000 2226.638916 0.000000 0.469338 0.000000 0.883019 1.000000 1.000000 1.000000
803.413574 0.000000 2382.820557 0.000000 0.963559 0.000000 -0.267497 1.000000 1.000000 1.000000
1144.208008 0.000000 2456.956299 0.000000 -0.963663 0.000000 -0.267122 1.000000 1.000000 1.000000
1406.527954 0.000000 2508.667969 0.000000 0.068565 0.000000 0.997647 1.000000 1.000000 1.000000
1369.875122 0.000000 2449.748047 0.000000 0.559068 0.000000 0.829122 1.000000 1.000000 1.000000
1346.703735 0.000000 2448.507568 0.000000 -0.463345 0.000000 0.886178 1.061768 1.061768 1.061768
1628.204712 0.000000 2584.981934 0.000000 -0.192831 0.000000 0.981232 1.000000 1.000000 1.000000
1585.993774 0.000000 2420.291748 0.000000 0.817700 0.000000 -0.575645 1.000000 1.000000 1.000000
1768.621338 0.000000 2452.896729 0.000000 -0.989765 0.000000 0.142710 1.000000 1.000000 1.000000
1833.888306 0.000000 2455.275146 0.000000 -0.669421 0.000000 0.742883 1.000000 1.000000 1.000000
2004.133057 0.000000 2365.355713 0.000000 0.413880 0.000000 0.910331 1.000000 1.000000 1.000000
1910.825562 0.000000 2531.646973 0.000000 0.363360 0.000000 0.931649 1.000000 1.000000 1.000000
1918.047363 0.000000 2636.005371 0.000000 0.666002 0.000000 0.745950 1.000000 1.000000 1.000000
1970.721558 0.000000 2759.262207 0.000000 0.803949 0.000000 -0.594699 1.000000 1.000000 1.000000
2049.493896 0.000000 2763.594238 0.000000 -0.842158 0.000000 -0.539231 1.000000 1.000000 1.000000
1978.289429 0.000000 2833.459229 0.000000 0.973967 0.000000 0.226691 1.006445 1.006445 1.006445
1281.727295 0.000000 2183.019775 0.000000 0.177671 0.000000 0.984090 1.000000 1.000000 1.000000
1554.499146 0.000000 2368.207520 0.000000 0.914272 0.000000 -0.405100 1.000000 1.000000 1.000000
1492.231079 0.000000 2241.821289 0.000000 -0.905395 0.000000 0.424571 1.000000 1.000000 1.000000
1776.983887 0.000000 2170.755859 0.000000 -0.626899 0.000000 0.779101 1.000000 1.000000 1.000000
855.532410 0.000000 3305.786621 0.000000 0.727276 0.000000 -0.686345 1.000000 1.000000 1.000000
893.058044 0.000000 3338.668213 0.000000 -0.902551 0.000000 0.430585 1.008447 1.008447 1.008447
1122.788330 0.000000 2539.600342 0.000000 -0.756472 0.000000 -0.654026 1.000000 1.000000 1.000000
871.278442 0.000000 1997.553101 0.000000 0.864099 0.000000 0.503322 1.000000 1.000000 1.000000
"}
object={
	name="Minor Road_90 Medium"
	render_pass=Map
	clamp_to_water_level=no
	generated_content=no
	layer="AGOT_roads"
	pdxmesh="90medium_short_mesh"
	count=161
	transform="2092.690918 0.000000 3692.398926 0.000000 0.246606 0.000000 0.969116 1.000000 1.000000 1.000000
2061.327881 0.000000 3535.597168 0.000000 -0.187332 0.000000 0.982297 0.971875 0.971875 0.971875
2061.678955 0.000000 3663.831543 0.000000 0.201088 0.000000 0.979573 1.000000 1.000000 1.000000
2027.218506 0.000000 3695.726807 0.000000 0.115904 0.000000 0.993261 1.000000 1.000000 1.000000
1999.393188 0.000000 3716.441406 0.000000 0.043602 0.000000 -0.999049 1.000000 1.000000 1.000000
1999.324097 0.000000 3716.500244 0.000000 0.999382 0.000000 0.035145 1.000000 1.000000 1.000000
2171.305908 0.000000 3530.296143 0.000000 0.586111 0.000000 0.810230 1.000000 1.000000 1.000000
2176.045898 0.000000 3559.536621 0.000000 0.090635 0.000000 0.995884 1.000000 1.000000 1.000000
1869.287231 0.000000 3684.321045 0.000000 0.990599 0.000000 -0.136796 1.000000 1.000000 1.000000
1782.679688 0.000000 3657.019531 0.000000 -0.899719 0.000000 0.436470 0.975911 0.975911 0.975911
1376.631226 0.000000 3758.447510 0.000000 -0.367919 0.000000 0.929858 1.033423 1.033423 1.033423
1267.265137 0.000000 3650.753906 0.000000 0.376615 0.000000 0.926370 1.007100 1.007100 1.007100
2069.682861 0.000000 2774.516602 0.000000 0.478783 0.000000 0.877934 1.000000 1.000000 1.000000
2087.166504 0.000000 2122.121826 0.000000 0.000000 0.000000 1.000000 1.000000 1.000000 1.000000
1661.365479 0.000000 5099.740723 0.000000 -0.200804 0.000000 0.979631 1.000000 1.000000 1.000000
1650.254028 0.000000 4965.774414 0.000000 -0.844805 0.000000 -0.535074 1.000000 1.000000 1.000000
1731.368530 0.000000 4928.720703 0.000000 -0.083718 0.000000 0.996489 1.000000 1.000000 1.000000
1410.687622 0.000000 4720.824707 0.000000 -0.631725 0.000000 0.775192 1.000000 1.000000 1.000000
1441.498901 0.000000 4735.482422 0.000000 -0.693658 0.000000 0.720304 1.000000 1.000000 1.000000
1468.606323 0.000000 4723.384766 0.000000 -0.241767 0.000000 0.970334 1.000000 1.000000 1.000000
1526.010986 0.000000 4723.872070 0.000000 0.966302 0.000000 0.257410 1.000000 1.000000 1.000000
1544.887207 0.000000 4722.998047 0.000000 -0.209078 0.000000 0.977899 1.000000 1.000000 1.000000
1644.773315 0.000000 4719.934570 0.000000 0.874657 0.000000 0.484742 1.000000 1.000000 1.000000
1784.386841 0.000000 4797.389160 0.000000 -0.692954 0.000000 0.720981 1.000000 1.000000 1.000000
1462.355469 0.000000 4546.769043 0.000000 -0.878617 0.000000 -0.477527 1.000000 1.000000 1.000000
1588.393799 0.000000 4549.910645 0.000000 -0.817788 0.000000 -0.575520 1.000000 1.000000 1.000000
1430.279907 0.000000 4475.330566 0.000000 0.773119 0.000000 0.634262 1.007324 1.007324 1.007324
1442.825195 0.000000 4483.768066 0.000000 0.667792 0.000000 -0.744348 1.014844 1.014844 1.014844
1288.880005 0.000000 4517.811035 0.000000 0.840745 0.000000 0.541432 1.000000 1.000000 1.000000
1209.087769 0.000000 4508.481934 0.000000 0.951358 0.000000 0.308087 1.019922 1.019922 1.019922
1307.568848 0.000000 4389.530762 0.000000 0.699662 0.000000 -0.714474 1.000000 1.000000 1.000000
1296.215820 0.000000 4379.802734 0.000000 0.725683 0.000000 0.688029 1.000000 1.000000 1.000000
1260.328491 0.000000 4396.399902 0.000000 -0.298743 0.000000 0.954334 1.000000 1.000000 1.000000
1033.033447 0.000000 4349.680176 0.000000 -0.004738 0.000000 0.999989 1.007665 1.007665 1.007665
872.532043 0.000000 3575.511963 0.000000 -0.101092 0.000000 0.994877 1.000000 1.000000 1.000000
1543.747559 0.000000 4352.946777 0.000000 0.991507 0.000000 -0.130052 1.000000 1.000000 1.000000
1563.421021 0.000000 4324.034180 0.000000 -0.934107 0.000000 0.356993 1.000000 1.000000 1.000000
2120.082031 0.000000 3477.839844 0.000000 -0.578619 0.000000 0.815598 1.000000 1.000000 1.000000
1427.292480 0.000000 5217.996094 0.000000 0.164366 0.000000 0.986399 1.000000 1.000000 1.000000
1740.997192 0.000000 5259.358398 0.000000 0.000000 0.000000 1.000000 1.000000 1.000000 1.000000
1405.271606 0.000000 5250.943848 0.000000 -0.894242 0.000000 0.447583 1.000000 1.000000 1.000000
1985.655396 0.000000 3522.237305 0.000000 -0.950832 0.000000 -0.309707 1.000000 1.000000 1.000000
2035.825439 0.000000 3527.325684 0.000000 -0.906161 0.000000 -0.422934 1.000000 1.000000 1.000000
2035.927612 0.000000 3527.388672 0.000000 -0.388851 0.000000 0.921301 1.000000 1.000000 1.000000
2004.908936 0.000000 3546.874268 0.000000 -0.690392 0.000000 -0.723436 0.953413 0.953413 0.953413
1715.023926 0.000000 3358.150391 0.000000 -0.173240 0.000000 0.984880 1.000000 1.000000 1.000000
1629.528931 0.000000 3352.863770 0.000000 -0.793404 0.000000 0.608695 1.000000 1.000000 1.000000
1637.153320 0.000000 3335.311035 0.000000 0.854418 0.000000 0.519587 1.010840 1.010840 1.010840
1645.890503 0.000000 3358.728271 0.000000 -0.787309 0.000000 0.616558 0.988965 0.988965 0.988965
1793.236572 0.000000 3230.144287 0.000000 0.978829 0.000000 -0.204679 1.000000 1.000000 1.000000
1955.594116 0.000000 3207.531250 0.000000 0.823954 0.000000 0.566657 1.000000 1.000000 1.000000
1982.123779 0.000000 3234.320068 0.000000 -0.142322 0.000000 0.989820 1.000000 1.000000 1.000000
1981.953735 0.000000 3234.389404 0.000000 0.952948 0.000000 0.303133 1.000000 1.000000 1.000000
1854.748901 0.000000 3140.875977 0.000000 0.302716 0.000000 0.953080 1.000000 1.000000 1.000000
1836.913574 0.000000 3108.519775 0.000000 0.814902 0.000000 0.579599 1.000000 1.000000 1.000000
1816.732422 0.000000 3090.504639 0.000000 0.726292 0.000000 0.687386 1.000000 1.000000 1.000000
1816.736328 0.000000 3090.620361 0.000000 0.701165 0.000000 -0.712999 1.000000 1.000000 1.000000
1779.394165 0.000000 3077.232178 0.000000 -0.423676 0.000000 0.905814 1.000000 1.000000 1.000000
1750.087158 0.000000 3021.817871 0.000000 0.834964 0.000000 0.550304 1.000000 1.000000 1.000000
1503.682251 0.000000 3326.687012 0.000000 0.788484 0.000000 0.615055 1.000000 1.000000 1.000000
1495.787720 0.000000 3425.821045 0.000000 -0.841735 0.000000 0.539891 1.000000 1.000000 1.000000
1242.188965 0.000000 3338.039307 0.000000 -0.945761 0.000000 0.324863 1.000000 1.000000 1.000000
1291.807007 0.000000 3174.613281 0.000000 -0.113297 0.000000 0.993561 1.000000 1.000000 1.000000
1291.716064 0.000000 3174.674805 0.000000 -0.998901 0.000000 -0.046862 1.000000 1.000000 1.000000
1298.926147 0.000000 3161.707520 0.000000 0.212270 0.000000 0.977211 1.046606 1.046606 1.046606
1323.262451 0.000000 3151.556885 0.000000 -0.396751 0.000000 0.917926 1.000000 1.000000 1.000000
1357.135376 0.000000 3144.261963 0.000000 -0.100735 0.000000 0.994913 1.000000 1.000000 1.000000
1386.463867 0.000000 3137.217773 0.000000 -0.455498 0.000000 0.890237 0.980705 0.980705 0.980705
1439.376587 0.000000 3091.279297 0.000000 -0.998812 0.000000 0.048728 1.019019 1.019019 1.019019
1463.271973 0.000000 3064.106201 0.000000 0.999399 0.000000 -0.034666 0.899365 0.899365 0.899365
1407.922485 0.000000 3029.835205 0.000000 0.792265 0.000000 -0.610178 1.000000 1.000000 1.000000
1418.252563 0.000000 2954.545898 0.000000 -0.976142 0.000000 -0.217133 1.000000 1.000000 1.000000
1441.675171 0.000000 2903.198486 0.000000 0.930674 0.000000 -0.365851 1.000000 1.000000 1.000000
1454.897827 0.000000 2888.006592 0.000000 0.990528 0.000000 -0.137308 1.000000 1.000000 1.000000
1456.079956 0.000000 2892.894775 0.000000 0.293315 0.000000 -0.956016 1.000000 1.000000 1.000000
1441.497925 0.000000 2895.777588 0.000000 -0.943115 0.000000 -0.332467 1.000000 1.000000 1.000000
1460.225708 0.000000 2878.148926 0.000000 -0.997967 0.000000 0.063734 1.012402 1.012402 1.012402
1259.494873 0.000000 2989.388184 0.000000 0.159352 0.000000 0.987222 1.000000 1.000000 1.000000
1265.493042 0.000000 2968.739746 0.000000 -0.186403 0.000000 0.982474 1.000000 1.000000 1.000000
1324.917603 0.000000 2859.184814 0.000000 -0.572680 0.000000 0.819779 0.949194 0.949194 0.949194
1152.405762 0.000000 2842.059326 0.000000 -0.831788 0.000000 -0.555093 1.000000 1.000000 1.000000
1039.926392 0.000000 2729.489014 0.000000 0.252767 0.000000 0.967527 1.000000 1.000000 1.000000
1033.455811 0.000000 2662.879639 0.000000 -0.965995 0.000000 0.258560 1.000000 1.000000 1.000000
1074.317627 0.000000 2605.462158 0.000000 0.503477 0.000000 0.864008 1.000000 1.000000 1.000000
977.382935 0.000000 2734.757812 0.000000 -0.639147 0.000000 -0.769085 1.000000 1.000000 1.000000
893.040466 0.000000 2677.525391 0.000000 0.738632 0.000000 -0.674109 1.000000 1.000000 1.000000
828.642029 0.000000 2942.575195 0.000000 0.768661 0.000000 -0.639656 1.000000 1.000000 1.000000
930.763855 0.000000 2440.083984 0.000000 0.977767 0.000000 -0.209694 1.000000 1.000000 1.000000
930.818909 0.000000 2440.004639 0.000000 0.105554 0.000000 0.994414 1.000000 1.000000 1.000000
682.183289 0.000000 2195.299805 0.000000 0.000000 0.000000 1.000000 1.000000 1.000000 1.000000
684.446960 0.000000 2187.358154 0.000000 0.923008 0.000000 0.384780 1.000000 1.000000 1.000000
951.000000 0.000000 2098.248535 0.000000 0.166202 0.000000 0.986092 1.000000 1.000000 1.000000
954.897095 0.000000 2109.585205 0.000000 -0.440587 0.000000 0.897709 1.000000 1.000000 1.000000
965.957458 0.000000 2116.672363 0.000000 0.793219 0.000000 0.608937 1.000000 1.000000 1.000000
917.690308 0.000000 2146.779785 0.000000 0.885472 0.000000 0.464692 1.000000 1.000000 1.000000
701.501892 0.000000 2361.991943 0.000000 0.999142 0.000000 -0.041420 1.000000 1.000000 1.000000
1203.748535 0.000000 2551.964844 0.000000 0.639852 0.000000 0.768498 1.000000 1.000000 1.000000
1179.669800 0.000000 2602.820557 0.000000 0.894297 0.000000 0.447474 1.000000 1.000000 1.000000
1212.205444 0.000000 2585.860596 0.000000 0.996683 0.000000 0.081387 1.000000 1.000000 1.000000
1250.259399 0.000000 2582.007568 0.000000 -0.826113 0.000000 -0.563505 1.000000 1.000000 1.000000
1365.542847 0.000000 2562.815918 0.000000 -0.174141 0.000000 0.984721 1.000000 1.000000 1.000000
1409.323730 0.000000 2582.460449 0.000000 -0.374931 0.000000 0.927053 0.902930 0.902930 0.902930
1464.156250 0.000000 2658.580566 0.000000 -0.803345 0.000000 0.595513 1.000000 1.000000 1.000000
1487.492310 0.000000 2701.167480 0.000000 0.765613 0.000000 0.643301 1.000000 1.000000 1.000000
1379.147339 0.000000 2800.374512 0.000000 0.848161 0.000000 -0.529739 1.000000 1.000000 1.000000
1390.969727 0.000000 2528.250732 0.000000 0.361483 0.000000 0.932379 1.000000 1.000000 1.000000
1405.460083 0.000000 2489.999512 0.000000 0.672611 0.000000 0.739996 1.013818 1.013818 1.013818
1374.485596 0.000000 2473.751465 0.000000 -0.905129 0.000000 0.425137 1.000000 1.000000 1.000000
1366.546631 0.000000 2451.615723 0.000000 -0.145130 0.000000 0.989413 1.015064 1.015064 1.015064
1346.632324 0.000000 2448.396240 0.000000 0.879893 0.000000 0.475171 1.002881 1.002881 1.002881
1311.132812 0.000000 2425.233398 0.000000 -0.731603 0.000000 -0.681731 1.000000 1.000000 1.000000
1521.095215 0.000000 2529.132324 0.000000 0.483838 0.000000 0.875157 1.000000 1.000000 1.000000
1523.738281 0.000000 2548.379883 0.000000 0.802202 0.000000 -0.597052 1.033496 1.033496 1.033496
1530.325806 0.000000 2563.309570 0.000000 0.707512 0.000000 -0.706701 1.000000 1.000000 1.000000
1573.812988 0.000000 2583.899170 0.000000 -0.953398 0.000000 -0.301716 1.000000 1.000000 1.000000
1628.124146 0.000000 2584.959961 0.000000 -0.973191 0.000000 -0.229998 1.000000 1.000000 1.000000
1659.619019 0.000000 2514.300781 0.000000 0.484252 0.000000 0.874928 1.000000 1.000000 1.000000
1708.864136 0.000000 2626.888672 0.000000 -0.279916 0.000000 0.960025 1.000000 1.000000 1.000000
1722.388794 0.000000 2619.621094 0.000000 -0.730822 0.000000 -0.682568 1.000000 1.000000 1.000000
1733.288940 0.000000 2629.828369 0.000000 -0.738386 0.000000 0.674379 1.000000 1.000000 1.000000
1895.387817 0.000000 2743.673828 0.000000 0.550321 0.000000 0.834953 1.000000 1.000000 1.000000
1571.245605 0.000000 2391.881836 0.000000 -0.673728 0.000000 0.738979 1.000000 1.000000 1.000000
1597.285522 0.000000 2433.015869 0.000000 -0.987264 0.000000 0.159091 1.000000 1.000000 1.000000
1779.546875 0.000000 2439.798096 0.000000 0.699396 0.000000 0.714734 1.000000 1.000000 1.000000
1791.810303 0.000000 2447.801270 0.000000 -0.574130 0.000000 0.818764 1.000000 1.000000 1.000000
1925.903198 0.000000 2412.865479 0.000000 0.000000 0.000000 1.000000 1.000000 1.000000 1.000000
1894.138550 0.000000 2499.201416 0.000000 0.759130 0.000000 -0.650939 1.000000 1.000000 1.000000
1873.089844 0.000000 2594.865967 0.000000 0.270792 0.000000 0.962638 1.000000 1.000000 1.000000
1926.505249 0.000000 2669.184814 0.000000 0.796316 0.000000 -0.604881 1.000000 1.000000 1.000000
1947.741821 0.000000 2676.659668 0.000000 -0.431594 0.000000 0.902068 1.000000 1.000000 1.000000
1947.649170 0.000000 2676.670166 0.000000 -0.942785 0.000000 -0.333402 1.000000 1.000000 1.000000
1965.120728 0.000000 2673.409424 0.000000 -0.137774 0.000000 0.990464 1.000000 1.000000 1.000000
1959.086670 0.000000 2715.977051 0.000000 0.539510 0.000000 0.841979 1.000000 1.000000 1.000000
2019.523438 0.000000 2824.530762 0.000000 0.957396 0.000000 0.288777 1.000000 1.000000 1.000000
1954.941650 0.000000 2893.544189 0.000000 0.955131 0.000000 -0.296183 1.000000 1.000000 1.000000
1982.626831 0.000000 2923.755371 0.000000 0.443599 0.000000 0.896226 1.000000 1.000000 1.000000
1964.849121 0.000000 2841.148193 0.000000 0.737360 0.000000 -0.675500 1.000000 1.000000 1.000000
1909.596436 0.000000 2796.210205 0.000000 -0.181049 0.000000 0.983474 1.000000 1.000000 1.000000
1934.589111 0.000000 2885.093750 0.000000 0.000000 0.000000 1.000000 1.000000 1.000000 1.000000
1914.493164 0.000000 2898.900146 0.000000 0.487027 0.000000 0.873387 1.002681 1.002681 1.002681
1884.644897 0.000000 2931.381836 0.000000 -0.374266 0.000000 0.927321 1.006445 1.006445 1.006445
1824.873657 0.000000 2923.947266 0.000000 -0.508780 0.000000 0.860896 1.000000 1.000000 1.000000
1565.254272 0.000000 2387.564453 0.000000 -0.998594 0.000000 -0.053004 1.000000 1.000000 1.000000
1631.111938 0.000000 2177.645264 0.000000 0.844737 0.000000 0.535182 1.000000 1.000000 1.000000
1747.531128 0.000000 2169.607178 0.000000 -0.305725 0.000000 0.952120 1.000000 1.000000 1.000000
1758.994385 0.000000 2158.670166 0.000000 0.761791 0.000000 0.647823 1.000000 1.000000 1.000000
1695.463379 0.000000 2019.996704 0.000000 -0.296616 0.000000 0.954997 1.000000 1.000000 1.000000
1879.604858 0.000000 2093.031738 0.000000 0.693593 0.000000 0.720368 1.000000 1.000000 1.000000
1837.124023 0.000000 2055.263672 0.000000 -0.976402 0.000000 0.215962 1.000000 1.000000 1.000000
1902.960327 0.000000 2035.702148 0.000000 0.033243 0.000000 0.999447 1.000000 1.000000 1.000000
1902.888306 0.000000 2035.910156 0.000000 -0.993927 0.000000 -0.110041 1.000000 1.000000 1.000000
834.885803 0.000000 3249.390381 0.000000 0.973051 0.000000 -0.230592 1.000000 1.000000 1.000000
868.760742 0.000000 3338.207520 0.000000 0.978893 0.000000 0.204371 1.000000 1.000000 1.000000
898.864014 0.000000 3420.968750 0.000000 0.219310 0.000000 0.975655 1.000000 1.000000 1.000000
874.716736 0.000000 3459.680176 0.000000 0.979969 0.000000 -0.199149 1.000000 1.000000 1.000000
1742.756714 0.000000 2900.515381 0.000000 -0.927650 0.000000 -0.373450 1.000000 1.000000 1.000000
1102.137207 0.000000 2535.823975 0.000000 -0.651688 0.000000 0.758487 1.000000 1.000000 1.000000
2031.838013 0.000000 3142.478027 0.000000 -0.742324 0.000000 0.670041 1.000000 1.000000 1.000000
1993.001465 0.000000 2756.763916 0.000000 0.836330 0.000000 0.548226 1.000000 1.000000 1.000000
892.256226 0.000000 2002.876221 0.000000 -0.474994 0.000000 0.879989 1.000000 1.000000 1.000000
892.190430 0.000000 2002.782104 0.000000 0.870971 0.000000 0.491335 1.000000 1.000000 1.000000
"}
object={
	name="Minor Road_90 short"
	render_pass=Map
	clamp_to_water_level=no
	generated_content=no
	layer="AGOT_roads"
	pdxmesh="90short_short_mesh"
	count=181
	transform="1966.912720 0.000000 3563.747070 0.000000 0.383488 0.000000 0.923546 1.000000 1.000000 1.000000
2038.941406 0.000000 3673.628174 0.000000 0.906615 0.000000 0.421958 1.000000 1.000000 1.000000
2046.339600 0.000000 3674.827637 0.000000 -0.520268 0.000000 0.854003 0.979248 0.979248 0.979248
2008.607666 0.000000 3711.121094 0.000000 -0.354730 0.000000 0.934969 1.000000 1.000000 1.000000
1901.772095 0.000000 3684.636963 0.000000 0.993779 0.000000 0.111366 1.000000 1.000000 1.000000
1828.672363 0.000000 3600.593018 0.000000 0.979353 0.000000 -0.202156 0.975586 0.975586 0.975586
1326.285645 0.000000 3744.629150 0.000000 -0.321503 0.000000 0.946909 1.072388 1.072388 1.072388
1302.136475 0.000000 3731.963135 0.000000 -0.874761 0.000000 0.484555 1.000000 1.000000 1.000000
1260.632202 0.000000 3608.375000 0.000000 -0.647598 0.000000 -0.761982 1.000000 1.000000 1.000000
2074.079346 0.000000 2803.735352 0.000000 0.468192 0.000000 0.883627 1.000000 1.000000 1.000000
2098.065186 0.000000 2008.034790 0.000000 -0.951972 0.000000 0.306185 1.000000 1.000000 1.000000
1650.577881 0.000000 5103.238281 0.000000 0.943219 0.000000 0.332170 1.017090 1.017090 1.017090
1639.978394 0.000000 5042.925781 0.000000 -0.742529 0.000000 0.669814 1.000000 1.000000 1.000000
1661.311279 0.000000 4968.496582 0.000000 -0.446496 0.000000 0.894786 1.000000 1.000000 1.000000
1620.040283 0.000000 5001.651367 0.000000 -0.807329 0.000000 -0.590101 1.034473 1.034473 1.034473
1478.876953 0.000000 4836.833496 0.000000 -0.414769 0.000000 0.909927 1.011914 1.011914 1.011914
1468.498657 0.000000 4723.367676 0.000000 -0.974065 0.000000 -0.226269 1.000000 1.000000 1.000000
1543.899658 0.000000 4717.940918 0.000000 -0.999641 0.000000 0.026771 0.962727 0.962727 0.962727
1784.297852 0.000000 4797.314941 0.000000 0.769467 0.000000 0.638687 1.000000 1.000000 1.000000
1389.236328 0.000000 4558.079590 0.000000 0.474496 0.000000 -0.880258 1.000000 1.000000 1.000000
1366.913818 0.000000 4468.092285 0.000000 -0.976929 0.000000 0.213563 1.000000 1.000000 1.000000
1399.339844 0.000000 4481.339844 0.000000 -0.414977 0.000000 0.909832 1.000000 1.000000 1.000000
1613.981201 0.000000 4249.737793 0.000000 -0.295130 0.000000 0.955457 1.000000 1.000000 1.000000
1624.359741 0.000000 4243.516113 0.000000 0.000000 0.000000 1.000000 1.000000 1.000000 1.000000
1642.598755 0.000000 4174.586914 0.000000 -0.279008 0.000000 0.960289 1.000000 1.000000 1.000000
1661.194946 0.000000 4153.476562 0.000000 0.294575 0.000000 0.955628 1.000000 1.000000 1.000000
1366.977173 0.000000 4505.643555 0.000000 0.969507 0.000000 0.245063 1.000000 1.000000 1.000000
1247.959473 0.000000 4525.280273 0.000000 0.552065 0.000000 0.833801 1.000000 1.000000 1.000000
1387.574097 0.000000 4394.471191 0.000000 0.000000 0.000000 1.000000 1.000000 1.000000 1.000000
890.498718 0.000000 3612.887939 0.000000 0.756652 0.000000 0.653818 1.000000 1.000000 1.000000
2117.836914 0.000000 3497.242676 0.000000 0.812458 0.000000 -0.583020 1.000000 1.000000 1.000000
1577.666992 0.000000 4306.569824 0.000000 0.032892 0.000000 0.999459 1.000000 1.000000 1.000000
1574.623535 0.000000 4304.337891 0.000000 0.731557 0.000000 0.681781 1.000000 1.000000 1.000000
1572.244263 0.000000 4307.455078 0.000000 -0.998460 0.000000 0.055479 1.000000 1.000000 1.000000
1575.278076 0.000000 4309.651367 0.000000 -0.676363 0.000000 0.736569 1.000000 1.000000 1.000000
1570.312866 0.000000 4317.703125 0.000000 0.821516 0.000000 0.570185 1.000000 1.000000 1.000000
1544.126221 0.000000 4322.511719 0.000000 -0.995248 0.000000 -0.097369 1.000000 1.000000 1.000000
1562.153564 0.000000 4327.022461 0.000000 -0.394088 0.000000 0.919073 1.000000 1.000000 1.000000
1585.921021 0.000000 4303.638184 0.000000 -0.813210 0.000000 0.581971 1.000000 1.000000 1.000000
2120.458496 0.000000 3477.338867 0.000000 0.858177 0.000000 0.513354 1.040552 1.040552 1.040552
2117.253418 0.000000 3496.989990 0.000000 0.566309 0.000000 0.824193 1.000000 1.000000 1.000000
1561.031128 0.000000 4299.198730 0.000000 0.952182 0.000000 0.305532 1.000000 1.000000 1.000000
1618.784424 0.000000 5279.654785 0.000000 0.769354 0.000000 -0.638823 1.000000 1.000000 1.000000
1474.560791 0.000000 5197.999512 0.000000 0.999834 0.000000 -0.018238 1.000000 1.000000 1.000000
1475.838379 0.000000 5217.601074 0.000000 0.826113 0.000000 -0.563505 1.000000 1.000000 1.000000
1482.034180 0.000000 5219.801758 0.000000 0.621666 0.000000 0.783282 1.000000 1.000000 1.000000
1787.841431 0.000000 5278.353027 0.000000 -0.327608 0.000000 0.944814 1.000000 1.000000 1.000000
1430.618652 0.000000 5223.497559 0.000000 -0.710295 0.000000 0.703904 1.000000 1.000000 1.000000
1430.215332 0.000000 5223.420898 0.000000 0.721682 0.000000 0.692225 1.000000 1.000000 1.000000
1435.255127 0.000000 5232.807617 0.000000 0.141703 0.000000 0.989909 1.000000 1.000000 1.000000
1431.113281 0.000000 5237.660156 0.000000 -0.509109 0.000000 0.860702 1.000000 1.000000 1.000000
1409.815796 0.000000 5233.537598 0.000000 0.942803 0.000000 0.333350 1.000000 1.000000 1.000000
1918.604980 0.000000 3529.727783 0.000000 -0.806031 0.000000 -0.591874 1.000000 1.000000 1.000000
1885.227783 0.000000 3525.506348 0.000000 0.608577 0.000000 0.793495 1.000000 1.000000 1.000000
1802.924927 0.000000 3543.195068 0.000000 0.998772 0.000000 -0.049545 1.000000 1.000000 1.000000
1808.092163 0.000000 3537.367676 0.000000 -0.006103 0.000000 0.999981 1.000000 1.000000 1.000000
2012.556519 0.000000 3554.773193 0.000000 -0.722347 0.000000 0.691531 0.980127 0.980127 0.980127
1587.553955 0.000000 3396.018799 0.000000 -0.792345 0.000000 0.610074 1.000000 1.000000 1.000000
1646.451172 0.000000 3389.274170 0.000000 -0.166999 0.000000 0.985957 1.000000 1.000000 1.000000
1632.126099 0.000000 3349.949219 0.000000 0.000000 0.000000 1.000000 1.000000 1.000000 1.000000
1812.338013 0.000000 3213.805664 0.000000 0.153730 0.000000 0.988113 1.015283 1.015283 1.015283
1717.495605 0.000000 3002.883301 0.000000 0.649956 0.000000 -0.759972 1.000000 1.000000 1.000000
1621.763184 0.000000 3311.750488 0.000000 0.000000 0.000000 1.000000 1.000000 1.000000 1.000000
1589.639771 0.000000 3325.322021 0.000000 0.733939 0.000000 -0.679216 1.000000 1.000000 1.000000
1583.795166 0.000000 3313.084961 0.000000 -0.731540 0.000000 -0.681798 1.000000 1.000000 1.000000
1513.562134 0.000000 3332.446045 0.000000 -0.639863 0.000000 0.768489 1.000000 1.000000 1.000000
1502.497559 0.000000 3330.468994 0.000000 0.973940 0.000000 -0.226804 1.000000 1.000000 1.000000
1490.221069 0.000000 3362.922852 0.000000 -0.958138 0.000000 0.286307 1.000000 1.000000 1.000000
1255.929321 0.000000 3358.728271 0.000000 -0.846926 0.000000 0.531710 1.035352 1.035352 1.035352
1249.653198 0.000000 3318.750488 0.000000 0.789782 0.000000 -0.613388 1.000000 1.000000 1.000000
1249.560913 0.000000 3318.635742 0.000000 0.577499 0.000000 0.816392 1.000000 1.000000 1.000000
1246.778320 0.000000 3305.906494 0.000000 0.921342 0.000000 -0.388754 1.000000 1.000000 1.000000
1241.886475 0.000000 3291.614990 0.000000 -0.699062 0.000000 -0.715061 1.000000 1.000000 1.000000
1245.966064 0.000000 3298.175537 0.000000 -0.848012 0.000000 0.529977 1.000000 1.000000 1.000000
1245.953369 0.000000 3298.024414 0.000000 -0.458584 0.000000 -0.888651 1.000000 1.000000 1.000000
1246.799683 0.000000 3305.769531 0.000000 -0.526553 0.000000 -0.850142 1.000000 1.000000 1.000000
1231.531250 0.000000 3291.093262 0.000000 0.905080 0.000000 -0.425242 1.000000 1.000000 1.000000
1268.921875 0.000000 3203.901123 0.000000 -0.223901 0.000000 0.974612 1.000000 1.000000 1.000000
1274.850952 0.000000 3199.153564 0.000000 0.164162 0.000000 -0.986433 1.000000 1.000000 1.000000
1268.838013 0.000000 3203.977783 0.000000 0.999347 0.000000 -0.036129 1.000000 1.000000 1.000000
1294.628540 0.000000 3158.624756 0.000000 -0.963461 0.000000 0.267849 1.084979 1.084979 1.084979
1308.585693 0.000000 3149.714844 0.000000 0.949014 0.000000 0.315236 1.000000 1.000000 1.000000
1357.038208 0.000000 3144.263428 0.000000 -0.996072 0.000000 -0.088542 1.000000 1.000000 1.000000
1375.876465 0.000000 3134.337402 0.000000 -0.782919 0.000000 -0.622124 1.000000 1.000000 1.000000
1397.489258 0.000000 3001.228027 0.000000 0.847575 0.000000 0.530676 1.000000 1.000000 1.000000
1441.292358 0.000000 2937.362793 0.000000 -0.973984 0.000000 0.226617 1.000000 1.000000 1.000000
1460.334839 0.000000 2877.950684 0.000000 0.103027 0.000000 0.994679 1.000000 1.000000 1.000000
1496.810303 0.000000 2858.862549 -0.000000 -0.290402 0.000000 0.956905 1.000000 1.000000 1.000000
1489.125977 0.000000 2859.766357 0.000000 -0.922870 0.000000 -0.385112 1.000000 1.000000 1.000000
1507.202881 0.000000 2816.005371 0.000000 -0.622352 0.000000 -0.782737 1.000000 1.000000 1.000000
1255.347168 0.000000 2974.028076 0.000000 -0.992235 0.000000 -0.124376 1.000000 1.000000 1.000000
1315.786621 0.000000 2853.866943 0.000000 -0.687649 0.000000 -0.726043 1.000000 1.000000 1.000000
1164.787842 0.000000 2849.596191 0.000000 -0.537941 0.000000 0.842982 1.000000 1.000000 1.000000
1121.978760 0.000000 2709.910156 0.000000 0.442956 0.000000 0.896544 1.000000 1.000000 1.000000
976.457153 0.000000 2748.123779 0.000000 -0.990008 0.000000 0.141011 1.000000 1.000000 1.000000
849.306946 0.000000 2831.330078 0.000000 -0.167812 0.000000 0.985819 1.000000 1.000000 1.000000
751.684265 0.000000 2954.797363 0.000000 0.988703 0.000000 -0.149889 1.000000 1.000000 1.000000
942.926270 0.000000 2578.347900 0.000000 -0.550403 0.000000 0.834899 0.903405 0.903405 0.903405
982.939209 0.000000 2463.786865 0.000000 -0.085406 0.000000 0.996346 1.000000 1.000000 1.000000
778.794189 0.000000 2478.018555 0.000000 0.761484 0.000000 -0.648184 1.000000 1.000000 1.000000
695.378540 0.000000 2320.797607 0.000000 0.683685 0.000000 0.729777 1.000000 1.000000 1.000000
745.276611 0.000000 2150.179199 0.000000 -0.423939 0.000000 0.905691 1.000000 1.000000 1.000000
938.633179 0.000000 2045.993164 0.000000 -0.757973 0.000000 0.652287 1.000000 1.000000 1.000000
947.393738 0.000000 2108.935547 0.000000 -0.957354 0.000000 0.288916 1.000000 1.000000 1.000000
954.795593 0.000000 2109.560791 0.000000 0.893712 0.000000 0.448641 1.000000 1.000000 1.000000
966.032104 0.000000 2116.738770 0.000000 0.526333 0.000000 -0.850278 1.022852 1.022852 1.022852
950.092773 0.000000 2159.801758 0.000000 -0.435773 0.000000 0.900056 1.000000 1.000000 1.000000
928.265503 0.000000 2175.531982 0.000000 0.997214 0.000000 0.074595 1.000000 1.000000 1.000000
927.950317 0.000000 2209.206299 0.000000 0.908368 0.000000 -0.418172 1.000000 1.000000 1.000000
751.911377 0.000000 2081.855713 0.000000 0.978220 0.000000 -0.207567 1.000000 1.000000 1.000000
839.145569 0.000000 2182.631592 0.000000 0.907777 0.000000 -0.419453 1.000000 1.000000 1.000000
894.577454 0.000000 2251.824463 0.000000 0.958802 0.000000 0.284077 1.000000 1.000000 1.000000
712.185608 0.000000 2376.206543 0.000000 -0.440827 0.000000 0.897592 1.000000 1.000000 1.000000
1076.892700 0.000000 2508.871826 0.000000 0.684240 0.000000 -0.729257 1.000000 1.000000 1.000000
1071.461182 0.000000 2503.291748 0.000000 -0.666145 0.000000 -0.745822 1.000000 1.000000 1.000000
1068.292847 0.000000 2505.596436 0.000000 0.995923 0.000000 0.090205 1.000000 1.000000 1.000000
1082.921753 0.000000 2507.229736 0.000000 -0.172774 0.000000 0.984962 0.958594 0.958594 0.958594
1184.465942 0.000000 2485.711426 0.000000 0.519465 0.000000 -0.854491 1.000000 1.000000 1.000000
1184.384644 0.000000 2485.634521 0.000000 0.872317 0.000000 0.488941 1.000000 1.000000 1.000000
1193.158203 0.000000 2497.720459 0.000000 0.730342 0.000000 -0.683081 1.000000 1.000000 1.000000
1193.141968 0.000000 2497.585938 0.000000 0.633474 0.000000 0.773764 1.000000 1.000000 1.000000
1212.190674 0.000000 2565.196045 0.000000 0.408622 0.000000 0.912704 1.000000 1.000000 1.000000
1260.966675 0.000000 2585.961426 0.000000 -0.531107 0.000000 0.847305 1.000000 1.000000 1.000000
1270.374634 0.000000 2574.921631 0.000000 0.994437 0.000000 0.105330 1.000000 1.000000 1.000000
1365.362549 0.000000 2563.052979 0.000000 -0.985852 0.000000 -0.167621 1.000000 1.000000 1.000000
1409.142700 0.000000 2582.482666 0.000000 -0.896318 0.000000 -0.443411 1.000000 1.000000 1.000000
1422.838867 0.000000 2603.944336 0.000000 0.697281 0.000000 -0.716798 1.000000 1.000000 1.000000
1438.135864 0.000000 2597.024414 0.000000 0.785302 0.000000 0.619114 0.985791 0.985791 0.985791
1494.686401 0.000000 2724.745850 0.000000 0.803122 0.000000 -0.595815 1.000000 1.000000 1.000000
1387.076782 0.000000 2570.524658 0.000000 -0.814884 0.000000 0.579623 1.024902 1.024902 1.024902
1391.021118 0.000000 2528.467773 0.000000 -0.912325 0.000000 0.409468 1.000000 1.000000 1.000000
1366.389893 0.000000 2451.752441 0.000000 0.989747 0.000000 0.142831 1.000000 1.000000 1.000000
1328.240356 0.000000 2444.909912 0.000000 0.503654 0.000000 -0.863905 1.000000 1.000000 1.000000
1328.051514 0.000000 2444.929443 0.000000 0.885678 0.000000 0.464301 1.000000 1.000000 1.000000
1523.733398 0.000000 2548.251221 0.000000 0.606080 0.000000 0.795404 1.000000 1.000000 1.000000
1577.544556 0.000000 2391.526367 0.000000 0.758649 0.000000 0.651500 1.000000 1.000000 1.000000
1629.470947 0.000000 2411.199219 0.000000 0.969286 0.000000 0.245936 1.000000 1.000000 1.000000
1770.635010 0.000000 2458.936523 0.000000 0.096575 0.000000 0.995326 1.000000 1.000000 1.000000
1819.651733 0.000000 2444.051514 0.000000 0.786547 0.000000 0.617531 1.000000 1.000000 1.000000
1996.283447 0.000000 2393.193848 0.000000 -0.238034 0.000000 0.971257 1.000000 1.000000 1.000000
1870.886841 0.000000 2591.566895 0.000000 -0.946216 0.000000 0.323535 1.000000 1.000000 1.000000
1950.765381 0.000000 2712.800537 0.000000 0.905570 0.000000 0.424197 1.000000 1.000000 1.000000
2055.081055 0.000000 2843.216797 0.000000 -0.548446 0.000000 0.836186 1.023542 1.023542 1.023542
2000.960815 0.000000 2833.201416 0.000000 -0.356869 0.000000 0.934155 1.000000 1.000000 1.000000
2056.474121 0.000000 3044.901855 0.000000 0.308861 0.000000 0.951107 1.000000 1.000000 1.000000
1947.678101 0.000000 2810.501953 0.000000 -0.662048 0.000000 -0.749462 1.000000 1.000000 1.000000
1947.875000 0.000000 2810.548828 0.000000 0.589672 0.000000 -0.807643 1.000000 1.000000 1.000000
1929.174927 0.000000 2806.368896 0.000000 -0.394733 0.000000 0.918796 1.000000 1.000000 1.000000
1919.368164 0.000000 2795.625732 0.000000 0.605631 0.000000 0.795746 1.000000 1.000000 1.000000
1909.396362 0.000000 2796.406982 0.000000 0.987293 0.000000 0.158911 1.000000 1.000000 1.000000
1876.375244 0.000000 2787.249023 0.000000 -0.758977 0.000000 0.651118 1.000000 1.000000 1.000000
1955.039917 0.000000 2886.965088 0.000000 -0.375780 0.000000 0.926708 1.000000 1.000000 1.000000
1936.032837 0.000000 2877.119141 0.000000 0.918864 0.000000 0.394574 1.000000 1.000000 1.000000
1914.525024 0.000000 2899.049561 0.000000 0.935427 0.000000 -0.353521 1.000000 1.000000 1.000000
1813.908691 0.000000 2920.906494 0.000000 0.846951 0.000000 0.531672 1.000000 1.000000 1.000000
1120.444458 0.000000 2136.170654 0.000000 0.284074 0.000000 0.958803 1.000000 1.000000 1.000000
1572.950928 0.000000 2379.828125 0.000000 -0.003601 0.000000 0.999994 1.000000 1.000000 1.000000
1971.729736 0.000000 2106.812012 0.000000 -0.434083 0.000000 0.900873 1.000000 1.000000 1.000000
1783.800293 0.000000 2022.210571 0.000000 0.966758 0.000000 -0.255693 1.000000 1.000000 1.000000
1783.804932 0.000000 2021.961792 0.000000 0.107503 0.000000 0.994205 1.000000 1.000000 1.000000
1884.990356 0.000000 2098.169189 0.000000 -0.093932 0.000000 0.995579 1.000000 1.000000 1.000000
2050.602051 0.000000 1986.990479 0.000000 0.362080 0.000000 0.932147 1.000000 1.000000 1.000000
838.610657 0.000000 3238.532959 0.000000 0.173931 0.000000 0.984758 1.000000 1.000000 1.000000
891.000366 0.000000 3320.599365 0.000000 0.481413 0.000000 0.876494 1.000000 1.000000 1.000000
893.100403 0.000000 3338.536865 0.000000 0.286516 0.000000 0.958076 1.000000 1.000000 1.000000
828.224731 0.000000 3175.276611 0.000000 0.653613 0.000000 0.756829 1.000000 1.000000 1.000000
812.540833 0.000000 3094.290527 0.000000 -0.726459 0.000000 0.687209 1.081030 1.081030 1.081030
797.529968 0.000000 3050.648926 0.000000 0.103096 0.000000 0.994671 1.000000 1.000000 1.000000
796.142029 0.000000 3053.662354 0.000000 0.829363 0.000000 0.558710 1.000000 1.000000 1.000000
1103.595703 0.000000 2489.862793 0.000000 -0.995461 0.000000 -0.095167 1.000000 1.000000 1.000000
842.828064 0.000000 2185.475830 0.000000 0.407801 0.000000 0.913071 1.000000 1.000000 1.000000
824.434753 0.000000 2265.409180 0.000000 -0.134275 0.000000 0.990944 1.000000 1.000000 1.000000
2050.867432 0.000000 3032.169434 0.000000 -0.983566 0.000000 0.180549 1.000000 1.000000 1.000000
793.931580 0.000000 2195.141846 0.000000 0.635921 0.000000 0.771754 1.000000 1.000000 1.000000
1571.300781 0.000000 3310.080811 0.000000 -0.835384 0.000000 0.549667 1.000000 1.000000 1.000000
1567.821045 0.000000 3311.377930 0.000000 -0.972850 0.000000 -0.231438 1.000000 1.000000 1.000000
1781.036743 0.000000 3255.579346 0.000000 0.907104 0.000000 0.420906 1.000000 1.000000 1.000000
1784.975586 0.000000 3255.942383 0.000000 -0.944855 0.000000 0.327488 1.000000 1.000000 1.000000
1402.361694 0.000000 3532.352295 0.000000 0.726145 0.000000 0.687542 1.000000 1.000000 1.000000
943.531433 0.000000 2048.368896 0.000000 0.542481 0.000000 0.840068 1.000000 1.000000 1.000000
1138.198486 0.000000 2573.967529 0.000000 -0.517699 0.000000 0.855563 1.000000 1.000000 1.000000
"}
object={
	name="Minor Road_S Curve"
	render_pass=Map
	clamp_to_water_level=no
	generated_content=no
	layer="AGOT_roads"
	pdxmesh="curvy_short_mesh"
	count=9
	transform="1873.152588 0.000000 3698.613037 0.000000 0.368869 0.000000 0.929481 1.000000 1.000000 1.000000
1836.010498 0.000000 3583.346436 0.000000 -0.151137 0.000000 0.988513 1.000000 1.000000 1.000000
1600.481934 0.000000 4707.058105 0.000000 -0.508767 0.000000 0.860904 1.000000 1.000000 1.000000
1727.958252 0.000000 3300.851562 0.000000 0.928925 0.000000 0.370269 1.000000 1.000000 1.000000
1442.908936 0.000000 2918.775635 0.000000 0.038031 0.000000 0.999277 1.000000 1.000000 1.000000
1060.724487 0.000000 2636.125977 0.000000 -0.436364 0.000000 0.899770 1.000000 1.000000 1.000000
1090.448975 0.000000 2540.665771 0.000000 -0.462479 0.000000 0.886630 1.000000 1.000000 1.000000
1809.545776 0.000000 2712.207764 0.000000 0.875808 0.000000 0.482659 1.000000 1.000000 1.000000
1808.254883 0.000000 1963.940552 0.000000 -0.119117 0.000000 0.992880 1.000000 1.000000 1.000000
"}
object={
	name="Minor Road_S Curve short"
	render_pass=Map
	clamp_to_water_level=no
	generated_content=no
	layer="AGOT_roads"
	pdxmesh="curvyshort_short_mesh"
	count=10
	transform="2017.549561 0.000000 3707.127197 0.000000 0.919537 0.000000 0.393004 1.000000 1.000000 1.000000
1859.413574 0.000000 4826.450684 0.000000 -0.747972 0.000000 0.663730 1.000000 1.000000 1.000000
2143.570312 0.000000 3495.583252 0.000000 0.657617 0.000000 0.753352 1.000000 1.000000 1.000000
1422.944458 0.000000 5233.121094 0.000000 -0.635255 0.000000 0.772302 1.000000 1.000000 1.000000
1375.743408 0.000000 3134.265625 0.000000 -0.355814 0.000000 0.934557 1.000000 1.000000 1.000000
1279.622437 0.000000 2899.228027 0.000000 0.119435 0.000000 0.992842 1.000000 1.000000 1.000000
1125.138306 0.000000 2139.208008 0.000000 0.664327 0.000000 0.747442 1.000000 1.000000 1.000000
1554.497559 0.000000 2368.311523 0.000000 0.735983 0.000000 0.677000 1.000000 1.000000 1.000000
805.559204 0.000000 3084.292236 0.000000 0.314284 0.000000 0.949329 1.000000 1.000000 1.000000
1380.628296 0.000000 3530.459229 0.000000 -0.883924 0.000000 -0.467630 1.000000 1.000000 1.000000
"}
object={
	name="Minor Road_Straght"
	render_pass=Map
	clamp_to_water_level=no
	generated_content=no
	layer="AGOT_roads"
	pdxmesh="straightlong_short_mesh"
	count=1
	transform="1338.982544 0.000000 2851.370361 0.000000 -0.506651 0.000000 0.862151 1.000000 1.000000 1.000000
"}
object={
	name="Minor Road_Straight Medium"
	render_pass=Map
	clamp_to_water_level=no
	generated_content=no
	layer="AGOT_roads"
	pdxmesh="straightmedium_short_mesh"
	count=7
	transform="1308.620850 0.000000 3735.742676 0.000000 0.862821 0.000000 -0.505510 1.000000 1.000000 1.000000
1319.746704 0.000000 3743.858398 0.000000 0.897613 0.000000 -0.440783 1.000000 1.000000 1.000000
1562.480713 0.000000 4326.296387 0.000000 -0.160964 0.000000 0.986960 1.000000 1.000000 1.000000
1569.456665 0.000000 4311.295898 0.000000 -0.405933 0.000000 0.913903 1.000000 1.000000 1.000000
1650.677246 0.000000 2581.925537 0.000000 -0.626970 0.000000 0.779043 1.000000 1.000000 1.000000
1982.466431 0.000000 2944.057617 0.000000 0.241249 0.000000 0.970463 1.000000 1.000000 1.000000
778.183289 0.000000 2170.606934 0.000000 0.156791 0.000000 0.987632 1.096777 1.096777 1.096777
"}
object={
	name="Minor Road_Straight Short"
	render_pass=Map
	clamp_to_water_level=no
	generated_content=no
	layer="AGOT_roads"
	pdxmesh="straightshort_short_mesh"
	count=18
	transform="1560.012329 0.000000 4333.670410 0.000000 -0.125628 0.000000 0.992077 1.000000 1.000000 1.000000
1561.660156 0.000000 4302.817383 0.000000 -0.370968 0.000000 0.928646 1.000000 1.000000 1.000000
1411.111572 0.000000 5232.144043 0.000000 -0.334117 0.000000 0.942532 0.930779 0.930779 0.930779
1436.700317 0.000000 5233.064453 0.000000 -0.047239 0.000000 0.998884 1.000000 1.000000 1.000000
1412.411011 0.000000 5232.250977 0.000000 0.504558 0.000000 0.863378 1.000000 1.000000 1.000000
894.734131 0.000000 2251.847656 0.000000 -0.257923 0.000000 0.966165 1.000000 1.000000 1.000000
1651.998413 0.000000 2579.695312 0.000000 0.100948 0.000000 0.994892 1.000000 1.000000 1.000000
1651.283936 0.000000 2579.828369 0.000000 0.100948 0.000000 0.994892 1.000000 1.000000 1.000000
1650.613159 0.000000 2579.928711 0.000000 0.100948 0.000000 0.994892 1.000000 1.000000 1.000000
1773.520386 0.000000 2686.160645 0.000000 0.347901 0.000000 0.937531 1.000000 1.000000 1.000000
839.185730 0.000000 2182.505127 0.000000 0.431532 0.000000 0.902098 1.000000 1.000000 1.000000
796.257263 0.000000 2198.356689 0.000000 -0.009148 0.000000 0.999958 1.000000 1.000000 1.000000
1364.665039 0.000000 3534.201904 0.000000 -0.311327 0.000000 0.950303 1.000000 1.000000 1.000000
935.000671 0.000000 2037.908569 0.000000 -0.969987 0.000000 0.243154 1.000000 1.000000 1.000000
945.010742 0.000000 2052.112061 0.000000 -0.223544 0.000000 0.974694 1.000000 1.000000 1.000000
946.219421 0.000000 2077.624268 0.000000 0.222562 0.000000 0.974919 1.000000 1.000000 1.000000
944.104980 0.000000 2073.653076 0.000000 0.245193 0.000000 0.969474 1.000000 1.000000 1.000000
939.637756 0.000000 2046.912842 0.000000 0.568658 0.000000 0.822574 1.000000 1.000000 1.000000
"}
object={
	name="Myr"
	render_pass=Map
	clamp_to_water_level=no
	generated_content=no
	layer="AGOT_building_layer"
	pdxmesh="myr_mesh"
	count=1
	transform="2796.375977 0.649902 2461.163086 0.000000 0.000000 0.000000 1.000000 0.927428 0.927428 0.927428
"}
object={
	name="Old Town East"
	render_pass=Map
	clamp_to_water_level=no
	generated_content=no
	layer="AGOT_building_layer"
	pdxmesh="building_special_OT_east_mesh"
	count=1
	transform="791.800171 0.000000 2225.342773 0.000000 0.019027 0.000000 0.999819 3.740229 3.740229 3.740229
"}
object={
	name="Old Town East Wall"
	render_pass=Map
	clamp_to_water_level=no
	generated_content=no
	layer="AGOT_building_layer"
	pdxmesh="building_special_OT_east_wall_mesh"
	count=1
	transform="791.752319 0.000000 2224.347412 0.000000 -0.004784 0.000000 0.999989 3.800514 3.800514 3.800514
"}
object={
	name="Old Town Island 1"
	render_pass=Map
	clamp_to_water_level=no
	generated_content=no
	layer="AGOT_building_layer"
	pdxmesh="building_special_OT_island_1_mesh"
	count=1
	transform="791.598816 0.000000 2225.237061 0.000000 0.000000 0.000000 1.000000 3.323068 3.323068 3.323068
"}
object={
	name="Old Town Island 2"
	render_pass=Map
	clamp_to_water_level=no
	generated_content=no
	layer="AGOT_building_layer"
	pdxmesh="building_special_OT_island_2_mesh"
	count=1
	transform="789.115540 0.596923 2223.955811 0.000000 0.000000 0.000000 1.000000 2.990968 2.990968 2.990968
"}
object={
	name="Old Town West"
	render_pass=Map
	clamp_to_water_level=no
	generated_content=no
	layer="AGOT_building_layer"
	pdxmesh="building_special_OT_west_mesh"
	count=1
	transform="791.317566 0.000000 2224.189697 0.000000 0.000000 0.000000 1.000000 3.815179 3.815179 3.815179
"}
object={
	name="Old Town West Wall"
	render_pass=Map
	clamp_to_water_level=no
	generated_content=no
	layer="AGOT_building_layer"
	pdxmesh="building_special_OT_west_wall_mesh"
	count=1
	transform="790.642334 0.000000 2222.816406 0.000000 0.004623 0.000000 0.999989 3.945596 3.945596 3.945596
"}
object={
	name="Orchard 1"
	render_pass=Map
	clamp_to_water_level=no
	generated_content=no
	layer="tree_high_layer"
	entity="tree_leaf_01_c_entity"
	count=521
	transform="3577.307861 0.000000 5486.125977 0.000000 0.646314 0.000000 0.763071 0.280725 0.280725 0.280725
3578.547607 0.000000 5485.145508 0.000000 0.817160 0.000000 0.576411 0.280725 0.280725 0.280725
3579.580811 0.000000 5484.322266 0.000000 -0.814559 0.000000 0.580081 0.280725 0.280725 0.280725
3580.720947 0.000000 5483.416992 0.000000 -0.899916 -0.000000 -0.436063 0.280725 0.280725 0.280725
3580.655518 0.000000 5490.420898 0.000000 0.154959 0.000000 0.987921 0.280725 0.280725 0.280725
3581.798828 0.000000 5489.333984 -0.000000 0.367102 0.000000 0.930181 0.280725 0.280725 0.280725
3582.855713 0.000000 5488.584473 0.000000 -0.261461 0.000000 0.965214 0.280725 0.280725 0.280725
3581.837402 0.000000 5482.464844 0.000000 -0.272398 -0.000000 -0.962185 0.280725 0.280725 0.280725
3582.949951 0.000000 5481.521973 0.000000 0.998357 0.000000 0.057304 0.280725 0.280725 0.280725
3579.925537 0.000000 5489.297852 0.000000 -0.814832 0.000000 -0.579697 0.280725 0.280725 0.280725
3581.000732 0.000000 5488.349609 0.000000 -0.088296 0.000000 -0.996094 0.280725 0.280725 0.280725
3582.039795 0.000000 5487.455078 0.000000 0.990367 0.000000 -0.138469 0.280725 0.280725 0.280725
3584.027588 0.000000 5480.659180 0.000000 0.807285 0.000000 0.590162 0.280725 0.280725 0.280725
3585.267334 0.000000 5479.678711 0.000000 -0.107160 0.000000 -0.994242 0.280725 0.280725 0.280725
3576.458496 0.000000 5485.377930 0.000000 -0.745091 0.000000 0.666963 0.280725 0.280725 0.280725
3579.136475 0.000000 5488.396484 0.000000 -0.411714 0.000000 0.911313 0.280725 0.280725 0.280725
3580.243896 0.000000 5487.335938 0.000000 0.571348 0.000000 -0.820708 0.280725 0.280725 0.280725
3581.414307 0.000000 5486.447266 0.000000 0.967449 0.000000 -0.253068 0.280725 0.280725 0.280725
3582.570557 0.000000 5485.524414 0.000000 -0.331155 0.000000 0.943577 0.280725 0.280725 0.280725
3577.689697 0.000000 5484.253906 0.000000 0.372361 0.000000 0.928088 0.280725 0.280725 0.280725
3578.616455 0.000000 5483.406250 0.000000 0.550243 0.000000 0.835004 0.280725 0.280725 0.280725
3579.858398 0.000000 5482.576172 0.000000 0.998699 0.000000 0.050989 0.280725 0.280725 0.280725
3580.989014 0.000000 5481.611328 0.000000 0.349665 0.000000 0.936875 0.280725 0.280725 0.280725
3578.402588 0.000000 5487.402344 0.000000 0.656027 0.000000 0.754737 0.280725 0.280725 0.280725
3579.458008 0.000000 5486.381836 0.000000 -0.585533 0.000000 -0.810649 0.280725 0.280725 0.280725
3580.604980 0.000000 5485.465820 0.000000 -0.982936 0.000000 -0.183947 0.280725 0.280725 0.280725
3581.692383 0.000000 5484.594727 0.000000 -0.845826 0.000000 -0.533459 0.280725 0.280725 0.280725
3582.779297 0.000000 5483.492188 0.000000 0.769867 0.000000 -0.638204 0.280725 0.280725 0.280725
3582.097656 0.000000 5480.685547 0.000000 0.963930 0.000000 -0.266157 0.280725 0.280725 0.280725
3575.665771 0.000000 5484.377930 0.000000 0.154959 0.000000 0.987921 0.280725 0.280725 0.280725
3576.809082 0.000000 5483.291016 -0.000000 0.367102 0.000000 0.930181 0.280725 0.280725 0.280725
3577.865967 0.000000 5482.541504 0.000000 -0.261461 0.000000 0.965214 0.280725 0.280725 0.280725
3579.000000 0.000000 5481.584961 0.000000 -0.681981 0.000000 -0.731370 0.280725 0.280725 0.280725
3580.212646 0.000000 5480.630859 0.000000 -0.908355 0.000000 -0.418201 0.280725 0.280725 0.280725
3581.199463 0.000000 5479.679688 0.000000 -0.773657 0.000000 -0.633605 0.280725 0.280725 0.280725
3576.010986 0.000000 5482.306641 0.000000 -0.088296 0.000000 -0.996094 0.280725 0.280725 0.280725
3577.050049 0.000000 5481.412109 0.000000 0.990367 0.000000 -0.138469 0.280725 0.280725 0.280725
3578.314209 0.000000 5480.565430 0.000000 -0.941406 0.000000 -0.337276 0.280725 0.280725 0.280725
3579.453369 0.000000 5479.507812 -0.000000 -0.915784 0.000000 0.401671 0.280725 0.280725 0.280725
3580.471924 0.000000 5478.707031 0.000000 0.119167 0.000000 0.992874 0.280725 0.280725 0.280725
3583.177979 0.000000 5479.910156 0.000000 -0.961580 0.000000 0.274525 0.280725 0.280725 0.280725
3584.409424 0.000000 5478.787109 0.000000 0.351923 0.000000 0.936029 0.280725 0.280725 0.280725
3585.336182 0.000000 5477.939453 0.000000 0.896746 0.000000 0.442545 0.280725 0.280725 0.280725
3586.577881 0.000000 5477.108887 0.000000 -0.627359 0.000000 0.778730 0.280725 0.280725 0.280725
3587.708740 0.000000 5476.143555 0.000000 -0.604822 0.000000 0.796360 0.280725 0.280725 0.280725
3588.817139 0.000000 5475.218750 0.000000 -0.492998 0.000000 0.870031 0.280725 0.280725 0.280725
3589.701904 0.000000 5474.166992 0.000000 0.883714 0.000000 0.468027 0.280725 0.280725 0.280725
3582.385498 0.000000 5478.911133 0.000000 0.994115 0.000000 -0.108325 0.280725 0.280725 0.280725
3583.528564 0.000000 5477.824219 0.000000 -0.910404 0.000000 -0.413720 0.280725 0.280725 0.280725
3584.585449 0.000000 5477.074219 0.000000 0.891090 0.000000 -0.453826 0.280725 0.280725 0.280725
3585.719482 0.000000 5476.118164 0.000000 -0.952701 0.000000 0.303908 0.280725 0.280725 0.280725
3586.932373 0.000000 5475.164062 0.000000 -0.593032 0.000000 0.805179 0.280725 0.280725 0.280725
3587.919189 0.000000 5474.212891 0.000000 -0.997884 0.000000 0.065016 0.280725 0.280725 0.280725
3589.046387 0.000000 5473.263672 0.000000 -0.288362 0.000000 0.957521 0.280725 0.280725 0.280725
3589.962158 0.000000 5472.408203 0.000000 -0.827181 0.000000 0.561935 0.280725 0.280725 0.280725
3581.655518 0.000000 5477.788086 0.000000 0.687785 0.000000 0.725915 0.280725 0.280725 0.280725
3582.730469 0.000000 5476.838867 0.000000 -0.985971 0.000000 -0.166915 0.280725 0.280725 0.280725
3583.769775 0.000000 5475.945312 0.000000 -0.915185 0.000000 -0.403034 0.280725 0.280725 0.280725
3585.033691 0.000000 5475.098633 0.000000 0.506365 0.000000 -0.862319 0.280725 0.280725 0.280725
3586.173096 0.000000 5474.041016 0.000000 -0.173937 0.000000 -0.984757 0.280725 0.280725 0.280725
3587.191650 0.000000 5473.240234 0.000000 0.830680 0.000000 -0.556750 0.280725 0.280725 0.280725
3588.176758 0.000000 5472.290039 0.000000 -0.847843 0.000000 0.530247 0.280725 0.280725 0.280725
3589.116211 0.000000 5471.306641 0.000000 0.984555 0.000000 0.175076 0.280725 0.280725 0.280725
3590.061768 0.000000 5470.569336 0.000000 0.911101 0.000000 -0.412183 0.280725 0.280725 0.280725
3580.866211 0.000000 5476.886719 0.000000 0.938098 0.000000 -0.346369 0.280725 0.280725 0.280725
3581.973633 0.000000 5475.826172 0.000000 -0.999181 0.000000 -0.040464 0.280725 0.280725 0.280725
3583.144287 0.000000 5474.937500 0.000000 -0.009228 0.000000 -0.999957 0.280725 0.280725 0.280725
3584.300293 0.000000 5474.014648 0.000000 -0.132775 0.000000 0.991146 0.280725 0.280725 0.280725
3585.416748 0.000000 5473.085938 0.000000 -0.373045 0.000000 0.927813 0.280725 0.280725 0.280725
3586.375732 0.000000 5472.154297 0.000000 -0.999821 0.000000 0.018896 0.280725 0.280725 0.280725
3587.462646 0.000000 5471.254883 0.000000 0.653647 0.000000 -0.756800 0.280725 0.280725 0.280725
3588.358154 0.000000 5470.289062 0.000000 -0.996891 0.000000 -0.078788 0.280725 0.280725 0.280725
3589.280518 0.000000 5469.428711 0.000000 0.908558 0.000000 0.417758 0.280725 0.280725 0.280725
3582.334717 0.000000 5473.956055 0.000000 0.119312 0.000000 -0.992857 0.280725 0.280725 0.280725
3583.422119 0.000000 5473.083984 0.000000 0.752434 0.000000 -0.658668 0.280725 0.280725 0.280725
3584.509033 0.000000 5471.982422 0.000000 0.787303 0.000000 0.616566 0.280725 0.280725 0.280725
3585.565430 0.000000 5471.111328 0.000000 -0.962329 0.000000 -0.271889 0.280725 0.280725 0.280725
3586.662109 0.000000 5470.249023 0.000000 -0.588195 0.000000 0.808719 0.280725 0.280725 0.280725
3587.638428 0.000000 5469.211914 0.000000 0.521014 0.000000 0.853548 0.280725 0.280725 0.280725
3588.585205 0.000000 5468.518555 0.000000 -0.439799 0.000000 0.898097 0.280725 0.280725 0.280725
3636.313721 0.000000 5411.766602 0.000000 0.635003 0.000000 -0.772509 0.280725 0.280725 0.280725
3637.145020 0.000000 5412.821289 0.000000 0.810389 0.000000 -0.585893 0.280725 0.280725 0.280725
3638.052002 0.000000 5414.000000 0.000000 -0.940655 0.000000 0.339365 0.280725 0.280725 0.280725
3628.709229 0.000000 5414.245117 0.000000 0.153817 0.000000 -0.988099 0.280725 0.280725 0.280725
3639.891113 0.000000 5416.254395 0.000000 -0.883723 0.000000 0.468010 0.280725 0.280725 0.280725
3640.808838 0.000000 5417.210938 0.000000 0.299135 0.000000 0.954211 0.280725 0.280725 0.280725
3641.708252 0.000000 5418.230469 0.000000 -0.046522 0.000000 0.998917 0.280725 0.280725 0.280725
3638.007080 0.000000 5411.957031 0.000000 0.311701 0.000000 0.950180 0.280725 0.280725 0.280725
3638.919189 0.000000 5413.180664 0.000000 -0.995274 0.000000 0.097106 0.280725 0.280725 0.280725
3639.860840 0.000000 5414.327148 0.000000 -0.992088 0.000000 0.125542 0.280725 0.280725 0.280725
3640.759521 0.000000 5415.439453 0.000000 -0.966420 0.000000 0.256969 0.280725 0.280725 0.280725
3641.689697 0.000000 5416.394531 0.000000 0.284380 0.000000 0.958712 0.280725 0.280725 0.280725
3642.592529 0.000000 5417.416992 0.000000 -0.141740 0.000000 0.989904 0.280725 0.280725 0.280725
3639.896729 0.000000 5412.398438 0.000000 -0.883933 0.000000 -0.467613 0.280725 0.280725 0.280725
3640.856201 0.000000 5413.569336 0.000000 -0.990132 0.000000 0.140135 0.280725 0.280725 0.280725
3641.731201 0.000000 5414.642090 0.000000 -0.744962 0.000000 -0.667107 0.280725 0.280725 0.280725
3642.694580 0.000000 5415.687500 0.000000 -0.885651 0.000000 0.464350 0.280725 0.280725 0.280725
3643.544189 0.000000 5416.691406 0.000000 -0.980333 0.000000 -0.197352 0.280725 0.280725 0.280725
3641.924561 0.000000 5412.786133 0.000000 0.581485 0.000000 -0.813557 0.280725 0.280725 0.280725
3642.767822 0.000000 5413.905273 0.000000 0.979079 0.000000 0.203480 0.280725 0.280725 0.280725
3643.696045 0.000000 5414.912109 0.000000 -0.972167 0.000000 -0.234290 0.280725 0.280725 0.280725
3644.585693 0.000000 5415.890625 0.000000 0.564175 0.000000 0.825655 0.280725 0.280725 0.280725
3645.368652 0.000000 5416.842773 0.000000 0.932135 0.000000 0.362111 0.280725 0.280725 0.280725
3643.814697 0.000000 5413.139648 0.000000 -0.713383 0.000000 -0.700774 0.280725 0.280725 0.280725
3644.754639 0.000000 5414.186523 0.000000 0.998015 0.000000 -0.062982 0.280725 0.280725 0.280725
3645.629150 0.000000 5415.157227 0.000000 -0.641573 0.000000 -0.767062 0.280725 0.280725 0.280725
3647.468018 0.000000 5417.182617 0.000000 0.890111 0.000000 0.455744 0.280725 0.280725 0.280725
3646.438477 0.000000 5416.072266 0.000000 0.337670 0.000000 0.941264 0.280725 0.280725 0.280725
3645.775391 0.000000 5413.396484 0.000000 -0.989275 0.000000 0.146067 0.280725 0.280725 0.280725
3648.488770 0.000000 5416.443359 0.000000 -0.332840 0.000000 -0.942983 0.280725 0.280725 0.280725
3646.688721 0.000000 5414.371094 0.000000 -0.244827 0.000000 0.969567 0.280725 0.280725 0.280725
3647.459961 0.000000 5415.334961 0.000000 -0.949222 0.000000 0.314607 0.280725 0.280725 0.280725
3631.070312 0.000000 5408.864258 0.000000 0.671273 0.000000 0.741210 0.280725 0.280725 0.280725
3629.944336 0.000000 5409.772461 0.000000 0.835597 0.000000 -0.549342 0.280725 0.280725 0.280725
3628.839355 0.000000 5410.362305 0.000000 -0.542101 0.000000 -0.840313 0.280725 0.280725 0.280725
3627.915283 0.000000 5411.156250 0.000000 0.647987 0.000000 0.761652 0.280725 0.280725 0.280725
3632.036865 0.000000 5410.019531 0.000000 -0.074889 0.000000 0.997192 0.280725 0.280725 0.280725
3630.910889 0.000000 5410.927734 0.000000 0.406621 0.000000 -0.913597 0.280725 0.280725 0.280725
3629.805908 0.000000 5411.518066 0.000000 0.847932 0.000000 0.530105 0.280725 0.280725 0.280725
3628.881836 0.000000 5412.311523 0.000000 0.444111 0.000000 0.895972 0.280725 0.280725 0.280725
3629.107666 0.000000 5408.634766 0.000000 -0.520220 0.000000 -0.854032 0.280725 0.280725 0.280725
3625.070068 0.000000 5411.493164 0.000000 -0.520220 0.000000 -0.854032 0.280725 0.280725 0.280725
3620.035889 0.000000 5411.420410 0.000000 -0.520220 0.000000 -0.854032 0.280725 0.280725 0.280725
3619.060791 0.000000 5412.374023 0.000000 -0.091440 0.000000 0.995811 0.280725 0.280725 0.280725
3619.871582 0.000000 5413.477539 0.000000 -0.978951 0.000000 0.204093 0.280725 0.280725 0.280725
3620.901123 0.000000 5412.810547 0.000000 -0.091440 0.000000 0.995811 0.280725 0.280725 0.280725
3621.712158 0.000000 5413.914062 0.000000 -0.978951 0.000000 0.204093 0.280725 0.280725 0.280725
3623.116943 0.000000 5411.303711 0.000000 -0.091440 0.000000 0.995811 0.280725 0.280725 0.280725
3623.927979 0.000000 5412.408203 0.000000 -0.978951 0.000000 0.204093 0.280725 0.280725 0.280725
3622.117676 0.000000 5412.004883 -0.000000 0.673711 0.000000 0.738995 0.280725 0.280725 0.280725
3622.928467 0.000000 5413.109375 0.000000 -0.385201 -0.000000 -0.922832 0.280725 0.280725 0.280725
3623.760010 0.000000 5414.163086 0.000000 0.967549 0.000000 -0.252685 0.280725 0.280725 0.280725
3624.666748 0.000000 5415.341797 0.000000 0.956384 0.000000 0.292113 0.280725 0.280725 0.280725
3625.870117 0.000000 5412.687500 0.000000 0.362620 0.000000 -0.931937 0.280725 0.280725 0.280725
3624.884277 0.000000 5413.524414 -0.000000 0.673711 0.000000 0.738995 0.280725 0.280725 0.280725
3625.695068 0.000000 5414.628418 0.000000 -0.385201 -0.000000 -0.922832 0.280725 0.280725 0.280725
3626.526611 0.000000 5415.682617 0.000000 0.967549 0.000000 -0.252685 0.280725 0.280725 0.280725
3627.433350 0.000000 5416.861328 0.000000 0.956384 0.000000 0.292113 0.280725 0.280725 0.280725
3626.836670 0.000000 5413.842773 0.000000 -0.984837 0.000000 -0.173485 0.280725 0.280725 0.280725
3627.647705 0.000000 5414.946289 0.000000 -0.128256 0.000000 0.991741 0.280725 0.280725 0.280725
3628.479004 0.000000 5416.000977 0.000000 -0.910939 0.000000 -0.412541 0.280725 0.280725 0.280725
3629.385986 0.000000 5417.179199 0.000000 -0.605527 0.000000 -0.795825 0.280725 0.280725 0.280725
3629.552979 0.000000 5415.388672 0.000000 0.143659 0.000000 0.989627 0.280725 0.280725 0.280725
3630.364014 0.000000 5416.493164 0.000000 0.635003 0.000000 -0.772509 0.280725 0.280725 0.280725
3631.195068 0.000000 5417.546875 0.000000 0.810389 0.000000 -0.585893 0.280725 0.280725 0.280725
3632.102051 0.000000 5418.725586 0.000000 -0.940655 0.000000 0.339365 0.280725 0.280725 0.280725
3588.662598 0.000000 5409.819824 0.000000 0.109908 0.000000 -0.993942 0.280725 0.280725 0.280725
3590.212158 0.000000 5411.987305 0.000000 0.167342 0.000000 -0.985899 0.280725 0.280725 0.280725
3615.585205 0.000000 5438.742188 0.000000 0.167342 0.000000 -0.985899 0.280725 0.280725 0.280725
3629.555908 0.000000 5413.452148 0.000000 0.785726 0.000000 -0.618574 0.280725 0.280725 0.280725
3630.399170 0.000000 5414.596680 0.000000 -0.869166 0.000000 -0.494521 0.280725 0.280725 0.280725
3631.245850 0.000000 5415.662109 0.000000 -0.422095 0.000000 0.906552 0.280725 0.280725 0.280725
3632.057129 0.000000 5416.682617 0.000000 0.311701 0.000000 0.950180 0.280725 0.280725 0.280725
3632.969482 0.000000 5417.907227 0.000000 -0.995274 0.000000 0.097106 0.280725 0.280725 0.280725
3633.910889 0.000000 5419.053711 0.000000 -0.992088 0.000000 0.125542 0.280725 0.280725 0.280725
3634.809814 0.000000 5420.165527 0.000000 -0.966420 0.000000 0.256969 0.280725 0.280725 0.280725
3630.552002 0.000000 5412.685547 0.000000 -0.984442 0.000000 0.175708 0.280725 0.280725 0.280725
3626.980469 0.000000 5411.882812 0.000000 0.323535 0.000000 -0.946216 0.280725 0.280725 0.280725
3631.395264 0.000000 5413.829102 0.000000 0.773252 0.000000 0.634098 0.280725 0.280725 0.280725
3632.210205 0.000000 5414.880859 0.000000 -0.341845 0.000000 -0.939756 0.280725 0.280725 0.280725
3633.028076 0.000000 5415.959961 0.000000 0.947866 0.000000 0.318669 0.280725 0.280725 0.280725
3633.946777 0.000000 5417.124023 0.000000 -0.883933 0.000000 -0.467613 0.280725 0.280725 0.280725
3634.906250 0.000000 5418.294922 0.000000 -0.990132 0.000000 0.140135 0.280725 0.280725 0.280725
3627.947021 0.000000 5413.038086 0.000000 0.865497 0.000000 0.500915 0.280725 0.280725 0.280725
3631.627686 0.000000 5411.910156 0.000000 -0.419385 0.000000 0.907808 0.280725 0.280725 0.280725
3635.781494 0.000000 5419.368164 0.000000 -0.744962 0.000000 -0.667107 0.280725 0.280725 0.280725
3636.744629 0.000000 5420.413086 0.000000 -0.885651 0.000000 0.464350 0.280725 0.280725 0.280725
3632.471191 0.000000 5413.053711 0.000000 -0.036938 0.000000 0.999317 0.280725 0.280725 0.280725
3625.596680 0.000000 5416.369629 0.000000 0.958380 0.000000 -0.285495 0.280725 0.280725 0.280725
3633.232666 0.000000 5414.122070 0.000000 -0.570994 0.000000 -0.820954 0.280725 0.280725 0.280725
3634.084229 0.000000 5415.161133 0.000000 -0.352823 0.000000 -0.935690 0.280725 0.280725 0.280725
3635.006104 0.000000 5416.386719 0.000000 0.970270 0.000000 -0.242025 0.280725 0.280725 0.280725
3635.974854 0.000000 5417.512207 0.000000 0.581485 0.000000 -0.813557 0.280725 0.280725 0.280725
3628.363281 0.000000 5417.888672 0.000000 0.958380 0.000000 -0.285495 0.280725 0.280725 0.280725
3632.632568 0.000000 5411.197266 0.000000 0.875424 0.000000 -0.483356 0.280725 0.280725 0.280725
3636.818115 0.000000 5418.630859 0.000000 0.979079 0.000000 0.203480 0.280725 0.280725 0.280725
3637.746338 0.000000 5419.637695 0.000000 -0.972167 0.000000 -0.234290 0.280725 0.280725 0.280725
3638.635986 0.000000 5420.616211 0.000000 0.564175 0.000000 0.825655 0.280725 0.280725 0.280725
3630.315674 0.000000 5418.207031 0.000000 -0.914813 0.000000 -0.403878 0.280725 0.280725 0.280725
3644.468506 0.000000 5417.784180 0.000000 -0.120607 -0.000000 -0.992700 0.280725 0.280725 0.280725
3643.454346 0.000000 5418.428711 0.000000 -0.531359 0.000000 0.847147 0.280725 0.280725 0.280725
3642.563232 0.000000 5419.068359 0.000000 0.932135 0.000000 0.362111 0.280725 0.280725 0.280725
3638.959961 0.000000 5415.064453 0.000000 0.932135 0.000000 0.362111 0.280725 0.280725 0.280725
3633.031982 0.000000 5419.753418 0.000000 0.932135 0.000000 0.362111 0.280725 0.280725 0.280725
3633.475830 0.000000 5412.341797 0.000000 0.904034 0.000000 0.427460 0.280725 0.280725 0.280725
3634.274658 0.000000 5413.390625 0.000000 -0.670544 0.000000 -0.741870 0.280725 0.280725 0.280725
3635.157959 0.000000 5414.464844 0.000000 0.707640 0.000000 -0.706574 0.280725 0.280725 0.280725
3636.073242 0.000000 5415.643555 0.000000 -0.800751 0.000000 0.598997 0.280725 0.280725 0.280725
3637.001709 0.000000 5416.794922 0.000000 -0.923715 0.000000 0.383080 0.280725 0.280725 0.280725
3637.864746 0.000000 5417.865234 0.000000 -0.713383 0.000000 -0.700774 0.280725 0.280725 0.280725
3638.804932 0.000000 5418.912109 0.000000 0.998015 0.000000 -0.062982 0.280725 0.280725 0.280725
3639.679199 0.000000 5419.882812 0.000000 -0.641573 0.000000 -0.767062 0.280725 0.280725 0.280725
3640.488525 0.000000 5420.798828 0.000000 0.337670 0.000000 0.941264 0.280725 0.280725 0.280725
3634.510010 0.000000 5411.572266 0.000000 -0.993125 0.000000 0.117061 0.280725 0.280725 0.280725
3635.285400 0.000000 5412.617188 0.000000 0.892211 0.000000 0.451618 0.280725 0.280725 0.280725
3636.169678 0.000000 5413.678711 0.000000 0.792548 0.000000 -0.609809 0.280725 0.280725 0.280725
3637.054443 0.000000 5414.851562 0.000000 0.997088 0.000000 0.076259 0.280725 0.280725 0.280725
3638.021729 0.000000 5415.952148 0.000000 0.110815 0.000000 0.993841 0.280725 0.280725 0.280725
3638.892822 0.000000 5417.063965 0.000000 -0.479479 0.000000 -0.877553 0.280725 0.280725 0.280725
3578.538330 0.000000 5413.489258 0.000000 0.829817 0.000000 0.558036 0.280725 0.280725 0.280725
3579.340576 0.000000 5414.565430 0.000000 0.950201 0.000000 0.311637 0.280725 0.280725 0.280725
3553.486084 0.000000 5434.288086 0.000000 0.818340 0.000000 -0.574734 0.280725 0.280725 0.280725
3554.360352 0.000000 5435.490234 0.000000 -0.945216 0.000000 0.326444 0.280725 0.280725 0.280725
3555.263428 0.000000 5436.661621 0.000000 -0.974414 0.000000 0.224759 0.280725 0.280725 0.280725
3556.136963 0.000000 5437.794922 0.000000 -0.890053 0.000000 0.455857 0.280725 0.280725 0.280725
3557.028809 0.000000 5438.777344 0.000000 0.286032 0.000000 0.958220 0.280725 0.280725 0.280725
3557.899658 0.000000 5439.820312 0.000000 -0.060204 0.000000 0.998186 0.280725 0.280725 0.280725
3553.588623 0.000000 5432.405762 0.000000 -0.434477 0.000000 0.900683 0.280725 0.280725 0.280725
3554.372070 0.000000 5433.447754 0.000000 0.298652 0.000000 0.954362 0.280725 0.280725 0.280725
3555.250000 0.000000 5434.695312 0.000000 -0.996511 0.000000 0.083459 0.280725 0.280725 0.280725
3556.159912 0.000000 5435.867188 0.000000 -0.993715 0.000000 0.111937 0.280725 0.280725 0.280725
3557.027588 0.000000 5437.003906 0.000000 -0.969850 0.000000 0.243703 0.280725 0.280725 0.280725
3557.931885 0.000000 5437.984375 0.000000 0.271217 0.000000 0.962518 0.280725 0.280725 0.280725
3558.805908 0.000000 5439.031738 0.000000 -0.155290 0.000000 0.987869 0.280725 0.280725 0.280725
3554.574463 0.000000 5431.650391 0.000000 -0.328937 0.000000 -0.944352 0.280725 0.280725 0.280725
3555.362549 0.000000 5432.750977 0.000000 0.943411 0.000000 0.331627 0.280725 0.280725 0.280725
3556.249023 0.000000 5433.940430 0.000000 -0.877443 0.000000 -0.479680 0.280725 0.280725 0.280725
3557.175537 0.000000 5435.136719 0.000000 -0.991960 0.000000 0.126555 0.280725 0.280725 0.280725
3558.021729 0.000000 5436.233398 0.000000 -0.735752 0.000000 -0.677251 0.280725 0.280725 0.280725
3558.954834 0.000000 5437.304688 0.000000 -0.891931 0.000000 0.452171 0.280725 0.280725 0.280725
3559.777588 0.000000 5438.331055 0.000000 -0.977536 0.000000 -0.210766 0.280725 0.280725 0.280725
3555.617676 0.000000 5430.919922 0.000000 -0.559692 0.000000 -0.828701 0.280725 0.280725 0.280725
3556.440186 0.000000 5431.981934 0.000000 -0.339969 0.000000 -0.940437 0.280725 0.280725 0.280725
3557.327393 0.000000 5433.231445 0.000000 0.973495 0.000000 -0.228708 0.280725 0.280725 0.280725
3558.264893 0.000000 5434.383789 0.000000 0.592578 0.000000 -0.805513 0.280725 0.280725 0.280725
3559.077637 0.000000 5435.525391 0.000000 0.976199 0.000000 0.216876 0.280725 0.280725 0.280725
3559.978027 0.000000 5436.557129 0.000000 -0.968865 0.000000 -0.247589 0.280725 0.280725 0.280725
3560.840576 0.000000 5437.560547 0.000000 0.552809 0.000000 0.833308 0.280725 0.280725 0.280725
3562.515869 0.000000 5439.707031 0.000000 -0.306144 0.000000 0.951985 0.280725 0.280725 0.280725
3561.596924 0.000000 5438.533203 0.000000 0.927086 0.000000 0.374849 0.280725 0.280725 0.280725
3557.531494 0.000000 5431.315430 0.000000 0.717255 0.000000 -0.696811 0.280725 0.280725 0.280725
3558.414307 0.000000 5432.518555 0.000000 -0.808883 0.000000 0.587969 0.280725 0.280725 0.280725
3559.311279 0.000000 5433.695312 0.000000 -0.928878 0.000000 0.370387 0.280725 0.280725 0.280725
3560.145264 0.000000 5434.789062 0.000000 -0.703714 0.000000 -0.710483 0.280725 0.280725 0.280725
3561.055908 0.000000 5435.860352 0.000000 0.998784 0.000000 -0.049301 0.280725 0.280725 0.280725
3561.903809 0.000000 5436.855469 0.000000 -0.631002 0.000000 -0.775781 0.280725 0.280725 0.280725
3580.215088 0.000000 5415.768066 0.000000 -0.843101 0.000000 0.537755 0.280725 0.280725 0.280725
3561.507568 0.000000 5440.671875 0.000000 0.137612 0.000000 0.990486 0.280725 0.280725 0.280725
3560.508545 0.000000 5439.535156 0.000000 -0.743276 0.000000 0.668985 0.280725 0.280725 0.280725
3559.476318 0.000000 5440.373047 0.000000 0.491518 0.000000 -0.870868 0.280725 0.280725 0.280725
3581.117920 0.000000 5416.939453 0.000000 -0.068426 -0.000000 -0.997656 0.280725 0.280725 0.280725
3581.991455 0.000000 5418.072266 0.000000 -0.879272 0.000000 -0.476321 0.280725 0.280725 0.280725
3552.658447 0.000000 5435.265625 0.000000 0.952437 0.000000 -0.304738 0.280725 0.280725 0.280725
3553.460693 0.000000 5436.341797 0.000000 -0.794897 0.000000 -0.606744 0.280725 0.280725 0.280725
3554.335205 0.000000 5437.544922 0.000000 -0.247472 0.000000 0.968895 0.280725 0.280725 0.280725
3555.238037 0.000000 5438.715820 0.000000 0.997168 0.000000 -0.075203 0.280725 0.280725 0.280725
3570.550781 0.000000 5419.834961 0.000000 0.645529 0.000000 -0.763736 0.280725 0.280725 0.280725
3571.352783 0.000000 5420.911133 0.000000 0.818340 0.000000 -0.574734 0.280725 0.280725 0.280725
3572.227295 0.000000 5422.114258 0.000000 -0.945216 0.000000 0.326444 0.280725 0.280725 0.280725
3573.130127 0.000000 5423.285156 0.000000 -0.974414 0.000000 0.224759 0.280725 0.280725 0.280725
3574.003906 0.000000 5424.417969 0.000000 -0.890053 0.000000 0.455857 0.280725 0.280725 0.280725
3574.895752 0.000000 5425.400391 0.000000 0.286032 0.000000 0.958220 0.280725 0.280725 0.280725
3575.766846 0.000000 5426.444336 0.000000 -0.060204 0.000000 0.998186 0.280725 0.280725 0.280725
3571.455322 0.000000 5419.029297 0.000000 -0.434477 0.000000 0.900683 0.280725 0.280725 0.280725
3572.239014 0.000000 5420.071289 0.000000 0.298652 0.000000 0.954362 0.280725 0.280725 0.280725
3573.116943 0.000000 5421.319336 0.000000 -0.996511 0.000000 0.083459 0.280725 0.280725 0.280725
3574.026611 0.000000 5422.491211 0.000000 -0.993715 0.000000 0.111937 0.280725 0.280725 0.280725
3574.894531 0.000000 5423.626953 0.000000 -0.969850 0.000000 0.243703 0.280725 0.280725 0.280725
3575.799072 0.000000 5424.607910 0.000000 0.271217 0.000000 0.962518 0.280725 0.280725 0.280725
3576.672852 0.000000 5425.655273 0.000000 -0.155290 0.000000 0.987869 0.280725 0.280725 0.280725
3572.441650 0.000000 5418.274414 0.000000 -0.328937 0.000000 -0.944352 0.280725 0.280725 0.280725
3573.229248 0.000000 5419.374512 0.000000 0.943411 0.000000 0.331627 0.280725 0.280725 0.280725
3574.115967 0.000000 5420.563477 0.000000 -0.877443 0.000000 -0.479680 0.280725 0.280725 0.280725
3575.042236 0.000000 5421.759766 0.000000 -0.991960 0.000000 0.126555 0.280725 0.280725 0.280725
3575.888428 0.000000 5422.856934 0.000000 -0.735752 0.000000 -0.677251 0.280725 0.280725 0.280725
3576.821777 0.000000 5423.927734 0.000000 -0.891931 0.000000 0.452171 0.280725 0.280725 0.280725
3577.644287 0.000000 5424.954590 0.000000 -0.977536 0.000000 -0.210766 0.280725 0.280725 0.280725
3573.484619 0.000000 5417.543457 0.000000 -0.559692 0.000000 -0.828701 0.280725 0.280725 0.280725
3574.307129 0.000000 5418.605469 0.000000 -0.339969 0.000000 -0.940437 0.280725 0.280725 0.280725
3575.194580 0.000000 5419.855469 0.000000 0.973495 0.000000 -0.228708 0.280725 0.280725 0.280725
3576.131592 0.000000 5421.007812 0.000000 0.592578 0.000000 -0.805513 0.280725 0.280725 0.280725
3576.944580 0.000000 5422.148438 0.000000 0.976199 0.000000 0.216876 0.280725 0.280725 0.280725
3577.844971 0.000000 5423.180664 0.000000 -0.968865 0.000000 -0.247589 0.280725 0.280725 0.280725
3578.707764 0.000000 5424.183594 0.000000 0.552809 0.000000 0.833308 0.280725 0.280725 0.280725
3580.382812 0.000000 5426.330078 0.000000 -0.306144 0.000000 0.951985 0.280725 0.280725 0.280725
3579.464111 0.000000 5425.156250 0.000000 0.927086 0.000000 0.374849 0.280725 0.280725 0.280725
3574.546143 0.000000 5416.840332 0.000000 -0.660316 0.000000 -0.750988 0.280725 0.280725 0.280725
3575.398438 0.000000 5417.938477 0.000000 0.717255 0.000000 -0.696811 0.280725 0.280725 0.280725
3576.281250 0.000000 5419.141602 0.000000 -0.808883 0.000000 0.587969 0.280725 0.280725 0.280725
3577.177979 0.000000 5420.318359 0.000000 -0.928878 0.000000 0.370387 0.280725 0.280725 0.280725
3578.012207 0.000000 5421.412109 0.000000 -0.703714 0.000000 -0.710483 0.280725 0.280725 0.280725
3578.922607 0.000000 5422.483887 0.000000 0.998784 0.000000 -0.049301 0.280725 0.280725 0.280725
3579.770752 0.000000 5423.479004 0.000000 -0.631002 0.000000 -0.775781 0.280725 0.280725 0.280725
3577.580811 0.000000 5414.526367 0.000000 -0.162918 0.000000 -0.986639 0.280725 0.280725 0.280725
3578.434570 0.000000 5415.612305 0.000000 -0.999750 0.000000 0.022380 0.280725 0.280725 0.280725
3579.287354 0.000000 5416.808594 0.000000 -0.396275 0.000000 -0.918132 0.280725 0.280725 0.280725
3580.224365 0.000000 5417.936523 0.000000 -0.245715 0.000000 -0.969342 0.280725 0.280725 0.280725
3581.064941 0.000000 5419.071289 0.000000 -0.884050 0.000000 -0.467393 0.280725 0.280725 0.280725
3579.374268 0.000000 5427.295898 0.000000 0.137612 0.000000 0.990486 0.280725 0.280725 0.280725
3578.375732 0.000000 5426.158203 0.000000 -0.743276 0.000000 0.668985 0.280725 0.280725 0.280725
3579.280029 0.000000 5429.116211 0.000000 -0.796744 -0.000000 -0.604317 0.280725 0.280725 0.280725
3580.245850 0.000000 5428.302734 0.000000 -0.417433 0.000000 0.908708 0.280725 0.280725 0.280725
3576.548584 0.000000 5415.364258 0.000000 0.408467 0.000000 0.912773 0.280725 0.280725 0.280725
3577.402344 0.000000 5416.450195 0.000000 0.091888 0.000000 0.995770 0.280725 0.280725 0.280725
3578.255127 0.000000 5417.646484 0.000000 0.320676 0.000000 -0.947189 0.280725 0.280725 0.280725
3579.192139 0.000000 5418.774414 0.000000 0.345842 0.000000 0.938293 0.280725 0.280725 0.280725
3578.342041 0.000000 5428.133789 0.000000 0.999617 0.000000 -0.027656 0.280725 0.280725 0.280725
3580.032715 0.000000 5419.909180 0.000000 0.539890 0.000000 -0.841736 0.280725 0.280725 0.280725
3577.343506 0.000000 5426.996094 0.000000 0.491518 0.000000 -0.870868 0.280725 0.280725 0.280725
3580.935303 0.000000 5420.992188 0.000000 0.533327 0.000000 0.845909 0.280725 0.280725 0.280725
3580.554688 0.000000 5424.416504 0.000000 0.324741 0.000000 0.945803 0.280725 0.280725 0.280725
3575.577637 0.000000 5416.094727 0.000000 0.885939 0.000000 0.463801 0.280725 0.280725 0.280725
3576.431396 0.000000 5417.180664 0.000000 0.800830 0.000000 -0.598892 0.280725 0.280725 0.280725
3577.371338 0.000000 5428.864258 0.000000 -0.009398 0.000000 -0.999955 0.280725 0.280725 0.280725
3577.284424 0.000000 5418.376953 0.000000 0.995950 0.000000 0.089914 0.280725 0.280725 0.280725
3576.372559 0.000000 5427.726562 0.000000 -0.350880 0.000000 0.936421 0.280725 0.280725 0.280725
3578.221191 0.000000 5419.504883 0.000000 0.097187 0.000000 0.995266 0.280725 0.280725 0.280725
3579.061768 0.000000 5420.639648 0.000000 -0.467410 0.000000 -0.884041 0.280725 0.280725 0.280725
3579.964600 0.000000 5421.722656 0.000000 -0.991183 0.000000 0.132499 0.280725 0.280725 0.280725
3580.850830 0.000000 5422.722656 0.000000 -0.258089 0.000000 0.966121 0.280725 0.280725 0.280725
3639.825439 0.000000 5418.122070 0.000000 -0.989275 0.000000 0.146067 0.280725 0.280725 0.280725
3589.474854 0.000000 5410.986328 0.000000 0.946387 0.000000 -0.323036 0.280725 0.280725 0.280725
3640.738770 0.000000 5419.096680 0.000000 -0.244827 0.000000 0.969567 0.280725 0.280725 0.280725
3591.024658 0.000000 5413.154297 0.000000 0.130085 0.000000 0.991503 0.280725 0.280725 0.280725
3591.804199 0.000000 5414.279297 0.000000 0.645529 0.000000 -0.763736 0.280725 0.280725 0.280725
3592.606201 0.000000 5415.355469 0.000000 0.818340 0.000000 -0.574734 0.280725 0.280725 0.280725
3593.480713 0.000000 5416.558594 0.000000 -0.945216 0.000000 0.326444 0.280725 0.280725 0.280725
3594.383545 0.000000 5417.729492 0.000000 -0.974414 0.000000 0.224759 0.280725 0.280725 0.280725
3589.530273 0.000000 5409.049805 0.000000 0.150298 0.000000 -0.988640 0.280725 0.280725 0.280725
3595.257324 0.000000 5418.862305 0.000000 -0.890053 0.000000 0.455857 0.280725 0.280725 0.280725
3590.342529 0.000000 5410.216797 0.000000 -0.932110 0.000000 0.362176 0.280725 0.280725 0.280725
3596.149170 0.000000 5419.844727 0.000000 0.286032 0.000000 0.958220 0.280725 0.280725 0.280725
3591.079834 0.000000 5411.217773 0.000000 0.794128 0.000000 -0.607750 0.280725 0.280725 0.280725
3597.020264 0.000000 5420.888672 0.000000 -0.060204 0.000000 0.998186 0.280725 0.280725 0.280725
3591.892334 0.000000 5412.384766 0.000000 -0.862308 0.000000 -0.506384 0.280725 0.280725 0.280725
3592.708740 0.000000 5413.473633 0.000000 -0.434477 0.000000 0.900683 0.280725 0.280725 0.280725
3590.547363 0.000000 5408.310547 0.000000 0.511042 0.000000 0.859556 0.280725 0.280725 0.280725
3593.492432 0.000000 5414.515625 0.000000 0.298652 0.000000 0.954362 0.280725 0.280725 0.280725
3594.370361 0.000000 5415.763672 0.000000 -0.996511 0.000000 0.083459 0.280725 0.280725 0.280725
3591.359619 0.000000 5409.477539 0.000000 -0.766462 0.000000 0.642290 0.280725 0.280725 0.280725
3595.280029 0.000000 5416.935547 0.000000 -0.993715 0.000000 0.111937 0.280725 0.280725 0.280725
3596.147949 0.000000 5418.072266 0.000000 -0.969850 0.000000 0.243703 0.280725 0.280725 0.280725
3592.096924 0.000000 5410.477539 0.000000 -0.986757 0.000000 0.162203 0.280725 0.280725 0.280725
3597.052490 0.000000 5419.052734 0.000000 0.271217 0.000000 0.962518 0.280725 0.280725 0.280725
3591.643555 0.000000 5407.565430 0.000000 -0.565870 0.000000 0.824495 0.280725 0.280725 0.280725
3597.926270 0.000000 5420.099609 0.000000 -0.155290 0.000000 0.987869 0.280725 0.280725 0.280725
3592.909424 0.000000 5411.644531 0.000000 0.764491 0.000000 0.644634 0.280725 0.280725 0.280725
3593.695068 0.000000 5412.718750 0.000000 -0.328937 0.000000 -0.944352 0.280725 0.280725 0.280725
3592.455811 0.000000 5408.732422 0.000000 0.335354 0.000000 -0.942093 0.280725 0.280725 0.280725
3594.482666 0.000000 5413.819336 0.000000 0.943411 0.000000 0.331627 0.280725 0.280725 0.280725
3595.369385 0.000000 5415.007812 0.000000 -0.877443 0.000000 -0.479680 0.280725 0.280725 0.280725
3596.295654 0.000000 5416.205078 0.000000 -0.991960 0.000000 0.126555 0.280725 0.280725 0.280725
3593.193115 0.000000 5409.733398 0.000000 -0.431785 0.000000 0.901977 0.280725 0.280725 0.280725
3592.667725 0.000000 5406.879883 0.000000 0.985125 0.000000 0.171839 0.280725 0.280725 0.280725
3597.141846 0.000000 5417.301758 0.000000 -0.735752 0.000000 -0.677251 0.280725 0.280725 0.280725
3598.075195 0.000000 5418.372559 0.000000 -0.891931 0.000000 0.452171 0.280725 0.280725 0.280725
3598.897705 0.000000 5419.399414 0.000000 -0.977536 0.000000 -0.210766 0.280725 0.280725 0.280725
3594.005615 0.000000 5410.900391 0.000000 -0.050627 0.000000 0.998718 0.280725 0.280725 0.280725
3593.480225 0.000000 5408.046875 0.000000 -0.516118 0.000000 0.856517 0.280725 0.280725 0.280725
3594.738037 0.000000 5411.988281 0.000000 -0.559692 0.000000 -0.828701 0.280725 0.280725 0.280725
3595.560547 0.000000 5413.049805 0.000000 -0.339969 0.000000 -0.940437 0.280725 0.280725 0.280725
3596.447998 0.000000 5414.299805 0.000000 0.973495 0.000000 -0.228708 0.280725 0.280725 0.280725
3597.385010 0.000000 5415.452148 0.000000 0.592578 0.000000 -0.805513 0.280725 0.280725 0.280725
3594.217285 0.000000 5409.047852 0.000000 0.881965 0.000000 -0.471315 0.280725 0.280725 0.280725
3598.197998 0.000000 5416.592773 0.000000 0.976199 0.000000 0.216876 0.280725 0.280725 0.280725
3599.098389 0.000000 5417.625000 0.000000 -0.968865 0.000000 -0.247589 0.280725 0.280725 0.280725
3599.961182 0.000000 5418.627930 0.000000 0.552809 0.000000 0.833308 0.280725 0.280725 0.280725
3601.636230 0.000000 5420.775391 0.000000 -0.306144 0.000000 0.951985 0.280725 0.280725 0.280725
3600.717529 0.000000 5419.600586 0.000000 0.927086 0.000000 0.374849 0.280725 0.280725 0.280725
3595.029541 0.000000 5410.214355 0.000000 0.898092 0.000000 0.439807 0.280725 0.280725 0.280725
3595.799561 0.000000 5411.285156 0.000000 -0.660316 0.000000 -0.750988 0.280725 0.280725 0.280725
3596.651855 0.000000 5412.383789 0.000000 0.717255 0.000000 -0.696811 0.280725 0.280725 0.280725
3597.534668 0.000000 5413.586914 0.000000 -0.808883 0.000000 0.587969 0.280725 0.280725 0.280725
3598.431396 0.000000 5414.762695 0.000000 -0.928878 0.000000 0.370387 0.280725 0.280725 0.280725
3597.274658 0.000000 5406.738770 0.000000 0.890068 0.000000 -0.455827 0.280725 0.280725 0.280725
3596.242432 0.000000 5407.577148 0.000000 0.294770 0.000000 0.955568 0.280725 0.280725 0.280725
3595.271484 0.000000 5408.306641 0.000000 -0.717417 0.000000 0.696644 0.280725 0.280725 0.280725
3599.265625 0.000000 5415.856934 0.000000 -0.703714 0.000000 -0.710483 0.280725 0.280725 0.280725
3600.176025 0.000000 5416.928711 0.000000 0.998784 0.000000 -0.049301 0.280725 0.280725 0.280725
3601.024170 0.000000 5417.923828 0.000000 -0.631002 0.000000 -0.775781 0.280725 0.280725 0.280725
3598.086914 0.000000 5407.905273 0.000000 -0.635585 0.000000 -0.772030 0.280725 0.280725 0.280725
3598.834229 0.000000 5408.971191 0.000000 -0.162918 0.000000 -0.986639 0.280725 0.280725 0.280725
3599.687988 0.000000 5410.056641 0.000000 -0.999750 0.000000 0.022380 0.280725 0.280725 0.280725
3600.540771 0.000000 5411.253418 0.000000 -0.396275 0.000000 -0.918132 0.280725 0.280725 0.280725
3601.477783 0.000000 5412.380859 0.000000 -0.245715 0.000000 -0.969342 0.280725 0.280725 0.280725
3602.318359 0.000000 5413.515625 0.000000 -0.884050 0.000000 -0.467393 0.280725 0.280725 0.280725
3603.220947 0.000000 5414.598633 0.000000 -0.338233 0.000000 0.941062 0.280725 0.280725 0.280725
3600.627686 0.000000 5421.740234 0.000000 0.137612 0.000000 0.990486 0.280725 0.280725 0.280725
3602.619141 0.000000 5421.928711 0.000000 -0.720413 0.000000 0.693544 0.280725 0.280725 0.280725
3605.850342 0.000000 5417.719727 0.000000 0.680073 0.000000 0.733144 0.280725 0.280725 0.280725
3599.629150 0.000000 5420.602539 0.000000 -0.743276 0.000000 0.668985 0.280725 0.280725 0.280725
3600.533447 0.000000 5423.561523 0.000000 -0.796744 -0.000000 -0.604317 0.280725 0.280725 0.280725
3601.499268 0.000000 5422.747070 0.000000 -0.417433 0.000000 0.908708 0.280725 0.280725 0.280725
3605.599365 0.000000 5419.529297 0.000000 -0.451437 0.000000 0.892303 0.280725 0.280725 0.280725
3604.107178 0.000000 5415.598633 0.000000 0.633494 0.000000 0.773748 0.280725 0.280725 0.280725
3604.851807 0.000000 5416.583008 0.000000 -0.370819 0.000000 0.928705 0.280725 0.280725 0.280725
3602.806885 0.000000 5419.998047 0.000000 0.883783 0.000000 0.467897 0.280725 0.280725 0.280725
3597.054688 0.000000 5408.743164 0.000000 -0.995354 0.000000 -0.096280 0.280725 0.280725 0.280725
3597.802002 0.000000 5409.809570 0.000000 0.408467 0.000000 0.912773 0.280725 0.280725 0.280725
3598.655762 0.000000 5410.895020 0.000000 0.091888 0.000000 0.995770 0.280725 0.280725 0.280725
3599.508545 0.000000 5412.091797 0.000000 0.320676 0.000000 -0.947189 0.280725 0.280725 0.280725
3600.445557 0.000000 5413.219238 0.000000 0.345842 0.000000 0.938293 0.280725 0.280725 0.280725
3599.595459 0.000000 5422.578125 0.000000 0.999617 0.000000 -0.027656 0.280725 0.280725 0.280725
3603.584961 0.000000 5420.995117 0.000000 -0.947151 0.000000 -0.320788 0.280725 0.280725 0.280725
3601.286133 0.000000 5414.353516 0.000000 0.539890 0.000000 -0.841736 0.280725 0.280725 0.280725
3598.596924 0.000000 5421.440918 0.000000 0.491518 0.000000 -0.870868 0.280725 0.280725 0.280725
3602.188721 0.000000 5415.436523 0.000000 0.533327 0.000000 0.845909 0.280725 0.280725 0.280725
3604.818115 0.000000 5418.557617 -0.000000 -0.338287 0.000000 0.941043 0.280725 0.280725 0.280725
3603.074951 0.000000 5416.437012 0.000000 0.999994 0.000000 0.003536 0.280725 0.280725 0.280725
3603.819580 0.000000 5417.420898 0.000000 0.112006 -0.000000 -0.993708 0.280725 0.280725 0.280725
3601.808105 0.000000 5418.861328 0.000000 0.324741 0.000000 0.945803 0.280725 0.280725 0.280725
3596.083740 0.000000 5409.473633 0.000000 -0.994635 0.000000 0.103442 0.280725 0.280725 0.280725
3596.831055 0.000000 5410.539062 0.000000 0.885939 0.000000 0.463801 0.280725 0.280725 0.280725
3597.684814 0.000000 5411.625000 0.000000 0.800830 0.000000 -0.598892 0.280725 0.280725 0.280725
3604.533691 0.000000 5420.276367 0.000000 0.941364 0.000000 -0.337393 0.280725 0.280725 0.280725
3598.624756 0.000000 5423.308594 0.000000 -0.009398 0.000000 -0.999955 0.280725 0.280725 0.280725
3598.537842 0.000000 5412.821289 0.000000 0.995950 0.000000 0.089914 0.280725 0.280725 0.280725
3597.625977 0.000000 5422.170898 0.000000 -0.350880 0.000000 0.936421 0.280725 0.280725 0.280725
3599.474609 0.000000 5413.949219 0.000000 0.097187 0.000000 0.995266 0.280725 0.280725 0.280725
3600.315186 0.000000 5415.083984 0.000000 -0.467410 0.000000 -0.884041 0.280725 0.280725 0.280725
3601.218018 0.000000 5416.166992 0.000000 -0.991183 0.000000 0.132499 0.280725 0.280725 0.280725
3603.847412 0.000000 5419.288086 0.000000 -0.319888 0.000000 -0.947455 0.280725 0.280725 0.280725
3602.104248 0.000000 5417.166992 0.000000 -0.258089 0.000000 0.966121 0.280725 0.280725 0.280725
3602.848633 0.000000 5418.150879 0.000000 -0.953444 0.000000 0.301571 0.280725 0.280725 0.280725
3641.510010 0.000000 5420.060547 0.000000 -0.949222 0.000000 0.314607 0.280725 0.280725 0.280725
3616.397705 0.000000 5439.909180 0.000000 0.130085 0.000000 0.991503 0.280725 0.280725 0.280725
3617.177246 0.000000 5441.034180 0.000000 0.645529 0.000000 -0.763736 0.280725 0.280725 0.280725
3617.979248 0.000000 5442.110352 0.000000 0.818340 0.000000 -0.574734 0.280725 0.280725 0.280725
3618.853760 0.000000 5443.313477 0.000000 -0.945216 0.000000 0.326444 0.280725 0.280725 0.280725
3619.756592 0.000000 5444.484375 0.000000 -0.974414 0.000000 0.224759 0.280725 0.280725 0.280725
3620.630371 0.000000 5445.617188 0.000000 -0.890053 0.000000 0.455857 0.280725 0.280725 0.280725
3621.522217 0.000000 5446.599609 0.000000 0.286032 0.000000 0.958220 0.280725 0.280725 0.280725
3616.452881 0.000000 5437.972656 0.000000 0.794128 0.000000 -0.607750 0.280725 0.280725 0.280725
3622.393311 0.000000 5447.643555 0.000000 -0.060204 0.000000 0.998186 0.280725 0.280725 0.280725
3617.265381 0.000000 5439.139160 0.000000 -0.862308 0.000000 -0.506384 0.280725 0.280725 0.280725
3618.081787 0.000000 5440.228516 0.000000 -0.434477 0.000000 0.900683 0.280725 0.280725 0.280725
3618.865479 0.000000 5441.270508 0.000000 0.298652 0.000000 0.954362 0.280725 0.280725 0.280725
3619.743408 0.000000 5442.518555 0.000000 -0.996511 0.000000 0.083459 0.280725 0.280725 0.280725
3620.653076 0.000000 5443.690430 0.000000 -0.993715 0.000000 0.111937 0.280725 0.280725 0.280725
3621.520996 0.000000 5444.826660 0.000000 -0.969850 0.000000 0.243703 0.280725 0.280725 0.280725
3617.469971 0.000000 5437.232422 0.000000 -0.986757 0.000000 0.162203 0.280725 0.280725 0.280725
3622.425537 0.000000 5445.807617 0.000000 0.271217 0.000000 0.962518 0.280725 0.280725 0.280725
3623.299316 0.000000 5446.854492 0.000000 -0.155290 0.000000 0.987869 0.280725 0.280725 0.280725
3618.282471 0.000000 5438.399414 0.000000 0.764491 0.000000 0.644634 0.280725 0.280725 0.280725
3619.068115 0.000000 5439.473633 0.000000 -0.328937 0.000000 -0.944352 0.280725 0.280725 0.280725
3619.855713 0.000000 5440.574219 0.000000 0.943411 0.000000 0.331627 0.280725 0.280725 0.280725
3620.742432 0.000000 5441.762695 0.000000 -0.877443 0.000000 -0.479680 0.280725 0.280725 0.280725
3621.668701 0.000000 5442.959473 0.000000 -0.991960 0.000000 0.126555 0.280725 0.280725 0.280725
3618.566162 0.000000 5436.488281 0.000000 -0.431785 0.000000 0.901977 0.280725 0.280725 0.280725
3622.514893 0.000000 5444.056641 0.000000 -0.735752 0.000000 -0.677251 0.280725 0.280725 0.280725
3623.448242 0.000000 5445.126953 0.000000 -0.891931 0.000000 0.452171 0.280725 0.280725 0.280725
3624.270752 0.000000 5446.154297 0.000000 -0.977536 0.000000 -0.210766 0.280725 0.280725 0.280725
3619.378662 0.000000 5437.654785 0.000000 -0.050627 0.000000 0.998718 0.280725 0.280725 0.280725
3620.111084 0.000000 5438.743164 0.000000 -0.559692 0.000000 -0.828701 0.280725 0.280725 0.280725
3620.933594 0.000000 5439.804688 0.000000 -0.339969 0.000000 -0.940437 0.280725 0.280725 0.280725
3621.821045 0.000000 5441.054688 0.000000 0.973495 0.000000 -0.228708 0.280725 0.280725 0.280725
3622.758057 0.000000 5442.207031 0.000000 0.592578 0.000000 -0.805513 0.280725 0.280725 0.280725
3619.590332 0.000000 5435.802734 0.000000 0.881965 0.000000 -0.471315 0.280725 0.280725 0.280725
3623.571045 0.000000 5443.347656 0.000000 0.976199 0.000000 0.216876 0.280725 0.280725 0.280725
3624.471436 0.000000 5444.379883 0.000000 -0.968865 0.000000 -0.247589 0.280725 0.280725 0.280725
3625.334229 0.000000 5445.382812 0.000000 0.552809 0.000000 0.833308 0.280725 0.280725 0.280725
3626.090576 0.000000 5446.355469 0.000000 0.927086 0.000000 0.374849 0.280725 0.280725 0.280725
3620.402588 0.000000 5436.968750 0.000000 0.898092 0.000000 0.439807 0.280725 0.280725 0.280725
3621.172607 0.000000 5438.040039 0.000000 -0.660316 0.000000 -0.750988 0.280725 0.280725 0.280725
3622.024902 0.000000 5439.138184 0.000000 0.717255 0.000000 -0.696811 0.280725 0.280725 0.280725
3622.907715 0.000000 5440.341309 0.000000 -0.808883 0.000000 0.587969 0.280725 0.280725 0.280725
3623.804443 0.000000 5441.517578 0.000000 -0.928878 0.000000 0.370387 0.280725 0.280725 0.280725
3620.644531 0.000000 5435.061523 0.000000 -0.717417 0.000000 0.696644 0.280725 0.280725 0.280725
3624.638672 0.000000 5442.611328 0.000000 -0.703714 0.000000 -0.710483 0.280725 0.280725 0.280725
3625.549072 0.000000 5443.683594 0.000000 0.998784 0.000000 -0.049301 0.280725 0.280725 0.280725
3626.397217 0.000000 5444.678711 0.000000 -0.631002 0.000000 -0.775781 0.280725 0.280725 0.280725
3628.179932 0.000000 5446.752930 0.000000 0.883783 0.000000 0.467897 0.280725 0.280725 0.280725
3627.181152 0.000000 5445.616211 0.000000 0.324741 0.000000 0.945803 0.280725 0.280725 0.280725
3621.456787 0.000000 5436.228516 0.000000 -0.994635 0.000000 0.103442 0.280725 0.280725 0.280725
3622.204102 0.000000 5437.293945 0.000000 0.885939 0.000000 0.463801 0.280725 0.280725 0.280725
3623.057861 0.000000 5438.379883 0.000000 0.800830 0.000000 -0.598892 0.280725 0.280725 0.280725
3623.910889 0.000000 5439.576172 0.000000 0.995950 0.000000 0.089914 0.280725 0.280725 0.280725
3624.847656 0.000000 5440.704102 0.000000 0.097187 0.000000 0.995266 0.280725 0.280725 0.280725
3625.688232 0.000000 5441.838867 0.000000 -0.467410 0.000000 -0.884041 0.280725 0.280725 0.280725
3626.591064 0.000000 5442.921875 0.000000 -0.991183 0.000000 0.132499 0.280725 0.280725 0.280725
3629.220459 0.000000 5446.042969 0.000000 -0.319888 0.000000 -0.947455 0.280725 0.280725 0.280725
3627.477295 0.000000 5443.921875 0.000000 -0.258089 0.000000 0.966121 0.280725 0.280725 0.280725
3628.221680 0.000000 5444.905273 0.000000 -0.953444 0.000000 0.301571 0.280725 0.280725 0.280725
2449.306885 0.000000 2457.417725 0.000000 0.981066 -0.000000 -0.193675 0.226806 0.226806 0.226806
2446.165039 0.000000 2458.421387 0.000000 0.981066 -0.000000 -0.193675 0.226806 0.226806 0.226806
2449.939453 0.000000 2453.312988 0.000000 -0.987555 0.000000 0.157273 0.226806 0.226806 0.226806
2451.974121 0.000000 2453.150635 0.000000 -0.111867 0.000000 0.993723 0.226806 0.226806 0.226806
2453.205811 0.000000 2454.650635 0.000000 0.179742 0.000000 -0.983714 0.226806 0.226806 0.226806
2454.197510 0.000000 2456.975098 0.000000 0.953348 0.000000 0.301875 0.226806 0.226806 0.226806
2453.574707 0.000000 2457.045410 0.000000 0.919413 0.000000 0.393294 0.226806 0.226806 0.226806
2452.177734 0.000000 2455.493896 0.000000 -0.127836 0.000000 0.991795 0.226806 0.226806 0.226806
2446.940430 0.000000 2458.122559 0.000000 0.949939 0.000000 -0.312437 0.226806 0.226806 0.226806
2451.757568 0.000000 2460.277344 0.000000 -0.305173 0.000000 0.952297 0.226806 0.226806 0.226806
2451.756104 0.000000 2458.064453 0.000000 0.118318 0.000000 0.992976 0.226806 0.226806 0.226806
2449.926514 0.000000 2458.390381 0.000000 0.118318 0.000000 0.992976 0.226806 0.226806 0.226806
2452.972168 0.000000 2457.278809 0.000000 0.999959 0.000000 0.009042 0.226806 0.226806 0.226806
2453.634521 0.000000 2467.276855 0.000000 -0.914770 0.000000 -0.403975 0.226806 0.226806 0.226806
2450.705811 0.000000 2464.947266 0.000000 -0.914770 0.000000 -0.403975 0.226806 0.226806 0.226806
2449.267822 0.000000 2462.853271 0.000000 0.238281 0.000000 -0.971196 0.226806 0.226806 0.226806
2450.085938 0.000000 2463.340332 0.000000 0.057587 0.000000 -0.998340 0.226806 0.226806 0.226806
2454.334229 0.000000 2460.186035 0.000000 0.057587 0.000000 -0.998340 0.226806 0.226806 0.226806
2453.063721 0.000000 2458.860596 0.000000 -0.079757 0.000000 -0.996814 0.226806 0.226806 0.226806
2453.910400 0.000000 2467.181885 0.000000 -0.079757 0.000000 -0.996814 0.226806 0.226806 0.226806
2453.539551 0.000000 2467.406738 0.000000 0.954945 0.000000 0.296783 0.226806 0.226806 0.226806
2453.576416 0.000000 2467.346680 0.000000 0.954945 0.000000 0.296783 0.226806 0.226806 0.226806
2451.942871 0.000000 2466.002441 0.000000 -0.225771 0.000000 -0.974180 0.226806 0.226806 0.226806
2454.649658 0.000000 2467.233643 0.000000 0.677647 0.000000 0.735388 0.226806 0.226806 0.226806
2452.003418 0.000000 2464.625000 0.000000 0.727571 0.000000 -0.686032 0.226806 0.226806 0.226806
2454.229980 0.000000 2462.791260 0.000000 0.727571 0.000000 -0.686032 0.226806 0.226806 0.226806
2453.762207 0.000000 2462.335449 0.000000 0.964132 -0.000000 -0.265423 0.226806 0.226806 0.226806
2454.133545 0.000000 2462.546143 0.000000 -0.994108 0.000000 0.108392 0.226806 0.226806 0.226806
2453.888672 0.000000 2462.958008 0.000000 -0.964791 0.000000 -0.263017 0.226806 0.226806 0.226806
2450.866455 0.000000 2461.363525 0.000000 -0.964791 0.000000 -0.263017 0.226806 0.226806 0.226806
2450.513916 0.000000 2461.284180 0.000000 -0.964791 0.000000 -0.263017 0.226806 0.226806 0.226806
2450.730713 0.000000 2461.941895 0.000000 0.000000 0.000000 1.000000 0.226806 0.226806 0.226806
2450.802002 0.000000 2462.396729 0.000000 0.000000 0.000000 1.000000 0.226806 0.226806 0.226806
2629.047119 0.000000 3018.413818 0.000000 0.285960 -0.000000 -0.958241 0.549180 0.549180 0.549180
2627.809814 0.000000 3019.383057 0.000000 -0.998793 0.000000 0.049126 0.549180 0.549180 0.549180
2626.520752 0.000000 3022.291504 0.000000 -0.998793 0.000000 0.049126 0.549180 0.549180 0.549180
2625.965576 0.000000 3021.465332 0.000000 -0.998793 0.000000 0.049126 0.549180 0.549180 0.549180
2623.931885 0.000000 3021.049316 0.000000 -0.701168 0.000000 -0.712996 0.549180 0.549180 0.549180
2622.761963 0.000000 3021.676514 0.000000 0.000000 0.000000 1.000000 0.457715 0.457715 0.457715
2663.691895 0.570557 2011.225586 0.000000 -0.114177 0.000000 -0.993460 1.000000 1.000000 1.000000
772.423218 -0.073975 2219.901611 0.000000 -0.365178 0.000000 -0.930938 0.442018 0.442018 0.442018
775.548828 -0.119873 2216.087158 0.000000 0.000000 0.000000 1.000000 0.638379 0.638379 0.638379
766.055969 -0.226074 2220.020996 0.000000 -0.440258 0.000000 -0.897871 0.638379 0.638379 0.638379
778.983704 -0.226074 2224.852783 0.000000 0.000000 0.000000 1.000000 0.638379 0.638379 0.638379
810.475586 0.000000 2208.632568 0.000000 0.000000 0.000000 1.000000 0.419263 0.419263 0.419263
808.566895 0.000000 2213.852051 0.000000 0.000000 0.000000 1.000000 0.419263 0.419263 0.419263
816.347168 0.000000 2234.072510 0.000000 0.278558 0.000000 0.960419 0.729224 0.729224 0.729224
813.710205 0.000000 2239.058105 0.000000 0.000000 0.000000 1.000000 0.729224 0.729224 0.729224
"}
object={
	name="Pentos"
	render_pass=MapUnderWater
	clamp_to_water_level=no
	generated_content=no
	layer="AGOT_building_layer"
	pdxmesh="pentos_mesh"
	count=1
	transform="2606.932373 -2.707031 2996.435303 0.000000 0.000000 0.000000 1.000000 0.926703 0.926703 0.926703
"}
object={
	name="Pyke_Castle"
	render_pass=Map
	clamp_to_water_level=no
	generated_content=no
	layer="AGOT_building_layer"
	pdxmesh="building_special_PykeUpdated_mesh"
	count=1
	transform="781.321899 2.492188 3521.146484 0.000000 0.000000 0.000000 1.000000 0.720484 0.720484 0.720484
"}
object={
	name="Pyke_Cliff 1"
	render_pass=MapUnderWater
	clamp_to_water_level=no
	generated_content=no
	layer="AGOT_building_layer"
	pdxmesh="building_special_PykeCliff_0_mesh"
	count=3
	transform="2149.173096 0.000000 3476.162354 0.000000 0.000000 0.000000 1.000000 0.150687 0.150687 0.150687
796.464600 -6.915283 3523.715576 0.000000 0.583901 0.000000 -0.811825 0.318350 0.318350 0.318350
783.935425 -6.756348 3525.993164 0.000000 0.945837 0.000000 -0.324641 0.336688 0.336688 0.336688
"}
object={
	name="Pyke_Cliff 2"
	render_pass=MapUnderWater
	clamp_to_water_level=no
	generated_content=no
	layer="AGOT_building_layer"
	pdxmesh="building_special_PykeCliff_1_mesh"
	count=7
	transform="786.497009 -12.580811 3521.201172 0.000000 0.000000 0.000000 1.000000 0.466940 0.466940 0.466940
783.784241 -4.923096 3516.726074 0.000000 -0.190190 0.000000 0.981747 0.250262 0.250262 0.250262
792.252258 -5.047363 3521.415039 0.000000 0.000000 0.000000 1.000000 0.293549 0.293549 0.293549
780.630981 -17.117676 3521.176270 0.000000 0.000000 0.000000 1.000000 0.538488 0.538488 0.538488
774.418152 -18.131104 3522.887207 0.000000 0.000000 0.000000 1.000000 0.517655 0.517655 0.517655
774.723633 -18.131104 3516.561768 0.000000 0.000000 0.000000 1.000000 0.517655 0.517655 0.517655
776.407654 -18.232422 3521.251465 0.000000 0.000000 0.000000 1.000000 0.517655 0.517655 0.517655
"}
object={
	name="Pyke_Cliff 3"
	render_pass=MapUnderWater
	clamp_to_water_level=no
	generated_content=no
	layer="AGOT_building_layer"
	pdxmesh="building_special_PykeCliff_2_mesh"
	count=2
	transform="789.998352 -6.390625 3509.621582 0.000000 0.000000 0.000000 1.000000 0.303573 0.303573 0.303573
788.452148 0.288574 3516.966309 0.000000 0.000000 0.000000 1.000000 0.111640 0.111640 0.111640
"}
object={
	name="Pyke_Cliff 4"
	render_pass=MapUnderWater
	clamp_to_water_level=no
	generated_content=no
	layer="AGOT_building_layer"
	pdxmesh="building_special_PykeCliff_3_mesh"
	count=4
	transform="788.330994 -12.173340 3514.002930 0.000000 -0.995414 0.000000 0.095659 0.465070 0.465070 0.465070
790.775452 -1.212158 3524.163086 0.000000 0.990259 0.000000 0.139236 0.176808 0.176808 0.176808
776.165588 -22.879639 3518.937012 0.000000 0.226591 0.000000 0.973990 0.635968 0.635968 0.635968
773.391479 -14.663818 3518.415527 0.000000 -0.751487 0.000000 -0.659747 0.432910 0.432910 0.432910
"}
object={
	name="Pyke_Cliff 5"
	render_pass=MapUnderWater
	clamp_to_water_level=no
	generated_content=no
	layer="AGOT_building_layer"
	pdxmesh="building_special_PykeCliff_4_mesh"
	count=2
	transform="795.737427 -4.946533 3525.423096 0.000000 0.000000 0.000000 1.000000 0.253198 0.253198 0.253198
791.048767 -1.272949 3512.511230 0.000000 0.000000 0.000000 1.000000 0.153833 0.153833 0.153833
"}
object={
	name="Redwood"
	render_pass=Map
	clamp_to_water_level=no
	generated_content=no
	layer="tree_high_layer"
	pdxmesh="tree_pine_01_c_mesh"
	count=5379
	transform="2060.691406 0.000000 2446.232666 0.000000 -0.215952 0.000000 -0.976404 2.509956 2.509956 2.509956
2060.074951 0.000000 2447.751953 0.000000 -0.257265 0.000000 -0.966341 2.509956 2.509956 2.509956
2062.919434 0.000000 2441.432617 0.000000 -0.681327 0.000000 0.731979 2.509956 2.509956 2.509956
2063.584229 0.000000 2443.943359 0.000000 0.989283 0.000000 -0.146008 2.509956 2.509956 2.509956
2061.320557 0.000000 2442.664307 0.000000 0.999428 0.000000 0.033823 2.509956 2.509956 2.509956
2061.485352 0.000000 2444.393066 0.000000 0.403078 0.000000 0.915166 2.509956 2.509956 2.509956
2060.468018 0.000000 2432.315430 0.000000 0.955006 0.000000 0.296588 2.509956 2.509956 2.509956
2061.307617 0.000000 2424.987793 0.000000 -0.850462 0.000000 0.526037 2.509956 2.509956 2.509956
2060.628174 0.000000 2427.479248 0.000000 0.992718 0.000000 0.120463 2.509956 2.509956 2.509956
1571.302856 0.000000 5548.064941 0.000000 -0.829137 0.000000 0.559047 2.509956 2.509956 2.509956
1573.348755 0.000000 5547.529785 0.000000 0.335302 0.000000 0.942111 2.509956 2.509956 2.509956
1572.542725 0.000000 5551.548340 0.000000 -0.753403 0.000000 -0.657559 2.509956 2.509956 2.509956
1568.599487 0.000000 5550.043945 0.000000 -0.108286 0.000000 -0.994119 2.509956 2.509956 2.509956
1570.076660 0.000000 5546.047363 0.000000 -0.851474 0.000000 0.524397 2.509956 2.509956 2.509956
1572.275879 0.000000 5549.229004 0.000000 0.129666 0.000000 0.991558 2.509956 2.509956 2.509956
1569.632568 0.000000 5548.557617 0.000000 -0.197028 0.000000 -0.980399 2.509956 2.509956 2.509956
1568.442505 0.000000 5547.465332 0.000000 0.000191 0.000000 -1.000000 2.509956 2.509956 2.509956
1570.867188 0.000000 5551.114746 0.000000 0.923689 0.000000 -0.383143 2.509956 2.509956 2.509956
1574.101440 0.000000 5549.028809 0.000000 0.258899 0.000000 -0.965905 2.509956 2.509956 2.509956
1571.777466 0.000000 5546.674805 0.000000 -0.465859 0.000000 0.884859 2.509956 2.509956 2.509956
1559.886597 0.000000 5539.204590 0.000000 -0.493641 0.000000 0.869667 2.509956 2.509956 2.509956
1561.539062 0.000000 5538.266602 0.000000 0.595722 0.000000 -0.803190 2.509956 2.509956 2.509956
1560.785889 0.000000 5542.793945 0.000000 0.823723 0.000000 -0.566992 2.509956 2.509956 2.509956
1574.329468 0.000000 5551.235352 0.000000 0.321790 0.000000 0.946810 2.509956 2.509956 2.509956
1478.048584 0.000000 5550.131836 0.000000 -0.998483 0.000000 0.055082 2.509956 2.509956 2.509956
1556.692261 0.000000 5541.581055 0.000000 0.811278 0.000000 0.584661 2.509956 2.509956 2.509956
1558.176270 0.000000 5537.331055 0.000000 -0.946543 0.000000 0.322576 2.509956 2.509956 2.509956
1560.729736 0.000000 5540.457520 0.000000 0.553052 0.000000 0.833148 2.509956 2.509956 2.509956
1558.177612 0.000000 5539.873047 0.000000 -0.715144 0.000000 -0.698977 2.509956 2.509956 2.509956
1476.956665 0.000000 5551.834473 0.000000 -0.688355 0.000000 -0.725374 2.509956 2.509956 2.509956
1573.643799 0.000000 5553.650391 0.000000 -0.505270 0.000000 0.862961 2.509956 2.509956 2.509956
1556.562378 0.000000 5538.576660 0.000000 -0.782235 0.000000 -0.622983 2.509956 2.509956 2.509956
1558.894165 0.000000 5542.350098 0.000000 0.415089 0.000000 0.909780 2.509956 2.509956 2.509956
1562.294067 0.000000 5540.252930 0.000000 -0.363318 0.000000 0.931666 2.509956 2.509956 2.509956
1559.886597 0.000000 5537.731934 0.000000 -0.992512 0.000000 -0.122143 2.509956 2.509956 2.509956
1566.453003 0.000000 5539.959473 0.000000 0.827545 0.000000 -0.561399 2.509956 2.509956 2.509956
1568.440796 0.000000 5538.819336 0.000000 -0.027788 0.000000 0.999614 2.509956 2.509956 2.509956
1567.382202 0.000000 5543.008789 0.000000 0.470579 0.000000 -0.882358 2.509956 2.509956 2.509956
1563.669312 0.000000 5541.988281 0.000000 0.881388 0.000000 0.472393 2.509956 2.509956 2.509956
1564.854126 0.000000 5537.536133 0.000000 0.254012 0.000000 0.967201 2.509956 2.509956 2.509956
1567.442505 0.000000 5540.844727 0.000000 -0.961424 0.000000 -0.275069 2.509956 2.509956 2.509956
1564.776611 0.000000 5540.273926 0.000000 -0.768251 0.000000 -0.640149 2.509956 2.509956 2.509956
1563.624512 0.000000 5538.971191 0.000000 -0.800635 0.000000 0.599152 2.509956 2.509956 2.509956
1565.863037 0.000000 5542.707031 0.000000 0.375396 0.000000 0.926864 2.509956 2.509956 2.509956
1569.035767 0.000000 5540.939453 0.000000 -0.096963 0.000000 -0.995287 2.509956 2.509956 2.509956
1566.942505 0.000000 5538.027344 0.000000 0.700582 0.000000 -0.713572 2.509956 2.509956 2.509956
1564.920532 0.000000 5533.278809 0.000000 -0.665732 0.000000 -0.746191 2.509956 2.509956 2.509956
1566.065063 0.000000 5536.900879 0.000000 -0.754614 0.000000 -0.656169 2.509956 2.509956 2.509956
1569.384521 0.000000 5543.068359 0.000000 -0.787396 0.000000 0.616447 2.509956 2.509956 2.509956
1562.231689 0.000000 5535.394043 0.000000 -0.999999 0.000000 -0.000901 2.509956 2.509956 2.509956
1563.393799 0.000000 5531.327148 0.000000 -0.270712 0.000000 0.962661 2.509956 2.509956 2.509956
1566.006592 0.000000 5534.461426 0.000000 -0.628494 0.000000 0.777814 2.509956 2.509956 2.509956
1563.403687 0.000000 5533.898438 0.000000 -0.539427 0.000000 0.842033 2.509956 2.509956 2.509956
1568.636963 0.000000 5545.205078 0.000000 -0.951959 0.000000 -0.306226 2.509956 2.509956 2.509956
1562.130127 0.000000 5532.898926 0.000000 0.995775 0.000000 0.091823 2.509956 2.509956 2.509956
1564.317627 0.000000 5536.253418 0.000000 0.035933 0.000000 -0.999354 2.509956 2.509956 2.509956
1475.008911 0.000000 5548.348145 0.000000 0.870259 0.000000 -0.492595 2.509956 2.509956 2.509956
1478.799561 0.000000 5546.727539 0.000000 -0.157632 0.000000 0.987498 2.509956 2.509956 2.509956
1480.478149 0.000000 5550.778809 0.000000 -0.741057 0.000000 0.671442 2.509956 2.509956 2.509956
1476.593262 0.000000 5549.729980 0.000000 0.290505 0.000000 0.956874 2.509956 2.509956 2.509956
1478.879761 0.000000 5548.669922 0.000000 0.630395 0.000000 0.776275 2.509956 2.509956 2.509956
1480.758667 0.000000 5548.588867 0.000000 0.210278 0.000000 -0.977641 2.509956 2.509956 2.509956
1476.565186 0.000000 5547.443359 0.000000 0.348728 0.000000 -0.937224 2.509956 2.509956 2.509956
1475.401855 0.000000 5551.069336 0.000000 0.181973 0.000000 -0.983303 2.509956 2.509956 2.509956
1478.541138 0.000000 5551.483398 0.000000 0.942606 0.000000 0.333908 2.509956 2.509956 2.509956
1493.059448 0.000000 5548.778809 0.000000 -0.994579 0.000000 -0.103997 2.456399 2.456399 2.456399
1491.792480 0.000000 5551.111816 0.000000 0.809626 0.000000 0.586947 2.509956 2.509956 2.509956
1490.246094 0.000000 5546.874023 0.000000 -0.350338 0.000000 0.936623 2.456399 2.456399 2.456399
1473.703735 0.000000 5549.871582 0.000000 -0.998096 0.000000 0.061673 2.509956 2.509956 2.509956
1592.148071 0.000000 5421.334473 0.000000 0.825799 0.000000 -0.563965 1.926727 1.926727 1.926727
1571.508667 0.000000 5509.600098 0.000000 0.413090 0.000000 0.910691 2.509956 2.509956 2.509956
1493.907104 0.000000 5545.212891 0.000000 -0.766467 0.000000 0.642284 2.456399 2.456399 2.456399
1495.599731 0.000000 5549.107422 0.000000 0.999875 0.000000 -0.015788 2.456399 2.456399 2.456399
1491.688843 0.000000 5548.411133 0.000000 -0.915067 0.000000 0.403302 2.456399 2.456399 2.456399
1593.646484 0.000000 5420.802246 0.000000 -0.775640 0.000000 -0.631176 1.926727 1.926727 1.926727
1494.003052 0.000000 5547.280273 0.000000 -0.998296 0.000000 0.058348 2.456399 2.456399 2.456399
1573.482544 0.000000 5510.449219 0.000000 -0.674463 0.000000 0.738309 2.509956 2.509956 2.509956
1472.780396 0.000000 5547.463867 0.000000 -0.564508 0.000000 -0.825427 2.509956 2.509956 2.509956
1496.020752 0.000000 5547.311523 0.000000 -0.967337 0.000000 -0.253491 2.456399 2.456399 2.456399
1491.699829 0.000000 5545.941406 0.000000 -0.164764 0.000000 -0.986333 2.456399 2.456399 2.456399
1490.586914 0.000000 5549.596191 0.000000 -0.741596 0.000000 0.670847 2.456399 2.456399 2.456399
1493.947144 0.000000 5550.029297 0.000000 0.312522 0.000000 0.949911 2.456399 2.456399 2.456399
1487.068970 0.000000 5553.229004 0.000000 0.937572 0.000000 -0.347790 2.509956 2.509956 2.509956
1486.188965 0.000000 5555.209473 0.000000 -0.970918 0.000000 -0.239411 2.509956 2.509956 2.509956
1484.307251 0.000000 5551.270996 0.000000 -0.682380 0.000000 -0.730997 2.509956 2.509956 2.509956
1488.375854 0.000000 5549.323730 0.000000 0.978828 0.000000 0.204684 2.456399 2.456399 2.456399
1489.816284 0.000000 5553.730957 0.000000 -0.027707 0.000000 -0.999615 2.509956 2.509956 2.509956
1485.707031 0.000000 5553.011230 0.000000 0.776251 0.000000 0.630423 2.509956 2.509956 2.509956
1487.994873 0.000000 5551.838867 0.000000 0.506279 0.000000 0.862370 2.509956 2.509956 2.509956
1489.970825 0.000000 5552.049316 0.000000 0.459969 0.000000 0.887935 2.509956 2.509956 2.509956
1485.745361 0.000000 5550.766113 0.000000 0.991440 0.000000 0.130558 2.509956 2.509956 2.509956
1484.347778 0.000000 5553.979492 0.000000 0.937931 0.000000 0.346819 2.509956 2.509956 2.509956
1487.977539 0.000000 5554.796387 0.000000 0.998247 0.000000 0.059182 2.509956 2.509956 2.509956
1492.497437 0.000000 5557.055664 0.000000 -0.632898 0.000000 -0.774235 2.509956 2.509956 2.509956
1491.645752 0.000000 5558.624023 0.000000 0.643827 0.000000 -0.765172 2.509956 2.509956 2.509956
1489.483398 0.000000 5555.192871 0.000000 -0.915799 0.000000 0.401637 2.509956 2.509956 2.509956
1482.910034 0.000000 5552.740234 0.000000 -0.045446 0.000000 -0.998966 2.509956 2.509956 2.509956
1493.197388 0.000000 5553.745117 0.000000 -0.868557 0.000000 -0.495589 2.509956 2.509956 2.509956
1494.996094 0.000000 5557.498535 0.000000 -0.340393 0.000000 0.940284 2.509956 2.509956 2.509956
1491.177124 0.000000 5556.923340 0.000000 0.883968 0.000000 -0.467546 2.509956 2.509956 2.509956
1493.355835 0.000000 5555.767090 0.000000 0.602135 0.000000 0.798395 2.509956 2.509956 2.509956
1482.014160 0.000000 5550.751465 0.000000 -0.983852 0.000000 -0.178985 2.509956 2.509956 2.509956
1495.113159 0.000000 5555.719238 0.000000 0.958375 0.000000 -0.285516 2.509956 2.509956 2.509956
1490.974854 0.000000 5554.411133 0.000000 0.570004 0.000000 0.821642 2.509956 2.509956 2.509956
1489.732910 0.000000 5557.933105 0.000000 -0.032053 0.000000 -0.999486 2.509956 2.509956 2.509956
1493.145020 0.000000 5558.452637 0.000000 0.490814 0.000000 -0.871265 2.509956 2.509956 2.509956
1486.900391 0.000000 5561.174316 0.000000 0.724672 0.000000 -0.689094 2.509956 2.509956 2.509956
1486.102051 0.000000 5563.002930 0.000000 0.609059 0.000000 -0.793126 2.509956 2.509956 2.509956
1483.883301 0.000000 5559.201172 0.000000 -0.514454 0.000000 -0.857517 2.509956 2.509956 2.509956
1487.587769 0.000000 5557.803711 0.000000 -0.552896 0.000000 0.833250 2.509956 2.509956 2.509956
1489.509155 0.000000 5561.520508 0.000000 0.431711 0.000000 0.902012 2.509956 2.509956 2.509956
1485.592896 0.000000 5560.736816 0.000000 -0.206440 0.000000 0.978459 2.509956 2.509956 2.509956
1487.715698 0.000000 5559.805176 0.000000 0.972835 0.000000 0.231501 2.509956 2.509956 2.509956
1571.560669 0.000000 5545.420410 0.000000 0.804976 0.000000 0.593309 2.509956 2.509956 2.509956
1572.531006 0.000000 5543.335938 0.000000 0.270567 0.000000 -0.962701 2.509956 2.509956 2.509956
1489.727905 0.000000 5559.898926 0.000000 -0.898419 0.000000 0.439142 2.509956 2.509956 2.509956
1570.516235 0.000000 5542.446777 0.000000 -0.988441 0.000000 0.151602 2.509956 2.509956 2.509956
1573.986572 0.000000 5545.224121 0.000000 0.998825 0.000000 0.048440 2.509956 2.509956 2.509956
1485.519165 0.000000 5558.407227 0.000000 0.434756 0.000000 0.900549 2.509956 2.509956 2.509956
1593.372437 0.000000 5423.907715 0.000000 0.756977 0.000000 0.653442 1.926727 1.926727 1.926727
1590.225830 0.000000 5423.076172 0.000000 -0.227931 0.000000 -0.973677 1.926727 1.926727 1.926727
1591.001709 0.000000 5419.913574 0.000000 -0.944989 0.000000 -0.327104 1.926727 1.926727 1.926727
1484.241577 0.000000 5562.098145 0.000000 0.960476 0.000000 -0.278361 2.509956 2.509956 2.509956
1593.006836 0.000000 5422.203125 0.000000 0.953817 0.000000 -0.300391 1.926727 1.926727 1.926727
1590.911621 0.000000 5421.851074 0.000000 0.000376 0.000000 -1.000001 1.926727 1.926727 1.926727
1589.912476 0.000000 5421.178223 0.000000 0.999995 0.000000 -0.003203 1.926727 1.926727 1.926727
1592.057617 0.000000 5423.655273 0.000000 0.343753 0.000000 -0.939060 1.926727 1.926727 1.926727
1487.536865 0.000000 5562.558594 0.000000 -0.994513 0.000000 -0.104612 2.509956 2.509956 2.509956
1594.327271 0.000000 5421.901855 0.000000 0.960606 0.000000 0.277916 1.926727 1.926727 1.926727
1592.334595 0.000000 5420.248535 0.000000 -0.563211 0.000000 -0.826314 1.926727 1.926727 1.926727
1582.664185 0.000000 5415.494629 0.000000 0.166300 0.000000 0.986076 1.926727 1.926727 1.926727
1583.891357 0.000000 5414.654785 0.000000 0.638743 0.000000 -0.769420 1.926727 1.926727 1.926727
1583.677612 0.000000 5418.188965 0.000000 0.971701 0.000000 -0.236215 1.926727 1.926727 1.926727
1594.712891 0.000000 5423.567871 0.000000 -0.954361 0.000000 -0.298653 1.926727 1.926727 1.926727
1570.495850 0.000000 5513.205078 0.000000 -0.698370 0.000000 0.715737 2.509956 2.509956 2.509956
1580.471924 0.000000 5417.605469 0.000000 0.928393 0.000000 0.371601 1.926727 1.926727 1.926727
1581.210327 0.000000 5414.218750 0.000000 0.902850 0.000000 0.429954 1.926727 1.926727 1.926727
1583.448853 0.000000 5416.427734 0.000000 -0.815135 0.000000 -0.579272 1.926727 1.926727 1.926727
1581.503662 0.000000 5416.188965 0.000000 0.971635 0.000000 -0.236487 1.926727 1.926727 1.926727
1568.148438 0.000000 5509.669922 0.000000 0.166559 0.000000 0.986031 2.509956 2.509956 2.509956
1594.333008 0.000000 5425.444336 0.000000 0.858138 0.000000 0.513418 1.926727 1.926727 1.926727
1580.122192 0.000000 5415.278809 0.000000 0.344930 0.000000 0.938628 1.926727 1.926727 1.926727
1582.193359 0.000000 5418.008789 0.000000 0.583311 0.000000 0.812249 1.926727 1.926727 1.926727
1584.582031 0.000000 5416.154785 0.000000 0.871268 0.000000 0.490809 1.926727 1.926727 1.926727
1582.627319 0.000000 5414.359375 0.000000 -0.754934 0.000000 0.655801 1.926727 1.926727 1.926727
1587.781494 0.000000 5415.552734 0.000000 0.896920 0.000000 -0.442194 1.926727 1.926727 1.926727
1589.183105 0.000000 5414.520020 0.000000 -0.176917 0.000000 -0.984226 1.926727 1.926727 1.926727
1588.740967 0.000000 5417.804688 0.000000 0.626566 0.000000 -0.779369 1.926727 1.926727 1.926727
1585.827515 0.000000 5417.287109 0.000000 0.236952 0.000000 0.971522 1.926727 1.926727 1.926727
1586.404297 0.000000 5413.856445 0.000000 0.739242 0.000000 -0.673439 1.926727 1.926727 1.926727
1588.615479 0.000000 5416.153320 0.000000 -0.974508 0.000000 -0.224348 1.926727 1.926727 1.926727
1586.570435 0.000000 5415.953125 0.000000 0.983432 0.000000 -0.181279 1.926727 1.926727 1.926727
1585.537354 0.000000 5415.036133 0.000000 -0.932229 0.000000 0.361869 1.926727 1.926727 1.926727
1587.578979 0.000000 5417.688477 0.000000 0.196968 0.000000 -0.980409 1.926727 1.926727 1.926727
1589.808472 0.000000 5416.096680 0.000000 0.355825 0.000000 0.934552 1.926727 1.926727 1.926727
1587.946289 0.000000 5414.058594 0.000000 -0.918314 0.000000 -0.395852 1.926727 1.926727 1.926727
1586.090332 0.000000 5410.551270 0.000000 0.040423 0.000000 -0.999183 1.926727 1.926727 1.926727
1587.258057 0.000000 5413.278809 0.000000 0.988593 0.000000 0.150616 1.926727 1.926727 1.926727
1590.257080 0.000000 5417.703125 0.000000 -0.988553 0.000000 0.150872 1.926727 1.926727 1.926727
1584.160889 0.000000 5412.399414 0.000000 0.842745 0.000000 0.538313 1.926727 1.926727 1.926727
1584.713745 0.000000 5409.266113 0.000000 -0.980572 0.000000 -0.196162 1.926727 1.926727 1.926727
1586.960815 0.000000 5411.361816 0.000000 0.083111 0.000000 -0.996540 1.926727 1.926727 1.926727
1584.958008 0.000000 5411.170410 0.000000 0.609102 0.000000 -0.793092 1.926727 1.926727 1.926727
1589.925781 0.000000 5419.356934 0.000000 -0.776670 0.000000 0.629908 1.926727 1.926727 1.926727
1583.942871 0.000000 5410.491699 0.000000 0.808301 0.000000 -0.588769 1.926727 1.926727 1.926727
1585.850830 0.000000 5412.955566 0.000000 0.997095 0.000000 -0.076173 1.926727 1.926727 1.926727
1571.712158 0.000000 5507.247070 0.000000 -0.284989 0.000000 0.958531 2.509956 2.509956 2.509956
1482.732666 0.000000 5560.810059 0.000000 0.241155 0.000000 -0.970486 2.509956 2.509956 2.509956
1571.598755 0.000000 5511.182129 0.000000 -0.176594 0.000000 0.984284 2.509956 2.509956 2.509956
1569.865479 0.000000 5509.083008 0.000000 0.694309 0.000000 0.719678 2.509956 2.509956 2.509956
1569.537231 0.000000 5507.489746 0.000000 0.484254 0.000000 -0.874928 2.509956 2.509956 2.509956
1569.372437 0.000000 5511.803223 0.000000 0.315483 0.000000 -0.948931 2.509956 2.509956 2.509956
1481.837769 0.000000 5558.591797 0.000000 0.626119 0.000000 -0.779727 2.509956 2.509956 2.509956
1573.174683 0.000000 5512.073242 0.000000 0.156559 0.000000 -0.987669 2.509956 2.509956 2.509956
1572.687622 0.000000 5508.784668 0.000000 -0.549617 0.000000 -0.835417 2.509956 2.509956 2.509956
1568.711548 0.000000 5495.392578 0.000000 0.126473 0.000000 0.991971 3.015746 3.015746 3.015746
1570.978027 0.000000 5495.637695 0.000000 0.467600 0.000000 0.883940 3.015746 3.015746 3.015746
1567.042847 0.000000 5499.489746 0.000000 -0.998805 0.000000 0.048871 3.015746 3.015746 3.015746
1572.086914 0.000000 5514.019531 0.000000 0.986412 0.000000 0.164287 2.509956 2.509956 2.509956
1495.037964 0.000000 5456.250977 0.000000 -0.709251 0.000000 0.704957 2.509956 2.509956 2.509956
1563.989502 0.000000 5495.467285 0.000000 -0.937294 0.000000 -0.348541 3.015746 3.015746 3.015746
1567.264404 0.000000 5493.187012 0.000000 -0.109642 0.000000 0.993971 2.509956 2.509956 2.509956
1568.699097 0.000000 5497.271973 0.000000 0.216839 0.000000 -0.976208 3.015746 3.015746 3.015746
1566.648438 0.000000 5494.892578 0.000000 0.570050 0.000000 -0.821610 3.015746 3.015746 3.015746
1493.149658 0.000000 5457.039551 0.000000 -0.927279 0.000000 -0.374372 2.509956 2.509956 2.509956
1570.079346 0.000000 5515.514648 0.000000 0.919485 0.000000 -0.393124 2.509956 2.509956 2.509956
1565.250122 0.000000 5493.300293 0.000000 0.895159 0.000000 -0.445746 2.509956 2.509956 2.509956
1565.544312 0.000000 5497.794434 0.000000 0.853011 0.000000 0.521892 3.015746 3.015746 3.015746
1570.293335 0.000000 5498.122070 0.000000 0.551209 0.000000 0.834368 3.015746 3.015746 3.015746
1568.435181 0.000000 5494.540039 0.000000 0.813627 0.000000 0.581387 2.509956 2.509956 2.509956
1574.554077 0.000000 5500.746582 0.000000 -0.895313 0.000000 -0.445438 3.015746 3.015746 3.015746
1574.635986 0.000000 5500.506836 0.000000 -0.392669 0.000000 -0.919680 2.509956 2.509956 2.509956
1571.302490 0.000000 5503.230957 0.000000 0.173828 0.000000 0.984776 2.509956 2.509956 2.509956
1570.482910 0.000000 5500.792480 0.000000 0.696530 0.000000 0.717528 3.015746 3.015746 3.015746
1572.515137 0.000000 5497.366699 0.000000 -0.056325 0.000000 -0.998412 2.509956 2.509956 2.509956
1572.702759 0.000000 5501.522949 0.000000 0.063625 0.000000 -0.997973 2.509956 2.509956 2.509956
1572.759644 0.000000 5499.932617 0.000000 -0.821021 0.000000 -0.570898 3.015746 3.015746 3.015746
1572.506226 0.000000 5497.801270 0.000000 0.954148 0.000000 -0.299335 3.015746 3.015746 3.015746
1572.043335 0.000000 5503.096680 0.000000 0.984618 0.000000 -0.174717 3.015746 3.015746 3.015746
1573.872192 0.000000 5502.576172 0.000000 0.323221 0.000000 0.946323 2.509956 2.509956 2.509956
1573.897949 0.000000 5498.931152 0.000000 0.011814 0.000000 -0.999930 2.509956 2.509956 2.509956
1575.115234 0.000000 5493.963867 0.000000 -0.101081 0.000000 -0.994878 2.509956 2.509956 2.509956
1573.909302 0.000000 5497.557129 0.000000 0.688407 0.000000 -0.725325 2.509956 2.509956 2.509956
1572.903198 0.000000 5504.436523 0.000000 -0.999671 0.000000 0.025624 2.509956 2.509956 2.509956
1571.703003 0.000000 5494.028320 0.000000 0.115237 0.000000 0.993338 2.509956 2.509956 2.509956
1574.974487 0.000000 5491.462891 0.000000 -0.290397 0.000000 -0.956907 2.509956 2.509956 2.509956
1575.241577 0.000000 5495.505371 0.000000 0.599051 0.000000 -0.800711 2.509956 2.509956 2.509956
1573.467773 0.000000 5493.522461 0.000000 -0.996906 0.000000 -0.078606 2.509956 2.509956 2.509956
1571.094360 0.000000 5505.750488 0.000000 -0.999132 0.000000 0.041660 2.509956 2.509956 2.509956
1573.097290 0.000000 5491.959961 0.000000 -0.844333 0.000000 0.535819 2.509956 2.509956 2.509956
1572.820923 0.000000 5496.001465 0.000000 0.429832 0.000000 0.902909 2.509956 2.509956 2.509956
1493.603516 0.000000 5453.008301 0.000000 -0.914470 0.000000 -0.404654 2.509956 2.509956 2.509956
1497.591797 0.000000 5453.989258 0.000000 -0.865897 0.000000 0.500222 2.509956 2.509956 2.509956
1496.569580 0.000000 5458.204102 0.000000 -0.997721 0.000000 0.067471 2.509956 2.509956 2.509956
1494.064331 0.000000 5455.133301 0.000000 -0.984024 0.000000 0.178038 2.509956 2.509956 2.509956
1496.564697 0.000000 5455.622559 0.000000 -0.432100 0.000000 0.901826 2.509956 2.509956 2.509956
1498.074097 0.000000 5456.644043 0.000000 0.988921 0.000000 0.148442 2.509956 2.509956 2.509956
1495.362793 0.000000 5453.233887 0.000000 0.999368 0.000000 -0.035544 2.509956 2.509956 2.509956
1492.286255 0.000000 5455.487793 0.000000 0.980203 0.000000 -0.197995 2.509956 2.509956 2.509956
1494.650269 0.000000 5457.659668 0.000000 0.591061 0.000000 -0.806627 2.509956 2.509956 2.509956
1480.216919 0.000000 5556.108398 0.000000 -0.700136 0.000000 0.714010 2.509956 2.509956 2.509956
1479.781372 0.000000 5557.940430 0.000000 0.812763 0.000000 -0.582595 2.509956 2.509956 2.509956
1476.875122 0.000000 5555.248535 0.000000 -0.847792 0.000000 0.530330 2.509956 2.509956 2.509956
1510.270874 0.000000 5464.550781 0.000000 -0.885453 0.000000 0.464731 1.884918 1.884918 1.884918
1479.730957 0.000000 5552.445312 0.000000 0.980273 0.000000 -0.197646 2.509956 2.509956 2.509956
1482.786743 0.000000 5555.827148 0.000000 0.857606 0.000000 -0.514306 2.509956 2.509956 2.509956
1478.506958 0.000000 5556.125977 0.000000 0.558970 0.000000 0.829188 2.509956 2.509956 2.509956
1480.362915 0.000000 5554.572266 0.000000 -0.304835 0.000000 0.952405 2.509956 2.509956 2.509956
1509.023315 0.000000 5465.372070 0.000000 -0.665158 0.000000 0.746703 1.884918 1.884918 1.884918
1482.342773 0.000000 5553.875488 0.000000 -0.609339 0.000000 0.792908 2.509956 2.509956 2.509956
1477.978516 0.000000 5554.016602 0.000000 0.999334 0.000000 -0.036465 2.509956 2.509956 2.509956
1592.155151 0.000000 5419.328125 0.000000 0.999329 0.000000 0.036636 1.926727 1.926727 1.926727
1592.681030 0.000000 5417.686523 0.000000 1.000000 0.000000 0.000492 1.926727 1.926727 1.926727
1509.320679 0.000000 5462.138672 0.000000 -0.394394 0.000000 -0.918941 1.884918 1.884918 1.884918
1591.062012 0.000000 5417.116699 0.000000 -0.944285 0.000000 -0.329130 1.926727 1.926727 1.926727
1593.994141 0.000000 5418.912109 0.000000 0.596919 0.000000 -0.802301 1.926727 1.926727 1.926727
1481.190063 0.000000 5557.181152 0.000000 0.597600 0.000000 -0.801795 2.509956 2.509956 2.509956
1491.682983 0.000000 5453.477051 -0.000000 0.190314 0.000000 0.981723 2.509956 2.509956 2.509956
1512.348022 0.000000 5462.731445 0.000000 -0.000503 0.000000 -1.000000 1.884918 1.884918 1.884918
1511.696899 0.000000 5465.903809 0.000000 -0.969734 0.000000 0.244161 1.884918 1.884918 1.884918
1509.570190 0.000000 5463.696777 0.000000 0.990501 0.000000 -0.137505 1.884918 1.884918 1.884918
1511.534546 0.000000 5464.062500 0.000000 0.968900 0.000000 0.247452 1.884918 1.884918 1.884918
1492.346069 0.000000 5451.052734 0.000000 0.689316 0.000000 0.724461 2.509956 2.509956 2.509956
1512.768066 0.000000 5465.019531 0.000000 0.730138 0.000000 0.683299 1.884918 1.884918 1.884918
1510.653809 0.000000 5462.226562 0.000000 -0.191363 0.000000 0.981519 1.884918 1.884918 1.884918
1508.313843 0.000000 5463.929199 0.000000 -0.589523 0.000000 0.807752 1.884918 1.884918 1.884918
1510.203857 0.000000 5465.777344 0.000000 -0.260863 0.000000 0.965376 1.884918 1.884918 1.884918
1505.188599 0.000000 5464.532715 0.000000 0.104952 -0.000000 -0.994477 1.884918 1.884918 1.884918
1503.815796 0.000000 5465.351562 0.000000 0.724802 0.000000 -0.688957 1.884918 1.884918 1.884918
1504.416504 0.000000 5462.160645 0.000000 -0.862183 0.000000 0.506597 1.884918 1.884918 1.884918
1507.106567 0.000000 5462.775879 0.000000 -0.429310 0.000000 0.903157 1.884918 1.884918 1.884918
1506.631836 0.000000 5466.092773 0.000000 0.915972 0.000000 -0.401241 1.884918 1.884918 1.884918
1504.505615 0.000000 5463.834961 0.000000 0.957425 0.000000 -0.288681 1.884918 1.884918 1.884918
1506.369263 0.000000 5464.152832 0.000000 0.248453 0.000000 -0.968644 1.884918 1.884918 1.884918
1507.482788 0.000000 5465.177734 0.000000 0.613521 0.000000 0.789678 1.884918 1.884918 1.884918
1505.508423 0.000000 5462.484375 -0.000000 0.507375 0.000000 0.861725 1.884918 1.884918 1.884918
1503.247559 0.000000 5463.796387 0.000000 -0.774008 0.000000 0.633175 1.884918 1.884918 1.884918
1505.090454 0.000000 5465.888672 0.000000 0.941176 0.000000 -0.337917 1.884918 1.884918 1.884918
1506.817993 0.000000 5469.300781 0.000000 0.897040 0.000000 -0.441949 1.884918 1.884918 1.884918
1505.572510 0.000000 5469.854980 0.000000 -0.903003 0.000000 -0.429635 1.884918 1.884918 1.884918
1505.805664 0.000000 5466.804688 -0.000000 0.919978 0.000000 0.391971 1.884918 1.884918 1.884918
1502.865112 0.000000 5462.456543 0.000000 -0.372910 0.000000 -0.927867 1.884918 1.884918 1.884918
1508.721924 0.000000 5467.586914 0.000000 -0.890656 0.000000 0.454678 1.884918 1.884918 1.884918
1508.088013 0.000000 5470.649902 0.000000 0.795382 0.000000 -0.606109 1.884918 1.884918 1.884918
1506.063721 0.000000 5468.601562 0.000000 0.959437 0.000000 0.281923 1.884918 1.884918 1.884918
1507.887207 0.000000 5468.922852 0.000000 -0.274269 -0.000000 -0.961653 1.884918 1.884918 1.884918
1503.250122 0.000000 5460.822754 0.000000 -0.387750 -0.000000 -0.921765 1.884918 1.884918 1.884918
1508.986694 0.000000 5469.624023 0.000000 -0.796809 0.000000 -0.604233 1.884918 1.884918 1.884918
1507.052490 0.000000 5467.022461 0.000000 -0.696115 0.000000 0.717930 1.884918 1.884918 1.884918
1504.711914 0.000000 5468.601074 0.000000 -0.780193 0.000000 0.625538 1.884918 1.884918 1.884918
1506.531616 0.000000 5470.425781 0.000000 -0.364742 0.000000 -0.931109 1.884918 1.884918 1.884918
1501.573608 0.000000 5469.277832 0.000000 0.992466 0.000000 -0.122520 1.884918 1.884918 1.884918
1493.887329 0.000000 5471.401855 0.000000 -0.834641 0.000000 0.550795 2.509956 2.509956 2.509956
1500.637573 0.000000 5466.788086 -0.000000 -0.912792 0.000000 0.408423 1.884918 1.884918 1.884918
1503.450195 0.000000 5467.564453 -0.000000 0.319361 0.000000 0.947633 1.884918 1.884918 1.884918
1503.009277 0.000000 5470.715332 0.000000 0.736247 0.000000 0.676713 1.884918 1.884918 1.884918
1500.963013 0.000000 5468.460938 0.000000 0.965115 0.000000 -0.261825 1.884918 1.884918 1.884918
1502.707642 0.000000 5468.844727 0.000000 0.719782 0.000000 0.694201 1.884918 1.884918 1.884918
1573.322632 0.000000 5507.673340 0.000000 0.920184 0.000000 -0.391487 2.509956 2.509956 2.509956
1575.265625 0.000000 5506.549805 0.000000 -0.993288 0.000000 0.115669 2.509956 2.509956 2.509956
1503.861084 0.000000 5469.770508 0.000000 0.815844 0.000000 0.578274 1.884918 1.884918 1.884918
1574.220947 0.000000 5504.603516 0.000000 0.487186 0.000000 0.873298 2.509956 2.509956 2.509956
1575.395264 0.000000 5508.903809 0.000000 -0.218894 0.000000 0.975748 2.509956 2.509956 2.509956
1501.953613 0.000000 5467.051758 0.000000 -0.202898 0.000000 -0.979200 1.884918 1.884918 1.884918
1492.961914 0.000000 5469.558105 0.000000 0.985823 0.000000 -0.167786 2.509956 2.509956 2.509956
1495.373169 0.000000 5471.892090 0.000000 -0.900239 0.000000 0.435397 2.509956 2.509956 2.509956
1492.456055 0.000000 5467.673340 0.000000 -0.821872 0.000000 -0.569672 2.509956 2.509956 2.509956
1493.048584 0.000000 5465.322754 0.000000 0.330188 -0.000000 -0.943915 2.509956 2.509956 2.509956
1493.210205 0.000000 5462.355957 0.000000 0.087029 0.000000 -0.996206 2.509956 2.509956 2.509956
1491.788940 0.000000 5463.570801 0.000000 0.441493 0.000000 -0.897265 2.509956 2.509956 2.509956
1491.035156 0.000000 5459.681152 0.000000 -0.856625 0.000000 0.515940 2.509956 2.509956 2.509956
1495.021973 0.000000 5459.105469 -0.000000 0.688025 0.000000 0.725687 2.509956 2.509956 2.509956
1501.459106 0.000000 5464.219727 0.000000 0.959236 0.000000 0.282605 1.884918 1.884918 1.884918
1491.858032 0.000000 5461.425293 0.000000 0.998135 0.000000 -0.061051 2.509956 2.509956 2.509956
1500.502441 0.000000 5462.421875 0.000000 -0.455066 0.000000 -0.890458 1.884918 1.884918 1.884918
1502.019897 0.000000 5462.830078 -0.000000 -0.648349 0.000000 0.761342 1.884918 1.884918 1.884918
1492.689941 0.000000 5459.347168 0.000000 -0.990788 0.000000 0.135419 2.509956 2.509956 2.509956
1493.356201 0.000000 5463.804199 0.000000 -0.954776 0.000000 0.297328 2.509956 2.509956 2.509956
1491.029419 0.000000 5568.376953 0.000000 -0.546624 0.000000 -0.837379 2.509956 2.509956 2.509956
1491.069336 0.000000 5570.259766 0.000000 -0.134101 0.000000 0.990968 2.509956 2.509956 2.509956
1487.962158 0.000000 5567.416016 0.000000 0.025370 0.000000 0.999678 2.509956 2.509956 2.509956
1490.864624 0.000000 5565.138184 0.000000 -0.843851 0.000000 0.536578 2.509956 2.509956 2.509956
1493.934326 0.000000 5568.217285 0.000000 0.938476 0.000000 0.345344 2.509956 2.509956 2.509956
1489.946411 0.000000 5568.644531 0.000000 -0.320129 0.000000 -0.947374 2.509956 2.509956 2.509956
1491.665039 0.000000 5566.975098 0.000000 -0.995304 0.000000 -0.096802 2.509956 2.509956 2.509956
1493.723511 0.000000 5566.155273 0.000000 0.617850 0.000000 0.786296 2.509956 2.509956 2.509956
1489.106934 0.000000 5566.164551 0.000000 -0.999753 0.000000 0.022240 2.509956 2.509956 2.509956
1488.876709 0.000000 5570.032715 0.000000 0.722027 0.000000 0.691865 2.509956 2.509956 2.509956
1492.358643 0.000000 5569.433594 0.000000 0.106266 0.000000 -0.994337 2.509956 2.509956 2.509956
1489.729614 0.000000 5571.655762 0.000000 -0.153890 0.000000 0.988088 2.509956 2.509956 2.509956
1566.743774 0.000000 5554.332031 0.000000 -0.349058 0.000000 -0.937101 2.509956 2.509956 2.509956
1566.303711 0.000000 5556.088867 0.000000 -0.921116 0.000000 -0.389290 2.509956 2.509956 2.509956
1563.065430 0.000000 5552.223145 0.000000 -0.755020 0.000000 -0.655702 2.456399 2.456399 2.456399
1567.462646 0.000000 5550.990723 0.000000 0.694355 0.000000 -0.719632 2.509956 2.509956 2.509956
1569.531860 0.000000 5554.688965 0.000000 -0.712674 0.000000 0.701495 2.509956 2.509956 2.509956
1565.414673 0.000000 5554.234863 0.000000 -0.618684 0.000000 -0.785640 2.509956 2.509956 2.509956
1567.914185 0.000000 5552.947266 0.000000 0.303119 0.000000 0.952953 2.509956 2.509956 2.509956
1569.780151 0.000000 5552.678223 0.000000 -0.323258 0.000000 0.946310 2.509956 2.509956 2.509956
1563.251099 0.000000 5554.678223 0.000000 0.546166 0.000000 0.837677 2.456399 2.456399 2.456399
1567.651245 0.000000 5555.653320 0.000000 -0.940471 0.000000 -0.339872 2.509956 2.509956 2.509956
1561.034302 0.000000 5557.933594 0.000000 -0.414270 0.000000 -0.910154 2.456399 2.456399 2.456399
1561.119751 0.000000 5560.569824 0.000000 0.086430 0.000000 -0.996258 2.509956 2.509956 2.509956
1558.065796 0.000000 5556.763672 0.000000 0.956863 0.000000 0.290538 2.456399 2.456399 2.456399
1561.684204 0.000000 5554.688477 0.000000 0.685659 0.000000 -0.727922 2.456399 2.456399 2.456399
1564.429688 0.000000 5559.322266 0.000000 0.434901 0.000000 -0.900478 2.509956 2.509956 2.509956
1559.579956 0.000000 5557.895996 0.000000 -0.936934 0.000000 0.349507 2.456399 2.456399 2.456399
1561.727417 0.000000 5556.626953 0.000000 -0.541302 0.000000 -0.840829 2.456399 2.456399 2.456399
1564.445679 0.000000 5557.251953 0.000000 0.766438 0.000000 -0.642318 2.509956 2.509956 2.509956
1559.337646 0.000000 5555.707520 0.000000 -0.999991 0.000000 0.004091 2.456399 2.456399 2.456399
1559.345703 0.000000 5560.141602 0.000000 -0.995762 0.000000 0.091965 2.509956 2.509956 2.509956
1562.519165 0.000000 5560.135254 0.000000 0.134603 0.000000 -0.990899 2.509956 2.509956 2.509956
1573.298828 0.000000 5555.126465 0.000000 -0.826048 0.000000 -0.563599 2.509956 2.509956 2.509956
1556.699341 0.000000 5558.322266 0.000000 0.615857 0.000000 -0.787858 2.456399 2.456399 2.456399
1555.685059 0.000000 5555.937500 0.000000 0.254371 0.000000 0.967107 2.456399 2.456399 2.456399
1574.796753 0.000000 5554.243652 0.000000 -0.701751 0.000000 -0.712422 2.509956 2.509956 2.509956
1571.126587 0.000000 5561.135742 0.000000 0.507331 0.000000 0.861751 2.509956 2.509956 2.509956
1570.529297 0.000000 5563.017578 0.000000 0.274770 0.000000 0.961509 2.509956 2.509956 2.509956
1568.348145 0.000000 5559.466309 0.000000 0.792005 0.000000 -0.610515 2.509956 2.509956 2.509956
1571.751831 0.000000 5557.943359 0.000000 -0.927126 0.000000 0.374750 2.509956 2.509956 2.509956
1569.879272 0.000000 5561.098145 0.000000 0.997229 0.000000 0.074383 2.509956 2.509956 2.509956
1572.166016 0.000000 5559.979980 0.000000 -0.971533 0.000000 -0.236910 2.509956 2.509956 2.509956
1569.665649 0.000000 5558.930176 0.000000 -0.875003 0.000000 0.484118 2.509956 2.509956 2.509956
1568.469238 0.000000 5562.272461 0.000000 0.963012 0.000000 0.269459 2.509956 2.509956 2.509956
1572.158447 0.000000 5562.593750 0.000000 0.999947 0.000000 0.010242 2.509956 2.509956 2.509956
1573.782471 0.000000 5562.937012 0.000000 -0.532483 0.000000 -0.846441 2.509956 2.509956 2.509956
1567.080444 0.000000 5561.319824 0.000000 0.930167 0.000000 0.367135 2.509956 2.509956 2.509956
1566.004639 0.000000 5559.282715 0.000000 -0.932884 0.000000 -0.360177 2.509956 2.509956 2.509956
1571.522339 0.000000 5569.264160 0.000000 0.718934 0.000000 0.695078 2.509956 2.509956 2.509956
1571.113159 0.000000 5570.945801 0.000000 0.980019 0.000000 -0.198904 2.509956 2.509956 2.509956
1568.599854 0.000000 5567.517578 0.000000 0.655604 0.000000 -0.755104 2.509956 2.509956 2.509956
1572.018677 0.000000 5565.710938 0.000000 -0.516017 0.000000 -0.856578 2.509956 2.509956 2.509956
1570.282715 0.000000 5569.088867 0.000000 -0.995190 0.000000 0.097957 2.509956 2.509956 2.509956
1572.245117 0.000000 5567.578125 0.000000 0.102559 0.000000 0.994727 2.509956 2.509956 2.509956
1569.941162 0.000000 5566.588379 0.000000 0.800806 0.000000 0.598924 2.509956 2.509956 2.509956
1592.481689 0.000000 5599.339355 0.000000 0.968726 0.000000 0.248136 1.846425 1.846425 1.846425
1572.246216 0.000000 5570.413086 0.000000 0.599633 0.000000 0.800275 2.509956 2.509956 2.509956
1591.289062 0.000000 5598.546875 0.000000 0.224243 0.000000 -0.974533 1.846425 1.846425 1.846425
1566.209351 0.000000 5567.019043 0.000000 0.209294 0.000000 0.977853 2.509956 2.509956 2.509956
1589.654297 0.000000 5603.159668 0.000000 0.526445 0.000000 -0.850209 1.846425 1.846425 1.846425
1587.332397 0.000000 5601.795410 0.000000 0.595313 0.000000 0.803494 1.846425 1.846425 1.846425
1590.096313 0.000000 5600.535645 0.000000 -0.696501 0.000000 0.717555 1.846425 1.846425 1.846425
1588.564819 0.000000 5603.023438 0.000000 0.135864 0.000000 0.990727 1.846425 1.846425 1.846425
1590.302979 0.000000 5602.002930 0.000000 0.013619 0.000000 0.999908 1.846425 1.846425 1.846425
1591.833862 0.000000 5601.905273 0.000000 0.932360 0.000000 -0.361531 1.846425 1.846425 1.846425
1587.521851 0.000000 5603.897461 0.000000 -0.301361 0.000000 0.953511 1.846425 1.846425 1.846425
1586.165649 0.000000 5604.000488 0.000000 -0.997315 0.000000 0.073240 1.846425 1.846425 1.846425
1587.903687 0.000000 5605.030273 0.000000 0.417669 0.000000 -0.908600 1.846425 1.846425 1.846425
1584.534180 0.000000 5604.501465 0.000000 -0.495140 0.000000 -0.868813 1.846425 1.846425 1.846425
1564.482300 0.000000 5564.462402 0.000000 0.331667 0.000000 0.943397 2.509956 2.509956 2.509956
1561.049072 0.000000 5564.110840 0.000000 0.154793 0.000000 -0.987947 2.509956 2.509956 2.509956
1563.858032 0.000000 5560.990723 0.000000 0.966782 0.000000 0.255606 2.509956 2.509956 2.509956
1566.950806 0.000000 5564.235840 0.000000 0.955626 0.000000 0.294581 2.509956 2.509956 2.509956
1563.146606 0.000000 5564.952637 0.000000 -0.824396 0.000000 0.566014 2.509956 2.509956 2.509956
1564.588989 0.000000 5563.275879 0.000000 0.835228 0.000000 0.549903 2.509956 2.509956 2.509956
1566.567261 0.000000 5562.369141 0.000000 0.292424 0.000000 -0.956289 2.509956 2.509956 2.509956
1562.079224 0.000000 5562.682129 0.000000 0.565050 0.000000 -0.825056 2.509956 2.509956 2.509956
1565.765503 0.000000 5565.538574 0.000000 0.999974 0.000000 0.007120 2.509956 2.509956 2.509956
1580.919067 0.000000 5601.166504 0.000000 -0.943173 0.000000 0.332302 1.846425 1.846425 1.846425
1579.576416 0.000000 5601.268555 0.000000 0.821043 0.000000 -0.570865 1.846425 1.846425 1.846425
1581.035889 0.000000 5598.572754 0.000000 0.016553 0.000000 0.999864 1.846425 1.846425 1.846425
1581.447144 0.000000 5602.743164 0.000000 -0.399494 0.000000 -0.916735 1.846425 1.846425 1.846425
1580.379272 0.000000 5600.209961 0.000000 0.462658 0.000000 0.886537 1.846425 1.846425 1.846425
1582.141113 0.000000 5601.190430 0.000000 -0.571197 0.000000 0.820813 1.846425 1.846425 1.846425
1582.843628 0.000000 5602.500488 0.000000 0.814227 0.000000 -0.580546 1.846425 1.846425 1.846425
1582.155273 0.000000 5599.213379 0.000000 0.738190 0.000000 -0.674592 1.846425 1.846425 1.846425
1551.413574 0.000000 5570.488281 0.000000 0.959565 0.000000 0.281487 2.509956 2.509956 2.509956
1580.350708 0.000000 5602.044922 0.000000 0.156545 0.000000 -0.987671 1.846425 1.846425 1.846425
1547.951416 0.000000 5575.455078 0.000000 0.390240 0.000000 0.920714 2.509956 2.509956 2.509956
1546.005493 0.000000 5575.520508 0.000000 -0.996495 0.000000 -0.083651 2.509956 2.509956 2.509956
1548.106079 0.000000 5571.899414 0.000000 0.831647 0.000000 -0.555305 2.509956 2.509956 2.509956
1550.961304 0.000000 5574.754883 0.000000 0.597456 0.000000 -0.801902 2.509956 2.509956 2.509956
1547.423340 0.000000 5574.115234 0.000000 -0.020495 0.000000 0.999789 2.509956 2.509956 2.509956
1549.326294 0.000000 5575.638672 0.000000 0.437504 0.000000 0.899216 2.509956 2.509956 2.509956
1549.665161 0.000000 5573.193359 0.000000 -0.549811 0.000000 -0.835290 2.509956 2.509956 2.509956
1545.806274 0.000000 5573.521484 0.000000 -0.995957 0.000000 -0.089839 2.509956 2.509956 2.509956
1528.249878 0.000000 5566.475098 0.000000 0.262245 0.000000 -0.965001 2.509956 2.509956 2.509956
1526.139038 0.000000 5566.560547 0.000000 -0.852221 0.000000 -0.523181 2.509956 2.509956 2.509956
1528.339966 0.000000 5563.130859 0.000000 0.305618 0.000000 0.952154 2.509956 2.509956 2.509956
1546.830200 0.000000 5576.917969 0.000000 -0.776116 0.000000 0.630589 2.509956 2.509956 2.509956
1541.167603 0.000000 5572.756348 0.000000 -0.976471 0.000000 0.215651 2.509956 2.509956 2.509956
1527.579590 0.000000 5565.104980 0.000000 -0.491836 0.000000 0.870687 2.509956 2.509956 2.509956
1539.500610 0.000000 5572.511719 0.000000 -0.955616 0.000000 0.294616 2.509956 2.509956 2.509956
1541.600708 0.000000 5569.100098 0.000000 0.067120 0.000000 -0.997746 2.509956 2.509956 2.509956
1530.038940 0.000000 5564.046875 0.000000 0.943651 0.000000 -0.330943 2.509956 2.509956 2.509956
1526.161621 0.000000 5564.559082 0.000000 0.630857 0.000000 -0.775900 2.509956 2.509956 2.509956
1526.906982 0.000000 5567.768066 0.000000 0.865863 0.000000 -0.500281 2.509956 2.509956 2.509956
1524.499878 0.000000 5570.904785 0.000000 0.966613 0.000000 -0.256241 2.509956 2.509956 2.509956
1523.685669 0.000000 5569.361328 0.000000 -0.698839 0.000000 0.715279 2.509956 2.509956 2.509956
1544.497681 0.000000 5571.822266 0.000000 0.615977 0.000000 0.787764 2.509956 2.509956 2.509956
1542.183350 0.000000 5575.140625 0.000000 0.005952 0.000000 0.999981 2.509956 2.509956 2.509956
1522.375244 0.000000 5572.447754 0.000000 -0.670882 0.000000 0.741563 2.509956 2.509956 2.509956
1525.316406 0.000000 5570.129395 0.000000 -0.595103 0.000000 0.803649 2.509956 2.509956 2.509956
1524.659180 0.000000 5572.465332 0.000000 0.374304 0.000000 0.927306 2.509956 2.509956 2.509956
1523.106567 0.000000 5573.964355 0.000000 -0.357499 0.000000 -0.933913 2.509956 2.509956 2.509956
1540.633911 0.000000 5571.410645 0.000000 -0.973185 0.000000 0.230022 2.509956 2.509956 2.509956
1525.602173 0.000000 5568.365723 0.000000 0.238671 0.000000 -0.971101 2.509956 2.509956 2.509956
1522.640259 0.000000 5570.486816 0.000000 0.729675 0.000000 0.683794 2.509956 2.509956 2.509956
1521.343628 0.000000 5570.049805 0.000000 0.551394 0.000000 -0.834245 2.509956 2.509956 2.509956
1520.966797 0.000000 5572.121582 0.000000 -0.936416 0.000000 0.350890 2.509956 2.509956 2.509956
1477.369141 0.000000 5542.525391 0.000000 0.905544 0.000000 -0.424251 2.509956 2.509956 2.509956
1542.874390 0.000000 5572.803223 0.000000 0.989568 0.000000 0.144066 2.509956 2.509956 2.509956
1476.500244 0.000000 5540.881836 0.000000 0.606000 0.000000 0.795465 2.509956 2.509956 2.509956
1480.467651 0.000000 5541.955566 0.000000 -0.840267 0.000000 -0.542173 2.509956 2.509956 2.509956
1479.238403 0.000000 5545.511230 0.000000 0.990387 0.000000 -0.138320 2.509956 2.509956 2.509956
1543.937622 0.000000 5574.416992 0.000000 0.152410 0.000000 -0.988318 2.509956 2.509956 2.509956
1475.252808 0.000000 5544.055176 0.000000 0.999973 0.000000 -0.007444 2.509956 2.509956 2.509956
1478.480469 0.000000 5541.719238 0.000000 -0.065608 0.000000 -0.997845 2.509956 2.509956 2.509956
1477.522827 0.000000 5544.130371 0.000000 -0.765730 0.000000 0.643161 2.509956 2.509956 2.509956
1476.178345 0.000000 5545.701172 0.000000 0.429534 0.000000 0.903050 2.509956 2.509956 2.509956
1478.652466 0.000000 5540.106934 0.000000 0.116054 0.000000 -0.993243 2.509956 2.509956 2.509956
1475.868164 0.000000 5542.196289 0.000000 0.912550 0.000000 0.408964 2.509956 2.509956 2.509956
1478.237915 0.000000 5535.932129 0.000000 0.738843 0.000000 -0.673879 2.509956 2.509956 2.509956
1477.505859 0.000000 5533.901367 0.000000 0.525951 0.000000 0.850514 2.509956 2.509956 2.509956
1481.461426 0.000000 5534.948242 0.000000 -0.054930 0.000000 -0.998491 2.509956 2.509956 2.509956
1480.009888 0.000000 5538.891113 0.000000 0.992388 0.000000 -0.123155 2.509956 2.509956 2.509956
1476.046509 0.000000 5537.232910 0.000000 -0.828276 0.000000 0.560319 2.509956 2.509956 2.509956
1479.382935 0.000000 5535.005859 0.000000 0.183864 0.000000 -0.982952 2.509956 2.509956 2.509956
1478.458618 0.000000 5537.419434 0.000000 -0.251826 0.000000 -0.967773 2.509956 2.509956 2.509956
1543.081299 0.000000 5570.301270 0.000000 -0.022042 0.000000 0.999758 2.509956 2.509956 2.509956
1539.477173 0.000000 5570.648438 0.000000 0.588637 0.000000 -0.808398 2.509956 2.509956 2.509956
1540.269165 0.000000 5573.855469 0.000000 0.999858 0.000000 0.016889 2.509956 2.509956 2.509956
1477.283203 0.000000 5538.813477 0.000000 -0.834354 0.000000 0.551228 2.509956 2.509956 2.509956
1480.968994 0.000000 5536.660645 0.000000 0.224334 0.000000 0.974513 2.509956 2.509956 2.509956
1479.336182 0.000000 5533.347656 0.000000 -0.981227 0.000000 -0.192857 2.509956 2.509956 2.509956
1536.759888 0.000000 5575.464844 0.000000 -0.897166 0.000000 -0.441694 2.509956 2.509956 2.509956
1540.904541 0.000000 5576.261719 0.000000 0.380247 0.000000 0.924885 2.509956 2.509956 2.509956
1476.705078 0.000000 5535.250977 0.000000 0.711189 0.000000 0.703001 2.509956 2.509956 2.509956
1471.901367 0.000000 5546.027832 0.000000 -0.125261 0.000000 0.992124 2.509956 2.509956 2.509956
1481.419800 0.000000 5532.912109 0.000000 -0.414880 0.000000 0.909876 2.509956 2.509956 2.509956
1538.654053 0.000000 5574.468750 0.000000 0.381834 0.000000 -0.924232 2.509956 2.509956 2.509956
1483.627563 0.000000 5533.975586 0.000000 -0.707546 0.000000 0.706668 2.509956 2.509956 2.509956
1471.482300 0.000000 5547.773438 0.000000 -0.967796 0.000000 -0.251734 2.509956 2.509956 2.509956
1530.717896 0.000000 5575.193359 0.000000 -0.427968 0.000000 0.903794 2.509956 2.509956 2.509956
1472.884888 0.000000 5539.523438 0.000000 -0.965783 0.000000 0.259353 2.509956 2.509956 2.509956
1471.424194 0.000000 5543.071777 0.000000 -0.959928 0.000000 -0.280247 2.509956 2.509956 2.509956
1469.744263 0.000000 5541.790039 0.000000 0.868575 0.000000 0.495558 2.509956 2.509956 2.509956
1472.308716 0.000000 5540.996582 0.000000 0.959517 0.000000 0.281652 2.509956 2.509956 2.509956
1532.260010 0.000000 5574.527344 0.000000 0.400398 0.000000 0.916342 2.509956 2.509956 2.509956
1474.838745 0.000000 5538.330078 0.000000 -0.384436 0.000000 0.923152 2.509956 2.509956 2.509956
1589.207031 0.000000 5426.494141 0.000000 0.324963 0.000000 -0.945727 1.926727 1.926727 1.926727
1588.973999 0.000000 5427.859375 0.000000 -0.689147 0.000000 -0.724622 1.926727 1.926727 1.926727
1586.994141 0.000000 5425.523926 0.000000 -0.166644 0.000000 -0.986017 1.926727 1.926727 1.926727
1589.423218 0.000000 5423.854004 0.000000 -0.108595 0.000000 0.994086 1.926727 1.926727 1.926727
1591.321899 0.000000 5426.564453 0.000000 -0.969908 0.000000 0.243472 1.926727 1.926727 1.926727
1588.180054 0.000000 5426.509766 0.000000 -0.080024 0.000000 0.996793 1.926727 1.926727 1.926727
1589.998657 0.000000 5425.382324 0.000000 0.867704 0.000000 -0.497080 1.926727 1.926727 1.926727
1591.365112 0.000000 5425.023438 0.000000 -0.893225 0.000000 0.449608 1.926727 1.926727 1.926727
1587.326782 0.000000 5427.452637 0.000000 0.461702 0.000000 0.887036 1.926727 1.926727 1.926727
1589.965698 0.000000 5427.403320 0.000000 0.543649 0.000000 0.839312 1.926727 1.926727 1.926727
1585.889160 0.000000 5430.229492 0.000000 -0.991438 0.000000 -0.130576 1.926727 1.926727 1.926727
1585.410278 0.000000 5431.729980 0.000000 0.557841 0.000000 -0.829948 1.926727 1.926727 1.926727
1583.509155 0.000000 5429.491699 0.000000 -0.775436 0.000000 0.631426 1.926727 1.926727 1.926727
1586.095459 0.000000 5427.564453 0.000000 -0.330649 0.000000 0.943754 1.926727 1.926727 1.926727
1587.775757 0.000000 5430.539062 0.000000 0.948199 0.000000 0.317676 1.926727 1.926727 1.926727
1584.701172 0.000000 5430.218750 0.000000 -0.193925 0.000000 -0.981017 1.926727 1.926727 1.926727
1586.319580 0.000000 5429.083984 0.000000 -0.082106 0.000000 -0.996624 1.926727 1.926727 1.926727
1587.603027 0.000000 5428.890137 0.000000 0.438194 0.000000 0.898880 1.926727 1.926727 1.926727
1584.385376 0.000000 5428.578613 0.000000 0.964736 0.000000 -0.263221 1.926727 1.926727 1.926727
1584.020264 0.000000 5431.481934 0.000000 -0.406331 0.000000 0.913726 1.926727 1.926727 1.926727
1468.096802 0.000000 5525.020020 0.000000 0.764282 0.000000 0.644882 2.509956 2.509956 2.509956
1586.383423 0.000000 5431.311035 0.000000 0.780271 0.000000 0.625441 1.926727 1.926727 1.926727
1494.738281 0.000000 5478.705566 0.000000 0.999999 0.000000 0.001942 2.509956 2.509956 2.509956
1493.613403 0.000000 5480.229492 0.000000 0.962448 0.000000 -0.271468 2.509956 2.509956 2.509956
1594.239502 0.000000 5426.559082 0.000000 -0.630860 0.000000 -0.775896 1.926727 1.926727 1.926727
1492.789917 0.000000 5476.110352 0.000000 0.231359 0.000000 0.972868 2.509956 2.509956 2.509956
1496.494019 0.000000 5475.920410 0.000000 0.905178 0.000000 0.425033 2.509956 2.509956 2.509956
1582.526001 0.000000 5430.854492 0.000000 -0.827868 0.000000 0.560923 1.926727 1.926727 1.926727
1497.204346 0.000000 5480.253418 0.000000 -0.247522 0.000000 0.968882 2.509956 2.509956 2.509956
1493.686768 0.000000 5478.283691 0.000000 0.784565 0.000000 0.620047 2.509956 2.509956 2.509956
1496.099976 0.000000 5477.893066 0.000000 -0.995728 0.000000 0.092336 2.509956 2.509956 2.509956
1498.230591 0.000000 5478.499023 0.000000 0.903832 0.000000 0.427888 2.509956 2.509956 2.509956
1494.507202 0.000000 5475.722168 0.000000 0.205568 0.000000 -0.978643 2.509956 2.509956 2.509956
1492.038086 0.000000 5478.763184 0.000000 0.852083 0.000000 -0.523407 2.509956 2.509956 2.509956
1472.465088 0.000000 5533.200195 0.000000 0.647099 0.000000 -0.762407 2.509956 2.509956 2.509956
1475.304810 0.000000 5531.345215 0.000000 0.377604 0.000000 0.925967 2.509956 2.509956 2.509956
1495.143066 0.000000 5480.325195 0.000000 0.920488 0.000000 -0.390770 2.509956 2.509956 2.509956
1475.252075 0.000000 5535.419922 0.000000 0.255471 0.000000 -0.966817 2.509956 2.509956 2.509956
1473.348145 0.000000 5532.000000 0.000000 -0.773853 0.000000 -0.633366 2.509956 2.509956 2.509956
1473.243408 0.000000 5534.436523 0.000000 0.962303 0.000000 -0.271978 2.509956 2.509956 2.509956
1475.434082 0.000000 5533.044922 0.000000 -0.328130 0.000000 -0.944633 2.509956 2.509956 2.509956
1475.543091 0.000000 5519.905273 0.000000 -0.555164 0.000000 -0.831742 2.509956 2.509956 2.509956
1476.834595 0.000000 5518.607910 0.000000 0.981416 0.000000 0.191886 2.509956 2.509956 2.509956
1477.424927 0.000000 5522.669922 0.000000 -0.611093 0.000000 -0.791558 2.509956 2.509956 2.509956
1491.707397 0.000000 5480.564941 0.000000 0.511853 0.000000 -0.859073 2.509956 2.509956 2.509956
1476.778809 0.000000 5520.518066 0.000000 0.265506 0.000000 0.964109 2.509956 2.509956 2.509956
1474.149902 0.000000 5520.803711 0.000000 -0.392765 0.000000 0.919639 2.509956 2.509956 2.509956
1475.894775 0.000000 5523.062500 0.000000 -0.178788 0.000000 0.983888 2.509956 2.509956 2.509956
1478.342896 0.000000 5520.259277 0.000000 -0.785349 0.000000 -0.619054 2.509956 2.509956 2.509956
1475.346924 0.000000 5518.509277 0.000000 -0.756277 0.000000 0.654251 2.509956 2.509956 2.509956
1469.557373 0.000000 5518.596191 0.000000 -0.928783 0.000000 0.370624 2.965866 2.965866 2.965866
1471.337524 0.000000 5517.153320 0.000000 -0.988593 0.000000 0.150610 2.965866 2.965866 2.965866
1480.023682 0.000000 5516.881348 0.000000 -0.980009 0.000000 -0.198954 2.509956 2.509956 2.509956
1581.561401 0.000000 5429.064941 0.000000 0.319870 0.000000 -0.947462 1.926727 1.926727 1.926727
1595.318359 0.000000 5425.756348 0.000000 0.366217 0.000000 0.930529 1.926727 1.926727 1.926727
1593.069946 0.000000 5431.337891 0.000000 -0.489855 0.000000 -0.871803 1.926727 1.926727 1.926727
1592.765015 0.000000 5432.820312 0.000000 0.281254 0.000000 0.959633 1.926727 1.926727 1.926727
1590.815552 0.000000 5430.253906 0.000000 -0.491435 0.000000 0.870915 1.926727 1.926727 1.926727
1593.304077 0.000000 5428.832031 0.000000 -0.855043 0.000000 0.518558 1.926727 1.926727 1.926727
1592.096558 0.000000 5431.371094 0.000000 -0.570708 0.000000 -0.821152 1.926727 1.926727 1.926727
1593.817627 0.000000 5430.324219 0.000000 -0.546923 0.000000 0.837184 1.926727 1.926727 1.926727
1591.725830 0.000000 5429.745605 0.000000 0.594819 0.000000 0.803860 1.926727 1.926727 1.926727
1591.189697 0.000000 5432.393555 0.000000 -0.751633 0.000000 0.659581 1.926727 1.926727 1.926727
1476.097900 0.000000 5516.727539 0.000000 -0.785012 0.000000 -0.619480 2.509956 2.509956 2.509956
1593.972290 0.000000 5432.360840 0.000000 0.956991 0.000000 0.290116 1.926727 1.926727 1.926727
1590.021240 0.000000 5431.815918 0.000000 -0.992141 0.000000 -0.125119 1.926727 1.926727 1.926727
1564.137451 0.000000 5512.043945 0.000000 -0.867207 0.000000 -0.497948 2.509956 2.509956 2.509956
1562.789062 0.000000 5513.167480 0.000000 -0.779164 0.000000 -0.626821 2.509956 2.509956 2.509956
1562.883057 0.000000 5509.197266 0.000000 -0.999504 0.000000 -0.031497 2.509956 2.509956 2.509956
1589.021118 0.000000 5430.289551 0.000000 0.175725 0.000000 0.984439 1.926727 1.926727 1.926727
1566.668335 0.000000 5509.704590 0.000000 0.931634 0.000000 -0.363397 2.509956 2.509956 2.509956
1566.157959 0.000000 5513.910156 0.000000 0.905827 0.000000 -0.423648 2.509956 2.509956 2.509956
1563.144653 0.000000 5511.177246 0.000000 0.979877 0.000000 0.199604 2.509956 2.509956 2.509956
1565.895996 0.000000 5511.615723 0.000000 0.268620 0.000000 -0.963246 2.509956 2.509956 2.509956
1567.531738 0.000000 5512.464844 0.000000 -0.934271 0.000000 -0.356562 2.509956 2.509956 2.509956
1561.539062 0.000000 5511.346680 0.000000 -0.930924 0.000000 -0.365214 2.509956 2.509956 2.509956
1564.134033 0.000000 5513.606934 0.000000 0.989927 0.000000 0.141578 2.509956 2.509956 2.509956
1557.736328 0.000000 5512.697754 0.000000 -0.014358 0.000000 -0.999897 2.509956 2.509956 2.509956
1555.888550 0.000000 5513.743652 0.000000 -0.332049 0.000000 -0.943262 2.509956 2.509956 2.509956
1471.084595 0.000000 5519.495605 0.000000 -0.933770 0.000000 -0.357874 2.965866 2.965866 2.965866
1476.643555 0.000000 5514.809082 0.000000 -0.567665 0.000000 0.823260 2.509956 2.509956 2.509956
1556.028320 0.000000 5509.898926 0.000000 -0.755665 0.000000 0.654958 2.509956 2.509956 2.509956
1560.199707 0.000000 5510.349121 0.000000 0.297756 0.000000 -0.954642 2.509956 2.509956 2.509956
1559.292114 0.000000 5514.662598 0.000000 -0.995043 0.000000 0.099446 2.509956 2.509956 2.509956
1556.561401 0.000000 5511.714355 0.000000 -0.335409 0.000000 -0.942073 2.509956 2.509956 2.509956
1559.106812 0.000000 5512.035645 0.000000 -0.386129 0.000000 -0.922445 2.509956 2.509956 2.509956
1560.544434 0.000000 5512.974609 0.000000 0.883303 0.000000 0.468802 2.509956 2.509956 2.509956
1557.704346 0.000000 5509.774414 0.000000 -0.749989 0.000000 -0.661450 2.509956 2.509956 2.509956
1554.765381 0.000000 5512.300781 0.000000 0.975000 0.000000 -0.222204 2.509956 2.509956 2.509956
1478.125000 0.000000 5517.082031 0.000000 -0.954676 0.000000 0.297644 2.509956 2.509956 2.509956
1557.272949 0.000000 5514.215332 0.000000 0.684263 0.000000 0.729235 2.509956 2.509956 2.509956
1472.801147 0.000000 5518.680176 0.000000 -0.410671 0.000000 -0.911785 2.965866 2.965866 2.965866
1469.484375 0.000000 5516.626953 0.000000 -0.536842 0.000000 0.843682 2.965866 2.965866 2.965866
1589.823120 0.000000 5436.222656 0.000000 -0.257218 0.000000 0.966353 1.926727 1.926727 1.926727
1477.529785 0.000000 5515.938965 0.000000 -0.852818 0.000000 -0.522208 2.965866 2.965866 2.965866
1569.000244 0.000000 5516.532715 0.000000 0.258122 0.000000 0.966112 2.509956 2.509956 2.509956
1479.433105 0.000000 5514.621094 0.000000 -0.056037 0.000000 0.998429 2.965866 2.965866 2.965866
1479.994751 0.000000 5519.514648 0.000000 0.878030 0.000000 -0.478606 2.965866 2.965866 2.965866
1553.892212 0.000000 5510.346680 0.000000 0.993507 0.000000 0.113771 2.509956 2.509956 2.509956
1499.308105 0.000000 5496.968262 0.000000 -0.767455 0.000000 0.641102 2.509956 2.509956 2.509956
1501.871826 0.000000 5500.582031 0.000000 0.016167 0.000000 0.999869 2.509956 2.509956 2.509956
1499.926514 0.000000 5499.386719 0.000000 0.998444 0.000000 0.055773 2.509956 2.509956 2.509956
1502.003418 0.000000 5498.428711 0.000000 0.795856 0.000000 -0.605485 2.509956 2.509956 2.509956
1497.749756 0.000000 5498.349121 0.000000 -0.650132 0.000000 0.759821 2.509956 2.509956 2.509956
1523.205444 0.000000 5543.602539 0.000000 -0.703976 0.000000 -0.710224 2.509956 2.509956 2.509956
1521.059448 0.000000 5547.410156 0.000000 0.652995 0.000000 -0.757362 2.509956 2.509956 2.509956
1521.394897 0.000000 5545.208984 0.000000 0.999638 0.000000 0.026905 2.509956 2.509956 2.509956
1508.989746 0.000000 5501.765137 0.000000 0.436148 0.000000 0.899874 2.509956 2.509956 2.509956
1508.896851 0.000000 5503.538574 0.000000 -0.950745 0.000000 -0.309971 2.509956 2.509956 2.509956
1505.878662 0.000000 5500.526855 0.000000 0.932447 0.000000 0.361306 2.509956 2.509956 2.509956
1509.071655 0.000000 5498.107422 0.000000 -0.558611 0.000000 -0.829430 2.509956 2.509956 2.509956
1511.724121 0.000000 5501.496094 0.000000 0.860400 0.000000 0.509619 2.509956 2.509956 2.509956
1507.727905 0.000000 5501.606445 0.000000 0.194002 0.000000 0.981001 2.509956 2.509956 2.509956
1509.690308 0.000000 5500.207031 0.000000 0.961479 0.000000 0.274880 2.509956 2.509956 2.509956
1522.987427 0.000000 5546.644043 0.000000 0.255257 0.000000 0.966873 2.509956 2.509956 2.509956
1511.555664 0.000000 5499.761230 0.000000 -0.995246 0.000000 -0.097395 2.509956 2.509956 2.509956
1506.923584 0.000000 5499.394043 0.000000 0.999235 0.000000 0.039095 2.509956 2.509956 2.509956
1506.555786 0.000000 5503.025879 0.000000 0.954633 0.000000 0.297782 2.509956 2.509956 2.509956
1510.379150 0.000000 5502.660156 0.000000 -0.201091 0.000000 0.979573 2.509956 2.509956 2.509956
1521.411743 0.000000 5542.654297 0.000000 0.840305 0.000000 0.542113 2.509956 2.509956 2.509956
1475.318970 0.000000 5519.362793 0.000000 0.524752 0.000000 0.851255 2.965866 2.965866 2.965866
1475.019531 0.000000 5514.425781 0.000000 0.288372 0.000000 0.957518 2.965866 2.965866 2.965866
1479.151489 0.000000 5516.724121 0.000000 0.063473 0.000000 0.997984 2.965866 2.965866 2.965866
1588.302490 0.000000 5434.469238 0.000000 -0.994583 0.000000 0.103942 1.926727 1.926727 1.926727
1585.632812 0.000000 5434.479004 0.000000 -0.973345 0.000000 0.229343 1.926727 1.926727 1.926727
1522.673950 0.000000 5554.451172 0.000000 -0.234333 0.000000 -0.972156 2.509956 2.509956 2.509956
1587.560547 0.000000 5431.807617 0.000000 -0.899688 0.000000 0.436534 1.926727 1.926727 1.926727
1590.192017 0.000000 5434.013184 0.000000 0.714186 0.000000 -0.699955 1.926727 1.926727 1.926727
1587.279053 0.000000 5434.915039 0.000000 -0.997864 0.000000 0.065336 1.926727 1.926727 1.926727
1588.320068 0.000000 5433.492676 0.000000 -0.772759 0.000000 0.634699 1.926727 1.926727 1.926727
1521.106567 0.000000 5554.936035 0.000000 -0.291453 0.000000 0.956584 2.509956 2.509956 2.509956
1589.691650 0.000000 5432.640137 0.000000 -0.308903 0.000000 0.951094 1.926727 1.926727 1.926727
1586.248779 0.000000 5433.285156 0.000000 0.924874 0.000000 0.380273 1.926727 1.926727 1.926727
1589.327637 0.000000 5435.076660 0.000000 -0.240665 0.000000 -0.970608 1.926727 1.926727 1.926727
1522.681885 0.000000 5551.163574 0.000000 0.912329 0.000000 -0.409457 2.509956 2.509956 2.509956
1526.012207 0.000000 5553.056641 0.000000 0.628248 0.000000 0.778012 2.509956 2.509956 2.509956
1524.087280 0.000000 5556.930664 0.000000 0.986832 0.000000 -0.161751 2.509956 2.509956 2.509956
1522.423218 0.000000 5553.174316 0.000000 -0.861230 0.000000 0.508214 2.509956 2.509956 2.509956
1524.398071 0.000000 5554.395020 0.000000 -0.904556 0.000000 -0.426354 2.509956 2.509956 2.509956
1525.696167 0.000000 5555.957031 0.000000 -0.966060 0.000000 0.258317 2.509956 2.509956 2.509956
1524.198364 0.000000 5551.531250 0.000000 -0.004978 0.000000 0.999987 2.509956 2.509956 2.509956
1520.548584 0.000000 5552.719238 0.000000 0.827045 0.000000 0.562136 2.509956 2.509956 2.509956
1522.339600 0.000000 5555.985840 0.000000 0.909204 0.000000 0.416349 2.509956 2.509956 2.509956
1554.514282 0.000000 5507.824219 0.000000 -0.550589 0.000000 -0.834777 2.509956 2.509956 2.509956
1570.721436 0.000000 5516.715332 0.000000 -0.669706 0.000000 0.742626 2.509956 2.509956 2.509956
1563.674683 0.000000 5520.122559 0.000000 -0.307629 0.000000 -0.951506 2.509956 2.509956 2.509956
1562.062866 0.000000 5521.288574 0.000000 0.275616 0.000000 0.961267 2.509956 2.509956 2.509956
1562.391235 0.000000 5517.063477 0.000000 -0.146446 0.000000 -0.989219 2.509956 2.509956 2.509956
1566.057983 0.000000 5517.838379 0.000000 0.919979 0.000000 -0.391968 2.509956 2.509956 2.509956
1562.713745 0.000000 5519.297852 0.000000 -0.557549 0.000000 -0.830143 2.509956 2.509956 2.509956
1565.224976 0.000000 5519.755859 0.000000 0.869391 0.000000 -0.494127 2.509956 2.509956 2.509956
1563.782104 0.000000 5517.404785 0.000000 0.994022 0.000000 -0.109184 2.509956 2.509956 2.509956
1560.887817 0.000000 5519.428223 0.000000 -0.832647 0.000000 -0.553804 2.509956 2.509956 2.509956
1476.286743 0.000000 5517.166504 0.000000 0.261949 0.000000 -0.965082 2.965866 2.965866 2.965866
1563.668457 0.000000 5521.846191 0.000000 0.325365 0.000000 0.945588 2.509956 2.509956 2.509956
1564.758301 0.000000 5523.143066 0.000000 -0.143827 0.000000 0.989603 2.509956 2.509956 2.509956
1473.898315 0.000000 5516.361816 0.000000 -0.818788 0.000000 0.574097 2.965866 2.965866 2.965866
1560.329468 0.000000 5517.847168 0.000000 -0.936724 0.000000 0.350067 2.509956 2.509956 2.509956
1560.662598 0.000000 5515.567383 0.000000 0.999908 0.000000 -0.013569 2.509956 2.509956 2.509956
1559.215942 0.000000 5526.909180 0.000000 0.984525 0.000000 -0.175243 2.509956 2.509956 2.509956
1557.883545 0.000000 5527.962891 0.000000 -0.113879 0.000000 -0.993495 2.509956 2.509956 2.509956
1557.831787 0.000000 5523.721680 0.000000 0.997989 0.000000 0.063380 2.509956 2.509956 2.509956
1561.696167 0.000000 5524.342285 0.000000 -0.699010 0.000000 -0.715111 2.509956 2.509956 2.509956
1477.859985 0.000000 5519.643555 0.000000 0.995450 0.000000 0.095279 2.965866 2.965866 2.965866
1480.949585 0.000000 5516.279785 0.000000 0.611096 0.000000 -0.791557 2.965866 2.965866 2.965866
1477.558105 0.000000 5514.265137 0.000000 0.611800 0.000000 -0.791012 2.965866 2.965866 2.965866
1558.315552 0.000000 5525.977539 0.000000 -0.976976 0.000000 0.213348 2.509956 2.509956 2.509956
1560.745361 0.000000 5525.977051 0.000000 -0.729966 0.000000 -0.683484 2.509956 2.509956 2.509956
1479.482178 0.000000 5510.233887 0.000000 -0.880264 0.000000 0.474484 2.965866 2.965866 2.965866
1475.143555 0.000000 5512.312500 0.000000 0.105351 0.000000 0.994435 2.965866 2.965866 2.965866
1559.524414 0.000000 5523.808105 0.000000 0.763615 0.000000 0.645672 2.509956 2.509956 2.509956
1556.838013 0.000000 5526.290527 0.000000 -0.321412 0.000000 0.946940 2.509956 2.509956 2.509956
1559.112305 0.000000 5528.270508 0.000000 0.908173 0.000000 0.418594 2.509956 2.509956 2.509956
1556.120361 0.000000 5524.530273 0.000000 -0.709283 0.000000 0.704923 2.509956 2.509956 2.509956
1478.493286 0.000000 5512.376953 0.000000 -0.860036 0.000000 0.510234 2.965866 2.965866 2.965866
1556.209229 0.000000 5521.968262 0.000000 -0.891253 0.000000 -0.453506 2.509956 2.509956 2.509956
1554.677979 0.000000 5535.279297 0.000000 0.550774 0.000000 -0.834654 2.902580 2.902580 2.902580
1548.579956 0.000000 5524.917480 0.000000 0.689273 0.000000 0.724502 2.456399 2.456399 2.456399
1552.461426 0.000000 5525.714844 0.000000 -0.109829 0.000000 -0.993950 2.456399 2.456399 2.456399
1553.469360 0.000000 5534.126465 0.000000 -0.680117 0.000000 0.733103 2.902580 2.902580 2.902580
1556.616943 0.000000 5534.439453 0.000000 0.338486 0.000000 -0.940972 2.902580 2.902580 2.902580
1559.513428 0.000000 5535.736328 0.000000 -0.593530 0.000000 0.804812 2.965866 2.965866 2.965866
1547.072510 0.000000 5527.337402 0.000000 0.857657 0.000000 0.514223 2.456399 2.456399 2.456399
1545.559448 0.000000 5526.315430 0.000000 -0.821191 0.000000 -0.570654 2.456399 2.456399 2.456399
1546.585327 0.000000 5528.845703 0.000000 -0.204221 0.000000 -0.978925 2.456399 2.456399 2.456399
1543.445312 0.000000 5525.635742 0.000000 0.599403 0.000000 0.800448 2.456399 2.456399 2.456399
1556.332520 0.000000 5518.888184 0.000000 -0.311116 0.000000 -0.950372 2.509956 2.509956 2.509956
1553.739746 0.000000 5516.556152 0.000000 0.951606 0.000000 0.307320 2.509956 2.509956 2.509956
1557.921021 0.000000 5515.671387 0.000000 0.182384 0.000000 0.983228 2.509956 2.509956 2.509956
1558.503906 0.000000 5520.119141 0.000000 -0.991746 0.000000 -0.128216 2.509956 2.509956 2.509956
1554.958008 0.000000 5518.422363 0.000000 0.670137 0.000000 -0.742238 2.509956 2.509956 2.509956
1557.160034 0.000000 5517.971680 0.000000 0.997337 0.000000 0.072929 2.509956 2.509956 2.509956
1559.219727 0.000000 5518.395508 0.000000 0.825811 0.000000 -0.563948 2.509956 2.509956 2.509956
1555.415405 0.000000 5515.977539 0.000000 -0.766837 0.000000 -0.641841 2.509956 2.509956 2.509956
1556.768921 0.000000 5520.451660 0.000000 0.103759 0.000000 -0.994602 2.509956 2.509956 2.509956
1542.638306 0.000000 5519.020508 0.000000 -0.853320 0.000000 0.521387 2.509956 2.509956 2.509956
1541.068970 0.000000 5518.070801 0.000000 -0.762761 0.000000 0.646680 2.509956 2.509956 2.509956
1544.865112 0.000000 5516.340332 0.000000 0.674426 0.000000 0.738343 2.509956 2.509956 2.509956
1542.000610 0.000000 5521.237793 0.000000 0.013045 0.000000 0.999914 2.509956 2.509956 2.509956
1542.864258 0.000000 5517.597656 0.000000 0.989610 0.000000 0.143778 2.509956 2.509956 2.509956
1543.943115 0.000000 5520.069824 0.000000 0.015421 0.000000 0.999881 2.509956 2.509956 2.509956
1543.133911 0.000000 5522.116211 0.000000 0.485960 0.000000 -0.873981 2.456399 2.456399 2.456399
1545.544067 0.000000 5517.893555 0.000000 0.965602 0.000000 0.260023 2.509956 2.509956 2.509956
1542.270264 0.000000 5515.998535 0.000000 -0.744337 0.000000 -0.667804 2.509956 2.509956 2.509956
1541.314941 0.000000 5519.598145 0.000000 0.824103 0.000000 -0.566440 2.509956 2.509956 2.509956
1536.505005 0.000000 5518.009277 0.000000 0.373394 0.000000 -0.927673 2.509956 2.509956 2.509956
1534.929321 0.000000 5516.855469 0.000000 -0.640354 0.000000 0.768080 2.509956 2.509956 2.509956
1538.716919 0.000000 5515.155762 0.000000 -0.174253 0.000000 -0.984701 2.509956 2.509956 2.509956
1539.317139 0.000000 5519.161621 0.000000 -0.983020 0.000000 0.183499 2.509956 2.509956 2.509956
1536.841187 0.000000 5516.602051 0.000000 0.883432 0.000000 -0.468558 2.509956 2.509956 2.509956
1537.510498 0.000000 5518.968750 0.000000 0.153193 0.000000 0.988196 2.509956 2.509956 2.509956
1539.236572 0.000000 5517.192871 0.000000 0.905188 0.000000 -0.425012 2.509956 2.509956 2.509956
1535.948120 0.000000 5515.124512 0.000000 0.409127 0.000000 0.912478 2.509956 2.509956 2.509956
1525.861450 0.000000 5499.103516 0.000000 0.181222 0.000000 -0.983442 2.509956 2.509956 2.509956
1524.179932 0.000000 5497.933594 0.000000 -0.999821 0.000000 -0.018886 2.509956 2.509956 2.509956
1527.936523 0.000000 5496.486328 0.000000 0.871794 0.000000 0.489872 2.509956 2.509956 2.509956
1534.719360 0.000000 5518.457520 0.000000 -0.995231 0.000000 -0.097541 2.509956 2.509956 2.509956
1532.637329 0.000000 5511.754395 0.000000 -0.790957 0.000000 -0.611872 2.509956 2.509956 2.509956
1526.129761 0.000000 5497.583008 0.000000 -0.268577 0.000000 -0.963258 2.509956 2.509956 2.509956
1531.430054 0.000000 5510.571289 0.000000 0.199505 0.000000 -0.979897 2.509956 2.509956 2.509956
1535.097412 0.000000 5509.114258 0.000000 -0.795578 0.000000 -0.605853 2.509956 2.509956 2.509956
1528.782715 0.000000 5498.153809 0.000000 0.182818 0.000000 -0.983147 2.509956 2.509956 2.509956
1525.312866 0.000000 5496.293945 0.000000 -0.999789 0.000000 0.020568 2.509956 2.509956 2.509956
1524.044434 0.000000 5499.310059 0.000000 -0.867594 0.000000 -0.497274 2.509956 2.509956 2.509956
1520.270264 0.000000 5500.423340 0.000000 0.467706 0.000000 -0.883884 2.509956 2.509956 2.509956
1520.485107 0.000000 5498.705078 0.000000 0.994373 0.000000 0.105938 2.509956 2.509956 2.509956
1535.879272 0.000000 5513.034180 0.000000 0.984790 0.000000 0.173745 2.509956 2.509956 2.509956
1532.006714 0.000000 5514.339355 0.000000 0.814056 0.000000 -0.580785 2.509956 2.509956 2.509956
1517.603638 0.000000 5500.425781 0.000000 -0.906146 0.000000 0.422963 2.509956 2.509956 2.509956
1521.341675 0.000000 5500.295410 0.000000 -0.741830 0.000000 -0.670588 2.509956 2.509956 2.509956
1519.462646 0.000000 5501.851562 0.000000 0.991471 0.000000 -0.130329 2.509956 2.509956 2.509956
1517.323120 0.000000 5502.145508 0.000000 -0.831769 0.000000 -0.555122 2.509956 2.509956 2.509956
1532.999268 0.000000 5510.352539 0.000000 0.906084 0.000000 0.423098 2.509956 2.509956 2.509956
1522.608643 0.000000 5499.069336 0.000000 -0.993542 0.000000 0.113469 2.509956 2.509956 2.509956
1519.030273 0.000000 5499.051758 0.000000 -0.962169 0.000000 0.272454 2.509956 2.509956 2.509956
1518.179321 0.000000 5497.890625 0.000000 -0.240879 0.000000 0.970555 2.509956 2.509956 2.509956
1477.160645 0.000000 5493.916992 0.000000 -0.969945 0.000000 0.243323 2.509956 2.509956 2.509956
1516.692261 0.000000 5499.319336 0.000000 -0.881010 0.000000 0.473097 2.509956 2.509956 2.509956
1477.786133 0.000000 5491.806641 0.000000 -0.861477 0.000000 0.507795 2.509956 2.509956 2.509956
1498.950439 0.000000 5449.699219 0.000000 0.163970 0.000000 -0.986465 2.509956 2.509956 2.509956
1534.006836 0.000000 5512.818359 0.000000 -0.840809 0.000000 0.541332 2.509956 2.509956 2.509956
1499.236816 0.000000 5447.932129 0.000000 0.315467 0.000000 -0.948937 2.509956 2.509956 2.509956
1501.824463 0.000000 5451.121094 0.000000 -0.319323 0.000000 -0.947646 2.509956 2.509956 2.509956
1498.719849 0.000000 5453.218750 0.000000 0.665698 0.000000 0.746221 2.509956 2.509956 2.509956
1533.843384 0.000000 5514.780273 0.000000 0.010255 0.000000 0.999948 2.509956 2.509956 2.509956
1496.368774 0.000000 5449.697754 0.000000 0.713154 0.000000 0.701008 2.509956 2.509956 2.509956
1500.299683 0.000000 5449.770996 0.000000 0.154937 0.000000 0.987924 2.509956 2.509956 2.509956
1498.108765 0.000000 5451.091309 0.000000 0.996427 0.000000 -0.084456 2.509956 2.509956 2.509956
1496.118164 0.000000 5451.636719 0.000000 0.008068 0.000000 -0.999967 2.509956 2.509956 2.509956
1517.316895 0.000000 5521.987305 0.000000 -0.889435 0.000000 -0.457059 2.509956 2.509956 2.509956
1516.526978 0.000000 5517.850098 0.000000 -0.768361 0.000000 0.640016 2.509956 2.509956 2.509956
1501.381226 0.000000 5448.560059 0.000000 0.017345 0.000000 -0.999850 2.509956 2.509956 2.509956
1517.652954 0.000000 5519.743652 0.000000 -0.281670 0.000000 -0.959512 2.509956 2.509956 2.509956
1515.579468 0.000000 5519.463379 0.000000 0.395391 0.000000 0.918513 2.509956 2.509956 2.509956
1519.466919 0.000000 5521.696289 0.000000 -0.200388 0.000000 0.979717 2.509956 2.509956 2.509956
1497.972290 0.000000 5448.590332 0.000000 0.212821 0.000000 0.977091 2.509956 2.509956 2.509956
1503.521240 0.000000 5444.895996 0.000000 0.932011 0.000000 -0.362431 2.509956 2.509956 2.509956
1504.161011 0.000000 5442.892090 0.000000 0.768058 0.000000 -0.640380 2.509956 2.509956 2.509956
1506.700806 0.000000 5446.062988 0.000000 -0.877510 0.000000 -0.479559 2.509956 2.509956 2.509956
1503.249878 0.000000 5448.329590 0.000000 0.998533 0.000000 -0.054149 2.509956 2.509956 2.509956
1500.994019 0.000000 5444.647949 0.000000 -0.440475 0.000000 -0.897764 2.509956 2.509956 2.509956
1504.978882 0.000000 5444.867676 0.000000 0.765772 0.000000 -0.643113 2.509956 2.509956 2.509956
1502.831421 0.000000 5446.293945 0.000000 0.729676 0.000000 -0.683794 2.509956 2.509956 2.509956
1535.585938 0.000000 5510.960449 0.000000 -0.994794 0.000000 0.101912 2.509956 2.509956 2.509956
1510.584351 0.000000 5513.598633 0.000000 -0.900327 0.000000 -0.435215 2.509956 2.509956 2.509956
1511.697754 0.000000 5512.006836 0.000000 0.170610 0.000000 0.985339 2.509956 2.509956 2.509956
1513.023804 0.000000 5516.104980 0.000000 -0.901150 0.000000 0.433508 2.509956 2.509956 2.509956
1532.468018 0.000000 5509.070801 0.000000 -0.354305 0.000000 0.935130 2.509956 2.509956 2.509956
1508.984009 0.000000 5516.820801 0.000000 0.355786 0.000000 0.934567 2.509956 2.509956 2.509956
1508.061646 0.000000 5512.705566 0.000000 -0.852236 0.000000 -0.523158 2.509956 2.509956 2.509956
1511.890625 0.000000 5514.219238 0.000000 0.605223 0.000000 -0.796055 2.509956 2.509956 2.509956
1509.322754 0.000000 5514.814941 0.000000 0.980135 0.000000 0.198332 2.509956 2.509956 2.509956
1531.277588 0.000000 5512.122559 0.000000 0.746342 0.000000 0.665563 2.509956 2.509956 2.509956
1507.345337 0.000000 5514.338867 0.000000 -0.911098 0.000000 -0.412190 2.509956 2.509956 2.509956
1511.333740 0.000000 5516.603027 0.000000 -0.409965 0.000000 -0.912102 2.509956 2.509956 2.509956
1513.427734 0.000000 5513.308105 0.000000 0.063600 0.000000 0.997975 2.509956 2.509956 2.509956
1510.051514 0.000000 5512.119141 0.000000 -0.370235 0.000000 -0.928939 2.509956 2.509956 2.509956
1501.060791 0.000000 5446.653320 0.000000 -0.131039 0.000000 0.991377 2.509956 2.509956 2.509956
1505.304199 0.000000 5447.161621 0.000000 0.358101 -0.000000 -0.933683 2.509956 2.509956 2.509956
1505.991333 0.000000 5443.475586 -0.000000 0.548519 0.000000 0.836138 2.509956 2.509956 2.509956
1527.502563 0.000000 5511.382812 0.000000 -0.968890 0.000000 -0.247492 2.509956 2.509956 2.509956
1530.338623 0.000000 5514.502441 0.000000 -0.064088 0.000000 0.997944 2.509956 2.509956 2.509956
1502.733765 0.000000 5443.500977 0.000000 -0.444563 0.000000 0.895748 2.509956 2.509956 2.509956
1492.436768 0.000000 5449.355957 0.000000 -0.815274 0.000000 0.579076 2.509956 2.509956 2.509956
1507.856812 0.000000 5444.360840 0.000000 0.240129 0.000000 0.970741 2.509956 2.509956 2.509956
1529.544067 0.000000 5511.686523 0.000000 0.641075 0.000000 0.767479 2.509956 2.509956 2.509956
1509.024292 0.000000 5446.498535 0.000000 0.590123 0.000000 -0.807314 2.509956 2.509956 2.509956
1491.139771 0.000000 5450.492676 0.000000 -0.929664 0.000000 -0.368408 2.509956 2.509956 2.509956
1522.709473 0.000000 5507.584961 0.000000 0.274191 0.000000 -0.961675 2.509956 2.509956 2.509956
1497.114990 0.000000 5444.631348 0.000000 0.875904 0.000000 -0.482487 2.509956 2.509956 2.509956
1493.867432 0.000000 5446.664551 -0.000000 0.688405 0.000000 0.725327 2.509956 2.509956 2.509956
1493.265991 0.000000 5444.656250 0.000000 0.766483 0.000000 0.642265 2.509956 2.509956 2.509956
1495.806274 0.000000 5445.511230 0.000000 0.449245 0.000000 0.893409 2.509956 2.509956 2.509956
1524.384399 0.000000 5508.001465 0.000000 0.993759 0.000000 0.111555 2.509956 2.509956 2.509956
1499.346313 0.000000 5444.854492 0.000000 0.361696 0.000000 0.932296 2.509956 2.509956 2.509956
1501.824829 0.000000 5430.156738 0.000000 -0.438379 0.000000 0.898790 2.509956 2.509956 2.509956
1500.465210 0.000000 5439.290527 0.000000 0.782028 0.000000 -0.623244 2.509956 2.509956 2.509956
1503.879395 0.000000 5439.530762 0.000000 0.044128 0.000000 0.999026 2.509956 2.509956 2.509956
1501.397949 0.000000 5442.759277 0.000000 -0.857746 0.000000 0.514074 2.509956 2.509956 2.509956
1501.946289 0.000000 5438.890137 0.000000 0.929451 0.000000 0.368947 2.509956 2.509956 2.509956
1500.404907 0.000000 5440.735840 0.000000 0.279740 0.000000 0.960075 2.509956 2.509956 2.509956
1502.976685 0.000000 5440.979004 0.000000 0.333845 0.000000 -0.942628 2.509956 2.509956 2.509956
1510.837158 0.000000 5430.433594 0.000000 -0.786421 0.000000 -0.617692 2.509956 2.509956 2.509956
1512.669067 0.000000 5430.099121 0.000000 -0.872228 0.000000 -0.489098 2.509956 2.509956 2.509956
1510.729980 0.000000 5433.773926 0.000000 -0.456531 0.000000 0.889707 2.509956 2.509956 2.509956
1511.449219 0.000000 5431.657715 0.000000 0.210649 0.000000 0.977562 2.509956 2.509956 2.509956
1509.131592 0.000000 5430.297363 0.000000 -0.931625 0.000000 0.363422 2.509956 2.509956 2.509956
1509.209961 0.000000 5433.167480 0.000000 0.093335 0.000000 0.995635 2.509956 2.509956 2.509956
1512.907837 0.000000 5432.356934 0.000000 0.366029 0.000000 -0.930604 2.509956 2.509956 2.509956
1511.469238 0.000000 5429.122559 0.000000 0.818443 0.000000 0.574587 2.509956 2.509956 2.509956
1516.169678 0.000000 5427.052246 0.000000 0.999658 0.000000 0.026145 2.509956 2.509956 2.509956
1518.123047 0.000000 5426.965332 0.000000 -0.943273 0.000000 -0.332018 2.509956 2.509956 2.509956
1516.262817 0.000000 5430.587402 0.000000 0.861965 0.000000 -0.506968 2.509956 2.509956 2.509956
1513.179077 0.000000 5428.181152 0.000000 -0.515047 0.000000 -0.857162 2.509956 2.509956 2.509956
1516.792603 0.000000 5428.479004 0.000000 0.747423 0.000000 0.664348 2.509956 2.509956 2.509956
1514.686401 0.000000 5426.914551 0.000000 -0.872590 0.000000 0.488453 2.509956 2.509956 2.509956
1514.584351 0.000000 5429.604492 0.000000 0.714208 0.000000 0.699933 2.509956 2.509956 2.509956
1518.322510 0.000000 5428.811035 0.000000 -0.712309 0.000000 0.701867 2.509956 2.509956 2.509956
1517.056274 0.000000 5425.686035 0.000000 -0.255941 -0.000000 -0.966692 2.509956 2.509956 2.509956
1522.966309 0.000000 5429.281738 0.000000 0.297342 0.000000 -0.954771 2.509956 2.509956 2.509956
1524.850952 0.000000 5429.324219 0.000000 0.987909 0.000000 -0.155036 2.509956 2.509956 2.509956
1522.832520 0.000000 5432.890137 0.000000 0.290089 0.000000 -0.957000 2.509956 2.509956 2.509956
1543.800781 0.000000 5425.682617 0.000000 0.108069 0.000000 0.994143 2.333965 2.333965 2.333965
1543.743042 0.000000 5429.858398 0.000000 0.938647 0.000000 0.344880 2.333965 2.333965 2.333965
1542.991455 0.000000 5427.850098 0.000000 -0.796543 0.000000 -0.604583 2.333965 2.333965 2.333965
1545.026978 0.000000 5428.257812 0.000000 -0.315541 0.000000 -0.948912 2.333965 2.333965 2.333965
1541.872925 0.000000 5425.870117 0.000000 -0.999888 0.000000 0.014946 2.333965 2.333965 2.333965
1535.347534 0.000000 5477.682129 0.000000 -0.016443 0.000000 -0.999865 2.509956 2.509956 2.509956
1531.313843 0.000000 5479.436523 0.000000 0.857379 0.000000 0.514685 2.509956 2.509956 2.509956
1532.943115 0.000000 5477.857910 0.000000 -0.864850 0.000000 -0.502031 2.509956 2.509956 2.509956
1548.458740 0.000000 5434.663086 0.000000 0.288445 0.000000 0.957496 2.333965 2.333965 2.333965
1547.453247 0.000000 5435.897949 0.000000 0.790435 0.000000 -0.612545 2.333965 2.333965 2.333965
1546.837280 0.000000 5431.992676 0.000000 0.452105 0.000000 0.891964 2.333965 2.333965 2.333965
1550.536011 0.000000 5431.956543 0.000000 0.137243 0.000000 -0.990537 2.333965 2.333965 2.333965
1550.691895 0.000000 5435.938965 0.000000 0.470252 0.000000 0.882532 2.333965 2.333965 2.333965
1547.588257 0.000000 5433.844238 0.000000 -0.997933 0.000000 0.064256 2.333965 2.333965 2.333965
1549.875244 0.000000 5433.829590 0.000000 0.671141 0.000000 -0.741330 2.333965 2.333965 2.333965
1533.339600 0.000000 5480.016113 0.000000 -0.298860 0.000000 0.954297 2.509956 2.509956 2.509956
1551.520996 0.000000 5434.510254 0.000000 0.999587 0.000000 0.028729 2.333965 2.333965 2.333965
1548.241577 0.000000 5431.692383 0.000000 -0.914898 0.000000 -0.403685 2.333965 2.333965 2.333965
1545.971802 0.000000 5434.232422 0.000000 0.035166 0.000000 0.999381 2.333965 2.333965 2.333965
1548.976685 0.000000 5436.066406 0.000000 0.615779 0.000000 -0.787919 2.333965 2.333965 2.333965
1534.468750 0.000000 5475.844727 0.000000 -0.970890 0.000000 0.239525 2.509956 2.509956 2.509956
1519.712646 0.000000 5430.535645 0.000000 0.180884 0.000000 0.983504 2.509956 2.509956 2.509956
1521.952515 0.000000 5427.008301 0.000000 0.828380 0.000000 0.560166 2.509956 2.509956 2.509956
1523.613281 0.000000 5430.629395 0.000000 -0.080259 0.000000 0.996774 2.509956 2.509956 2.509956
1528.478394 0.000000 5486.133789 0.000000 -0.902663 0.000000 -0.430348 2.509956 2.509956 2.509956
1526.902710 0.000000 5485.569824 0.000000 0.669700 0.000000 -0.742631 2.509956 2.509956 2.509956
1530.438354 0.000000 5483.410645 0.000000 -0.927258 0.000000 0.374423 2.509956 2.509956 2.509956
1532.028809 0.000000 5486.975586 0.000000 0.907209 0.000000 0.420678 2.509956 2.509956 2.509956
1528.189331 0.000000 5488.900879 0.000000 -0.998052 0.000000 0.062389 2.509956 2.509956 2.509956
1529.034790 0.000000 5484.882324 0.000000 -0.417463 0.000000 0.908693 2.509956 2.509956 2.509956
1529.955200 0.000000 5487.076172 0.000000 -0.826674 0.000000 -0.562681 2.509956 2.509956 2.509956
1530.055786 0.000000 5489.061035 0.000000 0.432347 0.000000 0.901707 2.509956 2.509956 2.509956
1531.416870 0.000000 5484.665527 0.000000 0.430656 0.000000 0.902516 2.509956 2.509956 2.509956
1527.832153 0.000000 5483.463379 0.000000 -0.059257 0.000000 0.998243 2.509956 2.509956 2.509956
1527.354614 0.000000 5487.145020 0.000000 0.736635 0.000000 -0.676290 2.509956 2.509956 2.509956
1521.426880 0.000000 5429.475098 0.000000 -0.800745 0.000000 -0.599006 2.509956 2.509956 2.509956
1520.232056 0.000000 5427.692383 0.000000 -0.933490 0.000000 0.358605 2.509956 2.509956 2.509956
1521.346924 0.000000 5431.940918 0.000000 -0.442699 0.000000 -0.896670 2.509956 2.509956 2.509956
1525.068481 0.000000 5431.168457 0.000000 -0.999984 0.000000 -0.005654 2.509956 2.509956 2.509956
1523.757446 0.000000 5428.098145 0.000000 -0.363229 0.000000 0.931700 2.509956 2.509956 2.509956
1527.117188 0.000000 5426.292969 0.000000 -0.106226 0.000000 -0.994342 2.509956 2.509956 2.509956
1523.079956 0.000000 5425.616699 0.000000 -0.957559 0.000000 0.288237 2.509956 2.509956 2.509956
1525.368042 0.000000 5427.263184 -0.000000 -0.495475 0.000000 0.868623 2.509956 2.509956 2.509956
1491.868530 0.000000 5480.799805 0.000000 0.565991 0.000000 0.824411 2.965866 2.965866 2.965866
1495.657593 0.000000 5482.481445 0.000000 0.921833 0.000000 -0.387586 2.965866 2.965866 2.965866
1491.865356 0.000000 5484.913574 0.000000 0.795231 0.000000 -0.606307 2.965866 2.965866 2.965866
1494.480225 0.000000 5481.975098 0.000000 0.222163 0.000000 -0.975009 2.509956 2.509956 2.509956
1493.626099 0.000000 5480.581543 0.000000 0.999904 0.000000 0.013832 2.965866 2.965866 2.965866
1491.393799 0.000000 5482.446777 0.000000 0.394081 0.000000 -0.919076 2.965866 2.965866 2.965866
1535.913208 0.000000 5535.502930 0.000000 -0.912384 0.000000 -0.409333 2.509956 2.509956 2.509956
1538.029175 0.000000 5535.359375 0.000000 0.822911 0.000000 -0.568170 2.509956 2.509956 2.509956
1536.018433 0.000000 5538.822266 0.000000 0.205514 0.000000 -0.978654 2.509956 2.509956 2.509956
1532.708252 0.000000 5536.739258 0.000000 0.873901 0.000000 -0.486105 2.509956 2.509956 2.509956
1535.108154 0.000000 5533.250000 0.000000 -0.286026 0.000000 0.958221 2.509956 2.509956 2.509956
1536.730103 0.000000 5536.714355 0.000000 0.386338 0.000000 -0.922358 2.509956 2.509956 2.509956
1534.429565 0.000000 5535.482910 0.000000 0.877915 0.000000 0.478819 2.509956 2.509956 2.509956
1527.478760 0.000000 5410.333984 0.000000 0.928321 0.000000 -0.371778 2.509956 2.509956 2.509956
1529.207275 0.000000 5408.998047 0.000000 -0.523121 0.000000 0.852258 2.509956 2.509956 2.509956
1543.360107 0.000000 5456.735840 0.000000 0.931252 0.000000 -0.364374 2.509956 2.509956 2.509956
1545.106689 0.000000 5452.888184 0.000000 -0.183085 0.000000 0.983097 2.509956 2.509956 2.509956
1544.907471 0.000000 5455.150879 0.000000 0.168619 0.000000 -0.985682 2.509956 2.509956 2.509956
1543.407959 0.000000 5453.702637 0.000000 -0.998595 0.000000 0.052995 2.509956 2.509956 2.509956
1545.194214 0.000000 5457.772949 0.000000 -0.563316 0.000000 -0.826242 2.509956 2.509956 2.509956
1542.874512 0.000000 5445.988770 0.000000 0.088246 0.000000 -0.996099 2.509956 2.509956 2.509956
1544.656616 0.000000 5445.387207 0.000000 0.929667 0.000000 0.368401 2.509956 2.509956 2.509956
1543.325684 0.000000 5449.406738 0.000000 -0.674503 0.000000 -0.738272 2.509956 2.509956 2.509956
1539.639160 0.000000 5447.677246 0.000000 -0.077598 0.000000 0.996984 2.509956 2.509956 2.509956
1541.362671 0.000000 5443.786621 0.000000 -0.406799 0.000000 -0.913518 2.509956 2.509956 2.509956
1543.493408 0.000000 5447.232910 0.000000 -0.997253 0.000000 -0.074067 2.509956 2.509956 2.509956
1541.136719 0.000000 5446.207520 0.000000 0.238779 0.000000 -0.971074 2.509956 2.509956 2.509956
1539.822998 0.000000 5444.673340 0.000000 -0.694112 0.000000 0.719867 2.509956 2.509956 2.509956
1541.669067 0.000000 5448.888184 0.000000 -0.695460 0.000000 0.718565 2.509956 2.509956 2.509956
1545.278564 0.000000 5447.454102 0.000000 -0.956152 0.000000 0.292869 2.509956 2.509956 2.509956
1543.276245 0.000000 5444.511230 0.000000 0.890859 0.000000 0.454281 2.509956 2.509956 2.509956
2074.708496 0.000000 2482.029541 0.000000 -0.546013 0.000000 -0.837777 2.509956 2.509956 2.509956
2076.586670 0.000000 2481.556152 0.000000 -0.046354 0.000000 -0.998925 2.509956 2.509956 2.509956
2075.152344 0.000000 2485.559570 0.000000 0.685825 0.000000 -0.727766 2.509956 2.509956 2.509956
2071.523926 0.000000 2483.753174 0.000000 0.999441 0.000000 0.033426 2.509956 2.509956 2.509956
2073.257324 0.000000 2479.929443 0.000000 0.994207 0.000000 -0.107484 2.509956 2.509956 2.509956
2075.375732 0.000000 2483.236328 0.000000 -0.949123 0.000000 -0.314906 2.509956 2.509956 2.509956
2073.111816 0.000000 2482.423828 -0.000000 -0.741324 0.000000 0.671147 2.509956 2.509956 2.509956
2071.696533 0.000000 2480.957764 0.000000 0.787090 0.000000 -0.616837 2.509956 2.509956 2.509956
2073.460938 0.000000 2484.999512 -0.000000 -0.897734 0.000000 0.440538 2.509956 2.509956 2.509956
2114.575195 0.000000 2479.831787 0.000000 -0.286683 0.000000 -0.958025 2.509956 2.509956 2.509956
2077.007568 0.000000 2483.630127 0.000000 0.981290 0.000000 -0.192533 2.509956 2.509956 2.509956
2110.081787 0.000000 2480.837891 0.000000 0.998492 0.000000 -0.054889 2.509956 2.509956 2.509956
1494.526611 0.000000 5483.944824 0.000000 0.760410 0.000000 0.649444 2.509956 2.509956 2.509956
1494.167725 0.000000 5483.520508 0.000000 -0.719922 0.000000 -0.694054 2.965866 2.965866 2.965866
1499.490967 0.000000 5480.928711 0.000000 -0.962212 0.000000 -0.272299 2.509956 2.509956 2.509956
2108.398926 0.000000 2481.671875 0.000000 0.996439 0.000000 0.084317 2.509956 2.509956 2.509956
2109.129150 0.000000 2477.777832 -0.000000 -0.768317 0.000000 0.640070 2.509956 2.509956 2.509956
2113.119385 0.000000 2478.570801 0.000000 -0.097698 0.000000 -0.995216 2.509956 2.509956 2.509956
2111.847412 0.000000 2482.623535 0.000000 0.950840 0.000000 0.309683 2.509956 2.509956 2.509956
1501.422241 0.000000 5480.426270 0.000000 0.354576 0.000000 -0.935027 2.509956 2.509956 2.509956
2109.114990 0.000000 2479.887451 0.000000 0.979054 0.000000 -0.203601 2.509956 2.509956 2.509956
2111.682129 0.000000 2480.453613 0.000000 0.839068 0.000000 -0.544027 2.509956 2.509956 2.509956
2113.485840 0.000000 2481.300781 0.000000 -0.509662 0.000000 -0.860375 2.509956 2.509956 2.509956
2110.958252 0.000000 2477.679688 0.000000 -0.453184 0.000000 -0.891417 2.509956 2.509956 2.509956
2107.595215 0.000000 2479.650146 0.000000 0.720090 0.000000 0.693880 2.509956 2.509956 2.509956
2110.095703 0.000000 2482.459473 0.000000 0.469093 0.000000 -0.883148 2.509956 2.509956 2.509956
2075.181641 0.000000 2480.610107 0.000000 -0.854370 0.000000 -0.519666 2.509956 2.509956 2.509956
2081.442627 0.000000 2483.535400 -0.000000 -0.042091 0.000000 0.999114 2.509956 2.509956 2.509956
2083.260010 0.000000 2483.017822 -0.000000 -0.180443 0.000000 0.983585 2.509956 2.509956 2.509956
2107.157959 0.000000 2477.769287 0.000000 0.630112 0.000000 0.776504 2.509956 2.509956 2.509956
2081.842773 0.000000 2486.810303 0.000000 -0.562634 0.000000 -0.826706 2.509956 2.509956 2.509956
2078.199463 0.000000 2485.180908 0.000000 1.000000 0.000000 -0.000834 2.509956 2.509956 2.509956
2080.082031 0.000000 2481.385986 -0.000000 -0.400333 0.000000 0.916370 2.509956 2.509956 2.509956
2082.209961 0.000000 2484.680664 0.000000 0.107804 0.000000 0.994172 2.509956 2.509956 2.509956
2079.834961 0.000000 2483.682617 0.000000 0.460190 0.000000 0.887821 2.509956 2.509956 2.509956
2107.724121 0.000000 2475.937988 -0.000000 -0.776970 0.000000 0.629538 2.509956 2.509956 2.509956
2078.334961 0.000000 2482.364502 0.000000 0.905698 0.000000 -0.423922 2.509956 2.509956 2.509956
2080.124756 0.000000 2486.412598 0.000000 0.931124 0.000000 -0.364703 2.509956 2.509956 2.509956
2083.754150 0.000000 2485.100830 -0.000000 -0.760371 0.000000 0.649489 2.509956 2.509956 2.509956
1480.197754 0.000000 5485.400391 0.000000 0.654244 0.000000 -0.756284 2.509956 2.509956 2.509956
2081.863037 0.000000 2482.029053 0.000000 0.833555 0.000000 0.552436 2.509956 2.509956 2.509956
1483.424194 0.000000 5486.664551 0.000000 0.362494 0.000000 0.931986 2.509956 2.509956 2.509956
1480.027832 0.000000 5488.757812 0.000000 -0.079682 0.000000 0.996820 2.509956 2.509956 2.509956
1477.680420 0.000000 5485.508301 0.000000 0.970186 0.000000 0.242362 2.509956 2.509956 2.509956
1481.879395 0.000000 5485.455566 0.000000 -0.789728 0.000000 0.613456 2.509956 2.509956 2.509956
1479.623047 0.000000 5486.840820 0.000000 0.875445 0.000000 0.483319 2.509956 2.509956 2.509956
1477.714111 0.000000 5487.219727 0.000000 0.483314 0.000000 0.875447 2.509956 2.509956 2.509956
1482.076172 0.000000 5488.012695 0.000000 -0.351920 0.000000 0.936029 2.509956 2.509956 2.509956
1533.316895 0.000000 5534.081543 0.000000 -0.968415 0.000000 0.249345 2.509956 2.509956 2.509956
1534.560303 0.000000 5538.067383 0.000000 0.294336 0.000000 -0.955701 2.509956 2.509956 2.509956
1538.128540 0.000000 5537.381836 0.000000 0.867627 0.000000 -0.497216 2.509956 2.509956 2.509956
1536.648193 0.000000 5534.313965 0.000000 0.757786 0.000000 0.652503 2.509956 2.509956 2.509956
1542.420410 0.000000 5537.975586 0.000000 0.758297 0.000000 0.651909 2.509956 2.509956 2.509956
1544.376221 0.000000 5537.697754 0.000000 0.992249 0.000000 0.124267 2.509956 2.509956 2.509956
1542.477051 0.000000 5541.367676 0.000000 0.650879 0.000000 -0.759181 2.509956 2.509956 2.509956
1539.331665 0.000000 5539.007812 0.000000 -0.414781 0.000000 0.909922 2.509956 2.509956 2.509956
1541.328735 0.000000 5535.484863 0.000000 -0.183933 0.000000 0.982939 2.509956 2.509956 2.509956
1543.199219 0.000000 5539.104004 0.000000 -0.852602 0.000000 0.522561 2.509956 2.509956 2.509956
1540.967285 0.000000 5537.764160 0.000000 -0.494986 0.000000 0.868900 2.509956 2.509956 2.509956
1539.782349 0.000000 5536.228027 0.000000 -0.183340 0.000000 -0.983050 2.509956 2.509956 2.509956
1540.893433 0.000000 5540.410156 0.000000 -0.967985 0.000000 -0.251010 2.509956 2.509956 2.509956
1544.573975 0.000000 5539.547363 0.000000 -0.863948 0.000000 -0.503581 2.509956 2.509956 2.509956
1543.266724 0.000000 5536.510742 0.000000 -0.930107 0.000000 -0.367290 2.509956 2.509956 2.509956
1544.360840 0.000000 5541.535156 0.000000 -0.876542 0.000000 -0.481324 2.509956 2.509956 2.509956
2083.841309 0.000000 2487.036621 0.000000 -0.833890 0.000000 0.551930 2.509956 2.509956 2.509956
1544.304932 0.000000 5557.942383 0.000000 -0.801013 0.000000 -0.598647 2.509956 2.509956 2.509956
1543.199097 0.000000 5543.344727 0.000000 -0.856355 0.000000 -0.516387 2.509956 2.509956 2.509956
2085.693848 0.000000 2503.168945 0.000000 0.964690 0.000000 0.263389 2.509956 2.509956 2.509956
1526.272949 0.000000 5521.477051 0.000000 0.528605 0.000000 0.848868 2.509956 2.509956 2.509956
1528.162720 0.000000 5521.437988 0.000000 0.996814 0.000000 -0.079756 2.509956 2.509956 2.509956
1526.491821 0.000000 5524.959961 0.000000 -0.008821 0.000000 -0.999961 2.509956 2.509956 2.509956
1523.110229 0.000000 5522.732910 0.000000 -0.903766 0.000000 -0.428026 2.509956 2.509956 2.509956
1525.199341 0.000000 5519.208984 0.000000 -0.216810 0.000000 -0.976213 2.509956 2.509956 2.509956
1527.038818 0.000000 5522.946777 0.000000 -0.315717 0.000000 0.948853 2.509956 2.509956 2.509956
1524.742432 0.000000 5521.467285 0.000000 0.176590 0.000000 0.984285 2.509956 2.509956 2.509956
1523.715942 0.000000 5519.980957 0.000000 0.266438 0.000000 -0.963852 2.509956 2.509956 2.509956
1524.747314 0.000000 5524.207031 0.000000 0.528405 0.000000 -0.848992 2.509956 2.509956 2.509956
1528.408569 0.000000 5523.456055 0.000000 -0.886361 0.000000 -0.462996 2.509956 2.509956 2.509956
1527.222046 0.000000 5520.294434 0.000000 -0.940161 0.000000 0.340728 2.509956 2.509956 2.509956
2082.864258 0.000000 2488.885742 0.000000 -0.551314 0.000000 -0.834298 2.509956 2.509956 2.509956
2063.209229 0.000000 2469.630615 0.000000 0.858450 0.000000 -0.512897 2.509956 2.509956 2.509956
2065.066162 0.000000 2469.095703 -0.000000 -0.734143 0.000000 0.678995 2.509956 2.509956 2.509956
2063.704346 0.000000 2472.822021 0.000000 -0.690711 0.000000 -0.723131 2.509956 2.509956 2.509956
2060.256348 0.000000 2471.150146 0.000000 0.196206 0.000000 0.980563 2.509956 2.509956 2.509956
2061.943604 0.000000 2467.260986 0.000000 0.515543 0.000000 0.856863 2.509956 2.509956 2.509956
2064.077637 0.000000 2470.658447 0.000000 0.352779 0.000000 0.935706 2.509956 2.509956 2.509956
2061.601074 0.000000 2469.811279 0.000000 0.982388 0.000000 -0.186852 2.509956 2.509956 2.509956
1484.492432 0.000000 5485.012695 0.000000 -0.233097 0.000000 -0.972453 2.509956 2.509956 2.509956
2060.190430 0.000000 2468.323486 -0.000000 -0.998705 0.000000 0.050881 2.509956 2.509956 2.509956
2062.145020 0.000000 2472.416748 0.000000 0.355935 0.000000 -0.934511 2.509956 2.509956 2.509956
2065.580322 0.000000 2470.977539 0.000000 -0.940654 0.000000 -0.339368 2.509956 2.509956 2.509956
2063.880859 0.000000 2468.110596 0.000000 -0.029914 0.000000 -0.999552 2.509956 2.509956 2.509956
2065.677246 0.000000 2472.938965 0.000000 -0.978251 0.000000 -0.207423 2.509956 2.509956 2.509956
1485.760620 0.000000 5486.959961 0.000000 -0.658519 0.000000 -0.752564 2.509956 2.509956 2.509956
2064.675293 0.000000 2474.912842 0.000000 -0.871751 0.000000 -0.489950 2.509956 2.509956 2.509956
1487.845947 0.000000 5491.925781 0.000000 -0.350843 0.000000 -0.936435 2.509956 2.509956 2.509956
1489.642456 0.000000 5491.850586 0.000000 -0.765111 0.000000 -0.643898 2.509956 2.509956 2.509956
1486.755615 0.000000 5489.660645 0.000000 0.161025 0.000000 -0.986950 2.509956 2.509956 2.509956
1488.280029 0.000000 5493.175293 0.000000 -0.607522 0.000000 -0.794303 2.509956 2.509956 2.509956
1486.098389 0.000000 5491.982422 0.000000 0.262402 0.000000 0.964960 2.509956 2.509956 2.509956
1484.964355 0.000000 5490.608398 0.000000 -0.963231 0.000000 0.268677 2.509956 2.509956 2.509956
2061.411865 0.000000 2479.321289 -0.000000 -0.730820 0.000000 0.682570 2.509956 2.509956 2.509956
1489.734253 0.000000 5493.860840 0.000000 0.760105 0.000000 0.649800 2.509956 2.509956 2.509956
1488.357544 0.000000 5490.788086 0.000000 0.987835 0.000000 -0.155509 2.509956 2.509956 2.509956
1493.770020 0.000000 5489.457520 0.000000 -0.886692 0.000000 -0.462360 2.456399 2.456399 2.456399
1495.624146 0.000000 5488.992188 0.000000 0.676818 0.000000 -0.736151 2.456399 2.456399 2.456399
1493.549805 0.000000 5492.655273 0.000000 0.087890 0.000000 -0.996130 2.456399 2.456399 2.456399
1490.196045 0.000000 5489.849121 0.000000 -0.529232 0.000000 0.848477 2.509956 2.509956 2.509956
1492.322510 0.000000 5486.372559 0.000000 -0.711733 0.000000 0.702450 2.509956 2.509956 2.509956
1494.361206 0.000000 5490.513672 0.000000 0.640354 0.000000 -0.768080 2.456399 2.456399 2.456399
1492.318604 0.000000 5489.126953 0.000000 -0.086418 0.000000 -0.996259 2.456399 2.456399 2.456399
1490.378052 0.000000 5486.765625 0.000000 0.006080 0.000000 0.999982 2.509956 2.509956 2.509956
1492.326782 0.000000 5491.853516 0.000000 0.879995 0.000000 0.474982 2.456399 2.456399 2.456399
1490.776978 0.000000 5491.426270 0.000000 0.847351 0.000000 0.531033 2.902580 2.902580 2.902580
1513.783936 0.000000 5495.563965 0.000000 -0.411763 0.000000 0.911291 2.509956 2.509956 2.509956
1515.533081 0.000000 5495.296875 0.000000 0.998096 0.000000 0.061668 2.509956 2.509956 2.509956
1513.645142 0.000000 5499.067871 0.000000 0.023917 0.000000 0.999714 2.509956 2.509956 2.509956
1494.459961 0.000000 5488.067383 0.000000 -0.883319 0.000000 -0.468773 2.456399 2.456399 2.456399
1496.133911 0.000000 5491.891602 0.000000 -0.920242 0.000000 0.391351 2.902580 2.902580 2.902580
1514.272949 0.000000 5496.898926 0.000000 -0.987890 0.000000 0.155156 2.509956 2.509956 2.509956
1497.654053 0.000000 5490.726074 0.000000 -0.661878 0.000000 -0.749612 2.965866 2.965866 2.965866
1495.586426 0.000000 5495.042480 0.000000 0.904737 0.000000 0.425970 2.965866 2.965866 2.965866
1512.158081 0.000000 5498.189453 0.000000 0.666659 0.000000 -0.745364 2.509956 2.509956 2.509956
1515.728516 0.000000 5497.531738 0.000000 0.824877 0.000000 -0.565311 2.509956 2.509956 2.509956
1514.566772 0.000000 5494.460449 0.000000 0.143084 0.000000 0.989710 2.509956 2.509956 2.509956
2062.697021 0.000000 2480.763184 0.000000 -0.165081 0.000000 -0.986280 2.509956 2.509956 2.509956
1492.533691 0.000000 5493.498535 0.000000 -0.804119 0.000000 -0.594469 2.902580 2.902580 2.902580
1495.066772 0.000000 5489.267090 0.000000 -0.641709 0.000000 -0.766949 2.902580 2.902580 2.902580
2062.833008 0.000000 2477.257568 -0.000000 -0.782205 0.000000 0.623020 2.509956 2.509956 2.509956
2060.693604 0.000000 2480.523682 0.000000 0.368432 0.000000 -0.929655 2.509956 2.509956 2.509956
2060.676514 0.000000 2477.861572 0.000000 -0.331806 0.000000 -0.943348 2.509956 2.509956 2.509956
1496.270386 0.000000 5492.729492 0.000000 0.748451 0.000000 -0.663190 2.965866 2.965866 2.965866
2061.438721 0.000000 2476.140869 -0.000000 -0.392564 0.000000 0.919725 2.509956 2.509956 2.509956
2060.932617 0.000000 2482.079102 0.000000 -0.995761 0.000000 -0.091981 2.509956 2.509956 2.509956
2062.933105 0.000000 2479.208984 0.000000 0.648325 0.000000 0.761364 2.509956 2.509956 2.509956
2067.178467 0.000000 2482.085205 0.000000 -0.843675 0.000000 -0.536854 2.509956 2.509956 2.509956
2068.264648 0.000000 2483.664795 0.000000 -0.995103 0.000000 -0.098840 2.509956 2.509956 2.509956
2064.168945 0.000000 2483.990234 0.000000 0.936440 0.000000 -0.350827 2.509956 2.509956 2.509956
2064.556152 0.000000 2480.146973 0.000000 0.497348 0.000000 -0.867551 2.509956 2.509956 2.509956
2068.592285 0.000000 2480.186523 -0.000000 -0.864110 0.000000 0.503302 2.509956 2.509956 2.509956
2066.276855 0.000000 2483.333008 0.000000 -0.995215 0.000000 -0.097704 2.509956 2.509956 2.509956
2066.481689 0.000000 2480.794922 0.000000 0.335605 0.000000 0.942003 2.509956 2.509956 2.509956
2067.089844 0.000000 2478.929199 0.000000 -0.852753 0.000000 -0.522314 2.509956 2.509956 2.509956
1528.279419 0.000000 5525.313477 0.000000 -0.999118 0.000000 -0.041995 2.509956 2.509956 2.509956
2064.161621 0.000000 2482.116455 0.000000 -0.562611 0.000000 -0.826722 2.509956 2.509956 2.509956
2066.803467 0.000000 2484.877441 0.000000 0.501522 0.000000 0.865145 2.509956 2.509956 2.509956
2071.727051 0.000000 2503.287842 0.000000 -0.590795 0.000000 -0.806822 2.509956 2.509956 2.509956
1494.099731 0.000000 5491.895508 0.000000 -0.410590 0.000000 -0.911820 2.902580 2.902580 2.902580
2072.761719 0.000000 2504.843262 0.000000 -0.954855 0.000000 -0.297072 2.509956 2.509956 2.509956
2068.767334 0.000000 2505.067871 0.000000 0.424687 0.000000 0.905340 2.509956 2.509956 2.509956
1527.064819 0.000000 5527.300293 0.000000 0.771990 0.000000 0.635634 2.509956 2.509956 2.509956
2068.778564 0.000000 2482.158936 0.000000 0.368394 0.000000 0.929670 2.509956 2.509956 2.509956
1492.942017 0.000000 5489.983887 0.000000 0.041137 0.000000 -0.999153 2.902580 2.902580 2.902580
2068.837158 0.000000 2489.078125 0.000000 0.305997 0.000000 0.952032 2.509956 2.509956 2.509956
2070.936768 0.000000 2504.568115 0.000000 0.110362 0.000000 -0.993891 2.509956 2.509956 2.509956
2069.815186 0.000000 2490.627441 0.000000 0.987437 0.000000 0.158014 2.509956 2.509956 2.509956
2065.735107 0.000000 2490.824707 0.000000 0.848748 0.000000 0.528798 2.509956 2.509956 2.509956
2068.651855 0.000000 2503.330078 0.000000 0.538439 0.000000 0.842665 2.509956 2.509956 2.509956
2071.199707 0.000000 2506.097656 0.000000 -0.871940 0.000000 -0.489612 2.509956 2.509956 2.509956
2073.264404 0.000000 2503.500000 0.000000 0.434744 0.000000 -0.900554 2.509956 2.509956 2.509956
2077.419434 0.000000 2503.690186 0.000000 0.988203 0.000000 0.153152 2.509956 2.509956 2.509956
2076.479736 0.000000 2505.250488 0.000000 -0.180069 0.000000 -0.983654 2.509956 2.509956 2.509956
1523.351685 0.000000 5531.011719 0.000000 0.158695 0.000000 -0.987327 2.509956 2.509956 2.509956
1524.180298 0.000000 5532.783203 0.000000 0.798320 0.000000 0.602232 2.509956 2.509956 2.509956
2066.077881 0.000000 2486.963135 0.000000 -0.575583 0.000000 -0.817743 2.509956 2.509956 2.509956
2070.238770 0.000000 2487.015625 0.000000 -0.360140 0.000000 -0.932898 2.509956 2.509956 2.509956
1525.016846 0.000000 5529.186523 0.000000 -0.923082 0.000000 -0.384603 2.509956 2.509956 2.509956
1522.314819 0.000000 5531.943848 0.000000 -0.543641 0.000000 -0.839318 2.509956 2.509956 2.509956
1522.578247 0.000000 5529.502930 0.000000 0.879906 0.000000 -0.475148 2.509956 2.509956 2.509956
1494.369995 0.000000 5494.814941 0.000000 0.618941 0.000000 -0.785438 2.902580 2.902580 2.902580
1498.132080 0.000000 5493.099609 0.000000 0.418485 0.000000 0.908224 2.965866 2.965866 2.965866
1523.567139 0.000000 5527.864746 0.000000 -0.383414 0.000000 0.923577 2.509956 2.509956 2.509956
1496.700684 0.000000 5489.662598 0.000000 0.027288 0.000000 -0.999628 2.965866 2.965866 2.965866
1499.556519 0.000000 5485.422363 0.000000 0.974158 0.000000 -0.225867 2.965866 2.965866 2.965866
2079.804688 0.000000 2504.484619 -0.000000 -0.988453 0.000000 0.151525 2.509956 2.509956 2.509956
1522.382080 0.000000 5533.641113 0.000000 -0.747687 0.000000 -0.664052 2.509956 2.509956 2.509956
1500.380127 0.000000 5487.550781 0.000000 0.162933 0.000000 -0.986637 2.965866 2.965866 2.965866
1495.500732 0.000000 5486.643066 0.000000 0.999985 0.000000 -0.005436 2.965866 2.965866 2.965866
1497.253174 0.000000 5482.207520 0.000000 0.303868 0.000000 -0.952714 2.965866 2.965866 2.965866
1501.604614 0.000000 5483.598633 0.000000 -0.828887 0.000000 0.559416 2.965866 2.965866 2.965866
1498.401367 0.000000 5486.759766 0.000000 0.971903 0.000000 -0.235384 2.965866 2.965866 2.965866
1498.988770 0.000000 5483.628418 0.000000 -0.876128 0.000000 0.482080 2.965866 2.965866 2.965866
1500.150024 0.000000 5481.702148 0.000000 -0.880778 0.000000 0.473530 2.965866 2.965866 2.965866
1495.837402 0.000000 5484.769531 0.000000 -0.769618 0.000000 0.638503 2.965866 2.965866 2.965866
1498.403809 0.000000 5488.651367 0.000000 -0.285837 0.000000 -0.958279 2.965866 2.965866 2.965866
1501.235474 0.000000 5485.899414 0.000000 -0.975787 0.000000 -0.218721 2.965866 2.965866 2.965866
1509.543701 0.000000 5485.345703 0.000000 -0.101355 0.000000 -0.994850 2.509956 2.509956 2.509956
1510.371826 0.000000 5486.968262 0.000000 -0.872856 0.000000 0.487976 2.509956 2.509956 2.509956
1506.378418 0.000000 5486.450195 0.000000 0.465986 0.000000 0.884792 2.509956 2.509956 2.509956
1507.613403 0.000000 5482.634766 0.000000 0.557746 0.000000 -0.830012 2.509956 2.509956 2.509956
1511.416138 0.000000 5483.471191 0.000000 0.475543 0.000000 0.879693 2.509956 2.509956 2.509956
1508.657959 0.000000 5486.424805 0.000000 0.538622 0.000000 -0.842547 2.509956 2.509956 2.509956
1509.217529 0.000000 5483.714355 0.000000 -0.973031 0.000000 0.230674 2.509956 2.509956 2.509956
1510.459595 0.000000 5482.141602 0.000000 0.250715 0.000000 0.968061 2.509956 2.509956 2.509956
1506.428711 0.000000 5484.628906 0.000000 0.709578 0.000000 0.704627 2.509956 2.509956 2.509956
1508.628784 0.000000 5487.900879 0.000000 0.276618 0.000000 0.960980 2.509956 2.509956 2.509956
1511.278809 0.000000 5485.723145 0.000000 -0.348145 0.000000 0.937441 2.509956 2.509956 2.509956
1524.642578 0.000000 5531.181152 0.000000 0.991380 0.000000 0.131017 2.509956 2.509956 2.509956
1528.526611 0.000000 5534.646973 0.000000 0.096757 0.000000 0.995307 2.509956 2.509956 2.509956
1529.635620 0.000000 5536.157227 0.000000 -0.057167 0.000000 0.998365 2.509956 2.509956 2.509956
1525.379028 0.000000 5535.850098 0.000000 -0.037969 0.000000 0.999278 2.509956 2.509956 2.509956
1526.166504 0.000000 5532.288086 0.000000 0.475838 0.000000 0.879533 2.509956 2.509956 2.509956
1530.239624 0.000000 5532.842773 0.000000 -0.104493 0.000000 -0.994525 2.509956 2.509956 2.509956
1527.692627 0.000000 5535.645996 0.000000 0.996522 0.000000 0.083319 2.509956 2.509956 2.509956
1528.152954 0.000000 5533.201660 0.000000 -0.427911 0.000000 0.903821 2.509956 2.509956 2.509956
1529.080688 0.000000 5531.462402 0.000000 0.924199 0.000000 -0.381911 2.509956 2.509956 2.509956
1525.654419 0.000000 5534.270508 0.000000 -0.292878 0.000000 -0.956150 2.509956 2.509956 2.509956
1527.860229 0.000000 5537.479492 0.000000 0.879456 0.000000 -0.475981 2.509956 2.509956 2.509956
1530.291626 0.000000 5556.365234 0.000000 -0.644551 0.000000 0.764560 2.509956 2.509956 2.509956
1532.662598 0.000000 5570.310547 0.000000 0.176875 0.000000 0.984233 2.965866 2.965866 2.965866
1510.880371 0.000000 5481.032227 0.000000 0.858255 0.000000 -0.513224 2.509956 2.509956 2.509956
1526.961426 0.000000 5557.538574 0.000000 -0.008039 0.000000 -0.999967 2.509956 2.509956 2.509956
1530.108765 0.000000 5534.771484 0.000000 -0.684308 0.000000 -0.729192 2.509956 2.509956 2.509956
1512.908325 0.000000 5480.942383 0.000000 -0.912905 0.000000 0.408173 2.509956 2.509956 2.509956
1529.349487 0.000000 5541.811035 0.000000 -0.996527 0.000000 0.083263 2.509956 2.509956 2.509956
1529.330688 0.000000 5557.332520 0.000000 0.635794 0.000000 0.771859 2.509956 2.509956 2.509956
1511.021240 0.000000 5479.125488 0.000000 0.910708 0.000000 -0.413050 2.509956 2.509956 2.509956
1512.886963 0.000000 5482.604980 0.000000 0.951379 0.000000 0.308022 2.509956 2.509956 2.509956
1530.142578 0.000000 5543.290039 0.000000 0.572889 0.000000 -0.819633 2.509956 2.509956 2.509956
1526.181396 0.000000 5543.154785 0.000000 0.624961 0.000000 -0.780656 2.509956 2.509956 2.509956
1527.240845 0.000000 5555.812988 0.000000 0.994822 0.000000 0.101630 2.509956 2.509956 2.509956
1529.335083 0.000000 5558.849121 0.000000 -0.471262 0.000000 -0.881992 2.509956 2.509956 2.509956
1533.125610 0.000000 5568.787598 0.000000 0.025251 0.000000 -0.999681 2.965866 2.965866 2.965866
1538.005615 0.000000 5569.663086 0.000000 -0.534232 0.000000 -0.845338 2.965866 2.965866 2.965866
1536.665649 0.000000 5571.475586 0.000000 0.662557 0.000000 0.749012 2.965866 2.965866 2.965866
1526.826294 0.000000 5539.431152 0.000000 -0.654129 0.000000 0.756383 2.509956 2.509956 2.509956
1530.938110 0.000000 5539.973145 0.000000 0.025469 0.000000 -0.999676 2.509956 2.509956 2.509956
1538.303833 0.000000 5558.373047 0.000000 0.969140 0.000000 0.246509 2.509956 2.509956 2.509956
1536.457153 0.000000 5569.185059 0.000000 0.998300 0.000000 -0.058286 2.965866 2.965866 2.965866
1539.587769 0.000000 5568.502930 0.000000 -0.914685 0.000000 0.404167 2.965866 2.965866 2.965866
1539.033691 0.000000 5556.865234 0.000000 -0.630126 0.000000 -0.776493 2.509956 2.509956 2.509956
1528.136230 0.000000 5542.793945 0.000000 0.119344 0.000000 -0.992853 2.509956 2.509956 2.509956
1534.564819 0.000000 5569.837891 0.000000 -0.866176 0.000000 -0.499737 2.965866 2.965866 2.965866
1538.317017 0.000000 5571.648926 0.000000 -0.793425 0.000000 0.608666 2.965866 2.965866 2.965866
1539.262939 0.000000 5562.999512 0.000000 -0.198766 0.000000 -0.980047 2.509956 2.509956 2.509956
1537.907715 0.000000 5564.305664 0.000000 -0.999993 0.000000 0.003865 2.509956 2.509956 2.509956
1536.774780 0.000000 5560.513184 0.000000 0.659254 0.000000 -0.751921 2.509956 2.509956 2.509956
1540.779419 0.000000 5559.894043 0.000000 0.999730 0.000000 0.023220 2.509956 2.509956 2.509956
1482.419189 0.000000 5506.135254 0.000000 -0.240220 0.000000 0.970718 2.965866 2.965866 2.965866
1489.643555 0.000000 5505.270508 0.000000 0.092417 0.000000 -0.995720 2.509956 2.509956 2.509956
1478.447266 0.000000 5507.544922 0.000000 -0.919258 0.000000 -0.393657 2.965866 2.965866 2.965866
1541.481812 0.000000 5563.922363 0.000000 0.280687 0.000000 0.959799 2.509956 2.509956 2.509956
1486.503052 0.000000 5500.885742 0.000000 0.982587 0.000000 0.185804 2.509956 2.509956 2.509956
1537.754272 0.000000 5562.533203 0.000000 -0.971070 0.000000 0.238793 2.509956 2.509956 2.509956
1540.218262 0.000000 5561.843262 0.000000 -0.751805 0.000000 -0.659385 2.509956 2.509956 2.509956
1490.664429 0.000000 5501.996094 0.000000 0.788254 0.000000 0.615350 2.509956 2.509956 2.509956
1481.130615 0.000000 5507.446777 0.000000 -0.862816 0.000000 -0.505517 2.965866 2.965866 2.965866
1542.296387 0.000000 5562.412109 0.000000 -0.866403 0.000000 -0.499345 2.509956 2.509956 2.509956
1538.537109 0.000000 5559.905762 0.000000 -0.567766 0.000000 -0.823191 2.509956 2.509956 2.509956
1536.166748 0.000000 5563.005859 0.000000 -0.099358 0.000000 0.995052 2.509956 2.509956 2.509956
1539.292114 0.000000 5564.412598 0.000000 -0.535426 0.000000 0.844583 2.509956 2.509956 2.509956
1550.194580 0.000000 5558.905762 0.000000 -0.541758 0.000000 0.840534 2.509956 2.509956 2.509956
1548.870361 0.000000 5560.629883 0.000000 0.932543 0.000000 0.361059 2.509956 2.509956 2.509956
1547.812378 0.000000 5556.436035 0.000000 -0.414362 0.000000 0.910112 2.509956 2.509956 2.509956
1488.273926 0.000000 5502.037109 0.000000 0.118127 0.000000 0.992999 2.509956 2.509956 2.509956
1528.539307 0.000000 5540.262207 0.000000 0.934984 0.000000 0.354690 2.509956 2.509956 2.509956
1552.591431 0.000000 5560.127441 0.000000 0.863606 0.000000 -0.504169 2.509956 2.509956 2.509956
1548.929688 0.000000 5558.460938 0.000000 -0.309807 0.000000 0.950799 2.509956 2.509956 2.509956
1550.546753 0.000000 5557.295410 0.000000 -0.324338 0.000000 -0.945942 2.456399 2.456399 2.456399
1552.589233 0.000000 5557.723633 0.000000 0.867067 0.000000 -0.498192 2.456399 2.456399 2.456399
1529.700439 0.000000 5538.659668 0.000000 0.955232 0.000000 -0.295860 2.509956 2.509956 2.509956
1547.343750 0.000000 5559.220703 0.000000 -0.366939 0.000000 -0.930246 2.509956 2.509956 2.509956
1550.440552 0.000000 5560.777832 0.000000 -0.956306 0.000000 0.292366 2.509956 2.509956 2.509956
1545.761597 0.000000 5564.831543 0.000000 0.070408 0.000000 0.997519 2.509956 2.509956 2.509956
1544.364258 0.000000 5566.102539 0.000000 -0.743310 0.000000 -0.668947 2.509956 2.509956 2.509956
1543.388306 0.000000 5562.250488 0.000000 -0.988311 0.000000 -0.152454 2.509956 2.509956 2.509956
1547.328857 0.000000 5561.787598 0.000000 0.768708 0.000000 -0.639599 2.509956 2.509956 2.509956
1548.256226 0.000000 5565.776855 0.000000 0.708347 0.000000 -0.705864 2.509956 2.509956 2.509956
1544.410278 0.000000 5564.218262 0.000000 0.997989 0.000000 0.063391 2.509956 2.509956 2.509956
1547.026123 0.000000 5563.833008 0.000000 0.829599 0.000000 0.558360 2.509956 2.509956 2.509956
1548.988159 0.000000 5563.997559 0.000000 -0.144488 0.000000 0.989506 2.509956 2.509956 2.509956
1486.547241 0.000000 5483.877441 0.000000 -0.534051 0.000000 -0.845453 2.509956 2.509956 2.509956
1545.314209 0.000000 5561.685547 0.000000 -0.480337 0.000000 -0.877084 2.509956 2.509956 2.509956
1542.910156 0.000000 5564.732422 0.000000 0.134242 0.000000 0.990949 2.509956 2.509956 2.509956
1546.067627 0.000000 5566.445801 0.000000 -0.550196 0.000000 0.835036 2.509956 2.509956 2.509956
1552.865234 0.000000 5565.334961 0.000000 0.625100 0.000000 -0.780545 2.509956 2.509956 2.509956
1551.318604 0.000000 5566.736816 0.000000 -0.999732 0.000000 0.023114 2.509956 2.509956 2.509956
1550.297119 0.000000 5562.758301 0.000000 -0.380316 0.000000 -0.924857 2.509956 2.509956 2.509956
1526.300659 0.000000 5541.327637 0.000000 -0.810245 0.000000 0.586091 2.509956 2.509956 2.509956
1528.475342 0.000000 5544.326660 0.000000 0.419363 0.000000 -0.907818 2.509956 2.509956 2.509956
1551.465942 0.000000 5564.588379 0.000000 0.212296 0.000000 -0.977206 2.509956 2.509956 2.509956
1530.727783 0.000000 5542.100586 0.000000 -0.397737 0.000000 0.917500 2.509956 2.509956 2.509956
1535.005981 0.000000 5542.986816 0.000000 -0.931525 0.000000 0.363674 2.509956 2.509956 2.509956
1552.087036 0.000000 5562.220215 0.000000 -0.357219 0.000000 0.934022 2.509956 2.509956 2.509956
1549.756836 0.000000 5565.483398 0.000000 0.999018 0.000000 0.044303 2.509956 2.509956 2.509956
1533.558594 0.000000 5544.157715 0.000000 0.048041 0.000000 -0.998845 2.509956 2.509956 2.509956
1532.657837 0.000000 5540.199707 0.000000 0.087100 0.000000 -0.996199 2.509956 2.509956 2.509956
1536.514526 0.000000 5539.976562 0.000000 -0.672109 0.000000 -0.740452 2.509956 2.509956 2.509956
1537.123169 0.000000 5543.885254 0.000000 0.457080 0.000000 -0.889425 2.509956 2.509956 2.509956
1533.637573 0.000000 5542.418945 0.000000 -0.545263 0.000000 0.838266 2.509956 2.509956 2.509956
1536.155762 0.000000 5541.875000 0.000000 0.723286 0.000000 0.690548 2.509956 2.509956 2.509956
1538.067749 0.000000 5542.139648 0.000000 -0.471386 0.000000 0.881928 2.509956 2.509956 2.509956
1534.220093 0.000000 5539.780762 0.000000 0.127380 0.000000 0.991854 2.509956 2.509956 2.509956
1532.003662 0.000000 5543.015625 0.000000 -0.058704 0.000000 0.998275 2.509956 2.509956 2.509956
1535.187622 0.000000 5544.383301 0.000000 0.580481 0.000000 0.814273 2.509956 2.509956 2.509956
1538.020020 0.000000 5548.422852 0.000000 -0.910196 0.000000 -0.414178 2.509956 2.509956 2.509956
1539.211304 0.000000 5560.657227 0.000000 -0.148048 0.000000 0.988981 2.965866 2.965866 2.965866
1535.730347 0.000000 5546.060059 0.000000 -0.992121 0.000000 0.125281 2.509956 2.509956 2.509956
1539.793701 0.000000 5545.482422 0.000000 -0.047362 0.000000 -0.998878 2.509956 2.509956 2.509956
1540.415771 0.000000 5549.375000 0.000000 0.041211 0.000000 -0.999151 2.509956 2.509956 2.509956
1536.682495 0.000000 5548.000000 0.000000 -0.824162 0.000000 -0.566353 2.509956 2.509956 2.509956
1539.424927 0.000000 5547.362305 0.000000 0.675494 0.000000 -0.737366 2.509956 2.509956 2.509956
1541.333740 0.000000 5547.920898 0.000000 0.700957 0.000000 -0.713204 2.509956 2.509956 2.509956
1537.480469 0.000000 5545.320801 0.000000 -0.275247 0.000000 0.961374 2.509956 2.509956 2.509956
1537.450684 0.000000 5559.368164 0.000000 -0.036326 0.000000 0.999340 2.965866 2.965866 2.965866
1538.357544 0.000000 5550.099609 0.000000 0.917582 0.000000 0.397548 2.509956 2.509956 2.509956
1549.016113 0.000000 5544.445801 0.000000 0.778176 0.000000 0.628047 2.509956 2.509956 2.509956
1547.896851 0.000000 5545.892578 0.000000 0.325540 0.000000 0.945528 2.509956 2.509956 2.509956
1546.811157 0.000000 5541.912109 0.000000 -0.991445 0.000000 0.130532 2.509956 2.509956 2.509956
1550.806763 0.000000 5541.735352 0.000000 -0.984221 0.000000 0.176941 2.509956 2.509956 2.509956
1551.443848 0.000000 5545.764648 0.000000 0.881020 0.000000 -0.473080 2.509956 2.509956 2.509956
1547.711792 0.000000 5544.068359 0.000000 0.972531 0.000000 0.232777 2.509956 2.509956 2.509956
1550.282715 0.000000 5543.493652 0.000000 -0.744584 0.000000 0.667530 2.509956 2.509956 2.509956
1552.372559 0.000000 5544.003906 0.000000 -0.899941 0.000000 0.436011 2.509956 2.509956 2.509956
1548.405884 0.000000 5541.438965 0.000000 0.905772 0.000000 0.423765 2.509956 2.509956 2.509956
1546.239502 0.000000 5544.759766 0.000000 -0.988186 0.000000 -0.153260 2.509956 2.509956 2.509956
1549.563232 0.000000 5546.106445 0.000000 -0.602299 0.000000 0.798271 2.509956 2.509956 2.509956
1544.841064 0.000000 5550.123535 0.000000 0.033649 0.000000 0.999433 2.509956 2.509956 2.509956
1543.518066 0.000000 5551.615234 0.000000 -0.911715 0.000000 -0.410825 2.509956 2.509956 2.509956
1542.505981 0.000000 5547.813477 0.000000 -0.511902 0.000000 0.859044 2.509956 2.509956 2.509956
1546.277710 0.000000 5547.319336 0.000000 0.983921 0.000000 -0.178602 2.509956 2.509956 2.509956
1547.135498 0.000000 5551.424316 0.000000 -0.666647 0.000000 0.745374 2.509956 2.509956 2.509956
1543.413330 0.000000 5549.617676 0.000000 -0.379106 0.000000 0.925354 2.509956 2.509956 2.509956
1545.845947 0.000000 5549.298340 0.000000 -0.973791 0.000000 0.227444 2.509956 2.509956 2.509956
1547.790405 0.000000 5549.650391 0.000000 0.050580 0.000000 0.998720 2.509956 2.509956 2.509956
1544.307739 0.000000 5547.256836 0.000000 -0.136675 0.000000 0.990616 2.509956 2.509956 2.509956
1541.901978 0.000000 5550.435547 0.000000 -0.543208 0.000000 0.839598 2.509956 2.509956 2.509956
1545.061401 0.000000 5551.745605 0.000000 0.840118 0.000000 -0.542403 2.509956 2.509956 2.509956
1550.974121 0.000000 5550.220215 0.000000 0.712480 0.000000 0.701692 2.456399 2.456399 2.456399
1549.619263 0.000000 5551.707520 0.000000 0.529640 0.000000 -0.848223 2.456399 2.456399 2.456399
1549.453125 0.000000 5548.383301 0.000000 -0.544538 0.000000 -0.838735 2.509956 2.509956 2.509956
1552.455200 0.000000 5547.305176 0.000000 -0.169552 0.000000 0.985521 2.456399 2.456399 2.456399
1553.374634 0.000000 5551.405762 0.000000 0.637245 0.000000 -0.770661 2.456399 2.456399 2.456399
1549.641724 0.000000 5549.765625 0.000000 -0.895353 0.000000 0.445357 2.456399 2.456399 2.456399
1552.092529 0.000000 5549.424316 0.000000 -0.619323 0.000000 0.785137 2.456399 2.456399 2.456399
1553.989014 0.000000 5549.638184 0.000000 0.997544 0.000000 -0.070029 2.456399 2.456399 2.456399
1550.315186 0.000000 5547.246094 0.000000 0.216339 0.000000 0.976318 2.456399 2.456399 2.456399
1548.736084 0.000000 5551.048828 0.000000 0.999936 0.000000 -0.011371 2.509956 2.509956 2.509956
1551.125488 0.000000 5551.893555 0.000000 0.676977 0.000000 -0.736004 2.456399 2.456399 2.456399
2076.197754 0.000000 2503.365479 -0.000000 -0.099994 0.000000 0.994988 2.509956 2.509956 2.509956
2078.444092 0.000000 2502.549072 0.000000 0.906545 0.000000 0.422109 2.509956 2.509956 2.509956
2080.538330 0.000000 2502.786621 0.000000 0.389356 0.000000 -0.921087 2.509956 2.509956 2.509956
2067.999512 0.000000 2490.330811 0.000000 0.118391 0.000000 -0.992967 2.509956 2.509956 2.509956
2074.570068 0.000000 2504.235840 -0.000000 -0.978577 0.000000 0.205880 2.509956 2.509956 2.509956
2077.958740 0.000000 2505.388916 0.000000 0.566299 0.000000 -0.824200 2.509956 2.509956 2.509956
2081.343018 0.000000 2508.854004 0.000000 -0.999475 0.000000 -0.032414 2.509956 2.509956 2.509956
2080.188232 0.000000 2510.347656 0.000000 0.964693 0.000000 0.263377 2.509956 2.509956 2.509956
1513.007446 0.000000 5536.509277 0.000000 0.405938 0.000000 -0.913900 2.509956 2.509956 2.509956
1511.716309 0.000000 5537.958496 0.000000 0.561207 0.000000 0.827675 2.509956 2.509956 2.509956
1510.713867 0.000000 5533.992676 0.000000 0.924769 0.000000 0.380529 2.509956 2.509956 2.509956
2078.672119 0.000000 2506.674072 0.000000 -0.993019 0.000000 0.117958 2.509956 2.509956 2.509956
1514.604858 0.000000 5533.490234 0.000000 -0.887271 0.000000 -0.461249 2.509956 2.509956 2.509956
2082.611816 0.000000 2505.584229 0.000000 0.446132 0.000000 0.894967 2.509956 2.509956 2.509956
2083.797363 0.000000 2509.521973 0.000000 -0.588882 0.000000 -0.808219 2.509956 2.509956 2.509956
1515.265503 0.000000 5537.635254 0.000000 -0.719580 0.000000 -0.694408 2.509956 2.509956 2.509956
1511.668213 0.000000 5536.004883 0.000000 0.989007 0.000000 0.147870 2.509956 2.509956 2.509956
2079.931641 0.000000 2508.543701 0.000000 0.840138 0.000000 -0.542373 2.509956 2.509956 2.509956
2082.347900 0.000000 2507.665527 0.000000 0.992742 0.000000 0.120266 2.509956 2.509956 2.509956
2084.435059 0.000000 2507.759277 0.000000 -0.384249 0.000000 -0.923230 2.509956 2.509956 2.509956
2080.372559 0.000000 2505.898682 0.000000 -0.432688 0.000000 -0.901543 2.509956 2.509956 2.509956
1527.256226 0.000000 5514.798340 0.000000 0.482980 0.000000 0.875632 2.509956 2.509956 2.509956
1528.349487 0.000000 5516.570801 0.000000 0.729095 0.000000 -0.684412 2.509956 2.509956 2.509956
1524.201416 0.000000 5516.239258 0.000000 -0.887940 0.000000 -0.459960 2.509956 2.509956 2.509956
1514.170166 0.000000 5535.520508 0.000000 0.971799 0.000000 -0.235814 2.509956 2.509956 2.509956
1526.431763 0.000000 5516.006836 0.000000 -0.991046 0.000000 -0.133519 2.509956 2.509956 2.509956
1526.530884 0.000000 5517.481934 0.000000 0.746369 0.000000 -0.665533 2.509956 2.509956 2.509956
1528.720825 0.000000 5515.010254 0.000000 0.977929 0.000000 0.208941 2.509956 2.509956 2.509956
1532.818970 0.000000 5518.403809 0.000000 -0.547462 0.000000 -0.836831 2.509956 2.509956 2.509956
1533.582642 0.000000 5520.037109 0.000000 -0.755262 0.000000 0.655423 2.509956 2.509956 2.509956
1529.536621 0.000000 5519.683105 0.000000 -0.959801 0.000000 -0.280683 2.509956 2.509956 2.509956
1530.233398 0.000000 5516.111816 0.000000 0.966711 0.000000 0.255870 2.509956 2.509956 2.509956
1534.364990 0.000000 5516.637207 0.000000 -0.441435 0.000000 0.897294 2.509956 2.509956 2.509956
1531.634399 0.000000 5519.446777 0.000000 0.989170 0.000000 -0.146773 2.509956 2.509956 2.509956
1532.059082 0.000000 5517.155273 0.000000 0.998618 0.000000 -0.052551 2.509956 2.509956 2.509956
1532.979614 0.000000 5515.189941 0.000000 0.916053 0.000000 0.401056 2.509956 2.509956 2.509956
1529.555542 0.000000 5518.145020 0.000000 -0.940170 0.000000 -0.340706 2.509956 2.509956 2.509956
1531.936035 0.000000 5521.219238 0.000000 0.761519 0.000000 0.648142 2.509956 2.509956 2.509956
1534.288818 0.000000 5518.776367 0.000000 0.564097 0.000000 -0.825709 2.509956 2.509956 2.509956
1533.127563 0.000000 5525.516602 0.000000 0.345331 0.000000 0.938480 2.456399 2.456399 2.456399
1534.069214 0.000000 5527.090332 0.000000 0.254539 0.000000 -0.967063 2.456399 2.456399 2.456399
1530.218506 0.000000 5526.758301 0.000000 -0.436662 0.000000 0.899625 2.509956 2.509956 2.509956
1530.918457 0.000000 5523.011230 0.000000 -0.939557 0.000000 -0.342392 2.509956 2.509956 2.509956
1534.647095 0.000000 5523.793945 0.000000 -0.263445 0.000000 0.964674 2.456399 2.456399 2.456399
1532.043701 0.000000 5526.464844 0.000000 -0.690127 0.000000 0.723687 2.456399 2.456399 2.456399
1532.339966 0.000000 5524.167480 0.000000 -0.202495 0.000000 0.979283 2.456399 2.456399 2.456399
1533.489136 0.000000 5522.484375 0.000000 -0.955551 0.000000 0.294827 2.456399 2.456399 2.456399
1530.159912 0.000000 5525.080566 0.000000 0.777785 0.000000 0.628531 2.509956 2.509956 2.509956
1532.276611 0.000000 5528.040039 0.000000 0.161481 0.000000 -0.986875 2.456399 2.456399 2.456399
1534.437988 0.000000 5525.640137 0.000000 -0.285634 0.000000 -0.958339 2.456399 2.456399 2.456399
1538.684692 0.000000 5526.575195 0.000000 0.866543 0.000000 0.499102 2.456399 2.456399 2.456399
1537.211182 0.000000 5528.038086 0.000000 0.592968 0.000000 0.805225 2.456399 2.456399 2.456399
1536.345825 0.000000 5524.014160 0.000000 -0.235851 0.000000 -0.971790 2.456399 2.456399 2.456399
1540.275391 0.000000 5523.790039 0.000000 0.931338 0.000000 -0.364155 2.456399 2.456399 2.456399
1540.829468 0.000000 5527.492188 0.000000 -0.353588 0.000000 -0.935401 2.456399 2.456399 2.456399
1537.288452 0.000000 5525.967773 0.000000 -0.751021 0.000000 -0.660278 2.456399 2.456399 2.456399
1539.688232 0.000000 5525.736328 0.000000 -0.297140 0.000000 0.954835 2.456399 2.456399 2.456399
1541.558105 0.000000 5526.153809 0.000000 0.807689 0.000000 0.589609 2.456399 2.456399 2.456399
1538.159668 0.000000 5523.660645 0.000000 0.724113 0.000000 -0.689681 2.456399 2.456399 2.456399
1535.835449 0.000000 5526.631836 0.000000 0.708339 0.000000 0.705873 2.456399 2.456399 2.456399
1538.754639 0.000000 5528.267578 0.000000 -0.031194 0.000000 0.999513 2.456399 2.456399 2.456399
1542.387329 0.000000 5532.309082 0.000000 -0.950027 0.000000 0.312165 2.509956 2.509956 2.509956
1540.968628 0.000000 5533.564941 0.000000 -0.779820 0.000000 -0.626005 2.509956 2.509956 2.509956
1539.579712 0.000000 5529.647461 0.000000 -0.940185 0.000000 0.340665 2.456399 2.456399 2.456399
1543.226807 0.000000 5529.221191 0.000000 -0.510064 0.000000 0.860136 2.456399 2.456399 2.456399
1544.356079 0.000000 5533.333984 0.000000 -0.997566 0.000000 -0.069723 2.509956 2.509956 2.509956
1540.810791 0.000000 5531.518555 0.000000 0.213689 0.000000 0.976901 2.509956 2.509956 2.509956
1543.357788 0.000000 5531.143555 0.000000 -0.590428 0.000000 0.807091 2.509956 2.509956 2.509956
1545.379517 0.000000 5531.755859 0.000000 0.849463 0.000000 -0.527648 2.509956 2.509956 2.509956
1540.993286 0.000000 5529.123047 0.000000 0.835280 0.000000 -0.549824 2.456399 2.456399 2.456399
1539.354370 0.000000 5532.204102 0.000000 0.029382 0.000000 0.999568 2.509956 2.509956 2.509956
1542.440186 0.000000 5533.660645 0.000000 -0.658537 0.000000 0.752548 2.509956 2.509956 2.509956
1557.733521 0.000000 5535.242676 0.000000 0.999764 0.000000 -0.021695 2.902580 2.902580 2.902580
1556.313354 0.000000 5537.158203 0.000000 -0.979133 0.000000 0.203225 2.902580 2.902580 2.902580
1550.154175 0.000000 5525.704590 0.000000 0.373310 0.000000 0.927707 2.456399 2.456399 2.456399
1554.953247 0.000000 5525.386719 0.000000 0.439187 0.000000 0.898396 2.509956 2.509956 2.509956
1555.519287 0.000000 5529.482422 0.000000 0.102576 0.000000 -0.994726 2.509956 2.509956 2.509956
1556.203491 0.000000 5534.763184 0.000000 0.486835 0.000000 -0.873494 2.902580 2.902580 2.902580
1554.391602 0.000000 5527.276367 0.000000 -0.906321 0.000000 0.422590 2.509956 2.509956 2.509956
1556.194092 0.000000 5527.771973 0.000000 -0.705019 0.000000 -0.709189 2.509956 2.509956 2.509956
1551.848755 0.000000 5525.379883 0.000000 -0.044222 0.000000 0.999022 2.456399 2.456399 2.456399
1554.562378 0.000000 5535.385742 0.000000 -0.629676 0.000000 -0.776858 2.902580 2.902580 2.902580
1558.885132 0.000000 5537.180664 0.000000 0.965853 0.000000 0.259095 2.965866 2.965866 2.965866
1548.973145 0.000000 5534.018555 0.000000 0.982000 0.000000 0.188881 2.509956 2.509956 2.509956
1547.695801 0.000000 5535.396973 0.000000 -0.001282 0.000000 -0.999999 2.509956 2.509956 2.509956
1546.590576 0.000000 5531.415527 0.000000 0.881860 0.000000 -0.471511 2.509956 2.509956 2.509956
1554.448730 0.000000 5538.385742 0.000000 -0.999968 0.000000 0.007930 2.902580 2.902580 2.902580
1551.333862 0.000000 5535.149902 0.000000 -0.752450 0.000000 0.658650 2.509956 2.509956 2.509956
1547.575928 0.000000 5533.314941 0.000000 -0.969793 0.000000 -0.243929 2.509956 2.509956 2.509956
1554.798584 0.000000 5540.895508 0.000000 -0.930475 0.000000 0.366355 2.965866 2.965866 2.965866
1556.978149 0.000000 5541.299316 0.000000 -0.404867 0.000000 -0.914375 2.965866 2.965866 2.965866
1552.001465 0.000000 5538.264160 0.000000 0.443757 0.000000 0.896147 2.902580 2.902580 2.902580
1545.942383 0.000000 5534.123535 0.000000 0.115898 0.000000 0.993261 2.509956 2.509956 2.509956
1549.174072 0.000000 5535.479980 0.000000 -0.209946 0.000000 0.977713 2.509956 2.509956 2.509956
1555.857056 0.000000 5534.799316 0.000000 0.999989 0.000000 -0.004564 2.509956 2.509956 2.509956
1554.402100 0.000000 5536.086426 0.000000 -0.409078 0.000000 0.912500 2.509956 2.509956 2.509956
1558.950195 0.000000 5539.738281 0.000000 -0.546484 0.000000 -0.837470 2.965866 2.965866 2.965866
1557.470215 0.000000 5531.755371 0.000000 0.985473 0.000000 -0.169835 2.509956 2.509956 2.509956
1558.027954 0.000000 5535.750000 0.000000 0.671360 0.000000 -0.741130 2.509956 2.509956 2.509956
1554.600342 0.000000 5533.892578 0.000000 -0.279875 0.000000 0.960037 2.509956 2.509956 2.509956
1556.998291 0.000000 5533.713867 0.000000 0.261244 0.000000 0.965273 2.509956 2.509956 2.509956
1558.975708 0.000000 5534.057129 0.000000 0.238591 0.000000 0.971120 2.509956 2.509956 2.509956
1555.114502 0.000000 5531.602539 0.000000 -0.094349 0.000000 0.995540 2.509956 2.509956 2.509956
1553.021362 0.000000 5534.902344 0.000000 0.953577 0.000000 -0.301151 2.509956 2.509956 2.509956
1556.011963 0.000000 5536.325684 0.000000 -0.619058 0.000000 -0.785346 2.509956 2.509956 2.509956
2078.604736 0.000000 2509.419922 0.000000 0.500301 0.000000 -0.865851 2.509956 2.509956 2.509956
2081.890137 0.000000 2510.347168 0.000000 0.095559 0.000000 -0.995424 2.509956 2.509956 2.509956
2091.817627 0.000000 2503.408691 0.000000 0.592962 0.000000 0.805230 2.509956 2.509956 2.509956
2090.700928 0.000000 2505.042480 0.000000 -0.649757 0.000000 -0.760142 2.509956 2.509956 2.509956
2089.291504 0.000000 2501.297607 0.000000 0.223230 0.000000 -0.974766 2.509956 2.509956 2.509956
2067.882812 0.000000 2487.800537 0.000000 -0.980917 0.000000 -0.194425 2.509956 2.509956 2.509956
2094.198730 0.000000 2504.364502 -0.000000 -0.775986 0.000000 0.630750 2.509956 2.509956 2.509956
2090.448975 0.000000 2503.049805 0.000000 -0.155199 0.000000 -0.987883 2.509956 2.509956 2.509956
2092.889648 0.000000 2502.272949 0.000000 -0.571582 0.000000 -0.820545 2.509956 2.509956 2.509956
2094.884766 0.000000 2502.605713 0.000000 0.235534 0.000000 -0.971866 2.509956 2.509956 2.509956
2068.747803 0.000000 2485.916016 0.000000 -0.340241 0.000000 -0.940338 2.509956 2.509956 2.509956
2088.990723 0.000000 2503.896484 0.000000 -0.833318 0.000000 -0.552794 2.509956 2.509956 2.509956
2092.263428 0.000000 2505.128906 0.000000 0.798159 0.000000 -0.602446 2.509956 2.509956 2.509956
2088.297363 0.000000 2509.836182 -0.000000 -0.523275 0.000000 0.852164 2.509956 2.509956 2.509956
2087.051758 0.000000 2511.281738 0.000000 -0.944194 0.000000 -0.329391 2.509956 2.509956 2.509956
2085.717285 0.000000 2507.571533 -0.000000 -0.271468 0.000000 0.962447 2.509956 2.509956 2.509956
2089.393799 0.000000 2506.460449 0.000000 -0.789803 0.000000 -0.613361 2.509956 2.509956 2.509956
2090.648438 0.000000 2510.572266 0.000000 0.782064 0.000000 -0.623198 2.509956 2.509956 2.509956
2086.872314 0.000000 2509.199951 0.000000 -0.710856 0.000000 -0.703337 2.509956 2.509956 2.509956
1489.433960 0.000000 5500.533691 0.000000 -0.377713 0.000000 0.925923 2.509956 2.509956 2.509956
1478.939331 0.000000 5505.428711 0.000000 -0.084188 0.000000 0.996449 2.965866 2.965866 2.965866
1481.083130 0.000000 5509.364746 0.000000 0.612985 0.000000 -0.790095 2.965866 2.965866 2.965866
1490.174316 0.000000 5503.875000 0.000000 0.126280 0.000000 -0.991995 2.509956 2.509956 2.509956
1481.977173 0.000000 5514.388184 0.000000 0.901635 0.000000 0.432498 2.965866 2.965866 2.965866
1483.007690 0.000000 5516.317383 0.000000 -0.734024 0.000000 0.679124 2.965866 2.965866 2.965866
1478.200439 0.000000 5515.624512 0.000000 -0.897671 0.000000 0.440666 2.965866 2.965866 2.965866
1479.490356 0.000000 5511.038086 0.000000 -0.881890 0.000000 0.471456 2.965866 2.965866 2.965866
1490.475830 0.000000 5508.672852 0.000000 0.235144 0.000000 -0.971960 2.509956 2.509956 2.509956
1480.857910 0.000000 5515.526855 0.000000 0.684798 0.000000 -0.728733 2.965866 2.965866 2.965866
1481.502686 0.000000 5512.602539 0.000000 -0.557876 0.000000 0.829924 2.965866 2.965866 2.965866
1482.869751 0.000000 5510.670898 0.000000 0.872856 0.000000 0.487976 2.965866 2.965866 2.965866
1478.459106 0.000000 5513.546387 0.000000 -0.603222 0.000000 -0.797574 2.965866 2.965866 2.965866
1480.864258 0.000000 5517.514160 0.000000 -0.837735 0.000000 0.546077 2.965866 2.965866 2.965866
1490.054810 0.000000 5510.755859 0.000000 -0.325137 0.000000 0.945667 2.509956 2.509956 2.509956
2089.271240 0.000000 2508.683838 0.000000 0.711815 0.000000 -0.702367 2.509956 2.509956 2.509956
2091.149170 0.000000 2508.683105 0.000000 0.975114 0.000000 0.221702 2.509956 2.509956 2.509956
2087.184570 0.000000 2506.770996 0.000000 0.956565 0.000000 0.291520 2.509956 2.509956 2.509956
1478.501709 0.000000 5517.972168 0.000000 -0.952571 0.000000 0.304312 2.965866 2.965866 2.965866
2085.366455 0.000000 2510.198242 0.000000 -0.971767 0.000000 -0.235942 2.509956 2.509956 2.509956
2113.397705 0.000000 2473.547119 0.000000 0.454835 0.000000 -0.890576 2.509956 2.509956 2.509956
2088.607178 0.000000 2511.348389 0.000000 0.935751 0.000000 -0.352662 2.509956 2.509956 2.509956
2095.263672 0.000000 2509.464111 -0.000000 -0.098314 0.000000 0.995156 2.509956 2.509956 2.509956
1475.947876 0.000000 5517.160645 0.000000 0.949979 0.000000 -0.312313 2.965866 2.965866 2.965866
2113.176270 0.000000 2475.332520 -0.000000 -0.382006 0.000000 0.924160 2.509956 2.509956 2.509956
2094.064697 0.000000 2511.109863 -0.000000 -0.669147 0.000000 0.743130 2.509956 2.509956 2.509956
2092.616211 0.000000 2507.294189 -0.000000 -0.480851 0.000000 0.876802 2.509956 2.509956 2.509956
1495.111328 0.000000 5491.205566 0.000000 -0.890808 0.000000 -0.454381 2.902580 2.902580 2.902580
1496.062866 0.000000 5493.215820 0.000000 0.102819 0.000000 0.994699 2.902580 2.902580 2.902580
1491.531860 0.000000 5492.470703 0.000000 -0.371543 0.000000 0.928416 2.902580 2.902580 2.902580
1492.758789 0.000000 5488.093262 0.000000 0.888092 0.000000 -0.459666 2.902580 2.902580 2.902580
1496.888184 0.000000 5488.466797 0.000000 -0.968709 0.000000 0.248194 2.965866 2.965866 2.965866
1493.902832 0.000000 5492.275879 0.000000 -0.415437 0.000000 -0.909622 2.902580 2.902580 2.902580
1494.692505 0.000000 5489.515137 0.000000 0.152469 0.000000 -0.988308 2.902580 2.902580 2.902580
1495.521973 0.000000 5486.645508 0.000000 -0.945223 0.000000 0.326425 2.965866 2.965866 2.965866
1491.788696 0.000000 5490.552246 0.000000 -0.391347 0.000000 0.920243 2.902580 2.902580 2.902580
1494.065063 0.000000 5494.332031 0.000000 0.692539 0.000000 -0.721381 2.902580 2.902580 2.902580
1496.379150 0.000000 5490.795410 0.000000 -0.733793 0.000000 -0.679373 2.965866 2.965866 2.965866
2065.734863 0.000000 2489.101807 0.000000 -0.425254 0.000000 -0.905074 2.509956 2.509956 2.509956
2111.083496 0.000000 2469.465332 -0.000000 -0.243711 0.000000 0.969848 2.509956 2.509956 2.509956
2068.357910 0.000000 2491.853760 0.000000 0.468383 0.000000 0.883526 2.509956 2.509956 2.509956
2093.884766 0.000000 2508.944824 0.000000 -0.168976 0.000000 -0.985620 2.509956 2.509956 2.509956
2110.416504 0.000000 2472.916504 -0.000000 -0.745254 0.000000 0.666780 2.509956 2.509956 2.509956
2108.425537 0.000000 2469.268066 -0.000000 -0.818089 0.000000 0.575091 2.509956 2.509956 2.509956
2070.284424 0.000000 2489.110596 0.000000 0.605910 0.000000 0.795533 2.509956 2.509956 2.509956
2110.031494 0.000000 2470.844482 -0.000000 -0.947706 0.000000 0.319144 2.509956 2.509956 2.509956
2108.396484 0.000000 2471.024902 0.000000 0.195412 0.000000 -0.980721 2.509956 2.509956 2.509956
2112.566162 0.000000 2471.827148 0.000000 0.699605 0.000000 0.714530 2.509956 2.509956 2.509956
2074.485840 0.000000 2489.502441 -0.000000 -0.989974 0.000000 0.141251 2.509956 2.509956 2.509956
2094.097656 0.000000 2506.509277 0.000000 0.999762 0.000000 0.021816 2.509956 2.509956 2.509956
2101.700439 0.000000 2476.492920 0.000000 0.854100 0.000000 0.520109 2.509956 2.509956 2.509956
2102.470459 0.000000 2474.673828 0.000000 -0.850502 0.000000 -0.525972 2.509956 2.509956 2.509956
2104.581787 0.000000 2478.315430 0.000000 -0.997513 0.000000 -0.070485 2.509956 2.509956 2.509956
2101.363037 0.000000 2479.974609 -0.000000 -0.089035 0.000000 0.996028 2.509956 2.509956 2.509956
2099.418457 0.000000 2476.251709 0.000000 -0.250548 0.000000 -0.968104 2.509956 2.509956 2.509956
2103.420898 0.000000 2476.861816 0.000000 0.279048 0.000000 -0.960277 2.509956 2.509956 2.509956
2100.835449 0.000000 2477.842041 0.000000 0.914607 0.000000 0.404343 2.509956 2.509956 2.509956
2099.018066 0.000000 2478.306641 0.000000 0.714917 0.000000 -0.699209 2.509956 2.509956 2.509956
2103.282715 0.000000 2479.442139 -0.000000 -0.858149 0.000000 0.513400 2.509956 2.509956 2.509956
2104.510986 0.000000 2475.498047 0.000000 -0.441808 0.000000 -0.897109 2.509956 2.509956 2.509956
2100.839355 0.000000 2475.236572 0.000000 -0.999583 0.000000 0.028864 2.509956 2.509956 2.509956
2103.958496 0.000000 2469.957764 0.000000 0.893722 0.000000 -0.448621 2.509956 2.509956 2.509956
2092.458496 0.000000 2509.938232 0.000000 0.110278 0.000000 -0.993901 2.509956 2.509956 2.509956
2107.107910 0.000000 2471.663086 0.000000 0.598632 0.000000 -0.801024 2.509956 2.509956 2.509956
2103.705322 0.000000 2473.189941 -0.000000 -0.003741 0.000000 0.999993 2.509956 2.509956 2.509956
2073.548096 0.000000 2491.026611 0.000000 -0.090730 0.000000 -0.995876 2.509956 2.509956 2.509956
2105.535156 0.000000 2469.841797 0.000000 -0.606832 0.000000 -0.794830 2.509956 2.509956 2.509956
2103.315430 0.000000 2470.977783 0.000000 -0.633397 0.000000 -0.773827 2.509956 2.509956 2.509956
2101.338135 0.000000 2471.238281 0.000000 -0.689537 0.000000 -0.724251 2.509956 2.509956 2.509956
2105.705078 0.000000 2472.651855 -0.000000 -0.458314 0.000000 0.888790 2.509956 2.509956 2.509956
2072.013916 0.000000 2487.239746 0.000000 -0.341391 0.000000 -0.939921 2.509956 2.509956 2.509956
2075.649658 0.000000 2486.312012 0.000000 0.997182 0.000000 0.075022 2.509956 2.509956 2.509956
2097.266357 0.000000 2471.616455 -0.000000 -0.823359 0.000000 0.567521 2.509956 2.509956 2.509956
2076.906982 0.000000 2490.136230 0.000000 0.842329 0.000000 0.538964 2.509956 2.509956 2.509956
2100.488281 0.000000 2473.099121 -0.000000 0.079436 0.000000 0.996840 2.509956 2.509956 2.509956
2096.643799 0.000000 2474.744385 0.000000 0.960273 0.000000 0.279062 2.509956 2.509956 2.509956
1491.721802 0.000000 5494.694824 0.000000 -0.220088 0.000000 -0.975480 2.902580 2.902580 2.902580
2073.203125 0.000000 2489.032959 0.000000 -0.545123 0.000000 -0.838356 2.509956 2.509956 2.509956
2098.606445 0.000000 2471.565430 0.000000 -0.963671 0.000000 -0.267092 2.509956 2.509956 2.509956
2096.632812 0.000000 2472.944824 0.000000 0.536888 0.000000 -0.843653 2.509956 2.509956 2.509956
2075.554932 0.000000 2488.285889 0.000000 0.735557 0.000000 0.677463 2.509956 2.509956 2.509956
2099.033691 0.000000 2474.191162 0.000000 0.135919 0.000000 -0.990720 2.509956 2.509956 2.509956
1494.612549 0.000000 5493.397949 0.000000 -0.913077 0.000000 0.407785 2.456399 2.456399 2.456399
2099.947998 0.000000 2470.617920 -0.000000 -0.788537 0.000000 0.614987 2.509956 2.509956 2.509956
2077.480957 0.000000 2488.420410 0.000000 -0.882810 0.000000 -0.469730 2.509956 2.509956 2.509956
2073.537109 0.000000 2486.677979 -0.000000 -0.834180 0.000000 0.551492 2.509956 2.509956 2.509956
2071.769043 0.000000 2490.021240 0.000000 0.444657 0.000000 -0.895701 2.509956 2.509956 2.509956
2075.051514 0.000000 2491.013428 0.000000 -0.308296 0.000000 -0.951290 2.509956 2.509956 2.509956
2078.421875 0.000000 2494.563965 0.000000 -0.941679 0.000000 -0.336512 2.509956 2.509956 2.509956
2077.257080 0.000000 2496.099365 0.000000 -0.946731 0.000000 -0.322025 2.509956 2.509956 2.509956
2075.845947 0.000000 2492.324463 0.000000 0.556452 0.000000 0.830880 2.509956 2.509956 2.509956
2079.647705 0.000000 2491.333984 0.000000 -0.591453 0.000000 -0.806339 2.509956 2.509956 2.509956
2080.879150 0.000000 2495.289795 0.000000 -0.493141 0.000000 -0.869950 2.509956 2.509956 2.509956
1489.286133 0.000000 5490.020996 0.000000 0.738294 0.000000 -0.674478 2.509956 2.509956 2.509956
1487.847290 0.000000 5491.515625 0.000000 -0.624731 0.000000 -0.780839 2.509956 2.509956 2.509956
2077.069824 0.000000 2494.297607 0.000000 0.527693 0.000000 -0.849435 2.509956 2.509956 2.509956
2079.573730 0.000000 2493.396729 0.000000 -0.225841 0.000000 -0.974164 2.509956 2.509956 2.509956
1492.122925 0.000000 5491.898438 0.000000 0.649724 0.000000 -0.760170 2.456399 2.456399 2.456399
1487.895142 0.000000 5489.599609 0.000000 -0.961539 0.000000 -0.274668 2.509956 2.509956 2.509956
1490.414185 0.000000 5489.096191 0.000000 -0.483658 0.000000 -0.875257 2.509956 2.509956 2.509956
1492.864868 0.000000 5490.281250 0.000000 0.993952 0.000000 0.109818 2.456399 2.456399 2.456399
2081.364258 0.000000 2493.544434 0.000000 0.957180 0.000000 0.289493 2.509956 2.509956 2.509956
1486.325806 0.000000 5490.171875 0.000000 0.988111 0.000000 0.153735 2.509956 2.509956 2.509956
1489.378418 0.000000 5491.557129 0.000000 -0.627584 0.000000 -0.778548 2.509956 2.509956 2.509956
1487.353149 0.000000 5496.292480 0.000000 0.950996 0.000000 -0.309203 2.509956 2.509956 2.509956
1486.061157 0.000000 5497.714844 0.000000 -0.577874 0.000000 -0.816126 2.509956 2.509956 2.509956
1485.068481 0.000000 5493.726074 0.000000 0.946555 0.000000 0.322541 2.509956 2.509956 2.509956
1489.026733 0.000000 5493.230957 0.000000 -0.473160 0.000000 -0.880976 2.509956 2.509956 2.509956
1489.641846 0.000000 5497.301270 0.000000 0.731791 0.000000 -0.681530 2.509956 2.509956 2.509956
1486.076538 0.000000 5495.712402 0.000000 -0.780859 0.000000 -0.624707 2.509956 2.509956 2.509956
1488.517212 0.000000 5495.290527 0.000000 0.497996 0.000000 -0.867180 2.509956 2.509956 2.509956
1490.593018 0.000000 5495.662109 0.000000 0.737919 0.000000 -0.674890 2.509956 2.509956 2.509956
1486.772583 0.000000 5493.201660 0.000000 0.830971 0.000000 0.556316 2.509956 2.509956 2.509956
1484.552490 0.000000 5496.406738 0.000000 -0.916107 0.000000 -0.400935 2.509956 2.509956 2.509956
2077.373291 0.000000 2491.819580 -0.000000 -0.778938 0.000000 0.627100 2.509956 2.509956 2.509956
2075.532715 0.000000 2495.129639 0.000000 0.996112 0.000000 -0.088091 2.509956 2.509956 2.509956
2078.805420 0.000000 2496.034424 0.000000 -0.904202 0.000000 -0.427106 2.509956 2.509956 2.509956
1487.540161 0.000000 5497.799316 0.000000 0.260531 0.000000 0.965465 2.509956 2.509956 2.509956
1480.732056 0.000000 5499.079102 0.000000 -0.987273 0.000000 0.159038 2.509956 2.509956 2.509956
2088.891602 0.000000 2489.338135 -0.000000 -0.600398 0.000000 0.799701 2.509956 2.509956 2.509956
1479.472778 0.000000 5500.414062 0.000000 -0.497592 0.000000 0.867411 2.509956 2.509956 2.509956
1478.527100 0.000000 5496.409668 0.000000 0.476439 0.000000 0.879207 2.509956 2.509956 2.509956
2087.786377 0.000000 2490.974121 0.000000 0.605885 0.000000 -0.795552 2.509956 2.509956 2.509956
2086.357666 0.000000 2487.049561 0.000000 0.166780 0.000000 -0.985994 2.509956 2.509956 2.509956
2090.000488 0.000000 2486.102051 0.000000 -0.982720 0.000000 -0.185099 2.509956 2.509956 2.509956
2091.191895 0.000000 2490.071777 0.000000 0.987821 0.000000 -0.155592 2.509956 2.509956 2.509956
1482.358276 0.000000 5495.894043 0.000000 -0.562697 0.000000 -0.826664 2.509956 2.509956 2.509956
1482.989624 0.000000 5500.114258 0.000000 0.799093 0.000000 0.601208 2.509956 2.509956 2.509956
2087.362549 0.000000 2488.788330 0.000000 0.928731 0.000000 0.370756 2.509956 2.509956 2.509956
2089.979492 0.000000 2488.190186 0.000000 -0.491038 0.000000 0.871138 2.509956 2.509956 2.509956
1479.418945 0.000000 5498.286133 0.000000 -0.454690 0.000000 -0.890650 2.509956 2.509956 2.509956
2091.879395 0.000000 2488.245117 0.000000 0.626669 0.000000 0.779286 2.509956 2.509956 2.509956
2087.876709 0.000000 2486.291016 0.000000 -0.427858 0.000000 -0.903846 2.509956 2.509956 2.509956
2086.032227 0.000000 2489.798340 0.000000 0.935687 0.000000 -0.352830 2.509956 2.509956 2.509956
2089.432129 0.000000 2490.809082 0.000000 0.068099 0.000000 -0.997679 2.509956 2.509956 2.509956
2085.375488 0.000000 2495.458252 0.000000 0.359939 0.000000 0.932976 2.509956 2.509956 2.509956
2084.274902 0.000000 2497.078857 0.000000 0.039299 0.000000 0.999227 2.509956 2.509956 2.509956
2082.687500 0.000000 2493.205811 0.000000 0.739269 0.000000 0.673410 2.509956 2.509956 2.509956
2086.397705 0.000000 2492.293701 0.000000 -0.994928 0.000000 -0.100590 2.509956 2.509956 2.509956
2087.808350 0.000000 2496.218994 0.000000 0.122511 0.000000 0.992467 2.509956 2.509956 2.509956
2083.909668 0.000000 2495.130127 0.000000 0.849875 0.000000 -0.526985 2.509956 2.509956 2.509956
2086.301270 0.000000 2494.440918 0.000000 0.831544 0.000000 -0.555459 2.509956 2.509956 2.509956
2088.279297 0.000000 2494.562988 0.000000 0.787639 0.000000 -0.616137 2.509956 2.509956 2.509956
2084.282227 0.000000 2492.498535 0.000000 -0.840215 0.000000 -0.542254 2.509956 2.509956 2.509956
1482.008789 0.000000 5497.976074 0.000000 -0.890126 0.000000 0.455715 2.509956 2.509956 2.509956
2082.435059 0.000000 2495.948486 0.000000 -0.953007 0.000000 -0.302948 2.509956 2.509956 2.509956
2085.741943 0.000000 2497.134521 -0.000000 -0.692980 0.000000 0.720956 2.509956 2.509956 2.509956
1550.086792 0.000000 5413.208496 0.000000 0.671239 0.000000 0.741241 2.333965 2.333965 2.333965
2092.280273 0.000000 2495.136475 0.000000 -0.485095 0.000000 -0.874461 2.509956 2.509956 2.509956
1483.912109 0.000000 5498.404785 0.000000 -0.679560 0.000000 -0.733620 2.509956 2.509956 2.509956
1516.173340 0.000000 5535.951172 0.000000 0.740892 0.000000 -0.671625 2.509956 2.509956 2.509956
1512.373291 0.000000 5533.544922 0.000000 -0.861367 0.000000 -0.507984 2.509956 2.509956 2.509956
1510.175049 0.000000 5536.640137 0.000000 -0.893765 0.000000 0.448536 2.509956 2.509956 2.509956
1513.264038 0.000000 5538.041992 0.000000 -0.912560 0.000000 -0.408944 2.509956 2.509956 2.509956
1506.646729 0.000000 5539.012695 0.000000 0.762889 0.000000 -0.646530 2.509956 2.509956 2.509956
1505.700806 0.000000 5540.152344 0.000000 0.843287 0.000000 -0.537463 2.456399 2.456399 2.456399
1504.723145 0.000000 5536.224121 0.000000 0.790396 0.000000 -0.612596 2.456399 2.456399 2.456399
1508.250122 0.000000 5535.972168 0.000000 -0.957017 0.000000 -0.290032 2.509956 2.509956 2.509956
1508.950806 0.000000 5540.076172 0.000000 0.029302 0.000000 -0.999570 2.509956 2.509956 2.509956
1505.618774 0.000000 5538.129395 0.000000 0.012077 0.000000 -0.999927 2.456399 2.456399 2.456399
1507.813965 0.000000 5537.919434 0.000000 0.107483 0.000000 -0.994207 2.509956 2.509956 2.509956
1509.804932 0.000000 5538.432617 0.000000 0.842133 0.000000 -0.539269 2.509956 2.509956 2.509956
1506.020996 0.000000 5535.976074 0.000000 -0.467107 0.000000 -0.884201 2.509956 2.509956 2.509956
1504.080933 0.000000 5538.765137 0.000000 0.463447 0.000000 0.886124 2.456399 2.456399 2.456399
1506.965820 0.000000 5540.516113 0.000000 0.838856 0.000000 -0.544353 2.509956 2.509956 2.509956
1551.722046 0.000000 5415.956543 0.000000 -0.978867 0.000000 -0.204496 2.333965 2.333965 2.333965
1480.218628 0.000000 5495.944824 0.000000 0.961414 0.000000 0.275106 2.509956 2.509956 2.509956
1477.928345 0.000000 5499.039062 0.000000 0.788326 0.000000 -0.615257 2.509956 2.509956 2.509956
2091.081055 0.000000 2496.866943 -0.000000 -0.842979 0.000000 0.537946 2.509956 2.509956 2.509956
1480.953735 0.000000 5500.505859 0.000000 -0.291281 0.000000 0.956638 2.509956 2.509956 2.509956
1473.763672 0.000000 5507.708496 0.000000 0.991868 0.000000 0.127269 2.965866 2.965866 2.965866
1548.155762 0.000000 5415.736816 0.000000 -0.345696 0.000000 0.938347 2.333965 2.333965 2.333965
1502.976807 0.000000 5537.298340 0.000000 -0.996897 0.000000 0.078706 2.456399 2.456399 2.456399
1471.724365 0.000000 5506.648926 0.000000 -0.802492 0.000000 -0.596662 2.965866 2.965866 2.965866
1475.628296 0.000000 5504.140625 0.000000 0.853818 0.000000 0.520572 2.965866 2.965866 2.965866
1477.721436 0.000000 5508.436523 0.000000 -0.943818 0.000000 0.330465 2.965866 2.965866 2.965866
1473.408569 0.000000 5510.518066 0.000000 0.721698 0.000000 0.692209 2.965866 2.965866 2.965866
1473.952759 0.000000 5505.945801 0.000000 -0.998343 0.000000 0.057548 2.965866 2.965866 2.965866
1475.199707 0.000000 5508.462891 0.000000 0.837830 0.000000 0.545931 2.965866 2.965866 2.965866
1475.407715 0.000000 5510.926758 0.000000 -0.999549 0.000000 0.030044 2.965866 2.965866 2.965866
1476.792236 0.000000 5505.796875 0.000000 0.539272 0.000000 0.842131 2.965866 2.965866 2.965866
1472.511841 0.000000 5504.293457 0.000000 -0.612347 0.000000 -0.790589 2.965866 2.965866 2.965866
1471.963379 0.000000 5508.371094 0.000000 -0.605555 0.000000 0.795803 2.965866 2.965866 2.965866
2089.538818 0.000000 2492.988525 0.000000 -0.999847 0.000000 -0.017499 2.509956 2.509956 2.509956
2093.477051 0.000000 2492.052979 -0.000000 -0.370769 0.000000 0.928725 2.509956 2.509956 2.509956
1470.600830 0.000000 5509.680176 0.000000 0.360781 0.000000 0.932650 2.965866 2.965866 2.965866
1472.438599 0.000000 5513.929199 0.000000 -0.967096 0.000000 0.254411 2.965866 2.965866 2.965866
1548.388184 0.000000 5411.819336 0.000000 -0.341249 0.000000 -0.939972 2.333965 2.333965 2.333965
1492.126343 0.000000 5525.004883 0.000000 0.998983 0.000000 -0.045091 2.509956 2.509956 2.509956
1498.873413 0.000000 5543.345703 0.000000 0.650502 0.000000 0.759505 2.902580 2.902580 2.902580
1551.330200 0.000000 5413.826660 0.000000 0.214913 0.000000 0.976633 2.333965 2.333965 2.333965
1471.619141 0.000000 5511.284668 0.000000 0.933287 0.000000 0.359130 2.965866 2.965866 2.965866
2094.729004 0.000000 2495.975830 -0.000000 -0.252821 0.000000 0.967513 2.509956 2.509956 2.509956
2090.936768 0.000000 2494.795166 0.000000 0.359184 0.000000 -0.933267 2.509956 2.509956 2.509956
1484.191162 0.000000 5518.789062 0.000000 -0.760532 0.000000 0.649301 2.509956 2.509956 2.509956
1482.316162 0.000000 5517.927246 0.000000 -0.209351 0.000000 0.977841 2.509956 2.509956 2.509956
1485.865356 0.000000 5515.998535 0.000000 -0.957280 0.000000 0.289165 2.509956 2.509956 2.509956
1487.316772 0.000000 5519.494141 0.000000 -0.467983 0.000000 -0.883738 2.509956 2.509956 2.509956
1529.385498 0.000000 5540.771973 0.000000 0.819143 0.000000 0.573589 2.509956 2.509956 2.509956
1484.373901 0.000000 5517.374512 0.000000 0.836728 0.000000 -0.547619 2.509956 2.509956 2.509956
1485.337646 0.000000 5519.617676 0.000000 0.507148 0.000000 0.861859 2.509956 2.509956 2.509956
1528.183716 0.000000 5542.254395 0.000000 0.997110 0.000000 0.075966 2.509956 2.509956 2.509956
1486.802856 0.000000 5517.271973 0.000000 0.777187 0.000000 0.629269 2.509956 2.509956 2.509956
1483.173706 0.000000 5516.222168 0.000000 0.268321 0.000000 -0.963329 2.509956 2.509956 2.509956
1482.739258 0.000000 5519.490723 0.000000 -0.358469 0.000000 0.933542 2.509956 2.509956 2.509956
1527.188110 0.000000 5538.172363 0.000000 0.202092 0.000000 0.979366 2.509956 2.509956 2.509956
1531.090210 0.000000 5537.675781 0.000000 0.103862 0.000000 0.994592 2.509956 2.509956 2.509956
1531.714355 0.000000 5541.885254 0.000000 -0.815239 0.000000 -0.579125 2.509956 2.509956 2.509956
1528.173218 0.000000 5540.220215 0.000000 -0.725907 0.000000 0.687793 2.509956 2.509956 2.509956
1530.622925 0.000000 5539.686035 0.000000 -0.067601 0.000000 0.997712 2.509956 2.509956 2.509956
1532.624756 0.000000 5540.171875 0.000000 -0.560317 0.000000 0.828278 2.509956 2.509956 2.509956
1528.823608 0.000000 5537.760254 0.000000 0.668418 0.000000 0.743786 2.509956 2.509956 2.509956
1526.569946 0.000000 5540.826172 0.000000 -0.532250 0.000000 -0.846587 2.509956 2.509956 2.509956
1529.726685 0.000000 5542.293457 0.000000 -0.985061 0.000000 -0.172204 2.509956 2.509956 2.509956
2093.226074 0.000000 2493.965820 0.000000 0.787679 0.000000 0.616086 2.509956 2.509956 2.509956
2095.270508 0.000000 2494.097412 0.000000 -0.418543 0.000000 -0.908197 2.509956 2.509956 2.509956
1548.979126 0.000000 5413.975586 0.000000 -0.873722 0.000000 0.486426 2.333965 2.333965 2.333965
2091.167236 0.000000 2492.234131 0.000000 0.972895 0.000000 0.231249 2.509956 2.509956 2.509956
2089.465820 0.000000 2495.604004 0.000000 -0.535711 0.000000 -0.844401 2.509956 2.509956 2.509956
2092.595947 0.000000 2496.675781 0.000000 0.903089 0.000000 0.429452 2.509956 2.509956 2.509956
1550.399658 0.000000 5478.616699 0.000000 -0.578970 0.000000 -0.815348 2.509956 2.509956 2.509956
1552.141235 0.000000 5479.708984 0.000000 -0.749092 0.000000 0.662466 2.509956 2.509956 2.509956
1548.451660 0.000000 5481.365723 0.000000 -0.417358 0.000000 -0.908742 2.509956 2.509956 2.509956
1547.037842 0.000000 5477.681641 0.000000 -0.622036 0.000000 -0.782989 2.509956 2.509956 2.509956
1551.003174 0.000000 5476.323730 0.000000 0.778832 0.000000 -0.627232 2.509956 2.509956 2.509956
1550.268066 0.000000 5480.069824 0.000000 0.046386 0.000000 -0.998924 2.509956 2.509956 2.509956
2116.388672 0.000000 2493.749512 0.000000 0.978998 0.000000 -0.203869 2.509956 2.509956 2.509956
2114.716553 0.000000 2489.949219 0.000000 0.413922 0.000000 0.910312 2.509956 2.509956 2.509956
1549.212402 0.000000 5477.730957 0.000000 -0.151383 0.000000 -0.988476 2.509956 2.509956 2.509956
2116.260498 0.000000 2491.791992 -0.000000 -0.822300 0.000000 0.569054 2.509956 2.509956 2.509956
2114.257812 0.000000 2492.029785 -0.000000 -0.904205 0.000000 0.427098 2.509956 2.509956 2.509956
2116.412842 0.000000 2489.035889 0.000000 0.629130 0.000000 -0.777300 2.509956 2.509956 2.509956
2112.416748 0.000000 2486.050049 0.000000 -0.023513 0.000000 -0.999724 2.509956 2.509956 2.509956
2113.201660 0.000000 2484.202148 0.000000 -0.402723 0.000000 -0.915322 2.509956 2.509956 2.509956
1506.080322 0.000000 5489.104980 0.000000 0.795156 0.000000 -0.606405 2.509956 2.509956 2.509956
1501.161133 0.000000 5490.865723 0.000000 0.804553 0.000000 0.593880 2.965866 2.965866 2.965866
1500.090942 0.000000 5486.005859 0.000000 -0.876629 0.000000 -0.481167 2.965866 2.965866 2.965866
2115.116455 0.000000 2487.722656 0.000000 0.999985 0.000000 -0.005541 2.509956 2.509956 2.509956
1501.092285 0.000000 5488.372070 0.000000 0.970857 0.000000 0.239664 2.965866 2.965866 2.965866
1499.247437 0.000000 5489.182129 0.000000 0.390709 0.000000 0.920514 2.965866 2.965866 2.965866
1506.086548 0.000000 5490.608887 0.000000 -0.908365 0.000000 -0.418180 2.509956 2.509956 2.509956
1504.116455 0.000000 5495.286133 0.000000 0.726656 0.000000 -0.687002 2.509956 2.509956 2.509956
1502.701538 0.000000 5496.753906 0.000000 -0.840412 0.000000 -0.541947 2.509956 2.509956 2.509956
1497.873291 0.000000 5493.441406 0.000000 -0.991127 0.000000 0.132918 2.965866 2.965866 2.965866
1505.736328 0.000000 5492.355957 0.000000 -0.992948 0.000000 -0.118550 2.509956 2.509956 2.509956
1506.439209 0.000000 5496.447266 0.000000 0.809726 0.000000 -0.586809 2.509956 2.509956 2.509956
1498.903442 0.000000 5495.600098 0.000000 -0.824384 0.000000 -0.566031 2.965866 2.965866 2.965866
1505.215210 0.000000 5494.287109 0.000000 -0.424891 0.000000 0.905244 2.509956 2.509956 2.509956
1507.147095 0.000000 5494.712891 0.000000 0.074414 0.000000 -0.997228 2.509956 2.509956 2.509956
1499.750000 0.000000 5492.767578 0.000000 -0.519633 0.000000 -0.854391 2.965866 2.965866 2.965866
1501.237427 0.000000 5495.347656 0.000000 -0.992478 0.000000 0.122430 2.509956 2.509956 2.509956
1504.365845 0.000000 5496.832520 0.000000 0.145714 0.000000 -0.989327 2.509956 2.509956 2.509956
1497.528320 0.000000 5498.102051 0.000000 -0.285709 0.000000 0.958316 2.509956 2.509956 2.509956
1496.178589 0.000000 5499.461426 0.000000 -0.264347 0.000000 0.964428 2.509956 2.509956 2.509956
1495.242432 0.000000 5495.339355 0.000000 0.562767 0.000000 0.826615 2.509956 2.509956 2.509956
1499.060669 0.000000 5495.083008 0.000000 0.664891 0.000000 0.746940 2.509956 2.509956 2.509956
1499.818604 0.000000 5499.123047 0.000000 -0.999509 0.000000 0.031321 2.509956 2.509956 2.509956
1496.233276 0.000000 5497.375977 0.000000 -0.817636 0.000000 0.575736 2.509956 2.509956 2.509956
1498.614990 0.000000 5496.973633 0.000000 0.249513 0.000000 -0.968372 2.509956 2.509956 2.509956
1500.620728 0.000000 5497.537109 0.000000 -0.950372 0.000000 0.311117 2.509956 2.509956 2.509956
1496.986206 0.000000 5494.971680 0.000000 -0.147090 0.000000 -0.989123 2.509956 2.509956 2.509956
1494.697021 0.000000 5498.034180 0.000000 -0.723862 0.000000 0.689944 2.509956 2.509956 2.509956
1497.632568 0.000000 5499.635254 0.000000 -0.999936 0.000000 -0.011311 2.509956 2.509956 2.509956
1498.178467 0.000000 5503.793945 0.000000 0.898519 0.000000 -0.438935 2.509956 2.509956 2.509956
1496.364502 0.000000 5503.090820 0.000000 -0.851198 0.000000 -0.524843 2.509956 2.509956 2.509956
1499.766968 0.000000 5500.817871 0.000000 -0.314011 0.000000 -0.949420 2.509956 2.509956 2.509956
1501.372437 0.000000 5504.391602 0.000000 -0.722424 0.000000 -0.691449 2.509956 2.509956 2.509956
1497.905151 0.000000 5506.268555 0.000000 -0.791711 0.000000 0.610897 2.509956 2.509956 2.509956
1498.327148 0.000000 5502.397461 0.000000 -0.983090 0.000000 0.183120 2.509956 2.509956 2.509956
1499.426758 0.000000 5504.688477 0.000000 0.562215 0.000000 -0.826992 2.509956 2.509956 2.509956
1499.613770 0.000000 5506.489258 0.000000 -0.045721 0.000000 0.998955 2.509956 2.509956 2.509956
1500.854004 0.000000 5502.384277 0.000000 0.946170 0.000000 0.323671 2.509956 2.509956 2.509956
1497.189087 0.000000 5501.049805 0.000000 -0.691473 0.000000 0.722402 2.509956 2.509956 2.509956
1496.644043 0.000000 5504.475586 0.000000 -0.744699 0.000000 0.667400 2.509956 2.509956 2.509956
1493.672852 0.000000 5508.547852 0.000000 -0.371873 0.000000 -0.928284 2.509956 2.509956 2.509956
1491.968994 0.000000 5507.676270 0.000000 -0.296099 0.000000 -0.955157 2.509956 2.509956 2.509956
1495.373657 0.000000 5505.589355 0.000000 -0.752749 0.000000 -0.658308 2.509956 2.509956 2.509956
1497.104126 0.000000 5509.115234 0.000000 0.946193 0.000000 0.323604 2.509956 2.509956 2.509956
1493.345703 0.000000 5511.063477 0.000000 0.999547 0.000000 -0.030081 2.509956 2.509956 2.509956
1493.837158 0.000000 5507.138672 0.000000 -0.991981 0.000000 0.126390 2.509956 2.509956 2.509956
1495.079590 0.000000 5509.415527 0.000000 0.594740 0.000000 -0.803918 2.509956 2.509956 2.509956
1495.285645 0.000000 5511.384277 0.000000 0.754486 0.000000 -0.656315 2.509956 2.509956 2.509956
1496.380737 0.000000 5506.904297 0.000000 0.042251 0.000000 -0.999107 2.509956 2.509956 2.509956
1492.731567 0.000000 5505.807617 0.000000 0.992205 0.000000 0.124622 2.509956 2.509956 2.509956
1492.323975 0.000000 5509.248047 0.000000 -0.558848 0.000000 -0.829270 2.509956 2.509956 2.509956
2111.573975 0.000000 2489.453369 0.000000 -0.996733 0.000000 0.080772 2.509956 2.509956 2.509956
1499.051025 0.000000 5517.043945 0.000000 -0.974694 0.000000 0.223545 2.509956 2.509956 2.509956
1502.638062 0.000000 5514.884277 0.000000 -0.035543 0.000000 -0.999369 2.509956 2.509956 2.509956
2109.733154 0.000000 2485.941406 -0.000000 -0.833200 0.000000 0.552971 2.509956 2.509956 2.509956
2113.629639 0.000000 2486.284668 -0.000000 -0.939656 0.000000 0.342121 2.509956 2.509956 2.509956
1500.929810 0.000000 5516.404785 0.000000 -0.950867 0.000000 0.309600 2.509956 2.509956 2.509956
2111.630859 0.000000 2487.314697 0.000000 -0.263127 0.000000 -0.964761 2.509956 2.509956 2.509956
2109.373047 0.000000 2487.631104 0.000000 0.998871 0.000000 0.047508 2.509956 2.509956 2.509956
1503.529785 0.000000 5516.429688 0.000000 -0.642000 0.000000 0.766704 2.509956 2.509956 2.509956
1499.811523 0.000000 5515.208496 0.000000 0.004633 0.000000 -0.999990 2.509956 2.509956 2.509956
2114.025391 0.000000 2488.784424 -0.000000 -0.334966 0.000000 0.942230 2.509956 2.509956 2.509956
1494.062134 0.000000 5515.359375 0.000000 -0.169068 0.000000 -0.985605 2.509956 2.509956 2.509956
1492.332275 0.000000 5514.641113 0.000000 -0.940414 0.000000 -0.340030 2.509956 2.509956 2.509956
1495.685181 0.000000 5512.538574 0.000000 0.867082 0.000000 0.498163 2.509956 2.509956 2.509956
1497.499756 0.000000 5516.062012 0.000000 0.848464 0.000000 -0.529253 2.509956 2.509956 2.509956
1493.656250 0.000000 5517.934570 0.000000 -0.260888 0.000000 -0.965369 2.509956 2.509956 2.509956
1494.281982 0.000000 5513.995117 0.000000 0.981590 0.000000 -0.191000 2.509956 2.509956 2.509956
1495.409546 0.000000 5516.229492 0.000000 0.925321 0.000000 -0.379184 2.509956 2.509956 2.509956
1495.667725 0.000000 5518.188477 0.000000 0.757010 0.000000 -0.653402 2.509956 2.509956 2.509956
1496.732056 0.000000 5513.926758 0.000000 0.907732 0.000000 0.419551 2.509956 2.509956 2.509956
1493.051758 0.000000 5512.855469 0.000000 -0.871833 0.000000 -0.489803 2.509956 2.509956 2.509956
1492.567383 0.000000 5516.096191 0.000000 0.336601 0.000000 -0.941647 2.509956 2.509956 2.509956
2115.138428 0.000000 2484.979980 0.000000 -0.113352 0.000000 -0.993555 2.509956 2.509956 2.509956
2111.476074 0.000000 2484.814453 -0.000000 -0.917039 0.000000 0.398798 2.509956 2.509956 2.509956
2106.120605 0.000000 2494.841797 0.000000 -0.586398 0.000000 -0.810023 2.509956 2.509956 2.509956
2104.711426 0.000000 2493.328125 0.000000 0.357306 0.000000 0.933988 2.509956 2.509956 2.509956
2104.569824 0.000000 2495.821045 0.000000 0.887239 0.000000 0.461309 2.509956 2.509956 2.509956
2105.599121 0.000000 2492.196045 0.000000 0.919985 0.000000 0.391953 2.509956 2.509956 2.509956
2105.249756 0.000000 2486.366211 0.000000 -0.916990 0.000000 -0.398911 2.509956 2.509956 2.509956
1525.479858 0.000000 5539.268066 0.000000 0.415371 0.000000 -0.909652 2.509956 2.509956 2.509956
2106.306152 0.000000 2484.851074 -0.000000 -0.382830 0.000000 0.923819 2.509956 2.509956 2.509956
2108.520508 0.000000 2488.259277 0.000000 0.271509 0.000000 -0.962436 2.509956 2.509956 2.509956
2104.831055 0.000000 2489.697510 0.000000 -0.723907 0.000000 -0.689897 2.509956 2.509956 2.509956
2102.729980 0.000000 2486.349609 -0.000000 -0.953710 0.000000 0.300728 2.509956 2.509956 2.509956
2106.650146 0.000000 2486.620605 0.000000 -0.975475 0.000000 -0.220110 2.509956 2.509956 2.509956
1525.240601 0.000000 5537.018555 0.000000 -0.459036 0.000000 0.888417 2.509956 2.509956 2.509956
2104.492432 0.000000 2487.963867 0.000000 0.912323 0.000000 -0.409472 2.509956 2.509956 2.509956
2106.915527 0.000000 2489.364990 0.000000 0.718344 0.000000 -0.695688 2.509956 2.509956 2.509956
2107.875977 0.000000 2485.561035 0.000000 0.979826 0.000000 -0.199852 2.509956 2.509956 2.509956
2104.713135 0.000000 2484.903320 0.000000 0.600289 0.000000 0.799783 2.509956 2.509956 2.509956
1525.684570 0.000000 5531.676270 0.000000 0.757944 0.000000 -0.652320 2.509956 2.509956 2.509956
1523.751221 0.000000 5530.994141 0.000000 0.569025 0.000000 0.822319 2.509956 2.509956 2.509956
2060.050293 0.000000 2458.603516 0.000000 -0.406704 0.000000 -0.913560 2.509956 2.509956 2.509956
1525.574219 0.000000 5534.136719 0.000000 0.170423 0.000000 0.985371 2.509956 2.509956 2.509956
1525.647583 0.000000 5530.166016 0.000000 -0.145275 0.000000 0.989392 2.509956 2.509956 2.509956
1527.011597 0.000000 5532.291992 0.000000 -0.439488 0.000000 -0.898249 2.509956 2.509956 2.509956
1527.385010 0.000000 5534.247070 0.000000 0.418558 0.000000 0.908191 2.509956 2.509956 2.509956
2063.256104 0.000000 2462.578125 0.000000 -0.966115 0.000000 -0.258114 2.509956 2.509956 2.509956
1524.423706 0.000000 5529.024414 0.000000 0.067449 0.000000 -0.997723 2.509956 2.509956 2.509956
1524.370483 0.000000 5532.409180 0.000000 0.209486 0.000000 -0.977811 2.509956 2.509956 2.509956
1519.169067 0.000000 5532.434082 0.000000 -0.995776 0.000000 -0.091813 2.509956 2.509956 2.509956
1517.386475 0.000000 5531.721680 0.000000 -0.407122 0.000000 -0.913374 2.509956 2.509956 2.509956
1520.678955 0.000000 5529.279297 0.000000 -0.751934 0.000000 -0.659239 2.509956 2.509956 2.509956
1522.590820 0.000000 5532.692871 0.000000 -0.999994 0.000000 -0.003535 2.509956 2.509956 2.509956
1519.111816 0.000000 5534.857422 0.000000 -0.385217 0.000000 -0.922826 2.509956 2.509956 2.509956
1519.288696 0.000000 5530.926270 0.000000 0.471433 0.000000 -0.881902 2.509956 2.509956 2.509956
1520.546875 0.000000 5533.022461 0.000000 -0.456511 0.000000 -0.889718 2.509956 2.509956 2.509956
1521.001465 0.000000 5534.957520 0.000000 -0.086788 0.000000 0.996227 2.509956 2.509956 2.509956
1521.781372 0.000000 5530.680664 0.000000 0.686925 0.000000 -0.726727 2.509956 2.509956 2.509956
1518.034546 0.000000 5529.772461 0.000000 0.089256 0.000000 0.996008 2.509956 2.509956 2.509956
1503.842773 0.000000 5517.116699 0.000000 -0.616487 0.000000 0.787365 2.509956 2.509956 2.509956
1502.063110 0.000000 5516.455566 0.000000 0.450640 0.000000 -0.892705 2.509956 2.509956 2.509956
1505.306519 0.000000 5513.978516 0.000000 -0.543184 0.000000 -0.839614 2.509956 2.509956 2.509956
1517.883301 0.000000 5533.132324 0.000000 0.293022 0.000000 0.956105 2.509956 2.509956 2.509956
1514.034668 0.000000 5527.395020 0.000000 0.561677 0.000000 0.827358 2.509956 2.509956 2.509956
1503.876099 0.000000 5515.621094 0.000000 -0.072774 0.000000 -0.997348 2.509956 2.509956 2.509956
1512.327759 0.000000 5526.760254 0.000000 -0.526798 0.000000 0.849991 2.509956 2.509956 2.509956
1515.606689 0.000000 5524.262207 0.000000 0.007641 0.000000 0.999971 2.509956 2.509956 2.509956
1506.345337 0.000000 5515.426758 0.000000 -0.989084 0.000000 -0.147356 2.509956 2.509956 2.509956
1502.668823 0.000000 5514.494629 0.000000 0.101800 0.000000 -0.994804 2.509956 2.509956 2.509956
1502.523438 0.000000 5517.924316 0.000000 0.982902 0.000000 -0.184130 2.509956 2.509956 2.509956
1498.767822 0.000000 5519.976074 0.000000 0.139205 0.000000 0.990263 2.509956 2.509956 2.509956
1498.833252 0.000000 5518.127441 0.000000 -0.988144 0.000000 0.153537 2.509956 2.509956 2.509956
1517.470825 0.000000 5527.636230 0.000000 0.242206 0.000000 0.970226 2.509956 2.509956 2.509956
1514.008423 0.000000 5529.869141 0.000000 0.191654 0.000000 0.981463 2.509956 2.509956 2.509956
1496.408081 0.000000 5520.711426 0.000000 0.745406 0.000000 -0.666612 2.509956 2.509956 2.509956
1500.105347 0.000000 5519.519531 0.000000 0.466947 0.000000 0.884286 2.509956 2.509956 2.509956
1498.548828 0.000000 5521.517578 0.000000 -0.959086 0.000000 0.283114 2.509956 2.509956 2.509956
1496.851929 0.000000 5522.491699 0.000000 0.895338 0.000000 -0.445387 2.509956 2.509956 2.509956
1514.170532 0.000000 5525.973145 0.000000 0.773921 0.000000 -0.633283 2.509956 2.509956 2.509956
1500.884033 0.000000 5518.006836 0.000000 -0.245331 0.000000 -0.969439 2.509956 2.509956 2.509956
1497.570312 0.000000 5518.875977 0.000000 0.241505 0.000000 -0.970399 2.509956 2.509956 2.509956
1492.641235 0.000000 5517.893066 0.000000 0.962241 0.000000 0.272201 2.509956 2.509956 2.509956
1492.818481 0.000000 5515.912109 0.000000 0.145011 0.000000 -0.989431 2.509956 2.509956 2.509956
1496.142578 0.000000 5518.218262 0.000000 0.305523 0.000000 -0.952184 2.509956 2.509956 2.509956
1493.474487 0.000000 5521.120605 0.000000 -0.059949 0.000000 -0.998202 2.509956 2.509956 2.509956
1490.261475 0.000000 5518.542969 0.000000 -0.934306 0.000000 -0.356469 2.509956 2.509956 2.509956
1494.147461 0.000000 5517.375488 0.000000 -0.483062 0.000000 0.875586 2.509956 2.509956 2.509956
1492.451904 0.000000 5519.364258 0.000000 -0.365198 0.000000 -0.930930 2.509956 2.509956 2.509956
1490.803955 0.000000 5520.335449 0.000000 0.574482 0.000000 -0.818518 2.509956 2.509956 2.509956
1495.158691 0.000000 5519.703125 0.000000 -0.994571 0.000000 -0.104056 2.509956 2.509956 2.509956
1494.772095 0.000000 5515.852539 0.000000 -0.530998 0.000000 -0.847373 2.509956 2.509956 2.509956
1491.572388 0.000000 5516.804199 0.000000 0.319553 0.000000 -0.947568 2.509956 2.509956 2.509956
1486.956543 0.000000 5527.999023 0.000000 0.188618 0.000000 -0.982050 2.509956 2.509956 2.509956
1486.930420 0.000000 5526.035645 0.000000 -0.558871 0.000000 -0.829255 2.509956 2.509956 2.509956
1490.356445 0.000000 5528.459961 0.000000 0.451657 0.000000 -0.892191 2.509956 2.509956 2.509956
1515.484619 0.000000 5528.044922 0.000000 -0.343306 0.000000 0.939223 2.509956 2.509956 2.509956
1484.495361 0.000000 5528.660645 0.000000 -0.019402 0.000000 -0.999812 2.509956 2.509956 2.509956
1488.334595 0.000000 5527.559082 0.000000 0.404156 0.000000 0.914690 2.509956 2.509956 2.509956
1486.648560 0.000000 5529.532227 0.000000 -0.332462 0.000000 -0.943117 2.509956 2.509956 2.509956
1484.934326 0.000000 5530.488281 0.000000 -0.979952 0.000000 0.199233 2.509956 2.509956 2.509956
1515.858154 0.000000 5530.046875 0.000000 -0.999503 0.000000 -0.031541 2.509956 2.509956 2.509956
1488.949341 0.000000 5526.100586 0.000000 -0.676880 0.000000 -0.736094 2.509956 2.509956 2.509956
1485.646484 0.000000 5526.987305 0.000000 -0.651815 0.000000 -0.758378 2.509956 2.509956 2.509956
1486.503906 0.000000 5520.844238 0.000000 -0.609483 0.000000 0.792799 2.509956 2.509956 2.509956
1486.523071 0.000000 5518.884766 0.000000 0.431661 0.000000 0.902036 2.509956 2.509956 2.509956
1489.901245 0.000000 5521.252441 0.000000 -0.298761 0.000000 0.954328 2.509956 2.509956 2.509956
1487.229004 0.000000 5524.209473 0.000000 -0.981781 0.000000 -0.190017 2.509956 2.509956 2.509956
1484.026978 0.000000 5521.589355 0.000000 0.965203 0.000000 0.261503 2.509956 2.509956 2.509956
1487.841553 0.000000 5520.467285 0.000000 0.547912 0.000000 0.836536 2.509956 2.509956 2.509956
1486.218872 0.000000 5522.367188 0.000000 -0.701847 0.000000 -0.712328 2.509956 2.509956 2.509956
1484.521729 0.000000 5523.382324 0.000000 -0.968013 0.000000 -0.250899 2.509956 2.509956 2.509956
1488.872192 0.000000 5522.776855 0.000000 0.856089 0.000000 0.516830 2.509956 2.509956 2.509956
1488.587769 0.000000 5518.899414 0.000000 0.467454 0.000000 -0.884018 2.509956 2.509956 2.509956
1485.244263 0.000000 5519.787109 0.000000 0.671087 0.000000 0.741378 2.509956 2.509956 2.509956
1480.805054 0.000000 5524.904297 0.000000 -0.820385 0.000000 -0.571814 2.509956 2.509956 2.509956
1480.887451 0.000000 5522.958984 0.000000 0.701562 0.000000 0.712608 2.509956 2.509956 2.509956
1484.219849 0.000000 5525.307617 0.000000 0.535278 0.000000 0.844676 2.509956 2.509956 2.509956
1516.592651 0.000000 5525.673340 0.000000 -0.596456 0.000000 -0.802646 2.509956 2.509956 2.509956
1512.880859 0.000000 5524.845215 0.000000 -0.902035 0.000000 -0.431662 2.509956 2.509956 2.509956
1482.285400 0.000000 5524.556641 0.000000 -0.762957 0.000000 0.646449 2.509956 2.509956 2.509956
1512.741943 0.000000 5528.179688 0.000000 0.728755 0.000000 0.684775 2.509956 2.509956 2.509956
1509.028320 0.000000 5530.274902 0.000000 0.166145 0.000000 0.986101 2.509956 2.509956 2.509956
1483.255859 0.000000 5526.797363 0.000000 -0.545963 0.000000 -0.837810 2.509956 2.509956 2.509956
1482.948486 0.000000 5523.000000 0.000000 -0.935895 0.000000 0.352280 2.509956 2.509956 2.509956
1509.065796 0.000000 5528.416016 0.000000 0.964784 0.000000 0.263045 2.509956 2.509956 2.509956
1512.429077 0.000000 5530.727539 0.000000 0.939496 0.000000 -0.342559 2.509956 2.509956 2.509956
1509.999878 0.000000 5533.444336 0.000000 0.891788 0.000000 -0.452454 2.456399 2.456399 2.456399
1506.620728 0.000000 5531.033691 0.000000 0.997504 0.000000 0.070623 2.509956 2.509956 2.509956
1510.371948 0.000000 5529.814453 0.000000 0.399714 0.000000 0.916640 2.509956 2.509956 2.509956
1509.046021 0.000000 5531.655273 0.000000 -0.733405 0.000000 0.679793 2.456399 2.456399 2.456399
1507.078491 0.000000 5532.797852 0.000000 0.999385 0.000000 0.035072 2.509956 2.509956 2.509956
1511.410522 0.000000 5532.163086 0.000000 0.726544 0.000000 0.687119 2.509956 2.509956 2.509956
1511.141235 0.000000 5528.307129 0.000000 -0.315754 0.000000 -0.948842 2.509956 2.509956 2.509956
1507.793701 0.000000 5529.168457 0.000000 0.295428 0.000000 0.955365 2.509956 2.509956 2.509956
1502.965454 0.000000 5528.149902 0.000000 0.468042 0.000000 -0.883706 2.509956 2.509956 2.509956
1503.079712 0.000000 5526.209473 0.000000 0.131809 0.000000 -0.991275 2.509956 2.509956 2.509956
1506.361694 0.000000 5528.577637 0.000000 0.996320 0.000000 0.085713 2.509956 2.509956 2.509956
1500.042603 0.000000 5539.091309 0.000000 -0.661117 0.000000 -0.750283 2.965866 2.965866 2.965866
1496.296143 0.000000 5535.962402 0.000000 0.544282 0.000000 0.838903 2.965866 2.965866 2.965866
1504.376099 0.000000 5527.648438 0.000000 0.075144 0.000000 0.997172 2.509956 2.509956 2.509956
1498.914185 0.000000 5537.083496 0.000000 -0.948026 0.000000 0.318193 2.965866 2.965866 2.965866
1496.904541 0.000000 5538.196777 0.000000 0.928186 0.000000 -0.372117 2.965866 2.965866 2.965866
1505.417114 0.000000 5529.934082 0.000000 -0.368386 0.000000 -0.929673 2.509956 2.509956 2.509956
1505.027832 0.000000 5526.185547 0.000000 0.861437 0.000000 0.507864 2.509956 2.509956 2.509956
1501.791016 0.000000 5527.091797 0.000000 0.292968 0.000000 0.956122 2.509956 2.509956 2.509956
1497.621582 0.000000 5538.044434 0.000000 0.669068 0.000000 0.743201 2.456399 2.456399 2.456399
1492.963867 0.000000 5544.670410 0.000000 0.872574 0.000000 -0.488481 2.902580 2.902580 2.902580
1500.934448 0.000000 5538.494141 0.000000 -0.797119 0.000000 -0.603822 2.456399 2.456399 2.456399
1498.297119 0.000000 5541.265625 0.000000 0.713215 0.000000 0.700946 2.456399 2.456399 2.456399
1495.296265 0.000000 5538.692383 0.000000 0.456033 0.000000 -0.889964 2.456399 2.456399 2.456399
1499.058228 0.000000 5537.588379 0.000000 -0.043742 0.000000 0.999043 2.456399 2.456399 2.456399
1497.369385 0.000000 5539.586426 0.000000 -0.966275 0.000000 -0.257511 2.456399 2.456399 2.456399
1495.722778 0.000000 5540.443359 0.000000 0.834256 0.000000 -0.551378 2.456399 2.456399 2.456399
1500.089844 0.000000 5539.882324 0.000000 0.785973 0.000000 -0.618260 2.456399 2.456399 2.456399
1495.258057 0.000000 5544.738770 0.000000 0.999999 0.000000 0.000872 2.902580 2.902580 2.902580
1496.404785 0.000000 5537.020996 0.000000 -0.463415 0.000000 -0.886142 2.456399 2.456399 2.456399
1491.774292 0.000000 5538.709473 0.000000 -0.538736 0.000000 -0.842474 2.965866 2.965866 2.965866
1491.930786 0.000000 5536.506836 0.000000 0.874895 0.000000 -0.484312 2.965866 2.965866 2.965866
1495.844849 0.000000 5539.306641 0.000000 -0.945287 0.000000 0.326240 2.965866 2.965866 2.965866
1493.239868 0.000000 5542.494629 0.000000 0.990741 0.000000 0.135768 2.902580 2.902580 2.902580
1488.930542 0.000000 5539.549316 0.000000 -0.465721 0.000000 -0.884931 2.965866 2.965866 2.965866
1493.512817 0.000000 5538.301270 0.000000 0.309736 0.000000 -0.950823 2.965866 2.965866 2.965866
1491.573608 0.000000 5540.507324 0.000000 0.068810 0.000000 0.997629 2.965866 2.965866 2.965866
1489.566162 0.000000 5541.667969 0.000000 0.063627 0.000000 -0.997974 2.965866 2.965866 2.965866
1494.692749 0.000000 5541.066895 0.000000 -0.980323 0.000000 0.197401 2.965866 2.965866 2.965866
1494.262695 0.000000 5536.513184 0.000000 -0.993055 0.000000 0.117646 2.965866 2.965866 2.965866
1490.363403 0.000000 5537.486816 0.000000 0.683084 0.000000 0.730340 2.965866 2.965866 2.965866
1491.731689 0.000000 5534.995117 0.000000 0.687251 0.000000 -0.726420 2.456399 2.456399 2.456399
1491.166260 0.000000 5533.298828 0.000000 -0.984363 0.000000 -0.176155 2.509956 2.509956 2.509956
1489.753906 0.000000 5543.803711 0.000000 0.897443 0.000000 0.441129 2.902580 2.902580 2.902580
1492.436646 0.000000 5538.225586 0.000000 -0.478048 0.000000 -0.878334 2.456399 2.456399 2.456399
1489.308105 0.000000 5535.716797 0.000000 -0.958208 0.000000 -0.286071 2.456399 2.456399 2.456399
1493.103027 0.000000 5534.661133 0.000000 0.829531 0.000000 -0.558461 2.456399 2.456399 2.456399
1491.524536 0.000000 5536.499512 0.000000 0.758660 0.000000 -0.651488 2.456399 2.456399 2.456399
1489.783813 0.000000 5537.429199 0.000000 -0.616606 0.000000 -0.787271 2.456399 2.456399 2.456399
1494.050781 0.000000 5536.863281 0.000000 0.699069 0.000000 0.715053 2.456399 2.456399 2.456399
1487.629883 0.000000 5541.203613 0.000000 0.204323 0.000000 0.978903 2.965866 2.965866 2.965866
1489.904297 0.000000 5534.185059 0.000000 -0.994775 0.000000 -0.102102 2.509956 2.509956 2.509956
2064.478516 0.000000 2464.118164 0.000000 -0.909172 0.000000 -0.416421 2.509956 2.509956 2.509956
2060.442871 0.000000 2464.363770 0.000000 -0.210206 0.000000 -0.977657 2.509956 2.509956 2.509956
2060.756592 0.000000 2460.467285 0.000000 -0.148130 0.000000 -0.988968 2.509956 2.509956 2.509956
2064.722900 0.000000 2460.479248 0.000000 -0.859780 0.000000 -0.510664 2.509956 2.509956 2.509956
2062.631348 0.000000 2463.818359 0.000000 0.149587 0.000000 0.988749 2.509956 2.509956 2.509956
2062.612793 0.000000 2461.261475 0.000000 0.216910 0.000000 0.976192 2.509956 2.509956 2.509956
2063.239746 0.000000 2459.530762 -0.000000 -0.925023 0.000000 0.379911 2.509956 2.509956 2.509956
2060.374023 0.000000 2462.729980 0.000000 0.099504 0.000000 -0.995037 2.509956 2.509956 2.509956
2063.027588 0.000000 2465.442627 0.000000 0.127002 0.000000 0.991902 2.509956 2.509956 2.509956
2064.781250 0.000000 2462.734619 0.000000 0.954562 0.000000 -0.298011 2.509956 2.509956 2.509956
2069.184570 0.000000 2465.465332 0.000000 0.496880 0.000000 0.867819 2.509956 2.509956 2.509956
2070.220703 0.000000 2466.990479 0.000000 -0.887007 0.000000 -0.461757 2.509956 2.509956 2.509956
2066.236084 0.000000 2467.344238 0.000000 0.234096 0.000000 -0.972214 2.509956 2.509956 2.509956
2066.393555 0.000000 2463.536865 0.000000 -0.860942 0.000000 0.508704 2.509956 2.509956 2.509956
2070.483643 0.000000 2463.541992 0.000000 0.960443 0.000000 -0.278477 2.509956 2.509956 2.509956
2068.289551 0.000000 2466.638184 0.000000 0.674767 0.000000 0.738031 2.509956 2.509956 2.509956
2068.259766 0.000000 2464.268555 -0.000000 -0.990116 0.000000 0.140249 2.509956 2.509956 2.509956
2068.976562 0.000000 2462.414551 0.000000 -0.992265 0.000000 0.124141 2.509956 2.509956 2.509956
2065.972656 0.000000 2465.567627 0.000000 0.992313 0.000000 0.123753 2.509956 2.509956 2.509956
2068.608887 0.000000 2468.375244 -0.000000 -0.985398 0.000000 0.170266 2.509956 2.509956 2.509956
2070.730469 0.000000 2465.617432 0.000000 0.100279 0.000000 -0.994959 2.509956 2.509956 2.509956
1533.129883 0.000000 5546.647949 0.000000 0.987205 0.000000 0.159461 2.509956 2.509956 2.509956
1531.276001 0.000000 5545.930664 0.000000 -0.208808 0.000000 -0.977956 2.509956 2.509956 2.509956
1534.641846 0.000000 5543.527832 0.000000 0.999764 0.000000 0.021721 2.509956 2.509956 2.509956
2070.776123 0.000000 2472.485596 0.000000 0.145392 0.000000 0.989374 2.509956 2.509956 2.509956
1533.167603 0.000000 5545.157715 0.000000 0.682582 0.000000 -0.730809 2.509956 2.509956 2.509956
1531.887085 0.000000 5543.983398 0.000000 -0.432258 0.000000 -0.901750 2.509956 2.509956 2.509956
1531.884033 0.000000 5547.379395 0.000000 -0.477740 0.000000 0.878501 2.509956 2.509956 2.509956
1526.722656 0.000000 5547.355469 0.000000 -0.666343 0.000000 0.745646 2.509956 2.509956 2.509956
1524.927734 0.000000 5546.671875 0.000000 0.144692 0.000000 -0.989477 2.509956 2.509956 2.509956
1528.189087 0.000000 5544.260742 0.000000 -0.951476 0.000000 -0.307722 2.509956 2.509956 2.509956
1530.130005 0.000000 5547.632324 0.000000 -0.848024 0.000000 0.529957 2.509956 2.509956 2.509956
1526.655640 0.000000 5549.811035 0.000000 -0.203776 0.000000 0.979018 2.509956 2.509956 2.509956
1526.784668 0.000000 5545.870605 0.000000 -0.354901 0.000000 0.934904 2.509956 2.509956 2.509956
1528.098022 0.000000 5547.974609 0.000000 0.244460 0.000000 -0.969659 2.509956 2.509956 2.509956
1528.470825 0.000000 5549.911133 0.000000 -0.325536 0.000000 -0.945529 2.509956 2.509956 2.509956
1529.280273 0.000000 5545.614258 0.000000 0.485189 0.000000 -0.874410 2.509956 2.509956 2.509956
1525.495361 0.000000 5544.762695 0.000000 0.770387 0.000000 0.637578 2.509956 2.509956 2.509956
1525.394775 0.000000 5548.082520 0.000000 0.150639 0.000000 0.988589 2.509956 2.509956 2.509956
1521.555786 0.000000 5542.405273 0.000000 0.999092 0.000000 0.042614 2.509956 2.509956 2.509956
1519.754028 0.000000 5541.730469 0.000000 -0.840844 0.000000 -0.541278 2.509956 2.509956 2.509956
1523.111572 0.000000 5539.215820 0.000000 -0.049231 0.000000 0.998788 2.509956 2.509956 2.509956
1524.952148 0.000000 5542.649902 0.000000 0.944931 0.000000 0.327268 2.509956 2.509956 2.509956
1521.523315 0.000000 5544.896973 0.000000 0.978367 0.000000 -0.206875 2.509956 2.509956 2.509956
1521.599121 0.000000 5540.919922 0.000000 -0.852118 0.000000 -0.523350 2.509956 2.509956 2.509956
1522.966309 0.000000 5542.984375 0.000000 -0.043197 0.000000 0.999067 2.509956 2.509956 2.509956
1523.405151 0.000000 5544.949219 0.000000 -0.476008 0.000000 0.879440 2.509956 2.509956 2.509956
1524.146362 0.000000 5540.677246 0.000000 0.929809 0.000000 -0.368043 2.509956 2.509956 2.509956
1520.398315 0.000000 5539.746582 0.000000 -0.338408 0.000000 -0.940999 2.509956 2.509956 2.509956
1520.275146 0.000000 5543.100098 0.000000 -0.175418 0.000000 -0.984494 2.509956 2.509956 2.509956
1519.882080 0.000000 5545.622559 0.000000 0.527473 0.000000 0.849572 2.509956 2.509956 2.509956
1518.943359 0.000000 5547.159668 0.000000 -0.999390 0.000000 0.034929 2.509956 2.509956 2.509956
1518.669800 0.000000 5543.331055 0.000000 0.963689 0.000000 -0.267029 2.509956 2.509956 2.509956
1510.524658 0.000000 5541.199219 0.000000 -0.801036 0.000000 -0.598616 2.509956 2.509956 2.509956
1512.586670 0.000000 5541.096191 0.000000 0.191125 0.000000 -0.981566 2.509956 2.509956 2.509956
1502.241821 0.000000 5553.986816 0.000000 -0.999883 0.000000 -0.015337 2.509956 2.509956 2.509956
1502.727661 0.000000 5555.696777 0.000000 0.575997 0.000000 -0.817452 2.509956 2.509956 2.509956
1503.483154 0.000000 5552.251953 0.000000 -0.627532 0.000000 0.778591 2.509956 2.509956 2.509956
1502.189575 0.000000 5546.321777 0.000000 0.082622 0.000000 -0.996581 2.456399 2.456399 2.456399
1502.623413 0.000000 5548.110840 0.000000 -0.765024 0.000000 -0.644000 2.456399 2.456399 2.456399
1503.387695 0.000000 5544.668945 0.000000 -0.977242 0.000000 0.212123 2.456399 2.456399 2.456399
1570.780273 0.000000 5415.617676 0.000000 0.917921 0.000000 -0.396764 1.926727 1.926727 1.926727
1569.586548 0.000000 5418.561523 0.000000 -0.442345 0.000000 0.896845 1.926727 1.926727 1.926727
1499.013916 0.000000 5549.594238 0.000000 -0.391064 0.000000 -0.920363 2.456399 2.456399 2.456399
1499.151733 0.000000 5547.743164 0.000000 -0.728819 0.000000 0.684707 2.456399 2.456399 2.456399
1569.967041 0.000000 5416.785156 0.000000 0.805617 0.000000 -0.592436 1.926727 1.926727 1.926727
1502.384155 0.000000 5550.081543 0.000000 -0.959898 0.000000 0.280351 2.456399 2.456399 2.456399
1499.377930 0.000000 5553.446289 0.000000 0.282121 0.000000 0.959380 2.509956 2.509956 2.509956
1568.343628 0.000000 5417.932617 0.000000 0.399257 0.000000 -0.916839 1.926727 1.926727 1.926727
1571.085083 0.000000 5417.041016 0.000000 0.992385 0.000000 -0.123174 1.926727 1.926727 1.926727
1496.702759 0.000000 5550.300293 0.000000 0.345308 0.000000 -0.938489 2.456399 2.456399 2.456399
1500.410889 0.000000 5549.237793 0.000000 0.109487 0.000000 0.993989 2.456399 2.456399 2.456399
1498.359863 0.000000 5551.693359 0.000000 0.875190 0.000000 0.483780 2.509956 2.509956 2.509956
1496.691772 0.000000 5552.696289 0.000000 -0.986210 0.000000 0.165496 2.509956 2.509956 2.509956
1571.040405 0.000000 5418.550781 0.000000 0.727325 0.000000 0.686292 1.926727 1.926727 1.926727
1501.064697 0.000000 5552.106934 0.000000 -0.952594 0.000000 0.304245 2.509956 2.509956 2.509956
1501.042603 0.000000 5547.721191 0.000000 -0.655813 0.000000 -0.754923 2.456399 2.456399 2.456399
1497.892090 0.000000 5548.565918 0.000000 0.138574 0.000000 -0.990352 2.456399 2.456399 2.456399
2071.849121 0.000000 2473.946777 0.000000 0.571110 0.000000 0.820874 2.509956 2.509956 2.509956
1570.301880 0.000000 5420.021973 0.000000 0.644896 0.000000 0.764270 1.926727 1.926727 1.926727
2067.634766 0.000000 2474.228271 0.000000 -0.931213 0.000000 -0.364475 2.509956 2.509956 2.509956
2068.018555 0.000000 2470.508789 0.000000 0.556263 0.000000 -0.831006 2.509956 2.509956 2.509956
2072.085693 0.000000 2470.548584 -0.000000 -0.794500 0.000000 0.607265 2.509956 2.509956 2.509956
2069.754883 0.000000 2473.667236 0.000000 -0.975434 0.000000 -0.220294 2.509956 2.509956 2.509956
2069.895264 0.000000 2471.298584 0.000000 0.713922 0.000000 -0.700226 2.509956 2.509956 2.509956
2070.566162 0.000000 2469.436768 0.000000 0.878738 0.000000 -0.477304 2.509956 2.509956 2.509956
2067.688721 0.000000 2472.520752 0.000000 -0.169133 0.000000 -0.985593 2.509956 2.509956 2.509956
2070.246582 0.000000 2475.225098 0.000000 -0.643980 0.000000 -0.765043 2.509956 2.509956 2.509956
2072.121338 0.000000 2472.631836 0.000000 -0.960217 0.000000 0.279256 2.509956 2.509956 2.509956
2076.404053 0.000000 2472.848877 0.000000 0.997842 0.000000 0.065667 2.509956 2.509956 2.509956
2075.302734 0.000000 2474.407227 0.000000 0.984668 0.000000 0.174437 2.509956 2.509956 2.509956
2073.788086 0.000000 2470.696289 0.000000 0.999371 0.000000 -0.035450 2.509956 2.509956 2.509956
2077.745605 0.000000 2469.676025 0.000000 0.108077 0.000000 0.994142 2.509956 2.509956 2.509956
2078.808105 0.000000 2473.654541 -0.000000 -0.946127 0.000000 0.323796 2.509956 2.509956 2.509956
2075.098389 0.000000 2472.410400 0.000000 0.677190 0.000000 0.735808 2.509956 2.509956 2.509956
2077.533447 0.000000 2471.677246 0.000000 -0.486723 0.000000 -0.873556 2.509956 2.509956 2.509956
2079.522949 0.000000 2471.811279 0.000000 -0.337501 0.000000 -0.941325 2.509956 2.509956 2.509956
2075.443115 0.000000 2470.052246 0.000000 0.891519 0.000000 -0.452984 2.509956 2.509956 2.509956
2073.549561 0.000000 2473.358154 -0.000000 -0.996828 0.000000 0.079587 2.509956 2.509956 2.509956
2076.900146 0.000000 2474.365234 0.000000 0.712702 0.000000 0.701467 2.509956 2.509956 2.509956
2080.330566 0.000000 2477.990234 0.000000 0.997300 0.000000 0.073439 2.509956 2.509956 2.509956
2079.187744 0.000000 2479.587646 0.000000 0.950028 0.000000 -0.312164 2.509956 2.509956 2.509956
2077.830811 0.000000 2475.800293 -0.000000 -0.091351 0.000000 0.995819 2.509956 2.509956 2.509956
2081.639404 0.000000 2474.798340 0.000000 0.016159 0.000000 -0.999870 2.509956 2.509956 2.509956
2082.807373 0.000000 2478.674805 0.000000 -0.469661 0.000000 -0.882847 2.509956 2.509956 2.509956
2079.022461 0.000000 2477.556152 0.000000 -0.249489 0.000000 -0.968377 2.509956 2.509956 2.509956
2081.341309 0.000000 2476.858887 0.000000 0.985713 0.000000 -0.168435 2.509956 2.509956 2.509956
2083.451172 0.000000 2476.988525 -0.000000 -0.144042 0.000000 0.989571 2.509956 2.509956 2.509956
2079.248535 0.000000 2475.051514 0.000000 -0.905352 0.000000 -0.424663 2.509956 2.509956 2.509956
2077.454590 0.000000 2478.500000 0.000000 0.999863 0.000000 -0.016576 2.509956 2.509956 2.509956
2080.857666 0.000000 2479.423340 0.000000 -0.308091 0.000000 -0.951357 2.509956 2.509956 2.509956
2090.798828 0.000000 2472.551514 0.000000 0.621630 0.000000 0.783311 2.509956 2.509956 2.509956
2089.746094 0.000000 2474.214600 0.000000 -0.325670 0.000000 -0.945484 2.509956 2.509956 2.509956
2088.159668 0.000000 2470.488770 0.000000 0.863017 0.000000 -0.505175 2.509956 2.509956 2.509956
2092.002441 0.000000 2469.422607 0.000000 0.706457 0.000000 0.707756 2.509956 2.509956 2.509956
2093.279541 0.000000 2473.389404 0.000000 0.143688 0.000000 0.989623 2.509956 2.509956 2.509956
2089.282959 0.000000 2472.277344 -0.000000 -0.964207 0.000000 0.265152 2.509956 2.509956 2.509956
2091.925293 0.000000 2471.451416 0.000000 -0.259652 0.000000 -0.965702 2.509956 2.509956 2.509956
2093.725098 0.000000 2471.773193 -0.000000 -0.948018 0.000000 0.318216 2.509956 2.509956 2.509956
2089.791748 0.000000 2469.823242 -0.000000 -0.545084 0.000000 0.838381 2.509956 2.509956 2.509956
2088.071045 0.000000 2473.188477 -0.000000 -0.479227 0.000000 0.877691 2.509956 2.509956 2.509956
2091.290527 0.000000 2474.271484 0.000000 -0.641861 0.000000 0.766821 2.509956 2.509956 2.509956
1547.404907 0.000000 5413.329102 0.000000 0.539817 0.000000 -0.841783 2.333965 2.333965 2.333965
1550.296265 0.000000 5415.991699 0.000000 -0.505102 0.000000 0.863059 2.333965 2.333965 2.333965
1552.796997 0.000000 5413.759766 0.000000 0.778428 0.000000 -0.627733 2.333965 2.333965 2.333965
2087.290771 0.000000 2478.975342 0.000000 0.485861 0.000000 -0.874036 2.509956 2.509956 2.509956
2086.057617 0.000000 2480.405273 0.000000 -0.882390 0.000000 -0.470518 2.509956 2.509956 2.509956
2084.557373 0.000000 2476.620361 0.000000 0.931609 0.000000 0.363461 2.509956 2.509956 2.509956
2088.402832 0.000000 2475.774902 0.000000 0.756776 0.000000 -0.653674 2.509956 2.509956 2.509956
1554.450562 0.000000 5414.457031 0.000000 -0.585939 0.000000 -0.810355 2.333965 2.333965 2.333965
2089.726318 0.000000 2479.587402 0.000000 -0.206930 0.000000 -0.978356 2.509956 2.509956 2.509956
2085.941406 0.000000 2478.478271 0.000000 0.313567 0.000000 -0.949566 2.509956 2.509956 2.509956
2088.318848 0.000000 2477.681396 0.000000 0.319172 0.000000 0.947697 2.509956 2.509956 2.509956
2090.291016 0.000000 2477.809082 0.000000 -0.259907 0.000000 -0.965634 2.509956 2.509956 2.509956
2086.261475 0.000000 2475.871338 0.000000 0.622832 0.000000 0.782356 2.509956 2.509956 2.509956
2084.519287 0.000000 2479.351807 0.000000 0.103999 0.000000 0.994577 2.509956 2.509956 2.509956
2087.621582 0.000000 2480.510498 -0.000000 -0.854170 0.000000 0.519993 2.509956 2.509956 2.509956
2094.094482 0.000000 2478.542236 0.000000 -0.931602 0.000000 -0.363480 2.509956 2.509956 2.509956
2092.956787 0.000000 2480.129639 0.000000 -0.967214 0.000000 -0.253962 2.509956 2.509956 2.509956
2091.598145 0.000000 2476.441406 0.000000 0.512552 0.000000 -0.858656 2.509956 2.509956 2.509956
2095.368652 0.000000 2475.460205 0.000000 0.576754 0.000000 -0.816918 2.509956 2.509956 2.509956
2096.507812 0.000000 2479.380127 0.000000 -0.946948 0.000000 0.321388 2.509956 2.509956 2.509956
2092.759277 0.000000 2478.205566 -0.000000 -0.846718 0.000000 0.532042 2.509956 2.509956 2.509956
2095.217529 0.000000 2477.510498 0.000000 0.554887 0.000000 -0.831925 2.509956 2.509956 2.509956
2097.075439 0.000000 2477.607910 -0.000000 -0.951178 0.000000 0.308643 2.509956 2.509956 2.509956
2093.143066 0.000000 2475.567383 0.000000 0.794697 0.000000 0.607007 2.509956 2.509956 2.509956
2091.296143 0.000000 2479.007080 0.000000 0.910663 0.000000 0.413149 2.509956 2.509956 2.509956
2094.595703 0.000000 2480.208740 -0.000000 -0.671474 0.000000 0.741028 2.509956 2.509956 2.509956
1534.913574 0.000000 5405.261230 0.000000 0.397904 0.000000 0.917427 2.509956 2.509956 2.509956
1536.797485 0.000000 5408.248535 0.000000 0.862126 0.000000 0.506693 2.509956 2.509956 2.509956
1532.792236 0.000000 5407.916992 0.000000 0.506680 0.000000 0.862134 2.509956 2.509956 2.509956
1532.883911 0.000000 5403.878906 0.000000 0.029000 0.000000 -0.999579 2.509956 2.509956 2.509956
1536.250366 0.000000 5406.288574 0.000000 0.996645 0.000000 0.081841 2.509956 2.509956 2.509956
1533.665405 0.000000 5406.120605 0.000000 0.540211 0.000000 -0.841530 2.509956 2.509956 2.509956
1531.870117 0.000000 5405.327148 0.000000 -0.674626 0.000000 -0.738160 2.509956 2.509956 2.509956
1534.879639 0.000000 5408.503418 0.000000 -0.952665 0.000000 -0.304020 2.509956 2.509956 2.509956
1549.116943 0.000000 5475.896484 0.000000 0.875247 0.000000 -0.483677 2.509956 2.509956 2.509956
1547.718140 0.000000 5479.889160 0.000000 0.070515 0.000000 0.997510 2.509956 2.509956 2.509956
1551.033813 0.000000 5481.398926 0.000000 -0.863038 0.000000 -0.505139 2.509956 2.509956 2.509956
1551.685913 0.000000 5478.110352 0.000000 0.995293 0.000000 0.096912 2.509956 2.509956 2.509956
1554.185425 0.000000 5484.472656 0.000000 0.966345 0.000000 -0.257249 2.509956 2.509956 2.509956
1555.933350 0.000000 5485.360352 0.000000 0.863787 0.000000 -0.503858 2.509956 2.509956 2.509956
1552.171021 0.000000 5487.195801 0.000000 -0.993026 0.000000 0.117896 2.509956 2.509956 2.509956
1551.015381 0.000000 5483.454102 0.000000 0.289333 0.000000 -0.957229 2.509956 2.509956 2.509956
1554.708740 0.000000 5481.806152 0.000000 0.898817 0.000000 0.438324 2.509956 2.509956 2.509956
1554.109619 0.000000 5485.781738 0.000000 -0.337966 0.000000 0.941158 2.509956 2.509956 2.509956
1553.071533 0.000000 5483.408203 0.000000 -0.020516 0.000000 0.999789 2.509956 2.509956 2.509956
1553.040039 0.000000 5481.514648 0.000000 0.615797 0.000000 -0.787905 2.509956 2.509956 2.509956
1551.524292 0.000000 5485.504395 0.000000 0.253448 0.000000 0.967349 2.509956 2.509956 2.509956
1555.003418 0.000000 5487.000488 0.000000 0.379489 0.000000 0.925196 2.509956 2.509956 2.509956
1555.741943 0.000000 5483.766113 0.000000 0.399836 0.000000 -0.916587 2.509956 2.509956 2.509956
2062.436523 0.000000 2493.352295 0.000000 0.621023 0.000000 0.783792 2.509956 2.509956 2.509956
2060.512939 0.000000 2497.107422 0.000000 0.691977 0.000000 0.721919 2.509956 2.509956 2.509956
1553.659180 0.000000 5488.477539 0.000000 -0.675378 0.000000 -0.737471 2.509956 2.509956 2.509956
2060.864014 0.000000 2494.690674 0.000000 -0.870030 0.000000 0.492998 2.509956 2.509956 2.509956
2062.190918 0.000000 2496.225098 0.000000 0.450255 0.000000 -0.892900 2.509956 2.509956 2.509956
1543.928467 0.000000 5501.700684 0.000000 0.489978 0.000000 -0.871735 2.509956 2.509956 2.509956
1551.652588 0.000000 5489.255859 0.000000 -0.095721 0.000000 -0.995408 2.509956 2.509956 2.509956
1550.864502 0.000000 5461.636719 0.000000 -0.463761 0.000000 -0.885961 2.509956 2.509956 2.509956
1552.427734 0.000000 5462.653809 0.000000 -0.997424 0.000000 -0.071729 2.509956 2.509956 2.509956
1548.947876 0.000000 5464.566895 0.000000 0.530008 0.000000 -0.847992 2.509956 2.509956 2.509956
1547.597900 0.000000 5460.753906 0.000000 0.037273 0.000000 0.999305 2.509956 2.509956 2.509956
1551.310791 0.000000 5459.170410 0.000000 0.877251 0.000000 0.480031 2.509956 2.509956 2.509956
1550.567627 0.000000 5463.241699 0.000000 -0.904026 0.000000 0.427478 2.509956 2.509956 2.509956
1549.606689 0.000000 5460.722656 0.000000 0.353762 0.000000 0.935336 2.509956 2.509956 2.509956
1549.635376 0.000000 5458.890137 0.000000 0.625185 0.000000 -0.780476 2.509956 2.509956 2.509956
1547.976562 0.000000 5462.889160 0.000000 -0.808049 0.000000 -0.589115 2.509956 2.509956 2.509956
1551.448364 0.000000 5464.466797 0.000000 -0.955755 0.000000 -0.294164 2.509956 2.509956 2.509956
1552.324219 0.000000 5461.167480 0.000000 -0.516264 0.000000 0.856429 2.509956 2.509956 2.509956
2062.476074 0.000000 2504.013428 0.000000 0.999874 0.000000 -0.015900 2.509956 2.509956 2.509956
2060.629639 0.000000 2504.461914 0.000000 0.906570 0.000000 -0.422056 2.509956 2.509956 2.509956
2062.185791 0.000000 2500.634277 0.000000 0.947722 0.000000 0.319097 2.509956 2.509956 2.509956
2065.622803 0.000000 2502.531494 0.000000 0.138110 0.000000 0.990417 2.509956 2.509956 2.509956
2063.699219 0.000000 2506.286621 -0.000000 -0.110529 0.000000 0.993873 2.509956 2.509956 2.509956
2061.765381 0.000000 2502.804199 0.000000 0.297380 0.000000 0.954759 2.509956 2.509956 2.509956
1538.624756 0.000000 5407.542480 0.000000 -0.316054 0.000000 0.948741 2.509956 2.509956 2.509956
2064.050293 0.000000 2503.869873 0.000000 0.169498 0.000000 -0.985531 2.509956 2.509956 2.509956
2065.377197 0.000000 2505.404297 0.000000 0.763622 -0.000000 -0.645664 2.509956 2.509956 2.509956
2063.787354 0.000000 2501.262939 0.000000 0.858210 0.000000 0.513298 2.509956 2.509956 2.509956
2060.147217 0.000000 2502.414062 0.000000 0.995399 0.000000 -0.095812 2.509956 2.509956 2.509956
2061.855225 0.000000 2505.410889 0.000000 -0.454739 0.000000 0.890625 2.509956 2.509956 2.509956
1538.534790 0.000000 5409.859375 0.000000 -0.464660 0.000000 -0.885489 2.509956 2.509956 2.509956
1537.262207 0.000000 5415.104980 0.000000 0.805031 0.000000 -0.593233 2.509956 2.509956 2.509956
1538.791870 0.000000 5416.090332 0.000000 -0.796989 0.000000 -0.603993 2.509956 2.509956 2.509956
1537.688477 0.000000 5412.609863 0.000000 -0.978534 0.000000 -0.206085 2.509956 2.509956 2.509956
1536.897339 0.000000 5416.366211 0.000000 0.602844 0.000000 -0.797859 2.509956 2.509956 2.509956
1535.811035 0.000000 5414.118164 0.000000 0.625821 0.000000 -0.779968 2.509956 2.509956 2.509956
1535.729370 0.000000 5412.266602 0.000000 -0.963533 0.000000 -0.267591 2.509956 2.509956 2.509956
1537.679321 0.000000 5417.768066 0.000000 -0.882834 0.000000 -0.469685 2.509956 2.509956 2.509956
1538.370972 0.000000 5414.417480 0.000000 -0.525765 0.000000 -0.850630 2.509956 2.509956 2.509956
1543.845581 0.000000 5416.148926 0.000000 -0.886312 0.000000 0.463088 2.333965 2.333965 2.333965
1545.464478 0.000000 5416.800781 0.000000 -0.627014 0.000000 0.779008 2.333965 2.333965 2.333965
1541.815918 0.000000 5418.498535 0.000000 0.488143 0.000000 0.872764 2.333965 2.333965 2.333965
1540.858032 0.000000 5415.349609 0.000000 -0.889858 0.000000 0.456238 2.333965 2.333965 2.333965
1544.371582 0.000000 5413.893066 0.000000 -0.873556 0.000000 0.486724 2.333965 2.333965 2.333965
1543.642456 0.000000 5417.262207 0.000000 -0.788906 0.000000 0.614514 2.333965 2.333965 2.333965
1542.857178 0.000000 5415.103027 0.000000 0.469254 0.000000 -0.883063 2.333965 2.333965 2.333965
1542.687988 0.000000 5413.179199 0.000000 0.371901 0.000000 0.928273 2.333965 2.333965 2.333965
1541.393433 0.000000 5417.178223 0.000000 -0.789476 0.000000 0.613781 2.333965 2.333965 2.333965
1544.520874 0.000000 5418.598633 0.000000 -0.572890 0.000000 -0.819632 2.333965 2.333965 2.333965
1555.422729 0.000000 5432.597656 0.000000 -0.186345 0.000000 -0.982484 2.333965 2.333965 2.333965
1556.948853 0.000000 5433.343262 0.000000 -0.480361 0.000000 -0.877070 2.333965 2.333965 2.333965
1553.406860 0.000000 5435.175781 0.000000 0.475266 0.000000 -0.879842 2.333965 2.333965 2.333965
1545.155884 0.000000 5415.471680 0.000000 -0.982635 0.000000 0.185549 2.333965 2.333965 2.333965
1552.101440 0.000000 5409.040039 0.000000 0.814793 0.000000 0.579753 2.757908 2.757908 2.757908
1555.115112 0.000000 5433.844238 0.000000 -0.733771 0.000000 -0.679397 2.333965 2.333965 2.333965
1553.771118 0.000000 5410.006836 0.000000 -0.057163 0.000000 -0.998365 2.757908 2.757908 2.757908
1545.864380 0.000000 5423.958984 0.000000 0.485840 0.000000 0.874048 2.333965 2.333965 2.333965
1552.776123 0.000000 5433.651367 0.000000 -0.872102 0.000000 0.489325 2.333965 2.333965 2.333965
1555.833130 0.000000 5435.113770 0.000000 0.923785 0.000000 0.382909 2.333965 2.333965 2.333965
1556.640381 0.000000 5432.231445 0.000000 -0.997345 0.000000 -0.072820 2.333965 2.333965 2.333965
1544.678467 0.000000 5420.774902 0.000000 0.928287 0.000000 -0.371866 2.333965 2.333965 2.333965
1552.764038 0.000000 5406.524902 0.000000 0.590521 0.000000 -0.807023 2.757908 2.757908 2.757908
1551.597168 0.000000 5410.664062 0.000000 -0.275339 0.000000 -0.961347 2.757908 2.757908 2.757908
1550.241455 0.000000 5465.858398 0.000000 -0.728821 0.000000 -0.684705 2.509956 2.509956 2.509956
1546.417114 0.000000 5420.496094 0.000000 0.660203 0.000000 0.751087 2.333965 2.333965 2.333965
1576.876099 0.000000 5431.377930 0.000000 -0.961690 0.000000 -0.274139 1.926727 1.926727 1.926727
1548.088013 0.000000 5466.791992 0.000000 0.972583 0.000000 -0.232553 2.509956 2.509956 2.509956
1546.545654 0.000000 5418.685059 0.000000 0.723547 0.000000 0.690275 2.333965 2.333965 2.333965
1578.793091 0.000000 5432.045410 0.000000 -0.470094 0.000000 -0.882617 1.926727 1.926727 1.926727
1577.624268 0.000000 5430.572266 0.000000 0.570477 0.000000 0.821314 1.926727 1.926727 1.926727
1579.233398 0.000000 5430.731445 0.000000 0.969159 0.000000 0.246436 1.926727 1.926727 1.926727
1537.020752 0.000000 5467.166992 0.000000 -0.823491 0.000000 0.567328 1.884918 1.884918 1.884918
1536.799194 0.000000 5468.621094 0.000000 0.991152 0.000000 -0.132728 1.884918 1.884918 1.884918
1538.890137 0.000000 5466.788086 0.000000 0.735893 0.000000 -0.677098 1.884918 1.884918 1.884918
1535.995361 0.000000 5467.308105 0.000000 0.101453 0.000000 0.994840 1.884918 1.884918 1.884918
1537.236450 0.000000 5465.899414 0.000000 -0.614843 0.000000 -0.788650 1.884918 1.884918 1.884918
1545.183960 0.000000 5422.447754 0.000000 -0.375551 0.000000 0.926802 2.333965 2.333965 2.333965
1552.794189 0.000000 5412.060059 0.000000 0.833416 0.000000 -0.552646 2.757908 2.757908 2.757908
1538.553345 0.000000 5465.362793 0.000000 -0.958085 0.000000 -0.286485 1.884918 1.884918 1.884918
1553.570068 0.000000 5408.660645 0.000000 -0.939946 0.000000 -0.341325 2.757908 2.757908 2.757908
1558.113892 0.000000 5406.983887 0.000000 0.641067 0.000000 0.767485 2.757908 2.757908 2.757908
1535.306763 0.000000 5468.368652 0.000000 -0.537883 0.000000 -0.843020 1.884918 1.884918 1.884918
1557.487305 0.000000 5409.087402 0.000000 -0.982079 0.000000 0.188470 2.757908 2.757908 2.757908
1549.707031 0.000000 5418.548340 0.000000 0.405890 0.000000 0.913922 2.333965 2.333965 2.333965
1552.806641 0.000000 5416.552734 0.000000 -0.462186 0.000000 0.886783 2.333965 2.333965 2.333965
1554.963501 0.000000 5419.429688 0.000000 0.757420 0.000000 0.652928 2.333965 2.333965 2.333965
1556.506470 0.000000 5407.357422 0.000000 0.985924 0.000000 0.167195 2.757908 2.757908 2.757908
1553.294678 0.000000 5418.233887 0.000000 0.762007 0.000000 0.647570 2.333965 2.333965 2.333965
1554.924438 0.000000 5417.548828 0.000000 -0.456920 0.000000 -0.889508 2.333965 2.333965 2.333965
1550.747070 0.000000 5417.497559 0.000000 0.679992 0.000000 0.733218 2.333965 2.333965 2.333965
1555.425903 0.000000 5408.864746 0.000000 0.871392 0.000000 -0.490588 2.757908 2.757908 2.757908
1559.127319 0.000000 5408.300293 0.000000 0.934861 0.000000 0.355014 2.757908 2.757908 2.757908
1557.867310 0.000000 5422.632812 0.000000 -0.954376 0.000000 -0.298608 2.333965 2.333965 2.333965
1557.608154 0.000000 5424.235840 0.000000 -0.538342 0.000000 0.842726 2.333965 2.333965 2.333965
1554.904907 0.000000 5421.733398 0.000000 0.436402 0.000000 0.899751 2.333965 2.333965 2.333965
1557.895020 0.000000 5419.494141 0.000000 -0.930460 0.000000 -0.366394 2.333965 2.333965 2.333965
1560.320190 0.000000 5422.256348 0.000000 -0.169810 0.000000 0.985477 2.333965 2.333965 2.333965
1556.598267 0.000000 5422.915039 0.000000 0.897542 0.000000 0.440928 2.333965 2.333965 2.333965
1558.548218 0.000000 5421.161133 0.000000 0.725483 0.000000 -0.688240 2.333965 2.333965 2.333965
1560.320801 0.000000 5420.728516 0.000000 0.874578 0.000000 -0.484885 2.333965 2.333965 2.333965
1555.961670 0.000000 5420.385254 0.000000 0.503597 0.000000 0.863939 2.333965 2.333965 2.333965
1555.787720 0.000000 5424.056641 0.000000 -0.797918 0.000000 -0.602766 2.333965 2.333965 2.333965
1558.949585 0.000000 5423.837891 0.000000 0.998929 0.000000 0.046276 2.333965 2.333965 2.333965
1537.774902 0.000000 5467.847168 0.000000 -0.626363 0.000000 -0.779531 1.884918 1.884918 1.884918
1544.879761 0.000000 5473.592773 0.000000 0.957188 0.000000 0.289464 2.509956 2.509956 2.509956
1544.875977 0.000000 5475.458008 0.000000 -0.117068 0.000000 0.993124 2.509956 2.509956 2.509956
1574.896729 0.000000 5420.401367 0.000000 0.814759 0.000000 -0.579800 1.926727 1.926727 1.926727
1574.117798 0.000000 5421.651367 0.000000 -0.999087 0.000000 -0.042709 1.926727 1.926727 1.926727
1572.960205 0.000000 5418.589844 0.000000 -0.371663 0.000000 0.928368 1.926727 1.926727 1.926727
1575.977661 0.000000 5418.124023 0.000000 0.125727 0.000000 -0.992064 1.926727 1.926727 1.926727
1576.759644 0.000000 5421.216309 0.000000 0.949889 0.000000 0.312589 1.926727 1.926727 1.926727
1573.804443 0.000000 5420.169434 0.000000 0.290314 0.000000 0.956933 1.926727 1.926727 1.926727
1575.714478 0.000000 5419.588867 0.000000 0.976114 0.000000 -0.217265 1.926727 1.926727 1.926727
1577.333862 0.000000 5419.735840 0.000000 0.038987 0.000000 0.999239 1.926727 1.926727 1.926727
1574.159424 0.000000 5418.106934 0.000000 0.234076 0.000000 -0.972218 1.926727 1.926727 1.926727
1572.723389 0.000000 5420.845215 0.000000 -0.724210 0.000000 -0.689579 1.926727 1.926727 1.926727
1575.332642 0.000000 5421.642090 0.000000 0.820241 0.000000 0.572019 1.926727 1.926727 1.926727
1572.122192 0.000000 5425.132812 0.000000 -0.995947 0.000000 0.089942 1.926727 1.926727 1.926727
1536.099243 0.000000 5471.033203 0.000000 0.498615 0.000000 0.866823 1.884918 1.884918 1.884918
1570.097534 0.000000 5423.485840 0.000000 -0.212496 0.000000 -0.977162 1.926727 1.926727 1.926727
1572.948975 0.000000 5422.767578 0.000000 0.359616 0.000000 0.933100 1.926727 1.926727 1.926727
1573.920166 0.000000 5425.854980 0.000000 -0.281584 0.000000 -0.959537 1.926727 1.926727 1.926727
1570.978394 0.000000 5424.797363 0.000000 0.388638 0.000000 -0.921391 1.926727 1.926727 1.926727
1572.825928 0.000000 5424.355957 0.000000 0.943874 0.000000 -0.330303 1.926727 1.926727 1.926727
1574.319458 0.000000 5424.469727 0.000000 0.018595 0.000000 0.999827 1.926727 1.926727 1.926727
1571.479126 0.000000 5422.982422 0.000000 -0.974000 0.000000 0.226548 1.926727 1.926727 1.926727
1538.202515 0.000000 5469.213379 0.000000 0.987107 0.000000 -0.160060 1.884918 1.884918 1.884918
1572.420410 0.000000 5426.278809 0.000000 -0.759028 0.000000 0.651058 1.926727 1.926727 1.926727
1577.441650 0.000000 5425.012695 0.000000 0.855277 0.000000 -0.518170 1.926727 1.926727 1.926727
1576.427979 0.000000 5426.315918 0.000000 0.999991 0.000000 -0.004398 1.926727 1.926727 1.926727
1575.513062 0.000000 5423.415039 0.000000 0.991493 0.000000 0.130155 1.926727 1.926727 1.926727
1578.278320 0.000000 5422.599121 0.000000 -0.002913 0.000000 0.999996 1.926727 1.926727 1.926727
1579.317139 0.000000 5425.759277 0.000000 -0.980662 0.000000 -0.195708 1.926727 1.926727 1.926727
1576.315552 0.000000 5424.736328 0.000000 -0.734091 0.000000 0.679051 1.926727 1.926727 1.926727
1578.178101 0.000000 5424.266113 0.000000 -0.375214 0.000000 0.926939 1.926727 1.926727 1.926727
1579.695068 0.000000 5424.236816 0.000000 0.257703 0.000000 -0.966223 1.926727 1.926727 1.926727
1576.626709 0.000000 5422.794922 0.000000 -0.990530 0.000000 -0.137291 1.926727 1.926727 1.926727
1575.141479 0.000000 5425.454590 0.000000 0.890936 0.000000 0.454130 1.926727 1.926727 1.926727
1577.620728 0.000000 5426.263672 0.000000 0.227206 0.000000 -0.973847 1.926727 1.926727 1.926727
1547.327881 0.000000 5473.147461 0.000000 -0.999937 0.000000 -0.011180 2.509956 2.509956 2.509956
1543.672485 0.000000 5473.856934 0.000000 0.176395 0.000000 -0.984319 2.509956 2.509956 2.509956
1545.416382 0.000000 5472.168945 0.000000 0.480156 0.000000 -0.877183 2.509956 2.509956 2.509956
1547.231689 0.000000 5471.280273 0.000000 -0.275060 0.000000 0.961427 2.509956 2.509956 2.509956
1536.985596 0.000000 5470.179199 0.000000 0.683093 0.000000 -0.730331 1.884918 1.884918 1.884918
1542.688110 0.000000 5475.418457 0.000000 -0.933678 0.000000 0.358114 2.509956 2.509956 2.509956
1533.482910 0.000000 5492.114746 0.000000 -0.981056 0.000000 0.193721 2.509956 2.509956 2.509956
1533.422729 0.000000 5493.970703 0.000000 -0.510656 0.000000 0.859785 2.509956 2.509956 2.509956
1561.245117 0.000000 5420.058594 0.000000 -0.573311 0.000000 0.819338 2.333965 2.333965 2.333965
1530.103760 0.000000 5491.146484 0.000000 -0.788082 0.000000 -0.615570 2.509956 2.509956 2.509956
1546.130493 0.000000 5474.626953 0.000000 -0.054738 0.000000 -0.998500 2.509956 2.509956 2.509956
1563.982788 0.000000 5420.949707 0.000000 -0.701103 0.000000 0.713060 2.509956 2.509956 2.509956
1541.364258 0.000000 5479.802246 0.000000 -0.610408 0.000000 0.792087 2.509956 2.509956 2.509956
1532.185913 0.000000 5492.385254 0.000000 0.664332 0.000000 -0.747437 2.509956 2.509956 2.509956
1563.530762 0.000000 5418.369141 0.000000 -0.124145 0.000000 -0.992264 2.509956 2.509956 2.509956
1563.022339 0.000000 5422.313965 0.000000 -0.243496 0.000000 -0.969902 2.509956 2.509956 2.509956
1541.074097 0.000000 5481.476074 0.000000 -0.467150 0.000000 -0.884178 2.509956 2.509956 2.509956
1537.958374 0.000000 5479.025391 0.000000 0.706353 0.000000 -0.707859 2.509956 2.509956 2.509956
1531.408936 0.000000 5489.873535 0.000000 0.012664 0.000000 -0.999920 2.509956 2.509956 2.509956
1531.280273 0.000000 5493.617188 0.000000 0.586099 0.000000 0.810238 2.509956 2.509956 2.509956
1534.489136 0.000000 5493.147949 0.000000 -0.998296 0.000000 -0.058352 2.509956 2.509956 2.509956
1537.426636 0.000000 5496.206543 0.000000 0.830470 0.000000 0.557063 2.509956 2.509956 2.509956
1535.619263 0.000000 5496.772461 0.000000 0.860259 0.000000 -0.509858 2.509956 2.509956 2.509956
1540.678101 0.000000 5476.396973 0.000000 0.996448 0.000000 -0.084213 2.509956 2.509956 2.509956
1543.677368 0.000000 5479.309570 0.000000 -0.944492 0.000000 0.328535 2.509956 2.509956 2.509956
1538.834229 0.000000 5498.478516 0.000000 -0.276656 0.000000 0.960969 2.509956 2.509956 2.509956
1536.638794 0.000000 5495.040039 0.000000 0.948983 0.000000 0.315327 2.509956 2.509956 2.509956
1539.094116 0.000000 5496.120605 0.000000 0.048251 0.000000 0.998835 2.509956 2.509956 2.509956
1540.294556 0.000000 5497.733887 0.000000 0.930691 0.000000 -0.365806 2.509956 2.509956 2.509956
1539.746704 0.000000 5479.927734 0.000000 0.904949 0.000000 0.425520 2.509956 2.509956 2.509956
1535.021851 0.000000 5494.587402 0.000000 -0.855502 0.000000 -0.517798 2.509956 2.509956 2.509956
1536.634644 0.000000 5497.635742 0.000000 0.781842 0.000000 0.623475 2.509956 2.509956 2.509956
1536.825073 0.000000 5502.822754 0.000000 -0.758556 0.000000 0.651608 2.509956 2.509956 2.509956
1535.005005 0.000000 5503.017578 0.000000 0.237860 0.000000 -0.971300 2.509956 2.509956 2.509956
1536.270874 0.000000 5499.287598 0.000000 -0.989202 0.000000 -0.146559 2.509956 2.509956 2.509956
1539.927979 0.000000 5501.151855 0.000000 -0.060633 0.000000 0.998160 2.509956 2.509956 2.509956
1531.125366 0.000000 5425.002441 0.000000 0.283056 0.000000 -0.959103 2.509956 2.509956 2.509956
1530.811523 0.000000 5426.921387 0.000000 -0.596807 0.000000 0.802385 2.509956 2.509956 2.509956
1527.789917 0.000000 5423.993652 0.000000 0.956074 0.000000 0.293126 2.509956 2.509956 2.509956
1538.077881 0.000000 5504.879395 0.000000 0.224538 0.000000 -0.974465 2.509956 2.509956 2.509956
1530.931885 0.000000 5421.495605 0.000000 0.401070 0.000000 0.916048 2.509956 2.509956 2.509956
1535.912109 0.000000 5501.485840 0.000000 -0.993187 0.000000 0.116531 2.509956 2.509956 2.509956
1538.323608 0.000000 5502.443848 0.000000 0.541636 0.000000 0.840613 2.509956 2.509956 2.509956
1533.632080 0.000000 5424.882324 0.000000 0.981469 0.000000 -0.191618 2.509956 2.509956 2.509956
1529.668091 0.000000 5425.275879 0.000000 0.981828 0.000000 -0.189772 2.509956 2.509956 2.509956
1539.673218 0.000000 5504.116211 0.000000 0.730115 0.000000 -0.683324 2.509956 2.509956 2.509956
1538.094482 0.000000 5499.897949 0.000000 0.365237 0.000000 -0.930915 2.509956 2.509956 2.509956
1534.304688 0.000000 5500.985840 0.000000 0.764295 0.000000 0.644867 2.509956 2.509956 2.509956
1535.995972 0.000000 5503.931152 0.000000 -0.660165 0.000000 -0.751121 2.509956 2.509956 2.509956
1548.047852 0.000000 5505.917969 0.000000 0.259979 0.000000 0.965614 2.509956 2.509956 2.509956
1546.034424 0.000000 5506.544922 0.000000 0.892582 0.000000 -0.450886 2.509956 2.509956 2.509956
1547.578857 0.000000 5502.528809 0.000000 0.798216 0.000000 0.602371 2.509956 2.509956 2.509956
1531.624390 0.000000 5423.514648 0.000000 0.393080 0.000000 -0.919505 2.509956 2.509956 2.509956
1541.638184 0.000000 5478.103516 0.000000 -0.428979 0.000000 -0.903315 2.509956 2.509956 2.509956
1549.288940 0.000000 5508.296875 0.000000 -0.431514 0.000000 0.902107 2.509956 2.509956 2.509956
1547.285767 0.000000 5504.831543 0.000000 -0.708813 0.000000 0.705396 2.509956 2.509956 2.509956
1549.461792 0.000000 5505.847656 0.000000 0.804828 0.000000 0.593509 2.509956 2.509956 2.509956
1550.885864 0.000000 5507.357910 0.000000 -0.090350 0.000000 -0.995910 2.509956 2.509956 2.509956
1543.492065 0.000000 5477.458008 0.000000 -0.586359 0.000000 0.810052 2.509956 2.509956 2.509956
1545.591553 0.000000 5504.543945 0.000000 -0.962540 0.000000 0.271141 2.509956 2.509956 2.509956
1547.186035 0.000000 5507.553223 0.000000 0.980502 0.000000 -0.196509 2.509956 2.509956 2.509956
1540.982178 0.000000 5508.131348 0.000000 0.999690 0.000000 0.024929 2.509956 2.509956 2.509956
1539.157104 0.000000 5508.329590 0.000000 -0.637343 0.000000 -0.770580 2.509956 2.509956 2.509956
1540.648926 0.000000 5504.602539 0.000000 -0.863280 0.000000 -0.504726 2.509956 2.509956 2.509956
1544.048950 0.000000 5506.536621 0.000000 -0.926753 0.000000 -0.375671 2.509956 2.509956 2.509956
1542.437988 0.000000 5510.308594 0.000000 0.361987 0.000000 -0.932183 2.509956 2.509956 2.509956
1540.309448 0.000000 5506.788086 0.000000 0.966856 0.000000 0.255322 2.509956 2.509956 2.509956
1542.651489 0.000000 5508.059082 0.000000 -0.785998 0.000000 0.618230 2.509956 2.509956 2.509956
1544.069702 0.000000 5509.348633 0.000000 -0.035139 0.000000 0.999382 2.509956 2.509956 2.509956
1541.431763 0.000000 5408.916992 0.000000 -0.066946 0.000000 -0.997757 2.333965 2.333965 2.333965
1542.508057 0.000000 5505.335938 0.000000 -0.490620 0.000000 0.871374 2.509956 2.509956 2.509956
1538.742432 0.000000 5506.371582 0.000000 0.506958 0.000000 0.861971 2.509956 2.509956 2.509956
1540.266968 0.000000 5509.569824 0.000000 -0.969804 0.000000 0.243885 2.509956 2.509956 2.509956
1546.414185 0.000000 5512.677734 0.000000 0.325807 0.000000 -0.945437 2.509956 2.509956 2.509956
1544.396973 0.000000 5512.892578 0.000000 0.544366 0.000000 0.838847 2.509956 2.509956 2.509956
1545.889648 0.000000 5509.142578 0.000000 -0.762144 0.000000 -0.647408 2.509956 2.509956 2.509956
1578.597168 0.000000 5408.459961 0.000000 0.578727 0.000000 -0.815522 1.926727 1.926727 1.926727
1539.148804 0.000000 5477.607910 0.000000 -0.226727 0.000000 0.973958 2.509956 2.509956 2.509956
1539.112305 0.000000 5481.341797 0.000000 0.131159 0.000000 0.991361 2.509956 2.509956 2.509956
1545.719604 0.000000 5511.282715 0.000000 0.161458 0.000000 0.986880 2.509956 2.509956 2.509956
1542.244019 0.000000 5480.875488 0.000000 -0.988115 0.000000 0.153720 2.509956 2.509956 2.509956
1545.216919 0.000000 5484.081055 0.000000 -0.902694 0.000000 0.430281 2.509956 2.509956 2.509956
1547.616577 0.000000 5509.726074 0.000000 -0.555909 0.000000 -0.831244 2.509956 2.509956 2.509956
1573.943604 0.000000 5412.394531 0.000000 -0.310080 0.000000 -0.950711 1.926727 1.926727 1.926727
1573.113281 0.000000 5413.611816 0.000000 -0.545254 0.000000 0.838271 1.926727 1.926727 1.926727
1543.878906 0.000000 5510.962891 0.000000 0.773741 0.000000 0.633502 2.509956 2.509956 2.509956
1543.322754 0.000000 5484.232910 0.000000 0.637699 0.000000 0.770285 2.509956 2.509956 2.509956
1575.787109 0.000000 5413.114746 0.000000 0.738962 0.000000 0.673748 1.926727 1.926727 1.926727
1544.929199 0.000000 5480.503418 0.000000 0.202316 0.000000 0.979320 2.509956 2.509956 2.509956
1574.694092 0.000000 5411.531250 0.000000 0.855540 0.000000 -0.517738 1.926727 1.926727 1.926727
1576.151367 0.000000 5411.711426 0.000000 0.951550 0.000000 -0.307495 1.926727 1.926727 1.926727
1548.229736 0.000000 5482.609863 0.000000 -0.925489 0.000000 0.378775 2.509956 2.509956 2.509956
1546.355103 0.000000 5486.084961 0.000000 0.858529 0.000000 0.512765 2.509956 2.509956 2.509956
1574.199829 0.000000 5413.538086 0.000000 -0.084864 0.000000 -0.996392 1.926727 1.926727 1.926727
1579.250122 0.000000 5412.470703 0.000000 -0.888349 0.000000 -0.459169 1.926727 1.926727 1.926727
1578.225830 0.000000 5413.567871 0.000000 0.168705 0.000000 0.985667 1.926727 1.926727 1.926727
1577.334229 0.000000 5410.545410 0.000000 -0.828766 0.000000 0.559596 1.926727 1.926727 1.926727
1580.243896 0.000000 5409.961914 0.000000 -0.040603 0.000000 0.999176 1.926727 1.926727 1.926727
1580.988892 0.000000 5412.996094 0.000000 0.289451 0.000000 -0.957192 1.926727 1.926727 1.926727
1578.250122 0.000000 5411.906250 0.000000 -0.703121 0.000000 0.711071 1.926727 1.926727 1.926727
1580.034790 0.000000 5411.571289 0.000000 0.510303 0.000000 0.859994 1.926727 1.926727 1.926727
1581.597534 0.000000 5411.651855 0.000000 -0.026101 0.000000 0.999659 1.926727 1.926727 1.926727
1578.424683 0.000000 5410.095703 0.000000 -0.072902 0.000000 -0.997340 1.926727 1.926727 1.926727
1577.112183 0.000000 5412.791504 0.000000 0.992648 0.000000 -0.121034 1.926727 1.926727 1.926727
1579.528931 0.000000 5413.668945 0.000000 -0.964972 0.000000 -0.262353 1.926727 1.926727 1.926727
1544.408691 0.000000 5482.837402 0.000000 -0.976581 0.000000 0.215153 2.509956 2.509956 2.509956
1546.824341 0.000000 5483.927246 0.000000 0.476078 0.000000 -0.879403 2.509956 2.509956 2.509956
1548.147949 0.000000 5485.231934 0.000000 0.155498 0.000000 0.987837 2.509956 2.509956 2.509956
1546.449341 0.000000 5481.098633 0.000000 0.735342 0.000000 0.677696 2.509956 2.509956 2.509956
1542.740845 0.000000 5482.392578 0.000000 -1.000000 0.000000 0.000130 2.509956 2.509956 2.509956
1544.550293 0.000000 5485.389160 0.000000 -0.131050 0.000000 0.991375 2.509956 2.509956 2.509956
1544.476807 0.000000 5490.291504 0.000000 -0.680887 0.000000 -0.732389 2.509956 2.509956 2.509956
1542.703613 0.000000 5490.622070 0.000000 -0.144986 0.000000 -0.989434 2.509956 2.509956 2.509956
1544.006104 0.000000 5486.996094 0.000000 -0.998861 0.000000 -0.047718 2.509956 2.509956 2.509956
1547.580078 0.000000 5488.986816 0.000000 -0.767560 0.000000 0.640977 2.509956 2.509956 2.509956
1545.780518 0.000000 5492.491699 0.000000 0.119199 0.000000 0.992871 2.509956 2.509956 2.509956
1543.642456 0.000000 5489.173340 0.000000 -0.992325 0.000000 0.123655 2.509956 2.509956 2.509956
1546.171143 0.000000 5490.232910 0.000000 -0.172790 0.000000 0.984959 2.509956 2.509956 2.509956
1547.384766 0.000000 5491.808105 0.000000 0.782707 0.000000 -0.622391 2.509956 2.509956 2.509956
1545.796021 0.000000 5487.469727 0.000000 -0.156781 0.000000 -0.987634 2.509956 2.509956 2.509956
1542.147339 0.000000 5488.871094 0.000000 0.724998 0.000000 -0.688751 2.509956 2.509956 2.509956
1543.760254 0.000000 5491.842773 0.000000 0.853004 0.000000 -0.521905 2.509956 2.509956 2.509956
1555.694336 0.000000 5493.586426 0.000000 0.595275 0.000000 0.803522 2.509956 2.509956 2.509956
1553.899414 0.000000 5494.108887 0.000000 -0.190025 0.000000 0.981779 2.509956 2.509956 2.509956
1555.399414 0.000000 5490.185547 0.000000 -0.478344 0.000000 -0.878173 2.509956 2.509956 2.509956
1558.726440 0.000000 5492.398438 0.000000 0.918365 0.000000 -0.395733 2.509956 2.509956 2.509956
1555.885620 0.000000 5495.750000 0.000000 0.977464 0.000000 -0.211103 3.015746 3.015746 3.015746
1554.869995 0.000000 5492.479980 0.000000 -0.997066 0.000000 0.076559 2.509956 2.509956 2.509956
1557.225952 0.000000 5493.511230 0.000000 -0.685179 0.000000 -0.728376 2.509956 2.509956 2.509956
1558.631836 0.000000 5495.149414 0.000000 -0.376687 0.000000 0.926340 2.509956 2.509956 2.509956
1556.982788 0.000000 5490.781738 0.000000 -0.469009 0.000000 -0.883193 2.509956 2.509956 2.509956
1553.271484 0.000000 5492.163574 0.000000 0.995591 0.000000 0.093802 2.509956 2.509956 2.509956
1555.093018 0.000000 5495.207031 0.000000 -0.456108 0.000000 0.889925 2.509956 2.509956 2.509956
1548.915771 0.000000 5495.711426 0.000000 -0.048064 0.000000 -0.998844 2.509956 2.509956 2.509956
1547.032104 0.000000 5496.112793 0.000000 -0.167768 0.000000 0.985827 2.509956 2.509956 2.509956
1548.384399 0.000000 5492.428223 0.000000 0.993140 0.000000 -0.116935 2.509956 2.509956 2.509956
1551.775024 0.000000 5494.234375 0.000000 0.944713 0.000000 0.327897 2.509956 2.509956 2.509956
1547.667358 0.000000 5498.201660 0.000000 -0.956220 0.000000 0.292650 3.015746 3.015746 3.015746
1548.050171 0.000000 5494.431152 0.000000 -0.898720 0.000000 -0.438524 2.509956 2.509956 2.509956
1547.976440 0.000000 5495.196289 0.000000 -0.883903 0.000000 -0.467669 3.015746 3.015746 3.015746
1549.561035 0.000000 5496.997070 0.000000 0.965614 0.000000 0.259981 3.015746 3.015746 3.015746
1550.168945 0.000000 5493.071777 0.000000 0.775963 0.000000 -0.630779 2.509956 2.509956 2.509956
1546.350952 0.000000 5494.186035 0.000000 -0.984887 0.000000 -0.173195 2.509956 2.509956 2.509956
1548.151855 0.000000 5497.087402 0.000000 0.123144 0.000000 0.992389 2.509956 2.509956 2.509956
1552.630493 0.000000 5500.827148 0.000000 -0.162955 0.000000 -0.986633 3.015746 3.015746 3.015746
1550.117310 0.000000 5501.266113 0.000000 -0.860877 0.000000 -0.508814 3.015746 3.015746 3.015746
1552.126343 0.000000 5496.974121 0.000000 0.804217 0.000000 -0.594335 3.015746 3.015746 3.015746
1556.121704 0.000000 5498.989746 0.000000 0.772174 0.000000 0.635411 3.015746 3.015746 3.015746
1555.320923 0.000000 5502.634277 0.000000 -0.704423 0.000000 0.709780 2.509956 2.509956 2.509956
1551.580933 0.000000 5499.331543 0.000000 0.928831 0.000000 0.370504 3.015746 3.015746 3.015746
1554.221680 0.000000 5500.794922 0.000000 0.994180 0.000000 0.107735 3.015746 3.015746 3.015746
1556.034058 0.000000 5502.361816 0.000000 0.360040 0.000000 0.932936 3.015746 3.015746 3.015746
1554.072876 0.000000 5497.403809 0.000000 -0.641620 0.000000 -0.767022 3.015746 3.015746 3.015746
1549.553589 0.000000 5498.956055 0.000000 -0.922934 0.000000 -0.384959 3.015746 3.015746 3.015746
1551.482788 0.000000 5502.528320 0.000000 0.892766 0.000000 0.450521 3.015746 3.015746 3.015746
1528.299561 0.000000 5465.902832 0.000000 0.562010 -0.000000 -0.827130 1.884918 1.884918 1.884918
1526.929810 0.000000 5466.265137 0.000000 -0.882251 0.000000 -0.470779 1.884918 1.884918 1.884918
1528.087036 0.000000 5463.363770 0.000000 0.705935 0.000000 -0.708276 1.884918 1.884918 1.884918
1530.661255 0.000000 5464.791016 0.000000 0.516655 0.000000 -0.856194 1.884918 1.884918 1.884918
1529.233887 0.000000 5467.636719 0.000000 0.859612 0.000000 0.510946 1.884918 1.884918 1.884918
1527.784424 0.000000 5464.998535 0.000000 0.952299 0.000000 -0.305167 1.884918 1.884918 1.884918
1555.595459 0.000000 5456.825684 0.000000 0.990028 0.000000 0.140873 2.509956 2.509956 2.509956
1555.402344 0.000000 5458.833984 0.000000 -0.997428 0.000000 0.071675 2.509956 2.509956 2.509956
1552.309937 0.000000 5456.157715 0.000000 0.885873 0.000000 -0.463928 2.509956 2.509956 2.509956
1529.495605 0.000000 5465.794922 0.000000 0.873484 -0.000000 -0.486854 1.884918 1.884918 1.884918
1554.244751 0.000000 5457.260254 0.000000 -0.934066 0.000000 0.357100 2.509956 2.509956 2.509956
1553.398315 0.000000 5458.495117 0.000000 -0.716154 0.000000 -0.697943 2.509956 2.509956 2.509956
1556.683105 0.000000 5457.812012 0.000000 0.793020 0.000000 0.609196 2.509956 2.509956 2.509956
1557.964722 0.000000 5463.017578 0.000000 -0.561272 0.000000 0.827632 2.509956 2.509956 2.509956
1557.584473 0.000000 5464.718750 0.000000 -0.750546 0.000000 -0.660818 2.509956 2.509956 2.509956
1554.585693 0.000000 5462.071289 0.000000 -0.126203 0.000000 -0.992005 2.509956 2.509956 2.509956
1557.255249 0.000000 5459.597168 0.000000 0.999387 0.000000 0.034995 2.509956 2.509956 2.509956
1560.206055 0.000000 5462.459961 0.000000 -0.995087 0.000000 -0.099008 2.509956 2.509956 2.509956
1556.401367 0.000000 5463.091797 0.000000 -0.674283 0.000000 -0.738473 2.509956 2.509956 2.509956
1558.101929 0.000000 5461.496582 0.000000 -0.999659 0.000000 0.026111 2.509956 2.509956 2.509956
1560.016846 0.000000 5460.485352 0.000000 -0.473049 0.000000 -0.881036 2.509956 2.509956 2.509956
1555.509155 0.000000 5460.845703 0.000000 -0.985394 0.000000 -0.170292 2.509956 2.509956 2.509956
1555.608398 0.000000 5464.757812 0.000000 0.865812 0.000000 -0.500370 2.509956 2.509956 2.509956
1558.885742 0.000000 5464.131836 0.000000 0.914372 0.000000 -0.404876 2.509956 2.509956 2.509956
1554.253540 0.000000 5469.129395 0.000000 0.591564 0.000000 -0.806257 2.509956 2.509956 2.509956
1554.048950 0.000000 5470.966797 0.000000 0.416049 0.000000 -0.909343 2.509956 2.509956 2.509956
1550.886108 0.000000 5468.185059 0.000000 0.085229 0.000000 0.996361 2.509956 2.509956 2.509956
1553.738281 0.000000 5465.578613 0.000000 -0.164663 0.000000 -0.986350 2.509956 2.509956 2.509956
1556.512939 0.000000 5468.595215 0.000000 0.999253 0.000000 -0.038641 2.509956 2.509956 2.509956
1552.764282 0.000000 5469.194336 0.000000 0.424695 0.000000 0.905336 2.509956 2.509956 2.509956
1554.385864 0.000000 5467.516602 0.000000 0.935250 0.000000 0.353988 2.509956 2.509956 2.509956
1556.392456 0.000000 5466.770996 0.000000 -0.499425 0.000000 0.866357 2.509956 2.509956 2.509956
1551.897217 0.000000 5466.825684 0.000000 0.604659 0.000000 0.796485 2.509956 2.509956 2.509956
1551.999878 0.000000 5470.676270 0.000000 0.114020 0.000000 0.993478 2.509956 2.509956 2.509956
1555.255737 0.000000 5470.020020 0.000000 -0.356659 0.000000 -0.934235 2.509956 2.509956 2.509956
1558.240112 0.000000 5473.326172 0.000000 -0.335483 0.000000 0.942046 2.509956 2.509956 2.509956
1556.123291 0.000000 5473.667480 0.000000 0.965890 0.000000 0.258950 2.509956 2.509956 2.509956
1557.806030 0.000000 5469.828125 0.000000 -0.247568 0.000000 -0.968871 2.509956 2.509956 2.509956
1561.197876 0.000000 5471.938965 0.000000 -0.726051 0.000000 0.687640 2.509956 2.509956 2.509956
1559.416748 0.000000 5475.402832 0.000000 -0.157328 0.000000 -0.987546 2.509956 2.509956 2.509956
1557.447510 0.000000 5471.996582 0.000000 -0.167600 0.000000 -0.985855 2.509956 2.509956 2.509956
1559.500122 0.000000 5473.234375 0.000000 -0.997299 0.000000 -0.073455 2.509956 2.509956 2.509956
1560.861572 0.000000 5474.718262 0.000000 0.992610 0.000000 -0.121348 2.509956 2.509956 2.509956
1559.503296 0.000000 5470.565430 0.000000 -0.376639 0.000000 0.926360 2.509956 2.509956 2.509956
1555.845093 0.000000 5471.671875 0.000000 0.221289 0.000000 -0.975209 2.509956 2.509956 2.509956
1557.212036 0.000000 5474.777832 0.000000 -0.997276 0.000000 -0.073759 2.509956 2.509956 2.509956
1557.481079 0.000000 5479.816406 0.000000 -0.608349 0.000000 0.793669 2.509956 2.509956 2.509956
1555.617432 0.000000 5480.053223 0.000000 0.313517 0.000000 -0.949583 2.509956 2.509956 2.509956
1557.094116 0.000000 5476.352051 0.000000 0.506132 0.000000 -0.862456 2.509956 2.509956 2.509956
1560.319702 0.000000 5478.225098 0.000000 0.988948 0.000000 0.148260 2.509956 2.509956 2.509956
1558.489502 0.000000 5481.821777 0.000000 -0.833701 0.000000 -0.552215 2.509956 2.509956 2.509956
1556.651123 0.000000 5478.320312 0.000000 -0.389102 0.000000 -0.921194 2.509956 2.509956 2.509956
1558.911499 0.000000 5479.465820 0.000000 -0.634570 0.000000 -0.772866 2.509956 2.509956 2.509956
1560.205322 0.000000 5481.135742 0.000000 0.925696 0.000000 -0.378268 2.509956 2.509956 2.509956
1558.559204 0.000000 5476.773438 0.000000 0.666657 0.000000 0.745364 2.509956 2.509956 2.509956
1555.059326 0.000000 5478.006348 0.000000 0.216855 0.000000 0.976204 2.509956 2.509956 2.509956
1556.689453 0.000000 5480.951172 0.000000 -0.361802 0.000000 -0.932255 2.509956 2.509956 2.509956
1568.685547 0.000000 5482.957031 0.000000 -0.125131 0.000000 -0.992140 2.509956 2.509956 2.509956
1566.706299 0.000000 5483.558594 0.000000 0.751439 0.000000 -0.659804 2.509956 2.509956 2.509956
1568.188721 0.000000 5479.550293 0.000000 0.815748 0.000000 0.578408 2.509956 2.509956 2.509956
1571.705444 0.000000 5481.717773 0.000000 0.675867 0.000000 -0.737024 2.509956 2.509956 2.509956
1569.709717 0.000000 5485.339355 0.000000 -0.993125 0.000000 0.117063 2.509956 2.509956 2.509956
1567.790894 0.000000 5481.844727 0.000000 0.958524 0.000000 -0.285012 2.509956 2.509956 2.509956
1570.133667 0.000000 5482.835449 0.000000 -0.607554 0.000000 -0.794278 2.509956 2.509956 2.509956
1571.322266 0.000000 5484.366211 0.000000 0.825599 0.000000 0.564257 2.509956 2.509956 2.509956
1569.755005 0.000000 5480.289551 0.000000 -0.998344 0.000000 0.057525 2.509956 2.509956 2.509956
1566.377563 0.000000 5481.500488 0.000000 -0.378252 0.000000 0.925703 2.509956 2.509956 2.509956
1567.952637 0.000000 5484.397461 0.000000 -0.195583 0.000000 -0.980688 2.509956 2.509956 2.509956
1561.817749 0.000000 5485.106934 0.000000 -0.238312 0.000000 0.971189 2.509956 2.509956 2.509956
1559.908203 0.000000 5485.504395 0.000000 0.419499 0.000000 -0.907756 2.509956 2.509956 2.509956
1561.388672 0.000000 5481.574707 0.000000 0.412098 0.000000 0.911139 2.509956 2.509956 2.509956
1564.789429 0.000000 5483.476074 0.000000 -0.466173 0.000000 -0.884693 2.509956 2.509956 2.509956
1562.998779 0.000000 5487.394531 0.000000 -0.683909 0.000000 0.729568 2.509956 2.509956 2.509956
1561.105835 0.000000 5483.718750 0.000000 -0.246419 0.000000 -0.969163 2.509956 2.509956 2.509956
1563.276123 0.000000 5484.854492 0.000000 -0.390439 0.000000 -0.920629 2.509956 2.509956 2.509956
1564.541382 0.000000 5486.299805 0.000000 0.655289 0.000000 0.755378 2.509956 2.509956 2.509956
1563.102783 0.000000 5482.205566 0.000000 0.188991 0.000000 0.981979 2.509956 2.509956 2.509956
1559.250488 0.000000 5483.447754 0.000000 0.884360 0.000000 0.466805 2.509956 2.509956 2.509956
1561.044800 0.000000 5486.429688 0.000000 0.065202 0.000000 0.997872 2.509956 2.509956 2.509956
1566.906982 0.000000 5489.786621 0.000000 -0.868116 0.000000 0.496361 2.509956 2.509956 2.509956
1564.906372 0.000000 5489.988281 0.000000 -0.922640 0.000000 -0.385664 2.509956 2.509956 2.509956
1566.681396 0.000000 5486.219238 0.000000 0.075520 0.000000 -0.997145 2.509956 2.509956 2.509956
1569.995728 0.000000 5488.272949 0.000000 -0.824753 0.000000 0.565494 2.509956 2.509956 2.509956
1568.042236 0.000000 5491.834473 0.000000 -0.938793 0.000000 -0.344480 2.509956 2.509956 2.509956
1566.361206 0.000000 5488.344727 0.000000 -0.065923 0.000000 0.997825 2.509956 2.509956 2.509956
1568.428711 0.000000 5489.645508 0.000000 -0.901101 0.000000 0.433609 2.509956 2.509956 2.509956
1569.820923 0.000000 5491.088867 0.000000 0.770840 0.000000 -0.637029 2.509956 2.509956 2.509956
1568.132690 0.000000 5486.812500 0.000000 0.907309 0.000000 0.420466 2.509956 2.509956 2.509956
1564.537231 0.000000 5488.185059 0.000000 -0.903578 0.000000 0.428424 2.509956 2.509956 2.509956
1566.120850 0.000000 5491.169922 0.000000 -0.929503 0.000000 0.368815 2.509956 2.509956 2.509956
1533.431763 0.000000 5422.952148 0.000000 -0.944363 0.000000 -0.328907 2.509956 2.509956 2.509956
1529.103027 0.000000 5422.794922 0.000000 0.844410 0.000000 -0.535696 2.509956 2.509956 2.509956
1528.612915 0.000000 5426.510254 0.000000 0.722214 0.000000 0.691670 2.509956 2.509956 2.509956
1532.062134 0.000000 5426.105957 0.000000 -0.534900 0.000000 -0.844916 2.509956 2.509956 2.509956
1526.783325 0.000000 5430.435547 0.000000 0.982940 0.000000 0.183926 2.509956 2.509956 2.509956
1526.467651 0.000000 5432.213867 0.000000 -0.576259 0.000000 -0.817267 2.509956 2.509956 2.509956
1523.552856 0.000000 5429.336426 0.000000 0.922517 0.000000 0.385957 2.509956 2.509956 2.509956
1526.721436 0.000000 5426.846680 0.000000 -0.247908 0.000000 -0.968784 2.509956 2.509956 2.509956
1529.471436 0.000000 5430.149414 0.000000 -0.379905 0.000000 0.925025 2.509956 2.509956 2.509956
1525.388062 0.000000 5430.603027 0.000000 -0.972610 0.000000 -0.232443 2.509956 2.509956 2.509956
1527.278809 0.000000 5428.936035 0.000000 -0.987017 0.000000 -0.160617 2.509956 2.509956 2.509956
1529.247314 0.000000 5428.345703 0.000000 -0.991731 0.000000 0.128330 2.509956 2.509956 2.509956
1524.770630 0.000000 5428.128418 0.000000 -0.957669 0.000000 -0.287873 2.509956 2.509956 2.509956
1524.418945 0.000000 5431.957520 0.000000 0.998034 0.000000 -0.062675 2.509956 2.509956 2.509956
1527.901489 0.000000 5431.575684 0.000000 -0.890391 0.000000 0.455198 2.509956 2.509956 2.509956
1522.598022 0.000000 5431.094727 0.000000 0.676094 0.000000 0.736814 2.509956 2.509956 2.509956
1521.257812 0.000000 5429.264648 0.000000 -0.596781 0.000000 -0.802404 2.509956 2.509956 2.509956
1551.740234 0.000000 5408.008789 0.000000 -0.128038 0.000000 0.991770 2.757908 2.757908 2.757908
1551.261353 0.000000 5410.090820 0.000000 -0.758041 0.000000 -0.652206 2.757908 2.757908 2.757908
1544.448364 0.000000 5419.596680 0.000000 0.852389 0.000000 -0.522908 2.333965 2.333965 2.333965
1547.358032 0.000000 5417.308105 0.000000 -0.488941 0.000000 0.872317 2.333965 2.333965 2.333965
1554.435669 0.000000 5407.804688 0.000000 0.815482 0.000000 0.578781 2.757908 2.757908 2.757908
1546.105469 0.000000 5420.647949 0.000000 0.224121 0.000000 0.974562 2.333965 2.333965 2.333965
1547.902222 0.000000 5419.194824 0.000000 0.826263 0.000000 -0.563284 2.333965 2.333965 2.333965
1549.698730 0.000000 5418.539062 0.000000 -0.138609 0.000000 0.990347 2.333965 2.333965 2.333965
1545.528076 0.000000 5418.474121 0.000000 -0.991824 0.000000 0.127611 2.333965 2.333965 2.333965
1545.225220 0.000000 5421.983398 0.000000 0.786409 0.000000 -0.617706 2.333965 2.333965 2.333965
1552.773560 0.000000 5409.355957 0.000000 0.996143 0.000000 0.087745 2.757908 2.757908 2.757908
1543.526978 0.000000 5421.176758 0.000000 0.119159 0.000000 0.992875 2.333965 2.333965 2.333965
1542.249268 0.000000 5419.604492 0.000000 0.993146 0.000000 -0.116875 2.333965 2.333965 2.333965
1540.086548 0.000000 5414.970215 0.000000 0.188638 0.000000 0.982046 2.333965 2.333965 2.333965
1537.528564 0.000000 5414.770508 0.000000 0.699044 0.000000 0.715078 2.509956 2.509956 2.509956
1541.151489 0.000000 5417.076660 0.000000 0.839283 0.000000 0.543695 2.333965 2.333965 2.333965
1538.717285 0.000000 5413.211914 0.000000 -0.988155 0.000000 -0.153456 2.509956 2.509956 2.509956
1541.475708 0.000000 5414.957031 0.000000 -0.998414 0.000000 -0.056305 2.333965 2.333965 2.333965
1542.682007 0.000000 5416.256348 0.000000 -0.588280 0.000000 -0.808658 2.333965 2.333965 2.333965
1537.109863 0.000000 5412.738770 0.000000 0.437372 0.000000 0.899280 2.509956 2.509956 2.509956
1538.740845 0.000000 5415.707031 0.000000 0.663314 0.000000 0.748340 2.509956 2.509956 2.509956
1534.301025 0.000000 5418.264648 0.000000 0.410060 0.000000 0.912058 2.509956 2.509956 2.509956
1532.424683 0.000000 5418.723145 0.000000 0.994839 0.000000 0.101468 2.509956 2.509956 2.509956
1534.000610 0.000000 5414.879395 0.000000 0.906873 0.000000 0.421403 2.509956 2.509956 2.509956
1537.455566 0.000000 5416.855469 0.000000 -0.745758 0.000000 0.666217 2.509956 2.509956 2.509956
1535.521973 0.000000 5420.436523 0.000000 -0.391630 0.000000 -0.920123 2.509956 2.509956 2.509956
1533.635376 0.000000 5417.102539 0.000000 0.985838 0.000000 -0.167698 2.509956 2.509956 2.509956
1535.787476 0.000000 5418.167969 0.000000 -0.778962 0.000000 -0.627072 2.509956 2.509956 2.509956
1537.257690 0.000000 5419.673828 0.000000 -0.662636 0.000000 0.748942 2.509956 2.509956 2.509956
1535.682007 0.000000 5415.480957 0.000000 0.053123 0.000000 0.998588 2.509956 2.509956 2.509956
1532.002075 0.000000 5416.745605 0.000000 0.995215 0.000000 -0.097712 2.509956 2.509956 2.509956
1533.542480 0.000000 5419.665039 0.000000 -0.929760 0.000000 -0.368164 2.509956 2.509956 2.509956
1527.954956 0.000000 5403.400391 0.000000 0.788295 0.000000 0.615298 2.965866 2.965866 2.965866
1525.754883 0.000000 5403.822266 0.000000 -0.844167 0.000000 -0.536080 2.965866 2.965866 2.965866
1527.688843 0.000000 5399.413086 0.000000 0.999018 0.000000 -0.044293 2.965866 2.965866 2.965866
1530.508301 0.000000 5415.068848 0.000000 -0.142239 0.000000 0.989833 2.509956 2.509956 2.509956
1528.546997 0.000000 5418.833008 0.000000 -0.957620 0.000000 -0.288036 2.509956 2.509956 2.509956
1527.250244 0.000000 5401.817871 0.000000 -0.193301 0.000000 -0.981140 2.965866 2.965866 2.965866
1529.926392 0.000000 5403.250977 0.000000 0.413835 0.000000 -0.910352 2.965866 2.965866 2.965866
1530.291504 0.000000 5418.007324 0.000000 -0.871687 0.000000 0.490064 2.509956 2.509956 2.509956
1530.489136 0.000000 5466.975586 0.000000 0.758735 0.000000 0.651400 1.884918 1.884918 1.884918
1529.300293 0.000000 5463.838379 0.000000 -0.910175 0.000000 0.414224 1.884918 1.884918 1.884918
1526.542847 0.000000 5464.711426 0.000000 0.172164 0.000000 -0.985068 1.884918 1.884918 1.884918
1527.827881 0.000000 5466.975098 0.000000 0.256552 0.000000 0.966531 1.884918 1.884918 1.884918
1523.350586 0.000000 5464.609863 0.000000 0.578339 0.000000 0.815797 1.884918 1.884918 1.884918
1521.972168 0.000000 5464.946289 0.000000 0.773647 0.000000 0.633617 1.884918 1.884918 1.884918
1523.128540 0.000000 5462.070312 0.000000 -0.457061 0.000000 -0.889435 1.884918 1.884918 1.884918
1525.732422 0.000000 5463.478516 0.000000 0.998017 0.000000 -0.062946 1.884918 1.884918 1.884918
1524.257446 0.000000 5466.300781 0.000000 -0.097063 0.000000 0.995278 1.884918 1.884918 1.884918
1522.835815 0.000000 5463.685059 0.000000 -0.999931 0.000000 0.011762 1.884918 1.884918 1.884918
1524.547607 0.000000 5464.476562 0.000000 -0.944081 0.000000 0.329713 1.884918 1.884918 1.884918
1525.546387 0.000000 5465.646973 0.000000 0.953280 0.000000 0.302086 1.884918 1.884918 1.884918
1524.343018 0.000000 5462.514160 0.000000 -0.818064 0.000000 0.575127 1.884918 1.884918 1.884918
1521.605347 0.000000 5463.378418 0.000000 -0.734571 0.000000 0.678531 1.884918 1.884918 1.884918
1522.903687 0.000000 5465.644531 0.000000 0.998498 0.000000 0.054793 1.884918 1.884918 1.884918
1529.686279 0.000000 5400.098633 0.000000 0.239395 0.000000 -0.970922 2.965866 2.965866 2.965866
1525.272217 0.000000 5401.406738 0.000000 0.514035 0.000000 0.857769 2.965866 2.965866 2.965866
1527.102905 0.000000 5404.961426 0.000000 0.813608 0.000000 0.581414 2.965866 2.965866 2.965866
1524.508545 0.000000 5421.743652 0.000000 -0.985562 0.000000 0.169311 2.509956 2.509956 2.509956
1521.588623 0.000000 5461.922852 0.000000 0.455382 -0.000000 -0.890295 1.884918 1.884918 1.884918
1523.597046 0.000000 5407.473633 0.000000 -0.841130 0.000000 0.540832 2.965866 2.965866 2.965866
1527.558838 0.000000 5420.270508 0.000000 -0.761253 0.000000 -0.648455 2.509956 2.509956 2.509956
1526.824463 0.000000 5424.188965 0.000000 0.974709 0.000000 -0.223478 2.509956 2.509956 2.509956
1522.844238 0.000000 5423.532227 0.000000 0.814635 0.000000 -0.579975 2.509956 2.509956 2.509956
1525.511841 0.000000 5420.619141 0.000000 -0.730406 0.000000 0.683013 2.509956 2.509956 2.509956
1525.106079 0.000000 5423.011719 0.000000 0.141088 0.000000 -0.989997 2.509956 2.509956 2.509956
1524.019775 0.000000 5424.750977 0.000000 0.762508 0.000000 0.646979 2.509956 2.509956 2.509956
1527.494995 0.000000 5422.002441 0.000000 0.578134 0.000000 0.815941 2.509956 2.509956 2.509956
1525.609741 0.000000 5406.030762 0.000000 -0.389134 0.000000 -0.921181 2.965866 2.965866 2.965866
1522.877319 0.000000 5421.277832 0.000000 0.399152 0.000000 0.916884 2.509956 2.509956 2.509956
1521.309204 0.000000 5421.561523 0.000000 -0.996552 0.000000 0.082963 2.509956 2.509956 2.509956
1520.478149 0.000000 5425.306641 0.000000 0.629783 0.000000 0.776771 2.509956 2.509956 2.509956
1521.230469 0.000000 5444.271973 0.000000 0.987927 0.000000 0.154921 2.509956 2.509956 2.509956
1522.459229 0.000000 5460.449707 0.000000 0.899407 0.000000 -0.437112 1.884918 1.884918 1.884918
1521.258057 0.000000 5423.135742 0.000000 0.125448 0.000000 0.992100 2.509956 2.509956 2.509956
1518.444946 0.000000 5434.566895 0.000000 0.386597 0.000000 -0.922249 2.509956 2.509956 2.509956
1517.423706 0.000000 5432.808105 0.000000 -0.083669 0.000000 -0.996494 2.509956 2.509956 2.509956
1521.473633 0.000000 5433.296875 0.000000 0.981458 0.000000 0.191679 2.509956 2.509956 2.509956
1520.577881 0.000000 5437.050293 0.000000 -0.772425 0.000000 -0.635106 2.509956 2.509956 2.509956
1542.015869 0.000000 5479.032715 0.000000 0.668391 0.000000 -0.743810 2.509956 2.509956 2.509956
1519.436035 0.000000 5433.528320 0.000000 -0.769344 0.000000 0.638835 2.509956 2.509956 2.509956
1518.910278 0.000000 5435.981934 0.000000 0.356955 0.000000 0.934122 2.509956 2.509956 2.509956
1540.169678 0.000000 5479.481445 0.000000 -0.280895 0.000000 -0.959738 2.509956 2.509956 2.509956
1521.500122 0.000000 5434.937988 0.000000 0.504514 0.000000 -0.863403 2.509956 2.509956 2.509956
1519.120972 0.000000 5431.933105 0.000000 -0.973935 0.000000 -0.226826 2.509956 2.509956 2.509956
1516.841064 0.000000 5434.308594 0.000000 -0.341608 0.000000 0.939843 2.509956 2.509956 2.509956
1541.725586 0.000000 5475.653809 0.000000 0.979648 0.000000 0.200720 2.509956 2.509956 2.509956
1545.162842 0.000000 5477.551270 0.000000 -0.923458 0.000000 0.383699 2.509956 2.509956 2.509956
1543.239014 0.000000 5481.306152 0.000000 -0.143674 0.000000 0.989625 2.509956 2.509956 2.509956
1541.305420 0.000000 5477.823730 0.000000 -0.716114 0.000000 -0.697984 2.509956 2.509956 2.509956
1543.590332 0.000000 5478.889160 0.000000 -0.753052 0.000000 0.657961 2.509956 2.509956 2.509956
1544.917236 0.000000 5480.424316 0.000000 0.949596 0.000000 0.313477 2.509956 2.509956 2.509956
1543.327637 0.000000 5476.282715 0.000000 0.270052 0.000000 -0.962846 2.509956 2.509956 2.509956
1539.687500 0.000000 5477.433594 0.000000 -0.057904 0.000000 -0.998322 2.509956 2.509956 2.509956
1541.395508 0.000000 5480.430176 0.000000 -0.982758 0.000000 -0.184895 2.509956 2.509956 2.509956
1558.546753 0.000000 5411.545410 0.000000 0.601617 0.000000 -0.798785 2.757908 2.757908 2.757908
1556.333618 0.000000 5412.029297 0.000000 0.979990 0.000000 -0.199046 2.757908 2.757908 2.757908
1558.207764 0.000000 5407.785645 0.000000 0.794962 0.000000 -0.606659 2.757908 2.757908 2.757908
1557.672852 0.000000 5410.082031 0.000000 0.037425 0.000000 0.999300 2.757908 2.757908 2.757908
1555.779053 0.000000 5409.719238 0.000000 -0.746745 0.000000 -0.665110 2.757908 2.757908 2.757908
1557.637329 0.000000 5412.918457 0.000000 0.485381 0.000000 0.874303 2.757908 2.757908 2.757908
1548.330200 0.000000 5427.059570 0.000000 -0.048540 0.000000 -0.998822 2.333965 2.333965 2.333965
1546.522827 0.000000 5427.431152 0.000000 0.815852 0.000000 0.578260 2.333965 2.333965 2.333965
1552.451416 0.000000 5412.093262 0.000000 -0.993658 0.000000 0.112447 2.757908 2.757908 2.757908
1556.186157 0.000000 5414.225586 0.000000 -0.819417 0.000000 0.573198 2.757908 2.757908 2.757908
1549.452515 0.000000 5429.197754 0.000000 0.960121 0.000000 -0.279585 2.333965 2.333965 2.333965
1552.052979 0.000000 5414.338379 0.000000 -0.003852 0.000000 0.999993 2.757908 2.757908 2.757908
1554.395996 0.000000 5415.603516 0.000000 0.527436 0.000000 0.849594 2.757908 2.757908 2.757908
1550.918335 0.000000 5428.342773 0.000000 0.822640 0.000000 0.568563 2.333965 2.333965 2.333965
1554.207031 0.000000 5412.689453 0.000000 -0.367377 0.000000 -0.930073 2.757908 2.757908 2.757908
1546.177368 0.000000 5425.525879 0.000000 -0.132413 0.000000 -0.991195 2.333965 2.333965 2.333965
1547.665283 0.000000 5428.395996 0.000000 -0.917656 0.000000 0.397376 2.333965 2.333965 2.333965
1541.834351 0.000000 5425.590820 0.000000 -0.999981 0.000000 -0.006071 2.333965 2.333965 2.333965
1539.510620 0.000000 5426.075195 0.000000 0.920276 0.000000 0.391272 2.509956 2.509956 2.509956
1541.673584 0.000000 5422.289062 0.000000 -0.341626 0.000000 0.939836 2.333965 2.333965 2.333965
1544.696777 0.000000 5424.188965 0.000000 -0.999424 0.000000 0.033942 2.333965 2.333965 2.333965
1543.049072 0.000000 5427.580078 0.000000 0.695674 0.000000 -0.718357 2.333965 2.333965 2.333965
1541.274292 0.000000 5424.295898 0.000000 0.225259 0.000000 -0.974299 2.333965 2.333965 2.333965
1543.262451 0.000000 5425.346191 0.000000 0.347878 0.000000 0.937540 2.333965 2.333965 2.333965
1544.508667 0.000000 5426.823242 0.000000 -0.998600 0.000000 0.052894 2.333965 2.333965 2.333965
1543.156494 0.000000 5422.964355 0.000000 0.658634 0.000000 -0.752463 2.333965 2.333965 2.333965
1539.170044 0.000000 5424.011719 0.000000 0.079125 0.000000 -0.996864 2.509956 2.509956 2.509956
1541.132324 0.000000 5426.774414 0.000000 -0.900910 0.000000 -0.434006 2.333965 2.333965 2.333965
1538.603882 0.000000 5430.707520 0.000000 0.073294 0.000000 -0.997311 2.509956 2.509956 2.509956
1537.592285 0.000000 5429.122070 0.000000 -0.990447 0.000000 -0.137890 2.509956 2.509956 2.509956
1542.046509 0.000000 5428.892090 0.000000 0.469440 0.000000 0.882965 2.333965 2.333965 2.333965
1541.321655 0.000000 5432.445801 0.000000 -0.339531 0.000000 -0.940594 2.333965 2.333965 2.333965
1536.908325 0.000000 5432.548340 0.000000 -0.381275 0.000000 0.924462 2.509956 2.509956 2.509956
1540.122070 0.000000 5429.213867 0.000000 0.536962 0.000000 -0.843606 2.333965 2.333965 2.333965
1539.052002 0.000000 5432.187500 0.000000 0.977317 0.000000 0.211784 2.509956 2.509956 2.509956
1538.143677 0.000000 5433.791504 0.000000 -0.137811 0.000000 -0.990459 2.509956 2.509956 2.509956
1542.048584 0.000000 5430.619141 0.000000 -0.796505 0.000000 0.604632 2.333965 2.333965 2.333965
1539.400391 0.000000 5427.918945 0.000000 -0.204569 0.000000 -0.978852 2.509956 2.509956 2.509956
1536.943359 0.000000 5430.359375 0.000000 -0.259232 0.000000 -0.965815 2.509956 2.509956 2.509956
1532.160522 0.000000 5431.963379 0.000000 -0.645634 0.000000 -0.763647 2.509956 2.509956 2.509956
1531.292969 0.000000 5430.253418 0.000000 -0.726611 0.000000 -0.687049 2.509956 2.509956 2.509956
1535.311279 0.000000 5430.565430 0.000000 0.780257 0.000000 0.625459 2.509956 2.509956 2.509956
1534.637085 0.000000 5434.405762 0.000000 0.311082 0.000000 -0.950383 2.509956 2.509956 2.509956
1531.645020 0.000000 5423.634766 0.000000 -0.674519 0.000000 -0.738257 2.965866 2.965866 2.965866
1533.149170 0.000000 5430.853027 0.000000 -0.823283 0.000000 -0.567631 2.509956 2.509956 2.509956
1532.754639 0.000000 5433.436035 0.000000 0.899098 0.000000 0.437747 2.509956 2.509956 2.509956
1533.205444 0.000000 5425.293945 0.000000 0.959983 0.000000 0.280056 2.965866 2.965866 2.965866
1535.288818 0.000000 5432.219238 0.000000 0.240553 0.000000 0.970636 2.509956 2.509956 2.509956
1533.054688 0.000000 5429.140137 0.000000 0.173114 0.000000 0.984902 2.509956 2.509956 2.509956
1530.674072 0.000000 5431.730957 0.000000 -0.992539 0.000000 -0.121929 2.509956 2.509956 2.509956
1531.507202 0.000000 5441.922852 0.000000 -0.270353 0.000000 0.962762 2.509956 2.509956 2.509956
1535.636108 0.000000 5442.358398 0.000000 0.637489 0.000000 -0.770460 2.509956 2.509956 2.509956
1533.394653 0.000000 5442.513672 0.000000 0.486547 0.000000 0.873654 2.509956 2.509956 2.509956
1535.440918 0.000000 5444.081543 0.000000 0.998453 0.000000 0.055594 2.509956 2.509956 2.509956
1533.160645 0.000000 5440.950195 0.000000 0.722176 0.000000 0.691710 2.509956 2.509956 2.509956
1529.289185 0.000000 5428.321289 0.000000 0.315150 0.000000 -0.949042 2.965866 2.965866 2.965866
1528.196411 0.000000 5426.394531 0.000000 -0.766484 0.000000 0.642263 2.965866 2.965866 2.965866
1532.855835 0.000000 5426.720215 0.000000 -0.786629 0.000000 -0.617425 2.965866 2.965866 2.965866
1530.809082 0.000000 5440.213379 0.000000 0.653190 0.000000 -0.757194 2.509956 2.509956 2.509956
1527.103027 0.000000 5430.481445 0.000000 0.733890 0.000000 0.679268 2.965866 2.965866 2.965866
1530.493530 0.000000 5427.089355 0.000000 -0.142358 0.000000 0.989815 2.965866 2.965866 2.965866
1529.992920 0.000000 5430.006348 0.000000 -0.320647 0.000000 0.947199 2.965866 2.965866 2.965866
1528.064697 0.000000 5440.854004 0.000000 -0.535009 0.000000 0.844846 2.509956 2.509956 2.509956
1532.903320 0.000000 5428.777344 0.000000 0.056119 0.000000 -0.998424 2.965866 2.965866 2.965866
1530.115601 0.000000 5425.194824 0.000000 0.996269 0.000000 0.086301 2.965866 2.965866 2.965866
1527.318970 0.000000 5427.927246 0.000000 0.597177 0.000000 0.802109 2.965866 2.965866 2.965866
1539.678467 0.000000 5475.490723 0.000000 0.387281 0.000000 -0.921962 2.509956 2.509956 2.509956
1540.813232 0.000000 5473.529785 0.000000 0.557374 0.000000 0.830261 2.509956 2.509956 2.509956
1538.154297 0.000000 5468.596680 0.000000 -0.819063 -0.000000 -0.573704 1.884918 1.884918 1.884918
1537.296143 0.000000 5467.376953 0.000000 0.470306 0.000000 0.882503 1.884918 1.884918 1.884918
1537.002441 0.000000 5470.086426 0.000000 0.891357 0.000000 0.453302 1.884918 1.884918 1.884918
1538.792114 0.000000 5467.673828 0.000000 -0.896875 0.000000 0.442285 1.884918 1.884918 1.884918
1538.688477 0.000000 5469.583984 0.000000 0.524470 0.000000 -0.851429 1.884918 1.884918 1.884918
1544.217773 0.000000 5472.604492 0.000000 -0.065913 -0.000000 -0.997826 2.509956 2.509956 2.509956
1538.544189 0.000000 5466.441895 0.000000 0.602281 0.000000 -0.798284 1.884918 1.884918 1.884918
1537.005615 0.000000 5468.464844 0.000000 0.511904 0.000000 -0.859042 1.884918 1.884918 1.884918
1533.886841 0.000000 5466.167969 0.000000 0.062808 0.000000 0.998025 1.884918 1.884918 1.884918
1533.124634 0.000000 5464.977539 0.000000 -0.971533 0.000000 0.236906 1.884918 1.884918 1.884918
1536.207764 0.000000 5464.939453 0.000000 -0.638293 0.000000 0.769794 1.884918 1.884918 1.884918
1535.852173 0.000000 5467.847656 -0.000000 0.494508 0.000000 0.869173 1.884918 1.884918 1.884918
1532.756104 0.000000 5467.662598 0.000000 -0.338513 0.000000 -0.940962 1.884918 1.884918 1.884918
1534.603638 0.000000 5465.304199 0.000000 0.983988 0.000000 -0.178236 1.884918 1.884918 1.884918
1534.469604 0.000000 5467.177734 0.000000 0.989605 0.000000 0.143815 1.884918 1.884918 1.884918
1533.860107 0.000000 5468.532227 0.000000 -0.996970 0.000000 0.077787 1.884918 1.884918 1.884918
1536.229614 0.000000 5466.262695 0.000000 0.922814 0.000000 0.385244 1.884918 1.884918 1.884918
1534.350220 0.000000 5464.100586 0.000000 -0.661460 0.000000 -0.749980 1.884918 1.884918 1.884918
1535.286621 0.000000 5444.822754 0.000000 -0.523941 0.000000 -0.851755 2.509956 2.509956 2.509956
1534.234375 0.000000 5443.252441 0.000000 -0.983945 0.000000 -0.178469 2.509956 2.509956 2.509956
1538.363037 0.000000 5443.210938 0.000000 0.301812 0.000000 -0.953368 2.509956 2.509956 2.509956
1532.790039 0.000000 5466.048340 0.000000 0.916608 0.000000 -0.399786 1.884918 1.884918 1.884918
1533.020386 0.000000 5460.883301 0.000000 -0.955320 0.000000 -0.295576 1.884918 1.884918 1.884918
1536.202881 0.000000 5443.686035 0.000000 0.932297 0.000000 0.361692 2.509956 2.509956 2.509956
1536.442871 0.000000 5457.622559 0.000000 0.665538 0.000000 -0.746364 2.509956 2.509956 2.509956
1540.571533 0.000000 5457.580566 0.000000 0.909874 0.000000 0.414885 2.509956 2.509956 2.509956
1538.370605 0.000000 5444.940918 0.000000 0.941463 0.000000 -0.337117 2.509956 2.509956 2.509956
1535.884277 0.000000 5442.053711 0.000000 -0.554733 0.000000 0.832028 2.509956 2.509956 2.509956
1533.793945 0.000000 5444.684082 0.000000 -0.293735 -0.000000 -0.955887 2.509956 2.509956 2.509956
1529.513184 0.000000 5444.190918 0.000000 -0.232189 0.000000 0.972670 2.509956 2.509956 2.509956
1530.696777 0.000000 5442.671875 0.000000 0.778039 0.000000 0.628217 2.509956 2.509956 2.509956
1534.954956 0.000000 5462.557129 -0.000000 0.426690 0.000000 0.904399 1.884918 1.884918 1.884918
1531.870605 0.000000 5462.378418 0.000000 -0.637516 -0.000000 -0.770437 1.884918 1.884918 1.884918
1527.172607 0.000000 5443.328613 0.000000 -0.997098 0.000000 0.076131 2.509956 2.509956 2.509956
1530.887695 0.000000 5444.617188 0.000000 0.035708 0.000000 0.999363 2.509956 2.509956 2.509956
1528.457764 0.000000 5445.236816 0.000000 -0.919186 0.000000 0.393822 2.509956 2.509956 2.509956
1526.499512 0.000000 5445.020996 -0.000000 0.667627 0.000000 0.744496 2.509956 2.509956 2.509956
1538.411377 0.000000 5458.055664 0.000000 -0.082924 0.000000 0.996556 2.509956 2.509956 2.509956
1532.391357 0.000000 5443.853027 0.000000 0.186656 -0.000000 -0.982425 2.509956 2.509956 2.509956
1529.178955 0.000000 5442.572754 0.000000 -0.311397 0.000000 0.950279 2.509956 2.509956 2.509956
1526.216919 0.000000 5429.685547 0.000000 -0.875380 0.000000 -0.483437 2.965866 2.965866 2.965866
1527.678467 0.000000 5427.958496 0.000000 0.993239 0.000000 -0.116093 2.965866 2.965866 2.965866
1528.413330 0.000000 5441.194336 0.000000 -0.207900 -0.000000 -0.978150 2.509956 2.509956 2.509956
1524.559326 0.000000 5441.987793 0.000000 -0.956556 0.000000 0.291550 2.509956 2.509956 2.509956
1523.549805 0.000000 5437.982422 0.000000 0.991555 0.000000 -0.129682 2.509956 2.509956 2.509956
1527.939575 0.000000 5430.236328 0.000000 -0.455838 0.000000 -0.890063 2.965866 2.965866 2.965866
1524.791748 0.000000 5439.975586 0.000000 -0.598716 0.000000 0.800962 2.509956 2.509956 2.509956
1522.858398 0.000000 5439.730957 0.000000 0.895175 0.000000 0.445716 2.509956 2.509956 2.509956
1526.814209 0.000000 5441.789551 0.000000 0.999849 0.000000 0.017370 2.509956 2.509956 2.509956
1529.656494 0.000000 5429.291016 0.000000 -0.337568 0.000000 0.941301 2.965866 2.965866 2.965866
1525.880859 0.000000 5427.930176 0.000000 0.473483 -0.000000 -0.880803 2.965866 2.965866 2.965866
1515.227783 0.000000 5443.679199 -0.000000 -0.814158 0.000000 0.580642 2.509956 2.509956 2.509956
1516.413818 0.000000 5442.102051 0.000000 0.734056 0.000000 0.679090 2.509956 2.509956 2.509956
1517.699219 0.000000 5446.036621 0.000000 -0.285905 0.000000 0.958258 2.509956 2.509956 2.509956
1533.557495 0.000000 5461.870605 0.000000 0.696793 0.000000 -0.717272 1.884918 1.884918 1.884918
1512.858398 0.000000 5442.774902 0.000000 -0.995984 0.000000 -0.089533 2.509956 2.509956 2.509956
1516.635254 0.000000 5444.162598 0.000000 -0.908424 0.000000 -0.418049 2.509956 2.509956 2.509956
1514.103760 0.000000 5444.760254 0.000000 -0.275293 0.000000 0.961361 2.509956 2.509956 2.509956
1512.178711 0.000000 5444.448242 0.000000 0.901752 0.000000 -0.432254 2.509956 2.509956 2.509956
1532.964111 0.000000 5463.253418 0.000000 -0.963761 0.000000 -0.266769 1.884918 1.884918 1.884918
1518.015625 0.000000 5443.340332 0.000000 -0.590029 0.000000 -0.807382 2.509956 2.509956 2.509956
1514.823730 0.000000 5442.108887 -0.000000 0.526360 0.000000 0.850262 2.509956 2.509956 2.509956
1519.088135 0.000000 5437.601562 0.000000 0.325542 0.000000 0.945528 2.509956 2.509956 2.509956
1520.293701 0.000000 5436.090332 0.000000 0.499684 0.000000 -0.866208 2.509956 2.509956 2.509956
1521.583984 0.000000 5439.961426 0.000000 0.171692 0.000000 -0.985151 2.509956 2.509956 2.509956
1517.755859 0.000000 5440.754883 0.000000 0.028600 0.000000 -0.999591 2.509956 2.509956 2.509956
1516.718262 0.000000 5436.755371 0.000000 0.999904 0.000000 0.013881 2.509956 2.509956 2.509956
1520.434326 0.000000 5438.144043 0.000000 0.098178 0.000000 0.995169 2.509956 2.509956 2.509956
1518.016113 0.000000 5438.713379 0.000000 -0.853677 -0.000000 -0.520803 2.509956 2.509956 2.509956
1516.059570 0.000000 5438.494141 0.000000 -0.948803 0.000000 0.315867 2.509956 2.509956 2.509956
1519.927490 0.000000 5440.594238 0.000000 -0.987813 0.000000 -0.155649 2.509956 2.509956 2.509956
1521.912842 0.000000 5437.272949 0.000000 -0.630834 0.000000 0.775918 2.509956 2.509956 2.509956
1518.749268 0.000000 5436.057129 0.000000 -0.567022 -0.000000 -0.823702 2.509956 2.509956 2.509956
1512.156982 0.000000 5437.556152 0.000000 0.999697 0.000000 -0.024650 2.509956 2.509956 2.509956
1513.362549 0.000000 5436.045410 0.000000 -0.596109 0.000000 0.802903 2.509956 2.509956 2.509956
1514.652832 0.000000 5439.915527 0.000000 0.340700 0.000000 -0.940172 2.509956 2.509956 2.509956
1535.337280 0.000000 5460.958984 0.000000 -0.991845 0.000000 0.127453 1.884918 1.884918 1.884918
1538.092773 0.000000 5456.423340 0.000000 -0.883246 0.000000 0.468909 2.509956 2.509956 2.509956
1513.503174 0.000000 5438.098633 0.000000 -0.868472 0.000000 0.495738 2.509956 2.509956 2.509956
1531.879272 0.000000 5460.785645 0.000000 -0.488918 0.000000 -0.872330 1.884918 1.884918 1.884918
1528.673096 0.000000 5460.416992 0.000000 -0.718276 0.000000 -0.695758 1.884918 1.884918 1.884918
1512.996582 0.000000 5440.549316 0.000000 0.584954 0.000000 -0.811067 2.509956 2.509956 2.509956
1514.982178 0.000000 5437.227539 0.000000 -0.323621 0.000000 0.946187 2.509956 2.509956 2.509956
1532.905273 0.000000 5457.041504 0.000000 -0.499283 0.000000 0.866439 2.509956 2.509956 2.509956
1530.556274 0.000000 5462.115234 0.000000 -0.847128 0.000000 0.531389 1.884918 1.884918 1.884918
1527.674072 0.000000 5462.736816 0.000000 -0.677964 0.000000 -0.735095 1.884918 1.884918 1.884918
1529.381104 0.000000 5457.698730 0.000000 -0.180884 0.000000 0.983505 2.509956 2.509956 2.509956
1529.698486 0.000000 5460.735840 0.000000 -0.542462 0.000000 -0.840080 1.884918 1.884918 1.884918
1527.893677 0.000000 5461.189941 0.000000 0.990262 0.000000 0.139218 1.884918 1.884918 1.884918
1526.414551 0.000000 5461.010742 0.000000 -0.871449 0.000000 0.490487 1.884918 1.884918 1.884918
1529.301270 0.000000 5462.587891 0.000000 -0.378437 0.000000 0.925626 1.884918 1.884918 1.884918
1534.599854 0.000000 5458.223145 0.000000 -0.349135 0.000000 -0.937073 2.509956 2.509956 2.509956
1531.387451 0.000000 5456.942871 0.000000 -0.974774 0.000000 0.223193 2.509956 2.509956 2.509956
1528.062500 0.000000 5453.225098 0.000000 0.448697 0.000000 -0.893684 2.509956 2.509956 2.509956
1529.302490 0.000000 5451.752441 0.000000 0.876614 -0.000000 -0.481194 2.509956 2.509956 2.509956
1530.621826 0.000000 5455.563965 0.000000 -0.303897 0.000000 -0.952705 2.509956 2.509956 2.509956
1526.767822 0.000000 5456.357910 0.000000 -0.868559 0.000000 -0.495585 2.509956 2.509956 2.509956
1525.758301 0.000000 5452.352051 0.000000 -0.888835 0.000000 0.458228 2.509956 2.509956 2.509956
1529.509766 0.000000 5453.691406 0.000000 -0.462214 0.000000 -0.886768 2.509956 2.509956 2.509956
1527.000244 0.000000 5454.345215 0.000000 -0.983328 0.000000 0.181838 2.509956 2.509956 2.509956
1525.066895 0.000000 5454.100586 0.000000 0.856428 0.000000 0.516267 2.509956 2.509956 2.509956
1529.022705 0.000000 5456.159668 0.000000 0.870811 0.000000 -0.491619 2.509956 2.509956 2.509956
1530.959717 0.000000 5452.878418 0.000000 0.898474 0.000000 0.439026 2.509956 2.509956 2.509956
1527.766357 0.000000 5451.724121 -0.000000 0.786795 0.000000 0.617214 2.509956 2.509956 2.509956
1517.436279 0.000000 5458.048828 0.000000 -0.545237 0.000000 0.838282 2.509956 2.509956 2.509956
1518.622314 0.000000 5456.471680 0.000000 -0.986364 0.000000 0.164577 2.509956 2.509956 2.509956
1519.795532 0.000000 5461.772949 0.000000 0.656004 0.000000 -0.754758 1.884918 1.884918 1.884918
1516.906616 0.000000 5462.331543 -0.000000 0.691370 0.000000 0.722501 1.884918 1.884918 1.884918
1515.066895 0.000000 5457.144531 0.000000 0.538976 0.000000 0.842322 2.509956 2.509956 2.509956
1518.843750 0.000000 5458.532715 0.000000 -0.419733 0.000000 -0.907648 2.509956 2.509956 2.509956
1517.088501 0.000000 5460.817871 0.000000 0.443438 0.000000 -0.896305 1.884918 1.884918 1.884918
1515.668701 0.000000 5460.593750 0.000000 -0.999559 0.000000 -0.029696 1.884918 1.884918 1.884918
1518.605347 0.000000 5462.211426 0.000000 0.663966 0.000000 -0.747762 1.884918 1.884918 1.884918
1520.224121 0.000000 5457.710449 -0.000000 0.259570 0.000000 0.965724 2.509956 2.509956 2.509956
1517.032227 0.000000 5456.478516 0.000000 -0.993152 0.000000 -0.116832 2.509956 2.509956 2.509956
1521.296631 0.000000 5451.971191 0.000000 0.919260 0.000000 -0.393650 2.509956 2.509956 2.509956
1522.502197 0.000000 5450.460449 0.000000 -0.982389 0.000000 0.186848 2.509956 2.509956 2.509956
1523.792480 0.000000 5454.331055 0.000000 0.456200 0.000000 0.889877 2.509956 2.509956 2.509956
1519.964355 0.000000 5455.124512 -0.000000 0.022438 0.000000 0.999748 2.509956 2.509956 2.509956
1518.926758 0.000000 5451.125000 0.000000 -0.607980 0.000000 -0.793952 2.509956 2.509956 2.509956
1522.642822 0.000000 5452.513672 0.000000 0.097284 0.000000 -0.995257 2.509956 2.509956 2.509956
1520.224609 0.000000 5453.083008 0.000000 0.129768 0.000000 -0.991544 2.509956 2.509956 2.509956
1518.268066 0.000000 5452.863770 0.000000 0.093379 0.000000 0.995631 2.509956 2.509956 2.509956
1522.135986 0.000000 5454.964355 -0.000000 0.861935 0.000000 0.507019 2.509956 2.509956 2.509956
1524.121338 0.000000 5451.642578 0.000000 -0.181434 0.000000 -0.983403 2.509956 2.509956 2.509956
1520.957764 0.000000 5450.427246 0.000000 -0.887007 0.000000 0.461756 2.509956 2.509956 2.509956
1514.365479 0.000000 5451.926270 0.000000 0.867719 0.000000 -0.497055 2.509956 2.509956 2.509956
1515.571045 0.000000 5450.415527 0.000000 0.176362 0.000000 -0.984326 2.509956 2.509956 2.509956
1516.861328 0.000000 5454.285645 0.000000 0.837644 0.000000 0.546215 2.509956 2.509956 2.509956
1513.033691 0.000000 5455.079590 0.000000 -0.325957 0.000000 0.945385 2.509956 2.509956 2.509956
1511.995605 0.000000 5451.079590 0.000000 -0.911000 0.000000 -0.412405 2.509956 2.509956 2.509956
1515.711670 0.000000 5452.468262 0.000000 -0.023033 0.000000 0.999735 2.509956 2.509956 2.509956
1513.293213 0.000000 5453.037598 0.000000 0.246021 0.000000 0.969265 2.509956 2.509956 2.509956
1511.336914 0.000000 5452.818848 0.000000 -0.748613 0.000000 0.663007 2.509956 2.509956 2.509956
1515.205078 0.000000 5454.919434 0.000000 0.494856 0.000000 -0.868974 2.509956 2.509956 2.509956
1517.190674 0.000000 5451.597168 0.000000 0.038637 0.000000 -0.999253 2.509956 2.509956 2.509956
1514.026611 0.000000 5450.381348 0.000000 -0.110605 0.000000 0.993865 2.509956 2.509956 2.509956
1541.573242 0.000000 5485.953125 0.000000 0.213518 0.000000 0.976940 2.509956 2.509956 2.509956
1540.448975 0.000000 5484.329590 0.000000 -0.415282 0.000000 -0.909692 2.509956 2.509956 2.509956
1544.629883 0.000000 5484.316895 0.000000 0.743936 0.000000 0.668251 2.509956 2.509956 2.509956
1542.420654 0.000000 5484.760254 0.000000 -0.660645 0.000000 -0.750698 2.509956 2.509956 2.509956
1542.108887 0.000000 5483.121582 0.000000 0.404109 0.000000 -0.914711 2.509956 2.509956 2.509956
1540.063965 0.000000 5485.812988 0.000000 -0.294115 0.000000 0.955770 2.509956 2.509956 2.509956
1535.919434 0.000000 5482.732910 0.000000 -0.971480 0.000000 -0.237124 2.509956 2.509956 2.509956
1534.867432 0.000000 5481.163574 0.000000 0.357315 0.000000 -0.933984 2.509956 2.509956 2.509956
1538.995850 0.000000 5481.121582 0.000000 0.885579 0.000000 -0.464489 2.509956 2.509956 2.509956
1538.525146 0.000000 5484.955566 0.000000 0.316004 0.000000 0.948758 2.509956 2.509956 2.509956
1534.408203 0.000000 5484.713379 0.000000 -0.254516 0.000000 -0.967069 2.509956 2.509956 2.509956
1536.835693 0.000000 5481.596191 0.000000 0.456703 0.000000 -0.889619 2.509956 2.509956 2.509956
1536.655518 0.000000 5484.078613 0.000000 -0.373362 0.000000 -0.927685 2.509956 2.509956 2.509956
1535.844238 0.000000 5485.891113 0.000000 0.660535 0.000000 -0.750795 2.509956 2.509956 2.509956
1539.003418 0.000000 5482.851074 0.000000 -0.184331 0.000000 -0.982865 2.509956 2.509956 2.509956
1536.517090 0.000000 5479.964355 0.000000 0.771085 0.000000 0.636733 2.509956 2.509956 2.509956
1534.426758 0.000000 5482.594727 0.000000 0.698544 0.000000 0.715568 2.509956 2.509956 2.509956
1534.727783 0.000000 5475.690430 0.000000 0.962022 0.000000 0.272972 2.509956 2.509956 2.509956
1533.675537 0.000000 5474.120605 0.000000 0.997368 0.000000 0.072515 2.509956 2.509956 2.509956
1537.804199 0.000000 5474.078613 0.000000 -0.903962 0.000000 0.427613 2.509956 2.509956 2.509956
1537.333252 0.000000 5477.912598 0.000000 0.866856 0.000000 -0.498557 2.509956 2.509956 2.509956
1533.216553 0.000000 5477.670898 0.000000 0.384963 0.000000 0.922932 2.509956 2.509956 2.509956
1535.644043 0.000000 5474.553711 0.000000 -0.700183 0.000000 0.713963 2.509956 2.509956 2.509956
1535.463623 0.000000 5477.035645 0.000000 -0.005315 0.000000 0.999986 2.509956 2.509956 2.509956
1534.652344 0.000000 5478.848145 0.000000 -0.986184 0.000000 -0.165651 2.509956 2.509956 2.509956
1537.811768 0.000000 5475.808594 0.000000 -0.535367 0.000000 0.844620 2.509956 2.509956 2.509956
1535.325439 0.000000 5472.921387 0.000000 -0.891212 0.000000 0.453586 2.509956 2.509956 2.509956
1533.235107 0.000000 5475.552246 0.000000 0.751010 0.000000 -0.660291 2.509956 2.509956 2.509956
1528.954346 0.000000 5475.059082 0.000000 -0.999897 0.000000 0.014399 2.509956 2.509956 2.509956
1530.137939 0.000000 5473.539551 0.000000 0.094441 0.000000 0.995530 2.509956 2.509956 2.509956
1531.457520 0.000000 5477.359863 0.000000 0.821542 0.000000 -0.570148 2.509956 2.509956 2.509956
1527.626221 0.000000 5478.147949 0.000000 -0.897801 0.000000 -0.440401 2.509956 2.509956 2.509956
1526.613770 0.000000 5474.196777 0.000000 0.870538 0.000000 -0.492101 2.509956 2.509956 2.509956
1530.328857 0.000000 5475.484863 0.000000 0.865368 0.000000 -0.501137 2.509956 2.509956 2.509956
1527.898926 0.000000 5476.104980 0.000000 -0.279234 0.000000 -0.960223 2.509956 2.509956 2.509956
1525.940674 0.000000 5475.888672 0.000000 0.460151 0.000000 0.887841 2.509956 2.509956 2.509956
1529.809326 0.000000 5477.982910 0.000000 -0.999561 0.000000 -0.029643 2.509956 2.509956 2.509956
1531.832520 0.000000 5474.721191 0.000000 0.991118 0.000000 -0.132986 2.509956 2.509956 2.509956
1528.620117 0.000000 5473.440918 0.000000 -0.278941 0.000000 -0.960308 2.509956 2.509956 2.509956
1523.858521 0.000000 5468.791504 0.000000 -0.956083 0.000000 -0.293094 1.884918 1.884918 1.884918
1524.791260 0.000000 5467.675293 0.000000 0.999292 0.000000 -0.037614 1.884918 1.884918 1.884918
1525.781860 0.000000 5470.544434 0.000000 0.984870 0.000000 0.173297 1.884918 1.884918 1.884918
1524.000488 0.000000 5472.855957 -0.000000 0.206218 0.000000 0.978506 2.509956 2.509956 2.509956
1522.100220 0.000000 5468.123047 0.000000 0.226519 0.000000 -0.974006 1.884918 1.884918 1.884918
1524.931152 0.000000 5469.119141 0.000000 0.727466 0.000000 -0.686143 1.884918 1.884918 1.884918
1523.038330 0.000000 5469.612793 0.000000 0.502794 0.000000 -0.864407 1.884918 1.884918 1.884918
1521.595581 0.000000 5469.457031 0.000000 0.677561 0.000000 0.735466 1.884918 1.884918 1.884918
1524.556152 0.000000 5470.976074 0.000000 -0.465822 0.000000 0.884878 1.884918 1.884918 1.884918
1526.025513 0.000000 5468.509277 0.000000 -0.839134 0.000000 0.543926 1.884918 1.884918 1.884918
1523.622803 0.000000 5467.641602 0.000000 0.747360 0.000000 -0.664420 1.884918 1.884918 1.884918
1514.668945 0.000000 5474.546875 0.000000 0.886080 0.000000 -0.463532 2.509956 2.509956 2.509956
1515.854980 0.000000 5472.969727 0.000000 0.880575 0.000000 0.473907 2.509956 2.509956 2.509956
1517.140381 0.000000 5476.904785 -0.000000 -0.257330 0.000000 0.966324 2.509956 2.509956 2.509956
1513.287598 0.000000 5477.608887 0.000000 0.926564 0.000000 0.376137 2.509956 2.509956 2.509956
1512.299561 0.000000 5473.642578 0.000000 -0.456315 0.000000 -0.889819 2.509956 2.509956 2.509956
1516.076416 0.000000 5475.030762 0.000000 0.601626 0.000000 0.798777 2.509956 2.509956 2.509956
1513.544922 0.000000 5475.628418 0.000000 0.532289 0.000000 -0.846563 2.509956 2.509956 2.509956
1511.619873 0.000000 5475.315918 0.000000 -0.240631 0.000000 0.970617 2.509956 2.509956 2.509956
1515.555176 0.000000 5477.488770 0.000000 -0.402342 0.000000 -0.915489 2.509956 2.509956 2.509956
1517.456787 0.000000 5474.208496 0.000000 -0.999508 0.000000 -0.031385 2.509956 2.509956 2.509956
1514.264893 0.000000 5472.976562 0.000000 0.850759 0.000000 -0.525557 2.509956 2.509956 2.509956
1518.778442 0.000000 5467.837402 0.000000 -0.993292 0.000000 0.115630 1.884918 1.884918 1.884918
1519.684692 0.000000 5466.708984 0.000000 0.997084 0.000000 0.076302 1.884918 1.884918 1.884918
1520.636841 0.000000 5469.599121 0.000000 -0.710017 0.000000 0.704184 1.884918 1.884918 1.884918
1517.760254 0.000000 5470.195312 0.000000 0.666362 0.000000 -0.745629 1.884918 1.884918 1.884918
1516.996094 0.000000 5467.216797 0.000000 -0.922384 0.000000 -0.386275 1.884918 1.884918 1.884918
1519.778931 0.000000 5468.234863 0.000000 0.822217 -0.000000 -0.569174 1.884918 1.884918 1.884918
1517.958252 0.000000 5468.662109 0.000000 0.726470 0.000000 -0.687198 1.884918 1.884918 1.884918
1516.480103 0.000000 5468.500488 0.000000 -0.479174 0.000000 0.877719 1.884918 1.884918 1.884918
1519.399902 0.000000 5470.076172 0.000000 -0.854270 0.000000 0.519830 1.884918 1.884918 1.884918
1520.870117 0.000000 5467.593262 0.000000 -0.128799 0.000000 0.991671 1.884918 1.884918 1.884918
1518.518433 0.000000 5466.670410 0.000000 -0.912367 0.000000 0.409371 1.884918 1.884918 1.884918
1513.563110 0.000000 5467.823242 0.000000 -0.768132 0.000000 -0.640291 1.884918 1.884918 1.884918
1514.448853 0.000000 5466.674316 0.000000 0.039400 0.000000 -0.999224 1.884918 1.884918 1.884918
1515.445312 0.000000 5469.570801 0.000000 0.960800 0.000000 -0.277245 1.884918 1.884918 1.884918
1512.565308 0.000000 5470.190430 0.000000 -0.817784 -0.000000 -0.575527 1.884918 1.884918 1.884918
1511.763916 0.000000 5467.174316 0.000000 -0.004832 0.000000 -0.999988 1.884918 1.884918 1.884918
1514.581665 0.000000 5468.206055 0.000000 -0.958088 0.000000 0.286475 1.884918 1.884918 1.884918
1512.755737 0.000000 5468.658691 0.000000 -0.720839 0.000000 -0.693103 1.884918 1.884918 1.884918
1511.293457 0.000000 5468.491211 0.000000 0.866004 0.000000 0.500037 1.884918 1.884918 1.884918
1514.174072 0.000000 5470.055664 0.000000 -0.077364 0.000000 0.997003 1.884918 1.884918 1.884918
1515.682495 0.000000 5467.576660 0.000000 -0.716844 0.000000 -0.697233 1.884918 1.884918 1.884918
1513.304321 0.000000 5466.663574 0.000000 -0.670031 0.000000 -0.742333 1.884918 1.884918 1.884918
2174.056641 0.000000 2516.345947 0.000000 -0.963426 0.000000 -0.267976 2.509956 2.509956 2.509956
2172.210205 0.000000 2516.794434 0.000000 0.607872 0.000000 0.794035 2.509956 2.509956 2.509956
2173.766357 0.000000 2512.966797 0.000000 0.309471 0.000000 0.950909 2.509956 2.509956 2.509956
2177.203369 0.000000 2514.864014 0.000000 -0.693615 0.000000 0.720345 2.509956 2.509956 2.509956
2175.279785 0.000000 2518.619141 -0.000000 -0.795398 0.000000 0.606087 2.509956 2.509956 2.509956
2173.345947 0.000000 2515.136719 0.000000 0.094860 0.000000 0.995491 2.509956 2.509956 2.509956
2175.630859 0.000000 2516.202393 0.000000 0.283451 0.000000 0.958987 2.509956 2.509956 2.509956
2176.957764 0.000000 2517.736816 0.000000 0.829361 0.000000 0.558713 2.509956 2.509956 2.509956
2175.367920 0.000000 2513.595459 0.000000 -0.991195 0.000000 -0.132409 2.509956 2.509956 2.509956
2171.727783 0.000000 2514.746582 0.000000 -0.916283 0.000000 -0.400532 2.509956 2.509956 2.509956
2173.435791 0.000000 2517.743408 0.000000 -0.068129 0.000000 -0.997677 2.509956 2.509956 2.509956
2167.461914 0.000000 2514.585693 0.000000 0.973061 0.000000 0.230547 2.509956 2.509956 2.509956
2165.615723 0.000000 2515.034424 -0.000000 0.444589 0.000000 0.895735 2.509956 2.509956 2.509956
2167.171631 0.000000 2511.206787 0.000000 0.546519 0.000000 0.837447 2.509956 2.509956 2.509956
2170.608887 0.000000 2513.104248 0.000000 0.862460 0.000000 -0.506126 2.509956 2.509956 2.509956
2168.685059 0.000000 2516.859375 0.000000 -0.892628 0.000000 0.450793 2.509956 2.509956 2.509956
2166.751465 0.000000 2513.376953 0.000000 0.982098 0.000000 0.188373 2.509956 2.509956 2.509956
2169.036377 0.000000 2514.442383 0.000000 -0.908840 0.000000 -0.417146 2.509956 2.509956 2.509956
2170.363281 0.000000 2515.977051 0.000000 0.135221 0.000000 0.990815 2.509956 2.509956 2.509956
2168.773682 0.000000 2511.835449 0.000000 0.952403 0.000000 -0.304841 2.509956 2.509956 2.509956
2165.133545 0.000000 2512.986572 0.000000 -0.208707 0.000000 -0.977978 2.509956 2.509956 2.509956
2166.841553 0.000000 2515.983398 0.000000 -0.483961 0.000000 0.875090 2.509956 2.509956 2.509956
2177.242920 0.000000 2525.525146 0.000000 -0.997463 0.000000 -0.071185 2.509956 2.509956 2.509956
2175.396484 0.000000 2525.973633 0.000000 0.976117 -0.000000 -0.217247 2.509956 2.509956 2.509956
2176.952637 0.000000 2522.145996 -0.000000 -0.656618 0.000000 0.754223 2.509956 2.509956 2.509956
2165.124512 0.000000 2511.043457 0.000000 -0.544567 0.000000 0.838718 2.509956 2.509956 2.509956
2180.389648 0.000000 2524.043213 0.000000 0.947743 0.000000 0.319036 2.509956 2.509956 2.509956
2178.466064 0.000000 2527.798340 0.000000 -0.560269 0.000000 -0.828311 2.509956 2.509956 2.509956
2176.532227 0.000000 2524.315918 0.000000 0.997127 0.000000 0.075750 2.509956 2.509956 2.509956
2178.817139 0.000000 2525.381592 0.000000 0.973068 0.000000 -0.230517 2.509956 2.509956 2.509956
2166.259277 0.000000 2509.083008 0.000000 0.999883 0.000000 -0.015270 2.509956 2.509956 2.509956
2180.144043 0.000000 2526.916016 0.000000 -0.992697 0.000000 0.120636 2.509956 2.509956 2.509956
2178.554199 0.000000 2522.774658 0.000000 -0.613699 0.000000 -0.789540 2.509956 2.509956 2.509956
2174.914062 0.000000 2523.925781 0.000000 -0.860370 0.000000 -0.509671 2.509956 2.509956 2.509956
2176.622070 0.000000 2526.922607 0.000000 0.916134 0.000000 0.400873 2.509956 2.509956 2.509956
2170.648193 0.000000 2523.764893 0.000000 -0.799513 0.000000 -0.600649 2.509956 2.509956 2.509956
2168.802002 0.000000 2524.213623 0.000000 -0.873946 0.000000 -0.486023 2.509956 2.509956 2.509956
2170.357910 0.000000 2520.385986 0.000000 0.990640 0.000000 0.136503 2.509956 2.509956 2.509956
2173.795166 0.000000 2522.283447 0.000000 -0.603658 0.000000 0.797243 2.509956 2.509956 2.509956
2171.871338 0.000000 2526.038574 0.000000 -0.025918 0.000000 0.999664 2.509956 2.509956 2.509956
2169.937744 0.000000 2522.556152 0.000000 -0.121343 0.000000 -0.992611 2.509956 2.509956 2.509956
2172.222656 0.000000 2523.621582 0.000000 0.989045 0.000000 -0.147613 2.509956 2.509956 2.509956
2173.549561 0.000000 2525.156250 -0.000000 0.018533 0.000000 0.999828 2.509956 2.509956 2.509956
2171.959961 0.000000 2521.014648 0.000000 0.877451 0.000000 -0.479667 2.509956 2.509956 2.509956
2168.319824 0.000000 2522.165771 0.000000 -0.499869 0.000000 -0.866101 2.509956 2.509956 2.509956
2170.027832 0.000000 2525.162598 0.000000 -0.782117 0.000000 0.623132 2.509956 2.509956 2.509956
2170.952148 0.000000 2530.192871 0.000000 -0.997463 0.000000 -0.071185 2.509956 2.509956 2.509956
2169.105713 0.000000 2530.641357 0.000000 0.976117 -0.000000 -0.217247 2.509956 2.509956 2.509956
2170.661865 0.000000 2526.813721 -0.000000 -0.656618 0.000000 0.754223 2.509956 2.509956 2.509956
2168.310791 0.000000 2520.222656 0.000000 -0.439236 0.000000 0.898372 2.509956 2.509956 2.509956
2174.098877 0.000000 2528.710938 0.000000 0.947743 0.000000 0.319036 2.509956 2.509956 2.509956
2172.175293 0.000000 2532.466064 0.000000 -0.560269 0.000000 -0.828311 2.509956 2.509956 2.509956
2170.241455 0.000000 2528.983643 0.000000 0.997127 0.000000 0.075750 2.509956 2.509956 2.509956
2172.526367 0.000000 2530.049316 0.000000 0.973068 0.000000 -0.230517 2.509956 2.509956 2.509956
2169.445557 0.000000 2518.262207 0.000000 -0.268238 0.000000 -0.963353 2.509956 2.509956 2.509956
2173.853271 0.000000 2531.583740 0.000000 -0.992697 0.000000 0.120636 2.509956 2.509956 2.509956
2172.263428 0.000000 2527.442383 0.000000 -0.613699 0.000000 -0.789540 2.509956 2.509956 2.509956
2168.623291 0.000000 2528.593506 0.000000 -0.860370 0.000000 -0.509671 2.509956 2.509956 2.509956
2170.331299 0.000000 2531.590332 0.000000 0.916134 0.000000 0.400873 2.509956 2.509956 2.509956
2164.357422 0.000000 2528.432617 0.000000 -0.799513 0.000000 -0.600649 2.509956 2.509956 2.509956
2162.511230 0.000000 2528.881348 0.000000 -0.873946 0.000000 -0.486023 2.509956 2.509956 2.509956
2164.067139 0.000000 2525.053711 0.000000 0.990640 0.000000 0.136503 2.509956 2.509956 2.509956
2167.504395 0.000000 2526.951172 0.000000 -0.603658 0.000000 0.797243 2.509956 2.509956 2.509956
2165.580566 0.000000 2530.706299 0.000000 -0.025918 0.000000 0.999664 2.509956 2.509956 2.509956
2163.646973 0.000000 2527.223877 0.000000 -0.121343 0.000000 -0.992611 2.509956 2.509956 2.509956
2165.931885 0.000000 2528.289307 0.000000 0.989045 0.000000 -0.147613 2.509956 2.509956 2.509956
2167.258789 0.000000 2529.823975 -0.000000 0.018533 0.000000 0.999828 2.509956 2.509956 2.509956
2165.669189 0.000000 2525.682373 0.000000 0.877451 0.000000 -0.479667 2.509956 2.509956 2.509956
2162.029053 0.000000 2526.833496 0.000000 -0.499869 0.000000 -0.866101 2.509956 2.509956 2.509956
2163.737061 0.000000 2529.830322 0.000000 -0.782117 0.000000 0.623132 2.509956 2.509956 2.509956
2138.308350 0.000000 2511.728027 0.000000 -0.222813 0.000000 -0.974861 2.509956 2.509956 2.509956
2136.461914 0.000000 2512.176514 0.000000 -0.985562 0.000000 0.169315 2.509956 2.509956 2.509956
2138.018066 0.000000 2508.348877 0.000000 -0.702601 0.000000 -0.711583 2.509956 2.509956 2.509956
2162.020020 0.000000 2524.890381 0.000000 -0.439236 0.000000 0.898372 2.509956 2.509956 2.509956
2141.455078 0.000000 2510.246094 0.000000 0.112830 0.000000 -0.993614 2.509956 2.509956 2.509956
2139.531494 0.000000 2514.001221 0.000000 0.987373 0.000000 0.158413 2.509956 2.509956 2.509956
2137.597656 0.000000 2510.518799 0.000000 0.897710 0.000000 0.440586 2.509956 2.509956 2.509956
2139.882568 0.000000 2511.584473 0.000000 0.450986 0.000000 -0.892531 2.509956 2.509956 2.509956
2163.154785 0.000000 2522.929932 0.000000 -0.268238 0.000000 -0.963353 2.509956 2.509956 2.509956
2141.209473 0.000000 2513.118896 0.000000 -0.665730 0.000000 -0.746193 2.509956 2.509956 2.509956
2139.619629 0.000000 2508.977539 0.000000 -0.203001 0.000000 -0.979179 2.509956 2.509956 2.509956
2135.979492 0.000000 2510.128662 0.000000 -0.335835 0.000000 -0.941921 2.509956 2.509956 2.509956
2137.687500 0.000000 2513.125488 0.000000 0.639544 0.000000 -0.768755 2.509956 2.509956 2.509956
2131.713623 0.000000 2509.967773 0.000000 -0.222813 0.000000 -0.974861 2.509956 2.509956 2.509956
2129.867432 0.000000 2510.416504 0.000000 -0.985562 0.000000 0.169315 2.509956 2.509956 2.509956
2131.423340 0.000000 2506.588867 0.000000 -0.702601 0.000000 -0.711583 2.509956 2.509956 2.509956
2134.860596 0.000000 2508.486328 0.000000 0.112830 0.000000 -0.993614 2.509956 2.509956 2.509956
2132.936768 0.000000 2512.241455 0.000000 0.987373 0.000000 0.158413 2.509956 2.509956 2.509956
2131.003174 0.000000 2508.759033 0.000000 0.897710 0.000000 0.440586 2.509956 2.509956 2.509956
2133.288086 0.000000 2509.824463 0.000000 0.450986 0.000000 -0.892531 2.509956 2.509956 2.509956
2134.614990 0.000000 2511.359131 0.000000 -0.665730 0.000000 -0.746193 2.509956 2.509956 2.509956
2133.025391 0.000000 2507.217529 0.000000 -0.203001 0.000000 -0.979179 2.509956 2.509956 2.509956
2129.385254 0.000000 2508.368652 0.000000 -0.335835 0.000000 -0.941921 2.509956 2.509956 2.509956
2131.093262 0.000000 2511.365479 0.000000 0.639544 0.000000 -0.768755 2.509956 2.509956 2.509956
2155.682617 0.000000 2526.616211 0.000000 -0.222813 0.000000 -0.974861 2.509956 2.509956 2.509956
2153.836182 0.000000 2527.064697 0.000000 -0.985562 0.000000 0.169315 2.509956 2.509956 2.509956
2155.392334 0.000000 2523.237061 0.000000 -0.702601 0.000000 -0.711583 2.509956 2.509956 2.509956
2129.376221 0.000000 2506.425537 0.000000 -0.296299 0.000000 0.955095 2.509956 2.509956 2.509956
2158.829346 0.000000 2525.134277 0.000000 0.112830 0.000000 -0.993614 2.509956 2.509956 2.509956
2156.905762 0.000000 2528.889404 0.000000 0.987373 0.000000 0.158413 2.509956 2.509956 2.509956
2154.971924 0.000000 2525.406982 0.000000 0.897710 0.000000 0.440586 2.509956 2.509956 2.509956
2157.256836 0.000000 2526.472656 0.000000 0.450986 0.000000 -0.892531 2.509956 2.509956 2.509956
2128.302490 0.000000 2490.095215 0.000000 0.899578 0.000000 -0.436760 2.509956 2.509956 2.509956
2130.510986 0.000000 2504.465088 0.000000 0.899578 0.000000 -0.436760 2.509956 2.509956 2.509956
2158.583740 0.000000 2528.007080 0.000000 -0.665730 0.000000 -0.746193 2.509956 2.509956 2.509956
2156.993896 0.000000 2523.865723 0.000000 -0.203001 0.000000 -0.979179 2.509956 2.509956 2.509956
2153.353760 0.000000 2525.016846 0.000000 -0.335835 0.000000 -0.941921 2.509956 2.509956 2.509956
2155.061768 0.000000 2528.013672 0.000000 0.639544 0.000000 -0.768755 2.509956 2.509956 2.509956
2149.087891 0.000000 2524.855957 0.000000 -0.222813 0.000000 -0.974861 2.509956 2.509956 2.509956
2147.241699 0.000000 2525.304688 0.000000 -0.985562 0.000000 0.169315 2.509956 2.509956 2.509956
2148.797607 0.000000 2521.477051 0.000000 -0.702601 0.000000 -0.711583 2.509956 2.509956 2.509956
2152.234863 0.000000 2523.374512 0.000000 0.112830 0.000000 -0.993614 2.509956 2.509956 2.509956
2150.311035 0.000000 2527.129639 0.000000 0.987373 0.000000 0.158413 2.509956 2.509956 2.509956
2148.377441 0.000000 2523.647217 0.000000 0.897710 0.000000 0.440586 2.509956 2.509956 2.509956
2150.662354 0.000000 2524.712646 0.000000 0.450986 0.000000 -0.892531 2.509956 2.509956 2.509956
2151.989258 0.000000 2526.247314 0.000000 -0.665730 0.000000 -0.746193 2.509956 2.509956 2.509956
2150.399658 0.000000 2522.105713 0.000000 -0.203001 0.000000 -0.979179 2.509956 2.509956 2.509956
2146.759521 0.000000 2523.256836 0.000000 -0.335835 0.000000 -0.941921 2.509956 2.509956 2.509956
2148.467529 0.000000 2526.253662 0.000000 0.639544 0.000000 -0.768755 2.509956 2.509956 2.509956
2164.069336 0.000000 2519.879395 0.000000 -0.369704 0.000000 -0.929150 2.509956 2.509956 2.509956
2162.467773 0.000000 2520.882080 0.000000 -0.947929 0.000000 0.318481 2.509956 2.509956 2.509956
2162.768311 0.000000 2516.761475 0.000000 -0.803433 0.000000 -0.595395 2.509956 2.509956 2.509956
2146.750488 0.000000 2521.313721 0.000000 -0.296299 0.000000 0.955095 2.509956 2.509956 2.509956
2166.625732 0.000000 2517.507812 0.000000 -0.040910 0.000000 -0.999163 2.509956 2.509956 2.509956
2165.938721 0.000000 2521.695312 0.000000 0.999987 0.000000 0.005092 2.509956 2.509956 2.509956
2163.032471 0.000000 2518.962402 0.000000 0.954666 0.000000 0.297678 2.509956 2.509956 2.509956
2165.542480 0.000000 2519.260010 0.000000 0.308750 0.000000 -0.951143 2.509956 2.509956 2.509956
2147.885254 0.000000 2519.353271 0.000000 0.899578 0.000000 -0.436760 2.509956 2.509956 2.509956
2167.254883 0.000000 2520.338379 0.000000 -0.772306 0.000000 -0.635251 2.509956 2.509956 2.509956
2164.485596 0.000000 2516.860352 0.000000 -0.350789 0.000000 -0.936455 2.509956 2.509956 2.509956
2161.364014 0.000000 2519.064209 0.000000 -0.476336 0.000000 -0.879263 2.509956 2.509956 2.509956
2163.922852 0.000000 2521.397461 0.000000 0.514061 0.000000 -0.857753 2.509956 2.509956 2.509956
2157.251465 0.000000 2520.201172 0.000000 -0.369704 0.000000 -0.929150 2.509956 2.509956 2.509956
2155.650146 0.000000 2521.203857 0.000000 -0.947929 0.000000 0.318481 2.509956 2.509956 2.509956
2155.950439 0.000000 2517.083252 0.000000 -0.803433 0.000000 -0.595395 2.509956 2.509956 2.509956
2159.808105 0.000000 2517.829834 0.000000 -0.040910 0.000000 -0.999163 2.509956 2.509956 2.509956
2159.120850 0.000000 2522.017334 0.000000 0.999987 0.000000 0.005092 2.509956 2.509956 2.509956
2156.214844 0.000000 2519.284424 0.000000 0.954666 0.000000 0.297678 2.509956 2.509956 2.509956
2158.724609 0.000000 2519.581787 0.000000 0.308750 0.000000 -0.951143 2.509956 2.509956 2.509956
2160.437256 0.000000 2520.660400 0.000000 -0.772306 0.000000 -0.635251 2.509956 2.509956 2.509956
2157.667969 0.000000 2517.182129 0.000000 -0.350789 0.000000 -0.936455 2.509956 2.509956 2.509956
2154.546387 0.000000 2519.385986 0.000000 -0.476336 0.000000 -0.879263 2.509956 2.509956 2.509956
2157.105225 0.000000 2521.719238 0.000000 0.514061 0.000000 -0.857753 2.509956 2.509956 2.509956
2151.412598 0.000000 2515.278320 0.000000 0.705717 0.000000 0.708494 2.509956 2.509956 2.509956
2150.288330 0.000000 2513.654541 -0.000000 -0.387695 0.000000 0.921788 2.509956 2.509956 2.509956
2154.469238 0.000000 2513.642090 0.000000 -0.993024 0.000000 0.117910 2.509956 2.509956 2.509956
2153.962158 0.000000 2517.527832 0.000000 -0.146296 0.000000 0.989241 2.509956 2.509956 2.509956
2149.874023 0.000000 2517.265381 0.000000 -0.878597 0.000000 -0.477564 2.509956 2.509956 2.509956
2152.260010 0.000000 2514.085205 0.000000 0.367196 0.000000 -0.930143 2.509956 2.509956 2.509956
2152.143799 0.000000 2516.628906 0.000000 0.544333 0.000000 0.838870 2.509956 2.509956 2.509956
2151.289795 0.000000 2518.427734 0.000000 0.666175 -0.000000 -0.745795 2.509956 2.509956 2.509956
2154.462158 0.000000 2515.330566 0.000000 0.821941 0.000000 -0.569572 2.509956 2.509956 2.509956
2151.948242 0.000000 2512.446777 0.000000 -0.485737 0.000000 0.874105 2.509956 2.509956 2.509956
2149.903320 0.000000 2515.138184 0.000000 -0.881142 0.000000 0.472852 2.509956 2.509956 2.509956
2145.758789 0.000000 2512.058105 0.000000 0.499285 0.000000 0.866438 2.509956 2.509956 2.509956
2144.706787 0.000000 2510.488525 0.000000 -0.892415 0.000000 -0.451215 2.509956 2.509956 2.509956
2148.835205 0.000000 2510.446777 0.000000 0.983823 0.000000 0.179143 2.509956 2.509956 2.509956
2148.364502 0.000000 2514.281006 0.000000 -0.750485 0.000000 0.660887 2.509956 2.509956 2.509956
2144.247559 0.000000 2514.038574 0.000000 -0.947195 0.000000 -0.320659 2.509956 2.509956 2.509956
2146.675049 0.000000 2510.921631 0.000000 0.856992 0.000000 0.515330 2.509956 2.509956 2.509956
2146.494873 0.000000 2513.403564 0.000000 0.348979 0.000000 0.937131 2.509956 2.509956 2.509956
2145.683594 0.000000 2515.216064 0.000000 -0.905731 0.000000 0.423853 2.509956 2.509956 2.509956
2148.842773 0.000000 2512.176514 0.000000 0.894240 0.000000 0.447588 2.509956 2.509956 2.509956
2146.356445 0.000000 2509.289795 0.000000 0.858708 0.000000 0.512466 2.509956 2.509956 2.509956
2142.358643 0.000000 2490.645752 0.000000 0.499285 0.000000 0.866438 2.509956 2.509956 2.509956
2141.306396 0.000000 2489.075928 0.000000 -0.892415 0.000000 -0.451215 2.509956 2.509956 2.509956
2145.435059 0.000000 2489.034180 0.000000 0.983823 0.000000 0.179143 2.509956 2.509956 2.509956
2144.266113 0.000000 2511.919922 0.000000 -0.866210 0.000000 0.499680 2.509956 2.509956 2.509956
2144.567139 0.000000 2505.015625 0.000000 0.499285 0.000000 0.866438 2.509956 2.509956 2.509956
2143.274902 0.000000 2489.509033 0.000000 0.856992 0.000000 0.515330 2.509956 2.509956 2.509956
2143.514893 0.000000 2503.445801 0.000000 -0.892415 0.000000 -0.451215 2.509956 2.509956 2.509956
2147.643555 0.000000 2503.404053 0.000000 0.983823 0.000000 0.179143 2.509956 2.509956 2.509956
2145.442627 0.000000 2490.763916 0.000000 0.894240 0.000000 0.447588 2.509956 2.509956 2.509956
2142.956299 0.000000 2487.876953 0.000000 0.858708 0.000000 0.512466 2.509956 2.509956 2.509956
2140.865967 0.000000 2490.507324 0.000000 -0.866210 0.000000 0.499680 2.509956 2.509956 2.509956
2136.585205 0.000000 2490.014160 0.000000 -0.720011 0.000000 -0.693963 2.509956 2.509956 2.509956
2137.768799 0.000000 2488.495117 0.000000 -0.557049 0.000000 -0.830480 2.509956 2.509956 2.509956
2147.172607 0.000000 2507.238037 0.000000 -0.750485 0.000000 0.660887 2.509956 2.509956 2.509956
2143.055908 0.000000 2506.996094 0.000000 -0.947195 0.000000 -0.320659 2.509956 2.509956 2.509956
2134.244629 0.000000 2489.152100 0.000000 0.412389 0.000000 0.911008 2.509956 2.509956 2.509956
2137.959717 0.000000 2490.440430 0.000000 0.501902 -0.000000 -0.864925 2.509956 2.509956 2.509956
2135.529785 0.000000 2491.060303 0.000000 -0.837066 0.000000 0.547101 2.509956 2.509956 2.509956
2133.571533 0.000000 2490.843994 0.000000 0.782221 0.000000 0.623000 2.509956 2.509956 2.509956
2145.483398 0.000000 2503.878906 0.000000 0.856992 0.000000 0.515330 2.509956 2.509956 2.509956
2139.463379 0.000000 2489.676270 0.000000 0.949906 0.000000 0.312535 2.509956 2.509956 2.509956
2136.250977 0.000000 2488.396240 0.000000 -0.832433 0.000000 0.554125 2.509956 2.509956 2.509956
2132.926025 0.000000 2484.678223 0.000000 0.171533 0.000000 -0.985178 2.509956 2.509956 2.509956
2134.166016 0.000000 2483.206055 0.000000 0.717996 0.000000 0.696047 2.509956 2.509956 2.509956
2135.485352 0.000000 2487.017578 0.000000 -0.661622 0.000000 0.749838 2.509956 2.509956 2.509956
2131.631348 0.000000 2487.811279 0.000000 -0.524732 0.000000 -0.851267 2.509956 2.509956 2.509956
2130.621826 0.000000 2483.805664 0.000000 0.426188 0.000000 -0.904635 2.509956 2.509956 2.509956
2134.373291 0.000000 2485.144775 0.000000 -0.828950 0.000000 0.559323 2.509956 2.509956 2.509956
2131.863770 0.000000 2485.798828 0.000000 -0.138467 0.000000 0.990367 2.509956 2.509956 2.509956
2129.930420 0.000000 2485.553955 0.000000 0.553673 0.000000 0.832734 2.509956 2.509956 2.509956
2133.886230 0.000000 2487.612793 0.000000 0.992470 0.000000 -0.122488 2.509956 2.509956 2.509956
2135.823242 0.000000 2484.331543 0.000000 -0.823919 0.000000 0.566708 2.509956 2.509956 2.509956
2132.629883 0.000000 2483.177734 0.000000 0.746701 0.000000 0.665159 2.509956 2.509956 2.509956
2122.299805 0.000000 2489.502197 0.000000 0.911263 0.000000 0.411826 2.509956 2.509956 2.509956
2123.485840 0.000000 2487.925049 0.000000 0.856023 -0.000000 -0.516937 2.509956 2.509956 2.509956
2124.771240 0.000000 2491.860107 0.000000 0.178381 0.000000 0.983962 2.509956 2.509956 2.509956
2145.302979 0.000000 2506.361084 0.000000 0.348979 0.000000 0.937131 2.509956 2.509956 2.509956
2119.930420 0.000000 2488.597900 0.000000 0.387198 0.000000 -0.921997 2.509956 2.509956 2.509956
2123.707275 0.000000 2489.986084 0.000000 0.962986 0.000000 0.269551 2.509956 2.509956 2.509956
2121.175781 0.000000 2490.583496 0.000000 -0.208501 0.000000 0.978022 2.509956 2.509956 2.509956
2119.250732 0.000000 2490.271484 0.000000 0.729210 0.000000 -0.684290 2.509956 2.509956 2.509956
2144.491699 0.000000 2508.173340 0.000000 -0.905731 0.000000 0.423853 2.509956 2.509956 2.509956
2125.087646 0.000000 2489.163818 0.000000 0.039180 0.000000 0.999232 2.509956 2.509956 2.509956
2121.895752 0.000000 2487.931885 0.000000 -0.044714 0.000000 0.999000 2.509956 2.509956 2.509956
2126.160156 0.000000 2483.424805 0.000000 -0.929363 0.000000 0.369168 2.509956 2.509956 2.509956
2127.365723 0.000000 2481.913818 0.000000 -0.968152 0.000000 0.250363 2.509956 2.509956 2.509956
2128.656006 0.000000 2485.784424 0.000000 -0.627008 0.000000 0.779013 2.509956 2.509956 2.509956
2124.827881 0.000000 2486.578125 0.000000 -0.761603 0.000000 -0.648044 2.509956 2.509956 2.509956
2123.790283 0.000000 2482.578369 0.000000 -0.311599 0.000000 0.950214 2.509956 2.509956 2.509956
2127.506348 0.000000 2483.967041 0.000000 -0.250069 0.000000 -0.968228 2.509956 2.509956 2.509956
2125.088135 0.000000 2484.536377 0.000000 0.856319 0.000000 -0.516446 2.509956 2.509956 2.509956
2123.131592 0.000000 2484.317383 0.000000 -0.821275 0.000000 -0.570533 2.509956 2.509956 2.509956
2126.999512 0.000000 2486.417725 0.000000 0.346861 0.000000 0.937916 2.509956 2.509956 2.509956
2128.984863 0.000000 2483.095947 0.000000 0.720292 0.000000 -0.693671 2.509956 2.509956 2.509956
2125.821289 0.000000 2481.880371 0.000000 -0.936571 0.000000 0.350478 2.509956 2.509956 2.509956
2119.229004 0.000000 2483.379639 0.000000 -0.929363 0.000000 0.369168 2.509956 2.509956 2.509956
2120.434570 0.000000 2481.868652 0.000000 -0.968152 0.000000 0.250363 2.509956 2.509956 2.509956
2121.724854 0.000000 2485.739014 0.000000 -0.627008 0.000000 0.779013 2.509956 2.509956 2.509956
2147.651123 0.000000 2505.133789 0.000000 0.894240 0.000000 0.447588 2.509956 2.509956 2.509956
2145.164795 0.000000 2502.246826 0.000000 0.858708 0.000000 0.512466 2.509956 2.509956 2.509956
2120.575195 0.000000 2483.921875 0.000000 -0.250069 0.000000 -0.968228 2.509956 2.509956 2.509956
2143.074463 0.000000 2504.877197 0.000000 -0.866210 0.000000 0.499680 2.509956 2.509956 2.509956
2138.793701 0.000000 2504.384033 0.000000 -0.720011 0.000000 -0.693963 2.509956 2.509956 2.509956
2120.068604 0.000000 2486.372803 0.000000 0.346861 0.000000 0.937916 2.509956 2.509956 2.509956
2122.054199 0.000000 2483.050781 0.000000 0.720292 0.000000 -0.693671 2.509956 2.509956 2.509956
2139.977295 0.000000 2502.864990 0.000000 -0.557049 0.000000 -0.830480 2.509956 2.509956 2.509956
2141.296875 0.000000 2506.685059 0.000000 0.473916 -0.000000 -0.880570 2.509956 2.509956 2.509956
2137.465576 0.000000 2507.473389 0.000000 0.610263 0.000000 0.792199 2.509956 2.509956 2.509956
2136.453125 0.000000 2503.521973 0.000000 0.412389 0.000000 0.911008 2.509956 2.509956 2.509956
2140.168213 0.000000 2504.810303 0.000000 0.501902 -0.000000 -0.864925 2.509956 2.509956 2.509956
2137.738281 0.000000 2505.430176 0.000000 -0.837066 0.000000 0.547101 2.509956 2.509956 2.509956
2135.780029 0.000000 2505.213867 0.000000 0.782221 0.000000 0.623000 2.509956 2.509956 2.509956
2139.648682 0.000000 2507.308105 0.000000 -0.274588 0.000000 -0.961562 2.509956 2.509956 2.509956
2141.671875 0.000000 2504.046143 0.000000 0.949906 0.000000 0.312535 2.509956 2.509956 2.509956
2138.459473 0.000000 2502.766113 0.000000 -0.832433 0.000000 0.554125 2.509956 2.509956 2.509956
2135.134521 0.000000 2499.048096 0.000000 0.171533 0.000000 -0.985178 2.509956 2.509956 2.509956
2136.374512 0.000000 2497.575928 0.000000 0.717996 0.000000 0.696047 2.509956 2.509956 2.509956
2137.693848 0.000000 2501.387451 0.000000 -0.661622 0.000000 0.749838 2.509956 2.509956 2.509956
2133.839844 0.000000 2502.181152 0.000000 -0.524732 0.000000 -0.851267 2.509956 2.509956 2.509956
2132.830322 0.000000 2498.175537 0.000000 0.426188 0.000000 -0.904635 2.509956 2.509956 2.509956
2136.581787 0.000000 2499.514648 0.000000 -0.828950 0.000000 0.559323 2.509956 2.509956 2.509956
2134.072266 0.000000 2500.168701 0.000000 -0.138467 0.000000 0.990367 2.509956 2.509956 2.509956
2132.138916 0.000000 2499.923828 0.000000 0.553673 0.000000 0.832734 2.509956 2.509956 2.509956
2136.094727 0.000000 2501.982666 0.000000 0.992470 0.000000 -0.122488 2.509956 2.509956 2.509956
2138.031738 0.000000 2498.701416 0.000000 -0.823919 0.000000 0.566708 2.509956 2.509956 2.509956
2134.838379 0.000000 2497.547607 0.000000 0.746701 0.000000 0.665159 2.509956 2.509956 2.509956
2124.508301 0.000000 2503.872070 0.000000 0.911263 0.000000 0.411826 2.509956 2.509956 2.509956
2125.694336 0.000000 2502.294922 0.000000 0.856023 -0.000000 -0.516937 2.509956 2.509956 2.509956
2126.979736 0.000000 2506.229980 0.000000 0.178381 0.000000 0.983962 2.509956 2.509956 2.509956
2123.126953 0.000000 2506.933838 0.000000 0.085001 0.000000 -0.996381 2.509956 2.509956 2.509956
2122.138916 0.000000 2502.967773 0.000000 0.387198 0.000000 -0.921997 2.509956 2.509956 2.509956
2125.915771 0.000000 2504.355957 0.000000 0.962986 0.000000 0.269551 2.509956 2.509956 2.509956
2123.384277 0.000000 2504.953369 0.000000 -0.208501 0.000000 0.978022 2.509956 2.509956 2.509956
2121.459229 0.000000 2504.641357 0.000000 0.729210 0.000000 -0.684290 2.509956 2.509956 2.509956
2125.394531 0.000000 2506.813721 0.000000 -0.885174 0.000000 -0.465261 2.509956 2.509956 2.509956
2127.296143 0.000000 2503.533691 0.000000 0.039180 0.000000 0.999232 2.509956 2.509956 2.509956
2124.104248 0.000000 2502.301758 0.000000 -0.044714 0.000000 0.999000 2.509956 2.509956 2.509956
2128.368652 0.000000 2497.794678 0.000000 -0.929363 0.000000 0.369168 2.509956 2.509956 2.509956
2129.574219 0.000000 2496.283691 0.000000 -0.968152 0.000000 0.250363 2.509956 2.509956 2.509956
2130.864502 0.000000 2500.154297 0.000000 -0.627008 0.000000 0.779013 2.509956 2.509956 2.509956
2127.036377 0.000000 2500.947998 0.000000 -0.761603 0.000000 -0.648044 2.509956 2.509956 2.509956
2129.714844 0.000000 2498.336914 0.000000 -0.250069 0.000000 -0.968228 2.509956 2.509956 2.509956
2127.296631 0.000000 2498.906250 0.000000 0.856319 0.000000 -0.516446 2.509956 2.509956 2.509956
2129.208008 0.000000 2500.787598 0.000000 0.346861 0.000000 0.937916 2.509956 2.509956 2.509956
2131.193359 0.000000 2497.465820 0.000000 0.720292 0.000000 -0.693671 2.509956 2.509956 2.509956
2128.029785 0.000000 2496.250244 0.000000 -0.936571 0.000000 0.350478 2.509956 2.509956 2.509956
2161.302002 0.000000 2536.377441 0.000000 -0.369704 0.000000 -0.929150 2.509956 2.509956 2.509956
2159.700439 0.000000 2537.380127 0.000000 -0.947929 0.000000 0.318481 2.509956 2.509956 2.509956
2160.000977 0.000000 2533.259521 0.000000 -0.803433 0.000000 -0.595395 2.509956 2.509956 2.509956
2163.858398 0.000000 2534.005859 0.000000 -0.040910 0.000000 -0.999163 2.509956 2.509956 2.509956
2163.171387 0.000000 2538.193359 0.000000 0.999987 0.000000 0.005092 2.509956 2.509956 2.509956
2160.265137 0.000000 2535.460449 0.000000 0.954666 0.000000 0.297678 2.509956 2.509956 2.509956
2162.775146 0.000000 2535.758057 0.000000 0.308750 0.000000 -0.951143 2.509956 2.509956 2.509956
2164.487549 0.000000 2536.836426 0.000000 -0.772306 0.000000 -0.635251 2.509956 2.509956 2.509956
2161.718262 0.000000 2533.358398 0.000000 -0.350789 0.000000 -0.936455 2.509956 2.509956 2.509956
2158.596680 0.000000 2535.562256 0.000000 -0.476336 0.000000 -0.879263 2.509956 2.509956 2.509956
2161.155518 0.000000 2537.895508 0.000000 0.514061 0.000000 -0.857753 2.509956 2.509956 2.509956
2154.484131 0.000000 2536.699219 0.000000 -0.369704 0.000000 -0.929150 2.509956 2.509956 2.509956
2152.882812 0.000000 2537.701904 0.000000 -0.947929 0.000000 0.318481 2.509956 2.509956 2.509956
2153.183105 0.000000 2533.581299 0.000000 -0.803433 0.000000 -0.595395 2.509956 2.509956 2.509956
2157.040771 0.000000 2534.327881 0.000000 -0.040910 0.000000 -0.999163 2.509956 2.509956 2.509956
2156.353516 0.000000 2538.515381 0.000000 0.999987 0.000000 0.005092 2.509956 2.509956 2.509956
2153.447510 0.000000 2535.782471 0.000000 0.954666 0.000000 0.297678 2.509956 2.509956 2.509956
2155.957275 0.000000 2536.079834 0.000000 0.308750 0.000000 -0.951143 2.509956 2.509956 2.509956
2157.669922 0.000000 2537.158447 0.000000 -0.772306 0.000000 -0.635251 2.509956 2.509956 2.509956
2154.900635 0.000000 2533.680176 0.000000 -0.350789 0.000000 -0.936455 2.509956 2.509956 2.509956
2151.779053 0.000000 2535.884033 0.000000 -0.476336 0.000000 -0.879263 2.509956 2.509956 2.509956
2154.337891 0.000000 2538.217285 0.000000 0.514061 0.000000 -0.857753 2.509956 2.509956 2.509956
2148.645264 0.000000 2531.776367 0.000000 0.705717 0.000000 0.708494 2.509956 2.509956 2.509956
2147.520996 0.000000 2530.152588 -0.000000 -0.387695 0.000000 0.921788 2.509956 2.509956 2.509956
2151.701904 0.000000 2530.140137 0.000000 -0.993024 0.000000 0.117910 2.509956 2.509956 2.509956
2151.194824 0.000000 2534.025879 0.000000 -0.146296 0.000000 0.989241 2.509956 2.509956 2.509956
2147.106689 0.000000 2533.763428 0.000000 -0.878597 0.000000 -0.477564 2.509956 2.509956 2.509956
2149.492676 0.000000 2530.583252 0.000000 0.367196 0.000000 -0.930143 2.509956 2.509956 2.509956
2149.376465 0.000000 2533.126953 0.000000 0.544333 0.000000 0.838870 2.509956 2.509956 2.509956
2148.522461 0.000000 2534.925781 0.000000 0.666175 -0.000000 -0.745795 2.509956 2.509956 2.509956
2151.694824 0.000000 2531.828613 0.000000 0.821941 0.000000 -0.569572 2.509956 2.509956 2.509956
2149.180908 0.000000 2528.944824 0.000000 -0.485737 0.000000 0.874105 2.509956 2.509956 2.509956
2147.135986 0.000000 2531.636230 0.000000 -0.881142 0.000000 0.472852 2.509956 2.509956 2.509956
2142.991455 0.000000 2528.556152 0.000000 0.499285 0.000000 0.866438 2.509956 2.509956 2.509956
2141.939453 0.000000 2526.986572 0.000000 -0.892415 0.000000 -0.451215 2.509956 2.509956 2.509956
2146.067871 0.000000 2526.944824 0.000000 0.983823 0.000000 0.179143 2.509956 2.509956 2.509956
2145.597168 0.000000 2530.779053 0.000000 -0.750485 0.000000 0.660887 2.509956 2.509956 2.509956
2141.480225 0.000000 2530.536621 0.000000 -0.947195 0.000000 -0.320659 2.509956 2.509956 2.509956
2143.907715 0.000000 2527.419678 0.000000 0.856992 0.000000 0.515330 2.509956 2.509956 2.509956
2143.727539 0.000000 2529.901611 0.000000 0.348979 0.000000 0.937131 2.509956 2.509956 2.509956
2142.916260 0.000000 2531.714111 0.000000 -0.905731 0.000000 0.423853 2.509956 2.509956 2.509956
2146.075439 0.000000 2528.674561 0.000000 0.894240 0.000000 0.447588 2.509956 2.509956 2.509956
2143.589111 0.000000 2525.787842 0.000000 0.858708 0.000000 0.512466 2.509956 2.509956 2.509956
2141.498779 0.000000 2528.417969 0.000000 -0.866210 0.000000 0.499680 2.509956 2.509956 2.509956
2141.799805 0.000000 2521.513672 0.000000 0.499285 0.000000 0.866438 2.509956 2.509956 2.509956
2140.747559 0.000000 2519.943848 0.000000 -0.892415 0.000000 -0.451215 2.509956 2.509956 2.509956
2144.876221 0.000000 2519.902100 0.000000 0.983823 0.000000 0.179143 2.509956 2.509956 2.509956
2144.405273 0.000000 2523.736084 0.000000 -0.750485 0.000000 0.660887 2.509956 2.509956 2.509956
2140.288574 0.000000 2523.494141 0.000000 -0.947195 0.000000 -0.320659 2.509956 2.509956 2.509956
2142.716064 0.000000 2520.376953 0.000000 0.856992 0.000000 0.515330 2.509956 2.509956 2.509956
2142.535645 0.000000 2522.859131 0.000000 0.348979 0.000000 0.937131 2.509956 2.509956 2.509956
2141.724365 0.000000 2524.671387 0.000000 -0.905731 0.000000 0.423853 2.509956 2.509956 2.509956
2144.883789 0.000000 2521.631836 0.000000 0.894240 0.000000 0.447588 2.509956 2.509956 2.509956
2142.397461 0.000000 2518.744873 0.000000 0.858708 0.000000 0.512466 2.509956 2.509956 2.509956
2140.307129 0.000000 2521.375244 0.000000 -0.866210 0.000000 0.499680 2.509956 2.509956 2.509956
2136.026367 0.000000 2520.882080 0.000000 -0.720011 0.000000 -0.693963 2.509956 2.509956 2.509956
2137.209961 0.000000 2519.363037 0.000000 -0.557049 0.000000 -0.830480 2.509956 2.509956 2.509956
2138.529541 0.000000 2523.183105 0.000000 0.473916 -0.000000 -0.880570 2.509956 2.509956 2.509956
2134.698242 0.000000 2523.971436 0.000000 0.610263 0.000000 0.792199 2.509956 2.509956 2.509956
2133.685791 0.000000 2520.020020 0.000000 0.412389 0.000000 0.911008 2.509956 2.509956 2.509956
2137.400879 0.000000 2521.308350 0.000000 0.501902 -0.000000 -0.864925 2.509956 2.509956 2.509956
2134.970947 0.000000 2521.928223 0.000000 -0.837066 0.000000 0.547101 2.509956 2.509956 2.509956
2133.012695 0.000000 2521.711914 0.000000 0.782221 0.000000 0.623000 2.509956 2.509956 2.509956
2136.881348 0.000000 2523.806152 0.000000 -0.274588 0.000000 -0.961562 2.509956 2.509956 2.509956
2138.904541 0.000000 2520.544189 0.000000 0.949906 0.000000 0.312535 2.509956 2.509956 2.509956
2135.692139 0.000000 2519.264160 0.000000 -0.832433 0.000000 0.554125 2.509956 2.509956 2.509956
2132.367188 0.000000 2515.546143 0.000000 0.171533 0.000000 -0.985178 2.509956 2.509956 2.509956
2133.607178 0.000000 2514.073975 0.000000 0.717996 0.000000 0.696047 2.509956 2.509956 2.509956
2134.926514 0.000000 2517.885498 0.000000 -0.661622 0.000000 0.749838 2.509956 2.509956 2.509956
2131.072510 0.000000 2518.679199 0.000000 -0.524732 0.000000 -0.851267 2.509956 2.509956 2.509956
2130.062988 0.000000 2514.673584 0.000000 0.426188 0.000000 -0.904635 2.509956 2.509956 2.509956
2133.814453 0.000000 2516.012695 0.000000 -0.828950 0.000000 0.559323 2.509956 2.509956 2.509956
2131.304932 0.000000 2516.666748 0.000000 -0.138467 0.000000 0.990367 2.509956 2.509956 2.509956
2129.371582 0.000000 2516.421875 0.000000 0.553673 0.000000 0.832734 2.509956 2.509956 2.509956
2133.327393 0.000000 2518.480713 0.000000 0.992470 0.000000 -0.122488 2.509956 2.509956 2.509956
2135.264404 0.000000 2515.199463 0.000000 -0.823919 0.000000 0.566708 2.509956 2.509956 2.509956
2132.071045 0.000000 2514.045654 0.000000 0.746701 0.000000 0.665159 2.509956 2.509956 2.509956
2121.740967 0.000000 2520.370117 0.000000 0.911263 0.000000 0.411826 2.509956 2.509956 2.509956
2122.927002 0.000000 2518.792969 0.000000 0.856023 -0.000000 -0.516937 2.509956 2.509956 2.509956
2124.212402 0.000000 2522.728027 0.000000 0.178381 0.000000 0.983962 2.509956 2.509956 2.509956
2120.359619 0.000000 2523.431885 0.000000 0.085001 0.000000 -0.996381 2.509956 2.509956 2.509956
2119.371582 0.000000 2519.465820 0.000000 0.387198 0.000000 -0.921997 2.509956 2.509956 2.509956
2123.148438 0.000000 2520.854004 0.000000 0.962986 0.000000 0.269551 2.509956 2.509956 2.509956
2120.616943 0.000000 2521.451416 0.000000 -0.208501 0.000000 0.978022 2.509956 2.509956 2.509956
2118.691895 0.000000 2521.139404 0.000000 0.729210 0.000000 -0.684290 2.509956 2.509956 2.509956
2122.627197 0.000000 2523.311768 0.000000 -0.885174 0.000000 -0.465261 2.509956 2.509956 2.509956
2124.528809 0.000000 2520.031738 0.000000 0.039180 0.000000 0.999232 2.509956 2.509956 2.509956
2121.336914 0.000000 2518.799805 0.000000 -0.044714 0.000000 0.999000 2.509956 2.509956 2.509956
2125.601318 0.000000 2514.292725 0.000000 -0.929363 0.000000 0.369168 2.509956 2.509956 2.509956
2126.806885 0.000000 2512.781738 0.000000 -0.968152 0.000000 0.250363 2.509956 2.509956 2.509956
2128.097168 0.000000 2516.652344 0.000000 -0.627008 0.000000 0.779013 2.509956 2.509956 2.509956
2124.269043 0.000000 2517.446045 0.000000 -0.761603 0.000000 -0.648044 2.509956 2.509956 2.509956
2123.231445 0.000000 2513.446289 0.000000 -0.311599 0.000000 0.950214 2.509956 2.509956 2.509956
2126.947510 0.000000 2514.834961 0.000000 -0.250069 0.000000 -0.968228 2.509956 2.509956 2.509956
2124.529297 0.000000 2515.404297 0.000000 0.856319 0.000000 -0.516446 2.509956 2.509956 2.509956
2122.572754 0.000000 2515.185303 0.000000 -0.821275 0.000000 -0.570533 2.509956 2.509956 2.509956
2126.440674 0.000000 2517.285645 0.000000 0.346861 0.000000 0.937916 2.509956 2.509956 2.509956
2128.426025 0.000000 2513.963867 0.000000 0.720292 0.000000 -0.693671 2.509956 2.509956 2.509956
2125.262451 0.000000 2512.748291 0.000000 -0.936571 0.000000 0.350478 2.509956 2.509956 2.509956
2118.670166 0.000000 2514.247559 0.000000 -0.929363 0.000000 0.369168 2.509956 2.509956 2.509956
2119.875732 0.000000 2512.736572 0.000000 -0.968152 0.000000 0.250363 2.509956 2.509956 2.509956
2121.166016 0.000000 2516.606934 0.000000 -0.627008 0.000000 0.779013 2.509956 2.509956 2.509956
2117.338379 0.000000 2517.400879 0.000000 -0.761603 0.000000 -0.648044 2.509956 2.509956 2.509956
2116.300293 0.000000 2513.401123 0.000000 -0.311599 0.000000 0.950214 2.509956 2.509956 2.509956
2120.016357 0.000000 2514.789795 0.000000 -0.250069 0.000000 -0.968228 2.509956 2.509956 2.509956
2117.597900 0.000000 2515.359131 0.000000 0.856319 0.000000 -0.516446 2.509956 2.509956 2.509956
2115.641602 0.000000 2515.140137 0.000000 -0.821275 0.000000 -0.570533 2.509956 2.509956 2.509956
2119.509766 0.000000 2517.240723 0.000000 0.346861 0.000000 0.937916 2.509956 2.509956 2.509956
2121.495361 0.000000 2513.918701 0.000000 0.720292 0.000000 -0.693671 2.509956 2.509956 2.509956
2118.331299 0.000000 2512.702881 0.000000 -0.936571 0.000000 0.350478 2.509956 2.509956 2.509956
188.110565 0.000000 3631.458252 0.000000 -0.276147 0.000000 0.961115 0.687891 0.687891 0.687891
187.615112 0.000000 3632.639404 0.000000 -0.796845 0.000000 0.604183 0.687891 0.687891 0.687891
188.245972 0.000000 3632.473145 0.000000 0.733213 0.000000 0.679999 0.687891 0.687891 0.687891
193.955170 0.000000 3631.618896 0.000000 -0.276147 0.000000 0.961115 0.687891 0.687891 0.687891
193.459717 0.000000 3632.800049 0.000000 -0.796845 0.000000 0.604183 0.687891 0.687891 0.687891
194.090576 0.000000 3632.633789 0.000000 0.733213 0.000000 0.679999 0.687891 0.687891 0.687891
194.932770 0.000000 3630.939209 0.000000 0.938150 0.000000 -0.346230 0.687891 0.687891 0.687891
192.340652 0.000000 3629.477295 0.000000 0.576761 0.000000 0.816913 0.687891 0.687891 0.687891
192.171387 0.000000 3628.580811 0.000000 -0.595773 0.000000 -0.803153 0.687891 0.687891 0.687891
191.557098 0.000000 3628.781738 0.000000 -0.983282 0.000000 0.182090 0.687891 0.687891 0.687891
1357.390015 0.000000 4699.250000 0.000000 -0.288887 0.000000 -0.957363 1.000000 1.000000 1.000000
1357.840820 0.000000 4700.475586 0.000000 0.910222 0.000000 -0.414120 1.000000 1.000000 1.000000
1357.665405 0.000000 4701.372070 0.000000 -0.761906 0.000000 0.647687 1.000000 1.000000 1.000000
1358.581909 0.000000 4699.195801 0.000000 0.784314 0.000000 -0.620364 1.000000 1.000000 1.000000
1359.122192 0.000000 4698.462402 0.000000 0.991293 0.000000 -0.131675 1.000000 1.000000 1.000000
1359.546875 0.000000 4699.824707 0.000000 -0.780826 0.000000 0.624748 1.000000 1.000000 1.000000
1347.866211 0.000000 4701.999512 0.000000 -0.578347 0.000000 -0.815790 1.000000 1.000000 1.000000
1348.885864 0.000000 4702.161133 0.000000 -0.351377 0.000000 -0.936234 1.000000 1.000000 1.000000
1346.796997 0.000000 4696.218262 0.000000 -0.073815 0.000000 0.997272 1.000000 1.000000 1.000000
1345.896240 0.000000 4695.990723 0.000000 -0.994333 0.000000 -0.106313 1.000000 1.000000 1.000000
1347.880737 0.000000 4695.377441 0.000000 -0.783581 0.000000 0.621290 1.000000 1.000000 1.000000
1347.613403 0.000000 4696.137695 0.000000 0.637867 0.000000 0.770146 1.000000 1.000000 1.000000
1346.979980 0.000000 4695.149902 0.000000 -0.789116 0.000000 -0.614244 1.000000 1.000000 1.000000
1347.927734 0.000000 4696.812988 0.000000 0.896774 0.000000 -0.442490 1.000000 1.000000 1.000000
1346.823242 0.000000 4701.729980 0.000000 -0.295493 0.000000 -0.955345 1.000000 1.000000 1.000000
1347.636597 0.000000 4700.546875 0.000000 0.320172 0.000000 0.947359 1.000000 1.000000 1.000000
1347.573730 0.000000 4701.201172 0.000000 0.995720 0.000000 -0.092427 1.000000 1.000000 1.000000
1346.516479 0.000000 4702.249023 0.000000 -0.624171 0.000000 0.781288 1.000000 1.000000 1.000000
1346.069824 0.000000 4694.685547 0.000000 -0.155012 0.000000 0.987913 1.000000 1.000000 1.000000
1344.406738 0.000000 4696.348145 0.000000 0.950365 0.000000 -0.311137 1.000000 1.000000 1.000000
1345.220093 0.000000 4695.165039 0.000000 0.779444 0.000000 -0.626471 1.376367 1.376367 1.376367
1345.434814 0.000000 4694.032715 0.000000 0.980994 0.000000 -0.194037 1.000000 1.000000 1.000000
1345.157227 0.000000 4695.819336 0.000000 -0.911793 0.000000 0.410651 0.825586 0.825586 0.825586
1344.099976 0.000000 4696.867188 0.000000 0.970379 0.000000 -0.241588 1.000000 1.000000 1.000000
1341.861694 0.000000 4697.811523 0.000000 0.790925 0.000000 0.611913 1.000000 1.000000 1.000000
1339.909180 0.000000 4698.101074 0.000000 0.746365 0.000000 0.665536 1.000000 1.000000 1.000000
1340.634521 0.000000 4697.106934 0.000000 -0.899935 -0.000000 -0.436024 1.197949 1.197949 1.197949
1342.820557 0.000000 4696.053711 0.000000 0.790925 0.000000 0.611913 1.000000 1.000000 1.000000
1340.396606 0.000000 4697.693359 0.000000 -0.664972 -0.000000 -0.746869 1.000000 1.000000 1.000000
1342.609863 0.000000 4697.292969 0.000000 0.993480 0.000000 -0.114006 1.197949 1.197949 1.197949
1344.221802 0.000000 4694.262695 0.000000 0.912150 0.000000 0.409856 1.000000 1.000000 1.000000
1342.580322 0.000000 4696.630859 0.000000 0.974000 0.000000 0.226548 1.000000 1.000000 1.000000
1343.568726 0.000000 4695.535156 0.000000 0.993480 0.000000 -0.114006 1.000000 1.000000 1.000000
1343.431763 0.000000 4696.664062 0.000000 0.208025 0.000000 -0.978124 1.000000 1.000000 1.000000
1343.539185 0.000000 4694.873047 0.000000 0.974000 0.000000 0.226548 1.000000 1.000000 1.000000
1344.467773 0.000000 4693.709961 0.000000 -0.993292 0.000000 0.115632 1.000000 1.000000 1.000000
1342.708496 0.000000 4704.130371 0.000000 0.999978 0.000000 -0.006592 1.000000 1.000000 1.000000
1341.264282 0.000000 4702.564941 0.000000 0.970675 0.000000 -0.240395 1.000000 1.000000 1.000000
1342.331299 0.000000 4703.473633 0.000000 0.711389 0.000000 -0.702799 0.714746 0.714746 0.714746
1343.347778 0.000000 4703.910645 0.000000 -0.439924 0.000000 -0.898035 1.170215 1.170215 1.170215
1341.693604 0.000000 4703.361328 0.000000 0.906221 0.000000 -0.422804 1.000000 1.000000 1.000000
1340.773193 0.000000 4702.165527 0.000000 -0.710238 0.000000 0.703962 0.717627 0.717627 0.717627
1342.494629 0.000000 4694.824219 0.000000 -0.776434 0.000000 0.630198 0.823821 0.823821 0.823821
1340.816772 0.000000 4701.421875 0.000000 -0.776434 0.000000 0.630198 0.823821 0.823821 0.823821
1340.465454 0.000000 4700.100098 0.000000 -0.997348 0.000000 0.072775 1.297037 1.297037 1.297037
1340.329346 0.000000 4698.921387 0.000000 -0.675980 -0.000000 -0.736920 0.800293 0.800293 0.800293
1341.418823 0.000000 4696.591797 0.000000 -0.927221 -0.000000 -0.374515 0.823821 0.823821 0.823821
1340.771484 0.000000 4698.959961 0.000000 -0.927221 -0.000000 -0.374515 0.823821 0.823821 0.823821
1344.371216 0.000000 4695.358887 0.000000 -0.927221 -0.000000 -0.374515 1.297037 1.297037 1.297037
1341.416016 0.000000 4694.607910 0.000000 -0.309130 0.000000 0.951020 1.297037 1.297037 1.297037
1342.085205 0.000000 4695.515137 0.000000 0.000000 0.000000 1.000000 0.800293 0.800293 0.800293
1545.581909 0.000000 4330.731445 0.000000 -0.836168 0.000000 -0.548473 1.430469 1.430469 1.430469
1545.924805 0.000000 4336.472168 0.000000 -0.749632 0.000000 0.661855 1.430469 1.430469 1.430469
1546.063110 0.000000 4333.280762 0.000000 0.637357 0.000000 0.770569 1.430469 1.430469 1.430469
1548.187256 0.000000 4329.939453 0.000000 0.812702 0.000000 -0.582679 1.430469 1.430469 1.430469
1550.932129 0.000000 4330.654785 0.000000 0.887120 0.000000 -0.461539 1.430469 1.430469 1.430469
1549.641724 0.000000 4329.837402 0.000000 0.021115 0.000000 -0.999777 1.430469 1.430469 1.430469
1549.882935 0.000000 4332.235352 0.000000 0.021115 0.000000 -0.999777 1.430469 1.430469 1.430469
1553.319946 0.000000 4336.110352 0.000000 0.021115 0.000000 -0.999777 1.430469 1.430469 1.430469
1553.749146 0.000000 4332.994141 0.000000 0.268489 0.000000 -0.963283 1.430469 1.430469 1.430469
1548.883789 0.000000 4337.600098 0.000000 0.268489 0.000000 -0.963283 1.430469 1.430469 1.430469
1552.360352 0.000000 4338.462891 0.000000 -0.998608 0.000000 -0.052737 1.430469 1.430469 1.430469
1547.771118 0.000000 4335.261719 0.000000 -0.998608 0.000000 -0.052737 1.430469 1.430469 1.430469
1547.916870 0.000000 4331.891113 0.000000 0.733974 0.000000 0.679177 1.430469 1.430469 1.430469
1552.523193 0.000000 4331.876465 0.000000 -0.985242 0.000000 0.171166 1.430469 1.430469 1.430469
1547.082520 0.000000 4337.999023 0.000000 0.000000 0.000000 1.000000 1.430469 1.430469 1.430469
1571.018066 0.000000 4297.190430 0.000000 0.000000 0.000000 1.000000 1.000000 1.000000 1.000000
1569.121826 0.000000 4296.929688 0.000000 -0.799672 0.000000 -0.600437 1.000000 1.000000 1.000000
1570.882446 0.000000 4296.140137 0.000000 -0.570584 0.000000 0.821239 1.000000 1.000000 1.000000
1596.939453 0.000000 4295.113281 0.000000 0.902747 -0.000000 -0.430173 1.000000 1.000000 1.000000
1593.618408 0.000000 4300.190430 0.000000 0.654254 -0.000000 -0.756275 1.000000 1.000000 1.000000
1595.016602 0.000000 4307.205566 0.000000 -0.914160 0.000000 0.405353 1.000000 1.000000 1.000000
1596.103638 0.000000 4304.113281 0.000000 -0.785370 0.000000 0.619027 1.000000 1.000000 1.000000
1583.878540 0.000000 4316.647949 0.000000 -0.914160 0.000000 0.405353 1.000000 1.000000 1.000000
1584.965576 0.000000 4313.555664 0.000000 -0.785370 0.000000 0.619027 1.000000 1.000000 1.000000
1581.138916 0.000000 4311.693848 0.000000 0.000000 0.000000 1.000000 1.000000 1.000000 1.000000
1592.699585 0.000000 4291.510254 -0.000000 -0.237193 0.000000 0.971463 1.352978 1.352978 1.352978
1590.732788 0.000000 4290.672852 -0.000000 -0.237193 0.000000 0.971463 1.000000 1.000000 1.000000
1595.742920 0.000000 4293.657227 -0.000000 -0.237193 0.000000 0.971463 1.000000 1.000000 1.000000
1593.997192 0.000000 4292.606445 0.000000 -0.774357 0.000000 0.632749 1.000000 1.000000 1.000000
1579.525391 0.000000 4311.481445 0.000000 -0.097525 0.000000 -0.995233 1.000000 1.000000 1.000000
1592.421875 0.000000 4298.734375 0.000000 0.732724 0.000000 -0.680526 1.000000 1.000000 1.000000
1595.288208 0.000000 4291.986816 0.000000 0.363987 0.000000 -0.931404 1.000000 1.000000 1.000000
1595.417480 0.000000 4303.499512 0.000000 -0.455570 0.000000 -0.890200 1.000000 1.000000 1.000000
1582.682007 0.000000 4315.191895 0.000000 -0.647556 0.000000 -0.762018 1.000000 1.000000 1.000000
1580.936279 0.000000 4314.141113 0.000000 0.967951 0.000000 0.251138 1.000000 1.000000 1.000000
1584.279419 0.000000 4312.941895 0.000000 -0.455570 0.000000 -0.890200 1.000000 1.000000 1.000000
1582.227295 0.000000 4313.521484 0.000000 0.986464 0.000000 -0.163980 1.000000 1.000000 1.000000
1585.129395 0.000000 4300.442383 -0.000000 -0.784487 0.000000 0.620145 1.000000 1.000000 1.000000
1585.392090 0.000000 4301.956543 0.000000 0.998387 0.000000 0.056768 1.000000 1.000000 1.000000
1586.762817 0.000000 4300.689941 0.000000 0.438858 0.000000 -0.898556 1.545499 1.545499 1.545499
1588.315674 0.000000 4308.612305 0.000000 0.772434 0.000000 0.635095 1.000000 1.000000 1.000000
1589.003418 0.000000 4307.170898 0.000000 0.697028 0.000000 0.717044 1.000000 1.000000 1.000000
1587.164795 0.000000 4307.503906 0.000000 -0.084264 -0.000000 -0.996443 1.545499 1.545499 1.545499
1594.296021 0.000000 4318.852051 0.000000 -0.878990 0.000000 0.476840 1.000000 1.000000 1.000000
1594.983765 0.000000 4317.410645 0.000000 0.269160 0.000000 0.963096 1.000000 1.000000 1.000000
1593.145142 0.000000 4317.743652 0.000000 -0.959397 0.000000 0.282058 1.545499 1.545499 1.545499
1565.507935 0.000000 4308.502930 0.000000 0.285856 0.000000 0.958273 1.000000 1.000000 1.000000
1566.195679 0.000000 4307.061523 0.000000 -0.093980 0.000000 0.995574 1.000000 1.000000 1.000000
1564.357056 0.000000 4307.394531 0.000000 0.908220 0.000000 0.418493 1.545499 1.545499 1.545499
1581.686890 0.000000 4295.106934 0.000000 0.951061 0.000000 0.309002 1.000000 1.000000 1.000000
1582.385132 0.000000 4295.865723 0.000000 -0.891340 0.000000 0.453335 1.000000 1.000000 1.000000
2629.653564 0.000000 3017.172363 -0.000000 0.915668 0.000000 0.401935 1.006681 1.006681 1.006681
2630.467529 0.000000 3016.607422 0.000000 -0.997512 0.000000 -0.070494 1.427560 1.427560 1.427560
2618.425781 0.000000 3014.037842 0.000000 0.000000 0.000000 1.000000 1.290308 1.290308 1.290308
2574.277344 0.000000 3019.119385 0.000000 0.799865 0.000000 0.600179 1.828296 1.828296 1.828296
2567.288086 0.000000 3011.458496 0.000000 0.799865 0.000000 0.600179 1.000000 1.000000 1.000000
2566.345215 0.000000 3007.650391 0.000000 -0.725286 0.000000 -0.688448 1.000000 1.000000 1.000000
2563.189453 0.000000 3003.877686 0.000000 0.281572 0.000000 -0.959540 1.000000 1.000000 1.000000
3631.148926 0.000000 5353.578125 0.000000 0.794572 0.000000 -0.607170 1.371875 1.371875 1.371875
3630.055908 0.000000 5353.485352 0.000000 0.767798 0.000000 0.640692 1.371875 1.371875 1.371875
3628.841309 0.000000 5353.553711 0.000000 0.254218 0.000000 -0.967147 1.371875 1.371875 1.371875
3627.826172 0.000000 5353.567383 0.000000 0.243608 0.000000 0.969874 1.371875 1.371875 1.371875
3626.777344 0.000000 5353.528320 0.000000 0.958909 0.000000 0.283714 1.371875 1.371875 1.371875
3625.516846 0.000000 5353.595703 0.000000 0.913648 0.000000 0.406507 1.371875 1.371875 1.371875
3627.849365 0.000000 5353.606445 0.000000 0.762715 0.000000 -0.646734 1.371875 1.371875 1.371875
3626.792725 0.000000 5353.494629 0.000000 -0.362521 0.000000 0.931976 1.371875 1.371875 1.371875
3625.551758 0.000000 5353.573242 0.000000 0.604661 0.000000 -0.796483 1.371875 1.371875 1.371875
3624.304443 0.000000 5353.542480 0.000000 0.705613 0.000000 0.708597 1.371875 1.371875 1.371875
3631.096191 0.000000 5355.151367 0.000000 0.992206 0.000000 -0.124608 1.371875 1.371875 1.371875
3630.050293 0.000000 5355.063477 0.000000 0.940935 0.000000 -0.338588 1.371875 1.371875 1.371875
3628.809570 0.000000 5355.118652 0.000000 -0.849443 0.000000 0.527681 1.371875 1.371875 1.371875
3627.781982 0.000000 5355.157227 0.000000 0.992794 0.000000 0.119833 1.371875 1.371875 1.371875
3626.749512 0.000000 5355.036133 0.000000 0.135538 0.000000 -0.990772 1.371875 1.371875 1.371875
3625.501709 0.000000 5355.157715 0.000000 0.952660 0.000000 -0.304037 1.371875 1.371875 1.371875
3627.773926 0.000000 5355.167969 0.000000 0.971094 0.000000 0.238697 1.371875 1.371875 1.371875
3626.752930 0.000000 5355.042969 0.000000 -0.348423 0.000000 0.937337 1.371875 1.371875 1.371875
3625.485840 0.000000 5355.125000 0.000000 0.625919 0.000000 0.779888 1.371875 1.371875 1.371875
3624.277832 0.000000 5355.095703 0.000000 0.406477 0.000000 0.913661 1.371875 1.371875 1.371875
3631.327393 0.000000 5356.645020 0.000000 0.496834 0.000000 0.867846 1.371875 1.371875 1.371875
3630.290039 0.000000 5356.579102 0.000000 0.819110 0.000000 -0.573636 1.371875 1.371875 1.371875
3629.020996 0.000000 5356.654297 0.000000 0.997727 0.000000 0.067381 1.371875 1.371875 1.371875
3628.012939 0.000000 5356.677734 0.000000 -0.820274 0.000000 -0.571971 1.371875 1.371875 1.371875
3626.973389 0.000000 5356.585938 0.000000 -0.550645 0.000000 -0.834739 1.371875 1.371875 1.371875
3625.732666 0.000000 5356.653320 0.000000 -0.701994 0.000000 -0.712183 1.371875 1.371875 1.371875
3628.051758 0.000000 5356.688477 0.000000 0.824840 0.000000 -0.565366 1.371875 1.371875 1.371875
3627.002197 0.000000 5356.582031 0.000000 -0.607011 0.000000 0.794693 1.371875 1.371875 1.371875
3625.753418 0.000000 5356.643066 0.000000 -0.397759 0.000000 0.917490 1.371875 1.371875 1.371875
3624.553467 0.000000 5356.605957 0.000000 0.281902 0.000000 -0.959443 1.371875 1.371875 1.371875
3631.279785 0.000000 5358.201172 0.000000 -0.699821 0.000000 -0.714318 1.371875 1.371875 1.371875
3630.241699 0.000000 5358.147461 0.000000 0.909432 0.000000 -0.415852 1.371875 1.371875 1.371875
3629.007324 0.000000 5358.165527 0.000000 0.210104 0.000000 -0.977679 1.371875 1.371875 1.371875
3627.981934 0.000000 5358.247070 0.000000 -0.947450 0.000000 -0.319904 1.371875 1.371875 1.371875
3626.974609 0.000000 5358.140625 0.000000 0.643651 0.000000 -0.765319 1.371875 1.371875 1.371875
3625.702393 0.000000 5358.193359 0.000000 0.121131 0.000000 -0.992636 1.371875 1.371875 1.371875
3627.996094 0.000000 5358.207520 0.000000 0.413547 0.000000 0.910483 1.371875 1.371875 1.371875
3626.964111 0.000000 5358.163086 0.000000 -0.929271 0.000000 0.369400 1.371875 1.371875 1.371875
3625.692627 0.000000 5358.182617 0.000000 0.408221 0.000000 0.912883 1.371875 1.371875 1.371875
3624.480713 0.000000 5358.170898 0.000000 0.690613 0.000000 0.723224 1.371875 1.371875 1.371875
3631.533447 0.000000 5359.621094 0.000000 -0.177879 0.000000 0.984052 1.371875 1.371875 1.371875
3630.485107 0.000000 5359.575195 0.000000 0.885561 0.000000 -0.464524 1.371875 1.371875 1.371875
3629.196777 0.000000 5359.608398 0.000000 -0.504066 0.000000 -0.863665 1.371875 1.371875 1.371875
3628.233398 0.000000 5359.686523 0.000000 -0.900041 0.000000 0.435804 1.371875 1.371875 1.371875
3627.165527 0.000000 5359.564453 0.000000 -0.458790 0.000000 -0.888545 1.371875 1.371875 1.371875
3625.922852 0.000000 5359.634766 0.000000 0.189246 0.000000 0.981930 1.371875 1.371875 1.371875
3628.219971 0.000000 5359.690430 0.000000 0.992311 0.000000 -0.123773 1.371875 1.371875 1.371875
3627.148682 0.000000 5359.560547 0.000000 0.589215 0.000000 0.807977 1.371875 1.371875 1.371875
3625.917480 0.000000 5359.665527 0.000000 -0.994811 0.000000 0.101740 1.371875 1.371875 1.371875
3624.737061 0.000000 5359.602539 0.000000 -0.097674 0.000000 0.995218 1.371875 1.371875 1.371875
3631.485352 0.000000 5361.170898 0.000000 -0.157960 0.000000 0.987446 1.371875 1.371875 1.371875
3630.407959 0.000000 5361.119141 0.000000 -0.904547 0.000000 -0.426374 1.371875 1.371875 1.371875
3629.168457 0.000000 5361.154297 0.000000 -0.105526 0.000000 -0.994417 1.371875 1.371875 1.371875
3628.175781 0.000000 5361.204102 0.000000 0.326614 0.000000 0.945158 1.371875 1.371875 1.371875
3627.150879 0.000000 5361.148438 0.000000 0.778724 0.000000 -0.627367 1.371875 1.371875 1.371875
3625.864502 0.000000 5361.177734 0.000000 -0.360869 0.000000 -0.932617 1.371875 1.371875 1.371875
3628.170410 0.000000 5361.211426 0.000000 0.645075 0.000000 0.764120 1.371875 1.371875 1.371875
3627.139893 0.000000 5361.129883 0.000000 -0.459795 0.000000 0.888025 1.371875 1.371875 1.371875
3625.877686 0.000000 5361.187012 0.000000 -0.238713 0.000000 -0.971090 1.371875 1.371875 1.371875
3624.686768 0.000000 5361.179688 0.000000 -0.903665 0.000000 0.428239 1.371875 1.371875 1.371875
3631.699463 0.000000 5362.729492 0.000000 0.938587 0.000000 0.345043 1.371875 1.371875 1.371875
3630.685303 0.000000 5362.647461 0.000000 0.878038 0.000000 -0.478591 1.371875 1.371875 1.371875
3629.431152 0.000000 5362.715820 0.000000 -0.875508 0.000000 0.483204 1.371875 1.371875 1.371875
3628.428711 0.000000 5362.760742 0.000000 -0.990746 0.000000 -0.135727 1.371875 1.371875 1.371875
3627.362793 0.000000 5362.659180 0.000000 0.879167 0.000000 0.476514 1.371875 1.371875 1.371875
3626.113525 0.000000 5362.733398 0.000000 -0.977648 0.000000 -0.210246 1.371875 1.371875 1.371875
3628.416016 0.000000 5362.732910 0.000000 -0.746978 0.000000 -0.664849 1.371875 1.371875 1.371875
3627.383545 0.000000 5362.648438 0.000000 -0.132522 0.000000 0.991180 1.371875 1.371875 1.371875
3626.114990 0.000000 5362.713867 0.000000 -0.753888 0.000000 -0.657003 1.371875 1.371875 1.371875
3624.937256 0.000000 5362.717773 0.000000 0.979115 0.000000 -0.203308 1.371875 1.371875 1.371875
3631.681641 0.000000 5364.260742 0.000000 0.210964 0.000000 0.977494 1.371875 1.371875 1.371875
3630.624023 0.000000 5364.218750 0.000000 0.959009 0.000000 -0.283377 1.371875 1.371875 1.371875
3629.393799 0.000000 5364.260742 0.000000 -0.778733 0.000000 0.627355 1.371875 1.371875 1.371875
3628.363770 0.000000 5364.289062 0.000000 -0.848763 0.000000 -0.528773 1.371875 1.371875 1.371875
3627.319580 0.000000 5364.214844 0.000000 0.794322 0.000000 0.607497 1.371875 1.371875 1.371875
3626.102539 0.000000 5364.291016 0.000000 -0.963986 0.000000 0.265952 1.371875 1.371875 1.371875
3628.367676 0.000000 5364.271484 0.000000 -0.350429 0.000000 -0.936589 1.371875 1.371875 1.371875
3627.330811 0.000000 5364.224121 0.000000 0.992306 0.000000 0.123814 1.371875 1.371875 1.371875
3626.097656 0.000000 5364.284180 0.000000 -0.887419 0.000000 0.460964 1.371875 1.371875 1.371875
3624.868652 0.000000 5364.261719 0.000000 -0.996330 0.000000 -0.085599 1.371875 1.371875 1.371875
3648.567383 0.000000 5334.620117 0.000000 0.831710 0.000000 0.555209 1.000000 1.000000 1.000000
3647.816650 0.000000 5334.522949 0.000000 0.044533 0.000000 0.999008 1.000000 1.000000 1.000000
3646.922119 0.000000 5334.564453 0.000000 -0.650585 0.000000 0.759433 1.000000 1.000000 1.000000
3646.197021 0.000000 5334.565430 0.000000 0.513982 0.000000 -0.857801 1.000000 1.000000 1.000000
3645.430664 0.000000 5334.492188 0.000000 -0.674642 0.000000 0.738145 1.000000 1.000000 1.000000
3644.511475 0.000000 5334.530273 0.000000 0.979026 0.000000 -0.203733 1.000000 1.000000 1.000000
3646.177002 0.000000 5334.556641 0.000000 0.301184 0.000000 0.953566 1.000000 1.000000 1.000000
3645.401611 0.000000 5334.492676 0.000000 -0.820999 0.000000 -0.570930 1.000000 1.000000 1.000000
3644.506348 0.000000 5334.501953 0.000000 -0.177794 0.000000 -0.984068 1.000000 1.000000 1.000000
3643.616699 0.000000 5334.467773 0.000000 -0.569186 0.000000 -0.822209 1.000000 1.000000 1.000000
3642.866699 0.000000 5334.382324 0.000000 -0.054272 0.000000 0.998526 1.000000 1.000000 1.000000
3641.969238 0.000000 5334.423828 0.000000 -0.683427 0.000000 0.730019 1.000000 1.000000 1.000000
3641.232910 0.000000 5334.414062 0.000000 -0.009823 0.000000 -0.999952 1.000000 1.000000 1.000000
3640.455811 0.000000 5334.336426 0.000000 0.360872 0.000000 0.932615 1.000000 1.000000 1.000000
3639.560059 0.000000 5334.360840 0.000000 0.044065 0.000000 -0.999029 1.000000 1.000000 1.000000
3641.219238 0.000000 5334.418457 0.000000 -0.493963 0.000000 -0.869483 1.000000 1.000000 1.000000
3640.476318 0.000000 5334.341797 0.000000 0.423797 0.000000 -0.905757 1.000000 1.000000 1.000000
3639.541260 0.000000 5334.372070 0.000000 -0.719217 0.000000 -0.694786 1.000000 1.000000 1.000000
3648.512451 0.000000 5335.757812 0.000000 0.964022 0.000000 0.265824 1.000000 1.000000 1.000000
3647.758057 0.000000 5335.653320 0.000000 0.023855 0.000000 0.999715 1.000000 1.000000 1.000000
3646.833496 0.000000 5335.692383 0.000000 0.743938 0.000000 0.668249 1.000000 1.000000 1.000000
3646.125732 0.000000 5335.714844 0.000000 -0.984367 0.000000 0.176132 1.000000 1.000000 1.000000
3645.343994 0.000000 5335.627930 0.000000 0.913274 0.000000 0.407346 1.000000 1.000000 1.000000
3644.437500 0.000000 5335.637695 0.000000 -0.528416 0.000000 -0.848986 1.000000 1.000000 1.000000
3646.110596 0.000000 5335.692871 0.000000 -0.588356 0.000000 -0.808602 1.000000 1.000000 1.000000
3645.341797 0.000000 5335.621094 0.000000 0.782242 0.000000 0.622975 1.000000 1.000000 1.000000
3644.461670 0.000000 5335.639648 0.000000 -0.416058 0.000000 0.909338 1.000000 1.000000 1.000000
3643.560791 0.000000 5335.617188 0.000000 -0.974133 0.000000 -0.225974 1.000000 1.000000 1.000000
3642.802490 0.000000 5335.541016 0.000000 -0.995947 0.000000 0.089937 1.000000 1.000000 1.000000
3641.881348 0.000000 5335.556641 0.000000 -0.864504 0.000000 -0.502626 1.000000 1.000000 1.000000
3641.185303 0.000000 5335.556152 0.000000 -0.560775 0.000000 0.827968 1.000000 1.000000 1.000000
3640.392822 0.000000 5335.488770 0.000000 -0.947277 0.000000 -0.320417 1.000000 1.000000 1.000000
3639.482422 0.000000 5335.500977 0.000000 0.667995 0.000000 0.744166 1.000000 1.000000 1.000000
3641.181885 0.000000 5335.548828 0.000000 -0.320145 0.000000 0.947369 1.000000 1.000000 1.000000
3640.418457 0.000000 5335.480957 0.000000 -0.671888 0.000000 0.740652 1.000000 1.000000 1.000000
3639.510742 0.000000 5335.507812 0.000000 -0.695276 0.000000 0.718743 1.000000 1.000000 1.000000
3648.660889 0.000000 5336.863770 0.000000 0.779954 0.000000 0.625837 1.000000 1.000000 1.000000
3647.900635 0.000000 5336.771973 0.000000 -0.381961 0.000000 -0.924179 1.000000 1.000000 1.000000
3646.988281 0.000000 5336.802734 0.000000 0.595566 0.000000 0.803306 1.000000 1.000000 1.000000
3646.267334 0.000000 5336.805176 0.000000 0.430102 0.000000 0.902780 1.000000 1.000000 1.000000
3645.524170 0.000000 5336.737305 0.000000 -0.649040 0.000000 0.760754 1.000000 1.000000 1.000000
3644.613525 0.000000 5336.753418 0.000000 -0.328011 0.000000 0.944674 1.000000 1.000000 1.000000
3646.276367 0.000000 5336.831055 0.000000 -0.995168 0.000000 0.098190 1.000000 1.000000 1.000000
3645.510986 0.000000 5336.722656 0.000000 0.058961 0.000000 0.998260 1.000000 1.000000 1.000000
3644.587646 0.000000 5336.760742 0.000000 -0.733229 0.000000 -0.679982 1.000000 1.000000 1.000000
3643.718506 0.000000 5336.708008 0.000000 -0.250579 0.000000 -0.968096 1.000000 1.000000 1.000000
3642.965820 0.000000 5336.631836 0.000000 -0.266012 0.000000 0.963970 1.000000 1.000000 1.000000
3642.062500 0.000000 5336.672852 0.000000 0.743296 0.000000 -0.668963 1.000000 1.000000 1.000000
3641.317871 0.000000 5336.661621 0.000000 -0.301745 0.000000 -0.953389 1.000000 1.000000 1.000000
3640.545898 0.000000 5336.605469 0.000000 -0.946638 0.000000 -0.322299 1.000000 1.000000 1.000000
3639.646729 0.000000 5336.606934 0.000000 0.193430 0.000000 0.981114 1.000000 1.000000 1.000000
3641.329590 0.000000 5336.661133 0.000000 0.098417 0.000000 -0.995145 1.000000 1.000000 1.000000
3640.551025 0.000000 5336.608887 0.000000 -0.993698 0.000000 -0.112089 1.000000 1.000000 1.000000
3639.663818 0.000000 5336.625000 0.000000 0.721286 0.000000 -0.692637 1.000000 1.000000 1.000000
3648.616455 0.000000 5338.008789 0.000000 -0.993745 0.000000 0.111678 1.000000 1.000000 1.000000
3647.849854 0.000000 5337.899902 0.000000 -0.087785 0.000000 -0.996139 1.000000 1.000000 1.000000
3646.927490 0.000000 5337.942383 0.000000 0.820887 0.000000 0.571091 1.000000 1.000000 1.000000
3646.208984 0.000000 5337.958984 0.000000 0.981526 0.000000 0.191330 1.000000 1.000000 1.000000
3645.464355 0.000000 5337.863281 0.000000 -0.516668 0.000000 0.856186 1.000000 1.000000 1.000000
3644.533691 0.000000 5337.904785 0.000000 0.973143 0.000000 0.230201 1.000000 1.000000 1.000000
3646.228516 0.000000 5337.937500 0.000000 -0.330256 0.000000 0.943891 1.000000 1.000000 1.000000
3645.451660 0.000000 5337.852539 0.000000 0.052295 0.000000 0.998632 1.000000 1.000000 1.000000
3644.531250 0.000000 5337.902344 0.000000 -0.939566 0.000000 -0.342368 1.000000 1.000000 1.000000
3643.660889 0.000000 5337.867188 0.000000 0.999899 0.000000 -0.014212 1.000000 1.000000 1.000000
3642.884521 0.000000 5337.764648 0.000000 0.549637 0.000000 0.835403 1.000000 1.000000 1.000000
3642.003418 0.000000 5337.802246 0.000000 0.716572 0.000000 -0.697513 1.000000 1.000000 1.000000
3641.275391 0.000000 5337.795898 0.000000 0.323485 0.000000 -0.946233 1.000000 1.000000 1.000000
3640.507324 0.000000 5337.714844 0.000000 0.254625 0.000000 -0.967040 1.000000 1.000000 1.000000
3639.603271 0.000000 5337.758301 0.000000 0.790534 0.000000 -0.612418 1.000000 1.000000 1.000000
3641.277100 0.000000 5337.812500 0.000000 -0.806191 0.000000 0.591655 1.000000 1.000000 1.000000
3640.489258 0.000000 5337.738281 0.000000 -0.981024 0.000000 -0.193885 1.000000 1.000000 1.000000
3639.585693 0.000000 5337.737793 0.000000 0.251433 0.000000 0.967875 1.000000 1.000000 1.000000
3648.767578 0.000000 5339.052734 0.000000 -0.802860 0.000000 0.596167 1.000000 1.000000 1.000000
3647.975098 0.000000 5338.973633 0.000000 -0.908844 0.000000 -0.417136 1.000000 1.000000 1.000000
3647.066895 0.000000 5338.986328 0.000000 -0.627576 0.000000 -0.778555 1.000000 1.000000 1.000000
3646.341309 0.000000 5338.996094 0.000000 -0.714928 0.000000 -0.699198 1.000000 1.000000 1.000000
3645.602539 0.000000 5338.914062 0.000000 0.487098 0.000000 -0.873347 1.000000 1.000000 1.000000
3644.695557 0.000000 5338.941895 0.000000 -0.544716 0.000000 0.838621 1.000000 1.000000 1.000000
3646.369629 0.000000 5339.002930 0.000000 -0.731549 0.000000 0.681789 1.000000 1.000000 1.000000
3645.592773 0.000000 5338.905273 0.000000 -0.039866 0.000000 0.999205 1.000000 1.000000 1.000000
3644.677490 0.000000 5338.958984 0.000000 -0.999564 0.000000 -0.029509 1.000000 1.000000 1.000000
3643.813477 0.000000 5338.913086 0.000000 0.846719 0.000000 -0.532041 1.000000 1.000000 1.000000
3643.020996 0.000000 5338.821777 0.000000 0.695906 0.000000 0.718133 1.000000 1.000000 1.000000
3642.138184 0.000000 5338.840820 0.000000 0.297406 0.000000 -0.954751 1.000000 1.000000 1.000000
3641.415771 0.000000 5338.864258 0.000000 -0.807237 0.000000 0.590227 1.000000 1.000000 1.000000
3640.622314 0.000000 5338.772949 0.000000 -0.655751 0.000000 -0.754977 1.000000 1.000000 1.000000
3639.739258 0.000000 5338.793945 0.000000 -0.311945 0.000000 0.950100 1.000000 1.000000 1.000000
3641.391357 0.000000 5338.866211 0.000000 -0.936815 0.000000 -0.349826 1.000000 1.000000 1.000000
3640.631836 0.000000 5338.791992 0.000000 -0.999187 0.000000 -0.040321 1.000000 1.000000 1.000000
3639.724854 0.000000 5338.789551 0.000000 -0.225111 0.000000 -0.974333 1.000000 1.000000 1.000000
3648.683838 0.000000 5340.185547 0.000000 0.942337 0.000000 0.334666 1.000000 1.000000 1.000000
3647.929199 0.000000 5340.111328 0.000000 0.990926 0.000000 -0.134408 1.000000 1.000000 1.000000
3647.034668 0.000000 5340.117676 0.000000 -0.485228 0.000000 0.874388 1.000000 1.000000 1.000000
3646.286377 0.000000 5340.118164 0.000000 0.456110 0.000000 0.889924 1.000000 1.000000 1.000000
3645.543945 0.000000 5340.048828 0.000000 0.606945 0.000000 -0.794744 1.000000 1.000000 1.000000
3644.631592 0.000000 5340.085938 0.000000 -0.891106 0.000000 0.453796 1.000000 1.000000 1.000000
3646.295166 0.000000 5340.114258 0.000000 0.132608 0.000000 0.991169 1.000000 1.000000 1.000000
3645.515137 0.000000 5340.052734 0.000000 0.842387 0.000000 0.538873 1.000000 1.000000 1.000000
3644.616943 0.000000 5340.061523 0.000000 0.271569 0.000000 0.962419 1.000000 1.000000 1.000000
3643.735596 0.000000 5340.021484 0.000000 0.341594 0.000000 0.939848 1.000000 1.000000 1.000000
3642.968994 0.000000 5339.968750 0.000000 -0.990916 0.000000 -0.134482 1.000000 1.000000 1.000000
3642.057129 0.000000 5339.971680 0.000000 0.508026 0.000000 0.861342 1.000000 1.000000 1.000000
3641.329102 0.000000 5339.984375 0.000000 -0.705525 0.000000 -0.708685 1.000000 1.000000 1.000000
3640.564697 0.000000 5339.899414 0.000000 0.542527 0.000000 0.840039 1.000000 1.000000 1.000000
3639.681885 0.000000 5339.926758 0.000000 0.408680 0.000000 -0.912678 1.000000 1.000000 1.000000
3641.357178 0.000000 5339.982422 0.000000 0.473865 0.000000 -0.880598 1.000000 1.000000 1.000000
3640.591064 0.000000 5339.905762 0.000000 -0.562217 0.000000 0.826990 1.000000 1.000000 1.000000
3639.662109 0.000000 5339.920898 0.000000 -0.341577 0.000000 -0.939854 1.000000 1.000000 1.000000
3648.853027 0.000000 5341.278320 0.000000 0.062220 0.000000 -0.998063 1.000000 1.000000 1.000000
3648.092529 0.000000 5341.203125 0.000000 -0.317974 0.000000 0.948099 1.000000 1.000000 1.000000
3647.188721 0.000000 5341.239258 0.000000 -0.632363 0.000000 0.774673 1.000000 1.000000 1.000000
3646.441650 0.000000 5341.257812 0.000000 0.984341 0.000000 0.176276 1.000000 1.000000 1.000000
3645.668701 0.000000 5341.170898 0.000000 -0.874928 0.000000 -0.484254 1.000000 1.000000 1.000000
3644.763916 0.000000 5341.182129 0.000000 -0.504098 0.000000 -0.863647 1.000000 1.000000 1.000000
3646.437744 0.000000 5341.236328 0.000000 0.532667 0.000000 0.846325 1.000000 1.000000 1.000000
3645.680664 0.000000 5341.180664 0.000000 0.999020 0.000000 -0.044268 1.000000 1.000000 1.000000
3644.760986 0.000000 5341.195312 0.000000 -0.851433 0.000000 -0.524463 1.000000 1.000000 1.000000
3643.886719 0.000000 5341.163086 0.000000 0.975051 0.000000 0.221979 1.000000 1.000000 1.000000
3643.142334 0.000000 5341.065918 0.000000 0.464637 0.000000 -0.885502 1.000000 1.000000 1.000000
3642.234863 0.000000 5341.091797 0.000000 -0.467385 0.000000 0.884054 1.000000 1.000000 1.000000
3641.481934 0.000000 5341.104492 0.000000 0.780649 0.000000 0.624970 1.000000 1.000000 1.000000
3640.743164 0.000000 5341.030273 0.000000 -0.770196 0.000000 0.637808 1.000000 1.000000 1.000000
3639.836914 0.000000 5341.049805 0.000000 -0.608251 0.000000 0.793745 1.000000 1.000000 1.000000
3641.499268 0.000000 5341.089844 0.000000 0.016280 0.000000 0.999867 1.000000 1.000000 1.000000
3640.725342 0.000000 5341.010742 0.000000 -0.252302 0.000000 -0.967649 1.000000 1.000000 1.000000
3639.808838 0.000000 5341.055664 0.000000 -0.883627 0.000000 -0.468192 1.000000 1.000000 1.000000
3648.796631 0.000000 5342.410156 0.000000 0.173851 0.000000 -0.984772 1.000000 1.000000 1.000000
3648.020996 0.000000 5342.329102 0.000000 -0.136434 0.000000 -0.990649 1.000000 1.000000 1.000000
3647.125000 0.000000 5342.358887 0.000000 -0.290844 0.000000 0.956771 1.000000 1.000000 1.000000
3646.382812 0.000000 5342.362793 0.000000 -0.351199 0.000000 -0.936301 1.000000 1.000000 1.000000
3645.634521 0.000000 5342.305664 0.000000 0.854538 0.000000 -0.519389 1.000000 1.000000 1.000000
3644.730225 0.000000 5342.320801 0.000000 -0.600350 0.000000 0.799737 1.000000 1.000000 1.000000
3646.389893 0.000000 5342.361328 0.000000 -0.105415 0.000000 -0.994428 1.000000 1.000000 1.000000
3645.612793 0.000000 5342.306641 0.000000 -0.957337 0.000000 -0.288975 1.000000 1.000000 1.000000
3644.725098 0.000000 5342.333008 0.000000 0.900288 0.000000 -0.435294 1.000000 1.000000 1.000000
3643.850830 0.000000 5342.281250 0.000000 -0.622363 0.000000 0.782729 1.000000 1.000000 1.000000
3643.070312 0.000000 5342.187500 0.000000 0.067905 0.000000 0.997692 1.000000 1.000000 1.000000
3642.165283 0.000000 5342.213867 0.000000 0.019319 0.000000 -0.999813 1.000000 1.000000 1.000000
3641.435791 0.000000 5342.249023 0.000000 -0.998590 0.000000 0.053091 1.000000 1.000000 1.000000
3640.656982 0.000000 5342.148438 0.000000 -0.625180 0.000000 -0.780481 1.000000 1.000000 1.000000
3639.753174 0.000000 5342.169922 0.000000 0.445218 0.000000 0.895422 1.000000 1.000000 1.000000
3641.426514 0.000000 5342.244141 0.000000 -0.952596 0.000000 -0.304237 1.000000 1.000000 1.000000
3640.673584 0.000000 5342.140625 0.000000 -0.011520 0.000000 0.999934 1.000000 1.000000 1.000000
3639.755615 0.000000 5342.193359 0.000000 0.987116 0.000000 0.160009 1.000000 1.000000 1.000000
1998.329102 0.000000 2414.396240 0.000000 0.015342 0.000000 0.999882 2.509956 2.509956 2.509956
1999.772949 0.000000 2413.082764 0.000000 0.722432 0.000000 -0.691442 2.509956 2.509956 2.509956
1999.117065 0.000000 2417.046875 0.000000 -0.050447 0.000000 -0.998727 2.509956 2.509956 2.509956
1995.597412 0.000000 2417.007568 0.000000 -0.774952 0.000000 0.632020 2.509956 2.509956 2.509956
1995.954956 0.000000 2412.738037 0.000000 -0.941717 0.000000 0.336407 2.509956 2.509956 2.509956
1999.153320 0.000000 2415.396729 0.000000 -0.987512 0.000000 0.157546 2.509956 2.509956 2.509956
1996.337036 0.000000 2414.533691 0.000000 0.393124 0.000000 -0.919486 2.509956 2.509956 2.509956
1994.413818 0.000000 2413.864014 0.000000 0.144102 0.000000 0.989563 2.509956 2.509956 2.509956
1997.381104 0.000000 2417.117432 0.000000 0.895852 0.000000 0.444352 2.509956 2.509956 2.509956
2000.555908 0.000000 2415.122070 0.000000 -0.585532 0.000000 -0.810649 2.509956 2.509956 2.509956
1997.800659 0.000000 2412.765869 0.000000 0.152406 0.000000 0.988318 2.509956 2.509956 2.509956
2004.749146 0.000000 2413.150146 0.000000 0.884597 0.000000 -0.466356 2.509956 2.509956 2.509956
2006.432983 0.000000 2412.618652 0.000000 -0.527029 0.000000 0.849847 2.509956 2.509956 2.509956
2006.418701 0.000000 2416.686768 0.000000 0.337369 -0.000000 -0.941372 2.509956 2.509956 2.509956
2002.588135 0.000000 2415.834717 0.000000 -0.979834 0.000000 -0.199813 2.509956 2.509956 2.509956
2003.191162 0.000000 2411.463623 0.000000 -0.505118 0.000000 -0.863050 2.509956 2.509956 2.509956
2005.550049 0.000000 2414.363525 0.000000 -0.972820 0.000000 -0.231562 2.509956 2.509956 2.509956
2003.035767 0.000000 2414.232910 0.000000 0.983485 0.000000 0.180990 2.509956 2.509956 2.509956
2001.421997 0.000000 2413.311768 0.000000 0.156432 0.000000 -0.987689 2.509956 2.509956 2.509956
2004.656738 0.000000 2416.625244 0.000000 -0.216787 -0.000000 -0.976219 2.509956 2.509956 2.509956
2007.577515 0.000000 2413.659668 0.000000 -0.677524 0.000000 0.735500 2.509956 2.509956 2.509956
2004.741821 0.000000 2412.000244 0.000000 0.454597 0.000000 0.890697 2.509956 2.509956 2.509956
1991.753052 0.000000 2406.881348 0.000000 0.142977 0.000000 -0.989726 2.509956 2.509956 2.509956
1993.603516 0.000000 2405.376953 0.000000 0.090486 0.000000 -0.995898 2.509956 2.509956 2.509956
1993.355957 0.000000 2410.017578 0.000000 0.979393 0.000000 0.201966 2.509956 2.509956 2.509956
2008.113159 0.000000 2415.691162 0.000000 -0.013646 0.000000 -0.999907 2.509956 2.509956 2.509956
1989.162964 0.000000 2409.553223 0.000000 0.137796 0.000000 -0.990460 2.509956 2.509956 2.509956
1989.986328 0.000000 2405.189941 0.000000 0.886150 0.000000 -0.463397 2.509956 2.509956 2.509956
1992.935791 0.000000 2407.953857 0.000000 0.676028 0.000000 -0.736876 2.509956 2.509956 2.509956
1990.141968 0.000000 2407.706543 0.000000 -0.910838 0.000000 0.412764 2.509956 2.509956 2.509956
2007.695923 0.000000 2418.444092 0.000000 0.962220 0.000000 -0.272275 2.509956 2.509956 2.509956
1988.333130 0.000000 2406.576172 0.000000 0.251624 0.000000 0.967825 2.509956 2.509956 2.509956
1991.420288 0.000000 2409.955566 0.000000 0.794076 -0.000000 -0.607819 2.509956 2.509956 2.509956
1994.286743 0.000000 2407.205811 0.000000 0.753592 0.000000 0.657343 2.509956 2.509956 2.509956
1991.903931 0.000000 2404.887207 -0.000000 0.275302 0.000000 0.961358 2.509956 2.509956 2.509956
1998.338379 0.000000 2406.107422 0.000000 0.564865 0.000000 0.825183 2.509956 2.509956 2.509956
2000.514038 0.000000 2404.762695 0.000000 0.685509 0.000000 0.728064 2.509956 2.509956 2.509956
1999.698608 0.000000 2409.038818 0.000000 0.995473 0.000000 -0.095046 2.509956 2.509956 2.509956
1996.282227 0.000000 2408.866455 0.000000 -0.492568 0.000000 0.870274 2.509956 2.509956 2.509956
1996.270508 0.000000 2404.127686 0.000000 -0.093166 0.000000 -0.995650 2.509956 2.509956 2.509956
1999.625366 0.000000 2407.140137 0.000000 0.960461 0.000000 0.278415 2.509956 2.509956 2.509956
1996.994995 0.000000 2406.955811 0.000000 0.531382 -0.000000 -0.847133 2.509956 2.509956 2.509956
1995.663818 0.000000 2405.453125 -0.000000 -0.972468 0.000000 0.233036 2.509956 2.509956 2.509956
1998.466187 0.000000 2408.653320 0.000000 0.188676 0.000000 0.982039 2.509956 2.509956 2.509956
2001.062134 0.000000 2406.935791 0.000000 -0.952977 0.000000 -0.303043 2.509956 2.509956 2.509956
1998.490967 0.000000 2404.054688 0.000000 -0.997437 0.000000 -0.071545 2.509956 2.509956 2.509956
1997.340454 0.000000 2399.302734 0.000000 0.019915 0.000000 0.999802 2.509956 2.509956 2.509956
1997.276489 0.000000 2403.185791 0.000000 0.924084 -0.000000 -0.382188 2.509956 2.509956 2.509956
2001.804565 0.000000 2408.774414 0.000000 0.065778 0.000000 0.997834 2.509956 2.509956 2.509956
1996.931274 0.000000 2400.591553 0.000000 0.583455 0.000000 -0.812145 2.509956 2.509956 2.509956
2001.650269 0.000000 2411.007568 0.000000 -0.770329 0.000000 0.637647 2.509956 2.509956 2.509956
1995.991943 0.000000 2403.115234 0.000000 0.774778 0.000000 -0.632233 2.509956 2.509956 2.509956
1998.538208 0.000000 2400.479492 0.000000 0.610844 0.000000 0.791751 2.509956 2.509956 2.509956
2002.705444 0.000000 2399.146973 0.000000 0.010887 0.000000 0.999941 2.509956 2.509956 2.509956
2004.626465 0.000000 2398.293457 0.000000 -0.924520 -0.000000 -0.381134 2.509956 2.509956 2.509956
2004.544922 0.000000 2402.626709 0.000000 -0.923642 0.000000 0.383256 2.509956 2.509956 2.509956
2000.531494 0.000000 2402.094727 0.000000 -0.409875 0.000000 0.912142 2.509956 2.509956 2.509956
2000.537720 0.000000 2397.786377 0.000000 -0.775926 0.000000 0.630824 2.509956 2.509956 2.509956
2003.491211 0.000000 2400.329834 0.000000 -0.999696 0.000000 -0.024659 2.509956 2.509956 2.509956
2001.355591 0.000000 2399.866455 0.000000 -0.226725 0.000000 -0.973959 2.509956 2.509956 2.509956
1999.878540 0.000000 2398.863037 0.000000 0.899807 0.000000 -0.436288 2.509956 2.509956 2.509956
2002.320190 0.000000 2402.384033 0.000000 -0.826318 0.000000 -0.563204 2.509956 2.509956 2.509956
2005.723999 0.000000 2400.035400 0.000000 -0.116273 0.000000 0.993217 2.509956 2.509956 2.509956
2002.964966 0.000000 2397.608887 0.000000 0.882093 0.000000 -0.471074 2.509956 2.509956 2.509956
2032.780029 0.000000 2405.362305 0.000000 -0.526128 0.000000 -0.850405 2.509956 2.509956 2.509956
2035.003296 0.000000 2404.442383 0.000000 0.968309 0.000000 0.249754 2.509956 2.509956 2.509956
2034.527588 0.000000 2409.049316 0.000000 -0.342574 0.000000 -0.939491 2.509956 2.509956 2.509956
2006.407104 0.000000 2401.856689 0.000000 0.901885 0.000000 0.431976 2.509956 2.509956 2.509956
2030.276489 0.000000 2408.142578 0.000000 0.960634 0.000000 0.277818 2.509956 2.509956 2.509956
2031.337769 0.000000 2404.085938 0.000000 -0.947181 -0.000000 -0.320700 2.509956 2.509956 2.509956
2033.844238 0.000000 2406.739502 0.000000 0.936343 -0.000000 -0.351086 2.509956 2.509956 2.509956
2032.005615 0.000000 2406.361328 -0.000000 -0.991443 0.000000 0.130543 2.509956 2.509956 2.509956
2005.647705 0.000000 2404.031494 0.000000 -0.631347 0.000000 -0.775500 2.509956 2.509956 2.509956
2030.209961 0.000000 2405.455078 0.000000 0.707321 0.000000 -0.706892 2.509956 2.509956 2.509956
2033.103394 0.000000 2408.659912 0.000000 0.268082 0.000000 0.963396 2.509956 2.509956 2.509956
2035.829956 0.000000 2406.106689 0.000000 0.953065 0.000000 -0.302766 2.509956 2.509956 2.509956
2032.779419 0.000000 2404.216309 0.000000 0.647038 0.000000 -0.762457 2.509956 2.509956 2.509956
2039.892578 0.000000 2404.555908 -0.000000 -0.598500 0.000000 0.801123 2.509956 2.509956 2.509956
2041.609741 0.000000 2403.512939 0.000000 0.972584 0.000000 0.232554 2.509956 2.509956 2.509956
2041.592407 0.000000 2407.870117 0.000000 0.428485 0.000000 -0.903549 2.509956 2.509956 2.509956
2037.412964 0.000000 2407.210693 0.000000 0.844679 0.000000 0.535273 2.509956 2.509956 2.509956
2037.770020 0.000000 2403.421387 0.000000 0.214797 0.000000 -0.976659 2.509956 2.509956 2.509956
2040.746338 0.000000 2405.830566 0.000000 0.243488 0.000000 0.969904 2.509956 2.509956 2.509956
2038.309692 0.000000 2405.225586 0.000000 0.990089 0.000000 0.140445 2.509956 2.509956 2.509956
2036.489624 0.000000 2405.025146 0.000000 -0.831431 0.000000 -0.555628 2.509956 2.509956 2.509956
2039.500000 0.000000 2407.789307 0.000000 -0.895729 0.000000 -0.444601 2.509956 2.509956 2.509956
2042.362671 0.000000 2405.697266 -0.000000 0.884961 0.000000 0.465666 2.509956 2.509956 2.509956
2039.631836 0.000000 2403.118408 0.000000 0.613819 0.000000 -0.789447 2.509956 2.509956 2.509956
2011.842041 0.000000 2398.126465 0.000000 0.918765 0.000000 -0.394805 2.509956 2.509956 2.509956
2012.822998 0.000000 2397.186279 0.000000 0.655830 0.000000 0.754909 2.509956 2.509956 2.509956
2043.268677 0.000000 2407.208740 0.000000 -0.270716 0.000000 -0.962659 2.509956 2.509956 2.509956
2009.361816 0.000000 2400.280518 -0.000000 -0.996078 0.000000 0.088482 2.509956 2.509956 2.509956
2009.701660 0.000000 2396.487061 0.000000 -0.279019 0.000000 -0.960285 2.509956 2.509956 2.509956
2012.454834 0.000000 2398.705078 0.000000 -0.993752 0.000000 -0.111611 2.509956 2.509956 2.509956
2009.733887 0.000000 2398.781006 0.000000 -0.342253 0.000000 0.939608 2.509956 2.509956 2.509956
1918.859985 0.000000 2432.184570 0.000000 -0.096876 0.000000 0.995297 2.509956 2.509956 2.509956
2052.091797 0.000000 2444.943848 0.000000 0.982668 0.000000 0.185377 2.509956 2.509956 2.509956
1956.430908 0.000000 2419.203857 0.000000 0.982668 0.000000 0.185377 2.509956 2.509956 2.509956
1996.437012 0.000000 2426.914307 0.000000 0.982668 0.000000 0.185377 2.509956 2.509956 2.509956
2050.240723 0.000000 2422.495361 0.000000 0.898813 0.000000 0.438334 2.509956 2.509956 2.509956
2043.205688 0.000000 2409.487793 0.000000 -0.410132 0.000000 0.912026 2.509956 2.509956 2.509956
2007.977905 0.000000 2397.848389 0.000000 -0.084176 -0.000000 -0.996451 2.509956 2.509956 2.509956
2011.227295 0.000000 2400.789062 0.000000 -0.347639 0.000000 -0.937629 2.509956 2.509956 2.509956
2011.682495 0.000000 2396.217041 0.000000 -0.900001 0.000000 -0.435887 2.509956 2.509956 2.509956
2018.050903 0.000000 2397.231689 0.000000 -0.950594 0.000000 -0.310438 2.509956 2.509956 2.509956
2020.075317 0.000000 2396.507812 0.000000 0.382508 0.000000 0.923952 2.509956 2.509956 2.509956
2020.008301 0.000000 2400.200195 0.000000 -0.988784 0.000000 0.149352 2.509956 2.509956 2.509956
2015.798706 0.000000 2399.901367 0.000000 -0.127541 0.000000 0.991833 2.509956 2.509956 2.509956
2019.317139 0.000000 2397.710938 0.000000 0.999935 0.000000 0.011362 2.509956 2.509956 2.509956
2017.101440 0.000000 2397.903564 0.000000 -0.999999 0.000000 -0.001534 2.509956 2.509956 2.509956
2017.941650 0.000000 2400.083740 0.000000 -0.979636 0.000000 -0.200783 2.509956 2.509956 2.509956
2021.218750 0.000000 2397.807129 0.000000 -0.362585 0.000000 -0.931951 2.509956 2.509956 2.509956
2018.605713 0.000000 2395.362549 0.000000 0.060015 0.000000 -0.998197 2.509956 2.509956 2.509956
2005.942383 0.000000 2406.896729 -0.000000 -0.189064 0.000000 0.981965 2.509956 2.509956 2.509956
2007.048950 0.000000 2405.687500 0.000000 0.439324 0.000000 0.898328 2.509956 2.509956 2.509956
2008.156616 0.000000 2409.500977 0.000000 -0.988099 0.000000 -0.153821 2.509956 2.509956 2.509956
2021.500854 0.000000 2400.002197 0.000000 0.913971 0.000000 -0.405780 2.509956 2.509956 2.509956
2004.308594 0.000000 2410.698242 0.000000 0.883548 -0.000000 -0.468340 2.509956 2.509956 2.509956
2003.527222 0.000000 2405.838867 0.000000 -0.928596 0.000000 0.371091 2.509956 2.509956 2.509956
2007.298096 0.000000 2408.127197 0.000000 -0.872743 0.000000 -0.488181 2.509956 2.509956 2.509956
2005.049316 0.000000 2408.554443 0.000000 -0.816799 0.000000 -0.576923 2.509956 2.509956 2.509956
2021.427856 0.000000 2402.169922 0.000000 0.290220 0.000000 -0.956960 2.509956 2.509956 2.509956
2002.784058 0.000000 2407.846191 0.000000 0.937772 0.000000 -0.347250 2.509956 2.509956 2.509956
2006.604736 0.000000 2409.895996 -0.000000 0.312102 0.000000 0.950049 2.509956 2.509956 2.509956
2008.618408 0.000000 2406.989502 0.000000 0.691731 0.000000 -0.722155 2.509956 2.509956 2.509956
2005.887451 0.000000 2405.747314 0.000000 -0.197729 -0.000000 -0.980256 2.509956 2.509956 2.509956
2011.941162 0.000000 2404.521484 -0.000000 0.947029 0.000000 0.321148 2.509956 2.509956 2.509956
2014.435913 0.000000 2407.284180 0.000000 0.775344 -0.000000 -0.631539 2.509956 2.509956 2.509956
2010.692017 0.000000 2407.907959 0.000000 -0.965328 0.000000 0.261041 2.509956 2.509956 2.509956
2010.073608 0.000000 2403.241699 -0.000000 -0.656927 0.000000 0.753954 2.509956 2.509956 2.509956
2010.855225 0.000000 2405.645752 -0.000000 0.396288 0.000000 0.918126 2.509956 2.509956 2.509956
2008.982544 0.000000 2405.175293 0.000000 -0.689805 0.000000 -0.723995 2.509956 2.509956 2.509956
2013.073608 0.000000 2407.276611 0.000000 0.947401 0.000000 0.320048 2.509956 2.509956 2.509956
2015.492676 0.000000 2404.164307 0.000000 0.160557 0.000000 -0.987027 2.509956 2.509956 2.509956
2012.347900 0.000000 2402.988281 0.000000 0.460588 0.000000 -0.887614 2.509956 2.509956 2.509956
2019.900391 0.000000 2406.976807 0.000000 0.267212 0.000000 0.963638 2.509956 2.509956 2.509956
2020.974976 0.000000 2407.894043 -0.000000 -0.043254 0.000000 0.999064 2.509956 2.509956 2.509956
2017.672729 0.000000 2409.692871 0.000000 0.422580 0.000000 0.906326 2.509956 2.509956 2.509956
2020.058228 0.000000 2404.597656 0.000000 0.214874 0.000000 -0.976642 2.509956 2.509956 2.509956
2019.211304 0.000000 2408.711914 0.000000 0.604201 0.000000 -0.796832 2.509956 2.509956 2.509956
2018.398071 0.000000 2405.597412 0.000000 -0.991770 0.000000 0.128036 2.509956 2.509956 2.509956
2018.365967 0.000000 2404.087891 0.000000 0.393675 0.000000 -0.919250 2.509956 2.509956 2.509956
2016.439087 0.000000 2407.905518 0.000000 0.882135 0.000000 0.470997 2.509956 2.509956 2.509956
2019.690063 0.000000 2409.998535 0.000000 -0.671618 0.000000 0.740898 2.509956 2.509956 2.509956
2020.769775 0.000000 2406.268799 0.000000 -0.737496 0.000000 -0.675351 2.509956 2.509956 2.509956
2026.153076 0.000000 2407.815430 0.000000 0.959414 0.000000 -0.282001 2.509956 2.509956 2.509956
2027.638062 0.000000 2408.919922 0.000000 0.908284 0.000000 -0.418353 2.509956 2.509956 2.509956
2023.507080 0.000000 2410.955811 0.000000 -0.870824 0.000000 0.491595 2.509956 2.509956 2.509956
2022.629150 0.000000 2406.707520 0.000000 -0.988343 0.000000 -0.152240 2.509956 2.509956 2.509956
2026.691650 0.000000 2405.416016 -0.000000 -0.555760 0.000000 0.831343 2.509956 2.509956 2.509956
2025.709351 0.000000 2409.573242 0.000000 -0.894516 0.000000 0.447035 2.509956 2.509956 2.509956
1926.389404 0.000000 2420.463623 0.000000 0.131823 0.000000 0.991273 2.509956 2.509956 2.509956
1924.077515 0.000000 2420.397461 0.000000 -0.680735 0.000000 -0.732530 2.509956 2.509956 2.509956
1926.424561 0.000000 2416.868896 0.000000 -0.999218 0.000000 0.039537 2.509956 2.509956 2.509956
2025.028687 0.000000 2407.117188 0.000000 -0.612148 -0.000000 -0.790743 2.509956 2.509956 2.509956
2042.602539 0.000000 2455.098633 0.000000 0.999085 0.000000 -0.042767 2.509956 2.509956 2.509956
2044.799683 0.000000 2455.498291 0.000000 -0.790398 0.000000 0.612594 2.509956 2.509956 2.509956
2041.754028 0.000000 2458.630371 0.000000 -0.049860 0.000000 0.998756 2.509956 2.509956 2.509956
1925.758911 0.000000 2418.731689 0.000000 -0.682278 0.000000 -0.731093 2.509956 2.509956 2.509956
2024.678955 0.000000 2405.237305 0.000000 -0.949692 0.000000 0.313186 2.509956 2.509956 2.509956
1927.939331 0.000000 2417.712402 0.000000 0.696770 0.000000 0.717295 2.509956 2.509956 2.509956
1916.421997 0.000000 2410.785889 0.000000 -0.923771 0.000000 -0.382944 2.509956 2.509956 2.509956
1925.138306 0.000000 2421.804688 0.000000 -0.382885 0.000000 0.923796 2.509956 2.509956 2.509956
1923.075806 0.000000 2424.644287 0.000000 0.844310 0.000000 0.535854 2.509956 2.509956 2.509956
1921.691650 0.000000 2423.400146 0.000000 -0.998504 0.000000 0.054686 2.509956 2.509956 2.509956
1946.941528 0.000000 2429.358643 0.000000 0.999085 0.000000 -0.042767 2.509956 2.509956 2.509956
2042.848267 0.000000 2456.838379 0.000000 -0.789105 0.000000 0.614259 2.509956 2.509956 2.509956
1920.920898 0.000000 2426.196045 0.000000 0.962117 0.000000 0.272635 2.509956 2.509956 2.509956
1924.191284 0.000000 2423.969971 0.000000 0.162995 0.000000 0.986627 2.509956 2.509956 2.509956
1923.242920 0.000000 2426.071289 0.000000 0.997605 0.000000 -0.069163 2.509956 2.509956 2.509956
1922.023926 0.000000 2428.474365 0.000000 -0.887070 0.000000 0.461635 2.509956 2.509956 2.509956
1949.138672 0.000000 2429.758301 0.000000 -0.790398 0.000000 0.612594 2.509956 2.509956 2.509956
1924.128174 0.000000 2422.239258 0.000000 0.508712 0.000000 0.860937 2.509956 2.509956 2.509956
1921.186157 0.000000 2424.258789 0.000000 0.265490 0.000000 -0.964114 2.509956 2.509956 2.509956
1916.515259 0.000000 2425.925049 0.000000 -0.888500 0.000000 0.458876 2.509956 2.509956 2.509956
1916.019409 0.000000 2423.546143 0.000000 0.089090 0.000000 -0.996024 2.509956 2.509956 2.509956
1919.919067 0.000000 2424.697021 0.000000 0.644326 0.000000 -0.764751 2.509956 2.509956 2.509956
1918.664917 0.000000 2428.766602 0.000000 0.833503 0.000000 -0.552515 2.509956 2.509956 2.509956
1914.963135 0.000000 2427.493652 0.000000 0.703244 0.000000 -0.710948 2.509956 2.509956 2.509956
1917.310913 0.000000 2424.239014 0.000000 -0.966002 0.000000 -0.258533 2.509956 2.509956 2.509956
1917.104126 0.000000 2427.387695 0.000000 0.619466 0.000000 -0.785023 2.509956 2.509956 2.509956
1915.922485 0.000000 2429.009033 0.000000 -0.650531 0.000000 -0.759480 2.509956 2.509956 2.509956
1919.256226 0.000000 2426.253906 0.000000 0.454162 0.000000 0.890919 2.509956 2.509956 2.509956
1917.248047 0.000000 2423.181152 0.000000 0.492396 0.000000 0.870371 2.509956 2.509956 2.509956
1915.283081 0.000000 2425.418945 0.000000 0.148142 0.000000 -0.988966 2.509956 2.509956 2.509956
1946.093018 0.000000 2432.890381 0.000000 -0.049860 0.000000 0.998756 2.509956 2.509956 2.509956
2040.517944 0.000000 2457.452637 0.000000 0.776656 0.000000 -0.629926 2.509956 2.509956 2.509956
2044.405640 0.000000 2457.938721 0.000000 -0.463914 0.000000 0.885880 2.509956 2.509956 2.509956
2044.035767 0.000000 2454.081299 0.000000 0.885910 0.000000 0.463858 2.509956 2.509956 2.509956
2046.496460 0.000000 2451.497803 0.000000 0.609117 0.000000 -0.793080 2.509956 2.509956 2.509956
2047.573120 0.000000 2453.047607 0.000000 -0.034707 0.000000 0.999398 2.509956 2.509956 2.509956
2022.743286 0.000000 2408.787109 0.000000 0.920353 0.000000 -0.391089 2.509956 2.509956 2.509956
1986.947632 0.000000 2437.069092 0.000000 0.999085 0.000000 -0.042767 2.509956 2.509956 2.509956
2048.850586 0.000000 2450.381104 0.000000 0.357471 0.000000 -0.933924 2.509956 2.509956 2.509956
2045.388672 0.000000 2452.033936 0.000000 0.997241 0.000000 -0.074230 2.509956 2.509956 2.509956
2046.521606 0.000000 2450.145996 0.000000 0.020208 0.000000 -0.999796 2.509956 2.509956 2.509956
2048.174805 0.000000 2448.062988 0.000000 0.380568 0.000000 0.924753 2.509956 2.509956 2.509956
1947.187256 0.000000 2431.098389 0.000000 -0.789105 0.000000 0.614259 2.509956 2.509956 2.509956
1912.285645 0.000000 2431.237061 0.000000 -0.196547 0.000000 -0.980494 2.509956 2.509956 2.509956
1911.797852 0.000000 2429.247070 0.000000 -0.399266 0.000000 0.916835 2.509956 2.509956 2.509956
1915.257446 0.000000 2429.670410 0.000000 -0.484841 0.000000 -0.874602 2.509956 2.509956 2.509956
2045.110962 0.000000 2453.693115 0.000000 0.902929 0.000000 -0.429791 2.509956 2.509956 2.509956
1910.010986 0.000000 2432.481201 0.000000 0.953216 0.000000 -0.302290 2.509956 2.509956 2.509956
1913.151245 0.000000 2429.842285 0.000000 0.988060 0.000000 0.154072 2.509956 2.509956 2.509956
2048.377441 0.000000 2452.354736 0.000000 -0.936550 0.000000 -0.350533 2.509956 2.509956 2.509956
2053.141602 0.000000 2451.551025 0.000000 0.377692 0.000000 0.925931 2.509956 2.509956 2.509956
1912.376465 0.000000 2432.704834 0.000000 -0.153988 0.000000 -0.988073 2.509956 2.509956 2.509956
2053.350830 0.000000 2453.948242 0.000000 -0.984087 0.000000 -0.177687 2.509956 2.509956 2.509956
1915.339355 0.000000 2431.397461 0.000000 0.413920 0.000000 -0.910313 2.509956 2.509956 2.509956
1913.033569 0.000000 2428.420166 0.000000 -0.260578 0.000000 -0.965453 2.509956 2.509956 2.509956
1910.351929 0.000000 2430.882324 0.000000 0.939504 0.000000 -0.342539 2.509956 2.509956 2.509956
2049.635742 0.000000 2452.179688 0.000000 -0.704151 0.000000 -0.710050 2.509956 2.509956 2.509956
2051.546631 0.000000 2448.384521 0.000000 -0.475868 0.000000 -0.879517 2.509956 2.509956 2.509956
2054.996094 0.000000 2450.308594 0.000000 -0.645302 0.000000 -0.763927 2.509956 2.509956 2.509956
2052.053223 0.000000 2452.950928 0.000000 -0.343772 0.000000 0.939053 2.509956 2.509956 2.509956
2052.890137 0.000000 2450.032715 0.000000 -0.726563 0.000000 -0.687100 2.509956 2.509956 2.509956
2054.363281 0.000000 2448.477051 0.000000 -0.814543 0.000000 0.580104 2.509956 2.509956 2.509956
2050.627441 0.000000 2450.616699 0.000000 0.927920 0.000000 -0.372781 2.509956 2.509956 2.509956
2052.051270 0.000000 2453.992432 0.000000 0.910868 0.000000 -0.412697 2.509956 2.509956 2.509956
2054.404297 0.000000 2452.245850 0.000000 -0.971784 0.000000 -0.235873 2.509956 2.509956 2.509956
2056.167480 0.000000 2440.589844 0.000000 0.051255 0.000000 0.998686 2.509956 2.509956 2.509956
2056.708008 0.000000 2442.525635 0.000000 0.849289 0.000000 -0.527928 2.509956 2.509956 2.509956
1989.144775 0.000000 2437.468750 0.000000 -0.790398 0.000000 0.612594 2.509956 2.509956 2.509956
1986.099121 0.000000 2440.600830 0.000000 -0.049860 0.000000 0.998756 2.509956 2.509956 2.509956
2054.836914 0.000000 2441.398926 0.000000 0.315418 0.000000 -0.948953 2.509956 2.509956 2.509956
1944.856934 0.000000 2431.712646 0.000000 0.776656 0.000000 -0.629926 2.509956 2.509956 2.509956
1948.744629 0.000000 2432.198730 0.000000 -0.463914 0.000000 0.885880 2.509956 2.509956 2.509956
1948.374756 0.000000 2428.341309 0.000000 0.885910 0.000000 0.463858 2.509956 2.509956 2.509956
2054.383057 0.000000 2443.083740 0.000000 0.244946 0.000000 0.969536 2.509956 2.509956 2.509956
2057.472168 0.000000 2441.392578 0.000000 -0.987147 0.000000 0.159817 2.509956 2.509956 2.509956
2058.396240 0.000000 2446.994873 0.000000 -0.994130 0.000000 0.108196 2.509956 2.509956 2.509956
2058.484863 0.000000 2449.132568 0.000000 0.877514 0.000000 0.479551 2.509956 2.509956 2.509956
2055.166016 0.000000 2447.961914 0.000000 -0.914407 0.000000 0.404795 2.509956 2.509956 2.509956
2056.703613 0.000000 2443.935059 0.000000 0.834762 0.000000 -0.550611 2.509956 2.509956 2.509956
2057.132812 0.000000 2448.192871 0.000000 0.241698 0.000000 -0.970351 2.509956 2.509956 2.509956
2058.569336 0.000000 2445.541748 0.000000 -0.997877 0.000000 0.065130 2.509956 2.509956 2.509956
2059.318848 0.000000 2444.207275 0.000000 -0.123721 0.000000 0.992317 2.509956 2.509956 2.509956
2055.380127 0.000000 2446.388184 0.000000 -0.869709 0.000000 -0.493565 2.509956 2.509956 2.509956
2057.155762 0.000000 2449.622559 0.000000 -0.984867 0.000000 0.173314 2.509956 2.509956 2.509956
2059.278076 0.000000 2442.437012 0.000000 -0.631233 0.000000 0.775593 2.509956 2.509956 2.509956
1950.835449 0.000000 2425.757812 0.000000 0.609117 0.000000 -0.793080 2.509956 2.509956 2.509956
1951.912109 0.000000 2427.307617 0.000000 -0.034707 0.000000 0.999398 2.509956 2.509956 2.509956
2026.696533 0.000000 2410.662598 0.000000 -0.807178 0.000000 0.590308 2.509956 2.509956 2.509956
2038.023682 0.000000 2433.476318 0.000000 0.974904 0.000000 0.222627 2.509956 2.509956 2.509956
2036.894775 0.000000 2426.390869 0.000000 0.974904 0.000000 0.222627 2.509956 2.509956 2.509956
2059.856201 0.000000 2440.419189 0.000000 0.506733 0.000000 0.862103 2.509956 2.509956 2.509956
1953.189453 0.000000 2424.641113 0.000000 0.357471 0.000000 -0.933924 2.509956 2.509956 2.509956
1949.727661 0.000000 2426.293945 0.000000 0.997241 0.000000 -0.074230 2.509956 2.509956 2.509956
1950.860596 0.000000 2424.406006 0.000000 0.020208 0.000000 -0.999796 2.509956 2.509956 2.509956
1952.513794 0.000000 2422.322998 0.000000 0.380568 0.000000 0.924753 2.509956 2.509956 2.509956
1987.193359 0.000000 2438.808838 0.000000 -0.789105 0.000000 0.614259 2.509956 2.509956 2.509956
1949.449951 0.000000 2427.953125 0.000000 0.902929 0.000000 -0.429791 2.509956 2.509956 2.509956
1952.716309 0.000000 2426.614746 0.000000 -0.936550 0.000000 -0.350533 2.509956 2.509956 2.509956
1957.480591 0.000000 2425.811035 0.000000 0.377692 0.000000 0.925931 2.509956 2.509956 2.509956
1957.689819 0.000000 2428.208252 0.000000 -0.984087 0.000000 -0.177687 2.509956 2.509956 2.509956
1953.974854 0.000000 2426.439697 0.000000 -0.704151 0.000000 -0.710050 2.509956 2.509956 2.509956
1955.885620 0.000000 2422.644531 0.000000 -0.475868 0.000000 -0.879517 2.509956 2.509956 2.509956
1959.335205 0.000000 2424.568604 0.000000 -0.645302 0.000000 -0.763927 2.509956 2.509956 2.509956
1956.392334 0.000000 2427.210938 0.000000 -0.343772 0.000000 0.939053 2.509956 2.509956 2.509956
1957.229004 0.000000 2424.292725 0.000000 -0.726563 0.000000 -0.687100 2.509956 2.509956 2.509956
1958.702148 0.000000 2422.737061 0.000000 -0.814543 0.000000 0.580104 2.509956 2.509956 2.509956
1954.966309 0.000000 2424.876709 0.000000 0.927920 0.000000 -0.372781 2.509956 2.509956 2.509956
1956.390137 0.000000 2428.252441 0.000000 0.910868 0.000000 -0.412697 2.509956 2.509956 2.509956
1958.743408 0.000000 2426.505859 0.000000 -0.971784 0.000000 -0.235873 2.509956 2.509956 2.509956
1960.506592 0.000000 2414.849854 0.000000 0.051255 0.000000 0.998686 2.509956 2.509956 2.509956
2039.683716 0.000000 2434.939697 0.000000 -0.924128 0.000000 0.382083 2.509956 2.509956 2.509956
1961.046875 0.000000 2416.785645 0.000000 0.849289 0.000000 -0.527928 2.509956 2.509956 2.509956
2038.554810 0.000000 2427.854248 0.000000 -0.924128 0.000000 0.382083 2.509956 2.509956 2.509956
2034.335083 0.000000 2429.032715 0.000000 -0.311878 0.000000 0.950122 2.509956 2.509956 2.509956
1962.803589 0.000000 2413.727539 0.000000 -0.767459 0.000000 -0.641098 2.509956 2.509956 2.509956
1959.175903 0.000000 2415.658936 0.000000 0.315418 0.000000 -0.948953 2.509956 2.509956 2.509956
1984.863037 0.000000 2439.423096 0.000000 0.776656 0.000000 -0.629926 2.509956 2.509956 2.509956
1988.750732 0.000000 2439.909180 0.000000 -0.463914 0.000000 0.885880 2.509956 2.509956 2.509956
1988.380859 0.000000 2436.051758 0.000000 0.885910 0.000000 0.463858 2.509956 2.509956 2.509956
1958.722046 0.000000 2417.343750 0.000000 0.244946 0.000000 0.969536 2.509956 2.509956 2.509956
1961.811279 0.000000 2415.652588 0.000000 -0.987147 0.000000 0.159817 2.509956 2.509956 2.509956
1962.735229 0.000000 2421.254883 0.000000 -0.994130 0.000000 0.108196 2.509956 2.509956 2.509956
1962.823975 0.000000 2423.392578 0.000000 0.877514 0.000000 0.479551 2.509956 2.509956 2.509956
1959.505127 0.000000 2422.221924 0.000000 -0.914407 0.000000 0.404795 2.509956 2.509956 2.509956
1961.042480 0.000000 2418.195068 0.000000 0.834762 0.000000 -0.550611 2.509956 2.509956 2.509956
1961.471924 0.000000 2422.452881 0.000000 0.241698 0.000000 -0.970351 2.509956 2.509956 2.509956
1962.908325 0.000000 2419.801758 0.000000 -0.997877 0.000000 0.065130 2.509956 2.509956 2.509956
1963.657837 0.000000 2418.467285 0.000000 -0.123721 0.000000 0.992317 2.509956 2.509956 2.509956
1959.719116 0.000000 2420.648193 0.000000 -0.869709 0.000000 -0.493565 2.509956 2.509956 2.509956
1961.494751 0.000000 2423.882568 0.000000 -0.984867 0.000000 0.173314 2.509956 2.509956 2.509956
1964.413940 0.000000 2422.011963 0.000000 -0.257265 0.000000 -0.966341 2.509956 2.509956 2.509956
1963.617065 0.000000 2416.697021 0.000000 -0.631233 0.000000 0.775593 2.509956 2.509956 2.509956
1990.841553 0.000000 2433.468262 0.000000 0.609117 0.000000 -0.793080 2.509956 2.509956 2.509956
1991.918213 0.000000 2435.018066 0.000000 -0.034707 0.000000 0.999398 2.509956 2.509956 2.509956
2027.402344 0.000000 2407.177490 0.000000 0.100453 0.000000 -0.994942 2.509956 2.509956 2.509956
2029.432861 0.000000 2413.822510 0.000000 -0.834344 0.000000 0.551244 2.509956 2.509956 2.509956
1964.195190 0.000000 2414.679199 0.000000 0.506733 0.000000 0.862103 2.509956 2.509956 2.509956
1993.195557 0.000000 2432.351562 0.000000 0.357471 0.000000 -0.933924 2.509956 2.509956 2.509956
1989.733765 0.000000 2434.004395 0.000000 0.997241 0.000000 -0.074230 2.509956 2.509956 2.509956
1990.866699 0.000000 2432.116455 0.000000 0.020208 0.000000 -0.999796 2.509956 2.509956 2.509956
1992.519897 0.000000 2430.033447 0.000000 0.380568 0.000000 0.924753 2.509956 2.509956 2.509956
2036.192749 0.000000 2428.013184 0.000000 -0.923320 0.000000 0.384031 2.509956 2.509956 2.509956
1989.456055 0.000000 2435.663574 0.000000 0.902929 0.000000 -0.429791 2.509956 2.509956 2.509956
1992.722412 0.000000 2434.325195 0.000000 -0.936550 0.000000 -0.350533 2.509956 2.509956 2.509956
1997.486694 0.000000 2433.521484 0.000000 0.377692 0.000000 0.925931 2.509956 2.509956 2.509956
1993.980957 0.000000 2434.150146 0.000000 -0.704151 0.000000 -0.710050 2.509956 2.509956 2.509956
1995.891724 0.000000 2430.354980 0.000000 -0.475868 0.000000 -0.879517 2.509956 2.509956 2.509956
1996.398438 0.000000 2434.921387 0.000000 -0.343772 0.000000 0.939053 2.509956 2.509956 2.509956
1997.235107 0.000000 2432.003174 0.000000 -0.726563 0.000000 -0.687100 2.509956 2.509956 2.509956
1994.972412 0.000000 2432.587158 0.000000 0.927920 0.000000 -0.372781 2.509956 2.509956 2.509956
1996.396240 0.000000 2435.962891 0.000000 0.910868 0.000000 -0.412697 2.509956 2.509956 2.509956
1998.749512 0.000000 2434.216309 0.000000 -0.971784 0.000000 -0.235873 2.509956 2.509956 2.509956
2000.512695 0.000000 2422.560303 0.000000 0.051255 0.000000 0.998686 2.509956 2.509956 2.509956
2001.052979 0.000000 2424.496094 0.000000 0.849289 0.000000 -0.527928 2.509956 2.509956 2.509956
2030.772827 0.000000 2415.199951 0.000000 0.896370 0.000000 0.443306 2.509956 2.509956 2.509956
2026.928223 0.000000 2416.642090 0.000000 -0.688645 0.000000 -0.725098 2.509956 2.509956 2.509956
2002.809692 0.000000 2421.437988 0.000000 -0.767459 0.000000 -0.641098 2.509956 2.509956 2.509956
2038.091675 0.000000 2436.855469 0.000000 -0.681417 0.000000 0.731895 2.509956 2.509956 2.509956
2039.784912 0.000000 2433.352295 0.000000 0.731939 0.000000 0.681370 2.509956 2.509956 2.509956
1999.182007 0.000000 2423.369385 0.000000 0.315418 0.000000 -0.948953 2.509956 2.509956 2.509956
2033.874023 0.000000 2427.354980 0.000000 0.915451 0.000000 -0.402430 2.509956 2.509956 2.509956
2036.962769 0.000000 2429.770020 0.000000 -0.681417 0.000000 0.731895 2.509956 2.509956 2.509956
2038.656006 0.000000 2426.266846 0.000000 0.731939 0.000000 0.681370 2.509956 2.509956 2.509956
1998.728149 0.000000 2425.054199 0.000000 0.244946 0.000000 0.969536 2.509956 2.509956 2.509956
2001.817383 0.000000 2423.363037 0.000000 -0.987147 0.000000 0.159817 2.509956 2.509956 2.509956
2002.741333 0.000000 2428.965332 0.000000 -0.994130 0.000000 0.108196 2.509956 2.509956 2.509956
2002.830078 0.000000 2431.103027 0.000000 0.877514 0.000000 0.479551 2.509956 2.509956 2.509956
1999.511230 0.000000 2429.932373 0.000000 -0.914407 0.000000 0.404795 2.509956 2.509956 2.509956
2001.048584 0.000000 2425.905518 0.000000 0.834762 0.000000 -0.550611 2.509956 2.509956 2.509956
2005.036621 0.000000 2428.203125 0.000000 -0.215952 0.000000 -0.976404 2.509956 2.509956 2.509956
2001.478027 0.000000 2430.163330 0.000000 0.241698 0.000000 -0.970351 2.509956 2.509956 2.509956
2002.914429 0.000000 2427.512207 0.000000 -0.997877 0.000000 0.065130 2.509956 2.509956 2.509956
2003.663940 0.000000 2426.177734 0.000000 -0.123721 0.000000 0.992317 2.509956 2.509956 2.509956
1999.725220 0.000000 2428.358643 0.000000 -0.869709 0.000000 -0.493565 2.509956 2.509956 2.509956
2001.500854 0.000000 2431.593018 0.000000 -0.984867 0.000000 0.173314 2.509956 2.509956 2.509956
2043.174316 0.000000 2432.370850 0.000000 0.796954 0.000000 -0.604041 2.509956 2.509956 2.509956
2043.316040 0.000000 2434.279541 0.000000 -0.297432 0.000000 0.954743 2.509956 2.509956 2.509956
2004.420044 0.000000 2429.722412 0.000000 -0.257265 0.000000 -0.966341 2.509956 2.509956 2.509956
2007.264648 0.000000 2423.403076 0.000000 -0.681327 0.000000 0.731979 2.509956 2.509956 2.509956
2007.929321 0.000000 2425.913818 0.000000 0.989283 0.000000 -0.146008 2.509956 2.509956 2.509956
2003.623169 0.000000 2424.407471 0.000000 -0.631233 0.000000 0.775593 2.509956 2.509956 2.509956
2042.045410 0.000000 2425.285400 0.000000 0.796954 0.000000 -0.604041 2.509956 2.509956 2.509956
2045.766846 0.000000 2432.622314 0.000000 0.591443 -0.000000 -0.806347 2.509956 2.509956 2.509956
2041.981201 0.000000 2432.257812 0.000000 0.981435 0.000000 0.191794 2.509956 2.509956 2.509956
2043.890015 0.000000 2431.247559 0.000000 0.283553 -0.000000 -0.958957 2.509956 2.509956 2.509956
2046.391357 0.000000 2430.303223 -0.000000 0.122811 0.000000 0.992430 2.509956 2.509956 2.509956
2042.187134 0.000000 2427.194092 0.000000 -0.297432 0.000000 0.954743 2.509956 2.509956 2.509956
2040.880371 0.000000 2433.541016 0.000000 0.984381 0.000000 -0.176051 2.509956 2.509956 2.509956
2044.400269 0.000000 2434.072754 0.000000 -0.810713 0.000000 -0.585444 2.509956 2.509956 2.509956
2048.887939 0.000000 2435.835205 -0.000000 0.119727 0.000000 0.992807 2.509956 2.509956 2.509956
2047.865356 0.000000 2437.969971 0.000000 -0.902213 0.000000 -0.431291 2.509956 2.509956 2.509956
2045.567017 0.000000 2434.582031 0.000000 -0.491611 0.000000 -0.870815 2.509956 2.509956 2.509956
2049.133789 0.000000 2432.296875 0.000000 -0.226675 0.000000 -0.973970 2.509956 2.509956 2.509956
2051.130127 0.000000 2435.705566 0.000000 -0.420622 0.000000 -0.907236 2.509956 2.509956 2.509956
2047.213623 0.000000 2436.466064 0.000000 -0.579585 0.000000 0.814912 2.509956 2.509956 2.509956
2049.461914 0.000000 2434.391357 0.000000 -0.519289 0.000000 -0.854599 2.509956 2.509956 2.509956
2051.491699 0.000000 2433.769287 0.000000 -0.938834 0.000000 0.344370 2.509956 2.509956 2.509956
2047.197510 0.000000 2433.703857 0.000000 0.993427 0.000000 -0.114464 2.509956 2.509956 2.509956
2046.700684 0.000000 2437.334229 0.000000 0.987524 0.000000 -0.157467 2.509956 2.509956 2.509956
2049.640381 0.000000 2437.044434 0.000000 -0.874978 0.000000 -0.484162 2.509956 2.509956 2.509956
2005.665649 0.000000 2424.634766 0.000000 0.999428 0.000000 0.033823 2.509956 2.509956 2.509956
2026.342163 0.000000 2412.594971 0.000000 -0.427977 0.000000 -0.903789 2.509956 2.509956 2.509956
2030.223267 0.000000 2411.914307 0.000000 0.251008 -0.000000 -0.967985 2.509956 2.509956 2.509956
2004.201294 0.000000 2422.389648 0.000000 0.506733 0.000000 0.862103 2.509956 2.509956 2.509956
2005.830566 0.000000 2426.363525 0.000000 0.403078 0.000000 0.915166 2.509956 2.509956 2.509956
2044.637939 0.000000 2425.536865 0.000000 0.591443 -0.000000 -0.806347 2.509956 2.509956 2.509956
2040.852295 0.000000 2425.172363 0.000000 0.981435 0.000000 0.191794 2.509956 2.509956 2.509956
2042.761108 0.000000 2424.162109 0.000000 0.283553 -0.000000 -0.958957 2.509956 2.509956 2.509956
2045.262451 0.000000 2423.217773 -0.000000 0.122811 0.000000 0.992430 2.509956 2.509956 2.509956
2028.976196 0.000000 2415.499023 0.000000 0.999841 0.000000 -0.017808 2.509956 2.509956 2.509956
2039.751465 0.000000 2426.455566 0.000000 0.984381 0.000000 -0.176051 2.509956 2.509956 2.509956
2055.739990 0.000000 2434.548096 0.000000 -0.987405 0.000000 -0.158213 2.509956 2.509956 2.509956
2054.739502 0.000000 2436.456299 -0.000000 0.719697 0.000000 0.694289 2.509956 2.509956 2.509956
2052.453857 0.000000 2433.732178 0.000000 -0.988851 0.000000 0.148910 2.509956 2.509956 2.509956
2055.821045 0.000000 2431.052490 0.000000 0.950546 0.000000 -0.310584 2.509956 2.509956 2.509956
2058.086426 0.000000 2435.104492 0.000000 0.049601 0.000000 -0.998769 2.509956 2.509956 2.509956
2054.010010 0.000000 2434.964600 0.000000 0.489402 0.000000 -0.872058 2.509956 2.509956 2.509956
2056.630859 0.000000 2433.386963 0.000000 -0.979645 0.000000 -0.200739 2.509956 2.509956 2.509956
2057.924316 0.000000 2432.653564 -0.000000 -0.381416 0.000000 0.924404 2.509956 2.509956 2.509956
2053.465820 0.000000 2432.513672 0.000000 -0.708467 0.000000 -0.705743 2.509956 2.509956 2.509956
2053.331055 0.000000 2436.176025 0.000000 -0.995670 0.000000 -0.092960 2.509956 2.509956 2.509956
2056.783691 0.000000 2436.098145 0.000000 0.007097 0.000000 -0.999975 2.509956 2.509956 2.509956
2043.271362 0.000000 2426.987305 0.000000 -0.810713 0.000000 -0.585444 2.509956 2.509956 2.509956
2047.759033 0.000000 2428.749756 -0.000000 0.119727 0.000000 0.992807 2.509956 2.509956 2.509956
2058.789551 0.000000 2431.084961 0.000000 -0.813665 0.000000 0.581333 2.509956 2.509956 2.509956
2046.736450 0.000000 2430.884521 0.000000 -0.902213 0.000000 -0.431291 2.509956 2.509956 2.509956
2044.438110 0.000000 2427.496582 0.000000 -0.491611 0.000000 -0.870815 2.509956 2.509956 2.509956
2048.004883 0.000000 2425.211426 0.000000 -0.226675 0.000000 -0.973970 2.509956 2.509956 2.509956
2050.001221 0.000000 2428.620117 0.000000 -0.420622 0.000000 -0.907236 2.509956 2.509956 2.509956
2046.084717 0.000000 2429.380615 0.000000 -0.579585 0.000000 0.814912 2.509956 2.509956 2.509956
2059.715820 0.000000 2433.926758 0.000000 0.147054 0.000000 0.989128 2.509956 2.509956 2.509956
2048.333008 0.000000 2427.305908 0.000000 -0.519289 0.000000 -0.854599 2.509956 2.509956 2.509956
2050.362793 0.000000 2426.683838 0.000000 -0.938834 0.000000 0.344370 2.509956 2.509956 2.509956
2046.068604 0.000000 2426.618408 0.000000 0.993427 0.000000 -0.114464 2.509956 2.509956 2.509956
2045.571777 0.000000 2430.248779 0.000000 0.987524 0.000000 -0.157467 2.509956 2.509956 2.509956
2048.511475 0.000000 2429.958984 0.000000 -0.874978 0.000000 -0.484162 2.509956 2.509956 2.509956
2055.932617 0.000000 2420.855469 0.000000 -0.214335 0.000000 0.976760 2.509956 2.509956 2.509956
2055.415039 0.000000 2422.756104 0.000000 0.958566 0.000000 -0.284870 2.509956 2.509956 2.509956
2052.625488 0.000000 2419.319580 0.000000 0.101844 0.000000 0.994800 2.509956 2.509956 2.509956
2028.049194 0.000000 2413.147217 0.000000 -0.812532 0.000000 -0.582916 2.509956 2.509956 2.509956
2058.514160 0.000000 2421.052490 0.000000 -0.570883 -0.000000 -0.821032 2.509956 2.509956 2.509956
2054.365723 0.000000 2420.859863 0.000000 0.554852 0.000000 -0.831949 2.509956 2.509956 2.509956
2056.338135 0.000000 2418.977539 0.000000 0.685641 0.000000 -0.727940 2.509956 2.509956 2.509956
2058.807617 0.000000 2418.570557 0.000000 -0.379585 0.000000 -0.925157 2.509956 2.509956 2.509956
2028.291016 0.000000 2410.976562 0.000000 -0.324927 0.000000 0.945739 2.509956 2.509956 2.509956
2053.134766 0.000000 2422.095947 0.000000 -0.019822 0.000000 0.999803 2.509956 2.509956 2.509956
2056.667969 0.000000 2422.170166 0.000000 -0.994304 0.000000 -0.106581 2.509956 2.509956 2.509956
2054.611084 0.000000 2427.462646 0.000000 -0.987405 0.000000 -0.158213 2.509956 2.509956 2.509956
2053.610596 0.000000 2429.370850 -0.000000 0.719697 0.000000 0.694289 2.509956 2.509956 2.509956
2051.324951 0.000000 2426.646729 0.000000 -0.988851 0.000000 0.148910 2.509956 2.509956 2.509956
2054.692139 0.000000 2423.967041 0.000000 0.950546 0.000000 -0.310584 2.509956 2.509956 2.509956
2056.957520 0.000000 2428.019043 0.000000 0.049601 0.000000 -0.998769 2.509956 2.509956 2.509956
2052.881104 0.000000 2427.879150 0.000000 0.489402 0.000000 -0.872058 2.509956 2.509956 2.509956
2055.501953 0.000000 2426.301514 0.000000 -0.979645 0.000000 -0.200739 2.509956 2.509956 2.509956
2056.795410 0.000000 2425.568115 -0.000000 -0.381416 0.000000 0.924404 2.509956 2.509956 2.509956
2052.336914 0.000000 2425.428223 0.000000 -0.708467 0.000000 -0.705743 2.509956 2.509956 2.509956
2052.202148 0.000000 2429.090576 0.000000 -0.995670 0.000000 -0.092960 2.509956 2.509956 2.509956
2055.654785 0.000000 2429.012695 0.000000 0.007097 0.000000 -0.999975 2.509956 2.509956 2.509956
2057.660645 0.000000 2423.999512 0.000000 -0.813665 0.000000 0.581333 2.509956 2.509956 2.509956
2026.491455 0.000000 2414.803467 0.000000 -0.142016 0.000000 0.989864 2.509956 2.509956 2.509956
2029.974243 0.000000 2417.119385 0.000000 0.821236 0.000000 0.570589 2.509956 2.509956 2.509956
2059.339111 0.000000 2425.229980 0.000000 0.955006 0.000000 0.296588 2.509956 2.509956 2.509956
2031.158081 0.000000 2413.373047 0.000000 0.828164 0.000000 0.560486 2.509956 2.509956 2.509956
2035.455688 0.000000 2412.875244 0.000000 -0.788643 -0.000000 -0.614852 2.509956 2.509956 2.509956
2059.214844 0.000000 2422.590576 -0.000000 0.261044 0.000000 0.965327 2.509956 2.509956 2.509956
2058.586914 0.000000 2426.841309 0.000000 0.147054 0.000000 0.989128 2.509956 2.509956 2.509956
2035.017944 0.000000 2414.545654 0.000000 -0.418991 0.000000 -0.907990 2.509956 2.509956 2.509956
2031.815186 0.000000 2411.405518 0.000000 0.725202 -0.000000 -0.688536 2.509956 2.509956 2.509956
2035.357910 0.000000 2409.656494 0.000000 -0.616775 -0.000000 -0.787139 2.509956 2.509956 2.509956
2037.389160 0.000000 2412.766357 0.000000 -0.972399 0.000000 -0.233322 2.509956 2.509956 2.509956
2034.046631 0.000000 2412.542236 0.000000 0.823582 0.000000 0.567198 2.509956 2.509956 2.509956
2035.494141 0.000000 2411.352295 0.000000 0.422766 0.000000 0.906239 2.509956 2.509956 2.509956
2037.886230 0.000000 2410.607178 0.000000 0.999963 0.000000 -0.008639 2.509956 2.509956 2.509956
2033.147949 0.000000 2410.255615 0.000000 -0.981678 0.000000 -0.190545 2.509956 2.509956 2.509956
2033.055664 0.000000 2414.160156 0.000000 0.150232 0.000000 0.988651 2.509956 2.509956 2.509956
2035.877808 0.000000 2413.833740 -0.000000 -0.005690 0.000000 0.999984 2.509956 2.509956 2.509956
2040.209351 0.000000 2416.169434 0.000000 0.824231 0.000000 -0.566255 2.509956 2.509956 2.509956
2039.954468 0.000000 2417.898926 0.000000 -0.900436 0.000000 -0.434987 2.509956 2.509956 2.509956
2037.059814 0.000000 2414.785400 -0.000000 -0.326281 0.000000 0.945273 2.509956 2.509956 2.509956
2040.868774 0.000000 2412.990967 0.000000 -0.600321 0.000000 -0.799759 2.509956 2.509956 2.509956
2042.826416 0.000000 2416.455566 0.000000 0.889209 0.000000 -0.457501 2.509956 2.509956 2.509956
2038.859131 0.000000 2416.514404 -0.000000 0.173307 0.000000 0.984868 2.509956 2.509956 2.509956
2041.103516 0.000000 2414.524414 0.000000 0.884966 0.000000 0.465656 2.509956 2.509956 2.509956
2043.199951 0.000000 2414.606689 0.000000 0.959981 0.000000 0.280064 2.509956 2.509956 2.509956
2038.972168 0.000000 2414.009033 0.000000 -0.998880 -0.000000 -0.047323 2.509956 2.509956 2.509956
2037.620239 0.000000 2417.848145 0.000000 -0.415464 0.000000 -0.909610 2.509956 2.509956 2.509956
2041.157227 0.000000 2417.339111 0.000000 0.141596 0.000000 0.989925 2.509956 2.509956 2.509956
2048.560791 0.000000 2408.113281 0.000000 -0.555315 0.000000 -0.831640 2.509956 2.509956 2.509956
2048.088379 0.000000 2409.797607 0.000000 0.958948 0.000000 -0.283582 2.509956 2.509956 2.509956
2045.427246 0.000000 2406.746338 0.000000 0.332805 0.000000 0.942996 2.509956 2.509956 2.509956
2049.017578 0.000000 2404.472656 0.000000 0.907843 0.000000 -0.419311 2.509956 2.509956 2.509956
2050.941406 0.000000 2408.140381 0.000000 -0.383519 0.000000 0.923533 2.509956 2.509956 2.509956
2046.864990 0.000000 2408.040039 0.000000 0.907878 0.000000 -0.419234 2.509956 2.509956 2.509956
2049.675049 0.000000 2406.918457 0.000000 -0.950368 0.000000 -0.311127 2.509956 2.509956 2.509956
2051.020020 0.000000 2406.273926 0.000000 0.954223 0.000000 -0.299095 2.509956 2.509956 2.509956
2046.653809 0.000000 2405.290039 0.000000 0.003792 0.000000 -0.999993 2.509956 2.509956 2.509956
2046.276855 0.000000 2409.758789 0.000000 -0.135905 0.000000 0.990722 2.509956 2.509956 2.509956
2049.644043 0.000000 2409.548340 0.000000 -0.739062 0.000000 -0.673637 2.509956 2.509956 2.509956
2047.407837 0.000000 2415.268311 0.000000 0.454502 0.000000 0.890746 2.509956 2.509956 2.509956
2047.095093 0.000000 2416.979736 0.000000 0.889932 0.000000 -0.456092 2.509956 2.509956 2.509956
2044.291260 0.000000 2413.906494 0.000000 -0.082980 0.000000 0.996551 2.509956 2.509956 2.509956
2047.623535 0.000000 2411.607666 0.000000 -0.988626 0.000000 -0.150394 2.509956 2.509956 2.509956
2049.633545 0.000000 2415.045410 0.000000 -0.126900 0.000000 0.991916 2.509956 2.509956 2.509956
2045.812012 0.000000 2415.456787 0.000000 -0.645944 0.000000 0.763384 2.509956 2.509956 2.509956
2047.677490 0.000000 2413.730469 0.000000 -0.292187 0.000000 -0.956361 2.509956 2.509956 2.509956
2049.964844 0.000000 2412.982666 0.000000 0.251111 0.000000 -0.967958 2.509956 2.509956 2.509956
2045.238892 0.000000 2412.815918 0.000000 -0.652663 0.000000 -0.757649 2.509956 2.509956 2.509956
2044.536011 0.000000 2416.671387 0.000000 0.999592 0.000000 0.028570 2.509956 2.509956 2.509956
2048.261230 0.000000 2416.194336 0.000000 0.936588 0.000000 -0.350434 2.509956 2.509956 2.509956
2053.636230 0.000000 2412.289795 0.000000 -0.497944 0.000000 0.867209 2.509956 2.509956 2.509956
2053.555664 0.000000 2414.522461 0.000000 0.270775 0.000000 -0.962643 2.509956 2.509956 2.509956
2050.854492 0.000000 2411.449951 0.000000 -0.897285 -0.000000 -0.441451 2.509956 2.509956 2.509956
2053.890869 0.000000 2409.487793 0.000000 0.916277 0.000000 -0.400545 2.509956 2.509956 2.509956
2056.332520 0.000000 2412.293701 0.000000 -0.730404 0.000000 -0.683015 2.509956 2.509956 2.509956
2052.194824 0.000000 2412.704346 0.000000 -0.194502 0.000000 0.980902 2.509956 2.509956 2.509956
2054.462891 0.000000 2411.432373 0.000000 0.263251 0.000000 -0.964727 2.509956 2.509956 2.509956
2056.148926 0.000000 2410.860352 0.000000 -0.965719 0.000000 0.259590 2.509956 2.509956 2.509956
2051.758545 0.000000 2410.469238 0.000000 0.958190 0.000000 0.286132 2.509956 2.509956 2.509956
2051.000488 0.000000 2413.725342 0.000000 -0.839716 0.000000 -0.543025 2.509956 2.509956 2.509956
2054.405518 0.000000 2413.710205 0.000000 0.937511 0.000000 -0.347955 2.509956 2.509956 2.509956
2009.111206 0.000000 2388.507812 0.000000 -0.263524 0.000000 0.964653 2.509956 2.509956 2.509956
2010.096436 0.000000 2386.916016 0.000000 0.414306 0.000000 0.910138 2.509956 2.509956 2.509956
2011.166748 0.000000 2390.477783 0.000000 -0.999795 0.000000 -0.020259 2.509956 2.509956 2.509956
2006.820190 0.000000 2387.410889 0.000000 -0.112024 0.000000 -0.993705 2.509956 2.509956 2.509956
2010.504028 0.000000 2388.490967 0.000000 0.948568 0.000000 0.316575 2.509956 2.509956 2.509956
2007.822998 0.000000 2388.905029 0.000000 0.886248 0.000000 0.463212 2.509956 2.509956 2.509956
2005.673706 0.000000 2388.641846 0.000000 0.999881 0.000000 0.015439 2.509956 2.509956 2.509956
2009.500000 0.000000 2391.347412 0.000000 0.071897 0.000000 0.997412 2.509956 2.509956 2.509956
2011.920532 0.000000 2388.072021 0.000000 0.347659 0.000000 0.937621 2.509956 2.509956 2.509956
2008.962158 0.000000 2386.817871 0.000000 0.906725 0.000000 0.421722 2.509956 2.509956 2.509956
2015.828247 0.000000 2390.643311 0.000000 0.969586 0.000000 -0.244752 2.509956 2.509956 2.509956
2018.052856 0.000000 2391.673584 0.000000 0.061211 0.000000 0.998125 2.509956 2.509956 2.509956
2014.068970 0.000000 2392.835693 0.000000 0.948261 0.000000 -0.317493 2.509956 2.509956 2.509956
2013.393311 0.000000 2389.428223 0.000000 0.567173 0.000000 -0.823599 2.509956 2.509956 2.509956
2016.220703 0.000000 2392.014160 0.000000 0.873395 0.000000 -0.487012 2.509956 2.509956 2.509956
2015.389038 0.000000 2389.634277 0.000000 -0.145748 0.000000 0.989322 2.509956 2.509956 2.509956
2013.449585 0.000000 2391.894775 0.000000 -0.663635 0.000000 0.748057 2.509956 2.509956 2.509956
2022.603149 0.000000 2391.188721 0.000000 0.186767 0.000000 0.982404 2.509956 2.509956 2.509956
2024.043335 0.000000 2392.951904 0.000000 -0.798568 0.000000 -0.601904 2.509956 2.509956 2.509956
2020.704102 0.000000 2394.376221 0.000000 0.113246 0.000000 -0.993567 2.509956 2.509956 2.509956
2019.674072 0.000000 2390.780518 0.000000 -0.999654 0.000000 0.026293 2.509956 2.509956 2.509956
2023.621582 0.000000 2389.422852 0.000000 -0.549183 0.000000 0.835702 2.509956 2.509956 2.509956
2022.065552 0.000000 2393.178955 0.000000 0.982445 0.000000 0.186552 2.509956 2.509956 2.509956
2021.739380 0.000000 2390.678955 0.000000 0.395080 0.000000 -0.918647 2.509956 2.509956 2.509956
2021.727905 0.000000 2388.952881 0.000000 0.332745 0.000000 -0.943017 2.509956 2.509956 2.509956
2019.386597 0.000000 2392.788330 0.000000 -0.540976 0.000000 0.841038 2.509956 2.509956 2.509956
2022.758423 0.000000 2394.421875 0.000000 0.901585 0.000000 -0.432602 2.509956 2.509956 2.509956
2024.446289 0.000000 2391.320312 0.000000 0.162610 0.000000 0.986691 2.509956 2.509956 2.509956
2023.603271 0.000000 2400.424316 0.000000 -0.815838 0.000000 0.578280 2.509956 2.509956 2.509956
2023.446289 0.000000 2396.520264 0.000000 0.952207 0.000000 0.305453 2.509956 2.509956 2.509956
2026.963135 0.000000 2395.174805 0.000000 -0.328279 0.000000 -0.944581 2.509956 2.509956 2.509956
2025.407104 0.000000 2397.063477 0.000000 -0.813193 0.000000 -0.581993 2.509956 2.509956 2.509956
2025.509033 0.000000 2395.049805 0.000000 -0.714906 -0.000000 -0.699221 2.509956 2.509956 2.509956
2023.562988 0.000000 2398.368652 0.000000 0.526374 0.000000 0.850253 2.509956 2.509956 2.509956
2032.121094 0.000000 2396.377197 0.000000 -0.960969 -0.000000 -0.276657 2.509956 2.509956 2.509956
2031.275146 0.000000 2398.452393 0.000000 -0.831462 0.000000 0.555582 2.509956 2.509956 2.509956
2028.418091 0.000000 2394.956299 0.000000 0.557948 0.000000 0.829876 2.509956 2.509956 2.509956
2034.161987 0.000000 2396.160889 -0.000000 0.207977 0.000000 0.978134 2.509956 2.509956 2.509956
2030.592773 0.000000 2396.032227 0.000000 -0.557876 0.000000 0.829925 2.509956 2.509956 2.509956
2032.797607 0.000000 2394.890137 0.000000 0.410666 0.000000 0.911786 2.509956 2.509956 2.509956
2033.014526 0.000000 2397.474121 -0.000000 -0.436509 0.000000 0.899700 2.509956 2.509956 2.509956
2036.884399 0.000000 2400.141602 0.000000 -0.946039 0.000000 -0.324052 2.509956 2.509956 2.509956
2036.684692 0.000000 2402.157959 0.000000 -0.308016 -0.000000 -0.951381 2.509956 2.509956 2.509956
2033.948242 0.000000 2398.370117 0.000000 -0.857267 0.000000 0.514872 2.509956 2.509956 2.509956
2037.343994 0.000000 2396.193604 0.000000 0.973034 0.000000 -0.230660 2.509956 2.509956 2.509956
2039.969482 0.000000 2399.938965 0.000000 -0.819860 0.000000 0.572564 2.509956 2.509956 2.509956
2035.908813 0.000000 2400.180420 0.000000 -0.024080 0.000000 -0.999710 2.509956 2.509956 2.509956
2037.518433 0.000000 2398.757324 0.000000 -0.778594 0.000000 -0.627528 2.509956 2.509956 2.509956
2040.063721 0.000000 2397.814697 0.000000 -0.964665 0.000000 -0.263477 2.509956 2.509956 2.509956
2034.888184 0.000000 2397.537354 0.000000 0.723189 0.000000 0.690650 2.509956 2.509956 2.509956
2034.747925 0.000000 2401.134277 0.000000 -0.030027 0.000000 -0.999549 2.509956 2.509956 2.509956
2037.961792 0.000000 2400.854980 0.000000 -0.170688 0.000000 0.985325 2.509956 2.509956 2.509956
2045.221191 0.000000 2391.784424 0.000000 0.341560 0.000000 0.939860 2.509956 2.509956 2.509956
2044.807129 0.000000 2393.697510 0.000000 0.889327 0.000000 0.457272 2.509956 2.509956 2.509956
2042.593384 0.000000 2390.542969 0.000000 -0.350487 0.000000 0.936567 2.509956 2.509956 2.509956
2045.860596 0.000000 2388.205078 0.000000 0.028001 0.000000 -0.999608 2.509956 2.509956 2.509956
2047.873779 0.000000 2391.784912 0.000000 -0.200225 0.000000 0.979750 2.509956 2.509956 2.509956
2044.196167 0.000000 2391.680176 0.000000 0.189149 0.000000 -0.981948 2.509956 2.509956 2.509956
2046.109131 0.000000 2390.413574 0.000000 -0.678410 0.000000 0.734683 2.509956 2.509956 2.509956
2048.078857 0.000000 2390.226074 0.000000 0.308429 0.000000 0.951248 2.509956 2.509956 2.509956
2043.382935 0.000000 2389.163086 0.000000 0.281785 0.000000 0.959477 2.509956 2.509956 2.509956
2043.362549 0.000000 2392.916748 0.000000 0.568238 0.000000 0.822864 2.509956 2.509956 2.509956
2046.735718 0.000000 2392.888672 0.000000 -0.890715 0.000000 0.454562 2.509956 2.509956 2.509956
2043.909424 0.000000 2398.515625 0.000000 0.708710 0.000000 -0.705500 2.509956 2.509956 2.509956
2043.025391 0.000000 2400.443115 0.000000 0.063442 0.000000 -0.997986 2.509956 2.509956 2.509956
2040.437134 0.000000 2397.466553 0.000000 -0.232431 0.000000 -0.972613 2.509956 2.509956 2.509956
2044.170532 0.000000 2395.069336 0.000000 -0.719717 0.000000 -0.694268 2.509956 2.509956 2.509956
2046.682373 0.000000 2398.251953 0.000000 -0.706662 0.000000 -0.707551 2.509956 2.509956 2.509956
2042.527344 0.000000 2398.399170 0.000000 -0.188473 0.000000 -0.982078 2.509956 2.509956 2.509956
2044.623413 0.000000 2396.861572 0.000000 0.979344 0.000000 -0.202203 2.509956 2.509956 2.509956
2046.289307 0.000000 2396.535400 0.000000 0.158821 0.000000 -0.987307 2.509956 2.509956 2.509956
2041.821289 0.000000 2396.198242 0.000000 0.996568 0.000000 0.082778 2.509956 2.509956 2.509956
2041.318604 0.000000 2399.744385 0.000000 -0.093011 0.000000 -0.995665 2.509956 2.509956 2.509956
2045.069336 0.000000 2399.871826 0.000000 -0.447113 0.000000 0.894477 2.509956 2.509956 2.509956
2050.255371 0.000000 2396.521973 0.000000 -0.775112 0.000000 -0.631823 2.509956 2.509956 2.509956
2049.612793 0.000000 2397.893311 0.000000 -0.905550 0.000000 0.424239 2.509956 2.509956 2.509956
2047.731323 0.000000 2395.014404 0.000000 0.641602 0.000000 0.767038 2.509956 2.509956 2.509956
2050.718262 0.000000 2393.188232 0.000000 -0.996191 0.000000 0.087201 2.509956 2.509956 2.509956
2053.131348 0.000000 2396.044434 0.000000 -0.338917 0.000000 0.940816 2.509956 2.509956 2.509956
2049.359375 0.000000 2396.229492 0.000000 0.239605 0.000000 -0.970870 2.509956 2.509956 2.509956
2051.032471 0.000000 2394.642090 0.000000 -0.306485 0.000000 0.951875 2.509956 2.509956 2.509956
2052.871582 0.000000 2394.725586 0.000000 -0.312122 -0.000000 -0.950042 2.509956 2.509956 2.509956
2048.842285 0.000000 2393.633057 0.000000 -0.865794 0.000000 -0.500400 2.509956 2.509956 2.509956
2048.073730 0.000000 2397.775635 0.000000 0.956647 0.000000 -0.291251 2.509956 2.509956 2.509956
2051.170410 0.000000 2397.747070 0.000000 -0.123277 0.000000 0.992372 2.509956 2.509956 2.509956
1969.367676 0.000000 2410.494141 0.000000 0.356070 0.000000 -0.934459 2.509956 2.509956 2.509956
1969.266235 0.000000 2412.259521 0.000000 0.914808 0.000000 0.403888 2.509956 2.509956 2.509956
1965.605347 0.000000 2410.465820 0.000000 0.963724 0.000000 0.266900 2.509956 2.509956 2.509956
1971.592407 0.000000 2409.763672 -0.000000 -0.716652 0.000000 0.697430 2.509956 2.509956 2.509956
1968.004639 0.000000 2410.770752 0.000000 0.456226 0.000000 0.889864 2.509956 2.509956 2.509956
1969.249634 0.000000 2408.546875 0.000000 0.689040 0.000000 0.724724 2.509956 2.509956 2.509956
1966.422241 0.000000 2408.900146 0.000000 0.969569 0.000000 0.244817 2.509956 2.509956 2.509956
1967.685913 0.000000 2412.817871 0.000000 0.394025 0.000000 -0.919100 2.509956 2.509956 2.509956
1970.516846 0.000000 2411.055908 0.000000 0.641335 0.000000 0.767260 2.509956 2.509956 2.509956
1981.240356 0.000000 2403.743896 0.000000 0.785502 0.000000 -0.618860 2.509956 2.509956 2.509956
1965.664185 0.000000 2412.500488 0.000000 -0.230887 0.000000 -0.972980 2.509956 2.509956 2.509956
1979.306641 0.000000 2402.069824 0.000000 -0.987868 0.000000 -0.155292 2.509956 2.509956 2.509956
1963.452759 0.000000 2410.912598 0.000000 -0.785608 0.000000 -0.618725 2.509956 2.509956 2.509956
1979.319946 0.000000 2403.711182 0.000000 -0.395794 0.000000 -0.918340 2.509956 2.509956 2.509956
1982.384277 0.000000 2402.452881 -0.000000 -0.566828 0.000000 0.823836 2.509956 2.509956 2.509956
1978.581421 0.000000 2407.837646 0.000000 -0.537035 0.000000 -0.843560 2.509956 2.509956 2.509956
1978.806396 0.000000 2410.240234 0.000000 0.789232 0.000000 -0.614095 2.509956 2.509956 2.509956
1975.316895 0.000000 2407.796143 0.000000 0.335558 0.000000 0.942020 2.509956 2.509956 2.509956
1977.036377 0.000000 2404.692383 0.000000 -0.987835 0.000000 -0.155507 2.509956 2.509956 2.509956
1981.236328 0.000000 2406.831055 0.000000 -0.391538 0.000000 -0.920162 2.509956 2.509956 2.509956
1977.147583 0.000000 2408.454834 0.000000 0.986193 0.000000 0.165601 2.509956 2.509956 2.509956
1978.455322 0.000000 2406.191406 0.000000 0.935758 0.000000 0.352644 2.509956 2.509956 2.509956
1980.270996 0.000000 2405.574219 -0.000000 -0.736840 0.000000 0.676067 2.509956 2.509956 2.509956
1976.140015 0.000000 2406.770508 0.000000 0.378720 0.000000 -0.925511 2.509956 2.509956 2.509956
1976.691284 0.000000 2409.916504 0.000000 -0.742188 0.000000 -0.670192 2.509956 2.509956 2.509956
1980.282837 0.000000 2408.823730 -0.000000 -0.099050 0.000000 0.995082 2.509956 2.509956 2.509956
1985.307617 0.000000 2408.294189 0.000000 0.295116 0.000000 -0.955462 2.509956 2.509956 2.509956
1985.203857 0.000000 2409.826904 0.000000 -0.897769 0.000000 -0.440466 2.509956 2.509956 2.509956
1981.675537 0.000000 2408.143799 0.000000 0.541194 0.000000 0.840898 2.509956 2.509956 2.509956
1974.731812 0.000000 2409.760010 0.000000 0.882318 0.000000 0.470653 2.509956 2.509956 2.509956
1983.872681 0.000000 2405.161377 0.000000 0.759076 0.000000 -0.651001 2.509956 2.509956 2.509956
1987.560791 0.000000 2407.065186 0.000000 0.562322 0.000000 0.826919 2.509956 2.509956 2.509956
1984.073364 0.000000 2408.895996 0.000000 0.234806 0.000000 -0.972042 2.509956 2.509956 2.509956
1985.361694 0.000000 2406.649658 0.000000 -0.038571 0.000000 -0.999256 2.509956 2.509956 2.509956
1972.783203 0.000000 2408.603516 0.000000 0.990795 0.000000 0.135373 2.509956 2.509956 2.509956
1986.414917 0.000000 2405.522949 0.000000 0.991119 0.000000 0.132976 2.509956 2.509956 2.509956
1982.303833 0.000000 2406.873779 0.000000 -0.962805 0.000000 0.270198 2.509956 2.509956 2.509956
1983.515259 0.000000 2410.443848 0.000000 -0.191574 0.000000 -0.981478 2.509956 2.509956 2.509956
1986.286011 0.000000 2409.078857 0.000000 0.958394 0.000000 -0.285448 2.509956 2.509956 2.509956
1982.891357 0.000000 2414.756836 0.000000 0.016026 0.000000 -0.999872 2.509956 2.509956 2.509956
1981.305054 0.000000 2411.455322 0.000000 0.984777 0.000000 0.173824 2.509956 2.509956 2.509956
1985.171143 0.000000 2413.396729 0.000000 -0.766415 0.000000 -0.642346 2.509956 2.509956 2.509956
1982.812744 0.000000 2413.192383 -0.000000 -0.276230 0.000000 0.961092 2.509956 2.509956 2.509956
1984.375122 0.000000 2412.237305 0.000000 0.642468 0.000000 -0.766313 2.509956 2.509956 2.509956
1980.218018 0.000000 2413.037598 0.000000 -0.547162 0.000000 -0.837026 2.509956 2.509956 2.509956
1980.870728 0.000000 2416.980469 0.000000 0.961191 0.000000 -0.275885 2.509956 2.509956 2.509956
1964.302002 0.000000 2439.204834 -0.000000 0.186165 0.000000 0.982518 2.509956 2.509956 2.509956
1964.197144 0.000000 2441.469482 -0.000000 -0.864165 0.000000 0.503208 2.509956 2.509956 2.509956
1960.331421 0.000000 2439.143066 0.000000 -0.889112 0.000000 -0.457690 2.509956 2.509956 2.509956
1978.930298 0.000000 2416.807617 0.000000 0.955561 0.000000 -0.294794 2.509956 2.509956 2.509956
1962.901489 0.000000 2435.754150 0.000000 -0.347821 0.000000 -0.937561 2.509956 2.509956 2.509956
1966.122192 0.000000 2438.318359 0.000000 0.919828 0.000000 -0.392322 2.509956 2.509956 2.509956
1962.695068 0.000000 2439.552734 0.000000 0.777622 0.000000 0.628733 2.509956 2.509956 2.509956
1963.755249 0.000000 2437.938477 -0.000000 -0.834385 0.000000 0.551183 2.509956 2.509956 2.509956
1977.245972 0.000000 2415.321777 0.000000 -0.250545 0.000000 -0.968105 2.509956 2.509956 2.509956
1965.359741 0.000000 2436.709473 0.000000 0.872607 0.000000 -0.488423 2.509956 2.509956 2.509956
1961.192505 0.000000 2437.939941 -0.000000 -0.767553 0.000000 0.640985 2.509956 2.509956 2.509956
1962.276367 0.000000 2441.554688 0.000000 0.411389 0.000000 -0.911460 2.509956 2.509956 2.509956
1965.413574 0.000000 2439.698486 0.000000 -0.673558 0.000000 -0.739134 2.509956 2.509956 2.509956
1961.918091 0.000000 2445.918457 -0.000000 -0.219636 0.000000 0.975582 2.509956 2.509956 2.509956
1962.116333 0.000000 2447.883301 0.000000 0.440143 0.000000 -0.897928 2.509956 2.509956 2.509956
1958.266113 0.000000 2445.927246 0.000000 0.893845 0.000000 -0.448377 2.509956 2.509956 2.509956
1960.595825 0.000000 2442.508301 -0.000000 -0.389072 0.000000 0.921207 2.509956 2.509956 2.509956
1963.978394 0.000000 2444.537354 0.000000 -0.713287 0.000000 -0.700872 2.509956 2.509956 2.509956
1960.507446 0.000000 2446.186523 0.000000 -0.644668 0.000000 -0.764462 2.509956 2.509956 2.509956
1962.003906 0.000000 2444.216553 -0.000000 -0.117284 0.000000 0.993099 2.509956 2.509956 2.509956
1963.104248 0.000000 2442.668213 0.000000 0.830804 0.000000 0.556565 2.509956 2.509956 2.509956
1959.176270 0.000000 2444.178223 -0.000000 -0.135704 0.000000 0.990750 2.509956 2.509956 2.509956
1959.902100 0.000000 2447.709961 0.000000 0.491328 0.000000 0.870975 2.509956 2.509956 2.509956
1963.345825 0.000000 2446.340576 0.000000 -0.051379 0.000000 -0.998679 2.509956 2.509956 2.509956
1979.968750 0.000000 2423.335693 0.000000 0.995138 0.000000 -0.098485 2.509956 2.509956 2.509956
1980.398682 0.000000 2424.733398 0.000000 -0.764941 0.000000 -0.644100 2.509956 2.509956 2.509956
1976.885864 0.000000 2423.297119 0.000000 0.559327 0.000000 -0.828947 2.509956 2.509956 2.509956
1958.067261 0.000000 2447.820068 -0.000000 -0.187874 0.000000 0.982193 2.509956 2.509956 2.509956
1979.030151 0.000000 2420.152832 -0.000000 -0.828497 0.000000 0.559994 2.509956 2.509956 2.509956
1982.363525 0.000000 2422.108398 0.000000 -0.985134 0.000000 0.171788 2.509956 2.509956 2.509956
1979.079468 0.000000 2423.745850 0.000000 -0.050539 0.000000 -0.998722 2.509956 2.509956 2.509956
1980.285156 0.000000 2421.268799 0.000000 0.692859 0.000000 0.721073 2.509956 2.509956 2.509956
1941.392212 0.000000 2447.420166 0.000000 0.997616 0.000000 -0.069004 2.509956 2.509956 2.509956
1956.100098 0.000000 2446.682861 -0.000000 -0.863673 0.000000 0.504053 2.509956 2.509956 2.509956
1981.894409 0.000000 2420.081543 0.000000 0.746661 0.000000 0.665205 2.509956 2.509956 2.509956
1977.710815 0.000000 2421.688232 0.000000 0.313051 0.000000 -0.949736 2.509956 2.509956 2.509956
1978.364624 0.000000 2425.693604 0.000000 0.726940 0.000000 -0.686701 2.509956 2.509956 2.509956
1981.636108 0.000000 2424.071777 -0.000000 -0.340256 0.000000 0.940333 2.509956 2.509956 2.509956
1978.016479 0.000000 2429.447510 0.000000 0.280423 0.000000 0.959876 2.509956 2.509956 2.509956
1977.882446 0.000000 2431.477783 0.000000 -0.998040 0.000000 -0.062580 2.509956 2.509956 2.509956
1974.516113 0.000000 2429.783936 0.000000 0.891496 0.000000 -0.453030 2.509956 2.509956 2.509956
1976.675293 0.000000 2426.225098 0.000000 -0.847135 0.000000 -0.531378 2.509956 2.509956 2.509956
1980.325806 0.000000 2428.812744 0.000000 0.827985 0.000000 -0.560750 2.509956 2.509956 2.509956
1976.992065 0.000000 2430.338379 0.000000 0.147467 0.000000 -0.989067 2.509956 2.509956 2.509956
1977.811279 0.000000 2428.164795 -0.000000 -0.765437 0.000000 0.643511 2.509956 2.509956 2.509956
1979.526489 0.000000 2426.953857 0.000000 0.691727 0.000000 -0.722159 2.509956 2.509956 2.509956
1975.473267 0.000000 2428.105469 0.000000 -0.139920 0.000000 -0.990163 2.509956 2.509956 2.509956
1976.126709 0.000000 2431.914795 -0.000000 -0.807935 0.000000 0.589272 2.509956 2.509956 2.509956
1979.419678 0.000000 2430.652832 -0.000000 -0.530941 0.000000 0.847409 2.509956 2.509956 2.509956
1975.156982 0.000000 2415.872314 0.000000 -0.321405 0.000000 -0.946942 2.509956 2.509956 2.509956
1974.118286 0.000000 2431.322021 0.000000 -0.849085 0.000000 -0.528256 2.509956 2.509956 2.509956
1971.908203 0.000000 2411.199219 0.000000 0.830704 0.000000 0.556714 2.509956 2.509956 2.509956
1976.494751 0.000000 2412.590088 0.000000 0.120122 0.000000 -0.992759 2.509956 2.509956 2.509956
1973.529297 0.000000 2412.744873 0.000000 0.969856 0.000000 0.243681 2.509956 2.509956 2.509956
1972.191895 0.000000 2430.247559 0.000000 -0.998312 0.000000 -0.058073 2.509956 2.509956 2.509956
1975.054199 0.000000 2411.093018 0.000000 -0.312172 0.000000 -0.950025 2.509956 2.509956 2.509956
1975.631104 0.000000 2414.653076 0.000000 0.917594 0.000000 -0.397519 2.509956 2.509956 2.509956
1974.682983 0.000000 2422.603760 0.000000 -0.773539 0.000000 -0.633749 2.509956 2.509956 2.509956
1975.998535 0.000000 2419.580811 -0.000000 -0.353610 0.000000 0.935393 2.509956 2.509956 2.509956
1972.847900 0.000000 2424.016357 -0.000000 -0.684898 0.000000 0.728639 2.509956 2.509956 2.509956
1975.304810 0.000000 2421.672119 -0.000000 -0.856548 0.000000 0.516068 2.509956 2.509956 2.509956
1968.421631 0.000000 2426.763428 0.000000 0.773165 0.000000 -0.634205 2.509956 2.509956 2.509956
1967.134155 0.000000 2427.470703 -0.000000 0.250583 0.000000 0.968095 2.509956 2.509956 2.509956
1971.207031 0.000000 2424.144531 -0.000000 -0.241550 0.000000 0.970388 2.509956 2.509956 2.509956
1970.508789 0.000000 2428.072266 0.000000 0.293613 0.000000 0.955924 2.509956 2.509956 2.509956
1967.260376 0.000000 2425.479004 0.000000 -0.890676 0.000000 -0.454637 2.509956 2.509956 2.509956
1970.274292 0.000000 2426.078613 0.000000 0.282787 0.000000 -0.959183 2.509956 2.509956 2.509956
1971.740601 0.000000 2426.768555 0.000000 -0.540083 0.000000 -0.841612 2.509956 2.509956 2.509956
1965.848511 0.000000 2425.402588 0.000000 -0.597501 0.000000 -0.801868 2.509956 2.509956 2.509956
1968.661255 0.000000 2427.968994 -0.000000 0.027575 0.000000 0.999620 2.509956 2.509956 2.509956
1964.958618 0.000000 2432.039307 -0.000000 -0.761557 0.000000 0.648098 2.509956 2.509956 2.509956
1963.299438 0.000000 2432.917725 -0.000000 -0.630359 0.000000 0.776304 2.509956 2.509956 2.509956
1963.370361 0.000000 2428.400879 0.000000 -0.817371 0.000000 -0.576111 2.509956 2.509956 2.509956
1967.476196 0.000000 2429.468750 0.000000 -0.160212 0.000000 -0.987082 2.509956 2.509956 2.509956
1966.850952 0.000000 2433.637451 -0.000000 -0.264141 0.000000 0.964484 2.509956 2.509956 2.509956
1963.631836 0.000000 2430.876465 0.000000 0.970007 0.000000 -0.243078 2.509956 2.509956 2.509956
1966.165649 0.000000 2431.343018 0.000000 0.999354 0.000000 -0.035939 2.509956 2.509956 2.509956
1968.023560 0.000000 2431.923828 0.000000 0.847264 0.000000 0.531172 2.509956 2.509956 2.509956
1965.573608 0.000000 2428.681885 0.000000 0.317398 0.000000 0.948293 2.509956 2.509956 2.509956
1962.184814 0.000000 2431.289307 0.000000 0.874989 0.000000 -0.484142 2.509956 2.509956 2.509956
1943.530518 0.000000 2433.729736 0.000000 0.485401 0.000000 -0.874292 2.509956 2.509956 2.509956
1941.554810 0.000000 2434.545410 -0.000000 -0.872311 0.000000 0.488952 2.509956 2.509956 2.509956
1942.270508 0.000000 2430.355225 0.000000 -0.037981 0.000000 -0.999279 2.509956 2.509956 2.509956
1964.956055 0.000000 2433.520508 0.000000 0.238134 0.000000 -0.971232 2.509956 2.509956 2.509956
1958.110229 0.000000 2432.519287 -0.000000 0.091790 0.000000 0.995779 2.509956 2.509956 2.509956
1942.421875 0.000000 2432.492676 0.000000 -0.316071 0.000000 -0.948735 2.509956 2.509956 2.509956
1956.322144 0.000000 2433.148682 0.000000 -0.339362 0.000000 -0.940656 2.509956 2.509956 2.509956
1956.688721 0.000000 2429.059570 0.000000 -0.363233 0.000000 -0.931698 2.509956 2.509956 2.509956
1943.963135 0.000000 2430.617432 0.000000 0.308199 0.000000 -0.951322 2.509956 2.509956 2.509956
1940.584351 0.000000 2432.398926 0.000000 -0.798770 0.000000 -0.601636 2.509956 2.509956 2.509956
1942.917969 0.000000 2435.330322 0.000000 0.777050 0.000000 -0.629438 2.509956 2.509956 2.509956
1942.358765 0.000000 2438.951172 0.000000 -0.373900 0.000000 -0.927469 2.509956 2.509956 2.509956
1940.623779 0.000000 2438.115234 0.000000 0.980632 0.000000 -0.195858 2.509956 2.509956 2.509956
1960.529175 0.000000 2430.213623 0.000000 0.289545 0.000000 -0.957164 2.509956 2.509956 2.509956
1959.608398 0.000000 2434.026855 0.000000 0.875960 0.000000 0.482384 2.509956 2.509956 2.509956
1941.067993 0.000000 2441.164307 0.000000 0.712734 0.000000 0.701434 2.509956 2.509956 2.509956
1942.950806 0.000000 2437.915771 0.000000 -0.197582 0.000000 -0.980286 2.509956 2.509956 2.509956
1943.134155 0.000000 2440.051025 0.000000 0.806922 0.000000 0.590658 2.509956 2.509956 2.509956
1942.782349 0.000000 2442.628174 -0.000000 -0.604502 0.000000 0.796604 2.509956 2.509956 2.509956
1956.854492 0.000000 2431.400879 0.000000 0.490322 0.000000 0.871542 2.509956 2.509956 2.509956
1942.235596 0.000000 2436.325928 0.000000 0.176139 0.000000 -0.984365 2.509956 2.509956 2.509956
1940.368530 0.000000 2439.285156 0.000000 0.825198 0.000000 0.564843 2.509956 2.509956 2.509956
1936.701904 0.000000 2442.513916 -0.000000 -0.429122 0.000000 0.903247 2.509956 2.509956 2.509956
1935.314209 0.000000 2440.756592 0.000000 0.568674 0.000000 0.822563 2.509956 2.509956 2.509956
1939.267456 0.000000 2440.091553 -0.000000 -0.240630 0.000000 0.970617 2.509956 2.509956 2.509956
1939.793579 0.000000 2444.246582 -0.000000 -0.552959 0.000000 0.833209 2.509956 2.509956 2.509956
1935.865601 0.000000 2444.657471 0.000000 -0.027390 0.000000 -0.999625 2.509956 2.509956 2.509956
1936.987427 0.000000 2440.795654 0.000000 -0.779752 0.000000 -0.626088 2.509956 2.509956 2.509956
1937.755249 0.000000 2443.657715 0.000000 0.419504 0.000000 -0.907754 2.509956 2.509956 2.509956
1937.440063 0.000000 2445.749268 -0.000000 -0.466004 0.000000 0.884782 2.509956 2.509956 2.509956
1939.464722 0.000000 2441.864014 0.000000 0.981598 0.000000 -0.190958 2.509956 2.509956 2.509956
1936.337158 0.000000 2439.843018 -0.000000 -0.779873 0.000000 0.625938 2.509956 2.509956 2.509956
1935.299438 0.000000 2442.730957 0.000000 0.007964 0.000000 -0.999968 2.509956 2.509956 2.509956
1940.431274 0.000000 2453.307861 0.000000 -0.959718 0.000000 -0.280965 2.509956 2.509956 2.509956
1938.939575 0.000000 2452.009277 0.000000 0.976433 0.000000 0.215820 2.509956 2.509956 2.509956
1959.360596 0.000000 2431.582520 0.000000 0.399296 0.000000 0.916822 2.509956 2.509956 2.509956
1939.137085 0.000000 2455.564941 0.000000 0.927145 0.000000 0.374703 2.509956 2.509956 2.509956
1941.836426 0.000000 2454.556396 0.000000 -0.182360 0.000000 -0.983232 2.509956 2.509956 2.509956
1941.108765 0.000000 2456.858398 0.000000 0.555214 0.000000 -0.831707 2.509956 2.509956 2.509956
1961.203613 0.000000 2432.737793 0.000000 -0.339506 0.000000 -0.940604 2.509956 2.509956 2.509956
1938.877563 0.000000 2453.479492 0.000000 0.579584 0.000000 0.814912 2.509956 2.509956 2.509956
1934.897949 0.000000 2449.276611 0.000000 0.253213 0.000000 -0.967410 2.509956 2.509956 2.509956
1933.637329 0.000000 2447.596436 -0.000000 0.120397 0.000000 0.992726 2.509956 2.509956 2.509956
1937.194702 0.000000 2446.689453 0.000000 0.842904 0.000000 0.538065 2.509956 2.509956 2.509956
1938.020508 0.000000 2450.819824 -0.000000 -0.517475 0.000000 0.855699 2.509956 2.509956 2.509956
1933.520874 0.000000 2451.174561 0.000000 -0.842262 0.000000 -0.539068 2.509956 2.509956 2.509956
1935.412842 0.000000 2447.553955 0.000000 -0.864244 0.000000 -0.503073 2.509956 2.509956 2.509956
1935.609863 0.000000 2450.500000 -0.000000 -0.817198 0.000000 0.576356 2.509956 2.509956 2.509956
1935.670532 0.000000 2452.091797 -0.000000 -0.065952 0.000000 0.997823 2.509956 2.509956 2.509956
1937.839233 0.000000 2448.150635 0.000000 0.731255 0.000000 0.682104 2.509956 2.509956 2.509956
1934.548828 0.000000 2446.315186 0.000000 0.907880 0.000000 -0.419230 2.509956 2.509956 2.509956
1933.084839 0.000000 2449.471924 -0.000000 -0.752185 0.000000 0.658952 2.509956 2.509956 2.509956
1934.245850 0.000000 2456.330322 0.000000 0.599152 0.000000 -0.800635 2.509956 2.509956 2.509956
1932.422485 0.000000 2454.654053 0.000000 0.991718 0.000000 0.128432 2.509956 2.509956 2.509956
1936.777832 0.000000 2453.587158 0.000000 0.457459 0.000000 0.889231 2.509956 2.509956 2.509956
1958.495605 0.000000 2429.440674 0.000000 -0.068655 0.000000 -0.997640 2.509956 2.509956 2.509956
1955.026489 0.000000 2431.538818 0.000000 -0.913527 0.000000 -0.406777 2.509956 2.509956 2.509956
1934.961426 0.000000 2454.565186 0.000000 -0.567714 0.000000 -0.823226 2.509956 2.509956 2.509956
1957.752075 0.000000 2434.180908 0.000000 0.530170 0.000000 -0.847891 2.509956 2.509956 2.509956
1956.433594 0.000000 2438.233643 0.000000 0.959562 0.000000 -0.281498 2.509956 2.509956 2.509956
1937.305054 0.000000 2455.493164 -0.000000 -0.515138 0.000000 0.857107 2.509956 2.509956 2.509956
1933.886597 0.000000 2453.119629 0.000000 -0.943943 0.000000 -0.330108 2.509956 2.509956 2.509956
1955.120728 0.000000 2437.117676 0.000000 -0.967072 0.000000 0.254503 2.509956 2.509956 2.509956
1959.337769 0.000000 2435.725586 0.000000 0.610510 0.000000 0.792009 2.509956 2.509956 2.509956
1959.424072 0.000000 2439.584717 0.000000 0.984959 0.000000 0.172786 2.509956 2.509956 2.509956
1955.717896 0.000000 2440.151855 0.000000 -0.714643 0.000000 -0.699489 2.509956 2.509956 2.509956
1957.288452 0.000000 2437.109375 -0.000000 -0.787773 0.000000 0.615966 2.509956 2.509956 2.509956
1957.798218 0.000000 2439.063965 0.000000 -0.630493 0.000000 -0.776195 2.509956 2.509956 2.509956
1957.355591 0.000000 2441.418213 0.000000 0.700464 0.000000 -0.713688 2.509956 2.509956 2.509956
1959.748779 0.000000 2437.427979 0.000000 -0.311102 0.000000 -0.950377 2.509956 2.509956 2.509956
1956.317017 0.000000 2435.515381 0.000000 -0.966788 0.000000 0.255581 2.509956 2.509956 2.509956
1955.337158 0.000000 2438.340088 0.000000 0.281171 0.000000 0.959658 2.509956 2.509956 2.509956
1951.341797 0.000000 2441.227295 -0.000000 0.162685 0.000000 0.986678 2.509956 2.509956 2.509956
1949.865601 0.000000 2440.156738 -0.000000 -0.514657 0.000000 0.857396 2.509956 2.509956 2.509956
1953.951294 0.000000 2438.985596 -0.000000 0.158374 0.000000 0.987379 2.509956 2.509956 2.509956
1953.996338 0.000000 2443.067627 0.000000 -0.974678 0.000000 0.223614 2.509956 2.509956 2.509956
1950.054077 0.000000 2443.443359 0.000000 -0.805094 0.000000 -0.593147 2.509956 2.509956 2.509956
1951.671387 0.000000 2439.871094 0.000000 0.532544 0.000000 0.846402 2.509956 2.509956 2.509956
1952.409668 0.000000 2442.709717 0.000000 0.143720 0.000000 -0.989618 2.509956 2.509956 2.509956
1951.530151 0.000000 2444.470215 0.000000 0.973089 0.000000 -0.230428 2.509956 2.509956 2.509956
1953.854248 0.000000 2440.910156 0.000000 0.861763 0.000000 -0.507311 2.509956 2.509956 2.509956
1951.006836 0.000000 2438.176758 0.000000 0.544101 0.000000 0.839020 2.509956 2.509956 2.509956
1949.849976 0.000000 2441.543945 0.000000 0.122133 0.000000 -0.992514 2.509956 2.509956 2.509956
1957.643799 0.000000 2450.016357 0.000000 0.567832 0.000000 0.823145 2.509956 2.509956 2.509956
1958.055664 0.000000 2454.126709 -0.000000 -0.570858 0.000000 0.821049 2.509956 2.509956 2.509956
1955.669189 0.000000 2455.254639 0.000000 -0.674222 0.000000 -0.738529 2.509956 2.509956 2.509956
1954.612671 0.000000 2449.402100 0.000000 0.958323 0.000000 0.285688 2.509956 2.509956 2.509956
1953.337646 0.000000 2452.570312 0.000000 0.838511 0.000000 0.544885 2.509956 2.509956 2.509956
1949.153809 0.000000 2448.026123 0.000000 0.979888 0.000000 0.199548 2.509956 2.509956 2.509956
1947.703491 0.000000 2446.954590 0.000000 -0.968647 0.000000 0.248439 2.509956 2.509956 2.509956
1951.706299 0.000000 2445.767578 0.000000 0.995085 0.000000 -0.099028 2.509956 2.509956 2.509956
1952.256470 0.000000 2449.755859 0.000000 0.777897 0.000000 -0.628392 2.509956 2.509956 2.509956
1949.673340 0.000000 2446.546143 0.000000 -0.888213 0.000000 -0.459433 2.509956 2.509956 2.509956
1950.343506 0.000000 2449.027344 0.000000 0.390223 0.000000 0.920720 2.509956 2.509956 2.509956
1949.963379 0.000000 2451.324707 -0.000000 -0.415251 0.000000 0.909707 2.509956 2.509956 2.509956
1952.299072 0.000000 2447.180664 0.000000 -0.856995 0.000000 -0.515325 2.509956 2.509956 2.509956
1949.123291 0.000000 2444.886475 0.000000 0.828219 0.000000 0.560405 2.509956 2.509956 2.509956
1947.803467 0.000000 2448.422119 0.000000 0.273079 0.000000 -0.961992 2.509956 2.509956 2.509956
1949.013062 0.000000 2454.992920 0.000000 0.016088 0.000000 -0.999871 2.509956 2.509956 2.509956
1947.071777 0.000000 2453.840088 0.000000 0.817309 0.000000 -0.576200 2.509956 2.509956 2.509956
1951.039185 0.000000 2452.729736 0.000000 0.914205 0.000000 -0.405252 2.509956 2.509956 2.509956
1951.554443 0.000000 2456.427246 0.000000 0.831754 0.000000 0.555145 2.509956 2.509956 2.509956
1947.836182 0.000000 2457.409912 -0.000000 -0.109936 0.000000 0.993939 2.509956 2.509956 2.509956
1949.345337 0.000000 2453.541016 0.000000 0.569626 0.000000 0.821904 2.509956 2.509956 2.509956
1949.553955 0.000000 2456.029053 0.000000 -0.997020 0.000000 -0.077139 2.509956 2.509956 2.509956
1949.337280 0.000000 2457.874512 0.000000 0.810022 0.000000 0.586399 2.509956 2.509956 2.509956
1951.598511 0.000000 2454.064453 0.000000 0.890178 0.000000 0.455614 2.509956 2.509956 2.509956
1948.888550 0.000000 2452.019775 0.000000 -0.240976 0.000000 -0.970531 2.509956 2.509956 2.509956
1947.401001 0.000000 2455.073730 0.000000 0.003337 0.000000 -0.999994 2.509956 2.509956 2.509956
1986.947266 0.000000 2419.375732 0.000000 0.987194 0.000000 -0.159523 2.509956 2.509956 2.509956
1988.079590 0.000000 2415.907227 -0.000000 -0.925674 0.000000 0.378323 2.509956 2.509956 2.509956
1992.553223 0.000000 2416.819824 0.000000 0.580225 0.000000 -0.814456 2.509956 2.509956 2.509956
1989.474365 0.000000 2419.436523 -0.000000 -0.605461 0.000000 0.795875 2.509956 2.509956 2.509956
1989.903564 0.000000 2416.705322 0.000000 0.830096 0.000000 0.557621 2.509956 2.509956 2.509956
1991.407471 0.000000 2415.107666 -0.000000 0.025356 0.000000 0.999678 2.509956 2.509956 2.509956
1989.329712 0.000000 2421.149170 0.000000 0.658534 0.000000 -0.752551 2.509956 2.509956 2.509956
1989.844971 0.000000 2425.068848 0.000000 0.982912 0.000000 0.184078 2.509956 2.509956 2.509956
1990.855713 0.000000 2426.652344 0.000000 0.973393 0.000000 0.229143 2.509956 2.509956 2.509956
1987.067993 0.000000 2426.154053 -0.000000 0.166050 0.000000 0.986117 2.509956 2.509956 2.509956
1988.097168 0.000000 2422.542969 -0.000000 -0.374537 0.000000 0.927212 2.509956 2.509956 2.509956
1991.805908 0.000000 2423.446045 0.000000 -0.997989 0.000000 0.063382 2.509956 2.509956 2.509956
1989.132202 0.000000 2426.302490 -0.000000 -0.649619 0.000000 0.760260 2.509956 2.509956 2.509956
1989.910400 0.000000 2423.797607 0.000000 0.040505 0.000000 -0.999179 2.509956 2.509956 2.509956
1991.075684 0.000000 2421.971191 -0.000000 -0.062111 0.000000 0.998069 2.509956 2.509956 2.509956
1987.089111 0.000000 2424.272949 0.000000 -0.695500 0.000000 -0.718526 2.509956 2.509956 2.509956
1989.022583 0.000000 2427.789307 0.000000 -0.984153 0.000000 -0.177320 2.509956 2.509956 2.509956
1991.379761 0.000000 2425.614502 -0.000000 -0.944950 0.000000 0.327215 2.509956 2.509956 2.509956
1984.948120 0.000000 2430.297119 0.000000 -0.470384 0.000000 -0.882462 2.509956 2.509956 2.509956
1983.038940 0.000000 2431.709473 0.000000 0.857788 0.000000 -0.514003 2.509956 2.509956 2.509956
1983.653442 0.000000 2427.678711 0.000000 0.386228 0.000000 -0.922403 2.509956 2.509956 2.509956
1987.113770 0.000000 2428.481934 0.000000 0.954543 0.000000 -0.298074 2.509956 2.509956 2.509956
1986.539551 0.000000 2432.360840 -0.000000 -0.953509 0.000000 0.301363 2.509956 2.509956 2.509956
1983.554688 0.000000 2429.911377 0.000000 0.943579 0.000000 -0.331148 2.509956 2.509956 2.509956
1986.071167 0.000000 2430.194580 0.000000 0.966805 0.000000 -0.255516 2.509956 2.509956 2.509956
1987.794922 0.000000 2431.163330 -0.000000 -0.754098 0.000000 0.656762 2.509956 2.509956 2.509956
1984.917847 0.000000 2427.538818 0.000000 -0.941147 0.000000 -0.337996 2.509956 2.509956 2.509956
1981.886475 0.000000 2429.797363 0.000000 0.943695 0.000000 0.330818 2.509956 2.509956 2.509956
1984.653564 0.000000 2431.922363 0.000000 -0.218779 0.000000 -0.975774 2.509956 2.509956 2.509956
1981.447876 0.000000 2436.110107 0.000000 0.230155 0.000000 -0.973154 2.509956 2.509956 2.509956
1979.381836 0.000000 2436.643066 0.000000 -0.916880 0.000000 -0.399163 2.509956 2.509956 2.509956
1979.516602 0.000000 2432.947754 0.000000 -0.994726 0.000000 0.102571 2.509956 2.509956 2.509956
1983.207397 0.000000 2433.577148 0.000000 -0.997355 0.000000 0.072690 2.509956 2.509956 2.509956
1982.695923 0.000000 2437.706543 -0.000000 -0.956850 0.000000 0.290584 2.509956 2.509956 2.509956
1980.031128 0.000000 2434.768555 0.000000 0.896787 0.000000 0.442462 2.509956 2.509956 2.509956
1982.345581 0.000000 2435.462891 0.000000 0.871593 0.000000 -0.490231 2.509956 2.509956 2.509956
1983.972534 0.000000 2436.225586 0.000000 -0.999867 0.000000 0.016324 2.509956 2.509956 2.509956
1981.509399 0.000000 2432.566406 0.000000 0.669670 0.000000 0.742659 2.509956 2.509956 2.509956
1978.523560 0.000000 2434.909912 0.000000 -0.345003 0.000000 -0.938601 2.509956 2.509956 2.509956
1980.648804 0.000000 2437.640137 0.000000 -0.990074 0.000000 0.140548 2.509956 2.509956 2.509956
1973.885132 0.000000 2436.544678 0.000000 0.941181 0.000000 0.337903 2.509956 2.509956 2.509956
1972.514160 0.000000 2437.757324 0.000000 0.648899 0.000000 -0.760874 2.509956 2.509956 2.509956
1972.783203 0.000000 2433.073730 0.000000 -0.567216 0.000000 -0.823569 2.509956 2.509956 2.509956
1976.313232 0.000000 2434.484375 -0.000000 -0.760365 0.000000 0.649495 2.509956 2.509956 2.509956
1975.971558 0.000000 2438.328613 -0.000000 -0.148773 0.000000 0.988871 2.509956 2.509956 2.509956
1973.201172 0.000000 2435.437744 -0.000000 0.073918 0.000000 0.997264 2.509956 2.509956 2.509956
1975.064819 0.000000 2436.030762 0.000000 -0.998500 0.000000 0.054746 2.509956 2.509956 2.509956
1976.821411 0.000000 2436.981689 0.000000 0.983421 0.000000 -0.181338 2.509956 2.509956 2.509956
1974.563477 0.000000 2433.826904 -0.000000 -0.503413 0.000000 0.864046 2.509956 2.509956 2.509956
1971.546021 0.000000 2435.955566 -0.000000 -0.470653 0.000000 0.882319 2.509956 2.509956 2.509956
1973.431641 0.000000 2437.955078 0.000000 0.995257 0.000000 0.097283 2.509956 2.509956 2.509956
1972.733643 0.000000 2442.358887 0.000000 0.918851 0.000000 -0.394604 2.509956 2.509956 2.509956
1971.295044 0.000000 2440.763672 0.000000 0.963906 0.000000 0.266241 2.509956 2.509956 2.509956
1975.576294 0.000000 2439.775635 0.000000 -0.225400 0.000000 -0.974266 2.509956 2.509956 2.509956
1976.141724 0.000000 2443.860596 -0.000000 0.237232 0.000000 0.971453 2.509956 2.509956 2.509956
1971.994019 0.000000 2444.426270 -0.000000 0.134729 0.000000 0.990882 2.509956 2.509956 2.509956
1973.636353 0.000000 2441.162598 0.000000 0.585405 0.000000 -0.810741 2.509956 2.509956 2.509956
1973.792847 0.000000 2443.613770 0.000000 0.946222 0.000000 -0.323518 2.509956 2.509956 2.509956
1973.602417 0.000000 2445.668701 -0.000000 -0.688372 0.000000 0.725358 2.509956 2.509956 2.509956
1976.019409 0.000000 2441.675781 -0.000000 -0.076473 0.000000 0.997072 2.509956 2.509956 2.509956
1972.592773 0.000000 2439.131592 0.000000 -0.918752 0.000000 -0.394836 2.509956 2.509956 2.509956
1971.321899 0.000000 2442.695312 -0.000000 -0.793705 0.000000 0.608303 2.509956 2.509956 2.509956
1967.308594 0.000000 2445.164307 0.000000 -0.653008 0.000000 -0.757351 2.509956 2.509956 2.509956
1965.609985 0.000000 2444.020996 0.000000 0.988768 0.000000 0.149460 2.509956 2.509956 2.509956
1970.079834 0.000000 2443.263428 -0.000000 -0.006345 0.000000 0.999980 2.509956 2.509956 2.509956
1970.561890 0.000000 2447.244141 -0.000000 -0.175011 0.000000 0.984567 2.509956 2.509956 2.509956
1966.146484 0.000000 2447.898926 0.000000 -0.962669 0.000000 0.270680 2.509956 2.509956 2.509956
1967.722778 0.000000 2444.164795 0.000000 -0.998192 0.000000 -0.060108 2.509956 2.509956 2.509956
1968.283569 0.000000 2446.333984 0.000000 0.659957 0.000000 0.751303 2.509956 2.509956 2.509956
1967.944580 0.000000 2448.917480 -0.000000 -0.679273 0.000000 0.733886 2.509956 2.509956 2.509956
1970.488647 0.000000 2444.500244 0.000000 -0.470099 0.000000 -0.882614 2.509956 2.509956 2.509956
1967.237061 0.000000 2442.705322 0.000000 0.566806 0.000000 -0.823851 2.509956 2.509956 2.509956
1966.096313 0.000000 2445.795898 0.000000 0.096928 0.000000 -0.995291 2.509956 2.509956 2.509956
1974.150024 0.000000 2458.280762 -0.000000 -0.893531 0.000000 0.449001 2.509956 2.509956 2.509956
1971.440308 0.000000 2459.456543 0.000000 0.986722 0.000000 0.162416 2.509956 2.509956 2.509956
1974.340088 0.000000 2455.779053 0.000000 -0.315419 0.000000 -0.948952 2.509956 2.509956 2.509956
1965.649536 0.000000 2452.191895 -0.000000 0.088415 0.000000 0.996084 2.509956 2.509956 2.509956
1964.331421 0.000000 2450.579346 0.000000 -0.360629 0.000000 -0.932709 2.509956 2.509956 2.509956
1968.171631 0.000000 2449.530273 0.000000 0.582034 0.000000 0.813164 2.509956 2.509956 2.509956
1966.339600 0.000000 2450.980957 -0.000000 -0.048335 0.000000 0.998831 2.509956 2.509956 2.509956
1968.719849 0.000000 2451.325195 0.000000 -0.601979 0.000000 -0.798512 2.509956 2.509956 2.509956
1965.671387 0.000000 2449.331543 -0.000000 0.163087 0.000000 0.986612 2.509956 2.509956 2.509956
1963.910156 0.000000 2452.559082 0.000000 0.554982 0.000000 -0.831862 2.509956 2.509956 2.509956
1964.820312 0.000000 2458.750488 0.000000 0.859005 0.000000 0.511967 2.509956 2.509956 2.509956
1963.738892 0.000000 2457.598633 0.000000 -0.040937 0.000000 -0.999162 2.509956 2.509956 2.509956
1965.372803 0.000000 2457.971191 0.000000 0.785501 0.000000 -0.618861 2.509956 2.509956 2.509956
1964.617188 0.000000 2456.157715 0.000000 0.997433 0.000000 -0.071611 2.509956 2.509956 2.509956
1963.278320 0.000000 2459.085693 0.000000 0.593235 0.000000 0.805030 2.509956 2.509956 2.509956
2026.141113 0.000000 2386.449463 0.000000 0.928311 0.000000 0.371804 2.509956 2.509956 2.509956
2029.167603 0.000000 2385.902832 0.000000 0.911279 0.000000 0.411790 2.509956 2.509956 2.509956
1958.482056 0.000000 2485.765869 0.000000 -0.408690 0.000000 0.912673 2.509956 2.509956 2.509956
1956.562256 0.000000 2486.658447 0.000000 -0.996724 0.000000 -0.080881 2.509956 2.509956 2.509956
1957.126221 0.000000 2482.282471 0.000000 -0.468087 -0.000000 -0.883682 2.509956 2.509956 2.509956
1961.189331 0.000000 2483.291260 0.000000 0.250339 -0.000000 -0.968158 2.509956 2.509956 2.509956
1960.166260 0.000000 2487.407715 0.000000 0.979036 0.000000 0.203686 2.509956 2.509956 2.509956
1957.525024 0.000000 2484.584229 0.000000 0.278851 0.000000 0.960334 2.509956 2.509956 2.509956
1959.726807 0.000000 2485.001221 0.000000 -0.999700 0.000000 -0.024492 2.509956 2.509956 2.509956
1961.428101 0.000000 2486.103027 0.000000 0.995202 0.000000 0.097838 2.509956 2.509956 2.509956
1958.841553 0.000000 2482.561035 0.000000 -0.996174 0.000000 0.087393 2.509956 2.509956 2.509956
1955.767090 0.000000 2484.698242 0.000000 0.858457 0.000000 -0.512885 2.509956 2.509956 2.509956
1958.321289 0.000000 2487.134766 0.000000 -0.130363 -0.000000 -0.991466 2.509956 2.509956 2.509956
1951.490845 0.000000 2485.843506 0.000000 -0.737741 0.000000 0.675084 2.509956 2.509956 2.509956
1949.784058 0.000000 2486.750000 0.000000 0.874321 0.000000 -0.485348 2.509956 2.509956 2.509956
1950.315430 0.000000 2482.660889 0.000000 0.989746 0.000000 0.142838 2.509956 2.509956 2.509956
1954.283569 0.000000 2483.447266 0.000000 -0.845713 0.000000 0.533637 2.509956 2.509956 2.509956
1953.286743 0.000000 2487.485596 0.000000 -0.184832 0.000000 -0.982770 2.509956 2.509956 2.509956
1950.533813 0.000000 2484.770996 0.000000 -0.092182 -0.000000 -0.995742 2.509956 2.509956 2.509956
1953.082642 0.000000 2485.327148 0.000000 -0.663757 0.000000 0.747948 2.509956 2.509956 2.509956
1954.758301 0.000000 2486.075928 0.000000 0.363735 0.000000 0.931503 2.509956 2.509956 2.509956
1952.143799 0.000000 2482.662598 0.000000 -0.677531 0.000000 0.735494 2.509956 2.509956 2.509956
1948.907837 0.000000 2484.670410 0.000000 -0.094521 0.000000 0.995523 2.509956 2.509956 2.509956
1951.499756 0.000000 2487.327148 0.000000 0.528536 0.000000 -0.848911 2.509956 2.509956 2.509956
1978.941772 0.000000 2495.258301 0.000000 0.872925 0.000000 0.487855 2.509956 2.509956 2.509956
1977.563354 0.000000 2496.041504 0.000000 -0.259664 -0.000000 -0.965699 2.509956 2.509956 2.509956
1977.995850 0.000000 2492.110107 0.000000 0.932708 0.000000 -0.360633 2.509956 2.509956 2.509956
1948.360840 0.000000 2482.888672 0.000000 -0.715454 0.000000 0.698660 2.509956 2.509956 2.509956
1981.707642 0.000000 2493.154785 0.000000 -0.999903 0.000000 -0.013898 2.509956 2.509956 2.509956
1980.946045 0.000000 2497.068604 0.000000 -0.906603 -0.000000 -0.421984 2.509956 2.509956 2.509956
1978.149536 0.000000 2494.246094 0.000000 0.529249 0.000000 -0.848466 2.509956 2.509956 2.509956
1980.765625 0.000000 2494.698975 0.000000 0.156524 0.000000 0.987674 2.509956 2.509956 2.509956
1942.961304 0.000000 2467.435059 0.000000 0.858111 0.000000 0.513464 2.509956 2.509956 2.509956
1943.692139 0.000000 2347.232422 0.000000 -0.750534 -0.000000 -0.660831 0.892640 0.892640 0.892640
1944.721436 0.000000 2346.777588 0.000000 0.985899 0.000000 -0.167339 0.892640 0.892640 0.892640
1946.535889 0.000000 2348.271240 0.000000 -0.409045 -0.000000 -0.912514 0.892640 0.892640 0.892640
1943.099243 0.000000 2347.966064 0.000000 -0.752677 -0.000000 -0.658391 0.892640 0.892640 0.892640
1943.897827 0.000000 2347.801758 0.000000 -0.887198 -0.000000 -0.461390 0.892640 0.892640 0.892640
1943.534302 0.000000 2348.392090 0.000000 -0.961232 0.000000 -0.275740 0.892640 0.892640 0.892640
1944.821289 0.000000 2347.234131 0.000000 0.203253 0.000000 0.979126 0.892640 0.892640 0.892640
1948.864258 0.000000 2480.872314 0.000000 -0.996802 0.000000 -0.079906 2.509956 2.509956 2.509956
1982.442505 0.000000 2495.821777 0.000000 0.232601 0.000000 0.972572 2.509956 2.509956 2.509956
1979.724976 0.000000 2492.262939 0.000000 0.799631 0.000000 -0.600492 2.509956 2.509956 2.509956
1976.283325 0.000000 2494.398193 0.000000 0.988970 0.000000 -0.148118 2.509956 2.509956 2.509956
1978.859131 0.000000 2496.776123 0.000000 -0.816583 0.000000 0.577228 2.509956 2.509956 2.509956
1972.364258 0.000000 2495.262939 0.000000 -0.318400 0.000000 0.947956 2.509956 2.509956 2.509956
1970.528198 0.000000 2496.136230 0.000000 -0.783264 -0.000000 -0.621689 2.509956 2.509956 2.509956
1971.094116 0.000000 2492.300781 0.000000 0.990477 0.000000 0.137677 2.509956 2.509956 2.509956
1974.893555 0.000000 2493.108643 0.000000 -0.391530 0.000000 -0.920165 2.509956 2.509956 2.509956
1974.034546 0.000000 2497.373535 0.000000 0.999916 0.000000 0.012985 2.509956 2.509956 2.509956
1971.308228 0.000000 2494.571777 0.000000 0.686222 0.000000 -0.727392 2.509956 2.509956 2.509956
1973.774536 0.000000 2494.755859 0.000000 -0.995881 0.000000 0.090675 2.509956 2.509956 2.509956
1975.502319 0.000000 2495.908447 0.000000 0.980335 0.000000 -0.197338 2.509956 2.509956 2.509956
1972.781250 0.000000 2492.386230 0.000000 0.451009 0.000000 -0.892519 2.509956 2.509956 2.509956
1969.671021 0.000000 2494.499756 0.000000 -0.999761 0.000000 0.021879 2.509956 2.509956 2.509956
1971.969604 0.000000 2497.028809 0.000000 -0.919963 0.000000 0.392005 2.509956 2.509956 2.509956
1969.226685 0.000000 2492.479736 0.000000 -0.394915 -0.000000 -0.918718 2.509956 2.509956 2.509956
1969.709839 0.000000 2490.372070 0.000000 -0.786063 -0.000000 -0.618146 2.509956 2.509956 2.509956
1982.624268 0.000000 2486.555420 0.000000 0.012960 -0.000000 -0.999916 2.509956 2.509956 2.509956
1979.095825 0.000000 2488.633545 0.000000 -0.171500 0.000000 0.985184 2.509956 2.509956 2.509956
1977.579468 0.000000 2489.946289 0.000000 -0.272635 -0.000000 -0.962118 2.509956 2.509956 2.509956
1976.918701 0.000000 2485.867676 0.000000 0.340855 0.000000 0.940116 2.509956 2.509956 2.509956
1980.683105 0.000000 2485.566650 0.000000 0.266112 0.000000 0.963942 2.509956 2.509956 2.509956
1981.119873 0.000000 2489.933350 0.000000 -0.824718 0.000000 0.565544 2.509956 2.509956 2.509956
1977.687744 0.000000 2488.103760 0.000000 0.930919 0.000000 0.365225 2.509956 2.509956 2.509956
1980.292725 0.000000 2487.585693 0.000000 -0.239860 0.000000 0.970808 2.509956 2.509956 2.509956
1982.147095 0.000000 2488.176025 0.000000 0.372971 -0.000000 -0.927843 2.509956 2.509956 2.509956
1978.482422 0.000000 2485.630615 0.000000 -0.789962 0.000000 0.613155 2.509956 2.509956 2.509956
1975.940186 0.000000 2488.622559 0.000000 -0.978434 0.000000 0.206558 2.509956 2.509956 2.509956
1978.985229 0.000000 2490.204346 0.000000 -0.997821 0.000000 -0.065975 2.509956 2.509956 2.509956
1971.831543 0.000000 2485.467285 0.000000 0.996905 0.000000 -0.078622 2.509956 2.509956 2.509956
1970.451416 0.000000 2484.364502 0.000000 -0.347585 0.000000 0.937649 2.509956 2.509956 2.509956
1974.270264 0.000000 2483.139160 0.000000 -0.950003 0.000000 -0.312241 2.509956 2.509956 2.509956
1975.142090 0.000000 2487.005127 0.000000 -0.752756 0.000000 0.658299 2.509956 2.509956 2.509956
1971.046265 0.000000 2487.747803 0.000000 -0.305317 0.000000 0.952250 2.509956 2.509956 2.509956
1972.345947 0.000000 2484.042236 0.000000 -0.471115 -0.000000 -0.882072 2.509956 2.509956 2.509956
1973.017944 0.000000 2486.806641 0.000000 0.780193 0.000000 -0.625539 2.509956 2.509956 2.509956
1972.649292 0.000000 2488.527588 0.000000 0.037732 0.000000 -0.999288 2.509956 2.509956 2.509956
1975.048706 0.000000 2484.709473 0.000000 -0.553877 0.000000 0.832599 2.509956 2.509956 2.509956
1971.881592 0.000000 2482.550293 0.000000 -0.032099 -0.000000 -0.999485 2.509956 2.509956 2.509956
1970.582153 0.000000 2485.937988 0.000000 -0.548607 0.000000 0.836080 2.509956 2.509956 2.509956
1965.682251 0.000000 2484.043457 0.000000 -0.995318 0.000000 0.096657 2.509956 2.509956 2.509956
1964.272461 0.000000 2482.731445 0.000000 -0.960916 0.000000 0.276840 2.509956 2.509956 2.509956
1968.228027 0.000000 2481.369141 0.000000 -0.341542 -0.000000 -0.939867 2.509956 2.509956 2.509956
1968.722656 0.000000 2485.361328 0.000000 0.432596 0.000000 -0.901588 2.509956 2.509956 2.509956
1964.735107 0.000000 2486.214844 0.000000 -0.767921 0.000000 0.640544 2.509956 2.509956 2.509956
1966.245239 0.000000 2482.528320 0.000000 0.934928 0.000000 0.354836 2.509956 2.509956 2.509956
1966.623047 0.000000 2485.095947 0.000000 0.840642 0.000000 0.541592 2.509956 2.509956 2.509956
1966.547485 0.000000 2486.970947 0.000000 0.391753 0.000000 0.920070 2.509956 2.509956 2.509956
1968.756592 0.000000 2483.336182 0.000000 -0.281438 0.000000 0.959579 2.509956 2.509956 2.509956
1965.409546 0.000000 2481.246582 0.000000 0.994711 0.000000 0.102713 2.509956 2.509956 2.509956
1955.200195 0.000000 2463.025635 0.000000 -0.995261 0.000000 -0.097235 2.509956 2.509956 2.509956
1964.178833 0.000000 2484.394287 0.000000 0.750435 0.000000 -0.660944 2.509956 2.509956 2.509956
1962.633789 0.000000 2477.626221 0.000000 -0.493716 0.000000 0.869624 2.509956 2.509956 2.509956
1961.352661 0.000000 2476.214600 0.000000 0.259049 -0.000000 -0.965864 2.509956 2.509956 2.509956
1965.309692 0.000000 2475.146240 0.000000 0.234341 -0.000000 -0.972154 2.509956 2.509956 2.509956
1956.569580 0.000000 2461.375488 0.000000 -0.311691 -0.000000 -0.950183 2.509956 2.509956 2.509956
1954.949951 0.000000 2464.520996 0.000000 0.997369 0.000000 -0.072490 2.509956 2.509956 2.509956
1951.058960 0.000000 2465.140381 0.000000 0.223171 -0.000000 -0.974779 2.509956 2.509956 2.509956
1951.461182 0.000000 2463.468994 0.000000 0.916664 0.000000 0.399658 2.509956 2.509956 2.509956
1965.761353 0.000000 2479.101562 0.000000 0.784586 0.000000 -0.620020 2.509956 2.509956 2.509956
1961.667969 0.000000 2479.822510 0.000000 0.443182 0.000000 0.896431 2.509956 2.509956 2.509956
1948.503540 0.000000 2464.827393 0.000000 0.184057 0.000000 0.982916 2.509956 2.509956 2.509956
1950.279175 0.000000 2466.425293 0.000000 0.324654 0.000000 0.945833 2.509956 2.509956 2.509956
1948.043457 0.000000 2466.846436 0.000000 -0.951297 0.000000 0.308275 2.509956 2.509956 2.509956
1963.147095 0.000000 2476.154297 0.000000 -0.095671 0.000000 0.995413 2.509956 2.509956 2.509956
1950.043335 0.000000 2463.574707 0.000000 0.354404 0.000000 0.935092 2.509956 2.509956 2.509956
1946.001221 0.000000 2461.048096 0.000000 -0.868316 0.000000 0.496012 2.509956 2.509956 2.509956
1946.891113 0.000000 2459.226562 0.000000 -0.003384 0.000000 0.999994 2.509956 2.509956 2.509956
1949.105713 0.000000 2462.580078 0.000000 -0.752132 0.000000 0.659012 2.509956 2.509956 2.509956
1945.478882 0.000000 2464.585693 0.000000 -0.929917 0.000000 0.367769 2.509956 2.509956 2.509956
1943.553833 0.000000 2460.967529 0.000000 0.548762 0.000000 -0.835978 2.509956 2.509956 2.509956
1947.442505 0.000000 2460.904785 0.000000 -0.282111 -0.000000 -0.959382 2.509956 2.509956 2.509956
1945.291260 0.000000 2462.430908 0.000000 0.862998 0.000000 -0.505207 2.509956 2.509956 2.509956
1943.233032 0.000000 2462.872559 0.000000 -0.888031 0.000000 0.459783 2.509956 2.509956 2.509956
1947.541992 0.000000 2463.683105 0.000000 0.914657 0.000000 0.404231 2.509956 2.509956 2.509956
1948.434326 0.000000 2459.915527 0.000000 -0.997685 0.000000 0.068005 2.509956 2.509956 2.509956
1945.175781 0.000000 2459.766357 0.000000 0.577971 0.000000 -0.816057 2.509956 2.509956 2.509956
1936.989990 0.000000 2468.568115 0.000000 -0.627019 -0.000000 -0.779004 2.509956 2.509956 2.509956
1937.711670 0.000000 2466.726318 0.000000 0.677963 0.000000 0.735096 2.509956 2.509956 2.509956
1939.956543 0.000000 2470.142822 0.000000 0.119049 -0.000000 -0.992888 2.509956 2.509956 2.509956
1963.862427 0.000000 2478.538086 0.000000 -0.196245 0.000000 0.980555 2.509956 2.509956 2.509956
1934.395386 0.000000 2468.120605 0.000000 0.546721 0.000000 0.837315 2.509956 2.509956 2.509956
1938.423706 0.000000 2468.641602 0.000000 -0.343314 -0.000000 -0.939221 2.509956 2.509956 2.509956
1936.291748 0.000000 2470.019775 0.000000 0.412221 0.000000 -0.911084 2.509956 2.509956 2.509956
1934.107178 0.000000 2470.194824 0.000000 0.930910 0.000000 -0.365248 2.509956 2.509956 2.509956
1963.431274 0.000000 2480.650391 0.000000 0.258901 -0.000000 -0.965904 2.509956 2.509956 2.509956
1939.720825 0.000000 2467.458252 0.000000 0.169848 0.000000 0.985470 2.509956 2.509956 2.509956
1936.193481 0.000000 2466.986572 0.000000 0.009942 0.000000 0.999951 2.509956 2.509956 2.509956
1938.979370 0.000000 2461.669678 0.000000 0.760626 0.000000 -0.649190 2.509956 2.509956 2.509956
1939.994507 0.000000 2459.906250 0.000000 -0.468495 0.000000 0.883466 2.509956 2.509956 2.509956
1942.003174 0.000000 2463.176025 0.000000 0.384237 0.000000 0.923235 2.509956 2.509956 2.509956
1938.690796 0.000000 2465.191406 0.000000 -0.913650 0.000000 0.406503 2.509956 2.509956 2.509956
1936.521973 0.000000 2461.285889 0.000000 -0.383137 -0.000000 -0.923692 2.509956 2.509956 2.509956
1940.582275 0.000000 2461.815918 0.000000 -0.421745 -0.000000 -0.906714 2.509956 2.509956 2.509956
1938.184204 0.000000 2462.950684 0.000000 -0.999982 0.000000 0.005987 2.509956 2.509956 2.509956
1936.544434 0.000000 2463.360107 0.000000 -0.624332 0.000000 0.781159 2.509956 2.509956 2.509956
1940.832886 0.000000 2464.231201 0.000000 0.210302 0.000000 0.977637 2.509956 2.509956 2.509956
1941.718750 0.000000 2460.560791 0.000000 0.984608 0.000000 0.174777 2.509956 2.509956 2.509956
1938.275391 0.000000 2460.190918 0.000000 -0.993829 0.000000 0.110919 2.509956 2.509956 2.509956
1932.230103 0.000000 2463.590820 0.000000 0.949211 0.000000 -0.314641 2.509956 2.509956 2.509956
1932.999634 0.000000 2461.537354 0.000000 0.740445 0.000000 0.672117 2.509956 2.509956 2.509956
1935.379639 0.000000 2465.008789 0.000000 -0.132748 0.000000 0.991150 2.509956 2.509956 2.509956
1965.662354 0.000000 2476.917236 0.000000 0.513765 0.000000 -0.857931 2.509956 2.509956 2.509956
1962.432007 0.000000 2474.682129 0.000000 -0.517217 -0.000000 -0.855854 2.509956 2.509956 2.509956
1933.817871 0.000000 2463.685059 0.000000 0.004550 -0.000000 -0.999990 2.509956 2.509956 2.509956
1961.144165 0.000000 2477.930176 0.000000 0.919607 0.000000 -0.392841 2.509956 2.509956 2.509956
1956.858032 0.000000 2478.320801 0.000000 0.948312 0.000000 0.317339 2.509956 2.509956 2.509956
1934.059082 0.000000 2466.140625 0.000000 -0.912537 0.000000 0.408994 2.509956 2.509956 2.509956
1934.880737 0.000000 2462.356934 0.000000 -0.585991 -0.000000 -0.810318 2.509956 2.509956 2.509956
1957.442261 0.000000 2476.708252 0.000000 -0.939049 0.000000 -0.343783 2.509956 2.509956 2.509956
1959.940308 0.000000 2480.030273 0.000000 0.048409 0.000000 0.998828 2.509956 2.509956 2.509956
1956.484619 0.000000 2481.632568 0.000000 0.709552 0.000000 0.704653 2.509956 2.509956 2.509956
1954.534912 0.000000 2478.217529 0.000000 -0.186735 -0.000000 -0.982410 2.509956 2.509956 2.509956
1958.265625 0.000000 2478.621826 0.000000 -0.998470 0.000000 0.055307 2.509956 2.509956 2.509956
1956.274902 0.000000 2479.752930 0.000000 -0.073845 -0.000000 -0.997270 2.509956 2.509956 2.509956
1954.246216 0.000000 2480.135498 0.000000 0.982664 0.000000 -0.185394 2.509956 2.509956 2.509956
1958.535034 0.000000 2480.905273 0.000000 0.287795 -0.000000 -0.957692 2.509956 2.509956 2.509956
1959.360596 0.000000 2477.274170 0.000000 -0.939432 0.000000 -0.342736 2.509956 2.509956 2.509956
1956.156860 0.000000 2477.076904 0.000000 -0.317662 0.000000 0.948204 2.509956 2.509956 2.509956
1952.096436 0.000000 2474.308105 0.000000 -0.430336 0.000000 0.902669 2.509956 2.509956 2.509956
1952.800415 0.000000 2472.601318 0.000000 -0.912307 0.000000 0.409506 2.509956 2.509956 2.509956
1955.105225 0.000000 2475.977295 0.000000 -0.434274 0.000000 0.900781 2.509956 2.509956 2.509956
1951.463379 0.000000 2477.723633 0.000000 -0.927639 0.000000 -0.373478 2.509956 2.509956 2.509956
1949.497070 0.000000 2474.091797 0.000000 -0.321732 -0.000000 -0.946831 2.509956 2.509956 2.509956
1953.399780 0.000000 2474.246582 0.000000 -0.046656 0.000000 0.998911 2.509956 2.509956 2.509956
1951.176758 0.000000 2475.806885 0.000000 0.683463 0.000000 -0.729985 2.509956 2.509956 2.509956
1949.294189 0.000000 2475.895752 0.000000 0.930230 0.000000 0.366978 2.509956 2.509956 2.509956
1953.499878 0.000000 2476.761963 0.000000 0.997097 0.000000 0.076141 2.509956 2.509956 2.509956
1954.756836 0.000000 2473.040039 0.000000 -0.032953 0.000000 0.999457 2.509956 2.509956 2.509956
1951.374756 0.000000 2473.000977 0.000000 0.667403 0.000000 -0.744697 2.509956 2.509956 2.509956
1942.961426 0.000000 2481.687256 0.000000 0.097421 -0.000000 -0.995243 2.509956 2.509956 2.509956
1943.673828 0.000000 2479.908691 0.000000 0.466326 0.000000 -0.884613 2.509956 2.509956 2.509956
1945.952393 0.000000 2483.381104 0.000000 -0.004407 0.000000 0.999990 2.509956 2.509956 2.509956
1942.550903 0.000000 2485.147461 0.000000 -0.937657 0.000000 0.347562 2.509956 2.509956 2.509956
1940.593994 0.000000 2481.433594 0.000000 -0.111731 0.000000 0.993738 2.509956 2.509956 2.509956
1944.654175 0.000000 2481.874023 0.000000 0.198471 -0.000000 -0.980107 2.509956 2.509956 2.509956
1942.023804 0.000000 2483.020752 0.000000 -0.783289 -0.000000 -0.621657 2.509956 2.509956 2.509956
1940.350708 0.000000 2483.391846 0.000000 -0.131254 -0.000000 -0.991349 2.509956 2.509956 2.509956
1944.686157 0.000000 2484.527344 0.000000 0.473358 0.000000 -0.880870 2.509956 2.509956 2.509956
1945.570923 0.000000 2480.513428 0.000000 0.623175 0.000000 0.782083 2.509956 2.509956 2.509956
1942.085815 0.000000 2480.354248 0.000000 0.376735 0.000000 0.926321 2.509956 2.509956 2.509956
1944.996094 0.000000 2474.926270 0.000000 0.690097 0.000000 0.723717 2.509956 2.509956 2.509956
1945.641846 0.000000 2473.165039 0.000000 -0.936877 0.000000 -0.349660 2.509956 2.509956 2.509956
1948.099121 0.000000 2476.531738 0.000000 0.873190 0.000000 0.487379 2.509956 2.509956 2.509956
1944.659302 0.000000 2478.283936 0.000000 0.997466 0.000000 -0.071148 2.509956 2.509956 2.509956
1942.537720 0.000000 2474.753174 0.000000 -0.053763 -0.000000 -0.998554 2.509956 2.509956 2.509956
1946.485352 0.000000 2474.853760 0.000000 -0.466353 -0.000000 -0.884599 2.509956 2.509956 2.509956
1944.374756 0.000000 2476.129150 0.000000 -0.205919 0.000000 0.978569 2.509956 2.509956 2.509956
1942.334106 0.000000 2476.539307 0.000000 -0.860625 0.000000 0.509240 2.509956 2.509956 2.509956
1946.787231 0.000000 2477.520264 0.000000 -0.408795 -0.000000 -0.912626 2.509956 2.509956 2.509956
1947.826904 0.000000 2473.731201 0.000000 0.359419 0.000000 0.933176 2.509956 2.509956 2.509956
1944.263916 0.000000 2473.480225 0.000000 0.773832 0.000000 -0.633391 2.509956 2.509956 2.509956
1941.420044 0.000000 2478.256348 0.000000 0.981811 0.000000 0.189862 2.509956 2.509956 2.509956
1940.102661 0.000000 2479.268555 0.000000 0.470148 0.000000 0.882588 2.509956 2.509956 2.509956
1941.100464 0.000000 2475.765381 0.000000 0.356860 -0.000000 -0.934158 2.509956 2.509956 2.509956
1980.647705 0.000000 2505.128906 0.000000 0.701419 0.000000 0.712749 2.509956 2.509956 2.509956
1979.498901 0.000000 2506.621582 0.000000 0.667855 0.000000 0.744291 2.509956 2.509956 2.509956
1978.625244 0.000000 2502.588379 0.000000 -0.427255 0.000000 0.904131 2.509956 2.509956 2.509956
1982.544556 0.000000 2502.312500 0.000000 -0.837217 0.000000 0.546871 2.509956 2.509956 2.509956
1982.932617 0.000000 2506.402832 0.000000 -0.855204 -0.000000 -0.518291 2.509956 2.509956 2.509956
1979.440308 0.000000 2504.673584 0.000000 -0.967553 0.000000 0.252668 2.509956 2.509956 2.509956
1981.888184 0.000000 2504.417725 0.000000 0.604225 0.000000 -0.796814 2.509956 2.509956 2.509956
1980.308594 0.000000 2502.123535 0.000000 -0.160146 -0.000000 -0.987093 2.509956 2.509956 2.509956
1977.813354 0.000000 2505.301270 0.000000 -0.706300 -0.000000 -0.707913 2.509956 2.509956 2.509956
1980.827637 0.000000 2506.708496 0.000000 -0.962447 0.000000 -0.271471 2.509956 2.509956 2.509956
1973.930420 0.000000 2502.113770 0.000000 0.118273 -0.000000 -0.992981 2.509956 2.509956 2.509956
1972.253418 0.000000 2500.941162 0.000000 0.997660 0.000000 0.068378 2.509956 2.509956 2.509956
1976.189697 0.000000 2499.928711 0.000000 0.844063 0.000000 -0.536244 2.509956 2.509956 2.509956
1976.651001 0.000000 2503.709229 0.000000 0.953666 0.000000 0.300868 2.509956 2.509956 2.509956
1972.815186 0.000000 2504.515381 0.000000 -0.954697 0.000000 -0.297578 2.509956 2.509956 2.509956
1974.084106 0.000000 2500.858643 0.000000 0.963569 0.000000 0.267460 2.509956 2.509956 2.509956
1974.672241 0.000000 2503.335205 0.000000 0.939409 0.000000 0.342799 2.509956 2.509956 2.509956
1974.425537 0.000000 2505.153809 0.000000 -0.994148 0.000000 0.108029 2.509956 2.509956 2.509956
1976.572754 0.000000 2501.344238 0.000000 -0.579189 -0.000000 -0.815194 2.509956 2.509956 2.509956
1973.405029 0.000000 2499.285889 0.000000 0.585381 0.000000 0.810758 2.509956 2.509956 2.509956
1972.362305 0.000000 2502.333740 0.000000 0.378072 -0.000000 -0.925776 2.509956 2.509956 2.509956
1967.468018 0.000000 2500.759521 0.000000 0.744986 0.000000 -0.667080 2.509956 2.509956 2.509956
1966.095459 0.000000 2499.297607 0.000000 -0.524320 -0.000000 -0.851521 2.509956 2.509956 2.509956
1969.770874 0.000000 2498.167969 0.000000 -0.874921 -0.000000 -0.484266 2.509956 2.509956 2.509956
1970.451172 0.000000 2501.851074 0.000000 -0.860002 -0.000000 -0.510290 2.509956 2.509956 2.509956
1966.465210 0.000000 2502.767578 0.000000 -0.951279 0.000000 -0.308333 2.509956 2.509956 2.509956
1968.066528 0.000000 2499.245605 0.000000 0.483088 0.000000 0.875572 2.509956 2.509956 2.509956
1968.489624 0.000000 2501.601318 0.000000 0.995403 0.000000 0.095775 2.509956 2.509956 2.509956
1968.214478 0.000000 2503.491699 0.000000 -0.829853 -0.000000 -0.557982 2.509956 2.509956 2.509956
1970.593506 0.000000 2499.755127 0.000000 0.125159 0.000000 0.992137 2.509956 2.509956 2.509956
1967.400879 0.000000 2497.649902 0.000000 0.253246 -0.000000 -0.967402 2.509956 2.509956 2.509956
1965.774292 0.000000 2500.853027 0.000000 -0.892805 -0.000000 -0.450443 2.509956 2.509956 2.509956
1964.298950 0.000000 2494.120605 0.000000 0.579269 0.000000 0.815136 2.509956 2.509956 2.509956
1962.932373 0.000000 2493.060059 0.000000 0.967314 0.000000 -0.253583 2.509956 2.509956 2.509956
1967.094238 0.000000 2491.703369 0.000000 0.005154 -0.000000 -0.999987 2.509956 2.509956 2.509956
1967.328003 0.000000 2495.540283 0.000000 -0.995139 0.000000 0.098484 2.509956 2.509956 2.509956
1963.460327 0.000000 2496.386475 0.000000 -0.687183 0.000000 0.726485 2.509956 2.509956 2.509956
1965.136841 0.000000 2492.790527 0.000000 -0.509231 0.000000 0.860630 2.509956 2.509956 2.509956
1965.319458 0.000000 2495.067139 0.000000 -0.850689 -0.000000 -0.525670 2.509956 2.509956 2.509956
1965.076416 0.000000 2497.028320 0.000000 0.910655 0.000000 0.413167 2.509956 2.509956 2.509956
1967.301514 0.000000 2493.566162 0.000000 -0.906881 0.000000 0.421388 2.509956 2.509956 2.509956
1964.250366 0.000000 2491.464844 0.000000 -0.890438 0.000000 0.455105 2.509956 2.509956 2.509956
1962.897583 0.000000 2494.208008 0.000000 0.761149 0.000000 0.648577 2.509956 2.509956 2.509956
1958.670166 0.000000 2495.009521 0.000000 0.979539 0.000000 0.201255 2.509956 2.509956 2.509956
1959.465942 0.000000 2493.166260 0.000000 0.638870 0.000000 0.769315 2.509956 2.509956 2.509956
1961.846313 0.000000 2496.545410 0.000000 0.371777 -0.000000 -0.928322 2.509956 2.509956 2.509956
1958.207520 0.000000 2498.495361 0.000000 -0.360460 0.000000 0.932775 2.509956 2.509956 2.509956
1956.268677 0.000000 2494.783447 0.000000 -0.455680 0.000000 0.890143 2.509956 2.509956 2.509956
1960.117310 0.000000 2495.269287 0.000000 0.943704 0.000000 -0.330790 2.509956 2.509956 2.509956
1957.844482 0.000000 2496.458252 0.000000 0.961378 0.000000 0.275233 2.509956 2.509956 2.509956
1955.893799 0.000000 2496.842773 0.000000 -0.979410 0.000000 0.201880 2.509956 2.509956 2.509956
1960.313232 0.000000 2497.590576 0.000000 -0.632537 0.000000 0.774530 2.509956 2.509956 2.509956
1961.407837 0.000000 2493.794189 0.000000 -0.528329 -0.000000 -0.849040 2.509956 2.509956 2.509956
1957.894287 0.000000 2493.725098 0.000000 -0.998958 0.000000 0.045629 2.509956 2.509956 2.509956
1953.851440 0.000000 2490.798828 0.000000 -0.103089 -0.000000 -0.994672 2.509956 2.509956 2.509956
1954.477417 0.000000 2488.974609 0.000000 0.726007 0.000000 0.687687 2.509956 2.509956 2.509956
1956.740967 0.000000 2492.571777 0.000000 -0.576649 0.000000 0.816992 2.509956 2.509956 2.509956
1953.230835 0.000000 2494.406982 0.000000 -0.706254 0.000000 0.707959 2.509956 2.509956 2.509956
1951.159424 0.000000 2490.785645 0.000000 -0.944681 0.000000 -0.327992 2.509956 2.509956 2.509956
1955.105957 0.000000 2491.007812 0.000000 -0.784801 -0.000000 -0.619747 2.509956 2.509956 2.509956
1953.092896 0.000000 2492.122314 0.000000 0.112248 0.000000 0.993680 2.509956 2.509956 2.509956
1950.883667 0.000000 2492.659180 0.000000 -0.976816 0.000000 0.214078 2.509956 2.509956 2.509956
1955.593750 0.000000 2493.478760 0.000000 0.118594 -0.000000 -0.992943 2.509956 2.509956 2.509956
1956.447021 0.000000 2489.795410 0.000000 0.935933 0.000000 -0.352177 2.509956 2.509956 2.509956
1953.013794 0.000000 2489.712891 0.000000 0.648306 0.000000 -0.761380 2.509956 2.509956 2.509956
1944.829224 0.000000 2498.442871 0.000000 0.349291 0.000000 0.937014 2.509956 2.509956 2.509956
1945.454468 0.000000 2496.605713 0.000000 0.443344 0.000000 0.896352 2.509956 2.509956 2.509956
1947.676758 0.000000 2499.893311 0.000000 -0.947993 0.000000 -0.318291 2.509956 2.509956 2.509956
1944.238647 0.000000 2501.843750 0.000000 -0.989846 0.000000 -0.142146 2.509956 2.509956 2.509956
1942.189575 0.000000 2498.197021 0.000000 0.352331 0.000000 0.935875 2.509956 2.509956 2.509956
1946.220581 0.000000 2498.443604 0.000000 0.997451 0.000000 -0.071353 2.509956 2.509956 2.509956
1943.908813 0.000000 2499.782715 0.000000 0.563964 0.000000 0.825799 2.509956 2.509956 2.509956
1942.018433 0.000000 2499.796631 0.000000 0.716925 0.000000 0.697151 2.509956 2.509956 2.509956
1946.383423 0.000000 2500.957520 0.000000 0.283439 -0.000000 -0.958990 2.509956 2.509956 2.509956
1947.169434 0.000000 2497.331543 0.000000 -0.999770 0.000000 -0.021424 2.509956 2.509956 2.509956
1943.799683 0.000000 2496.985840 0.000000 0.993427 0.000000 -0.114467 2.509956 2.509956 2.509956
1946.798828 0.000000 2491.520752 0.000000 -0.496659 0.000000 0.867946 2.509956 2.509956 2.509956
1947.777832 0.000000 2489.778320 0.000000 0.237056 -0.000000 -0.971496 2.509956 2.509956 2.509956
1950.058472 0.000000 2493.092773 0.000000 0.012951 0.000000 0.999916 2.509956 2.509956 2.509956
1946.372925 0.000000 2494.893555 0.000000 -0.771566 0.000000 0.636149 2.509956 2.509956 2.509956
1944.257812 0.000000 2491.524658 0.000000 0.890402 0.000000 -0.455175 2.509956 2.509956 2.509956
1948.219116 0.000000 2491.739502 0.000000 -0.610451 0.000000 0.792054 2.509956 2.509956 2.509956
1946.093262 0.000000 2493.067871 0.000000 0.778150 0.000000 -0.628078 2.509956 2.509956 2.509956
1944.192871 0.000000 2493.319824 0.000000 0.351562 -0.000000 -0.936165 2.509956 2.509956 2.509956
1948.564087 0.000000 2494.237549 0.000000 -0.037692 -0.000000 -0.999290 2.509956 2.509956 2.509956
1949.465820 0.000000 2490.559570 0.000000 -0.429969 0.000000 0.902844 2.509956 2.509956 2.509956
1946.048706 0.000000 2490.089111 0.000000 0.930808 0.000000 -0.365508 2.509956 2.509956 2.509956
1940.279907 0.000000 2493.278564 0.000000 0.412363 0.000000 0.911020 2.509956 2.509956 2.509956
1941.080566 0.000000 2491.600342 0.000000 0.537381 0.000000 -0.843340 2.509956 2.509956 2.509956
1943.004272 0.000000 2494.906982 0.000000 -0.983601 0.000000 -0.180356 2.509956 2.509956 2.509956
1939.601807 0.000000 2496.598145 0.000000 0.610209 0.000000 0.792241 2.509956 2.509956 2.509956
1937.650879 0.000000 2493.138184 0.000000 0.913670 0.000000 -0.406457 2.509956 2.509956 2.509956
1941.503540 0.000000 2493.439697 0.000000 0.998259 0.000000 -0.058981 2.509956 2.509956 2.509956
1939.379150 0.000000 2494.698730 0.000000 0.566561 0.000000 -0.824020 2.509956 2.509956 2.509956
1937.520020 0.000000 2494.832520 0.000000 0.441609 0.000000 0.897208 2.509956 2.509956 2.509956
1941.780396 0.000000 2496.108398 0.000000 -0.999786 0.000000 -0.020687 2.509956 2.509956 2.509956
1942.823730 0.000000 2492.248047 0.000000 0.859450 0.000000 0.511220 2.509956 2.509956 2.509956
1939.398560 0.000000 2491.822266 0.000000 0.026791 0.000000 0.999641 2.509956 2.509956 2.509956
1981.362549 0.000000 2475.954346 0.000000 -0.696710 0.000000 0.717353 2.509956 2.509956 2.509956
1978.950317 0.000000 2472.450439 0.000000 -0.034781 -0.000000 -0.999395 2.509956 2.509956 2.509956
1980.417480 0.000000 2464.645752 0.000000 -0.872078 0.000000 -0.489367 2.509956 2.509956 2.509956
1980.186401 0.000000 2468.093018 0.000000 -0.476892 0.000000 -0.878962 2.509956 2.509956 2.509956
1977.896729 0.000000 2464.474121 0.000000 0.926647 0.000000 -0.375933 2.509956 2.509956 2.509956
1979.788818 0.000000 2466.000000 0.000000 -0.985037 0.000000 -0.172342 2.509956 2.509956 2.509956
1977.957642 0.000000 2466.372314 0.000000 0.338346 0.000000 -0.941022 2.509956 2.509956 2.509956
1983.043701 0.000000 2463.228760 0.000000 -0.999819 0.000000 -0.019021 2.509956 2.509956 2.509956
1979.489136 0.000000 2463.371582 0.000000 -0.077608 0.000000 -0.996984 2.509956 2.509956 2.509956
1982.565552 0.000000 2459.622314 0.000000 -0.789100 0.000000 0.614264 2.509956 2.509956 2.509956
1934.021118 0.000000 2427.534912 0.000000 0.998580 0.000000 0.053276 2.509956 2.509956 2.509956
1982.708008 0.000000 2461.465576 0.000000 -0.614139 0.000000 -0.789198 2.509956 2.509956 2.509956
2012.228149 0.000000 2448.552490 0.000000 -0.989727 0.000000 0.142967 2.509956 2.509956 2.509956
2017.233643 0.000000 2439.938477 0.000000 0.907615 0.000000 0.419804 2.509956 2.509956 2.509956
2017.764038 0.000000 2438.117188 0.000000 -0.785343 0.000000 -0.619061 2.509956 2.509956 2.509956
2020.206543 0.000000 2441.373535 0.000000 -0.250465 0.000000 -0.968126 2.509956 2.509956 2.509956
2014.720459 0.000000 2439.955322 -0.000000 -0.835151 0.000000 0.550021 2.509956 2.509956 2.509956
2018.601440 0.000000 2439.898926 0.000000 -0.882896 0.000000 0.469568 2.509956 2.509956 2.509956
2019.045410 0.000000 2442.622559 0.000000 0.940087 0.000000 0.340935 2.509956 2.509956 2.509956
2019.843140 0.000000 2438.819580 0.000000 0.954795 0.000000 -0.297264 2.509956 2.509956 2.509956
2016.174561 0.000000 2438.859863 0.000000 -0.987166 0.000000 -0.159700 2.509956 2.509956 2.509956
2021.536743 0.000000 2439.776855 0.000000 0.920755 0.000000 0.390141 2.509956 2.509956 2.509956
2036.179077 0.000000 2446.767090 0.000000 0.142244 -0.000000 -0.989832 2.509956 2.509956 2.509956
2022.508179 0.000000 2441.599854 0.000000 0.311240 0.000000 0.950331 2.509956 2.509956 2.509956
1995.864746 0.000000 2448.121826 0.000000 0.997377 0.000000 -0.072384 2.509956 2.509956 2.509956
1996.384766 0.000000 2446.245361 0.000000 -0.270978 0.000000 0.962586 2.509956 2.509956 2.509956
1998.758301 0.000000 2449.412842 0.000000 -0.255508 0.000000 -0.966807 2.509956 2.509956 2.509956
1993.099243 0.000000 2447.956543 0.000000 -0.374172 0.000000 -0.927359 2.509956 2.509956 2.509956
1997.112183 0.000000 2447.921143 0.000000 -0.935969 0.000000 -0.352081 2.509956 2.509956 2.509956
1995.162964 0.000000 2449.611572 0.000000 0.468232 0.000000 0.883606 2.509956 2.509956 2.509956
1998.213989 0.000000 2446.865967 0.000000 0.406271 0.000000 0.913752 2.509956 2.509956 2.509956
1994.859131 0.000000 2446.720459 0.000000 0.716867 0.000000 0.697210 2.509956 2.509956 2.509956
1999.943115 0.000000 2447.817871 0.000000 -0.694937 0.000000 0.719070 2.509956 2.509956 2.509956
2001.065674 0.000000 2449.707764 0.000000 -0.266629 0.000000 0.963799 2.509956 2.509956 2.509956
1943.502319 0.000000 2349.831299 0.000000 -0.776626 0.000000 0.629963 0.892640 0.892640 0.892640
1936.375244 0.000000 2423.062256 0.000000 -0.697212 0.000000 0.716865 2.509956 2.509956 2.509956
1930.444702 0.000000 2421.493408 0.000000 -0.536159 0.000000 0.844117 2.509956 2.509956 2.509956
1929.509644 0.000000 2419.708740 0.000000 0.464024 0.000000 0.885823 2.509956 2.509956 2.509956
1933.064575 0.000000 2423.910400 0.000000 -0.650522 0.000000 0.759487 2.509956 2.509956 2.509956
1929.034668 0.000000 2423.478760 0.000000 0.094824 0.000000 -0.995494 2.509956 2.509956 2.509956
1931.204346 0.000000 2420.176025 0.000000 -0.697505 0.000000 -0.716579 2.509956 2.509956 2.509956
1931.187378 0.000000 2422.859863 0.000000 0.527163 0.000000 -0.849764 2.509956 2.509956 2.509956
1930.388550 0.000000 2424.805908 0.000000 -0.570512 0.000000 0.821289 2.509956 2.509956 2.509956
1933.495605 0.000000 2421.640625 0.000000 0.997567 0.000000 -0.069722 2.509956 2.509956 2.509956
1930.867310 0.000000 2418.812012 0.000000 -0.850441 0.000000 0.526071 2.509956 2.509956 2.509956
1928.954102 0.000000 2421.462402 0.000000 0.129956 0.000000 -0.991520 2.509956 2.509956 2.509956
2007.672241 0.000000 2449.120361 0.000000 0.887410 0.000000 0.460981 2.509956 2.509956 2.509956
1997.631470 0.000000 2361.030029 0.000000 0.997707 0.000000 -0.067676 2.509956 2.509956 2.509956
1999.199707 0.000000 2355.016357 0.000000 -0.884508 0.000000 -0.466526 2.509956 2.509956 2.509956
1927.012573 0.000000 2427.651123 0.000000 0.369398 0.000000 -0.929271 2.509956 2.509956 2.509956
1926.158569 0.000000 2425.817627 0.000000 -0.001670 0.000000 0.999999 2.509956 2.509956 2.509956
1930.009521 0.000000 2425.941162 0.000000 0.770928 0.000000 0.636922 2.509956 2.509956 2.509956
1929.739746 0.000000 2429.861084 0.000000 -0.618048 0.000000 0.786140 2.509956 2.509956 2.509956
1925.358154 0.000000 2429.402588 0.000000 -0.770169 0.000000 -0.637840 2.509956 2.509956 2.509956
1928.083130 0.000000 2426.345215 0.000000 -0.796380 0.000000 -0.604797 2.509956 2.509956 2.509956
1927.595825 0.000000 2428.984131 0.000000 -0.881436 0.000000 0.472304 2.509956 2.509956 2.509956
1944.539795 0.000000 2348.439209 0.000000 0.466067 0.000000 0.884749 0.892640 0.892640 0.892640
1927.051270 0.000000 2430.617676 0.000000 -0.187248 0.000000 0.982313 2.509956 2.509956 2.509956
1930.227173 0.000000 2427.516357 0.000000 0.642533 0.000000 0.766258 2.509956 2.509956 2.509956
1927.619873 0.000000 2424.703613 0.000000 0.952261 0.000000 -0.305284 2.509956 2.509956 2.509956
1925.367188 0.000000 2427.361328 0.000000 -0.826990 0.000000 0.562217 2.509956 2.509956 2.509956
2004.538330 0.000000 2357.182373 0.000000 0.505781 0.000000 -0.862662 2.509956 2.509956 2.509956
2005.383911 0.000000 2353.220459 0.000000 0.624632 -0.000000 -0.780919 2.509956 2.509956 2.509956
2002.559692 0.000000 2361.571777 0.000000 0.624632 -0.000000 -0.780919 2.509956 2.509956 2.509956
2004.145996 0.000000 2354.886963 0.000000 0.624632 -0.000000 -0.780919 2.509956 2.509956 2.509956
2003.463257 0.000000 2358.808594 0.000000 0.624632 -0.000000 -0.780919 2.509956 2.509956 2.509956
2005.748413 0.000000 2449.774658 0.000000 0.697405 0.000000 -0.716677 2.509956 2.509956 2.509956
2000.842651 0.000000 2357.760498 0.000000 0.070938 -0.000000 -0.997481 2.509956 2.509956 2.509956
1997.533936 0.000000 2358.911621 0.000000 0.950667 0.000000 0.310212 2.509956 2.509956 2.509956
1995.750122 0.000000 2355.722656 0.000000 0.697342 0.000000 0.716738 2.509956 2.509956 2.509956
1996.940796 0.000000 2357.621094 0.000000 0.922036 0.000000 -0.387103 2.509956 2.509956 2.509956
1943.252808 0.000000 2425.910645 0.000000 -0.726678 0.000000 -0.686978 2.509956 2.509956 2.509956
2038.731323 0.000000 2453.456787 0.000000 0.792860 0.000000 0.609403 2.509956 2.509956 2.509956
2039.371826 0.000000 2455.231934 0.000000 0.923724 -0.000000 -0.383059 2.509956 2.509956 2.509956
2036.558594 0.000000 2450.615479 -0.000000 0.698356 0.000000 0.715751 2.509956 2.509956 2.509956
2040.530884 0.000000 2451.700195 0.000000 -0.983047 0.000000 -0.183351 2.509956 2.509956 2.509956
2037.743042 0.000000 2454.447510 0.000000 -0.776009 0.000000 0.630722 2.509956 2.509956 2.509956
2038.245361 0.000000 2451.979248 0.000000 -0.799289 0.000000 -0.600947 2.509956 2.509956 2.509956
2039.368896 0.000000 2450.208496 0.000000 0.767056 0.000000 0.641581 2.509956 2.509956 2.509956
2037.763306 0.000000 2456.006104 0.000000 0.448018 0.000000 0.894025 2.509956 2.509956 2.509956
2040.249023 0.000000 2453.704346 0.000000 -0.975952 0.000000 -0.217987 2.509956 2.509956 2.509956
1945.185181 0.000000 2348.372803 0.000000 0.180814 0.000000 0.983518 0.892640 0.892640 0.892640
1944.286865 0.000000 2349.468262 0.000000 0.953601 0.000000 0.301074 0.892640 0.892640 0.892640
1942.011841 0.000000 2427.083984 0.000000 0.753626 0.000000 0.657303 2.509956 2.509956 2.509956
2041.718628 0.000000 2440.114258 0.000000 0.561224 0.000000 -0.827664 2.509956 2.509956 2.509956
2039.170532 0.000000 2440.149902 0.000000 -0.999597 0.000000 -0.028397 2.509956 2.509956 2.509956
2040.541748 0.000000 2438.577881 0.000000 -0.696414 0.000000 -0.717640 2.509956 2.509956 2.509956
2038.510864 0.000000 2444.343994 0.000000 0.843428 0.000000 -0.537243 2.509956 2.509956 2.509956
2043.233643 0.000000 2447.993408 0.000000 -0.892568 0.000000 -0.450913 2.509956 2.509956 2.509956
2043.781250 0.000000 2449.894531 0.000000 0.995854 0.000000 0.090972 2.509956 2.509956 2.509956
2039.925537 0.000000 2448.985107 0.000000 0.703227 0.000000 -0.710965 2.509956 2.509956 2.509956
2040.896362 0.000000 2445.350830 0.000000 0.727802 0.000000 0.685787 2.509956 2.509956 2.509956
2045.118774 0.000000 2446.406494 0.000000 -0.704074 0.000000 0.710127 2.509956 2.509956 2.509956
2041.885986 0.000000 2448.930664 0.000000 -0.673503 0.000000 0.739184 2.509956 2.509956 2.509956
2042.783813 0.000000 2446.571777 0.000000 0.391697 0.000000 0.920094 2.509956 2.509956 2.509956
2043.745483 0.000000 2445.042480 0.000000 0.961665 0.000000 0.274228 2.509956 2.509956 2.509956
2040.023071 0.000000 2447.401611 0.000000 0.820579 -0.000000 -0.571533 2.509956 2.509956 2.509956
2041.979858 0.000000 2450.754150 0.000000 -0.219020 0.000000 -0.975720 2.509956 2.509956 2.509956
2044.702881 0.000000 2448.576172 0.000000 0.486113 0.000000 0.873896 2.509956 2.509956 2.509956
2047.370728 0.000000 2443.776367 0.000000 0.334029 0.000000 -0.942563 2.509956 2.509956 2.509956
2018.686035 0.000000 2449.060547 0.000000 -0.073501 0.000000 -0.997295 2.509956 2.509956 2.509956
2043.470703 0.000000 2441.384766 0.000000 0.729671 0.000000 0.683798 2.509956 2.509956 2.509956
2045.479614 0.000000 2444.510742 0.000000 -0.521156 0.000000 0.853461 2.509956 2.509956 2.509956
2020.447144 0.000000 2447.348389 0.000000 -0.834084 0.000000 0.551638 2.509956 2.509956 2.509956
2017.535156 0.000000 2449.883545 0.000000 0.436607 0.000000 0.899652 2.509956 2.509956 2.509956
2018.150635 0.000000 2447.510742 0.000000 -0.891387 0.000000 0.453244 2.509956 2.509956 2.509956
2019.298584 0.000000 2445.958496 0.000000 -0.550499 0.000000 -0.834836 2.509956 2.509956 2.509956
2015.794800 0.000000 2448.340332 0.000000 -0.994538 0.000000 0.104375 2.509956 2.509956 2.509956
2020.194458 0.000000 2449.336426 0.000000 0.997320 0.000000 -0.073161 2.509956 2.509956 2.509956
2025.025879 0.000000 2448.403564 0.000000 0.998830 0.000000 0.048358 2.509956 2.509956 2.509956
2021.725830 0.000000 2449.376709 0.000000 0.998609 0.000000 0.052719 2.509956 2.509956 2.509956
2022.891724 0.000000 2445.628174 0.000000 0.013733 0.000000 0.999906 2.509956 2.509956 2.509956
2026.899780 0.000000 2446.659668 0.000000 -0.749131 0.000000 0.662421 2.509956 2.509956 2.509956
2024.110229 0.000000 2449.331543 0.000000 0.939436 0.000000 -0.342725 2.509956 2.509956 2.509956
2024.608276 0.000000 2446.745850 0.000000 -0.937296 0.000000 -0.348535 2.509956 2.509956 2.509956
2025.716797 0.000000 2445.366211 0.000000 -0.020729 -0.000000 -0.999785 2.509956 2.509956 2.509956
2022.184204 0.000000 2447.787109 0.000000 -0.314827 0.000000 -0.949149 2.509956 2.509956 2.509956
2026.469116 0.000000 2448.852295 0.000000 -0.944664 0.000000 -0.328039 2.509956 2.509956 2.509956
2026.141602 0.000000 2436.676758 0.000000 -0.955657 0.000000 0.294481 2.509956 2.509956 2.509956
2026.948608 0.000000 2438.479248 0.000000 -0.996074 0.000000 -0.088528 2.509956 2.509956 2.509956
2022.822144 0.000000 2437.613525 0.000000 0.924116 0.000000 -0.382113 2.509956 2.509956 2.509956
2023.961060 0.000000 2434.102051 0.000000 0.682705 0.000000 0.730694 2.509956 2.509956 2.509956
2024.834595 0.000000 2437.760986 0.000000 -0.980719 0.000000 0.195426 2.509956 2.509956 2.509956
2025.731201 0.000000 2435.141113 0.000000 -0.270938 0.000000 0.962597 2.509956 2.509956 2.509956
2022.948242 0.000000 2435.960693 0.000000 -0.995337 0.000000 -0.096460 2.509956 2.509956 2.509956
2025.038452 0.000000 2439.392090 0.000000 0.480752 -0.000000 -0.876857 2.509956 2.509956 2.509956
2029.416382 0.000000 2442.916504 0.000000 0.401070 0.000000 -0.916048 2.509956 2.509956 2.509956
2030.226929 0.000000 2444.683105 -0.000000 0.039271 0.000000 0.999228 2.509956 2.509956 2.509956
2026.093750 0.000000 2444.048584 0.000000 0.112359 0.000000 -0.993668 2.509956 2.509956 2.509956
2027.326416 0.000000 2440.427246 0.000000 -0.450832 0.000000 -0.892609 2.509956 2.509956 2.509956
2028.448364 0.000000 2443.991943 0.000000 -0.635877 0.000000 0.771791 2.509956 2.509956 2.509956
2026.345215 0.000000 2442.329834 0.000000 -0.683958 0.000000 0.729522 2.509956 2.509956 2.509956
2028.322632 0.000000 2445.725342 0.000000 0.721982 0.000000 -0.691912 2.509956 2.509956 2.509956
2031.109497 0.000000 2443.473633 0.000000 -0.883094 0.000000 -0.469196 2.509956 2.509956 2.509956
2032.785522 0.000000 2436.893311 0.000000 -0.974148 0.000000 -0.225910 2.509956 2.509956 2.509956
2033.707520 0.000000 2438.815674 0.000000 -0.391521 0.000000 -0.920169 2.509956 2.509956 2.509956
2029.580444 0.000000 2438.122314 0.000000 -0.204024 0.000000 -0.978966 2.509956 2.509956 2.509956
2030.846924 0.000000 2434.205322 0.000000 0.717582 0.000000 -0.696474 2.509956 2.509956 2.509956
2034.829346 0.000000 2435.211426 0.000000 0.948622 0.000000 0.316413 2.509956 2.509956 2.509956
2031.834961 0.000000 2437.809814 0.000000 0.923280 0.000000 -0.384128 2.509956 2.509956 2.509956
2032.304688 0.000000 2435.502197 0.000000 -0.284997 0.000000 0.958528 2.509956 2.509956 2.509956
2033.480957 0.000000 2433.798584 0.000000 0.743570 0.000000 -0.668658 2.509956 2.509956 2.509956
2029.781494 0.000000 2436.347412 0.000000 0.632556 -0.000000 -0.774515 2.509956 2.509956 2.509956
2031.698120 0.000000 2439.535645 0.000000 -0.999501 0.000000 0.031579 2.509956 2.509956 2.509956
2034.290527 0.000000 2437.476318 0.000000 -0.976950 0.000000 -0.213469 2.509956 2.509956 2.509956
1979.893433 0.000000 2453.187744 0.000000 -0.242850 0.000000 0.970064 2.509956 2.509956 2.509956
1979.695190 0.000000 2451.395752 0.000000 0.600384 0.000000 0.799712 2.509956 2.509956 2.509956
1980.673218 0.000000 2456.453613 -0.000000 0.175286 0.000000 0.984517 2.509956 2.509956 2.509956
1977.172852 0.000000 2453.932373 0.000000 -0.674290 0.000000 -0.738466 2.509956 2.509956 2.509956
1978.639404 0.000000 2457.262695 0.000000 0.719654 0.000000 -0.694333 2.509956 2.509956 2.509956
1979.849121 0.000000 2458.495605 0.000000 0.982673 0.000000 0.185350 2.509956 2.509956 2.509956
1982.182495 0.000000 2455.101807 0.000000 -0.331942 0.000000 0.943300 2.509956 2.509956 2.509956
1981.844727 0.000000 2451.302490 0.000000 -0.597307 -0.000000 -0.802012 2.509956 2.509956 2.509956
1978.541504 0.000000 2452.419922 0.000000 0.537992 0.000000 0.842950 2.509956 2.509956 2.509956
1982.880371 0.000000 2447.125000 0.000000 0.386581 0.000000 -0.922255 2.509956 2.509956 2.509956
1982.625366 0.000000 2445.251709 0.000000 0.428638 0.000000 -0.903477 2.509956 2.509956 2.509956
1986.261597 0.000000 2447.458496 0.000000 0.998989 0.000000 0.044950 2.509956 2.509956 2.509956
1983.695801 0.000000 2450.528564 0.000000 0.827764 0.000000 0.561076 2.509956 2.509956 2.509956
1980.367310 0.000000 2447.898926 0.000000 -0.147819 0.000000 0.989014 2.509956 2.509956 2.509956
1984.148193 0.000000 2446.687256 0.000000 0.606718 0.000000 0.794917 2.509956 2.509956 2.509956
1982.675293 0.000000 2448.532227 0.000000 -0.968340 0.000000 -0.249635 2.509956 2.509956 2.509956
1980.857666 0.000000 2449.727295 0.000000 0.962713 0.000000 0.270525 2.509956 2.509956 2.509956
1985.333862 0.000000 2448.934814 0.000000 -0.848672 0.000000 0.528920 2.509956 2.509956 2.509956
1984.746216 0.000000 2444.985840 0.000000 -0.380235 0.000000 0.924890 2.509956 2.509956 2.509956
1981.646606 0.000000 2446.223389 0.000000 0.121268 0.000000 0.992620 2.509956 2.509956 2.509956
1989.859985 0.000000 2444.408203 0.000000 -0.961623 0.000000 0.274373 2.509956 2.509956 2.509956
1991.799072 0.000000 2444.181152 0.000000 -0.322205 0.000000 -0.946670 2.509956 2.509956 2.509956
1989.852051 0.000000 2447.675293 0.000000 -0.820605 0.000000 -0.571495 2.509956 2.509956 2.509956
1986.710815 0.000000 2445.348389 0.000000 -0.090761 0.000000 -0.995873 2.509956 2.509956 2.509956
1988.828369 0.000000 2442.050293 0.000000 0.094194 0.000000 0.995554 2.509956 2.509956 2.509956
1990.546631 0.000000 2445.524170 0.000000 -0.125401 0.000000 -0.992106 2.509956 2.509956 2.509956
1988.361572 0.000000 2444.195557 0.000000 -0.046577 0.000000 -0.998915 2.509956 2.509956 2.509956
1987.301270 0.000000 2442.779053 0.000000 0.483571 0.000000 0.875305 2.509956 2.509956 2.509956
1988.447632 0.000000 2446.854492 0.000000 -0.528281 0.000000 0.849070 2.509956 2.509956 2.509956
1990.834229 0.000000 2443.167480 0.000000 -0.999961 0.000000 0.008776 2.509956 2.509956 2.509956
1995.394531 0.000000 2440.856201 0.000000 -0.903030 0.000000 -0.429577 2.509956 2.509956 2.509956
1992.369019 0.000000 2442.201904 0.000000 -0.138586 0.000000 0.990350 2.509956 2.509956 2.509956
1994.528320 0.000000 2438.751221 0.000000 0.082954 0.000000 0.996553 2.509956 2.509956 2.509956
1995.924194 0.000000 2442.253418 0.000000 0.621087 0.000000 -0.783741 2.509956 2.509956 2.509956
1993.965820 0.000000 2441.034180 0.000000 -0.296062 0.000000 -0.955169 2.509956 2.509956 2.509956
1992.768433 0.000000 2439.447998 0.000000 -0.194220 0.000000 0.980958 2.509956 2.509956 2.509956
1993.844238 0.000000 2443.675537 0.000000 0.866835 -0.000000 -0.498594 2.509956 2.509956 2.509956
2002.206909 0.000000 2443.178955 0.000000 0.528197 0.000000 -0.849122 2.509956 2.509956 2.509956
2004.006470 0.000000 2443.075684 0.000000 -0.607470 0.000000 -0.794343 2.509956 2.509956 2.509956
2002.057129 0.000000 2446.835938 0.000000 -0.924401 0.000000 0.381422 2.509956 2.509956 2.509956
1999.129272 0.000000 2444.468750 0.000000 0.475149 0.000000 0.879905 2.509956 2.509956 2.509956
2001.326416 0.000000 2441.056641 0.000000 0.935503 0.000000 0.353318 2.509956 2.509956 2.509956
2002.712158 0.000000 2444.738770 0.000000 0.990520 0.000000 0.137366 2.509956 2.509956 2.509956
2000.802979 0.000000 2443.303711 0.000000 -0.156369 0.000000 0.987699 2.509956 2.509956 2.509956
1999.582520 0.000000 2441.773682 0.000000 0.029436 -0.000000 -0.999567 2.509956 2.509956 2.509956
2000.606323 0.000000 2445.821777 0.000000 0.738919 0.000000 0.673795 2.509956 2.509956 2.509956
2004.249268 0.000000 2445.118896 0.000000 0.763670 0.000000 0.645607 2.509956 2.509956 2.509956
2003.113770 0.000000 2442.156494 0.000000 0.304320 0.000000 -0.952570 2.509956 2.509956 2.509956
2005.538208 0.000000 2438.654541 0.000000 -0.192638 -0.000000 -0.981270 2.509956 2.509956 2.509956
2006.272095 0.000000 2440.415771 0.000000 0.462914 -0.000000 -0.886404 2.509956 2.509956 2.509956
2002.336670 0.000000 2439.736084 0.000000 -0.999879 0.000000 0.015566 2.509956 2.509956 2.509956
2003.500000 0.000000 2435.773682 0.000000 0.999616 0.000000 -0.027724 2.509956 2.509956 2.509956
2007.512451 0.000000 2437.012451 0.000000 0.997064 0.000000 0.076573 2.509956 2.509956 2.509956
2004.420288 0.000000 2439.515625 0.000000 -0.669570 0.000000 -0.742749 2.509956 2.509956 2.509956
2005.076660 0.000000 2437.041260 0.000000 -0.117386 0.000000 -0.993087 2.509956 2.509956 2.509956
2002.678711 0.000000 2437.958008 0.000000 0.958719 0.000000 0.284357 2.509956 2.509956 2.509956
2004.474609 0.000000 2441.340820 0.000000 -0.579142 0.000000 0.815226 2.509956 2.509956 2.509956
2007.033813 0.000000 2439.020264 -0.000000 0.427869 0.000000 0.903841 2.509956 2.509956 2.509956
2011.977051 0.000000 2438.032471 0.000000 -0.877697 0.000000 0.479216 2.509956 2.509956 2.509956
2012.752319 0.000000 2439.821533 0.000000 0.353968 -0.000000 -0.935258 2.509956 2.509956 2.509956
2008.761108 0.000000 2438.923096 0.000000 0.976303 0.000000 0.216407 2.509956 2.509956 2.509956
2013.803589 0.000000 2436.252197 0.000000 0.062272 0.000000 0.998059 2.509956 2.509956 2.509956
2010.860718 0.000000 2438.857178 0.000000 -0.268593 0.000000 0.963254 2.509956 2.509956 2.509956
2011.565063 0.000000 2436.563477 0.000000 0.873245 0.000000 -0.487281 2.509956 2.509956 2.509956
2012.740356 0.000000 2434.774170 0.000000 0.574700 0.000000 0.818364 2.509956 2.509956 2.509956
2008.879395 0.000000 2437.403809 0.000000 -0.961712 0.000000 0.274063 2.509956 2.509956 2.509956
2013.412964 0.000000 2438.288574 0.000000 -0.952678 0.000000 -0.303980 2.509956 2.509956 2.509956
2012.822144 0.000000 2426.248047 0.000000 0.729434 0.000000 -0.684052 2.509956 2.509956 2.509956
2013.678101 0.000000 2427.991211 0.000000 0.655604 0.000000 -0.755105 2.509956 2.509956 2.509956
2009.759521 0.000000 2427.381348 0.000000 0.072499 0.000000 0.997368 2.509956 2.509956 2.509956
2010.804077 0.000000 2423.583008 -0.000000 0.251141 0.000000 0.967950 2.509956 2.509956 2.509956
2014.849243 0.000000 2424.540283 0.000000 0.727208 0.000000 -0.686417 2.509956 2.509956 2.509956
2011.868042 0.000000 2427.392822 0.000000 -0.451015 0.000000 -0.892516 2.509956 2.509956 2.509956
2012.483154 0.000000 2424.676514 0.000000 0.543943 0.000000 -0.839122 2.509956 2.509956 2.509956
2013.785522 0.000000 2423.348877 0.000000 0.366204 0.000000 -0.930535 2.509956 2.509956 2.509956
2010.035278 0.000000 2425.611328 0.000000 -0.994053 0.000000 0.108895 2.509956 2.509956 2.509956
2011.979858 0.000000 2428.845703 0.000000 0.366332 0.000000 0.930484 2.509956 2.509956 2.509956
2014.612549 0.000000 2426.691650 0.000000 -0.489231 0.000000 -0.872154 2.509956 2.509956 2.509956
2014.374023 0.000000 2429.949219 0.000000 0.884763 0.000000 0.466041 2.509956 2.509956 2.509956
2018.236084 0.000000 2430.833496 0.000000 -0.763721 0.000000 -0.645547 2.509956 2.509956 2.509956
2015.870117 0.000000 2431.032471 0.000000 -0.879861 0.000000 -0.475231 2.509956 2.509956 2.509956
2017.021118 0.000000 2429.419678 0.000000 -0.999306 0.000000 0.037241 2.509956 2.509956 2.509956
2022.261719 0.000000 2351.321777 0.000000 0.898528 0.000000 -0.438916 2.509956 2.509956 2.509956
2015.293579 0.000000 2435.125244 0.000000 0.998850 0.000000 0.047951 2.509956 2.509956 2.509956
2019.683960 0.000000 2426.635986 0.000000 0.681098 0.000000 -0.732192 2.509956 2.509956 2.509956
2020.441895 0.000000 2428.440186 0.000000 -0.985442 0.000000 -0.170010 2.509956 2.509956 2.509956
2016.607178 0.000000 2427.567627 0.000000 0.213484 0.000000 0.976947 2.509956 2.509956 2.509956
2017.768921 0.000000 2423.850342 0.000000 0.495129 0.000000 -0.868819 2.509956 2.509956 2.509956
2021.715576 0.000000 2424.999023 0.000000 -0.727768 0.000000 -0.685823 2.509956 2.509956 2.509956
2018.741333 0.000000 2427.543457 0.000000 -0.439915 0.000000 -0.898039 2.509956 2.509956 2.509956
2019.428955 0.000000 2425.059326 0.000000 -0.978890 -0.000000 -0.204388 2.509956 2.509956 2.509956
2020.509399 0.000000 2423.582520 0.000000 0.657063 0.000000 -0.753835 2.509956 2.509956 2.509956
2016.633301 0.000000 2425.864990 -0.000000 0.367017 0.000000 0.930214 2.509956 2.509956 2.509956
2018.597656 0.000000 2429.257568 0.000000 0.139657 -0.000000 -0.990200 2.509956 2.509956 2.509956
2021.402344 0.000000 2427.019531 0.000000 0.911745 0.000000 -0.410756 2.509956 2.509956 2.509956
2010.416992 0.000000 2353.567871 0.000000 0.736373 0.000000 0.676576 2.509956 2.509956 2.509956
2009.802612 0.000000 2351.836670 0.000000 0.948195 0.000000 0.317689 2.509956 2.509956 2.509956
2038.770020 0.000000 2479.402832 -0.000000 -0.614691 0.000000 0.788768 2.509956 2.509956 2.509956
2012.221313 0.000000 2356.856934 0.000000 -0.581401 0.000000 0.813617 2.509956 2.509956 2.509956
2008.309326 0.000000 2355.166016 0.000000 -0.764173 0.000000 0.645011 2.509956 2.509956 2.509956
2011.773438 0.000000 2352.983887 0.000000 -0.441307 0.000000 0.897356 2.509956 2.509956 2.509956
2010.725098 0.000000 2355.391846 0.000000 0.801215 0.000000 -0.598377 2.509956 2.509956 2.509956
2040.506348 0.000000 2478.710938 0.000000 0.891151 0.000000 0.453707 2.509956 2.509956 2.509956
2009.113892 0.000000 2356.700195 0.000000 0.998370 0.000000 0.057079 2.509956 2.509956 2.509956
2008.989502 0.000000 2353.266113 0.000000 -0.942850 0.000000 0.333218 2.509956 2.509956 2.509956
2039.163818 0.000000 2482.601562 0.000000 0.833913 0.000000 0.551896 2.509956 2.509956 2.509956
2039.450928 0.000000 2480.552734 -0.000000 -0.938385 0.000000 0.345590 2.509956 2.509956 2.509956
2041.067505 0.000000 2480.830811 0.000000 0.988752 0.000000 -0.149561 2.509956 2.509956 2.509956
2039.226562 0.000000 2477.952637 0.000000 0.943343 0.000000 -0.331818 2.509956 2.509956 2.509956
2045.331299 0.000000 2480.724609 0.000000 -0.990768 0.000000 -0.135568 2.509956 2.509956 2.509956
2045.967285 0.000000 2484.110352 -0.000000 -0.085629 0.000000 0.996327 2.509956 2.509956 2.509956
2042.284302 0.000000 2482.323730 0.000000 -0.922166 0.000000 -0.386794 2.509956 2.509956 2.509956
2044.167480 0.000000 2478.520508 0.000000 0.035340 0.000000 0.999375 2.509956 2.509956 2.509956
2043.794312 0.000000 2480.899414 0.000000 -0.895448 0.000000 -0.445166 2.509956 2.509956 2.509956
2042.471558 0.000000 2479.585449 -0.000000 -0.641102 0.000000 0.767456 2.509956 2.509956 2.509956
2044.323120 0.000000 2483.510498 0.000000 0.227541 0.000000 0.973768 2.509956 2.509956 2.509956
2048.016113 0.000000 2484.187988 0.000000 0.194405 0.000000 -0.980921 2.509956 2.509956 2.509956
2046.834961 0.000000 2486.237061 0.000000 0.941777 0.000000 -0.336239 2.509956 2.509956 2.509956
2041.772095 0.000000 2471.824707 -0.000000 -0.717879 0.000000 0.696167 2.509956 2.509956 2.509956
2043.666138 0.000000 2471.237793 -0.000000 -0.286695 0.000000 0.958022 2.509956 2.509956 2.509956
2042.150635 0.000000 2475.133789 0.000000 0.983710 0.000000 -0.179765 2.509956 2.509956 2.509956
2038.676758 0.000000 2473.461182 0.000000 -0.819676 0.000000 0.572827 2.509956 2.509956 2.509956
2040.458862 0.000000 2469.444580 0.000000 0.554533 0.000000 0.832161 2.509956 2.509956 2.509956
2042.464111 0.000000 2472.862549 0.000000 -0.952526 0.000000 -0.304457 2.509956 2.509956 2.509956
2040.135986 0.000000 2471.903809 0.000000 -0.926186 0.000000 -0.377068 2.509956 2.509956 2.509956
2038.880127 0.000000 2470.458740 0.000000 0.173212 0.000000 0.984884 2.509956 2.509956 2.509956
2040.685059 0.000000 2474.563721 0.000000 0.113783 0.000000 -0.993506 2.509956 2.509956 2.509956
2044.111328 0.000000 2473.275635 0.000000 0.942738 0.000000 -0.333535 2.509956 2.509956 2.509956
2042.352905 0.000000 2470.229004 0.000000 -0.512298 0.000000 -0.858808 2.509956 2.509956 2.509956
2041.090942 0.000000 2465.258301 0.000000 0.856932 0.000000 0.515429 2.509956 2.509956 2.509956
2042.879395 0.000000 2464.753174 0.000000 -0.967311 0.000000 -0.253593 2.509956 2.509956 2.509956
2041.666992 0.000000 2468.749512 -0.000000 -0.378505 0.000000 0.925599 2.509956 2.509956 2.509956
2044.195923 0.000000 2475.144531 0.000000 -0.994968 0.000000 -0.100197 2.509956 2.509956 2.509956
2038.040649 0.000000 2466.890137 0.000000 0.797058 0.000000 0.603903 2.509956 2.509956 2.509956
2039.870972 0.000000 2463.072021 0.000000 -0.280496 0.000000 -0.959855 2.509956 2.509956 2.509956
2041.877197 0.000000 2466.421875 0.000000 0.802987 0.000000 0.595997 2.509956 2.509956 2.509956
2039.597168 0.000000 2465.471680 0.000000 -0.571691 0.000000 -0.820469 2.509956 2.509956 2.509956
2043.162720 0.000000 2477.155762 0.000000 0.992052 0.000000 0.125825 2.509956 2.509956 2.509956
2038.254639 0.000000 2464.114502 0.000000 0.168601 0.000000 -0.985684 2.509956 2.509956 2.509956
2040.010132 0.000000 2468.069092 0.000000 0.479336 0.000000 0.877631 2.509956 2.509956 2.509956
2043.629395 0.000000 2466.786865 0.000000 -0.103845 0.000000 -0.994594 2.509956 2.509956 2.509956
2041.680054 0.000000 2463.817627 0.000000 -0.707140 0.000000 -0.707074 2.509956 2.509956 2.509956
2047.860352 0.000000 2466.829590 -0.000000 -0.515742 0.000000 0.856744 2.509956 2.509956 2.509956
2049.703857 0.000000 2466.158936 0.000000 -0.288305 0.000000 -0.957539 2.509956 2.509956 2.509956
2048.236816 0.000000 2470.193848 0.000000 0.867434 0.000000 -0.497552 2.509956 2.509956 2.509956
2044.833618 0.000000 2468.404297 -0.000000 -0.092486 0.000000 0.995714 2.509956 2.509956 2.509956
2046.484863 0.000000 2464.458984 0.000000 0.644982 0.000000 0.764198 2.509956 2.509956 2.509956
2048.499756 0.000000 2467.948730 -0.000000 -0.995607 0.000000 0.093632 2.509956 2.509956 2.509956
2046.213867 0.000000 2467.059326 -0.000000 -0.854106 0.000000 0.520099 2.509956 2.509956 2.509956
2044.923340 0.000000 2465.553711 -0.000000 -0.272233 0.000000 0.962231 2.509956 2.509956 2.509956
2046.731201 0.000000 2469.567627 -0.000000 -0.033599 0.000000 0.999435 2.509956 2.509956 2.509956
2050.227783 0.000000 2468.145996 0.000000 0.649279 0.000000 0.760550 2.509956 2.509956 2.509956
2048.378418 0.000000 2465.414062 -0.000000 -0.665205 0.000000 0.746661 2.509956 2.509956 2.509956
2050.310303 0.000000 2470.087646 0.000000 -0.750594 0.000000 -0.660764 2.509956 2.509956 2.509956
2049.287598 0.000000 2472.276855 -0.000000 -0.759637 0.000000 0.650347 2.509956 2.509956 2.509956
2056.649902 0.000000 2468.162598 0.000000 0.239983 0.000000 -0.970777 2.509956 2.509956 2.509956
2058.314697 0.000000 2467.629639 0.000000 0.974724 0.000000 -0.223414 2.509956 2.509956 2.509956
2056.944336 0.000000 2471.499023 -0.000000 -0.999568 0.000000 0.029391 2.509956 2.509956 2.509956
2053.531982 0.000000 2469.685059 0.000000 0.545549 0.000000 0.838079 2.509956 2.509956 2.509956
2055.145508 0.000000 2465.904297 0.000000 -0.992311 0.000000 -0.123768 2.509956 2.509956 2.509956
2057.316162 0.000000 2469.383789 -0.000000 -0.821360 0.000000 0.570410 2.509956 2.509956 2.509956
2054.950195 0.000000 2468.282227 0.000000 0.883039 0.000000 0.469300 2.509956 2.509956 2.509956
2053.554199 0.000000 2466.812256 0.000000 0.858301 0.000000 0.513146 2.509956 2.509956 2.509956
2055.320312 0.000000 2470.979004 0.000000 0.982961 0.000000 -0.183813 2.509956 2.509956 2.509956
2059.037354 0.000000 2469.670410 -0.000000 -0.429329 0.000000 0.903148 2.509956 2.509956 2.509956
2057.115234 0.000000 2466.788330 -0.000000 -0.744717 0.000000 0.667380 2.509956 2.509956 2.509956
2046.585693 0.000000 2473.476562 0.000000 -0.644807 0.000000 -0.764345 2.509956 2.509956 2.509956
2045.407104 0.000000 2475.032227 0.000000 0.305607 0.000000 -0.952158 2.509956 2.509956 2.509956
2048.577637 0.000000 2473.675781 0.000000 -0.790078 0.000000 -0.613006 2.509956 2.509956 2.509956
2055.243652 0.000000 2474.593018 0.000000 0.987330 0.000000 0.158680 2.509956 2.509956 2.509956
2056.914551 0.000000 2473.610840 -0.000000 -0.567403 0.000000 0.823440 2.509956 2.509956 2.509956
2056.702881 0.000000 2477.687500 0.000000 0.993886 0.000000 -0.110408 2.509956 2.509956 2.509956
2053.396240 0.000000 2472.979248 0.000000 0.620114 0.000000 -0.784511 2.509956 2.509956 2.509956
2056.361328 0.000000 2475.404053 0.000000 0.865867 0.000000 0.500274 2.509956 2.509956 2.509956
2055.042725 0.000000 2477.735107 0.000000 0.820916 0.000000 -0.571049 2.509956 2.509956 2.509956
2058.104980 0.000000 2475.372314 -0.000000 -0.589715 0.000000 0.807612 2.509956 2.509956 2.509956
2055.469482 0.000000 2473.142090 -0.000000 -0.342001 0.000000 0.939699 2.509956 2.509956 2.509956
2058.527100 0.000000 2481.044434 -0.000000 -0.160009 0.000000 0.987116 2.509956 2.509956 2.509956
2058.662354 0.000000 2477.119873 0.000000 0.999813 0.000000 0.019323 2.509956 2.509956 2.509956
2058.277832 0.000000 2479.359619 0.000000 0.995342 0.000000 -0.096409 2.509956 2.509956 2.509956
1917.902100 0.000000 2418.203857 0.000000 -0.762073 0.000000 -0.647491 2.509956 2.509956 2.509956
1916.759277 0.000000 2419.629883 0.000000 -0.235652 0.000000 -0.971837 2.509956 2.509956 2.509956
1920.241089 0.000000 2419.879150 0.000000 -0.568171 0.000000 0.822910 2.509956 2.509956 2.509956
1916.894531 0.000000 2417.725098 0.000000 -0.038715 0.000000 0.999250 2.509956 2.509956 2.509956
1922.385864 0.000000 2413.875244 0.000000 -0.928770 0.000000 0.370657 2.509956 2.509956 2.509956
1919.599365 0.000000 2413.125977 0.000000 -0.264419 0.000000 0.964408 2.509956 2.509956 2.509956
1915.247314 0.000000 2418.079590 0.000000 0.342716 0.000000 0.939439 2.509956 2.509956 2.509956
1918.292603 0.000000 2419.798828 0.000000 0.240791 0.000000 0.970577 2.509956 2.509956 2.509956
1911.439209 0.000000 2420.079834 0.000000 -0.538060 0.000000 -0.842907 2.509956 2.509956 2.509956
1910.210205 0.000000 2421.631836 0.000000 0.162605 0.000000 -0.986691 2.509956 2.509956 2.509956
1913.707153 0.000000 2421.441162 0.000000 0.441775 0.000000 0.897126 2.509956 2.509956 2.509956
1910.277832 0.000000 2419.460693 0.000000 0.365015 0.000000 0.931001 2.509956 2.509956 2.509956
1912.490479 0.000000 2419.290527 0.000000 -0.998269 0.000000 -0.058822 2.509956 2.509956 2.509956
1914.741211 0.000000 2419.895752 0.000000 -0.175270 0.000000 -0.984520 2.509956 2.509956 2.509956
1908.466797 0.000000 2420.217285 0.000000 0.873587 0.000000 -0.486668 2.509956 2.509956 2.509956
1911.572632 0.000000 2421.578125 0.000000 0.698618 0.000000 0.715495 2.509956 2.509956 2.509956
2050.465820 0.000000 2458.752686 -0.000000 -0.712963 0.000000 0.701201 2.509956 2.509956 2.509956
2051.927002 0.000000 2457.614014 0.000000 -0.989000 0.000000 0.147917 2.509956 2.509956 2.509956
2051.830811 0.000000 2461.713867 0.000000 0.999515 0.000000 0.031133 2.509956 2.509956 2.509956
2048.112793 0.000000 2461.187256 -0.000000 -0.173380 0.000000 0.984855 2.509956 2.509956 2.509956
2048.478516 0.000000 2456.861816 0.000000 0.768879 0.000000 0.639393 2.509956 2.509956 2.509956
2051.456543 0.000000 2459.512207 0.000000 0.991800 0.000000 0.127801 2.509956 2.509956 2.509956
2049.090820 0.000000 2459.304932 0.000000 0.286230 0.000000 0.958161 2.509956 2.509956 2.509956
2047.185303 0.000000 2458.316406 0.000000 0.936939 0.000000 0.349492 2.509956 2.509956 2.509956
2050.111328 0.000000 2461.689941 0.000000 -0.994699 0.000000 -0.102827 2.509956 2.509956 2.509956
2053.131104 0.000000 2459.390625 0.000000 0.966292 0.000000 -0.257447 2.509956 2.509956 2.509956
2050.447998 0.000000 2457.174316 0.000000 0.988203 0.000000 -0.153148 2.509956 2.509956 2.509956
2057.208496 0.000000 2458.072021 -0.000000 -0.887592 0.000000 0.460631 2.509956 2.509956 2.509956
2058.721436 0.000000 2456.877197 0.000000 -0.968227 0.000000 -0.250075 2.509956 2.509956 2.509956
2058.697510 0.000000 2461.131104 -0.000000 -0.784097 0.000000 0.620639 2.509956 2.509956 2.509956
2054.757812 0.000000 2460.556152 0.000000 0.939793 0.000000 -0.341745 2.509956 2.509956 2.509956
2055.233643 0.000000 2456.341553 0.000000 0.932995 0.000000 -0.359889 2.509956 2.509956 2.509956
2058.264893 0.000000 2458.912109 0.000000 0.959880 0.000000 -0.280411 2.509956 2.509956 2.509956
2055.899658 0.000000 2458.709473 -0.000000 -0.147741 0.000000 0.989026 2.509956 2.509956 2.509956
2053.962891 0.000000 2457.721924 -0.000000 -0.996239 0.000000 0.086644 2.509956 2.509956 2.509956
2056.959961 0.000000 2461.115479 0.000000 0.844034 0.000000 -0.536289 2.509956 2.509956 2.509956
2057.310791 0.000000 2456.560303 0.000000 0.775028 0.000000 -0.631926 2.509956 2.509956 2.509956
2059.289795 0.000000 2494.834229 0.000000 -0.772867 0.000000 -0.634568 2.509956 2.509956 2.509956
2057.443359 0.000000 2495.282715 0.000000 -0.476243 0.000000 0.879314 2.509956 2.509956 2.509956
2058.579102 0.000000 2493.625000 0.000000 -0.321593 0.000000 -0.946878 2.509956 2.509956 2.509956
2058.668945 0.000000 2496.231689 0.000000 0.307699 0.000000 0.951484 2.509956 2.509956 2.509956
2052.695068 0.000000 2493.073975 0.000000 0.160742 0.000000 -0.986996 2.509956 2.509956 2.509956
2050.848877 0.000000 2493.522705 0.000000 0.909603 0.000000 0.415478 2.509956 2.509956 2.509956
2055.842041 0.000000 2491.592529 0.000000 0.410140 0.000000 -0.912022 2.509956 2.509956 2.509956
2053.918213 0.000000 2495.347656 0.000000 -0.999951 0.000000 0.009891 2.509956 2.509956 2.509956
2051.984619 0.000000 2491.865234 0.000000 -0.087774 0.000000 -0.996140 2.509956 2.509956 2.509956
2055.596436 0.000000 2494.465332 0.000000 -0.750889 0.000000 -0.660428 2.509956 2.509956 2.509956
2050.366699 0.000000 2491.474854 -0.000000 -0.825905 0.000000 0.563809 2.509956 2.509956 2.509956
2052.074707 0.000000 2494.471680 0.000000 0.919655 0.000000 0.392727 2.509956 2.509956 2.509956
2050.357666 0.000000 2489.531738 0.000000 0.975655 0.000000 0.219309 2.509956 2.509956 2.509956
2055.881348 0.000000 2502.253174 0.000000 -0.677669 0.000000 -0.735367 2.509956 2.509956 2.509956
2054.035156 0.000000 2502.701904 0.000000 -0.950414 0.000000 -0.310987 2.509956 2.509956 2.509956
2030.462646 0.000000 2365.178467 0.000000 -0.230233 0.000000 0.973136 2.509956 2.509956 2.509956
2030.907593 0.000000 2367.086914 0.000000 -0.691486 0.000000 0.722389 2.509956 2.509956 2.509956
2026.988403 0.000000 2365.548828 0.000000 -0.999987 0.000000 0.005145 2.509956 2.509956 2.509956
2055.591064 0.000000 2498.874268 0.000000 0.154668 0.000000 0.987966 2.509956 2.509956 2.509956
2028.874756 0.000000 2362.015137 0.000000 -0.664967 -0.000000 -0.746873 2.509956 2.509956 2.509956
2032.622803 0.000000 2363.945312 0.000000 -0.763408 0.000000 -0.645916 2.509956 2.509956 2.509956
2029.186157 0.000000 2365.855469 0.000000 0.426413 0.000000 0.904528 2.509956 2.509956 2.509956
2030.213257 0.000000 2363.671631 0.000000 0.997252 0.000000 0.074092 2.509956 2.509956 2.509956
2059.028320 0.000000 2500.771729 0.000000 -0.551778 -0.000000 -0.833991 2.509956 2.509956 2.509956
2031.739624 0.000000 2362.334961 0.000000 -0.989477 0.000000 -0.144687 2.509956 2.509956 2.509956
2027.591675 0.000000 2363.908691 0.000000 0.938092 0.000000 0.346387 2.509956 2.509956 2.509956
2031.820435 0.000000 2365.761719 0.000000 0.212782 0.000000 0.977099 2.509956 2.509956 2.509956
1948.294189 0.000000 2349.993408 0.000000 -0.814801 0.000000 -0.579740 0.892640 0.892640 0.892640
2057.104492 0.000000 2504.526855 0.000000 -0.846007 0.000000 0.533172 2.509956 2.509956 2.509956
2055.170898 0.000000 2501.044434 0.000000 0.328604 0.000000 -0.944468 2.509956 2.509956 2.509956
2057.455811 0.000000 2502.109863 0.000000 0.400520 0.000000 -0.916288 2.509956 2.509956 2.509956
2058.782715 0.000000 2503.644531 0.000000 -0.988974 0.000000 0.148087 2.509956 2.509956 2.509956
2057.193115 0.000000 2499.502930 0.000000 0.990288 0.000000 0.139035 2.509956 2.509956 2.509956
2053.552979 0.000000 2500.654053 -0.000000 0.309431 0.000000 0.950922 2.509956 2.509956 2.509956
2055.260986 0.000000 2503.650879 0.000000 0.871569 0.000000 -0.490272 2.509956 2.509956 2.509956
2008.773438 0.000000 2375.190674 0.000000 -0.474458 -0.000000 -0.880278 2.509956 2.509956 2.509956
2056.185303 0.000000 2508.681152 0.000000 -0.537074 0.000000 0.843535 2.509956 2.509956 2.509956
2054.338867 0.000000 2509.129639 0.000000 0.278132 0.000000 -0.960543 2.509956 2.509956 2.509956
2055.895020 0.000000 2505.302002 0.000000 -0.915665 0.000000 -0.401942 2.509956 2.509956 2.509956
2053.543945 0.000000 2498.710938 0.000000 0.125490 -0.000000 -0.992095 2.509956 2.509956 2.509956
2043.454712 0.000000 2354.420410 0.000000 -0.963408 0.000000 -0.268041 2.509956 2.509956 2.509956
2043.920532 0.000000 2356.287598 0.000000 0.997983 0.000000 0.063479 2.509956 2.509956 2.509956
2040.179077 0.000000 2354.652100 0.000000 -0.047425 0.000000 0.998875 2.509956 2.509956 2.509956
2042.084839 0.000000 2351.276367 0.000000 0.574855 -0.000000 -0.818255 2.509956 2.509956 2.509956
2059.332031 0.000000 2507.199219 0.000000 -0.623995 0.000000 0.781428 2.509956 2.509956 2.509956
2042.368286 0.000000 2355.113281 0.000000 0.434403 -0.000000 -0.900719 2.509956 2.509956 2.509956
2043.309204 0.000000 2352.803467 0.000000 -0.812739 0.000000 -0.582628 2.509956 2.509956 2.509956
2057.408447 0.000000 2510.954346 0.000000 0.966684 0.000000 -0.255974 2.509956 2.509956 2.509956
2040.767578 0.000000 2353.154785 0.000000 -0.922238 0.000000 0.386623 2.509956 2.509956 2.509956
2041.910034 0.000000 2356.669434 0.000000 0.402857 0.000000 0.915263 2.509956 2.509956 2.509956
2055.474609 0.000000 2507.471924 0.000000 -0.616242 0.000000 0.787556 2.509956 2.509956 2.509956
2057.759521 0.000000 2508.537598 0.000000 0.834755 0.000000 -0.550622 2.509956 2.509956 2.509956
2054.678711 0.000000 2496.750488 -0.000000 -0.151035 0.000000 0.988528 2.509956 2.509956 2.509956
2059.086426 0.000000 2510.072021 0.000000 0.981073 0.000000 0.193636 2.509956 2.509956 2.509956
2039.950439 0.000000 2356.686768 0.000000 0.524342 0.000000 0.851508 2.509956 2.509956 2.509956
2057.496582 0.000000 2505.930664 0.000000 -0.889548 0.000000 0.456842 2.509956 2.509956 2.509956
2053.856445 0.000000 2507.081787 0.000000 0.996914 0.000000 -0.078495 2.509956 2.509956 2.509956
2055.564453 0.000000 2510.078613 0.000000 0.724844 0.000000 -0.688913 2.509956 2.509956 2.509956
2049.590576 0.000000 2506.920898 0.000000 -0.843339 0.000000 -0.537382 2.509956 2.509956 2.509956
2038.024780 0.000000 2355.551514 0.000000 0.246289 0.000000 0.969197 2.509956 2.509956 2.509956
2047.744385 0.000000 2507.369629 0.000000 0.964567 0.000000 -0.263839 2.509956 2.509956 2.509956
2049.300293 0.000000 2503.541992 0.000000 0.475312 0.000000 0.879817 2.509956 2.509956 2.509956
2052.737549 0.000000 2505.439453 0.000000 -0.993037 0.000000 -0.117801 2.509956 2.509956 2.509956
2050.813721 0.000000 2509.194580 0.000000 -0.780367 0.000000 0.625321 2.509956 2.509956 2.509956
2048.880127 0.000000 2505.712158 0.000000 -0.068260 0.000000 -0.997667 2.509956 2.509956 2.509956
2051.165039 0.000000 2506.777588 0.000000 -0.498191 0.000000 -0.867068 2.509956 2.509956 2.509956
2052.491943 0.000000 2508.312256 0.000000 -0.954990 0.000000 -0.296637 2.509956 2.509956 2.509956
2050.902344 0.000000 2504.170654 0.000000 -0.998256 0.000000 -0.059027 2.509956 2.509956 2.509956
2047.262207 0.000000 2505.321777 -0.000000 -0.776830 0.000000 0.629710 2.509956 2.509956 2.509956
2048.970215 0.000000 2508.318604 0.000000 -0.729487 0.000000 -0.683994 2.509956 2.509956 2.509956
2047.253174 0.000000 2503.378662 0.000000 0.679655 0.000000 -0.733532 2.509956 2.509956 2.509956
2033.886719 0.000000 2352.135986 0.000000 0.998281 0.000000 0.058608 2.509956 2.509956 2.509956
2032.367188 0.000000 2353.244629 0.000000 -0.600459 0.000000 0.799656 2.509956 2.509956 2.509956
2035.870605 0.000000 2353.663330 0.000000 0.990587 0.000000 0.136885 2.509956 2.509956 2.509956
2032.741821 0.000000 2351.309814 0.000000 -0.927338 0.000000 0.374224 2.509956 2.509956 2.509956
2035.343140 0.000000 2351.362793 0.000000 -0.454399 0.000000 0.890798 2.509956 2.509956 2.509956
2037.083008 0.000000 2352.271973 0.000000 0.936787 0.000000 -0.349899 2.509956 2.509956 2.509956
2031.061279 0.000000 2351.513184 0.000000 0.620022 0.000000 0.784585 2.509956 2.509956 2.509956
2033.842896 0.000000 2353.563477 0.000000 0.104343 -0.000000 -0.994541 2.509956 2.509956 2.509956
2030.740234 0.000000 2357.693359 0.000000 0.192960 0.000000 0.981207 2.509956 2.509956 2.509956
2029.117432 0.000000 2358.757568 0.000000 0.614600 0.000000 0.788839 2.509956 2.509956 2.509956
2029.042603 0.000000 2354.678223 0.000000 -0.899811 0.000000 -0.436281 2.509956 2.509956 2.509956
2032.927246 0.000000 2355.203857 0.000000 -0.971256 0.000000 0.238035 2.509956 2.509956 2.509956
2032.646118 0.000000 2359.279785 0.000000 0.960362 0.000000 0.278756 2.509956 2.509956 2.509956
2029.546509 0.000000 2356.788574 0.000000 0.615501 0.000000 0.788136 2.509956 2.509956 2.509956
2032.128418 0.000000 2357.017090 0.000000 0.450805 -0.000000 -0.892622 2.509956 2.509956 2.509956
2033.896240 0.000000 2357.761963 0.000000 0.209749 0.000000 0.977755 2.509956 2.509956 2.509956
2030.890503 0.000000 2354.640869 0.000000 -0.210782 0.000000 0.977533 2.509956 2.509956 2.509956
2028.011963 0.000000 2357.140869 0.000000 0.280733 -0.000000 -0.959786 2.509956 2.509956 2.509956
2009.369751 0.000000 2361.161621 0.000000 -0.176935 0.000000 0.984223 2.509956 2.509956 2.509956
2007.733887 0.000000 2362.187500 0.000000 0.443282 0.000000 0.896382 2.509956 2.509956 2.509956
2007.760376 0.000000 2358.110840 0.000000 0.362826 -0.000000 -0.931857 2.509956 2.509956 2.509956
1945.828369 0.000000 2350.533203 0.000000 0.927062 0.000000 0.374908 0.892640 0.892640 0.892640
1945.149536 0.000000 2350.673096 0.000000 -0.814808 0.000000 -0.579730 0.892640 0.892640 0.892640
1945.618896 0.000000 2349.322021 0.000000 0.972830 0.000000 0.231523 0.892640 0.892640 0.892640
1946.868042 0.000000 2349.877197 0.000000 -0.110337 0.000000 -0.993894 0.892640 0.892640 0.892640
1946.280884 0.000000 2351.233398 0.000000 0.274239 0.000000 0.961662 0.892640 0.892640 0.892640
1945.552612 0.000000 2350.083252 0.000000 -0.975595 0.000000 0.219579 0.892640 0.892640 0.892640
1946.366089 0.000000 2350.443848 0.000000 -0.890463 0.000000 -0.455056 0.892640 0.892640 0.892640
1946.864502 0.000000 2350.880615 0.000000 0.042504 0.000000 0.999096 0.892640 0.892640 0.892640
1946.189087 0.000000 2349.445801 0.000000 0.095451 0.000000 0.995434 0.892640 0.892640 0.892640
1944.975708 0.000000 2349.975098 0.000000 -0.768071 0.000000 0.640365 0.892640 0.892640 0.892640
1945.615356 0.000000 2350.970947 0.000000 -0.432787 0.000000 0.901497 0.892640 0.892640 0.892640
1949.862061 0.000000 2351.421875 0.000000 -0.279099 0.000000 -0.960263 0.892640 0.892640 0.892640
1949.184082 0.000000 2351.614746 0.000000 0.347954 0.000000 0.937511 0.892640 0.892640 0.892640
2030.648926 0.000000 2359.244385 0.000000 0.419263 -0.000000 -0.907865 2.509956 2.509956 2.509956
2023.743530 0.000000 2358.964600 0.000000 0.478485 -0.000000 -0.878096 2.509956 2.509956 2.509956
1950.382690 0.000000 2352.223145 0.000000 0.945834 0.000000 -0.324651 0.892640 0.892640 0.892640
1949.593262 0.000000 2350.970459 0.000000 -0.194794 0.000000 0.980844 0.892640 0.892640 0.892640
1950.414185 0.000000 2351.358154 0.000000 0.253751 0.000000 0.967270 0.892640 0.892640 0.892640
2008.213501 0.000000 2360.329834 0.000000 -0.795905 0.000000 0.605421 2.509956 2.509956 2.509956
1948.995239 0.000000 2350.934326 0.000000 0.591733 0.000000 0.806134 0.892640 0.892640 0.892640
1949.682495 0.000000 2351.988525 0.000000 -0.956894 0.000000 0.290439 0.892640 0.892640 0.892640
1948.037354 0.000000 2354.868408 0.000000 0.784920 0.000000 -0.619597 0.892640 0.892640 0.892640
1947.316650 0.000000 2355.052002 0.000000 0.772813 0.000000 0.634634 0.892640 0.892640 0.892640
1947.308716 0.000000 2351.099854 0.000000 0.586552 0.000000 -0.809911 0.892640 0.892640 0.892640
1948.510132 0.000000 2351.716309 0.000000 0.530009 0.000000 0.847992 0.892640 0.892640 0.892640
1948.519165 0.000000 2355.638428 0.000000 -0.948936 0.000000 0.315468 0.892640 0.892640 0.892640
1947.191162 0.000000 2351.868652 0.000000 0.424888 0.000000 0.905246 0.892640 0.892640 0.892640
1948.578247 0.000000 2354.799561 0.000000 -0.910278 0.000000 0.413997 0.892640 0.892640 0.892640
1946.042847 0.000000 2353.548340 0.000000 -0.910365 0.000000 -0.413808 0.892640 0.892640 0.892640
1948.508423 0.000000 2352.744629 0.000000 -0.838955 0.000000 -0.544201 0.892640 0.892640 0.892640
1947.866943 0.000000 2351.312500 0.000000 -0.797479 0.000000 -0.603347 0.892640 0.892640 0.892640
1946.590576 0.000000 2351.824463 0.000000 0.830905 0.000000 0.556415 0.892640 0.892640 0.892640
1947.780518 0.000000 2355.407715 0.000000 -0.999963 0.000000 0.008537 0.892640 0.892640 0.892640
1946.690674 0.000000 2354.671387 0.000000 0.805272 0.000000 -0.592906 0.892640 0.892640 0.892640
1948.790283 0.000000 2354.007324 0.000000 0.884274 0.000000 -0.466968 0.892640 0.892640 0.892640
1949.262329 0.000000 2352.621826 0.000000 0.753587 0.000000 -0.657349 0.892640 0.892640 0.892640
2009.485718 0.000000 2358.084473 0.000000 0.238996 -0.000000 -0.971021 2.509956 2.509956 2.509956
2006.557861 0.000000 2360.539551 0.000000 0.246664 0.000000 0.969101 2.509956 2.509956 2.509956
1949.167358 0.000000 2353.360352 0.000000 -0.181081 0.000000 0.983468 0.892640 0.892640 0.892640
2009.176636 0.000000 2362.748047 0.000000 -0.951989 0.000000 0.306132 2.509956 2.509956 2.509956
1946.275024 0.000000 2354.045166 0.000000 -0.308462 0.000000 0.951237 0.892640 0.892640 0.892640
2025.954102 0.000000 2356.318604 0.000000 -0.195333 0.000000 0.980737 2.509956 2.509956 2.509956
1949.827271 0.000000 2352.832520 0.000000 -0.930985 0.000000 -0.365058 0.892640 0.892640 0.892640
1948.576416 0.000000 2353.291992 0.000000 -0.446079 0.000000 0.894994 0.892640 0.892640 0.892640
2025.727539 0.000000 2360.464844 0.000000 -0.427294 0.000000 0.904113 2.509956 2.509956 2.509956
2008.292847 0.000000 2364.070557 0.000000 0.823892 0.000000 0.566747 2.509956 2.509956 2.509956
2003.322998 0.000000 2370.592285 0.000000 0.665722 0.000000 0.746200 2.509956 2.509956 2.509956
2014.352417 0.000000 2365.204590 0.000000 0.770175 0.000000 0.637833 2.509956 2.509956 2.509956
2009.362183 0.000000 2372.035156 0.000000 0.340526 -0.000000 -0.940235 2.509956 2.509956 2.509956
2003.772949 0.000000 2369.213623 0.000000 -0.972128 0.000000 -0.234453 2.509956 2.509956 2.509956
2004.453857 0.000000 2371.645508 0.000000 -0.597455 -0.000000 -0.801903 2.509956 2.509956 2.509956
2004.309814 0.000000 2373.627441 0.000000 -0.403667 0.000000 0.914906 2.509956 2.509956 2.509956
2006.544189 0.000000 2365.285889 0.000000 -0.354559 0.000000 0.935034 2.509956 2.509956 2.509956
2003.000854 0.000000 2367.801270 0.000000 -0.972062 0.000000 0.234724 2.509956 2.509956 2.509956
2008.263916 0.000000 2381.222168 0.000000 0.174288 -0.000000 -0.984695 2.509956 2.509956 2.509956
2006.679321 0.000000 2380.031982 0.000000 -0.102470 0.000000 0.994736 2.509956 2.509956 2.509956
2010.586914 0.000000 2378.835693 0.000000 -0.859884 0.000000 0.510490 2.509956 2.509956 2.509956
2024.999146 0.000000 2358.162842 0.000000 0.535593 0.000000 0.844476 2.509956 2.509956 2.509956
2007.260010 0.000000 2383.661865 0.000000 0.991896 0.000000 0.127051 2.509956 2.509956 2.509956
2009.006958 0.000000 2384.360107 0.000000 -0.866268 0.000000 0.499580 2.509956 2.509956 2.509956
2026.901855 0.000000 2359.029541 0.000000 -0.446404 0.000000 0.894832 2.509956 2.509956 2.509956
2006.587646 0.000000 2381.694092 0.000000 -0.986688 0.000000 -0.162627 2.509956 2.509956 2.509956
2002.109131 0.000000 2377.465332 0.000000 0.977991 0.000000 -0.208647 2.509956 2.509956 2.509956
2000.602051 0.000000 2376.140869 0.000000 0.412524 0.000000 0.910947 2.509956 2.509956 2.509956
2001.232666 0.000000 2379.812256 0.000000 -0.990618 0.000000 -0.136660 2.509956 2.509956 2.509956
2002.706665 0.000000 2376.011230 0.000000 -0.019199 0.000000 0.999816 2.509956 2.509956 2.509956
2000.519531 0.000000 2377.745850 0.000000 -0.900664 0.000000 -0.434516 2.509956 2.509956 2.509956
2004.437622 0.000000 2381.897461 0.000000 0.966581 0.000000 -0.256362 2.509956 2.509956 2.509956
2023.855713 0.000000 2355.864502 0.000000 -0.362242 0.000000 0.932084 2.509956 2.509956 2.509956
2023.598755 0.000000 2360.416992 0.000000 0.158336 -0.000000 -0.987385 2.509956 2.509956 2.509956
2005.040771 0.000000 2383.447510 0.000000 -0.673596 -0.000000 -0.739100 2.509956 2.509956 2.509956
2025.419556 0.000000 2362.227295 0.000000 -0.445308 0.000000 0.895377 2.509956 2.509956 2.509956
2022.712402 0.000000 2361.916748 0.000000 -0.955310 0.000000 0.295606 2.509956 2.509956 2.509956
2017.722656 0.000000 2368.339844 0.000000 0.405633 0.000000 0.914036 2.509956 2.509956 2.509956
2016.246460 0.000000 2367.102783 0.000000 0.419608 0.000000 0.907705 2.509956 2.509956 2.509956
2016.923340 0.000000 2370.688965 0.000000 -0.289992 0.000000 0.957029 2.509956 2.509956 2.509956
2018.178833 0.000000 2367.012939 0.000000 -0.979061 0.000000 0.203566 2.509956 2.509956 2.509956
2018.598022 0.000000 2371.335205 0.000000 -0.450374 -0.000000 -0.892840 2.509956 2.509956 2.509956
2016.234863 0.000000 2368.638184 0.000000 0.314179 0.000000 0.949364 2.509956 2.509956 2.509956
2022.548706 0.000000 2379.074463 0.000000 0.993177 0.000000 -0.116617 2.509956 2.509956 2.509956
2020.968628 0.000000 2377.891113 0.000000 -0.993956 0.000000 0.109782 2.509956 2.509956 2.509956
2024.958984 0.000000 2376.597412 0.000000 -0.829090 0.000000 0.559115 2.509956 2.509956 2.509956
2025.612305 0.000000 2380.338379 0.000000 0.543590 0.000000 0.839351 2.509956 2.509956 2.509956
2021.619263 0.000000 2381.364014 0.000000 -0.793846 0.000000 -0.608118 2.509956 2.509956 2.509956
2023.052490 0.000000 2377.547852 0.000000 -0.371904 -0.000000 -0.928271 2.509956 2.509956 2.509956
2023.647583 0.000000 2380.201660 0.000000 0.969503 0.000000 -0.245079 2.509956 2.509956 2.509956
2023.401733 0.000000 2382.030029 0.000000 0.132255 -0.000000 -0.991216 2.509956 2.509956 2.509956
2025.577515 0.000000 2378.117432 0.000000 -0.359557 0.000000 0.933123 2.509956 2.509956 2.509956
2022.170044 0.000000 2376.230225 0.000000 -0.900742 0.000000 -0.434354 2.509956 2.509956 2.509956
2021.046387 0.000000 2379.473145 0.000000 -0.769506 0.000000 0.638640 2.509956 2.509956 2.509956
2016.553467 0.000000 2375.169678 0.000000 0.427489 -0.000000 -0.904021 2.509956 2.509956 2.509956
2015.027344 0.000000 2374.004883 0.000000 0.696570 -0.000000 -0.717489 2.509956 2.509956 2.509956
2018.883423 0.000000 2372.619629 0.000000 -0.022067 -0.000000 -0.999757 2.509956 2.509956 2.509956
2019.610107 0.000000 2376.445801 0.000000 0.613212 0.000000 0.789918 2.509956 2.509956 2.509956
2015.704102 0.000000 2377.570557 0.000000 0.634295 -0.000000 -0.773091 2.509956 2.509956 2.509956
2016.973022 0.000000 2373.845215 0.000000 -0.967697 0.000000 -0.252116 2.509956 2.509956 2.509956
2017.548462 0.000000 2376.266113 0.000000 -0.975679 0.000000 -0.219206 2.509956 2.509956 2.509956
2017.337769 0.000000 2378.231201 0.000000 -0.989348 0.000000 -0.145567 2.509956 2.509956 2.509956
2019.501587 0.000000 2374.265381 0.000000 0.186663 0.000000 0.982424 2.509956 2.509956 2.509956
2016.143555 0.000000 2372.284668 0.000000 0.437752 0.000000 0.899096 2.509956 2.509956 2.509956
2014.907471 0.000000 2375.559326 0.000000 0.999989 0.000000 0.004733 2.509956 2.509956 2.509956
2016.518921 0.000000 2382.083984 0.000000 -0.298807 0.000000 0.954313 2.509956 2.509956 2.509956
2014.888428 0.000000 2380.922363 0.000000 0.970881 0.000000 0.239563 2.509956 2.509956 2.509956
2018.769043 0.000000 2379.557373 0.000000 0.676781 0.000000 0.736184 2.509956 2.509956 2.509956
2019.619507 0.000000 2383.488770 0.000000 0.928277 0.000000 -0.371890 2.509956 2.509956 2.509956
2015.637085 0.000000 2384.531250 0.000000 0.875036 0.000000 -0.484058 2.509956 2.509956 2.509956
2017.005127 0.000000 2380.815674 0.000000 -0.923577 0.000000 0.383412 2.509956 2.509956 2.509956
2017.602173 0.000000 2383.115967 0.000000 -0.096965 -0.000000 -0.995288 2.509956 2.509956 2.509956
2017.419189 0.000000 2385.119629 0.000000 -0.369132 0.000000 0.929377 2.509956 2.509956 2.509956
2019.428223 0.000000 2381.197510 0.000000 -0.503392 -0.000000 -0.864058 2.509956 2.509956 2.509956
2016.182495 0.000000 2379.252197 0.000000 -0.242135 0.000000 0.970243 2.509956 2.509956 2.509956
2014.918335 0.000000 2382.380371 0.000000 -0.311713 -0.000000 -0.950176 2.509956 2.509956 2.509956
2048.387939 0.000000 2501.418213 0.000000 -0.630801 0.000000 -0.775945 2.509956 2.509956 2.509956
2040.915771 0.000000 2505.104492 0.000000 0.964354 0.000000 0.264615 2.509956 2.509956 2.509956
2039.069336 0.000000 2505.552979 0.000000 0.198532 0.000000 0.980094 2.509956 2.509956 2.509956
2040.625488 0.000000 2501.725342 0.000000 -0.003939 0.000000 -0.999992 2.509956 2.509956 2.509956
2044.062500 0.000000 2503.622559 0.000000 -0.851694 0.000000 0.524040 2.509956 2.509956 2.509956
2040.205078 0.000000 2503.895264 0.000000 -0.549319 0.000000 -0.835613 2.509956 2.509956 2.509956
2042.489990 0.000000 2504.960938 0.000000 -0.491624 0.000000 0.870808 2.509956 2.509956 2.509956
2042.227051 0.000000 2502.354004 -0.000000 0.158734 0.000000 0.987321 2.509956 2.509956 2.509956
2038.586914 0.000000 2503.505127 0.000000 -0.891928 0.000000 -0.452178 2.509956 2.509956 2.509956
2040.294922 0.000000 2506.501953 0.000000 -0.648208 0.000000 -0.761463 2.509956 2.509956 2.509956
2049.302490 0.000000 2498.367676 0.000000 0.572278 0.000000 -0.820060 2.509956 2.509956 2.509956
2044.398315 0.000000 2359.872803 0.000000 0.802803 0.000000 0.596245 2.509956 2.509956 2.509956
2040.241211 0.000000 2361.720703 0.000000 0.616277 -0.000000 -0.787530 2.509956 2.509956 2.509956
2038.672485 0.000000 2362.720459 0.000000 0.200686 -0.000000 -0.979656 2.509956 2.509956 2.509956
2038.562134 0.000000 2358.558350 0.000000 0.378164 0.000000 0.925739 2.509956 2.509956 2.509956
2042.381470 0.000000 2359.142822 0.000000 -0.985415 0.000000 0.170167 2.509956 2.509956 2.509956
2042.115845 0.000000 2363.235107 0.000000 0.987653 0.000000 0.156654 2.509956 2.509956 2.509956
2039.022705 0.000000 2360.722168 0.000000 0.513077 0.000000 0.858343 2.509956 2.509956 2.509956
2041.486450 0.000000 2361.000977 0.000000 -0.999415 0.000000 -0.034195 2.509956 2.509956 2.509956
2043.282593 0.000000 2361.779541 0.000000 -0.951620 0.000000 -0.307277 2.509956 2.509956 2.509956
2040.354736 0.000000 2358.633789 0.000000 -0.597168 0.000000 0.802117 2.509956 2.509956 2.509956
2037.464111 0.000000 2361.062988 0.000000 -0.110003 0.000000 0.993931 2.509956 2.509956 2.509956
2039.988037 0.000000 2363.176514 0.000000 0.864372 0.000000 0.502852 2.509956 2.509956 2.509956
2039.523926 0.000000 2367.421143 0.000000 -0.640514 0.000000 -0.767947 2.509956 2.509956 2.509956
2038.014038 0.000000 2366.232666 0.000000 -0.552656 0.000000 -0.833409 2.509956 2.509956 2.509956
2041.811401 0.000000 2364.922607 0.000000 -0.714800 0.000000 -0.699329 2.509956 2.509956 2.509956
2042.710083 0.000000 2368.821777 0.000000 0.645461 -0.000000 -0.763793 2.509956 2.509956 2.509956
2038.644531 0.000000 2369.805908 0.000000 0.886913 0.000000 0.461936 2.509956 2.509956 2.509956
2040.033325 0.000000 2366.050537 0.000000 0.065930 -0.000000 -0.997824 2.509956 2.509956 2.509956
2040.672241 0.000000 2368.504639 0.000000 -0.297029 0.000000 0.954868 2.509956 2.509956 2.509956
2040.461914 0.000000 2370.483643 0.000000 -0.449007 0.000000 0.893528 2.509956 2.509956 2.509956
2042.425659 0.000000 2366.620850 0.000000 -0.942819 0.000000 -0.333304 2.509956 2.509956 2.509956
2039.168701 0.000000 2364.556885 0.000000 0.745012 0.000000 0.667051 2.509956 2.509956 2.509956
2037.988037 0.000000 2367.759033 0.000000 0.016571 -0.000000 -0.999863 2.509956 2.509956 2.509956
2034.195679 0.000000 2371.089600 0.000000 -0.634512 -0.000000 -0.772913 2.509956 2.509956 2.509956
2032.698730 0.000000 2369.894287 0.000000 -0.881180 0.000000 -0.472782 2.509956 2.509956 2.509956
2036.607544 0.000000 2368.623535 0.000000 0.784193 0.000000 -0.620518 2.509956 2.509956 2.509956
2037.415405 0.000000 2372.469727 0.000000 -0.735277 0.000000 0.677767 2.509956 2.509956 2.509956
2034.759766 0.000000 2369.703857 0.000000 -0.529289 0.000000 0.848442 2.509956 2.509956 2.509956
2035.300293 0.000000 2372.173828 0.000000 -0.801694 0.000000 -0.597735 2.509956 2.509956 2.509956
2035.148804 0.000000 2374.184814 0.000000 0.816002 0.000000 -0.578049 2.509956 2.509956 2.509956
2037.170532 0.000000 2370.109619 0.000000 0.316742 0.000000 0.948512 2.509956 2.509956 2.509956
2033.835449 0.000000 2368.200928 0.000000 -0.701470 -0.000000 -0.712699 2.509956 2.509956 2.509956
2039.130249 0.000000 2381.719482 0.000000 0.138645 -0.000000 -0.990342 2.509956 2.509956 2.509956
2037.561890 0.000000 2380.576172 0.000000 -0.460177 0.000000 0.887827 2.509956 2.509956 2.509956
2041.373413 0.000000 2379.298828 0.000000 -0.960964 0.000000 -0.276673 2.509956 2.509956 2.509956
2042.185425 0.000000 2383.084229 0.000000 0.025432 -0.000000 -0.999677 2.509956 2.509956 2.509956
2038.235474 0.000000 2384.152832 0.000000 0.617632 -0.000000 -0.786467 2.509956 2.509956 2.509956
2039.499268 0.000000 2380.334229 0.000000 0.856909 0.000000 0.515468 2.509956 2.509956 2.509956
2040.223511 0.000000 2382.889893 0.000000 -0.520343 0.000000 0.853957 2.509956 2.509956 2.509956
2039.791992 0.000000 2384.797119 0.000000 0.884176 0.000000 0.467153 2.509956 2.509956 2.509956
2041.999634 0.000000 2380.922363 0.000000 0.983048 0.000000 -0.183348 2.509956 2.509956 2.509956
2038.725220 0.000000 2379.029297 0.000000 0.966105 0.000000 -0.258151 2.509956 2.509956 2.509956
2037.476440 0.000000 2382.214844 0.000000 0.997955 0.000000 -0.063914 2.509956 2.509956 2.509956
2036.102295 0.000000 2379.271729 0.000000 -0.995252 0.000000 -0.097331 2.509956 2.509956 2.509956
2036.036743 0.000000 2377.025391 0.000000 0.137124 -0.000000 -0.990554 2.509956 2.509956 2.509956
2036.094116 0.000000 2386.220703 0.000000 -0.989342 0.000000 0.145612 2.509956 2.509956 2.509956
2048.001465 0.000000 2495.249756 0.000000 0.956897 0.000000 -0.290426 2.509956 2.509956 2.509956
2035.981934 0.000000 2383.936523 0.000000 -0.108380 -0.000000 -0.994110 2.509956 2.509956 2.509956
2051.858887 0.000000 2495.996094 -0.000000 -0.028274 0.000000 0.999600 2.509956 2.509956 2.509956
2051.171875 0.000000 2500.183594 0.000000 0.780510 0.000000 -0.625143 2.509956 2.509956 2.509956
2048.265625 0.000000 2497.450684 0.000000 0.348933 0.000000 0.937148 2.509956 2.509956 2.509956
2050.775635 0.000000 2497.748291 0.000000 -0.998832 0.000000 0.048313 2.509956 2.509956 2.509956
2052.488037 0.000000 2498.826660 0.000000 0.944071 0.000000 0.329743 2.509956 2.509956 2.509956
2049.718750 0.000000 2495.348633 0.000000 0.974971 0.000000 -0.222333 2.509956 2.509956 2.509956
2049.156006 0.000000 2499.885742 0.000000 0.632917 0.000000 -0.774219 2.509956 2.509956 2.509956
2042.484619 0.000000 2498.689453 -0.000000 -0.183760 0.000000 0.982971 2.509956 2.509956 2.509956
2040.883301 0.000000 2499.692139 0.000000 -0.808731 0.000000 -0.588179 2.509956 2.509956 2.509956
2041.183594 0.000000 2495.571533 -0.000000 0.085075 0.000000 0.996375 2.509956 2.509956 2.509956
2044.354004 0.000000 2500.505615 0.000000 0.768473 0.000000 0.639882 2.509956 2.509956 2.509956
2041.447998 0.000000 2497.772705 0.000000 -0.522151 0.000000 0.852853 2.509956 2.509956 2.509956
2039.779541 0.000000 2497.874268 0.000000 -0.792340 0.000000 -0.610080 2.509956 2.509956 2.509956
2042.338379 0.000000 2500.207520 0.000000 -0.930690 0.000000 -0.365809 2.509956 2.509956 2.509956
2039.702393 0.000000 2492.130371 0.000000 -0.982723 0.000000 -0.185082 2.509956 2.509956 2.509956
2039.195312 0.000000 2496.016113 0.000000 -0.044765 0.000000 0.998998 2.509956 2.509956 2.509956
2039.695312 0.000000 2493.818848 0.000000 0.071043 0.000000 0.997473 2.509956 2.509956 2.509956
2046.535156 0.000000 2514.865723 0.000000 -0.682827 0.000000 -0.730580 2.509956 2.509956 2.509956
2044.933594 0.000000 2515.868408 0.000000 -0.122696 -0.000000 -0.992444 2.509956 2.509956 2.509956
2045.234131 0.000000 2511.747803 -0.000000 -0.056564 0.000000 0.998399 2.509956 2.509956 2.509956
2049.091553 0.000000 2512.494141 0.000000 -0.980123 0.000000 -0.198391 2.509956 2.509956 2.509956
2048.404541 0.000000 2516.681641 0.000000 -0.658757 0.000000 0.752356 2.509956 2.509956 2.509956
2045.498291 0.000000 2513.948730 0.000000 -0.153004 0.000000 0.988225 2.509956 2.509956 2.509956
2048.008301 0.000000 2514.246338 0.000000 -0.965136 0.000000 0.261748 2.509956 2.509956 2.509956
2049.720703 0.000000 2515.324707 -0.000000 -0.373227 0.000000 0.927740 2.509956 2.509956 2.509956
2046.951416 0.000000 2511.846680 0.000000 0.128112 0.000000 -0.991760 2.509956 2.509956 2.509956
2043.829834 0.000000 2514.050537 -0.000000 0.232768 0.000000 0.972532 2.509956 2.509956 2.509956
2046.388672 0.000000 2516.383789 0.000000 0.127946 0.000000 0.991781 2.509956 2.509956 2.509956
2039.717285 0.000000 2515.187500 0.000000 -0.437890 0.000000 -0.899029 2.509956 2.509956 2.509956
2038.115967 0.000000 2516.190186 0.000000 0.274638 -0.000000 -0.961548 2.509956 2.509956 2.509956
2042.273926 0.000000 2512.816162 0.000000 0.317713 0.000000 0.948187 2.509956 2.509956 2.509956
2041.586670 0.000000 2517.003662 0.000000 0.336024 0.000000 0.941853 2.509956 2.509956 2.509956
2038.680664 0.000000 2514.270752 0.000000 0.255888 0.000000 0.966706 2.509956 2.509956 2.509956
2041.190430 0.000000 2514.568115 0.000000 -0.984945 0.000000 -0.172867 2.509956 2.509956 2.509956
2042.903076 0.000000 2515.646729 0.000000 -0.061258 0.000000 -0.998122 2.509956 2.509956 2.509956
2040.133789 0.000000 2512.168457 0.000000 0.514632 0.000000 0.857411 2.509956 2.509956 2.509956
2037.012207 0.000000 2514.372314 0.000000 0.923616 0.000000 -0.383320 2.509956 2.509956 2.509956
2039.571045 0.000000 2516.705566 0.000000 0.611995 0.000000 0.790862 2.509956 2.509956 2.509956
2032.339844 0.000000 2512.251709 0.000000 0.532383 0.000000 -0.846503 2.509956 2.509956 2.509956
1977.331665 0.000000 2632.841064 0.000000 -0.762737 0.000000 -0.646709 1.776395 1.776395 1.776395
1978.044678 0.000000 2633.113770 0.000000 -0.548384 0.000000 0.836227 1.776395 1.776395 1.776395
1977.434082 0.000000 2633.572998 0.000000 -0.990579 0.000000 0.136941 1.776395 1.776395 1.776395
1974.386353 0.000000 2631.088623 0.000000 -0.811132 0.000000 0.584863 1.776395 1.776395 1.776395
1973.842896 0.000000 2630.627686 0.000000 0.679838 0.000000 0.733362 1.776395 1.776395 1.776395
1973.400513 0.000000 2629.950928 0.000000 -0.815239 0.000000 0.579124 1.776395 1.776395 1.776395
1974.553467 0.000000 2630.427246 0.000000 -0.105256 0.000000 0.994445 1.776395 1.776395 1.776395
1968.782959 0.000000 2631.203857 0.000000 -0.376765 0.000000 0.926309 1.776395 1.776395 1.776395
1968.131836 0.000000 2631.557373 0.000000 0.965492 0.000000 0.260433 1.776395 1.776395 1.776395
1967.329834 0.000000 2631.594727 0.000000 -0.383293 0.000000 0.923627 1.776395 1.776395 1.776395
1968.223877 0.000000 2630.797607 0.000000 0.438863 0.000000 0.898554 1.776395 1.776395 1.776395
1967.276733 0.000000 2632.695068 0.000000 -0.177861 0.000000 0.984056 1.776395 1.776395 1.776395
1966.614624 0.000000 2633.050293 0.000000 0.530362 0.000000 0.847771 1.776395 1.776395 1.776395
1965.842896 0.000000 2633.085205 0.000000 0.991148 0.000000 -0.132765 1.776395 1.776395 1.776395
1966.718262 0.000000 2632.284180 -0.000000 0.369180 0.000000 0.929358 1.776395 1.776395 1.776395
1969.855103 0.000000 2630.219238 0.000000 -0.177861 0.000000 0.984056 1.776395 1.776395 1.776395
1969.192993 0.000000 2630.574707 0.000000 0.530362 0.000000 0.847771 1.776395 1.776395 1.776395
1968.421265 0.000000 2630.609375 0.000000 0.991148 0.000000 -0.132765 1.776395 1.776395 1.776395
1969.296631 0.000000 2629.808594 -0.000000 0.369180 0.000000 0.929358 1.776395 1.776395 1.776395
1968.275269 0.000000 2631.533203 0.000000 0.529056 0.000000 -0.848587 1.776395 1.776395 1.776395
1967.622192 0.000000 2631.882324 0.000000 0.997003 0.000000 -0.077367 1.776395 1.776395 1.776395
1966.830566 0.000000 2631.942627 0.000000 0.779270 0.000000 0.626688 1.776395 1.776395 1.776395
1967.722046 0.000000 2631.130371 0.000000 -0.773944 0.000000 -0.633253 1.776395 1.776395 1.776395
1967.913940 0.000000 2633.062500 0.000000 -0.746918 0.000000 -0.664916 1.776395 1.776395 1.776395
1967.185425 0.000000 2633.083008 0.000000 0.868748 0.000000 0.495254 1.776395 1.776395 1.776395
1966.459473 0.000000 2632.816406 0.000000 0.868748 0.000000 0.495254 1.776395 1.776395 1.776395
1967.592163 0.000000 2632.442383 0.000000 0.000000 0.000000 1.000000 1.776395 1.776395 1.776395
1741.475586 0.000000 3320.076416 0.000000 -0.939749 0.000000 0.341865 1.000000 1.000000 1.000000
1741.090820 0.000000 3318.707764 0.000000 0.844916 0.000000 -0.534898 1.000000 1.000000 1.000000
1742.845825 0.000000 3320.339355 0.000000 -0.428309 0.000000 -0.903632 1.000000 1.000000 1.000000
1748.310059 0.000000 3317.741943 0.000000 -0.325167 -0.000000 -0.945657 1.000000 1.000000 1.000000
1747.405151 0.000000 3316.389648 0.000000 0.575600 0.000000 0.817732 1.000000 1.000000 1.000000
1745.878906 0.000000 3316.169189 0.000000 0.092543 0.000000 0.995709 1.000000 1.000000 1.000000
1747.317261 0.000000 3318.197021 0.000000 0.955174 0.000000 0.296045 1.000000 1.000000 1.000000
1746.144043 0.000000 3319.134521 0.000000 0.162428 0.000000 0.986720 1.000000 1.000000 1.000000
1745.148193 0.000000 3320.399658 0.000000 -0.946427 0.000000 0.322918 1.000000 1.000000 1.000000
1743.841309 0.000000 3320.163086 0.000000 -0.908977 0.000000 0.416846 1.000000 1.000000 1.000000
1745.810181 0.000000 3316.454834 0.000000 -0.994864 0.000000 -0.101225 1.000000 1.000000 1.000000
1746.617554 0.000000 3317.958008 -0.000000 -0.107986 0.000000 0.994152 1.000000 1.000000 1.000000
1746.540771 0.000000 3315.729004 0.000000 -0.489277 0.000000 -0.872128 1.000000 1.000000 1.000000
1741.011353 0.000000 3317.702148 0.000000 -0.971401 0.000000 0.237445 1.000000 1.000000 1.000000
1553.014648 0.000000 3256.639404 0.000000 0.000000 0.000000 1.000000 1.000000 1.000000 1.000000
1549.231812 0.000000 3255.418457 0.000000 0.000000 0.000000 1.000000 1.000000 1.000000 1.000000
1547.990356 0.000000 3251.530029 0.000000 0.000000 0.000000 1.000000 1.685799 1.685799 1.685799
1553.238159 0.000000 3251.575928 0.000000 0.000000 0.000000 1.000000 1.214478 1.214478 1.214478
1559.513428 0.000000 3255.707031 0.000000 0.000000 0.000000 1.000000 1.214478 1.214478 1.214478
1558.469482 0.000000 3257.402344 0.000000 0.000000 0.000000 1.000000 1.944152 1.944152 1.944152
1555.883423 0.000000 3257.522705 0.000000 0.000000 0.000000 1.000000 1.944152 1.944152 1.944152
1538.727173 0.000000 3251.296143 0.000000 0.000000 0.000000 1.000000 1.944152 1.944152 1.944152
1552.181763 0.000000 3257.806885 0.000000 0.000000 0.000000 1.000000 1.944152 1.944152 1.944152
1552.861084 0.000000 3252.601074 0.000000 0.000000 0.000000 1.000000 1.944152 1.944152 1.944152
1551.550415 0.000000 3251.151855 0.000000 0.000000 0.000000 1.000000 1.944152 1.944152 1.944152
1546.265137 0.000000 3251.423584 0.000000 0.000000 0.000000 1.000000 1.944152 1.944152 1.944152
1537.882080 0.000000 3250.543457 0.000000 0.000000 0.000000 1.000000 1.944152 1.944152 1.944152
1542.706055 0.000000 3251.202393 0.000000 0.000000 0.000000 1.000000 1.944152 1.944152 1.944152
1554.277832 0.000000 3255.538574 0.000000 0.000000 0.000000 1.000000 1.944152 1.944152 1.944152
1549.742065 0.000000 3255.028564 0.000000 0.000000 0.000000 1.000000 1.944152 1.944152 1.944152
1052.174194 0.000000 2089.637451 0.000000 0.000000 0.000000 1.000000 1.000000 1.000000 1.000000
1040.224121 0.000000 2068.522705 0.000000 0.997392 0.000000 -0.072171 1.077912 1.077912 1.077912
1040.669189 0.000000 2066.565430 0.000000 0.997392 0.000000 -0.072171 1.308108 1.308108 1.308108
1045.039185 0.000000 2065.517090 0.000000 0.997392 0.000000 -0.072171 1.308108 1.308108 1.308108
1040.190674 0.000000 2067.680908 0.000000 0.911065 0.000000 -0.412264 1.308108 1.308108 1.308108
1041.977661 0.000000 2066.658203 0.000000 -0.122143 0.000000 0.992512 1.308108 1.308108 1.308108
1039.401367 0.000000 2066.293213 0.000000 0.677001 0.000000 0.735982 1.308108 1.308108 1.308108
1051.245972 0.000000 2081.214600 0.000000 0.677001 0.000000 0.735982 0.952942 0.952942 0.952942
1048.691162 0.000000 2080.802490 0.000000 0.677001 0.000000 0.735982 0.952942 0.952942 0.952942
1047.420532 0.000000 2081.206299 0.000000 0.677001 0.000000 0.735982 0.952942 0.952942 0.952942
1051.431641 0.000000 2088.812988 0.000000 0.677001 0.000000 0.735982 0.952942 0.952942 0.952942
1051.980835 0.000000 2077.192383 0.000000 0.677001 0.000000 0.735982 0.952942 0.952942 0.952942
1049.983887 0.000000 2080.516357 0.000000 0.677001 0.000000 0.735982 0.952942 0.952942 0.952942
1045.979370 0.000000 2075.600098 0.000000 0.677001 0.000000 0.735982 0.952942 0.952942 0.952942
1047.064087 0.000000 2079.763184 0.000000 0.677001 0.000000 0.735982 0.952942 0.952942 0.952942
1051.036621 0.000000 2073.614502 0.000000 0.677001 0.000000 0.735982 0.952942 0.952942 0.952942
1046.006836 0.000000 2071.990723 0.000000 0.677001 0.000000 0.735982 0.952942 0.952942 0.952942
1049.265137 0.000000 2077.179688 0.000000 0.677001 0.000000 0.735982 1.615450 1.615450 1.615450
1052.076660 0.000000 2080.440918 0.000000 0.677001 0.000000 0.735982 1.238328 1.238328 1.238328
1052.796509 0.000000 2088.441650 0.000000 0.677001 0.000000 0.735982 1.238328 1.238328 1.238328
1053.980835 0.000000 2089.615479 0.000000 0.000000 0.000000 1.000000 1.576831 1.576831 1.576831
"}
object={
	name="Road_15"
	render_pass=Map
	clamp_to_water_level=no
	generated_content=no
	layer="AGOT_roads"
	pdxmesh="15_mesh"
	count=55
	transform="3240.877930 0.000000 5399.326660 0.000000 0.000000 0.000000 1.000000 1.000000 1.000000 1.000000
1435.523682 0.000000 3646.847168 0.000000 0.011307 0.000000 0.999936 1.000000 1.000000 1.000000
1418.383179 0.000000 4204.724609 0.000000 0.072735 0.000000 0.997351 1.000000 1.000000 1.000000
1382.814819 0.000000 4434.131348 0.000000 -0.998749 0.000000 -0.050002 1.000000 1.000000 1.000000
1686.115112 0.000000 3057.552246 0.000000 -0.999571 0.000000 0.029303 1.000000 1.000000 1.000000
1662.042847 0.000000 3092.522217 0.000000 -0.963809 0.000000 -0.266593 1.000000 1.000000 1.000000
1644.563843 0.000000 3139.046875 0.000000 0.285390 0.000000 0.958411 1.000000 1.000000 1.000000
1626.928589 0.000000 3334.041504 0.000000 0.015282 0.000000 -0.999883 1.000000 1.000000 1.000000
1624.244995 0.000000 3325.659668 0.000000 0.992027 0.000000 -0.126026 1.000000 1.000000 1.000000
1537.229248 0.000000 3413.951172 0.000000 0.520445 0.000000 -0.853895 1.000000 1.000000 1.000000
1544.904297 0.000000 3451.608398 0.000000 0.111620 0.000000 -0.993751 1.000000 1.000000 1.000000
1504.287598 0.000000 3528.438721 0.000000 0.988352 0.000000 0.152188 1.000000 1.000000 1.000000
1528.278198 0.000000 3485.259033 0.000000 -0.165736 0.000000 0.986170 1.000000 1.000000 1.000000
1433.529419 0.000000 3443.790039 0.000000 0.545360 0.000000 -0.838202 1.000000 1.000000 1.000000
1433.463623 0.000000 3443.951172 0.000000 0.867075 0.000000 0.498177 1.000000 1.000000 1.000000
1479.652832 0.000000 3426.075439 0.000000 -0.471923 0.000000 0.881640 1.000000 1.000000 1.000000
1055.100464 0.000000 3262.741455 0.000000 0.576402 0.000000 0.817166 1.000000 1.000000 1.000000
1100.291138 0.000000 3281.712402 0.000000 0.733918 0.000000 -0.679238 1.000000 1.000000 1.000000
975.310059 0.000000 3238.357422 0.000000 0.759274 0.000000 -0.650771 1.000000 1.000000 1.000000
1005.360413 0.000000 3244.006836 0.000000 0.697904 0.000000 -0.716191 1.000000 1.000000 1.000000
850.425720 0.000000 3100.304932 0.000000 0.522617 0.000000 -0.852567 1.000000 1.000000 1.000000
870.659912 0.000000 3101.720459 0.000000 -0.781560 0.000000 -0.623830 1.000000 1.000000 1.000000
1183.186401 0.000000 3008.776611 0.000000 -0.417777 0.000000 0.908549 1.000000 1.000000 1.000000
1152.300415 0.000000 3023.729492 0.000000 0.547022 0.000000 -0.837118 1.000000 1.000000 1.000000
1307.927368 0.000000 3011.010254 0.000000 0.577492 0.000000 -0.816397 1.000000 1.000000 1.000000
1381.818115 0.000000 3034.083496 0.000000 -0.772402 0.000000 0.635134 1.000000 1.000000 1.000000
1516.689331 0.000000 3050.422363 0.000000 0.579744 0.000000 -0.814799 1.000000 1.000000 1.000000
1467.850830 0.000000 3058.780029 0.000000 0.826934 0.000000 0.562299 1.000000 1.000000 1.000000
1552.273071 0.000000 3017.764648 0.000000 0.958032 0.000000 0.286660 1.000000 1.000000 1.000000
1552.423340 0.000000 3017.460205 0.000000 -0.229414 0.000000 0.973329 1.000000 1.000000 1.000000
1537.497681 0.000000 3037.122803 0.000000 -0.396835 0.000000 0.917890 1.000000 1.000000 1.000000
1711.390503 0.000000 3499.557129 0.000000 -0.989642 0.000000 0.143556 1.000000 1.000000 1.000000
1752.415405 0.000000 3524.831299 0.000000 -0.641990 0.000000 -0.766713 1.000000 1.000000 1.000000
1752.638550 0.000000 3524.861572 0.000000 0.830558 0.000000 -0.556932 1.000000 1.000000 1.000000
1746.362671 0.000000 2896.822266 0.000000 -0.379313 0.000000 0.925269 1.000000 1.000000 1.000000
1825.034424 0.000000 2826.601807 0.000000 0.351240 0.000000 -0.936285 1.000000 1.000000 1.000000
1906.570679 0.000000 2740.605469 0.000000 -0.302658 0.000000 0.953099 1.000000 1.000000 1.000000
1651.376831 0.000000 2858.296875 0.000000 0.279374 0.000000 0.960182 1.000000 1.000000 1.000000
1635.426270 0.000000 2838.722412 0.000000 0.713482 0.000000 -0.700674 1.000000 1.000000 1.000000
1491.740112 0.000000 2816.916260 0.000000 -0.759090 0.000000 -0.650986 1.000000 1.000000 1.000000
1541.315918 0.000000 2818.070312 0.000000 0.642341 0.000000 -0.766419 1.000000 1.000000 1.000000
1370.367188 0.000000 2799.559570 0.000000 -0.687483 0.000000 -0.726201 1.000000 1.000000 1.000000
1370.654663 0.000000 2799.519043 0.000000 0.696627 0.000000 -0.717434 1.000000 1.000000 1.000000
1204.772583 0.000000 2693.195557 0.000000 0.552052 0.000000 0.833809 1.000000 1.000000 1.000000
1180.929443 0.000000 2687.779541 0.000000 -0.692420 0.000000 -0.721495 1.000000 1.000000 1.000000
1091.969116 0.000000 2633.485596 0.000000 -0.402494 0.000000 -0.915423 1.000000 1.000000 1.000000
1054.087769 0.000000 2572.042969 0.000000 -0.996467 0.000000 0.083988 1.000000 1.000000 1.000000
1031.864624 0.000000 2523.542969 0.000000 0.900187 0.000000 -0.435503 1.000000 1.000000 1.000000
950.215515 0.000000 2427.631836 0.000000 0.339928 0.000000 0.940452 1.000000 1.000000 1.000000
972.905518 0.000000 2555.849609 0.000000 -0.274117 0.000000 0.961696 1.000000 1.000000 1.000000
852.413086 0.000000 2658.947754 0.000000 -0.825292 0.000000 0.564707 1.000000 1.000000 1.000000
876.947571 0.000000 2660.802979 0.000000 0.666854 0.000000 -0.745188 1.000000 1.000000 1.000000
740.720276 0.000000 2736.957764 0.000000 -0.384728 0.000000 0.923030 1.000000 1.000000 1.000000
700.603027 0.000000 2884.636475 0.000000 0.993627 0.000000 -0.112718 1.000000 1.000000 1.000000
705.345337 0.000000 2905.313965 0.000000 0.481714 0.000000 0.876329 1.000000 1.000000 1.000000
"}
object={
	name="Road_15 Medium"
	render_pass=Map
	clamp_to_water_level=no
	generated_content=no
	layer="AGOT_roads"
	pdxmesh="15medium_mesh"
	count=45
	transform="3258.107666 0.000000 5400.714844 0.000000 0.000000 0.000000 1.000000 1.000000 1.000000 1.000000
1414.299072 0.000000 3714.013184 0.000000 -0.035667 0.000000 0.999364 1.000000 1.000000 1.000000
1414.113525 0.000000 3714.106445 0.000000 -0.998719 0.000000 0.050603 1.000000 1.000000 1.000000
1414.309326 0.000000 4239.357422 0.000000 0.993331 0.000000 0.115293 1.000000 1.000000 1.000000
1407.049561 0.000000 4250.188477 0.000000 -0.473671 0.000000 0.880702 1.097119 1.097119 1.097119
1381.047241 0.000000 4331.960449 0.000000 -0.019149 0.000000 0.999817 1.000000 1.000000 1.000000
1380.013306 0.000000 4321.721191 0.000000 0.080358 0.000000 0.996766 1.000000 1.000000 1.000000
1381.867432 0.000000 4572.230469 0.000000 0.995853 0.000000 0.090980 1.000000 1.000000 1.000000
1662.280640 0.000000 3092.391357 0.000000 0.256447 0.000000 -0.966558 1.000000 1.000000 1.000000
1655.440796 0.000000 3104.475342 0.000000 0.067393 0.000000 0.997727 1.000000 1.000000 1.000000
1621.664917 0.000000 3358.164795 0.000000 -0.172413 0.000000 0.985024 1.000000 1.000000 1.000000
1503.675537 0.000000 3424.276855 0.000000 -0.832051 0.000000 -0.554700 1.000000 1.000000 1.000000
1582.453491 0.000000 3399.979492 0.000000 -0.984421 0.000000 -0.175828 1.000000 1.000000 1.000000
1391.873047 0.000000 3450.752441 0.000000 0.759493 0.000000 0.650515 1.000000 1.000000 1.000000
1392.065552 0.000000 3450.899902 0.000000 0.623224 0.000000 -0.782044 1.000000 1.000000 1.000000
1381.845459 0.000000 3452.487549 0.000000 0.693300 0.000000 -0.720649 1.000000 1.000000 1.000000
1268.416016 0.000000 3379.183350 0.000000 0.248631 0.000000 0.968598 1.000000 1.000000 1.000000
1198.727783 0.000000 3341.624756 0.000000 0.996593 0.000000 -0.082476 1.000000 1.000000 1.000000
813.423218 0.000000 3170.265869 0.000000 -0.592822 0.000000 -0.805334 1.000000 1.000000 1.000000
1152.086182 0.000000 3023.785156 0.000000 0.815353 0.000000 0.578964 1.000000 1.000000 1.000000
1233.656006 0.000000 2996.995850 0.000000 0.582526 0.000000 -0.812812 1.000000 1.000000 1.000000
1598.202271 0.000000 2975.752197 0.000000 -0.040584 0.000000 -0.999176 1.000000 1.000000 1.000000
1590.766357 0.000000 3425.302734 0.000000 0.235113 0.000000 0.971968 1.000000 1.000000 1.000000
1798.552734 0.000000 3537.864502 0.000000 0.354758 0.000000 0.934958 1.000000 1.000000 1.000000
942.501465 0.000000 3114.672363 0.000000 -0.586266 0.000000 0.810119 1.000000 1.000000 1.000000
1698.865723 0.000000 2892.940674 0.000000 0.927394 0.000000 -0.374087 1.000000 1.000000 1.000000
1962.585693 0.000000 2692.452881 0.000000 0.091501 0.000000 0.995805 1.000000 1.000000 1.000000
1592.686646 0.000000 2824.620605 0.000000 0.873192 0.000000 -0.487377 1.000000 1.000000 1.000000
1330.469604 0.000000 2778.791016 0.000000 0.381627 0.000000 0.924316 1.000000 1.000000 1.000000
1290.628418 0.000000 2741.873535 0.000000 0.364306 0.000000 -0.931279 1.000000 1.000000 1.000000
1140.168091 0.000000 2678.534668 0.000000 0.756946 0.000000 0.653477 1.000000 1.000000 1.000000
1081.652588 0.000000 2610.597168 0.000000 0.438614 0.000000 0.898676 1.000000 1.000000 1.000000
1069.562988 0.000000 2542.242432 0.000000 0.878479 0.000000 -0.477782 1.000000 1.000000 1.000000
1077.743530 0.000000 2548.287842 0.000000 0.878479 0.000000 -0.477782 1.000000 1.000000 1.000000
1010.074097 0.000000 2495.996094 0.000000 0.308970 0.000000 0.951072 1.000000 1.000000 1.000000
994.116638 0.000000 2474.817871 0.000000 0.896460 0.000000 -0.443124 1.000000 1.000000 1.000000
936.793701 0.000000 2399.655518 0.000000 0.986763 0.000000 0.162171 1.000000 1.000000 1.000000
857.417114 0.000000 2277.731689 0.000000 0.478816 0.000000 0.877915 1.000000 1.000000 1.000000
904.552612 0.000000 2594.379150 0.000000 -0.527521 0.000000 0.849542 1.000000 1.000000 1.000000
749.379517 0.000000 2948.294922 0.000000 0.201813 0.000000 0.979424 1.000000 1.000000 1.000000
730.453003 0.000000 2998.588379 0.000000 0.941089 0.000000 0.338158 1.000000 1.000000 1.000000
764.869446 0.000000 3041.971191 0.000000 0.993440 0.000000 -0.114355 1.000000 1.000000 1.000000
788.756653 0.000000 3062.271973 0.000000 -0.458524 0.000000 0.888682 1.000000 1.000000 1.000000
788.537354 0.000000 3061.840576 0.000000 0.314219 0.000000 0.949351 1.000000 1.000000 1.000000
795.488098 0.000000 2266.205811 0.000000 0.760807 0.000000 0.648978 1.075024 1.075024 1.075024
"}
object={
	name="Road_15 Short "
	render_pass=Map
	clamp_to_water_level=no
	generated_content=no
	layer="AGOT_roads"
	pdxmesh="15short_mesh"
	count=37
	transform="3262.811768 0.000000 5400.785156 0.000000 0.000000 0.000000 1.000000 1.000000 1.000000 1.000000
1377.913086 0.000000 4315.765137 0.000000 0.241915 0.000000 0.970297 1.000000 1.000000 1.000000
1650.509155 0.000000 3125.561279 0.000000 -0.460381 0.000000 0.887722 1.000000 1.000000 1.000000
1651.675293 0.000000 3180.307861 0.000000 -0.997046 0.000000 0.076809 1.000000 1.000000 1.000000
1653.312134 0.000000 3167.957275 0.000000 -0.048443 0.000000 0.998826 1.000000 1.000000 1.000000
1654.047241 0.000000 3161.798340 0.000000 0.028484 0.000000 0.999594 1.000000 1.000000 1.000000
1583.358032 0.000000 3383.067627 0.000000 -0.719740 0.000000 -0.694244 1.000000 1.000000 1.000000
1583.496094 0.000000 3383.042236 0.000000 -0.733375 0.000000 0.679825 1.000000 1.000000 1.000000
1571.103760 0.000000 3380.243408 0.000000 0.693516 0.000000 0.720442 1.000000 1.000000 1.000000
1567.302734 0.000000 3408.816895 0.000000 -0.091410 0.000000 0.995813 1.000000 1.000000 1.000000
975.102844 0.000000 3238.398926 0.000000 -0.665608 0.000000 -0.746301 1.000000 1.000000 1.000000
1233.606079 0.000000 2997.024414 0.000000 0.816447 0.000000 0.577420 1.000000 1.000000 1.000000
1353.412842 0.000000 3021.525391 0.000000 0.554251 0.000000 0.832349 1.000000 1.000000 1.000000
1353.556641 0.000000 3021.547119 0.000000 0.796306 0.000000 -0.604894 1.000000 1.000000 1.000000
1342.077881 0.000000 3016.278809 0.000000 0.607002 0.000000 0.794700 1.000000 1.000000 1.000000
1569.444214 0.000000 2999.992432 0.000000 -0.886776 0.000000 -0.462199 1.000000 1.000000 1.000000
1623.321411 0.000000 2954.504883 0.000000 -0.573111 0.000000 -0.819478 1.000000 1.000000 1.000000
1616.410889 0.000000 3445.803223 0.000000 -0.934981 0.000000 0.354697 1.000000 1.000000 1.000000
1658.736938 0.000000 3438.784668 0.000000 0.820401 0.000000 0.571788 1.000000 1.000000 1.000000
1804.563599 0.000000 3557.956055 0.000000 0.461735 0.000000 0.887018 1.000000 1.000000 1.000000
1798.686768 0.000000 2859.388672 0.000000 -0.997423 0.000000 0.071742 1.000000 1.000000 1.000000
1864.767212 0.000000 2829.066895 0.000000 -0.846732 0.000000 0.532020 1.000000 1.000000 1.000000
1874.356445 0.000000 2816.479736 0.000000 -0.914072 0.000000 0.405552 1.000000 1.000000 1.000000
1400.359741 0.000000 2807.724121 0.000000 -0.774317 0.000000 0.632798 1.000000 1.000000 1.000000
1301.991821 0.000000 2742.280029 0.000000 0.316340 0.000000 0.948646 1.000000 1.000000 1.000000
936.615173 0.000000 2368.794189 0.000000 0.163306 0.000000 -0.986575 1.000000 1.000000 1.000000
932.137085 0.000000 2354.039307 0.000000 0.981827 0.000000 0.189778 1.000000 1.000000 1.000000
857.585754 0.000000 2277.831543 0.000000 0.833411 0.000000 -0.552654 1.000000 1.000000 1.000000
812.779297 0.000000 2649.375488 0.000000 -0.610041 0.000000 0.792370 1.000000 1.000000 1.000000
697.446533 0.000000 2782.267090 0.000000 -0.995015 0.000000 0.099721 1.000000 1.000000 1.000000
730.113953 0.000000 3004.685547 0.000000 0.414963 0.000000 0.909838 1.000000 1.000000 1.000000
749.133850 0.000000 3020.446777 0.000000 0.763484 0.000000 0.645827 1.000000 1.000000 1.000000
768.136963 0.000000 3047.385254 0.000000 0.940688 0.000000 -0.339272 1.000000 1.000000 1.000000
767.930725 0.000000 3047.248291 0.000000 0.276809 0.000000 0.960925 1.000000 1.000000 1.000000
772.690247 0.000000 3059.583252 0.000000 0.969662 0.000000 -0.244450 1.096704 1.096704 1.096704
772.489929 0.000000 3059.525391 0.000000 0.283927 0.000000 0.958846 1.000000 1.000000 1.000000
774.933655 0.000000 3047.746094 0.000000 -0.460936 0.000000 0.887433 1.000000 1.000000 1.000000
"}
object={
	name="Road_150"
	render_pass=Map
	clamp_to_water_level=no
	generated_content=no
	layer="AGOT_roads"
	pdxmesh="curve_mesh"
	count=2
	transform="3247.487793 0.000000 5435.380859 0.000000 0.000000 0.000000 1.000000 1.000000 1.000000 1.000000
1874.307373 0.000000 2816.333984 0.000000 0.387655 0.000000 0.921804 1.000000 1.000000 1.000000
"}
object={
	name="Road_150 Medium"
	render_pass=Map
	clamp_to_water_level=no
	generated_content=no
	layer="AGOT_roads"
	pdxmesh="curvemedium_mesh"
	count=5
	transform="3261.837891 0.000000 5434.578125 0.000000 0.000000 0.000000 1.000000 1.000000 1.000000 1.000000
1310.844604 0.000000 3007.630371 0.000000 0.989820 0.000000 -0.142327 1.000000 1.000000 1.000000
1622.009033 0.000000 3444.881592 0.000000 -0.945922 0.000000 -0.324395 1.000000 1.000000 1.000000
1221.835938 0.000000 2723.069824 0.000000 -0.752250 0.000000 0.658877 1.000000 1.000000 1.000000
872.102051 0.000000 2621.577881 0.000000 -0.850240 0.000000 0.526395 1.000000 1.000000 1.000000
"}
object={
	name="Road_45"
	render_pass=Map
	clamp_to_water_level=no
	generated_content=no
	layer="AGOT_roads"
	pdxmesh="45_mesh"
	count=43
	transform="3295.227539 0.000000 5400.986328 0.000000 0.000000 0.000000 1.000000 1.000000 1.000000 1.000000
1439.960815 0.000000 3606.306152 0.000000 0.002823 0.000000 0.999996 1.000000 1.000000 1.000000
1431.428467 0.000000 3671.257324 0.000000 -0.072340 0.000000 0.997380 1.000000 1.000000 1.000000
1384.066040 0.000000 3782.546875 0.000000 -0.252442 0.000000 0.967612 1.000000 1.000000 1.000000
1391.267944 0.000000 4266.772949 0.000000 0.059566 0.000000 0.998224 1.000000 1.000000 1.000000
1362.344971 0.000000 4498.481445 0.000000 0.524536 0.000000 0.851388 1.000000 1.000000 1.000000
1344.154907 0.000000 4620.164062 0.000000 0.412893 0.000000 0.910779 1.000000 1.000000 1.000000
1545.956421 0.000000 3404.639160 0.000000 -0.995306 0.000000 -0.096777 1.000000 1.000000 1.000000
1327.229858 0.000000 3432.730225 0.000000 0.677800 0.000000 0.735246 1.000000 1.000000 1.000000
1371.486206 0.000000 3452.104004 0.000000 0.705947 0.000000 -0.708265 1.000000 1.000000 1.000000
1288.277954 0.000000 3407.120117 0.000000 -0.859966 0.000000 0.510352 1.000000 1.000000 1.000000
1239.352661 0.000000 3362.526123 0.000000 0.766451 0.000000 -0.642303 1.000000 1.000000 1.000000
1133.660034 0.000000 3297.962891 0.000000 0.728359 0.000000 -0.685195 1.000000 1.000000 1.000000
1005.199097 0.000000 3244.089844 0.000000 0.633569 0.000000 0.773686 1.000000 1.000000 1.000000
920.932495 0.000000 3235.297607 0.000000 -0.899085 0.000000 -0.437774 1.000000 1.000000 1.000000
967.642822 0.000000 3117.197754 0.000000 0.778366 0.000000 0.627810 1.000000 1.000000 1.000000
1037.784058 0.000000 3119.134033 0.000000 0.616446 0.000000 -0.787397 1.000000 1.000000 1.000000
1093.398682 0.000000 3098.054932 0.000000 -0.386361 0.000000 0.922348 1.000000 1.000000 1.000000
1098.003418 0.000000 3086.298828 0.000000 0.995311 0.000000 0.096722 1.000000 1.000000 1.000000
1239.839478 0.000000 2995.987061 0.000000 0.703647 0.000000 0.710549 1.000000 1.000000 1.000000
1283.601929 0.000000 3014.735352 0.000000 0.731311 0.000000 -0.682044 1.000000 1.000000 1.000000
1342.083252 0.000000 3016.155029 0.000000 -0.760683 0.000000 0.649124 1.000000 1.000000 1.000000
1664.796143 0.000000 3437.691650 0.000000 -0.722910 0.000000 -0.690942 1.000000 1.000000 1.000000
1708.636230 0.000000 2927.415283 0.000000 0.975715 0.000000 0.219045 1.000000 1.000000 1.000000
1824.820068 0.000000 2826.779053 -0.000000 0.900582 0.000000 0.434686 1.000000 1.000000 1.000000
1874.686279 0.000000 2777.545898 0.000000 0.992563 0.000000 0.121733 1.000000 1.000000 1.000000
1970.977905 0.000000 2645.985596 0.000000 0.111856 0.000000 0.993724 1.000000 1.000000 1.000000
1962.608643 0.000000 2692.519775 0.000000 0.997276 0.000000 -0.073759 1.000000 1.000000 1.000000
1561.364624 0.000000 2811.277344 0.000000 -0.729905 0.000000 -0.683549 1.000000 1.000000 1.000000
1412.845825 0.000000 2805.545166 0.000000 -0.847683 0.000000 -0.530503 1.000000 1.000000 1.000000
1264.760010 0.000000 2756.502930 0.000000 0.777018 0.000000 -0.629479 1.030786 1.030786 1.030786
1181.177246 0.000000 2687.731934 0.000000 -0.687711 0.000000 0.725985 1.000000 1.000000 1.000000
1081.687256 0.000000 2610.577148 0.000000 0.866188 0.000000 -0.499719 1.000000 1.000000 1.000000
1039.097900 0.000000 2526.453613 0.000000 0.694910 0.000000 0.719096 1.000000 1.000000 1.000000
979.528076 0.000000 2466.268066 0.000000 0.834367 0.000000 -0.551210 1.000000 1.000000 1.000000
890.148682 0.000000 2302.172363 0.000000 0.552873 0.000000 0.833265 1.000000 1.000000 1.000000
829.066406 0.000000 2267.683594 0.000000 0.737489 0.000000 0.675358 1.000000 1.000000 1.000000
928.504578 0.000000 2590.178467 0.000000 -0.954470 0.000000 -0.298306 1.000000 1.000000 1.000000
882.162415 0.000000 2629.605957 0.000000 0.283254 0.000000 0.959045 1.000000 1.000000 1.000000
798.095459 0.000000 2667.416260 0.000000 -0.372830 0.000000 0.927900 1.000000 1.000000 1.000000
706.403809 0.000000 2791.410889 0.000000 0.514660 0.000000 0.857394 1.000000 1.000000 1.000000
732.672791 0.000000 2930.931885 0.000000 0.535263 0.000000 0.844685 1.000000 1.000000 1.000000
829.324219 0.000000 2267.689209 0.000000 -0.682832 0.000000 0.730575 1.000000 1.000000 1.000000
"}
object={
	name="Road_45 Medium"
	render_pass=Map
	clamp_to_water_level=no
	generated_content=no
	layer="AGOT_roads"
	pdxmesh="45medium_mesh"
	count=110
	transform="3302.552979 0.000000 5401.283691 0.000000 0.000000 0.000000 1.000000 1.000000 1.000000 1.000000
1460.285645 0.000000 3580.772705 0.000000 0.369062 0.000000 -0.929405 1.000000 1.000000 1.000000
1469.702637 0.000000 3564.402344 0.000000 0.021064 0.000000 -0.999778 1.000000 1.000000 1.000000
1431.079102 0.000000 3634.544922 0.000000 0.353874 0.000000 0.935293 1.000000 1.000000 1.000000
1413.575684 0.000000 3703.880859 0.000000 -0.998845 0.000000 -0.048051 1.000000 1.000000 1.000000
1413.007324 0.000000 3724.279053 0.000000 -0.192980 0.000000 0.981203 1.000000 1.000000 1.000000
1389.189941 0.000000 3749.172607 0.000000 -0.230216 0.000000 0.973139 1.000000 1.000000 1.000000
1414.517334 0.000000 4239.391113 0.000000 -0.115328 0.000000 0.993327 1.000000 1.000000 1.000000
1390.037598 0.000000 4397.532715 0.000000 0.934675 0.000000 -0.355504 1.000000 1.000000 1.000000
1390.256470 0.000000 4397.219727 0.000000 0.172188 0.000000 0.985064 1.000000 1.000000 1.000000
1382.897583 0.000000 4433.854980 0.000000 -0.066129 0.000000 0.997811 1.000000 1.000000 1.000000
1357.849854 0.000000 4473.456055 0.000000 0.000000 0.000000 1.000000 1.000000 1.000000 1.000000
1362.431152 0.000000 4498.784180 0.000000 -0.787319 0.000000 0.616546 1.000000 1.000000 1.000000
1373.637695 0.000000 4542.116211 0.000000 0.996271 0.000000 -0.086277 1.000000 1.000000 1.000000
1378.609253 0.000000 4516.334473 0.000000 0.099566 0.000000 0.995031 1.000000 1.000000 1.000000
1382.057739 0.000000 4572.201660 0.000000 -0.207869 0.000000 0.978157 1.000000 1.000000 1.000000
1361.554077 0.000000 4588.069824 0.000000 0.948110 0.000000 0.317942 1.000000 1.000000 1.000000
1344.015381 0.000000 4620.352539 0.000000 0.957032 0.000000 -0.289983 1.000000 1.000000 1.000000
1341.069946 0.000000 4607.560059 0.000000 0.995981 0.000000 0.089567 1.000000 1.000000 1.000000
1357.770508 0.000000 4649.159668 0.000000 0.312661 0.000000 0.949865 1.000000 1.000000 1.000000
1374.543823 0.000000 4678.666016 0.000000 0.584627 0.000000 0.811302 1.000000 1.000000 1.000000
1686.332275 0.000000 3063.431152 0.000000 -0.130138 0.000000 0.991496 1.000000 1.000000 1.000000
1656.260742 0.000000 3114.700684 0.000000 -0.066921 0.000000 0.997758 1.000000 1.000000 1.000000
1651.946655 0.000000 3180.012695 0.000000 -0.150217 0.000000 0.988653 1.000000 1.000000 1.000000
1643.073364 0.000000 3198.063721 0.000000 -0.048946 0.000000 0.998801 1.000000 1.000000 1.000000
1629.872925 0.000000 3239.725342 0.000000 -0.990894 0.000000 0.134641 1.000000 1.000000 1.000000
1617.766479 0.000000 3367.242676 0.000000 -0.176259 0.000000 0.984344 1.000000 1.000000 1.000000
1602.468384 0.000000 3381.466064 0.000000 -0.483638 0.000000 0.875268 1.000000 1.000000 1.000000
1558.828369 0.000000 3384.152100 0.000000 -0.903936 0.000000 -0.427668 1.000000 1.000000 1.000000
1546.085693 0.000000 3404.550537 0.000000 -0.186313 0.000000 0.982490 1.000000 1.000000 1.000000
1479.219604 0.000000 3426.168945 0.000000 0.858052 0.000000 0.513564 1.000000 1.000000 1.000000
1503.905762 0.000000 3424.421387 0.000000 0.567156 0.000000 -0.823610 1.000000 1.000000 1.000000
1528.099731 0.000000 3485.375977 0.000000 0.995558 0.000000 0.094155 1.000000 1.000000 1.000000
1482.804321 0.000000 3548.155762 0.000000 -0.192366 0.000000 0.981323 1.000000 1.000000 1.000000
1564.748657 0.000000 3426.830322 0.000000 -0.987749 0.000000 0.156048 1.000000 1.000000 1.000000
1304.683960 0.000000 3420.150635 0.000000 -0.826245 0.000000 0.563310 1.000000 1.000000 1.000000
1304.575928 0.000000 3419.786621 0.000000 -0.629411 0.000000 -0.777072 1.000000 1.000000 1.000000
1327.260498 0.000000 3432.859619 0.000000 0.735988 0.000000 -0.676995 1.000000 1.000000 1.000000
1158.560791 0.000000 3319.283447 0.000000 -0.852664 0.000000 -0.522459 1.000000 1.000000 1.000000
1100.192139 0.000000 3281.510498 0.000000 0.657939 0.000000 0.753071 1.000000 1.000000 1.000000
1042.437744 0.000000 3262.920654 0.000000 0.828219 0.000000 0.560405 1.000000 1.000000 1.000000
903.269470 0.000000 3228.613525 0.000000 -0.674325 0.000000 -0.738435 1.000000 1.000000 1.000000
810.821472 0.000000 3164.678711 0.000000 -0.988574 0.000000 -0.150734 1.000000 1.000000 1.000000
821.808105 0.000000 3111.053223 0.000000 0.936029 0.000000 -0.351922 1.000000 1.000000 1.000000
809.077698 0.000000 3098.119629 0.000000 -0.020636 0.000000 0.999787 1.000000 1.000000 1.000000
870.862549 0.000000 3101.866699 0.000000 0.534572 0.000000 -0.845123 1.000000 1.000000 1.000000
967.732300 0.000000 3117.349121 0.000000 -0.644688 0.000000 0.764446 1.000000 1.000000 1.000000
1037.335571 0.000000 3119.113281 0.000000 -0.900307 0.000000 -0.435255 1.000000 1.000000 1.000000
1098.200684 0.000000 3085.968018 0.000000 0.000000 0.000000 1.000000 1.000000 1.000000 1.000000
1223.841553 0.000000 2999.737793 0.000000 0.622531 0.000000 -0.782595 1.000000 1.000000 1.000000
1394.510742 0.000000 3031.891357 0.000000 0.489935 0.000000 -0.871759 1.000000 1.000000 1.000000
1394.232544 0.000000 3031.769531 0.000000 0.867774 0.000000 0.496959 1.000000 1.000000 1.000000
1425.181274 0.000000 3040.457275 0.000000 0.760846 0.000000 -0.648933 1.000000 1.000000 1.000000
1437.407471 0.000000 3036.715820 0.000000 0.443550 0.000000 -0.896250 1.000000 1.000000 1.000000
1459.887451 0.000000 3053.952881 0.000000 0.872506 0.000000 -0.488602 1.000000 1.000000 1.000000
1580.977661 0.000000 3416.779541 0.000000 0.572968 0.000000 0.819578 1.000000 1.000000 1.000000
1641.572876 0.000000 3440.222900 0.000000 0.126764 0.000000 0.991933 1.000000 1.000000 1.000000
1705.731323 0.000000 3462.207031 0.000000 -0.304786 0.000000 -0.952421 1.000000 1.000000 1.000000
1705.732666 0.000000 3462.656250 0.000000 -0.903265 0.000000 0.429083 1.000000 1.000000 1.000000
1689.680786 0.000000 2945.012207 0.000000 0.967813 0.000000 0.251670 1.000000 1.000000 1.000000
1708.742554 0.000000 2927.337402 0.000000 -0.191363 0.000000 0.981519 1.000000 1.000000 1.000000
1698.948730 0.000000 2892.824951 0.000000 0.422197 0.000000 0.906504 1.000000 1.000000 1.000000
1711.484863 0.000000 2915.888184 0.000000 0.905792 0.000000 -0.423722 1.000000 1.000000 1.000000
1766.960571 0.000000 2881.383057 0.000000 0.232568 0.000000 -0.972580 1.000000 1.000000 1.000000
1745.922852 0.000000 2896.902588 0.000000 0.949455 0.000000 0.313903 1.000000 1.000000 1.000000
1784.408447 0.000000 2873.971680 0.000000 -0.401452 0.000000 0.915880 1.000000 1.000000 1.000000
1798.599121 0.000000 2852.988525 0.000000 0.995480 0.000000 0.094975 1.000000 1.000000 1.000000
1847.898682 0.000000 2819.495850 0.000000 0.672690 0.000000 0.739924 1.000000 1.000000 1.000000
1911.915405 0.000000 2728.933594 0.000000 -0.025510 0.000000 0.999675 1.000000 1.000000 1.000000
1919.186523 0.000000 2720.155762 0.000000 -0.703619 0.000000 -0.710577 1.000000 1.000000 1.000000
1935.919189 0.000000 2723.965332 0.000000 0.969492 0.000000 0.245122 1.000000 1.000000 1.000000
1687.106201 0.000000 2882.610107 0.000000 -0.545713 0.000000 0.837972 1.000000 1.000000 1.000000
1592.764893 0.000000 2824.490723 0.000000 0.493623 0.000000 0.869676 1.000000 1.000000 1.000000
1491.848999 0.000000 2816.987549 0.000000 0.681532 0.000000 -0.731789 1.000000 1.000000 1.000000
1467.055786 0.000000 2808.737305 0.000000 0.721280 0.000000 0.692643 1.000000 1.000000 1.000000
1413.148315 0.000000 2805.559814 0.000000 0.489655 0.000000 -0.871916 1.000000 1.000000 1.000000
1346.258545 0.000000 2795.876465 0.000000 0.840699 0.000000 -0.541503 1.000000 1.000000 1.000000
1329.027832 0.000000 2777.608398 0.000000 0.899362 0.000000 -0.437205 1.000000 1.000000 1.000000
1314.345581 0.000000 2756.180420 0.000000 0.501868 0.000000 0.864944 1.000000 1.000000 1.000000
1314.602295 0.000000 2756.657959 0.000000 0.824407 0.000000 -0.565998 1.000000 1.000000 1.000000
1277.385010 0.000000 2753.397461 0.000000 0.457784 0.000000 -0.889064 1.000000 1.000000 1.000000
1112.777832 0.000000 2658.699219 0.000000 0.490940 0.000000 0.871193 1.000000 1.000000 1.000000
1059.242798 0.000000 2580.977295 0.000000 0.468246 0.000000 0.883598 1.000000 1.000000 1.000000
1059.226196 0.000000 2581.372803 0.000000 -0.921451 0.000000 0.388495 1.000000 1.000000 1.000000
950.207458 0.000000 2427.854492 0.000000 0.935892 0.000000 -0.352286 1.000000 1.000000 1.000000
937.967773 0.000000 2405.261719 0.000000 0.490554 0.000000 0.871411 1.000000 1.000000 1.000000
917.558716 0.000000 2327.191406 0.000000 0.804937 0.000000 -0.593361 1.000000 1.000000 1.000000
890.135437 0.000000 2302.329102 0.000000 0.878012 0.000000 -0.478639 1.000000 1.000000 1.000000
878.107300 0.000000 2288.140869 0.000000 0.690574 0.000000 -0.723262 1.000000 1.000000 1.000000
993.874634 0.000000 2541.132812 0.000000 -0.329943 0.000000 0.944001 1.000000 1.000000 1.000000
997.701172 0.000000 2528.572754 0.000000 0.034852 0.000000 0.999393 1.000000 1.000000 1.000000
972.634155 0.000000 2555.993408 0.000000 0.968915 0.000000 0.247392 1.000000 1.000000 1.000000
904.468933 0.000000 2594.202637 0.000000 0.843878 0.000000 0.536535 1.000000 1.000000 1.000000
872.223816 0.000000 2621.154785 0.000000 0.583741 0.000000 0.811940 1.000000 1.000000 1.000000
764.151917 0.000000 2682.554932 0.000000 -0.921047 0.000000 -0.389452 1.000000 1.000000 1.000000
746.193237 0.000000 2697.136963 0.000000 -0.227372 0.000000 0.973808 1.000000 1.000000 1.000000
740.172119 0.000000 2725.849365 0.000000 -0.849790 0.000000 0.527121 1.000000 1.000000 1.000000
710.353027 0.000000 2759.585693 0.000000 -0.972424 0.000000 -0.233219 1.000000 1.000000 1.000000
706.462219 0.000000 2791.708984 0.000000 -0.844557 0.000000 0.535466 1.000000 1.000000 1.000000
697.073425 0.000000 2775.972168 0.000000 -0.986740 0.000000 -0.162308 1.000000 1.000000 1.000000
722.226074 0.000000 2809.641602 0.000000 0.085208 0.000000 0.996363 1.000000 1.000000 1.000000
702.344238 0.000000 2834.471191 0.000000 0.965893 0.000000 0.258943 1.000000 1.000000 1.000000
700.105469 0.000000 2846.961670 0.000000 0.163252 0.000000 0.986584 1.000000 1.000000 1.000000
699.950439 0.000000 2847.279297 0.000000 0.995585 0.000000 -0.093868 1.000000 1.000000 1.000000
732.764465 0.000000 2931.200928 0.000000 0.831055 0.000000 -0.556191 1.000000 1.000000 1.000000
744.635742 0.000000 2980.000488 0.000000 -0.094076 0.000000 0.995565 1.000000 1.000000 1.000000
794.087036 0.000000 3070.304688 0.000000 0.296944 0.000000 0.954895 1.000000 1.000000 1.000000
785.420593 0.000000 3049.547119 0.000000 0.313748 0.000000 0.949506 1.000000 1.000000 1.000000
776.428650 0.000000 3085.047119 0.000000 0.957411 0.000000 -0.288727 1.000000 1.000000 1.000000
780.471008 0.000000 3091.523926 0.000000 0.339038 0.000000 0.940773 1.000000 1.000000 1.000000
"}
object={
	name="Road_90"
	render_pass=Map
	clamp_to_water_level=no
	generated_content=no
	layer="AGOT_roads"
	pdxmesh="90_mesh"
	count=12
	transform="3266.032227 0.000000 5372.170410 0.000000 0.000000 0.000000 1.000000 1.000000 1.000000 1.000000
1439.963257 0.000000 3606.455811 0.000000 0.979554 0.000000 -0.201182 1.000000 1.000000 1.000000
1388.872314 0.000000 3749.379883 0.000000 0.999821 0.000000 -0.018909 1.000000 1.000000 1.000000
1374.696533 0.000000 4678.875000 0.000000 -0.740420 0.000000 0.672145 1.000000 1.000000 1.000000
1622.069336 0.000000 3298.091797 0.000000 -0.985449 0.000000 0.169973 1.000000 1.000000 1.000000
1179.323853 0.000000 3319.550293 0.000000 0.782991 0.000000 0.622033 1.000000 1.000000 1.000000
1133.555176 0.000000 3297.877930 0.000000 0.726239 0.000000 0.687442 1.000000 1.000000 1.000000
903.370178 0.000000 3228.769287 0.000000 0.739423 0.000000 -0.673241 1.000000 1.000000 1.000000
874.105103 0.000000 3196.851807 0.000000 -0.722525 0.000000 -0.691344 1.000000 1.000000 1.000000
932.612427 0.000000 3117.243164 0.000000 -0.642890 0.000000 0.765959 1.000000 1.000000 1.000000
1221.656372 0.000000 2722.778809 0.000000 0.748650 0.000000 0.662965 1.000000 1.000000 1.000000
1140.319336 0.000000 2678.578125 0.000000 -0.571466 0.000000 0.820625 1.000000 1.000000 1.000000
"}
object={
	name="Road_90 Medium"
	render_pass=Map
	clamp_to_water_level=no
	generated_content=no
	layer="AGOT_roads"
	pdxmesh="90medium_mesh"
	count=41
	transform="3276.853027 0.000000 5372.613281 0.000000 0.000000 0.000000 1.000000 1.000000 1.000000 1.000000
1391.337646 0.000000 4266.870117 0.000000 -0.991786 0.000000 0.127910 1.088965 1.088965 1.088965
1377.968506 0.000000 4315.925781 0.000000 -0.931695 0.000000 0.363242 1.000000 1.000000 1.000000
1381.725342 0.000000 4350.000488 0.000000 0.170474 0.000000 0.985362 1.000000 1.000000 1.000000
1357.801758 0.000000 4473.574707 0.000000 0.999996 0.000000 0.002773 1.000000 1.000000 1.000000
1644.576050 0.000000 3139.193115 0.000000 -0.949445 0.000000 0.313932 1.000000 1.000000 1.000000
1633.482788 0.000000 3246.434326 0.000000 0.510763 0.000000 0.859722 1.000000 1.000000 1.000000
1582.529663 0.000000 3399.968262 0.000000 -0.143364 0.000000 0.989670 1.000000 1.000000 1.000000
1239.213379 0.000000 3362.437744 0.000000 0.699016 0.000000 0.715106 1.000000 1.000000 1.000000
1257.084839 0.000000 3376.818604 0.000000 0.649770 0.000000 -0.760131 1.000000 1.000000 1.000000
1257.084839 0.000000 3376.818604 0.000000 0.868614 0.000000 0.495489 1.000000 1.000000 1.000000
1208.692139 0.000000 3347.370361 0.000000 -0.632246 0.000000 0.774768 1.000000 1.000000 1.000000
1158.751099 0.000000 3319.447510 0.000000 -0.665501 0.000000 0.746397 1.000000 1.000000 1.000000
821.821777 0.000000 3110.731689 0.000000 0.356847 0.000000 0.934163 1.000000 1.000000 1.000000
1002.473022 0.000000 3118.287842 0.000000 -0.951506 0.000000 -0.307629 1.000000 1.000000 1.000000
1002.715393 0.000000 3118.043701 0.000000 0.279688 0.000000 -0.960091 1.000000 1.000000 1.000000
1115.120483 0.000000 3055.373779 0.000000 -0.985303 0.000000 0.170815 1.000000 1.000000 1.000000
1115.249146 0.000000 3055.295654 0.000000 0.179323 0.000000 0.983790 1.000000 1.000000 1.000000
1122.426025 0.000000 3039.265137 0.000000 0.994140 0.000000 -0.108100 1.000000 1.000000 1.000000
1198.850830 0.000000 2997.523193 0.000000 -0.003128 0.000000 0.999995 1.000000 1.000000 1.000000
1444.871826 0.000000 3034.612061 0.000000 -0.650952 0.000000 -0.759119 1.000000 1.000000 1.000000
1598.112061 0.000000 2975.762939 0.000000 -0.996699 0.000000 0.081190 1.000000 1.000000 1.000000
1655.985962 0.000000 2975.964355 0.000000 -0.462425 0.000000 0.886658 1.000000 1.000000 1.000000
1798.856201 0.000000 2861.207520 0.000000 0.000000 0.000000 1.000000 1.000000 1.000000 1.000000
1870.418091 0.000000 2811.491699 0.000000 0.955081 0.000000 -0.296344 1.000000 1.000000 1.000000
1911.756714 0.000000 2729.011719 0.000000 -0.999909 0.000000 0.013530 1.000000 1.000000 1.000000
1635.230469 0.000000 2838.541016 0.000000 0.633675 0.000000 0.773599 1.000000 1.000000 1.000000
1545.017090 0.000000 2814.554199 0.000000 0.987948 0.000000 0.154784 1.000000 1.000000 1.000000
1290.507812 0.000000 2741.791748 0.000000 -0.907787 0.000000 -0.419432 1.000000 1.000000 1.000000
1092.055298 0.000000 2633.547607 0.000000 0.911802 0.000000 -0.410631 1.000000 1.000000 1.000000
936.262451 0.000000 2379.561279 0.000000 -0.548497 0.000000 -0.836153 1.000000 1.000000 1.000000
935.602905 0.000000 2364.693604 0.000000 0.873002 0.000000 -0.487717 1.000000 1.000000 1.000000
930.550537 0.000000 2338.549072 0.000000 -0.543645 0.000000 -0.839315 1.000000 1.000000 1.000000
1019.347168 0.000000 2530.499023 0.000000 -0.394901 0.000000 0.918724 1.000000 1.000000 1.000000
928.608521 0.000000 2590.199707 0.000000 -0.269639 0.000000 0.962962 1.000000 1.000000 1.000000
887.019775 0.000000 2653.096436 0.000000 -0.044869 0.000000 0.998993 1.000000 1.000000 1.000000
819.897278 0.000000 2645.796631 0.000000 -0.912786 0.000000 -0.408438 1.000000 1.000000 1.000000
731.393677 0.000000 2716.251221 0.000000 -0.989168 0.000000 0.146787 1.000000 1.000000 1.000000
740.151306 0.000000 2725.509033 0.000000 0.382663 0.000000 0.923888 1.000000 1.000000 1.000000
755.344604 0.000000 3020.330322 0.000000 0.687578 0.000000 0.726110 1.037939 1.037939 1.037939
773.888306 0.000000 3048.336914 0.000000 0.891200 0.000000 0.453611 1.000000 1.000000 1.000000
"}
object={
	name="Road_90 Short"
	render_pass=Map
	clamp_to_water_level=no
	generated_content=no
	layer="AGOT_roads"
	pdxmesh="90short_mesh"
	count=77
	transform="3285.462646 0.000000 5372.732910 0.000000 0.000000 0.000000 1.000000 1.000000 1.000000 1.000000
1431.090088 0.000000 3634.897705 0.000000 -0.937718 0.000000 0.347396 1.000000 1.000000 1.000000
1375.298340 0.000000 3761.810059 0.000000 -0.999430 0.000000 -0.033750 1.000000 1.000000 1.000000
1361.256592 0.000000 3802.116455 0.000000 0.999922 0.000000 0.012492 1.000000 1.000000 1.000000
1373.866699 0.000000 4365.646484 0.000000 0.995512 0.000000 -0.094635 1.000000 1.000000 1.000000
1351.693604 0.000000 4491.345215 0.000000 -0.967997 0.000000 0.250961 1.000000 1.000000 1.000000
1587.061523 0.000000 3387.884521 0.000000 0.990257 0.000000 0.139251 1.174243 1.174243 1.174243
1564.937866 0.000000 3426.651855 0.000000 -0.100638 0.000000 -0.994923 1.000000 1.000000 1.000000
1544.791870 0.000000 3451.681152 0.000000 0.996970 0.000000 0.077782 1.000000 1.000000 1.000000
1567.273560 0.000000 3408.892334 0.000000 0.990607 0.000000 0.136742 1.000000 1.000000 1.000000
1214.341309 0.000000 3350.180420 0.000000 -0.854159 0.000000 -0.520011 1.000000 1.000000 1.000000
1206.761353 0.000000 3347.511963 0.000000 -0.780235 0.000000 -0.625487 0.863378 0.863378 0.863378
1215.677002 0.000000 3349.698486 0.000000 -0.534425 0.000000 0.845216 1.000000 1.000000 1.000000
1031.205200 0.000000 3259.238525 0.000000 0.541139 0.000000 -0.840933 1.000000 1.000000 1.000000
1031.205200 0.000000 3259.238525 0.000000 0.857114 0.000000 0.515127 1.000000 1.000000 1.000000
1042.628296 0.000000 3263.083740 0.000000 0.551867 0.000000 -0.833932 1.000000 1.000000 1.000000
921.039124 0.000000 3235.344482 0.000000 -0.449783 0.000000 0.893138 1.000000 1.000000 1.000000
874.265503 0.000000 3197.031738 0.000000 0.695447 0.000000 -0.718577 1.000000 1.000000 1.000000
813.371643 0.000000 3170.346191 0.000000 -0.830593 0.000000 0.556880 1.000000 1.000000 1.000000
825.150208 0.000000 3133.311279 0.000000 0.342775 0.000000 0.939418 1.000000 1.000000 1.000000
820.884827 0.000000 3128.353516 0.000000 -0.948122 0.000000 0.317906 1.000000 1.000000 1.000000
808.896851 0.000000 3098.301270 0.000000 0.999636 0.000000 0.026970 1.000000 1.000000 1.000000
813.281677 0.000000 3094.128662 0.000000 0.688254 0.000000 0.725470 1.000000 1.000000 1.000000
822.435730 0.000000 3111.558594 0.000000 0.999946 0.000000 0.010364 1.000000 1.000000 1.000000
911.716187 0.000000 3099.632812 0.000000 -0.626056 0.000000 -0.779778 1.000000 1.000000 1.000000
1122.397827 0.000000 3039.238770 0.000000 0.154379 0.000000 0.988012 1.000000 1.000000 1.000000
1200.630737 0.000000 2990.561035 0.000000 0.901113 0.000000 0.433584 1.000000 1.000000 1.000000
1310.522705 0.000000 3005.549072 0.000000 0.169978 0.000000 0.985448 1.000000 1.000000 1.000000
1468.050537 0.000000 3058.737305 0.000000 0.624285 0.000000 -0.781197 1.000000 1.000000 1.000000
1595.930420 0.000000 2993.920898 0.000000 0.330887 0.000000 -0.943670 1.000000 1.000000 1.000000
1581.644897 0.000000 2992.660156 0.000000 -0.907838 0.000000 -0.419322 1.000000 1.000000 1.000000
1600.307983 0.000000 3435.450195 0.000000 0.501226 0.000000 -0.865316 1.000000 1.000000 1.000000
1581.211304 0.000000 3417.092773 0.000000 0.767655 0.000000 -0.640863 1.000000 1.000000 1.000000
1613.373535 0.000000 3426.601318 0.000000 0.369366 0.000000 0.929284 1.000000 1.000000 1.000000
1608.542603 0.000000 3426.736816 0.000000 0.875241 0.000000 0.483688 1.000000 1.000000 1.000000
1622.276123 0.000000 3445.107178 0.000000 -0.334605 0.000000 0.942358 1.000000 1.000000 1.000000
1639.949097 0.000000 3453.213379 0.000000 -0.137956 0.000000 0.990438 1.000000 1.000000 1.000000
1634.656494 0.000000 3456.302002 0.000000 0.764753 0.000000 -0.644324 1.000000 1.000000 1.000000
1641.387939 0.000000 3440.431152 0.000000 0.996666 0.000000 -0.081594 1.000000 1.000000 1.000000
1659.239990 0.000000 3438.743896 0.000000 0.555046 0.000000 -0.831820 1.000000 1.000000 1.000000
1648.022827 0.000000 3433.958740 0.000000 -0.814233 0.000000 -0.580538 1.000000 1.000000 1.000000
1695.194092 0.000000 3446.978516 0.000000 0.696281 0.000000 0.717770 1.000000 1.000000 1.000000
1804.792603 0.000000 3558.001221 0.000000 -0.898738 0.000000 0.438487 1.000000 1.000000 1.000000
1804.941162 0.000000 3546.030762 0.000000 -0.291226 0.000000 -0.956654 1.000000 1.000000 1.000000
1711.567261 0.000000 2915.622070 0.000000 0.406616 0.000000 0.913599 1.000000 1.000000 1.000000
1766.818481 0.000000 2881.408447 0.000000 -0.986678 0.000000 -0.162685 1.000000 1.000000 1.000000
1936.175537 0.000000 2723.977295 0.000000 -0.387641 0.000000 0.921810 1.000000 1.000000 1.000000
1963.803833 0.000000 2702.569824 0.000000 0.000000 0.000000 1.000000 1.000000 1.000000 1.000000
1686.799683 0.000000 2882.524170 0.000000 0.817837 0.000000 0.575450 1.000000 1.000000 1.000000
1665.918579 0.000000 2884.155762 0.000000 -0.604173 0.000000 0.796853 1.000000 1.000000 1.000000
1645.201782 0.000000 2853.177002 0.000000 -0.792382 0.000000 0.610026 1.000000 1.000000 1.000000
1606.612671 0.000000 2835.852295 0.000000 0.471605 0.000000 -0.881810 1.000000 1.000000 1.000000
1606.399048 0.000000 2835.962158 0.000000 0.969995 0.000000 0.243125 1.000000 1.000000 1.000000
1545.244751 0.000000 2814.205811 0.000000 -0.053761 0.000000 0.998554 1.000000 1.000000 1.000000
1459.087769 0.000000 2799.209229 0.000000 -0.649679 0.000000 -0.760209 1.000000 1.000000 1.000000
1467.156250 0.000000 2808.868652 0.000000 0.713942 0.000000 -0.700205 1.000000 1.000000 1.000000
1225.386475 0.000000 2706.677246 0.000000 0.141597 0.000000 0.989924 1.000000 1.000000 1.000000
1089.436279 0.000000 2617.454590 0.000000 0.391688 0.000000 0.920098 1.000000 1.000000 1.000000
1054.185059 0.000000 2548.015625 0.000000 -0.944552 0.000000 -0.328362 1.000000 1.000000 1.000000
1077.590942 0.000000 2548.058350 0.000000 0.257075 0.000000 0.966391 1.000000 1.000000 1.000000
1075.856323 0.000000 2553.967529 0.000000 -0.396344 0.000000 0.918102 1.000000 1.000000 1.000000
1005.790466 0.000000 2484.748535 0.000000 -0.574710 0.000000 -0.818357 1.000000 1.000000 1.000000
937.949036 0.000000 2405.618164 0.000000 0.886127 0.000000 -0.463443 1.000000 1.000000 1.000000
936.275757 0.000000 2379.647949 0.000000 0.825101 0.000000 -0.564985 1.000000 1.000000 1.000000
934.772095 0.000000 2363.987793 0.000000 0.477905 0.000000 0.878412 1.000000 1.000000 1.000000
917.336487 0.000000 2326.927979 0.000000 -0.690018 0.000000 -0.723792 1.000000 1.000000 1.000000
923.102112 0.000000 2336.987305 0.000000 0.870891 0.000000 -0.491475 1.000000 1.000000 1.000000
877.893005 0.000000 2287.904785 0.000000 0.732077 0.000000 0.681222 1.000000 1.000000 1.000000
1026.351562 0.000000 2524.021484 0.000000 0.914511 0.000000 0.404562 1.000000 1.000000 1.000000
997.461426 0.000000 2528.842529 0.000000 0.987535 0.000000 0.157396 1.000000 1.000000 1.000000
730.141052 0.000000 3004.767822 0.000000 -0.932958 0.000000 0.359984 1.000000 1.000000 1.000000
749.206421 0.000000 3020.455078 0.000000 -0.610627 0.000000 0.791918 1.000000 1.000000 1.000000
775.004883 0.000000 3072.739258 0.000000 -0.845801 0.000000 0.533499 0.920679 0.920679 0.920679
778.107666 0.000000 3065.842041 0.000000 0.502363 0.000000 0.864657 0.920679 0.920679 0.920679
772.897766 0.000000 3067.734375 0.000000 0.973305 0.000000 0.229514 0.920679 0.920679 0.920679
779.809753 0.000000 3071.078125 0.000000 -0.267735 0.000000 0.963492 0.920679 0.920679 0.920679
795.556885 0.000000 2266.363770 0.000000 -0.780450 0.000000 0.625218 1.000000 1.000000 1.000000
"}
object={
	name="Road_S-Bend"
	render_pass=Map
	clamp_to_water_level=no
	generated_content=no
	layer="AGOT_roads"
	pdxmesh="curvy_mesh"
	count=13
	transform="3323.250977 0.000000 5371.487793 0.000000 0.000000 0.000000 1.000000 1.000000 1.000000 1.000000
1375.237427 0.000000 3761.629639 0.000000 0.250227 0.000000 0.968187 1.000000 1.000000 1.000000
1373.827148 0.000000 4365.626953 0.000000 0.317570 0.000000 0.948235 1.000000 1.000000 1.000000
1376.492310 0.000000 4445.102539 0.000000 -0.193459 0.000000 0.981108 1.000000 1.000000 1.000000
1373.675781 0.000000 4541.962402 0.000000 0.295071 0.000000 0.955475 1.000000 1.000000 1.000000
1680.354126 0.000000 3011.940186 0.000000 0.252073 0.000000 0.967708 1.000000 1.000000 1.000000
1637.183105 0.000000 3257.107910 0.000000 -0.088507 0.000000 0.996076 1.000000 1.000000 1.000000
822.931213 0.000000 3174.030518 0.000000 0.702350 0.000000 0.711831 1.000000 1.000000 1.000000
849.854553 0.000000 3181.955811 0.000000 0.549875 0.000000 0.835247 1.000000 1.000000 1.000000
1071.184692 0.000000 3107.536133 0.000000 0.530325 -0.000000 -0.847794 1.000000 1.000000 1.000000
1604.319702 0.000000 2966.327148 0.000000 -0.895056 0.000000 -0.445953 1.000000 1.000000 1.000000
1874.677612 0.000000 2777.304443 0.000000 0.000000 0.000000 1.000000 1.000000 1.000000 1.000000
1459.291138 0.000000 2799.191650 0.000000 0.594406 0.000000 -0.804165 1.000000 1.000000 1.000000
"}
object={
	name="Road_S-Bend Small"
	render_pass=Map
	clamp_to_water_level=no
	generated_content=no
	layer="AGOT_roads"
	pdxmesh="curvyshort_mesh"
	count=6
	transform="3330.453857 0.000000 5372.954590 0.000000 0.000000 0.000000 1.000000 1.000000 1.000000 1.000000
1632.318237 0.000000 3215.198975 0.000000 -0.007751 0.000000 0.999970 1.000000 1.000000 1.000000
1561.502441 0.000000 3431.705322 0.000000 0.166058 0.000000 -0.986116 1.000000 1.000000 1.000000
1497.460571 0.000000 3533.364014 0.000000 -0.351418 0.000000 0.936219 1.000000 1.000000 1.000000
800.026550 0.000000 2655.417236 0.000000 -0.029407 0.000000 0.999568 1.000000 1.000000 1.000000
734.237671 0.000000 3009.971436 0.000000 0.485834 0.000000 0.874051 1.000000 1.000000 1.000000
"}
object={
	name="Road_Straight"
	render_pass=Map
	clamp_to_water_level=no
	generated_content=no
	layer="AGOT_roads"
	pdxmesh="straightmedium_mesh"
	count=5
	transform="3328.638428 0.000000 5402.763184 0.000000 0.000000 0.000000 1.000000 1.000000 1.000000 1.000000
1361.488159 0.000000 3802.034424 0.000000 -0.006836 0.000000 0.999977 1.000000 1.000000 1.000000
1682.022461 0.000000 2999.822266 0.000000 -0.058621 0.000000 0.998280 1.000000 1.000000 1.000000
1599.862549 0.000000 3435.604492 0.000000 -0.927702 0.000000 -0.373323 1.000000 1.000000 1.000000
1060.290649 0.000000 2547.172607 0.000000 0.463656 0.000000 0.886016 1.000000 1.000000 1.000000
"}
object={
	name="Road_Straight Short"
	render_pass=Map
	clamp_to_water_level=no
	generated_content=no
	layer="AGOT_roads"
	pdxmesh="straightshort_mesh"
	count=11
	transform="3334.882324 0.000000 5403.359863 0.000000 0.000000 0.000000 1.000000 1.000000 1.000000 1.000000
1464.786499 0.000000 3576.139404 0.000000 -0.378536 0.000000 0.925587 1.000000 1.000000 1.000000
1686.167236 0.000000 3056.675049 0.000000 0.000000 0.000000 1.000000 1.000000 1.000000 1.000000
1637.312866 0.000000 3209.646729 0.000000 -0.339117 0.000000 0.940744 1.000000 1.000000 1.000000
1402.146606 0.000000 3449.694580 0.000000 0.720720 0.000000 0.693227 1.000000 1.000000 1.000000
845.605896 0.000000 3176.578369 0.000000 0.315949 0.000000 0.948776 1.000000 1.000000 1.000000
825.005371 0.000000 3133.440918 0.000000 -0.944000 0.000000 0.329946 1.000000 1.000000 1.000000
804.254150 0.000000 3109.765869 0.000000 -0.585184 0.000000 0.810901 1.000000 1.000000 1.000000
1277.201660 0.000000 2753.175293 0.000000 0.890677 0.000000 0.454637 1.000000 1.000000 1.000000
1019.148376 0.000000 2530.613281 0.000000 0.926937 0.000000 0.375218 1.000000 1.000000 1.000000
1002.765137 0.000000 2525.820801 0.000000 0.400347 0.000000 0.916364 1.000000 1.000000 1.000000
"}
object={
	name="RR Sept"
	render_pass=Map
	clamp_to_water_level=no
	generated_content=no
	layer="AGOT_building_layer"
	entity="building_andal_temple_the_seven_02_entity"
	count=1
	transform="1263.284180 0.254639 3406.588623 0.000000 0.031733 0.000000 0.999496 0.771196 0.771196 0.771196
"}
object={
	name="Shadow Tower Baracks"
	render_pass=Map
	clamp_to_water_level=no
	generated_content=no
	layer="AGOT_building_layer"
	pdxmesh="building_special_shadowTowerBarracks_mesh"
	count=3
	transform="1430.723511 -0.344726 5235.088867 0.000000 -0.864153 0.000000 -0.503230 1.000000 1.000000 1.000000
1433.175781 0.161621 5234.042480 0.000000 0.863942 0.000000 0.503592 1.000000 1.000000 1.000000
1436.857422 -0.117188 5230.369629 0.000000 0.072248 0.000000 0.997386 1.000000 1.000000 1.000000
"}
object={
	name="Shadow Tower Granary"
	render_pass=Map
	clamp_to_water_level=no
	generated_content=no
	layer="AGOT_building_layer"
	pdxmesh="building_special_shadowTowerGranary_mesh"
	count=1
	transform="1437.491821 -0.951660 5233.687988 0.000000 -0.719592 0.000000 -0.694397 1.000000 1.000000 1.000000
"}
object={
	name="Shadow Tower Lift"
	render_pass=Map
	clamp_to_water_level=no
	generated_content=no
	layer="AGOT_building_layer"
	pdxmesh="building_special_shadowTowerLift_mesh"
	count=1
	transform="1436.994629 0.245117 5238.086914 0.000000 0.121238 0.000000 0.992624 0.958734 0.958734 0.958734
"}
object={
	name="Shadow Tower Stable"
	render_pass=Map
	clamp_to_water_level=no
	generated_content=no
	layer="AGOT_building_layer"
	pdxmesh="building_special_shadowTowerStable_mesh"
	count=1
	transform="1432.464111 -0.197266 5238.895020 0.000000 0.218811 0.000000 0.975766 1.000000 1.000000 1.000000
"}
object={
	name="Shadow Tower Table"
	render_pass=Map
	clamp_to_water_level=no
	generated_content=no
	layer="AGOT_building_layer"
	pdxmesh="building_special_shadowTowerTable_mesh"
	count=1
	transform="1472.244019 0.000000 5222.237305 0.000000 0.865054 0.000000 0.501679 1.000000 1.000000 1.000000
"}
object={
	name="Shadow Tower Tower"
	render_pass=Map
	clamp_to_water_level=no
	generated_content=no
	layer="AGOT_building_layer"
	pdxmesh="building_special_shadowTower_mesh"
	count=0
}
object={
	name="Shadow Tower Woodpile"
	render_pass=Map
	clamp_to_water_level=no
	generated_content=no
	layer="AGOT_building_layer"
	pdxmesh="building_special_shadowTowerWoodpile_mesh"
	count=3
	transform="1473.922607 -0.154785 5221.576660 0.000000 0.307081 0.000000 -0.951684 1.000000 1.000000 1.000000
1475.293701 -0.154785 5219.238770 0.000000 0.831632 0.000000 0.555327 1.000000 1.000000 1.000000
1472.759888 -0.052246 5220.222168 0.000000 0.831632 0.000000 0.555327 1.000000 1.000000 1.000000
"}
object={
	name="Shrubs Vines"
	render_pass=Map
	clamp_to_water_level=no
	generated_content=no
	layer="tree_high_layer"
	entity="vines_01_entity"
	count=239
	transform="3423.385010 0.000000 5470.315918 0.000000 -0.412310 0.000000 0.911044 0.199365 0.199365 0.199365
3422.305420 0.000000 5471.265625 0.000000 -0.412310 0.000000 0.911044 0.199365 0.199365 0.199365
3421.203369 0.000000 5472.178223 0.000000 -0.412310 0.000000 0.911044 0.199365 0.199365 0.199365
3420.109375 0.000000 5473.064453 0.000000 -0.412310 0.000000 0.911044 0.199365 0.199365 0.199365
3418.905518 0.000000 5474.015625 0.000000 -0.412310 0.000000 0.911044 0.199365 0.199365 0.199365
3417.757568 0.000000 5474.942383 0.000000 -0.412310 0.000000 0.911044 0.199365 0.199365 0.199365
3423.116211 0.000000 5470.149902 0.000000 -0.412310 0.000000 0.911044 0.199365 0.199365 0.199365
3422.036621 0.000000 5471.099609 0.000000 -0.412310 0.000000 0.911044 0.199365 0.199365 0.199365
3420.934570 0.000000 5472.012207 0.000000 -0.412310 0.000000 0.911044 0.199365 0.199365 0.199365
3419.840576 0.000000 5472.898438 0.000000 -0.412310 0.000000 0.911044 0.199365 0.199365 0.199365
3418.636719 0.000000 5473.849609 0.000000 -0.412310 0.000000 0.911044 0.199365 0.199365 0.199365
3417.488770 0.000000 5474.776367 0.000000 -0.412310 0.000000 0.911044 0.199365 0.199365 0.199365
3422.931152 0.000000 5469.845703 0.000000 -0.412310 0.000000 0.911044 0.199365 0.199365 0.199365
3421.851562 0.000000 5470.795410 0.000000 -0.412310 0.000000 0.911044 0.199365 0.199365 0.199365
3420.749512 0.000000 5471.708008 0.000000 -0.412310 0.000000 0.911044 0.199365 0.199365 0.199365
3419.655518 0.000000 5472.594238 0.000000 -0.412310 0.000000 0.911044 0.199365 0.199365 0.199365
3418.451660 0.000000 5473.545410 0.000000 -0.412310 0.000000 0.911044 0.199365 0.199365 0.199365
3417.303711 0.000000 5474.472168 0.000000 -0.412310 0.000000 0.911044 0.199365 0.199365 0.199365
3422.653320 0.000000 5469.599609 0.000000 -0.412310 0.000000 0.911044 0.199365 0.199365 0.199365
3421.573730 0.000000 5470.549316 0.000000 -0.412310 0.000000 0.911044 0.199365 0.199365 0.199365
3420.471680 0.000000 5471.461914 0.000000 -0.412310 0.000000 0.911044 0.199365 0.199365 0.199365
3419.377686 0.000000 5472.348145 0.000000 -0.412310 0.000000 0.911044 0.199365 0.199365 0.199365
3418.173828 0.000000 5473.299316 0.000000 -0.412310 0.000000 0.911044 0.199365 0.199365 0.199365
3417.025879 0.000000 5474.226074 0.000000 -0.412310 0.000000 0.911044 0.199365 0.199365 0.199365
3422.412842 0.000000 5469.328125 0.000000 -0.412310 0.000000 0.911044 0.199365 0.199365 0.199365
3421.333252 0.000000 5470.277832 0.000000 -0.412310 0.000000 0.911044 0.199365 0.199365 0.199365
3420.231201 0.000000 5471.190430 0.000000 -0.412310 0.000000 0.911044 0.199365 0.199365 0.199365
3419.137207 0.000000 5472.076660 0.000000 -0.412310 0.000000 0.911044 0.199365 0.199365 0.199365
3417.933350 0.000000 5473.027832 0.000000 -0.412310 0.000000 0.911044 0.199365 0.199365 0.199365
3416.785400 0.000000 5473.954590 0.000000 -0.412310 0.000000 0.911044 0.199365 0.199365 0.199365
3422.144043 0.000000 5469.162109 0.000000 -0.412310 0.000000 0.911044 0.199365 0.199365 0.199365
3421.064453 0.000000 5470.111816 0.000000 -0.412310 0.000000 0.911044 0.199365 0.199365 0.199365
3419.962402 0.000000 5471.024414 0.000000 -0.412310 0.000000 0.911044 0.199365 0.199365 0.199365
3418.868408 0.000000 5471.910645 0.000000 -0.412310 0.000000 0.911044 0.199365 0.199365 0.199365
3417.664551 0.000000 5472.861816 0.000000 -0.412310 0.000000 0.911044 0.199365 0.199365 0.199365
3416.516602 0.000000 5473.788574 0.000000 -0.412310 0.000000 0.911044 0.199365 0.199365 0.199365
3421.958984 0.000000 5468.857910 0.000000 -0.412310 0.000000 0.911044 0.199365 0.199365 0.199365
3420.879395 0.000000 5469.807617 0.000000 -0.412310 0.000000 0.911044 0.199365 0.199365 0.199365
3419.777344 0.000000 5470.720215 0.000000 -0.412310 0.000000 0.911044 0.199365 0.199365 0.199365
3418.683350 0.000000 5471.606445 0.000000 -0.412310 0.000000 0.911044 0.199365 0.199365 0.199365
3417.479492 0.000000 5472.557617 0.000000 -0.412310 0.000000 0.911044 0.199365 0.199365 0.199365
3416.331543 0.000000 5473.484375 0.000000 -0.412310 0.000000 0.911044 0.199365 0.199365 0.199365
3421.681152 0.000000 5468.611816 0.000000 -0.412310 0.000000 0.911044 0.199365 0.199365 0.199365
3420.601562 0.000000 5469.561523 0.000000 -0.412310 0.000000 0.911044 0.199365 0.199365 0.199365
3419.499512 0.000000 5470.474121 0.000000 -0.412310 0.000000 0.911044 0.199365 0.199365 0.199365
3418.405518 0.000000 5471.360352 0.000000 -0.412310 0.000000 0.911044 0.199365 0.199365 0.199365
3417.201660 0.000000 5472.311523 0.000000 -0.412310 0.000000 0.911044 0.199365 0.199365 0.199365
3416.053711 0.000000 5473.238281 0.000000 -0.412310 0.000000 0.911044 0.199365 0.199365 0.199365
2621.120850 0.000000 2985.579834 0.000000 -0.464393 0.000000 -0.885629 0.337964 0.337964 0.337964
2610.657471 0.000000 2985.719238 0.000000 -0.689996 0.000000 -0.723813 0.337964 0.337964 0.337964
2608.759766 0.000000 2985.176270 0.000000 0.039440 0.000000 -0.999222 0.337964 0.337964 0.337964
2615.873047 0.000000 2991.180908 0.000000 0.039440 0.000000 -0.999222 0.337964 0.337964 0.337964
2638.617920 0.000000 3001.735840 0.000000 0.894559 0.000000 -0.446950 0.337964 0.337964 0.337964
2617.982178 0.000000 2988.270020 0.000000 0.894559 0.000000 -0.446950 0.337964 0.337964 0.337964
2619.307373 0.000000 2990.322998 0.000000 0.894559 0.000000 -0.446950 0.337964 0.337964 0.337964
2625.270996 0.000000 2995.750000 0.000000 0.894559 0.000000 -0.446950 0.337964 0.337964 0.337964
2630.894775 0.000000 2999.428711 0.000000 0.878938 0.000000 -0.476937 0.337964 0.337964 0.337964
2630.725830 0.000000 3008.247803 0.000000 -0.884603 0.000000 -0.466346 0.337964 0.337964 0.337964
2628.560303 0.000000 3009.651611 0.000000 -0.884603 0.000000 -0.466346 0.337964 0.337964 0.337964
2623.485840 0.000000 3007.123047 0.000000 -0.884603 0.000000 -0.466346 0.337964 0.337964 0.337964
2621.943359 0.000000 3005.785400 0.000000 -0.884603 0.000000 -0.466346 0.337964 0.337964 0.337964
2631.246582 0.000000 3004.363525 0.000000 -0.327501 0.000000 -0.944851 0.337964 0.337964 0.337964
2625.802246 0.000000 3000.547119 0.000000 0.888004 0.000000 0.459835 0.337964 0.337964 0.337964
2620.664307 0.000000 2997.820801 0.000000 0.888004 0.000000 0.459835 0.337964 0.337964 0.337964
2614.907227 0.000000 2997.710693 0.000000 0.872056 0.000000 0.489407 0.337964 0.337964 0.337964
2619.307617 0.000000 2974.157959 0.000000 0.943774 0.000000 -0.330592 0.337964 0.337964 0.337964
2611.764160 0.000000 2970.941162 0.000000 0.943774 0.000000 -0.330592 0.337964 0.337964 0.337964
2610.891113 0.000000 2971.174072 0.000000 0.456782 0.000000 -0.889579 0.337964 0.337964 0.337964
2606.037598 0.000000 2978.535156 0.000000 -0.972519 0.000000 0.232824 0.337964 0.337964 0.337964
2601.451660 0.000000 2980.899902 0.000000 -0.951598 0.000000 0.307347 0.337964 0.337964 0.337964
2599.347656 0.000000 2987.627930 0.000000 -0.951598 0.000000 0.307347 0.337964 0.337964 0.337964
2600.513184 0.000000 2993.667236 0.000000 -0.999391 0.000000 -0.034909 0.337964 0.337964 0.337964
2607.669434 0.000000 2994.506592 0.000000 -0.999391 0.000000 -0.034909 0.337964 0.337964 0.337964
2606.436523 0.000000 2990.280762 0.000000 -0.999391 0.000000 -0.034909 0.337964 0.337964 0.337964
2603.787842 0.000000 2988.411621 0.000000 0.296849 0.000000 0.954924 0.337964 0.337964 0.337964
2595.631592 0.000000 3022.655029 0.000000 0.598350 0.000000 -0.801234 0.337964 0.337964 0.337964
2598.218750 0.000000 3019.920166 0.000000 0.049806 0.000000 -0.998758 0.337964 0.337964 0.337964
2595.886963 0.000000 3024.486084 0.000000 0.783493 0.000000 0.621399 0.337964 0.337964 0.337964
2594.198975 0.000000 3024.874512 0.000000 0.783493 0.000000 0.621399 0.337964 0.337964 0.337964
2570.560547 0.000000 2999.744141 0.000000 -0.999993 0.000000 0.003706 0.337964 0.337964 0.337964
2572.056396 0.000000 2998.505371 0.000000 -0.703740 0.000000 -0.710457 0.337964 0.337964 0.337964
2594.911377 0.000000 2982.980957 0.000000 -0.348868 0.000000 -0.937172 0.337964 0.337964 0.337964
2593.178711 0.000000 2990.019043 0.000000 -0.456401 0.000000 -0.889773 0.337964 0.337964 0.337964
2587.438721 0.000000 2988.540039 0.000000 -0.562739 0.000000 -0.826634 0.337964 0.337964 0.337964
2588.543945 0.000000 2989.542725 0.000000 -0.951928 0.000000 -0.306322 0.337964 0.337964 0.337964
2582.927979 0.000000 2988.853027 0.000000 -0.991455 0.000000 -0.130443 0.337964 0.337964 0.337964
2581.794434 0.000000 2990.672607 0.000000 -0.896414 0.000000 -0.443217 0.337964 0.337964 0.337964
2575.336182 0.000000 2999.326660 0.000000 -0.703740 0.000000 -0.710457 0.337964 0.337964 0.337964
2577.335938 0.000000 3008.530273 0.000000 -0.731552 0.000000 -0.681785 0.337964 0.337964 0.337964
2577.911377 0.000000 3013.881104 0.000000 -0.956241 0.000000 -0.292579 0.337964 0.337964 0.337964
2575.559082 0.000000 3015.602295 0.000000 -0.945336 0.000000 -0.326096 0.337964 0.337964 0.337964
2585.816650 0.000000 3011.588135 0.000000 0.954396 0.000000 -0.298543 0.337964 0.337964 0.337964
2590.583984 0.000000 3007.605957 0.000000 -0.898004 0.000000 -0.439986 0.337964 0.337964 0.337964
2592.191162 0.000000 3006.451416 0.000000 -0.898004 0.000000 -0.439986 0.337964 0.337964 0.337964
2585.925781 0.000000 3017.259766 0.000000 -0.483552 0.000000 -0.875315 0.337964 0.337964 0.337964
2591.110352 0.000000 3021.116943 0.000000 0.926245 0.000000 0.376921 0.337964 0.337964 0.337964
2588.876709 0.000000 3027.894531 0.000000 0.585567 0.000000 0.810623 0.337964 0.337964 0.337964
2586.438477 0.000000 3026.111328 0.000000 -0.315471 0.000000 0.948935 0.337964 0.337964 0.337964
2583.072266 0.000000 3013.155273 0.000000 0.452397 0.000000 0.891816 0.337964 0.337964 0.337964
2584.447266 0.000000 3019.978760 0.000000 0.452397 0.000000 0.891816 0.337964 0.337964 0.337964
2597.325684 0.000000 3024.149414 0.000000 0.783493 0.000000 0.621399 0.337964 0.337964 0.337964
2601.428467 0.000000 3023.559570 0.000000 0.783493 0.000000 0.621399 0.337964 0.337964 0.337964
2603.135742 0.000000 3023.252197 0.000000 0.749569 0.000000 0.661925 0.337964 0.337964 0.337964
2605.145020 0.000000 3023.101318 0.000000 0.749569 0.000000 0.661925 0.337964 0.337964 0.337964
2619.087402 0.000000 3020.178711 0.000000 -0.947248 0.000000 0.320501 0.337964 0.337964 0.337964
2612.919678 0.000000 3022.315918 0.000000 0.257974 0.000000 0.966151 0.337964 0.337964 0.337964
2621.319092 0.000000 3020.733887 0.000000 0.286954 0.000000 0.957944 0.337964 0.337964 0.337964
2617.765625 0.000000 3015.425293 0.000000 0.286954 0.000000 0.957944 0.337964 0.337964 0.337964
2620.271484 0.000000 3019.001953 0.000000 0.296849 0.000000 0.954924 0.337964 0.337964 0.337964
2622.756104 0.000000 2998.229492 0.000000 0.296849 0.000000 0.954924 0.337964 0.337964 0.337964
2555.263184 0.000000 3007.404297 0.000000 0.948721 0.000000 -0.316113 0.504168 0.504168 0.504168
2558.186523 0.000000 3011.124512 0.000000 0.924936 0.000000 -0.380122 0.504168 0.504168 0.504168
2561.390625 0.000000 3014.364014 0.000000 0.924936 0.000000 -0.380122 0.504168 0.504168 0.504168
2563.990723 0.000000 3016.848633 0.000000 0.906018 0.000000 -0.423238 0.504168 0.504168 0.504168
2566.770508 0.000000 3019.346436 0.000000 0.906018 0.000000 -0.423238 0.504168 0.504168 0.504168
2569.332764 0.000000 3021.677002 0.000000 0.896636 0.000000 -0.442768 0.504168 0.504168 0.504168
2571.215820 0.000000 3023.281738 0.000000 0.896636 0.000000 -0.442768 0.504168 0.504168 0.504168
2573.956787 0.000000 3025.330322 0.000000 0.876010 0.000000 -0.482293 0.504168 0.504168 0.504168
2576.413818 0.000000 3026.944336 0.000000 0.876010 0.000000 -0.482293 0.344241 0.344241 0.344241
2577.769775 0.000000 3027.840576 0.000000 0.876010 0.000000 -0.482293 0.369065 0.369065 0.369065
2580.515381 0.000000 3029.450439 0.000000 0.848257 0.000000 -0.529584 0.574176 0.574176 0.574176
2589.831787 0.000000 3032.966797 0.000000 0.770191 0.000000 -0.637813 0.574176 0.574176 0.574176
2593.579346 0.000000 3033.722656 0.000000 0.770191 0.000000 -0.637813 0.574176 0.574176 0.574176
2597.403809 0.000000 3034.416504 0.000000 0.770191 0.000000 -0.637813 0.574176 0.574176 0.574176
2600.952881 0.000000 3034.794922 0.000000 0.683995 0.000000 -0.729486 0.574176 0.574176 0.574176
2604.490479 0.000000 3034.585205 0.000000 0.645852 0.000000 -0.763462 0.574176 0.574176 0.574176
2607.600342 0.000000 3034.126465 0.000000 0.645852 0.000000 -0.763462 0.574176 0.574176 0.574176
2621.207764 0.000000 3030.659668 0.000000 0.619768 0.000000 -0.784784 0.574176 0.574176 0.574176
2625.068848 0.000000 3029.509766 0.000000 0.528899 0.000000 -0.848685 0.574176 0.574176 0.574176
2628.648682 0.000000 3027.437500 0.000000 0.456874 0.000000 -0.889531 0.574176 0.574176 0.574176
2638.654297 0.000000 3019.322998 0.000000 0.411995 0.000000 -0.911186 0.574176 0.574176 0.574176
2641.407471 0.000000 3017.083496 0.000000 0.411995 0.000000 -0.911186 0.574176 0.574176 0.574176
2644.339844 0.000000 3014.608398 0.000000 0.411995 0.000000 -0.911186 0.574176 0.574176 0.574176
2647.772949 0.000000 3010.886719 0.000000 0.339854 0.000000 -0.940478 0.574176 0.574176 0.574176
2651.040039 0.000000 3006.928955 0.000000 0.339854 0.000000 -0.940478 0.574176 0.574176 0.574176
2598.429443 0.000000 2958.486816 0.000000 0.642966 0.000000 0.765895 0.574176 0.574176 0.574176
2603.504395 0.000000 2959.699951 0.000000 0.642966 0.000000 0.765895 0.574176 0.574176 0.574176
2653.023193 0.000000 3002.140625 0.000000 0.067941 0.000000 0.997689 0.574176 0.574176 0.574176
2651.804688 0.000000 2996.739746 0.000000 0.132181 0.000000 0.991225 0.574176 0.574176 0.574176
2645.331299 0.000000 2989.610107 0.000000 0.511917 0.000000 0.859035 0.574176 0.574176 0.574176
2640.928223 0.000000 2987.695312 0.000000 0.578844 0.000000 0.815438 0.574176 0.574176 0.574176
2637.061523 0.000000 2985.787598 0.000000 0.488053 0.000000 0.872814 0.574176 0.574176 0.574176
2634.704346 0.000000 2984.130127 0.000000 0.452153 0.000000 0.891940 0.574176 0.574176 0.574176
2631.777100 0.000000 2980.284180 0.000000 0.294255 0.000000 0.955727 0.574176 0.574176 0.574176
2629.041260 0.000000 2976.191650 0.000000 0.339490 0.000000 0.940610 0.574176 0.574176 0.574176
2625.916016 0.000000 2972.312012 0.000000 0.442135 0.000000 0.896949 0.574176 0.574176 0.574176
2621.958496 0.000000 2969.124023 0.000000 0.442135 0.000000 0.896949 0.574176 0.574176 0.574176
2611.334961 0.000000 2965.022461 0.000000 0.442135 0.000000 0.896949 0.574176 0.574176 0.574176
2608.088379 0.000000 2962.206055 0.000000 0.442135 0.000000 0.896949 0.574176 0.574176 0.574176
2602.683350 0.000000 3021.462402 0.000000 -0.650669 0.000000 0.759361 0.337964 0.337964 0.337964
2612.382324 0.000000 2976.644775 0.000000 -0.985942 0.000000 0.167085 0.337964 0.337964 0.337964
2611.853027 0.000000 2980.355469 0.000000 -0.979962 0.000000 0.199185 0.337964 0.337964 0.337964
2620.294189 0.000000 2995.691162 0.000000 0.296849 0.000000 0.954924 0.337964 0.337964 0.337964
2423.154297 0.000000 2451.553711 0.000000 0.898684 0.000000 0.438596 0.333753 0.333753 0.333753
2441.461914 1.758789 2456.160645 0.000000 0.092701 0.000000 0.995694 0.333753 0.333753 0.333753
2440.417725 1.758789 2453.795898 0.000000 0.232057 0.000000 0.972702 0.333753 0.333753 0.333753
2439.144287 1.758789 2451.520752 0.000000 0.302556 0.000000 0.953132 0.333753 0.333753 0.333753
2425.362549 1.758789 2450.054199 0.000000 0.849778 0.000000 0.527141 0.333753 0.333753 0.333753
2428.804443 0.000000 2448.809814 0.000000 0.735053 0.000000 0.678010 0.333753 0.333753 0.333753
2436.413330 0.000000 2449.523193 0.000000 0.603966 0.000000 0.797010 0.333753 0.333753 0.333753
2434.114258 0.000000 2449.074463 0.000000 0.695316 0.000000 0.718704 0.333753 0.333753 0.333753
2430.866943 0.000000 2449.099854 0.000000 0.662157 0.000000 0.749365 0.333753 0.333753 0.333753
2429.463623 0.000000 2450.655273 0.000000 -0.177341 0.000000 0.984149 0.333753 0.333753 0.333753
2428.653809 0.000000 2452.677979 0.000000 -0.177341 0.000000 0.984149 0.333753 0.333753 0.333753
2432.847656 0.000000 2451.847412 0.000000 -0.177341 0.000000 0.984149 0.333753 0.333753 0.333753
2432.037842 0.000000 2453.870117 0.000000 -0.177341 0.000000 0.984149 0.333753 0.333753 0.333753
2654.942871 0.000000 1999.469482 0.000000 0.980933 0.000000 -0.194347 0.411743 0.411743 0.411743
2655.607910 0.000000 2001.849609 0.000000 0.985515 0.000000 -0.169591 0.411743 0.411743 0.411743
2656.504150 0.000000 2004.589233 0.000000 0.987453 0.000000 -0.157910 0.411743 0.411743 0.411743
2641.652344 0.000000 1995.348022 0.000000 -0.973544 0.000000 -0.228498 0.411743 0.411743 0.411743
2639.292236 0.000000 2004.214355 0.000000 -0.973544 0.000000 -0.228498 0.411743 0.411743 0.411743
2640.714111 0.000000 2001.680908 0.000000 -0.973544 0.000000 -0.228498 0.411743 0.411743 0.411743
2635.792969 0.000000 1979.042725 0.000000 -0.988895 0.000000 0.148613 0.411743 0.411743 0.411743
2571.961670 0.000000 1955.965332 0.000000 -0.942798 0.000000 0.333364 0.411743 0.411743 0.411743
2573.776123 0.000000 1958.380981 0.000000 -0.942145 0.000000 0.335205 0.411743 0.411743 0.411743
2575.714844 0.000000 1960.716431 0.000000 -0.934695 0.000000 0.355453 0.411743 0.411743 0.411743
2594.122314 0.000000 1997.025391 0.000000 -0.601499 0.000000 -0.798873 0.411743 0.411743 0.411743
2585.627930 0.000000 1987.806274 0.000000 -0.601499 0.000000 -0.798873 0.411743 0.411743 0.411743
2588.874512 0.000000 1987.664917 0.000000 -0.601499 0.000000 -0.798873 0.411743 0.411743 0.411743
2597.213135 0.000000 1988.645508 0.000000 -0.879766 0.000000 -0.475407 0.411743 0.411743 0.411743
2599.664062 0.000000 1987.626831 0.000000 -0.763670 0.000000 -0.645606 0.411743 0.411743 0.411743
2606.469971 0.000000 1988.159180 0.000000 -0.763670 0.000000 -0.645606 0.411743 0.411743 0.411743
2602.852051 0.000000 1987.145996 0.000000 -0.763670 0.000000 -0.645606 0.411743 0.411743 0.411743
2637.229980 0.000000 1983.915405 0.000000 -0.988895 0.000000 0.148613 0.411743 0.411743 0.411743
2638.175537 0.000000 1986.313354 0.000000 -0.979417 0.000000 0.201846 0.411743 0.411743 0.411743
2638.876953 0.000000 1988.683105 0.000000 -0.984188 0.000000 0.177126 0.411743 0.411743 0.411743
2640.112549 0.000000 1991.454102 0.000000 -0.965226 0.000000 0.261418 0.411743 0.411743 0.411743
2610.454834 0.000000 1937.566650 0.000000 0.692460 0.000000 0.721457 0.411743 0.411743 0.411743
2608.013916 0.000000 1937.173096 0.000000 0.674078 0.000000 0.738660 0.411743 0.411743 0.411743
2605.150635 0.000000 1936.839111 0.000000 0.665284 0.000000 0.746590 0.411743 0.411743 0.411743
2602.307373 0.000000 1935.856567 0.000000 0.534954 0.000000 0.844881 0.411743 0.411743 0.411743
2587.574951 0.000000 1927.668091 0.000000 0.404007 0.000000 0.914756 0.411743 0.411743 0.411743
2571.251465 0.000000 1906.281616 0.000000 0.510500 0.000000 0.859878 0.411743 0.411743 0.411743
2573.683838 0.000000 1907.984863 0.000000 0.338428 0.000000 0.940992 0.411743 0.411743 0.411743
2577.822510 0.000000 1911.390503 0.000000 0.523093 0.000000 0.852276 0.411743 0.411743 0.411743
2581.674805 0.000000 1914.826172 0.000000 0.377265 0.000000 0.926105 0.411743 0.411743 0.411743
2583.442139 0.000000 1918.009521 0.000000 0.168323 0.000000 0.985732 0.411743 0.411743 0.411743
2584.590332 0.000000 1920.847778 0.000000 0.168323 0.000000 0.985732 0.411743 0.411743 0.411743
2585.619385 0.000000 1925.432495 0.000000 0.253402 0.000000 0.967361 0.411743 0.411743 0.411743
2594.354004 0.000000 1932.929688 0.000000 0.490182 0.000000 0.871620 0.411743 0.411743 0.411743
2591.928467 0.000000 1931.371826 0.000000 0.479827 0.000000 0.877363 0.411743 0.411743 0.411743
2599.944824 0.000000 1935.128052 0.000000 0.621044 0.000000 0.783775 0.411743 0.411743 0.411743
2597.155518 0.000000 1934.399780 0.000000 0.611721 0.000000 0.791074 0.411743 0.411743 0.411743
2652.871094 0.000000 2005.722046 0.000000 0.183524 0.000000 0.983015 0.411743 0.411743 0.411743
2652.258057 0.000000 2003.326782 0.000000 0.158719 0.000000 0.987324 0.411743 0.411743 0.411743
2651.422363 0.000000 2000.567627 0.000000 0.147018 0.000000 0.989134 0.411743 0.411743 0.411743
820.336914 0.000000 2226.295166 0.000000 0.809598 0.000000 0.586985 0.366210 0.366210 0.366210
817.932983 0.000000 2227.362061 0.000000 -0.840786 -0.000000 -0.541369 0.366210 0.366210 0.366210
821.237244 0.000000 2221.788086 0.000000 -0.948597 0.000000 0.316488 0.366210 0.366210 0.366210
816.074402 0.000000 2217.148438 0.000000 -0.925305 0.000000 0.379224 0.366210 0.366210 0.366210
792.134399 0.000000 2227.863281 0.000000 0.997893 0.000000 -0.064877 0.366210 0.366210 0.366210
793.167969 0.000000 2229.926514 0.000000 0.997893 0.000000 -0.064877 0.366210 0.366210 0.366210
795.394592 0.000000 2226.088623 0.000000 0.791319 0.000000 0.611403 0.366210 0.366210 0.366210
807.664917 0.000000 2220.995361 0.000000 0.686486 0.000000 0.727143 0.366210 0.366210 0.366210
805.283813 0.000000 2212.997559 0.000000 -0.858568 0.000000 0.512699 0.366210 0.366210 0.366210
784.513428 0.000000 2206.797119 0.000000 0.997329 0.000000 0.073045 0.366210 0.366210 0.366210
787.085876 0.000000 2214.719727 0.000000 0.582348 0.000000 -0.812940 0.366210 0.366210 0.366210
788.244812 0.000000 2214.164551 0.000000 0.582348 0.000000 -0.812940 0.366210 0.366210 0.366210
790.956177 0.000000 2213.858643 0.000000 0.690140 0.000000 -0.723676 0.366210 0.366210 0.366210
793.519714 0.000000 2213.995605 0.000000 0.743290 0.000000 -0.668969 0.366210 0.366210 0.366210
808.848022 0.000000 2219.056396 0.000000 0.918864 0.000000 -0.394573 0.366210 0.366210 0.366210
804.523865 0.000000 2229.162598 0.000000 -0.930344 0.000000 -0.366688 0.366210 0.366210 0.366210
803.628967 0.000000 2237.641113 0.000000 -0.998386 0.000000 0.056789 0.366210 0.366210 0.366210
778.852356 0.000000 2251.690186 0.000000 -0.942851 0.000000 -0.333214 0.366210 0.366210 0.366210
781.570007 0.000000 2250.751465 0.000000 -0.671594 0.000000 -0.740920 0.366210 0.366210 0.366210
804.080444 0.000000 2234.850586 0.000000 -0.985685 0.000000 -0.168598 0.366210 0.366210 0.366210
806.563293 0.000000 2227.468262 0.000000 -0.877811 0.000000 -0.479007 0.366210 0.366210 0.366210
809.182373 0.000000 2226.435791 0.000000 -0.781959 0.000000 -0.623329 0.366210 0.366210 0.366210
810.941589 0.000000 2221.053223 0.000000 0.918864 0.000000 -0.394573 0.366210 0.366210 0.366210
795.792236 0.000000 2214.405518 0.000000 0.776255 0.000000 -0.630419 0.366210 0.366210 0.366210
784.819824 0.000000 2214.086914 0.000000 0.901054 0.000000 -0.433707 0.366210 0.366210 0.366210
784.869202 0.000000 2226.503418 0.000000 -0.018502 0.000000 -0.999829 0.366210 0.366210 0.366210
781.843506 0.000000 2222.904297 0.000000 0.696095 0.000000 0.717950 0.366210 0.366210 0.366210
784.321045 0.000000 2212.104004 0.000000 -0.986101 0.000000 -0.166146 0.366210 0.366210 0.366210
784.626404 0.000000 2209.463867 0.000000 -0.997016 0.000000 0.077189 0.366210 0.366210 0.366210
797.361633 0.000000 2207.647705 0.000000 -0.997016 0.000000 0.077189 0.366210 0.366210 0.366210
803.219604 0.000000 2209.100586 0.000000 -0.825162 0.000000 0.564896 0.366210 0.366210 0.366210
801.273193 0.000000 2209.729248 0.000000 -0.825162 0.000000 0.564896 0.366210 0.366210 0.366210
798.691162 0.000000 2209.127686 0.000000 -0.717635 0.000000 0.696420 0.366210 0.366210 0.366210
"}
object={
	name="Stone Wall Long"
	render_pass=Map
	clamp_to_water_level=no
	generated_content=no
	layer="building_layer"
	entity="wallsLong_mapobject_entity"
	count=2
	transform="1591.721680 0.000000 4278.173828 0.000000 0.714454 0.000000 -0.699682 1.000000 1.000000 1.000000
2411.281006 0.000000 2409.749512 0.000000 0.000000 0.000000 1.000000 1.000000 1.000000 1.000000
"}
object={
	name="Stone Wall Short"
	render_pass=Map
	clamp_to_water_level=no
	generated_content=no
	layer="building_layer"
	entity="wallsShort_mapobject_entity"
	count=19
	transform="1592.819946 0.000000 4279.087402 0.000000 0.878600 0.000000 0.477559 1.000000 1.000000 1.000000
1590.689453 0.000000 4271.606934 0.000000 -0.922247 0.000000 -0.386602 1.000000 1.000000 1.000000
1591.910522 0.000000 4273.241699 0.000000 -0.890972 0.000000 -0.454059 1.000000 1.000000 1.000000
1592.797729 0.000000 4282.508789 0.000000 0.765392 0.000000 -0.643565 1.000000 1.000000 1.000000
1593.198975 0.000000 4280.698730 0.000000 0.783555 0.000000 -0.621323 1.000000 1.000000 1.000000
1592.736816 0.000000 4278.807617 0.000000 0.624392 0.000000 -0.781111 1.000000 1.000000 1.000000
1580.765137 0.000000 4267.352051 0.000000 0.994462 0.000000 -0.105096 1.000000 1.000000 1.000000
1582.558472 0.000000 4267.968262 0.000000 0.987937 0.000000 0.154857 1.000000 1.000000 1.000000
1584.065552 0.000000 4268.986816 0.000000 0.961234 0.000000 0.275734 1.000000 1.000000 1.000000
1585.804321 0.000000 4269.406738 0.000000 0.990538 0.000000 0.137241 1.000000 1.000000 1.000000
1589.406006 0.000000 4270.175781 0.000000 0.990538 0.000000 0.137241 1.000000 1.000000 1.000000
2406.451660 0.000000 2409.715576 0.000000 -0.987806 0.000000 0.155689 1.000000 1.000000 1.000000
2409.244629 0.000000 2418.011963 0.000000 -0.943915 0.000000 -0.330189 1.000000 1.000000 1.000000
2411.190674 0.000000 2417.824707 0.000000 -0.998437 0.000000 0.055892 1.000000 1.000000 1.000000
2412.233398 0.000000 2416.130127 0.000000 -0.873224 0.000000 0.487318 1.000000 1.000000 1.000000
2411.464355 0.000000 2414.271973 0.000000 0.566301 0.000000 -0.824198 1.000000 1.000000 1.000000
2411.732422 0.000000 2412.229248 0.000000 0.756691 0.000000 -0.653773 1.000000 1.000000 1.000000
2411.681152 0.000000 2412.371826 0.000000 0.557296 0.000000 0.830314 1.000000 1.000000 1.000000
2410.487305 0.000000 2409.697266 0.000000 -0.191707 0.000000 0.981452 1.000000 1.000000 1.000000
"}
object={
	name="Swamp Leaves"
	render_pass=Map
	clamp_to_water_level=no
	generated_content=no
	layer="tree_high_layer"
	pdxmesh="tree_swamp_02_a_mesh"
	count=27
	transform="2664.398438 1.081177 2013.205078 0.000000 0.000000 0.000000 1.000000 0.520285 0.520285 0.520285
2647.971924 0.653687 1999.627808 0.000000 0.000000 0.000000 1.000000 0.520285 0.520285 0.520285
2651.133789 1.581421 2014.709229 0.000000 0.000000 0.000000 1.000000 0.705343 0.705343 0.705343
2642.802246 0.000000 2012.714111 0.000000 0.000000 0.000000 1.000000 0.705343 0.705343 0.705343
2612.900635 0.000000 1890.850586 0.000000 0.000000 0.000000 1.000000 1.000000 1.000000 1.000000
2587.535156 0.464966 1989.863037 0.000000 0.830896 0.000000 0.556427 0.414681 0.414681 0.414681
2600.404297 0.464966 1995.480103 0.000000 0.830896 0.000000 0.556427 0.414681 0.414681 0.414681
2566.770264 0.526367 1908.074097 0.000000 0.830896 0.000000 0.556427 0.791395 0.791395 0.791395
2578.748291 0.907837 1914.920166 0.000000 0.830896 0.000000 0.556427 0.438399 0.438399 0.438399
2576.442627 0.907837 1920.073120 0.000000 0.830896 0.000000 0.556427 0.438399 0.438399 0.438399
2600.206543 0.907837 1883.159180 0.000000 0.830896 0.000000 0.556427 0.438399 0.438399 0.438399
2608.968506 0.907837 1884.715454 0.000000 0.830896 0.000000 0.556427 0.555286 0.555286 0.555286
2607.417969 0.907837 1897.849365 0.000000 -0.998653 0.000000 0.051889 0.555286 0.555286 0.555286
2610.872314 0.655029 1903.600342 0.000000 -0.321404 0.000000 -0.946942 0.695679 0.695679 0.695679
2602.124756 0.912231 1889.028198 0.000000 -0.321404 0.000000 -0.946942 0.695679 0.695679 0.695679
805.553772 1.582031 2219.436768 0.000000 0.982334 0.000000 0.187134 0.633564 0.633564 0.633564
806.056091 1.384033 2219.325439 0.000000 -0.948768 0.000000 -0.315975 0.445247 0.445247 0.445247
803.919678 1.384033 2219.029297 0.000000 -0.628446 0.000000 -0.777853 0.445247 0.445247 0.445247
790.979248 1.582031 2221.332275 0.000000 0.053413 -0.000000 -0.998573 0.633564 0.633564 0.633564
791.481567 1.384033 2221.220947 0.000000 0.955274 0.000000 0.295723 0.445247 0.445247 0.445247
789.292419 1.384033 2221.369141 0.000000 -0.547246 0.000000 -0.836972 0.445247 0.445247 0.445247
802.152832 1.582031 2218.368896 0.000000 -0.867265 0.000000 0.497847 0.633564 0.633564 0.633564
802.655151 1.384033 2218.257568 0.000000 0.993161 0.000000 0.116753 0.445247 0.445247 0.445247
800.518738 1.384033 2217.961426 0.000000 -0.647551 0.000000 -0.762022 0.445247 0.445247 0.445247
798.157043 1.582031 2253.613525 0.000000 -0.704779 0.000000 0.709427 0.633564 0.633564 0.633564
798.659363 1.384033 2253.502197 0.000000 -0.704779 0.000000 0.709427 0.445247 0.445247 0.445247
796.522949 1.384033 2253.206055 0.000000 0.000000 0.000000 1.000000 0.445247 0.445247 0.445247
"}
object={
	name="Swamp Trunk"
	render_pass=Map
	clamp_to_water_level=no
	generated_content=no
	layer="tree_high_layer"
	pdxmesh="tree_swamp_01_a_mesh"
	count=4
	transform="804.890930 0.000000 2219.655518 0.000000 0.989526 0.000000 0.144354 0.637932 0.637932 0.637932
790.316406 0.000000 2221.551025 0.000000 -0.930924 0.000000 0.365214 0.637932 0.637932 0.637932
801.489990 0.000000 2218.587646 0.000000 -0.998399 0.000000 0.056560 0.637932 0.637932 0.637932
797.494202 0.000000 2253.832275 0.000000 0.000000 0.000000 1.000000 0.637932 0.637932 0.637932
"}
object={
	name="Tyrosh_Docklands"
	render_pass=Map
	clamp_to_water_level=no
	generated_content=no
	layer="AGOT_building_layer"
	pdxmesh="building_special_AGOT_Tyrosh_Docklands_mesh"
	count=1
	transform="2363.011230 0.000000 2369.011963 0.000000 0.000000 0.000000 1.000000 59.214447 59.214447 59.214447
"}
object={
	name="Tyrosh_Houses"
	render_pass=Map
	clamp_to_water_level=no
	generated_content=no
	layer="AGOT_building_layer"
	pdxmesh="building_special_AGOT_Tyrosh_Houses_mesh"
	count=1
	transform="2362.851318 0.000000 2368.492188 0.000000 0.000000 0.000000 1.000000 59.493484 59.493484 59.493484
"}
object={
	name="Tyrosh_Upper_Class"
	render_pass=Map
	clamp_to_water_level=no
	generated_content=no
	layer="AGOT_building_layer"
	pdxmesh="building_special_Tyrosh_Upper_mesh"
	count=1
	transform="2362.860596 0.000000 2368.454346 0.000000 0.000000 0.000000 1.000000 59.391312 59.391312 59.391312
"}
object={
	name="Tyrosh_Walls"
	render_pass=Map
	clamp_to_water_level=no
	generated_content=no
	layer="AGOT_building_layer"
	pdxmesh="building_special_AGOT_Tyrosh_Walls_mesh"
	count=0
}
object={
	name="Vinyard 1"
	render_pass=Map
	clamp_to_water_level=no
	generated_content=no
	layer="tree_high_layer"
	entity="tree_acacia_01_entity"
	count=96
	transform="3598.856201 0.000000 5462.175781 0.000000 -0.953889 0.000000 0.300160 0.652722 0.652722 0.652722
3596.754883 0.000000 5463.903320 0.000000 -0.343001 0.000000 -0.939335 0.652722 0.652722 0.652722
3599.423096 0.000000 5462.951660 0.000000 0.710657 0.000000 -0.703538 0.652722 0.652722 0.652722
3597.321533 0.000000 5464.679688 0.000000 -0.243562 0.000000 -0.969885 0.652722 0.652722 0.652722
3594.632568 0.000000 5465.415039 0.000000 0.749610 0.000000 -0.661880 0.652722 0.652722 0.652722
3592.531250 0.000000 5467.143555 0.000000 -0.865234 -0.000000 -0.501369 0.652722 0.652722 0.652722
3595.260742 0.000000 5466.353027 0.000000 -0.869172 0.000000 0.494510 0.652722 0.652722 0.652722
3593.159180 0.000000 5468.081055 0.000000 0.912879 0.000000 -0.408230 0.652722 0.652722 0.652722
3600.121338 0.000000 5463.793945 0.000000 -0.635320 0.000000 0.772249 0.652722 0.652722 0.652722
3598.019775 0.000000 5465.522461 0.000000 -0.226757 0.000000 0.973951 0.652722 0.652722 0.652722
3600.687988 0.000000 5464.570312 0.000000 -0.281988 0.000000 -0.959418 0.652722 0.652722 0.652722
3598.586670 0.000000 5466.298340 0.000000 -0.940789 0.000000 -0.338994 0.652722 0.652722 0.652722
3595.897705 0.000000 5467.034180 0.000000 -0.901391 0.000000 0.433006 0.652722 0.652722 0.652722
3593.796143 0.000000 5468.761719 0.000000 0.959209 0.000000 0.282697 0.652722 0.652722 0.652722
3596.525635 0.000000 5467.971680 0.000000 -0.279215 0.000000 0.960229 0.652722 0.652722 0.652722
3601.432373 0.000000 5465.419922 0.000000 0.753532 0.000000 0.657411 0.652722 0.652722 0.652722
3599.330811 0.000000 5467.148438 -0.000000 0.478279 0.000000 0.878208 0.652722 0.652722 0.652722
3597.208740 0.000000 5468.660156 0.000000 -0.040014 0.000000 0.999199 0.652722 0.652722 0.652722
3609.531982 0.000000 5458.192383 0.000000 -0.953889 0.000000 0.300160 0.652722 0.652722 0.652722
3607.430420 0.000000 5459.919922 0.000000 -0.343001 0.000000 -0.939335 0.652722 0.652722 0.652722
3610.098877 0.000000 5458.968262 0.000000 0.710657 0.000000 -0.703538 0.652722 0.652722 0.652722
3600.958740 0.000000 5467.166016 0.000000 -0.243562 0.000000 -0.969885 0.652722 0.652722 0.652722
3607.997314 0.000000 5460.696289 0.000000 -0.243562 0.000000 -0.969885 0.652722 0.652722 0.652722
3605.308350 0.000000 5461.431641 0.000000 0.749610 0.000000 -0.661880 0.652722 0.652722 0.652722
3603.206787 0.000000 5463.160156 0.000000 -0.865234 -0.000000 -0.501369 0.652722 0.652722 0.652722
3605.936279 0.000000 5462.369629 0.000000 -0.869172 0.000000 0.494510 0.652722 0.652722 0.652722
3603.834717 0.000000 5464.097656 0.000000 0.912879 0.000000 -0.408230 0.652722 0.652722 0.652722
3610.797119 0.000000 5459.810547 0.000000 -0.635320 0.000000 0.772249 0.652722 0.652722 0.652722
3608.695557 0.000000 5461.539062 0.000000 -0.226757 0.000000 0.973951 0.652722 0.652722 0.652722
3611.363525 0.000000 5460.586914 0.000000 -0.281988 0.000000 -0.959418 0.652722 0.652722 0.652722
3609.262451 0.000000 5462.314941 0.000000 -0.940789 0.000000 -0.338994 0.652722 0.652722 0.652722
3606.573486 0.000000 5463.050781 0.000000 -0.901391 0.000000 0.433006 0.652722 0.652722 0.652722
3604.471924 0.000000 5464.778320 0.000000 0.959209 0.000000 0.282697 0.652722 0.652722 0.652722
3607.201416 0.000000 5463.988281 0.000000 -0.279215 0.000000 0.960229 0.652722 0.652722 0.652722
3605.099854 0.000000 5465.716309 0.000000 0.786867 -0.000000 -0.617123 0.652722 0.652722 0.652722
3612.108154 0.000000 5461.436523 0.000000 0.753532 0.000000 0.657411 0.652722 0.652722 0.652722
3610.572998 0.000000 5464.125977 0.000000 -0.722893 0.000000 0.690960 0.652722 0.652722 0.652722
3610.006592 0.000000 5463.165039 -0.000000 0.478279 0.000000 0.878208 0.652722 0.652722 0.652722
3607.884521 0.000000 5464.676758 0.000000 -0.040014 0.000000 0.999199 0.652722 0.652722 0.652722
3605.782959 0.000000 5466.404297 -0.000000 0.092171 0.000000 0.995743 0.652722 0.652722 0.652722
3570.710205 0.000000 5474.237305 0.000000 -0.953889 0.000000 0.300160 0.652722 0.652722 0.652722
3568.608643 0.000000 5475.964844 0.000000 -0.343001 0.000000 -0.939335 0.652722 0.652722 0.652722
3564.385010 0.000000 5479.205078 0.000000 -0.865234 -0.000000 -0.501369 0.652722 0.652722 0.652722
3590.761230 0.000000 5464.357422 0.000000 0.889048 0.000000 -0.457813 0.652722 0.652722 0.652722
3596.064209 0.000000 5462.794922 0.000000 -0.339031 0.000000 -0.940775 0.652722 0.652722 0.652722
3591.273682 0.000000 5465.257812 0.000000 -0.422126 0.000000 -0.906537 0.652722 0.652722 0.652722
3594.003174 0.000000 5464.467773 0.000000 0.306053 0.000000 0.952015 0.652722 0.652722 0.652722
3591.901855 0.000000 5466.196289 0.000000 -0.200417 0.000000 0.979711 0.652722 0.652722 0.652722
3566.874268 0.000000 5469.333008 -0.000000 -0.793748 0.000000 0.608247 0.652722 0.652722 0.652722
3564.772949 0.000000 5471.060547 0.000000 -0.832482 0.000000 -0.554053 0.652722 0.652722 0.652722
3567.441162 0.000000 5470.109375 0.000000 -0.191271 -0.000000 -0.981537 0.652722 0.652722 0.652722
3565.339600 0.000000 5471.836914 0.000000 0.806638 0.000000 -0.591046 0.652722 0.652722 0.652722
3562.650635 0.000000 5472.573242 0.000000 -0.889720 0.000000 -0.456507 0.652722 0.652722 0.652722
3560.549316 0.000000 5474.300781 0.000000 -0.175004 0.000000 0.984568 0.652722 0.652722 0.652722
3563.278809 0.000000 5473.510742 0.000000 -0.137154 -0.000000 -0.990550 0.652722 0.652722 0.652722
3561.177490 0.000000 5475.238281 0.000000 0.319056 0.000000 -0.947736 0.652722 0.652722 0.652722
3568.139404 0.000000 5470.952148 -0.000000 0.428008 0.000000 0.903775 0.652722 0.652722 0.652722
3566.037842 0.000000 5472.679688 0.000000 0.469644 0.000000 -0.882856 0.652722 0.652722 0.652722
3568.706299 0.000000 5471.727539 0.000000 0.821105 -0.000000 -0.570777 0.652722 0.652722 0.652722
3566.604736 0.000000 5473.456055 0.000000 0.807349 0.000000 -0.590075 0.652722 0.652722 0.652722
3563.915771 0.000000 5474.191406 0.000000 0.881510 0.000000 -0.472166 0.652722 0.652722 0.652722
3561.814209 0.000000 5475.919922 0.000000 0.223347 0.000000 0.974739 0.652722 0.652722 0.652722
3564.543701 0.000000 5475.128906 0.000000 0.383225 0.000000 0.923655 0.652722 0.652722 0.652722
3562.442383 0.000000 5476.857422 0.000000 -0.910212 0.000000 0.414142 0.652722 0.652722 0.652722
3569.450439 0.000000 5472.578125 0.000000 0.295898 0.000000 0.955219 0.652722 0.652722 0.652722
3567.348877 0.000000 5474.305664 0.000000 -0.994404 0.000000 -0.105648 0.652722 0.652722 0.652722
3567.915771 0.000000 5475.082031 0.000000 -0.339031 0.000000 -0.940775 0.652722 0.652722 0.652722
3565.226807 0.000000 5475.817383 0.000000 -0.999936 0.000000 0.011346 0.652722 0.652722 0.652722
3563.125244 0.000000 5477.545898 0.000000 -0.422126 0.000000 -0.906537 0.652722 0.652722 0.652722
3606.739990 0.000000 5458.811523 0.000000 -0.339031 0.000000 -0.940775 0.652722 0.652722 0.652722
3601.949463 0.000000 5461.274414 0.000000 -0.422126 0.000000 -0.906537 0.652722 0.652722 0.652722
3604.678955 0.000000 5460.484375 0.000000 0.306053 0.000000 0.952015 0.652722 0.652722 0.652722
3602.577393 0.000000 5462.212891 0.000000 -0.200417 0.000000 0.979711 0.652722 0.652722 0.652722
3575.932373 0.000000 5462.119141 0.000000 -0.127650 0.000000 -0.991819 0.652722 0.652722 0.652722
3573.831299 0.000000 5463.847656 0.000000 -0.973331 0.000000 -0.229404 0.652722 0.652722 0.652722
3576.499268 0.000000 5462.895508 0.000000 -0.012942 0.000000 0.999916 0.652722 0.652722 0.652722
3574.397705 0.000000 5464.623047 0.000000 0.656263 0.000000 -0.754532 0.652722 0.652722 0.652722
3569.607666 0.000000 5467.086914 0.000000 0.258282 0.000000 -0.966070 0.652722 0.652722 0.652722
3572.337158 0.000000 5466.296875 0.000000 -0.799416 0.000000 0.600778 0.652722 0.652722 0.652722
3570.235596 0.000000 5468.024414 0.000000 0.924992 0.000000 -0.379986 0.652722 0.652722 0.652722
3577.197510 0.000000 5463.738281 0.000000 -0.987716 0.000000 -0.156259 0.652722 0.652722 0.652722
3575.095947 0.000000 5465.465820 0.000000 0.987094 0.000000 -0.160145 0.652722 0.652722 0.652722
3577.764404 0.000000 5464.514648 0.000000 -0.997344 0.000000 0.072836 0.652722 0.652722 0.652722
3575.662842 0.000000 5466.242188 0.000000 0.936626 0.000000 0.350330 0.652722 0.652722 0.652722
3572.973877 0.000000 5466.977539 0.000000 0.276052 0.000000 -0.961143 0.652722 0.652722 0.652722
3570.872314 0.000000 5468.706055 0.000000 0.146184 0.000000 -0.989258 0.652722 0.652722 0.652722
3573.601807 0.000000 5467.916016 0.000000 -0.508029 0.000000 0.861340 0.652722 0.652722 0.652722
3571.500732 0.000000 5469.643555 0.000000 0.827563 -0.000000 -0.561373 0.652722 0.652722 0.652722
3578.508545 0.000000 5465.364258 -0.000000 -0.194192 0.000000 0.980964 0.652722 0.652722 0.652722
3576.406982 0.000000 5467.091797 0.000000 0.107794 0.000000 0.994173 0.652722 0.652722 0.652722
3579.075439 0.000000 5466.140625 0.000000 -0.864360 0.000000 -0.502873 0.652722 0.652722 0.652722
3576.973877 0.000000 5467.868164 0.000000 0.753055 0.000000 0.657957 0.652722 0.652722 0.652722
3574.284912 0.000000 5468.603516 0.000000 -0.648175 -0.000000 -0.761492 0.652722 0.652722 0.652722
3572.183350 0.000000 5470.332031 0.000000 0.120022 0.000000 -0.992771 0.652722 0.652722 0.652722
3574.912842 0.000000 5469.541992 0.000000 -0.224222 0.000000 0.974538 0.652722 0.652722 0.652722
3572.811768 0.000000 5471.269531 0.000000 0.385305 0.000000 -0.922789 0.652722 0.652722 0.652722
"}
object={
	name="Vinyard 2"
	render_pass=Map
	clamp_to_water_level=no
	generated_content=no
	layer="tree_high_layer"
	entity="tree_acacia_02_entity"
	count=91
	transform="3595.729248 0.000000 5464.750488 0.000000 -0.158353 0.000000 -0.987383 0.635669 0.635669 0.635669
3597.945801 0.000000 5462.855469 0.000000 -0.907754 0.000000 0.419504 0.635669 0.635669 0.635669
3596.295898 0.000000 5465.526367 0.000000 -0.100650 0.000000 0.994922 0.635669 0.635669 0.635669
3598.512695 0.000000 5463.631836 0.000000 -0.998879 0.000000 0.047325 0.635669 0.635669 0.635669
3591.505615 0.000000 5467.990234 0.000000 -0.446348 0.000000 -0.894859 0.635669 0.635669 0.635669
3593.722168 0.000000 5466.095703 0.000000 0.507545 0.000000 0.861625 0.635669 0.635669 0.635669
3606.405029 0.000000 5460.767090 0.000000 -0.158353 0.000000 -0.987383 0.635669 0.635669 0.635669
3594.350342 0.000000 5467.033203 0.000000 0.856706 0.000000 0.515805 0.635669 0.635669 0.635669
3596.994141 0.000000 5466.369141 -0.000000 -0.194750 0.000000 0.980853 0.635669 0.635669 0.635669
3599.210938 0.000000 5464.474609 0.000000 -0.713237 0.000000 0.700923 0.635669 0.635669 0.635669
3597.561035 0.000000 5467.145508 0.000000 -0.969926 0.000000 -0.243401 0.635669 0.635669 0.635669
3599.777588 0.000000 5465.250977 -0.000000 0.256706 0.000000 0.966489 0.635669 0.635669 0.635669
3608.621338 0.000000 5458.872070 0.000000 -0.907754 0.000000 0.419504 0.635669 0.635669 0.635669
3594.987305 0.000000 5467.714355 0.000000 -0.882031 0.000000 -0.471192 0.635669 0.635669 0.635669
3606.971436 0.000000 5461.542969 0.000000 -0.100650 0.000000 0.994922 0.635669 0.635669 0.635669
3595.615234 0.000000 5468.652344 0.000000 -0.389060 -0.000000 -0.921213 0.635669 0.635669 0.635669
3598.305176 0.000000 5467.995117 0.000000 0.680800 0.000000 -0.732469 0.635669 0.635669 0.635669
3600.521973 0.000000 5466.100586 0.000000 -0.967852 0.000000 0.251521 0.635669 0.635669 0.635669
3602.150146 0.000000 5466.119141 0.000000 -0.998879 0.000000 0.047325 0.635669 0.635669 0.635669
3609.188232 0.000000 5459.648438 0.000000 -0.998879 0.000000 0.047325 0.635669 0.635669 0.635669
3602.181396 0.000000 5464.006836 0.000000 -0.446348 0.000000 -0.894859 0.635669 0.635669 0.635669
3604.397705 0.000000 5462.112305 0.000000 0.507545 0.000000 0.861625 0.635669 0.635669 0.635669
3605.026123 0.000000 5463.049805 0.000000 0.856706 0.000000 0.515805 0.635669 0.635669 0.635669
3607.669678 0.000000 5462.385742 -0.000000 -0.194750 0.000000 0.980853 0.635669 0.635669 0.635669
3609.886475 0.000000 5460.491211 0.000000 -0.713237 0.000000 0.700923 0.635669 0.635669 0.635669
3608.236572 0.000000 5463.162109 0.000000 -0.969926 0.000000 -0.243401 0.635669 0.635669 0.635669
3610.453369 0.000000 5461.267578 -0.000000 0.256706 0.000000 0.966489 0.635669 0.635669 0.635669
3605.662842 0.000000 5463.730957 0.000000 -0.882031 0.000000 -0.471192 0.635669 0.635669 0.635669
3606.290771 0.000000 5464.668945 0.000000 -0.389060 -0.000000 -0.921213 0.635669 0.635669 0.635669
3609.547119 0.000000 5464.972656 0.000000 -0.987791 0.000000 -0.155782 0.635669 0.635669 0.635669
3608.980713 0.000000 5464.011719 0.000000 0.680800 0.000000 -0.732469 0.635669 0.635669 0.635669
3611.197510 0.000000 5462.117188 0.000000 -0.967852 0.000000 0.251521 0.635669 0.635669 0.635669
3606.973877 0.000000 5465.356445 0.000000 -0.362325 0.000000 -0.932052 0.635669 0.635669 0.635669
3563.359619 0.000000 5480.051758 0.000000 -0.446348 0.000000 -0.894859 0.635669 0.635669 0.635669
3595.038574 0.000000 5463.641602 0.000000 -0.997083 0.000000 0.076322 0.635669 0.635669 0.635669
3591.725342 0.000000 5463.269531 0.000000 -0.075118 0.000000 0.997174 0.635669 0.635669 0.635669
3589.240479 0.000000 5465.477539 0.000000 -0.978726 0.000000 -0.205172 0.635669 0.635669 0.635669
3590.248291 0.000000 5466.105469 0.000000 0.993402 0.000000 0.114681 0.635669 0.635669 0.635669
3592.464844 0.000000 5464.210938 -0.000000 -0.243899 0.000000 0.969801 0.635669 0.635669 0.635669
3590.876221 0.000000 5467.042969 0.000000 -0.904739 0.000000 0.425967 0.635669 0.635669 0.635669
3593.093018 0.000000 5465.148438 0.000000 -0.371492 0.000000 0.928436 0.635669 0.635669 0.635669
3563.747314 0.000000 5471.908203 0.000000 0.637480 0.000000 -0.770467 0.635669 0.635669 0.635669
3565.964111 0.000000 5470.013672 0.000000 0.953799 0.000000 -0.300447 0.635669 0.635669 0.635669
3564.314209 0.000000 5472.684570 0.000000 0.173460 0.000000 -0.984841 0.635669 0.635669 0.635669
3566.530762 0.000000 5470.789062 0.000000 -0.804207 0.000000 -0.594349 0.635669 0.635669 0.635669
3559.523682 0.000000 5475.147461 -0.000000 0.289772 0.000000 0.957096 0.635669 0.635669 0.635669
3561.740479 0.000000 5473.252930 0.000000 0.970508 0.000000 0.241070 0.635669 0.635669 0.635669
3560.151611 0.000000 5476.085938 0.000000 -0.792305 0.000000 -0.610125 0.635669 0.635669 0.635669
3562.368408 0.000000 5474.190430 0.000000 0.780674 0.000000 0.624938 0.635669 0.635669 0.635669
3565.012451 0.000000 5473.526367 0.000000 -0.553985 0.000000 -0.832526 0.635669 0.635669 0.635669
3567.229004 0.000000 5471.631836 0.000000 -0.999323 0.000000 0.036793 0.635669 0.635669 0.635669
3565.579102 0.000000 5474.302734 0.000000 -0.997225 0.000000 0.074444 0.635669 0.635669 0.635669
3567.795654 0.000000 5472.408203 0.000000 -0.683980 0.000000 -0.729501 0.635669 0.635669 0.635669
3560.788818 0.000000 5476.766602 0.000000 -0.157994 -0.000000 -0.987440 0.635669 0.635669 0.635669
3563.005371 0.000000 5474.872070 0.000000 -0.902525 0.000000 -0.430637 0.635669 0.635669 0.635669
3561.416748 0.000000 5477.704102 0.000000 0.523145 0.000000 0.852244 0.635669 0.635669 0.635669
3563.633545 0.000000 5475.809570 0.000000 -0.394163 0.000000 0.919041 0.635669 0.635669 0.635669
3566.323486 0.000000 5475.152344 0.000000 0.850151 0.000000 -0.526539 0.635669 0.635669 0.635669
3568.540039 0.000000 5473.257812 0.000000 -0.999829 0.000000 0.018484 0.635669 0.635669 0.635669
3566.890137 0.000000 5475.928711 0.000000 -0.997083 0.000000 0.076322 0.635669 0.635669 0.635669
3569.106689 0.000000 5474.034180 0.000000 -0.746539 0.000000 -0.665342 0.635669 0.635669 0.635669
3562.099854 0.000000 5478.392578 0.000000 0.993402 0.000000 0.114681 0.635669 0.635669 0.635669
3564.316406 0.000000 5476.498047 -0.000000 -0.243899 0.000000 0.969801 0.635669 0.635669 0.635669
3562.727783 0.000000 5479.330078 0.000000 -0.904739 0.000000 0.425967 0.635669 0.635669 0.635669
3605.714111 0.000000 5459.658203 0.000000 -0.997083 0.000000 0.076322 0.635669 0.635669 0.635669
3600.923828 0.000000 5462.122070 0.000000 0.993402 0.000000 0.114681 0.635669 0.635669 0.635669
3603.140381 0.000000 5460.227539 -0.000000 -0.243899 0.000000 0.969801 0.635669 0.635669 0.635669
3601.552002 0.000000 5463.059570 0.000000 -0.904739 0.000000 0.425967 0.635669 0.635669 0.635669
3603.768555 0.000000 5461.165039 0.000000 -0.371492 0.000000 0.928436 0.635669 0.635669 0.635669
3575.022217 0.000000 5462.799805 0.000000 -0.811352 0.000000 -0.584557 0.635669 0.635669 0.635669
3573.372314 0.000000 5465.470703 0.000000 0.380660 0.000000 0.924715 0.635669 0.635669 0.635669
3575.589111 0.000000 5463.576172 -0.000000 0.700040 0.000000 0.714103 0.635669 0.635669 0.635669
3568.581787 0.000000 5467.934570 0.000000 -0.989756 0.000000 -0.142772 0.635669 0.635669 0.635669
3570.798584 0.000000 5466.039062 0.000000 0.323211 0.000000 0.946327 0.635669 0.635669 0.635669
3569.209717 0.000000 5468.872070 0.000000 -0.882831 0.000000 0.469690 0.635669 0.635669 0.635669
3571.426514 0.000000 5466.977539 0.000000 0.851426 0.000000 0.524475 0.635669 0.635669 0.635669
3574.070557 0.000000 5466.313477 0.000000 -0.246158 0.000000 -0.969230 0.635669 0.635669 0.635669
3576.287354 0.000000 5464.418945 0.000000 -0.752874 0.000000 0.658164 0.635669 0.635669 0.635669
3574.637451 0.000000 5467.088867 0.000000 0.573934 0.000000 0.818901 0.635669 0.635669 0.635669
3576.853760 0.000000 5465.194336 0.000000 -0.732674 0.000000 -0.680580 0.635669 0.635669 0.635669
3569.846924 0.000000 5469.552734 0.000000 -0.858832 0.000000 0.512258 0.635669 0.635669 0.635669
3572.063721 0.000000 5467.658203 0.000000 0.673262 0.000000 -0.739404 0.635669 0.635669 0.635669
3570.474854 0.000000 5470.490234 0.000000 0.339999 0.000000 0.940426 0.635669 0.635669 0.635669
3572.691650 0.000000 5468.595703 0.000000 -0.826843 -0.000000 -0.562433 0.635669 0.635669 0.635669
3575.381592 0.000000 5467.939453 0.000000 0.999977 0.000000 -0.006701 0.635669 0.635669 0.635669
3575.948486 0.000000 5468.714844 0.000000 0.699265 0.000000 0.714863 0.635669 0.635669 0.635669
3578.164795 0.000000 5466.820312 0.000000 -0.989430 0.000000 0.145014 0.635669 0.635669 0.635669
3571.157959 0.000000 5471.178711 0.000000 -0.367091 0.000000 -0.930185 0.635669 0.635669 0.635669
3573.374756 0.000000 5469.284180 0.000000 -0.890469 0.000000 -0.455044 0.635669 0.635669 0.635669
3571.785889 0.000000 5472.116211 0.000000 0.966528 0.000000 -0.256559 0.635669 0.635669 0.635669
3574.002686 0.000000 5470.221680 0.000000 0.579287 0.000000 0.815124 0.635669 0.635669 0.635669
"}
object={
	name="White Harbor Docks"
	render_pass=Map
	clamp_to_water_level=no
	generated_content=no
	layer="AGOT_building_layer"
	pdxmesh="building_special_WH_Dock_mesh"
	count=4
	transform="1553.683594 0.056640 4304.818359 0.000000 0.257267 0.000000 0.966341 0.404298 0.404298 0.404298
1553.531860 0.364258 4306.289062 0.000000 0.564081 0.000000 0.825720 0.533479 0.533479 0.533479
1560.462524 0.090332 4298.245605 0.000000 0.283357 0.000000 0.959015 0.533479 0.533479 0.533479
1556.298950 0.134277 4301.830078 0.000000 0.404482 0.000000 0.914546 0.533479 0.533479 0.533479
"}
