date,holder,culture,title,tier,empire,source_file,old_government,new_government,rule_type,rule_scope,confidence
100.1.1,Local_Rulers_Asshai_Shadowlands,shadowman,c_lazyros,1,,history/titles/lv_k_asshai.txt,,tribal_government,culture,shadowman,low
100.1.1,Local_Rulers_Sothoryos,brindled_man,c_aft_gorosh,1,,history/titles/agot_sothori_history_titles.txt,,tribal_government,history_file,agot_sothori_history_titles.txt,medium
100.1.1,Local_Rulers_Valyria_Oros_Valyrian,valyrian_original,c_oros,1,,history/titles/lv_k_valyria.txt,,oligarchic_government,history_file,lv_k_valyria.txt,high
7239.2.1,Nymeros_2,,d_ny_sar,2,,history/titles/lv_k_rhoyne.txt,,feudal_government,history_file,lv_k_rhoyne.txt,medium
7266.4.4,Nymeros_4,,d_ny_sar,2,,history/titles/lv_k_rhoyne.txt,,feudal_government,history_file,lv_k_rhoyne.txt,medium
7282.10.1,Nymeros_6,,d_ny_sar,2,,history/titles/lv_k_rhoyne.txt,,feudal_government,history_file,lv_k_rhoyne.txt,medium
7299.4.4,Nymeros_1,,d_ny_sar,2,,history/titles/lv_k_rhoyne.txt,,feudal_government,history_file,lv_k_rhoyne.txt,medium
7820.1.1,Ghazeen_1,meereenese,c_ghazeen_pyramid,1,,history/titles/lv_k_meereen.txt,oligarchic_government,oligarchic_government,history_file,lv_k_meereen.txt,high
7839.1.1,Ghazeen_2,meereenese,c_ghazeen_pyramid,1,,history/titles/lv_k_meereen.txt,,oligarchic_government,history_file,lv_k_meereen.txt,high
7839.1.1,Reznak_1,meereenese,c_khyzai_pass,1,,history/titles/lv_k_meereen.txt,oligarchic_government,oligarchic_government,history_file,lv_k_meereen.txt,high
7840.1.1,Volnyros_1,volantene,c_selhorys,1,,history/titles/lv_k_volantis.txt,administrative_government,administrative_government,history_file,lv_k_volantis.txt,high
7847.1.1,Qheadar_1,essosi_valyrian,c_vasyugys,1,,history/titles/lv_k_volantis.txt,administrative_government,administrative_government,history_file,lv_k_volantis.txt,high
7849.1.1,Barlaeris_1,mantaryan,c_elarion,1,,history/titles/lv_k_north_valyria.txt,,oligarchic_government,history_file,lv_k_north_valyria.txt,medium
7849.1.1,Kirines_1,volantene,d_volon_therys,2,,history/titles/lv_k_volantis.txt,administrative_government,administrative_government,history_file,lv_k_volantis.txt,high
7849.1.1,Loraq_1,meereenese,k_meereen,3,,history/titles/lv_k_meereen.txt,oligarchic_government,oligarchic_government,history_file,lv_k_meereen.txt,high
7849.1.1,Nakloz_1,astapori,c_nf_nakloz,1,,history/titles/lv_nf_titles.txt,oligarchic_government,oligarchic_government,history_file,lv_k_astapor.txt,high
7849.1.1,Pendaeron_1,mantaryan,c_treylys,1,,history/titles/lv_k_north_valyria.txt,,oligarchic_government,history_file,lv_k_north_valyria.txt,medium
7849.1.1,Quazzar_1,meereenese,c_nf_quazzar,1,,history/titles/lv_nf_titles.txt,oligarchic_government,oligarchic_government,history_file,lv_k_meereen.txt,high
7849.1.1,Szarr_1,mantaryan,c_elyndor,1,,history/titles/lv_k_north_valyria.txt,,oligarchic_government,history_file,lv_k_north_valyria.txt,medium
7849.1.1,Zobridar_1,mantaryan,d_mantarys,2,,history/titles/lv_k_north_valyria.txt,,oligarchic_government,history_file,lv_k_north_valyria.txt,medium
7850.1.1,Pahl_1,meereenese,c_demon_road,1,,history/titles/lv_k_meereen.txt,oligarchic_government,oligarchic_government,history_file,lv_k_meereen.txt,high
7850.1.1,Qaggaz_1,yunkaii,k_yunkai,3,,history/titles/lv_k_yunkai.txt,oligarchic_government,oligarchic_government,history_file,lv_k_yunkai.txt,high
7850.1.1,Stogarys_1,volantene,c_mavlys,1,,history/titles/lv_k_volantis.txt,administrative_government,administrative_government,history_file,lv_k_volantis.txt,high
7850.1.1,Zherzyn_1,yunkaii,c_nf_zherzyn,1,,history/titles/lv_nf_titles.txt,oligarchic_government,oligarchic_government,history_file,lv_k_yunkai.txt,high
7851.1.1,Ahlaq_1,yunkaii,c_nf_ahlaq,1,,history/titles/lv_nf_titles.txt,oligarchic_government,oligarchic_government,history_file,lv_k_yunkai.txt,high
7852.1.1,Dhazak_1,meereenese,c_dhazak_pyramid,1,,history/titles/lv_k_meereen.txt,oligarchic_government,oligarchic_government,history_file,lv_k_meereen.txt,high
7852.1.1,Tagaros_1,essosi_valyrian,d_nf_tagaros,2,,history/titles/lv_nf_titles.txt,administrative_government,administrative_government,history_file,lv_k_volantis.txt,high
7855.1.1,Hazkar_1,meereenese,c_hazkar_pyramid,1,,history/titles/lv_k_meereen.txt,oligarchic_government,oligarchic_government,history_file,lv_k_meereen.txt,high
7855.1.1,Rhazdar_1,meereenese,c_nf_rhazdar,1,,history/titles/lv_nf_titles.txt,oligarchic_government,oligarchic_government,history_file,lv_k_meereen.txt,high
7857.1.1,Naqqan_1,meereenese,c_naqqan_pyramid,1,,history/titles/lv_k_meereen.txt,oligarchic_government,oligarchic_government,history_file,lv_k_meereen.txt,high
7858.1.1,34569149,ghaeni,c_ghaen,1,,history/titles/lv_k_ghiscar.txt,,oligarchic_government,history_file,lv_k_ghiscar.txt,medium
7858.1.1,Loraq_1,meereenese,c_loraq_pyramid,1,,history/titles/lv_k_meereen.txt,oligarchic_government,oligarchic_government,history_file,lv_k_meereen.txt,high
7858.1.1,Rebagyr_1,mantaryan,c_demon_pass,1,,history/titles/lv_k_north_valyria.txt,,oligarchic_government,history_file,lv_k_north_valyria.txt,medium
7859.1.1,34469148,ghaeni,c_baked_shore,1,,history/titles/lv_k_ghiscar.txt,,oligarchic_government,history_file,lv_k_ghiscar.txt,medium
7859.1.1,Eraz_1,yunkaii,c_maelk,1,,history/titles/lv_k_yunkai.txt,oligarchic_government,oligarchic_government,history_file,lv_k_yunkai.txt,high
7859.1.1,Marsiglio_1,volantene,c_anyria,1,,history/titles/lv_k_volantis.txt,administrative_government,administrative_government,history_file,lv_k_volantis.txt,high
7859.1.1,Mazemagyr_1,tolosi,c_black_cliffs,1,,history/titles/lv_k_north_valyria.txt,,oligarchic_government,history_file,lv_k_north_valyria.txt,medium
7859.1.1,Qaggaz_1,yunkaii,c_kaldeen,1,,history/titles/lv_k_yunkai.txt,oligarchic_government,oligarchic_government,history_file,lv_k_yunkai.txt,high
7860.1.1,Grazdhan_1,astapori,c_gadhis,1,,history/titles/lv_k_astapor.txt,oligarchic_government,oligarchic_government,history_file,lv_k_astapor.txt,high
7860.1.1,Kandaq_1,meereenese,c_kandaq_pyramid,1,,history/titles/lv_k_meereen.txt,oligarchic_government,oligarchic_government,history_file,lv_k_meereen.txt,high
7860.1.1,LV_Votar_1,essosi_valyrian,d_nf_votar,2,,history/titles/lv_nf_titles.txt,administrative_government,administrative_government,history_file,lv_k_volantis.txt,high
7860.1.1,Lomberys_1,volantene,c_plains_of_maegys,1,,history/titles/lv_k_volantis.txt,administrative_government,administrative_government,history_file,lv_k_volantis.txt,high
7860.1.1,Mazlaq_1,astapori,c_ghiscar_point,1,,history/titles/lv_k_astapor.txt,oligarchic_government,oligarchic_government,history_file,lv_k_astapor.txt,high
7860.1.1,Nefatis_1,volantene,d_valon_sar,2,,history/titles/lv_k_volantis.txt,administrative_government,administrative_government,history_file,lv_k_volantis.txt,high
7860.1.1,Paenymion_1,essosi_valyrian,d_nf_paenymion,2,,history/titles/lv_nf_titles.txt,administrative_government,administrative_government,history_file,lv_k_volantis.txt,high
7860.1.1,Volantis_1,essosi_valyrian,k_volantis,3,,history/titles/lv_k_volantis.txt,administrative_government,administrative_government,history_file,lv_k_volantis.txt,high
7860.1.1,Yherizan_1,meereenese,c_green_gate,1,,history/titles/lv_k_meereen.txt,oligarchic_government,oligarchic_government,history_file,lv_k_meereen.txt,high
7861.1.1,Qheadar_2,essosi_valyrian,c_vasyugys,1,,history/titles/lv_k_volantis.txt,,administrative_government,history_file,lv_k_volantis.txt,high
7862.1.1,Isnardo_1,volantene,c_ar_mynar,1,,history/titles/lv_k_volantis.txt,administrative_government,administrative_government,history_file,lv_k_volantis.txt,high
7862.1.1,Oliviriana_1,volantene,c_laboros,1,,history/titles/lv_k_volantis.txt,administrative_government,administrative_government,history_file,lv_k_volantis.txt,high
7862.1.1,Quazzar_2,meereenese,c_nf_quazzar,1,,history/titles/lv_nf_titles.txt,,oligarchic_government,history_file,lv_k_meereen.txt,high
7864.1.1,LV_Merreq_1,meereenese,c_merreq_pyramid,1,,history/titles/lv_k_meereen.txt,oligarchic_government,oligarchic_government,history_file,lv_k_meereen.txt,high
7865.1.1,Grazlar_1,astapori,c_horns_of_hazzat,1,,history/titles/lv_k_astapor.txt,oligarchic_government,oligarchic_government,history_file,lv_k_astapor.txt,high
7866.1.1,Azantone_1,tolosi,d_tolos,2,,history/titles/lv_k_north_valyria.txt,,oligarchic_government,history_file,lv_k_north_valyria.txt,medium
7866.1.1,Dhazak_2,meereenese,c_dhazak_pyramid,1,,history/titles/lv_k_meereen.txt,,oligarchic_government,history_file,lv_k_meereen.txt,high
7866.1.1,Local_Rulers_Volantis_Selhorys,volantene,c_oryniel,1,,history/titles/lv_k_volantis.txt,,administrative_government,history_file,lv_k_volantis.txt,high
7866.1.1,Local_Rulers_Volantis_Volaena,volantene,c_numurys,1,,history/titles/lv_k_volantis.txt,,administrative_government,history_file,lv_k_volantis.txt,high
7866.1.1,Lodaorys_1,mantaryan,c_painted_valleys,1,,history/titles/lv_k_north_valyria.txt,,oligarchic_government,history_file,lv_k_north_valyria.txt,medium
7866.1.1,Vaelaros_1,essosi_valyrian,c_jelsah,1,,history/titles/lv_k_volantis.txt,administrative_government,administrative_government,history_file,lv_k_volantis.txt,high
7866.1.1,Vhassar_1,essosi_valyrian,c_arlior_geron,1,,history/titles/lv_k_volantis.txt,administrative_government,administrative_government,history_file,lv_k_volantis.txt,high
7866.1.1,Yunzak_1,yunkaii,c_nf_yunzak,1,,history/titles/lv_nf_titles.txt,oligarchic_government,oligarchic_government,history_file,lv_k_yunkai.txt,high
7867.1.1,Dhogarys_1,volantene,c_honors_port,1,,history/titles/lv_k_volantis.txt,administrative_government,administrative_government,history_file,lv_k_volantis.txt,high
7867.1.1,Galare_1,meereenese,c_galare_pyramid,1,,history/titles/lv_k_meereen.txt,oligarchic_government,oligarchic_government,history_file,lv_k_meereen.txt,high
7867.1.1,Reznak_2,meereenese,c_khyzai_pass,1,,history/titles/lv_k_meereen.txt,,oligarchic_government,history_file,lv_k_meereen.txt,high
7867.1.1,Volnyros_2,volantene,c_selhorys,1,,history/titles/lv_k_volantis.txt,,administrative_government,history_file,lv_k_volantis.txt,high
7868.1.1,34433914,asshaii,d_chalysa,2,,history/titles/lv_k_asshai.txt,,oligarchic_government,history_file,lv_k_asshai.txt,low
7868.1.1,34469152,ghaeni,c_atruskai,1,,history/titles/lv_k_ghiscar.txt,,oligarchic_government,history_file,lv_k_ghiscar.txt,medium
7868.1.1,34533911,asshaii,d_the_saffron_lands,2,,history/titles/lv_k_asshai.txt,,oligarchic_government,history_file,lv_k_asshai.txt,low
7868.1.1,Adiur_1,asshaii,k_asshai,3,,history/titles/lv_k_asshai.txt,,oligarchic_government,history_file,lv_k_asshai.txt,low
7868.1.1,Local_Rulers_Asshai,asshaii,c_ashen_shore,1,,history/titles/lv_k_asshai.txt,,oligarchic_government,history_file,lv_k_asshai.txt,low
7868.1.1,Local_Rulers_Asshai_Chalysa,asshaii,c_arrat,1,,history/titles/lv_k_asshai.txt,,oligarchic_government,history_file,lv_k_asshai.txt,low
7868.1.1,Local_Rulers_Asshai_Hattar,shadowman,c_eranos,1,,history/titles/lv_k_asshai.txt,,tribal_government,culture,shadowman,low
7868.1.1,Local_Rulers_Asshai_Maruza,shadowman,c_maruza,1,,history/titles/lv_k_asshai.txt,,tribal_government,culture,shadowman,low
7868.1.1,Local_Rulers_Asshai_Ostiros,shadowman,c_jaqor,1,,history/titles/lv_k_asshai.txt,,tribal_government,culture,shadowman,low
7868.1.1,Local_Rulers_Asshai_Saffron_Lands,asshaii,c_aures,1,,history/titles/lv_k_asshai.txt,,oligarchic_government,history_file,lv_k_asshai.txt,low
7868.1.1,Ninmarki_1,shadowman,d_hattar,2,,history/titles/lv_k_asshai.txt,,tribal_government,culture,shadowman,low
7869.1.1,34469149,ghaeni,c_ghaen,1,,history/titles/lv_k_ghiscar.txt,,oligarchic_government,history_file,lv_k_ghiscar.txt,medium
7869.1.1,Ahlaq_2,yunkaii,c_nf_ahlaq,1,,history/titles/lv_nf_titles.txt,,oligarchic_government,history_file,lv_k_yunkai.txt,high
7869.1.1,Grazdhan_2,astapori,c_gadhis,1,,history/titles/lv_k_astapor.txt,,oligarchic_government,history_file,lv_k_astapor.txt,high
7869.1.1,Ilvar_1,elyrian,c_elyria,1,,history/titles/lv_k_north_valyria.txt,,oligarchic_government,history_file,lv_k_north_valyria.txt,medium
7869.1.1,Kandaq_2,meereenese,c_kandaq_pyramid,1,,history/titles/lv_k_meereen.txt,,oligarchic_government,history_file,lv_k_meereen.txt,high
7869.1.1,Kirines_2,volantene,d_volon_therys,2,,history/titles/lv_k_volantis.txt,,administrative_government,history_file,lv_k_volantis.txt,high
7869.1.1,Loraq_2,meereenese,k_meereen,3,,history/titles/lv_k_meereen.txt,,oligarchic_government,history_file,lv_k_meereen.txt,high
7869.1.1,Rulloros_1,volantene,d_valysar,2,,history/titles/lv_k_volantis.txt,administrative_government,administrative_government,history_file,lv_k_volantis.txt,high
7870.1.1,Local_Rulers_Volantis_Death_Swamps,volantene,c_altames,1,,history/titles/lv_k_volantis.txt,,administrative_government,history_file,lv_k_volantis.txt,high
7870.1.1,Local_Rulers_Volantis_Vysyria,volantene,c_almaeys,1,,history/titles/lv_k_volantis.txt,,administrative_government,history_file,lv_k_volantis.txt,high
7870.1.1,Nogarys_1,essosi_valyrian,d_death_swamps,2,,history/titles/lv_k_volantis.txt,administrative_government,administrative_government,history_file,lv_k_volantis.txt,high
7870.1.1,Staegone_1,essosi_valyrian,d_nf_staegone,2,,history/titles/lv_nf_titles.txt,administrative_government,administrative_government,history_file,lv_k_volantis.txt,high
7870.1.1,Tagaros_2,essosi_valyrian,d_nf_tagaros,2,,history/titles/lv_nf_titles.txt,,administrative_government,history_file,lv_k_volantis.txt,high
7871.1.1,34333914,asshaii,d_chalysa,2,,history/titles/lv_k_asshai.txt,,oligarchic_government,history_file,lv_k_asshai.txt,low
7871.1.1,Hazkar_2,meereenese,c_hazkar_pyramid,1,,history/titles/lv_k_meereen.txt,,oligarchic_government,history_file,lv_k_meereen.txt,high
7871.1.1,Nakloz_2,astapori,c_nf_nakloz,1,,history/titles/lv_nf_titles.txt,,oligarchic_government,history_file,lv_k_astapor.txt,high
7872.1.1,Ullhor_1,astapori,c_dhozai,1,,history/titles/lv_k_astapor.txt,oligarchic_government,oligarchic_government,history_file,lv_k_astapor.txt,high
7873.1.1,Maegyr_1,essosi_valyrian,d_little_valyria,2,,history/titles/lv_k_volantis.txt,administrative_government,administrative_government,history_file,lv_k_volantis.txt,high
7873.1.1,Tagaros_2,essosi_valyrian,k_volantis,3,,history/titles/lv_k_volantis.txt,,administrative_government,history_file,lv_k_volantis.txt,high
7874.1.1,LV_Votar_2,essosi_valyrian,d_nf_votar,2,,history/titles/lv_nf_titles.txt,,administrative_government,history_file,lv_k_volantis.txt,high
7874.1.1,Pahl_2,meereenese,c_demon_road,1,,history/titles/lv_k_meereen.txt,,oligarchic_government,history_file,lv_k_meereen.txt,high
7875.1.1,Oliviriana_2,volantene,c_laboros,1,,history/titles/lv_k_volantis.txt,,administrative_government,history_file,lv_k_volantis.txt,high
7877.1.1,LV_Merreq_2,meereenese,c_merreq_pyramid,1,,history/titles/lv_k_meereen.txt,,oligarchic_government,history_file,lv_k_meereen.txt,high
7877.1.1,Rannovar_1,volantene,d_dreos,2,,history/titles/lv_k_volantis.txt,administrative_government,administrative_government,history_file,lv_k_volantis.txt,high
7877.1.1,Rhaezn_1,yunkaii,c_nf_rhaezn,1,,history/titles/lv_nf_titles.txt,oligarchic_government,oligarchic_government,history_file,lv_k_yunkai.txt,high
7877.1.1,Stogarys_2,volantene,c_mavlys,1,,history/titles/lv_k_volantis.txt,,administrative_government,history_file,lv_k_volantis.txt,high
7878.1.1,Qaggaz_2,yunkaii,c_kaldeen,1,,history/titles/lv_k_yunkai.txt,,oligarchic_government,history_file,lv_k_yunkai.txt,high
7878.1.1,Vhassar_2,essosi_valyrian,c_arlior_geron,1,,history/titles/lv_k_volantis.txt,,administrative_government,history_file,lv_k_volantis.txt,high
7878.1.1,Yherizan_2,meereenese,c_green_gate,1,,history/titles/lv_k_meereen.txt,,oligarchic_government,history_file,lv_k_meereen.txt,high
7879.1.1,34369152,ghaeni,c_atruskai,1,,history/titles/lv_k_ghiscar.txt,,oligarchic_government,history_file,lv_k_ghiscar.txt,medium
7879.1.1,Dhogarys_2,volantene,c_honors_port,1,,history/titles/lv_k_volantis.txt,,administrative_government,history_file,lv_k_volantis.txt,high
7879.1.1,Grazlar_2,astapori,c_horns_of_hazzat,1,,history/titles/lv_k_astapor.txt,,oligarchic_government,history_file,lv_k_astapor.txt,high
7879.1.1,Ilvar_2,elyrian,c_elyria,1,,history/titles/lv_k_north_valyria.txt,,oligarchic_government,history_file,lv_k_north_valyria.txt,medium
7879.1.1,Isnardo_2,volantene,c_ar_mynar,1,,history/titles/lv_k_volantis.txt,,administrative_government,history_file,lv_k_volantis.txt,high
7879.1.1,Zherzyn_2,yunkaii,c_nf_zherzyn,1,,history/titles/lv_nf_titles.txt,,oligarchic_government,history_file,lv_k_yunkai.txt,high
7879.1.1,Zobridar_2,mantaryan,d_mantarys,2,,history/titles/lv_k_north_valyria.txt,,oligarchic_government,history_file,lv_k_north_valyria.txt,medium
7880.1.1,Rhazdar_2,meereenese,c_nf_rhazdar,1,,history/titles/lv_nf_titles.txt,,oligarchic_government,history_file,lv_k_meereen.txt,high
7881.1.1,Eraz_2,yunkaii,c_maelk,1,,history/titles/lv_k_yunkai.txt,,oligarchic_government,history_file,lv_k_yunkai.txt,high
7881.1.1,Galare_2,meereenese,c_galare_pyramid,1,,history/titles/lv_k_meereen.txt,,oligarchic_government,history_file,lv_k_meereen.txt,high
7881.1.1,Ninmarki_2,shadowman,d_hattar,2,,history/titles/lv_k_asshai.txt,,tribal_government,culture,shadowman,low
7881.1.1,Nogarys_2,essosi_valyrian,d_death_swamps,2,,history/titles/lv_k_volantis.txt,,administrative_government,history_file,lv_k_volantis.txt,high
7882.1.1,Naqqan_2,meereenese,c_naqqan_pyramid,1,,history/titles/lv_k_meereen.txt,,oligarchic_government,history_file,lv_k_meereen.txt,high
7883.1.1,34433911,asshaii,d_the_saffron_lands,2,,history/titles/lv_k_asshai.txt,,oligarchic_government,history_file,lv_k_asshai.txt,low
7883.1.1,Maegyr_2,essosi_valyrian,d_little_valyria,2,,history/titles/lv_k_volantis.txt,,administrative_government,history_file,lv_k_volantis.txt,high
7883.1.1,Marsiglio_2,volantene,c_anyria,1,,history/titles/lv_k_volantis.txt,,administrative_government,history_file,lv_k_volantis.txt,high
7883.1.1,Staegone_2,essosi_valyrian,d_nf_staegone,2,,history/titles/lv_nf_titles.txt,,administrative_government,history_file,lv_k_volantis.txt,high
7883.1.1,Yunzak_2,yunkaii,c_nf_yunzak,1,,history/titles/lv_nf_titles.txt,,oligarchic_government,history_file,lv_k_yunkai.txt,high
7884.1.1,Paenymion_2,essosi_valyrian,d_nf_paenymion,2,,history/titles/lv_nf_titles.txt,,administrative_government,history_file,lv_k_volantis.txt,high
7884.1.1,Rulloros_2,volantene,d_valysar,2,,history/titles/lv_k_volantis.txt,,administrative_government,history_file,lv_k_volantis.txt,high
7884.1.1,Ullhor_2,astapori,c_dhozai,1,,history/titles/lv_k_astapor.txt,,oligarchic_government,history_file,lv_k_astapor.txt,high
7885.1.1,34369148,ghaeni,c_baked_shore,1,,history/titles/lv_k_ghiscar.txt,,oligarchic_government,history_file,lv_k_ghiscar.txt,medium
7885.1.1,Mazlaq_2,astapori,c_ghiscar_point,1,,history/titles/lv_k_astapor.txt,,oligarchic_government,history_file,lv_k_astapor.txt,high
7885.1.1,Rhaezn_2,yunkaii,c_nf_rhaezn,1,,history/titles/lv_nf_titles.txt,,oligarchic_government,history_file,lv_k_yunkai.txt,high
7886.1.1,Azantone_2,tolosi,d_tolos,2,,history/titles/lv_k_north_valyria.txt,,oligarchic_government,history_file,lv_k_north_valyria.txt,medium
7886.1.1,Lodaorys_2,mantaryan,c_painted_valleys,1,,history/titles/lv_k_north_valyria.txt,,oligarchic_government,history_file,lv_k_north_valyria.txt,medium
7886.1.1,Mazemagyr_2,tolosi,c_black_cliffs,1,,history/titles/lv_k_north_valyria.txt,,oligarchic_government,history_file,lv_k_north_valyria.txt,medium
7886.1.1,Mengo_0_rs,dothraki,d_dosh_khaleen,2,,history/titles/lv_dothraki.txt,,theocracy_government,title,d_dosh_khaleen,high
7886.1.1,RHLLOR_1,volantene,d_the_red_priesthood,2,,history/titles/lv_k_the_red_priesthood.txt,theocracy_government,theocracy_government,history_file,lv_k_the_red_priesthood.txt,high
7886.1.1,Rebagyr_2,mantaryan,c_demon_pass,1,,history/titles/lv_k_north_valyria.txt,,oligarchic_government,history_file,lv_k_north_valyria.txt,medium
7887.1.1,Dhazak_3,meereenese,c_dhazak_pyramid,1,,history/titles/lv_k_meereen.txt,,oligarchic_government,history_file,lv_k_meereen.txt,high
7887.1.1,Ghazeen_4,meereenese,c_ghazeen_pyramid,1,,history/titles/lv_k_meereen.txt,,oligarchic_government,history_file,lv_k_meereen.txt,high
7888.1.1,34233914,asshaii,d_chalysa,2,,history/titles/lv_k_asshai.txt,,oligarchic_government,history_file,lv_k_asshai.txt,low
7888.1.1,Quazzar_3,meereenese,c_nf_quazzar,1,,history/titles/lv_nf_titles.txt,,oligarchic_government,history_file,lv_k_meereen.txt,high
7889.1.1,Reznak_3,meereenese,c_khyzai_pass,1,,history/titles/lv_k_meereen.txt,,oligarchic_government,history_file,lv_k_meereen.txt,high
7890.1.1,Nakloz_3,astapori,c_nf_nakloz,1,,history/titles/lv_nf_titles.txt,,oligarchic_government,history_file,lv_k_astapor.txt,high
7890.1.1,Qheadar_3,essosi_valyrian,c_vasyugys,1,,history/titles/lv_k_volantis.txt,,administrative_government,history_file,lv_k_volantis.txt,high
7892.1.1,Ahlaq_3,yunkaii,c_nf_ahlaq,1,,history/titles/lv_nf_titles.txt,,oligarchic_government,history_file,lv_k_yunkai.txt,high
7893.1.1,34369149,ghaeni,c_ghaen,1,,history/titles/lv_k_ghiscar.txt,,oligarchic_government,history_file,lv_k_ghiscar.txt,medium
7893.1.1,Grazdhan_3,astapori,c_gadhis,1,,history/titles/lv_k_astapor.txt,,oligarchic_government,history_file,lv_k_astapor.txt,high
7894.1.1,Maegyr_2,essosi_valyrian,k_volantis,3,,history/titles/lv_k_volantis.txt,,administrative_government,history_file,lv_k_volantis.txt,high
7895.1.1,Ilvar_3,elyrian,c_elyria,1,,history/titles/lv_k_north_valyria.txt,,oligarchic_government,history_file,lv_k_north_valyria.txt,medium
7897.1.1,Galare_3,meereenese,c_galare_pyramid,1,,history/titles/lv_k_meereen.txt,,oligarchic_government,history_file,lv_k_meereen.txt,high
7898.1.1,343360025,ghaeni,k_new_ghis,3,,history/titles/lv_k_ghiscar.txt,,oligarchic_government,history_file,lv_k_ghiscar.txt,medium
7898.1.1,LV_Merreq_3,meereenese,c_merreq_pyramid,1,,history/titles/lv_k_meereen.txt,,oligarchic_government,history_file,lv_k_meereen.txt,high
7898.1.1,Lomberys_2,volantene,c_plains_of_maegys,1,,history/titles/lv_k_volantis.txt,,administrative_government,history_file,lv_k_volantis.txt,high
7898.1.1,Loraq_2,meereenese,d_meereen,2,,history/titles/lv_k_meereen.txt,oligarchic_government,oligarchic_government,history_file,lv_k_meereen.txt,high
7898.1.1,Nefatis_2,volantene,d_valon_sar,2,,history/titles/lv_k_volantis.txt,,administrative_government,history_file,lv_k_volantis.txt,high
7898.1.1,Qaggaz_2,yunkaii,k_yunkai,3,,history/titles/lv_k_yunkai.txt,,oligarchic_government,history_file,lv_k_yunkai.txt,high
7898.1.1,Rannovar_2,volantene,d_dreos,2,,history/titles/lv_k_volantis.txt,,administrative_government,history_file,lv_k_volantis.txt,high
7898.1.1,Tagaros_2,essosi_valyrian,k_volantis,3,,history/titles/lv_k_volantis.txt,,administrative_government,history_file,lv_k_volantis.txt,high
7898.1.1,Ullhor_2,astapori,k_astapor,3,,history/titles/lv_k_astapor.txt,oligarchic_government,oligarchic_government,history_file,lv_k_astapor.txt,high
7898.1.1,Vaelaros_2,essosi_valyrian,c_jelsah,1,,history/titles/lv_k_volantis.txt,,administrative_government,history_file,lv_k_volantis.txt,high
7898.1.1,eetlv_cs_10_1,eetlv_sand_ghoul,d_R220G226B155,2,e_cannibal_sands,history/titles/vassal_titles_e_cannibal_sands.txt,nomad_government,tribal_government,empire,e_cannibal_sands,low
7898.1.1,eetlv_cs_11_1,eetlv_sand_ghoul,d_R28G169B63,2,e_cannibal_sands,history/titles/vassal_titles_e_cannibal_sands.txt,nomad_government,tribal_government,empire,e_cannibal_sands,low
7898.1.1,eetlv_cs_12_1,eetlv_sand_ghoul,d_R81G64B118,2,e_cannibal_sands,history/titles/vassal_titles_e_cannibal_sands.txt,nomad_government,tribal_government,empire,e_cannibal_sands,low
7898.1.1,eetlv_cs_13_1,eetlv_sand_ghoul,d_R238G6B173,2,e_cannibal_sands,history/titles/vassal_titles_e_cannibal_sands.txt,nomad_government,tribal_government,empire,e_cannibal_sands,low
7898.1.1,eetlv_cs_14_1,eetlv_sand_ghoul,d_R42G145B84,2,e_cannibal_sands,history/titles/vassal_titles_e_cannibal_sands.txt,nomad_government,tribal_government,empire,e_cannibal_sands,low
7898.1.1,eetlv_cs_1_1,eetlv_sand_ghoul,e_cannibal_sands,4,e_cannibal_sands,history/titles/vassal_titles_e_cannibal_sands.txt,nomad_government,tribal_government,empire,e_cannibal_sands,low
7898.1.1,eetlv_cs_2_1,eetlv_sand_ghoul,d_R111G75B187,2,e_cannibal_sands,history/titles/vassal_titles_e_cannibal_sands.txt,nomad_government,tribal_government,empire,e_cannibal_sands,low
7898.1.1,eetlv_cs_3_1,eetlv_sand_ghoul,d_R240G127B159,2,e_cannibal_sands,history/titles/vassal_titles_e_cannibal_sands.txt,nomad_government,tribal_government,empire,e_cannibal_sands,low
7898.1.1,eetlv_cs_4_1,eetlv_sand_ghoul,d_R41G226B41,2,e_cannibal_sands,history/titles/vassal_titles_e_cannibal_sands.txt,nomad_government,tribal_government,empire,e_cannibal_sands,low
7898.1.1,eetlv_cs_5_1,eetlv_sand_ghoul,d_R193G60B253,2,e_cannibal_sands,history/titles/vassal_titles_e_cannibal_sands.txt,nomad_government,tribal_government,empire,e_cannibal_sands,low
7898.1.1,eetlv_cs_6_1,eetlv_sand_ghoul,d_R222G151B16,2,e_cannibal_sands,history/titles/vassal_titles_e_cannibal_sands.txt,nomad_government,tribal_government,empire,e_cannibal_sands,low
7898.1.1,eetlv_cs_7_1,eetlv_sand_ghoul,d_R45G162B231,2,e_cannibal_sands,history/titles/vassal_titles_e_cannibal_sands.txt,nomad_government,tribal_government,empire,e_cannibal_sands,low
7898.1.1,eetlv_cs_8_1,eetlv_sand_ghoul,d_R70G73B87,2,e_cannibal_sands,history/titles/vassal_titles_e_cannibal_sands.txt,nomad_government,tribal_government,empire,e_cannibal_sands,low
7898.1.1,eetlv_cs_9_1,eetlv_sand_ghoul,d_R232G202B38,2,e_cannibal_sands,history/titles/vassal_titles_e_cannibal_sands.txt,nomad_government,tribal_government,empire,e_cannibal_sands,low
7898.1.1,gen_2340,bloodless_man,e_bloodless_men,4,e_bloodless_men,history/titles/hist_titles.txt,tribal_government,tribal_government,empire,e_bloodless_men,low
7898.1.1,gen_2346,qaleen,e_cannibal_sands,4,e_cannibal_sands,history/titles/hist_titles.txt,tribal_government,tribal_government,empire,e_cannibal_sands,low
7898.1.1,gen_2352,kayakayanayan,e_hidden_sea,4,e_hidden_sea,history/titles/hist_titles.txt,tribal_government,clan_government,empire,e_hidden_sea,medium
7898.1.1,gen_2358,ibbatese,e_ibben,4,e_ibben,history/titles/hist_titles.txt,tribal_government,feudal_government,empire,e_ibben,high
7898.1.1,gen_2364,ifequevron,e_ifequevron,4,e_ifequevron,history/titles/hist_titles.txt,feudal_government,tribal_government,empire,e_ifequevron,low
7898.1.1,gen_2370,farosi,e_lesser_moraq,4,e_lesser_moraq,history/titles/hist_titles.txt,tribal_government,feudal_government,empire,e_lesser_moraq,low
7898.1.1,gen_2382,mossovite,e_mossovy,4,e_mossovy,history/titles/hist_titles.txt,tribal_government,tribal_government,empire,e_mossovy,low
7898.1.1,gen_2388,naathi,e_naath,4,e_naath,history/titles/hist_titles.txt,tribal_government,tribal_government,empire,e_naath,medium
7898.1.1,gen_2394,norvoshi,e_norvos,4,e_norvos,history/titles/hist_titles.txt,administrative_government,theocracy_government,empire,e_norvos,high
7898.1.1,gen_2400,omberi,e_omber,4,e_omber,history/titles/hist_titles.txt,feudal_government,feudal_government,empire,e_omber,medium
7898.1.1,gen_2406,qohorik,e_qohor,4,e_qohor,history/titles/hist_titles.txt,administrative_government,administrative_government,empire,e_qohor,medium
7898.1.1,gen_2412,tagaez_fen,e_sarnor,4,e_sarnor,history/titles/hist_titles.txt,feudal_government,feudal_government,empire,e_sarnor,high
7898.1.1,gen_2418,gogossite,e_sothoryos,4,e_sothoryos,history/titles/hist_titles.txt,tribal_government,tribal_government,empire,e_sothoryos,medium
7898.1.1,gen_2424,jhalai,e_summer_isles,4,e_summer_isles,history/titles/hist_titles.txt,feudal_government,feudal_government,empire,e_summer_isles,medium
7898.1.1,gen_2430,manticorian,e_thousand_islands,4,e_thousand_islands,history/titles/hist_titles.txt,tribal_government,tribal_government,empire,e_thousand_islands,medium
7898.1.1,gen_2436,shadowman,e_ulthos,4,e_ulthos,history/titles/hist_titles.txt,tribal_government,tribal_government,culture,shadowman,low
7898.1.1,gen_2442,dothraki,e_upper_sarne_dothraki,4,e_upper_sarne_dothraki,history/titles/hist_titles.txt,tribal_government,nomad_government,culture,dothraki,high
7898.1.1,gen_2448,dothraki,e_lower_sarne_dothraki,4,e_lower_sarne_dothraki,history/titles/hist_titles.txt,tribal_government,nomad_government,culture,dothraki,high
7898.1.1,gen_2454,dothraki,e_great_grass_sea_dothraki,4,e_great_grass_sea_dothraki,history/titles/hist_titles.txt,tribal_government,nomad_government,culture,dothraki,high
7898.1.1,gen_2460,dothraki,e_bone_mountain_dothraki,4,e_bone_mountain_dothraki,history/titles/hist_titles.txt,tribal_government,nomad_government,culture,dothraki,high
7898.1.1,gen_2466,lhazareen,e_lhazar,4,e_lhazar,history/titles/hist_titles.txt,tribal_government,clan_government,empire,e_lhazar,medium
7898.1.1,gen_2472,qartheen,e_qarth,4,e_qarth,history/titles/hist_titles.txt,oligarchic_government,oligarchic_government,empire,e_qarth,high
7898.1.1,gen_2478,feicui_ren,e_golden_yi_ti,4,e_golden_yi_ti,history/titles/hist_titles.txt,feudal_government,celestial_government,empire,e_golden_yi_ti,high
7898.1.1,gen_2484,jogos_nhai,e_jogos_nhai,4,e_jogos_nhai,history/titles/hist_titles.txt,feudal_government,nomad_government,culture,jogos_nhai,high
7898.1.1,gen_2490,vahari,e_great_moraq,4,e_great_moraq,history/titles/hist_titles.txt,tribal_government,feudal_government,empire,e_great_moraq,low
7898.1.1,gen_2496,lengii,e_leng,4,e_leng,history/titles/hist_titles.txt,tribal_government,mandala_government,empire,e_leng,high
7898.1.1,gen_2501,bloodless_man,d_R158G10B113,2,e_bloodless_men,history/titles/vassal_titles_e_bloodless_men.txt,,tribal_government,empire,e_bloodless_men,low
7898.1.1,gen_2502,bloodless_man,d_R13G72B64,2,e_bloodless_men,history/titles/vassal_titles_e_bloodless_men.txt,,tribal_government,empire,e_bloodless_men,low
7898.1.1,gen_2503,bloodless_man,c_R132G229B163,1,e_bloodless_men,history/titles/vassal_titles_e_bloodless_men.txt,,tribal_government,empire,e_bloodless_men,low
7898.1.1,gen_2504,bloodless_man,d_R82G102B147,2,e_bloodless_men,history/titles/vassal_titles_e_bloodless_men.txt,,tribal_government,empire,e_bloodless_men,low
7898.1.1,gen_2505,bloodless_man,d_R22G126B243,2,e_bloodless_men,history/titles/vassal_titles_e_bloodless_men.txt,,tribal_government,empire,e_bloodless_men,low
7898.1.1,gen_2506,bloodless_man,d_R192G133B221,2,e_bloodless_men,history/titles/vassal_titles_e_bloodless_men.txt,,tribal_government,empire,e_bloodless_men,low
7898.1.1,gen_2507,bloodless_man,d_R179G19B114,2,e_bloodless_men,history/titles/vassal_titles_e_bloodless_men.txt,,tribal_government,empire,e_bloodless_men,low
7898.1.1,gen_2508,bloodless_man,d_R214G198B42,2,e_bloodless_men,history/titles/vassal_titles_e_bloodless_men.txt,,tribal_government,empire,e_bloodless_men,low
7898.1.1,gen_2509,bloodless_man,c_R144G240B222,1,e_bloodless_men,history/titles/vassal_titles_e_bloodless_men.txt,,tribal_government,empire,e_bloodless_men,low
7898.1.1,gen_2510,bloodless_man,k_R235G188B132,3,e_bloodless_men,history/titles/vassal_titles_e_bloodless_men.txt,,tribal_government,empire,e_bloodless_men,low
7898.1.1,gen_2511,dothraki,d_R58G78B97,2,e_bone_mountain_dothraki,history/titles/vassal_titles_e_bone_mountain_dothraki.txt,,nomad_government,culture,dothraki,high
7898.1.1,gen_2512,dothraki,d_R188G195B109,2,e_bone_mountain_dothraki,history/titles/vassal_titles_e_bone_mountain_dothraki.txt,,nomad_government,culture,dothraki,high
7898.1.1,gen_2513,dothraki,c_R199G198B114,1,e_bone_mountain_dothraki,history/titles/vassal_titles_e_bone_mountain_dothraki.txt,,nomad_government,culture,dothraki,high
7898.1.1,gen_2514,dothraki,d_R63G34B30,2,e_bone_mountain_dothraki,history/titles/vassal_titles_e_bone_mountain_dothraki.txt,,nomad_government,culture,dothraki,high
7898.1.1,gen_2515,dothraki,d_R29G59B96,2,e_bone_mountain_dothraki,history/titles/vassal_titles_e_bone_mountain_dothraki.txt,,nomad_government,culture,dothraki,high
7898.1.1,gen_2516,dothraki,d_R109G58B106,2,e_bone_mountain_dothraki,history/titles/vassal_titles_e_bone_mountain_dothraki.txt,,nomad_government,culture,dothraki,high
7898.1.1,gen_2517,dothraki,d_R58G245B165,2,e_bone_mountain_dothraki,history/titles/vassal_titles_e_bone_mountain_dothraki.txt,,nomad_government,culture,dothraki,high
7898.1.1,gen_2518,dothraki,d_R189G70B200,2,e_bone_mountain_dothraki,history/titles/vassal_titles_e_bone_mountain_dothraki.txt,,nomad_government,culture,dothraki,high
7898.1.1,gen_2519,dothraki,d_R215G197B98,2,e_bone_mountain_dothraki,history/titles/vassal_titles_e_bone_mountain_dothraki.txt,,nomad_government,culture,dothraki,high
7898.1.1,gen_2520,dothraki,d_R104G149B189,2,e_bone_mountain_dothraki,history/titles/vassal_titles_e_bone_mountain_dothraki.txt,,nomad_government,culture,dothraki,high
7898.1.1,gen_2521,dothraki,c_R162G46B11,1,e_bone_mountain_dothraki,history/titles/vassal_titles_e_bone_mountain_dothraki.txt,,nomad_government,culture,dothraki,high
7898.1.1,gen_2522,dothraki,k_R193G250B60,3,e_bone_mountain_dothraki,history/titles/vassal_titles_e_bone_mountain_dothraki.txt,,nomad_government,culture,dothraki,high
7898.1.1,gen_2523,dothraki,d_R102G127B94,2,e_bone_mountain_dothraki,history/titles/vassal_titles_e_bone_mountain_dothraki.txt,,nomad_government,culture,dothraki,high
7898.1.1,gen_2524,dothraki,d_R43G185B168,2,e_bone_mountain_dothraki,history/titles/vassal_titles_e_bone_mountain_dothraki.txt,,nomad_government,culture,dothraki,high
7898.1.1,gen_2525,dothraki,d_R37G189B251,2,e_bone_mountain_dothraki,history/titles/vassal_titles_e_bone_mountain_dothraki.txt,,nomad_government,culture,dothraki,high
7898.1.1,gen_2526,dothraki,c_R204G46B121,1,e_bone_mountain_dothraki,history/titles/vassal_titles_e_bone_mountain_dothraki.txt,,nomad_government,culture,dothraki,high
7898.1.1,gen_2527,dothraki,d_R141G102B52,2,e_bone_mountain_dothraki,history/titles/vassal_titles_e_bone_mountain_dothraki.txt,,nomad_government,culture,dothraki,high
7898.1.1,gen_2528,dothraki,c_R5G182B208,1,e_bone_mountain_dothraki,history/titles/vassal_titles_e_bone_mountain_dothraki.txt,,nomad_government,culture,dothraki,high
7898.1.1,gen_2529,dothraki,c_R46G164B130,1,e_bone_mountain_dothraki,history/titles/vassal_titles_e_bone_mountain_dothraki.txt,,nomad_government,culture,dothraki,high
7898.1.1,gen_2530,dothraki,d_R216G43B84,2,e_bone_mountain_dothraki,history/titles/vassal_titles_e_bone_mountain_dothraki.txt,,nomad_government,culture,dothraki,high
7898.1.1,gen_2531,dothraki,c_R170G249B99,1,e_bone_mountain_dothraki,history/titles/vassal_titles_e_bone_mountain_dothraki.txt,,nomad_government,culture,dothraki,high
7898.1.1,gen_2532,dothraki,d_R15G52B130,2,e_bone_mountain_dothraki,history/titles/vassal_titles_e_bone_mountain_dothraki.txt,,nomad_government,culture,dothraki,high
7898.1.1,gen_2533,dothraki,c_R104G172B214,1,e_bone_mountain_dothraki,history/titles/vassal_titles_e_bone_mountain_dothraki.txt,,nomad_government,culture,dothraki,high
7898.1.1,gen_2534,dothraki,d_R207G232B72,2,e_bone_mountain_dothraki,history/titles/vassal_titles_e_bone_mountain_dothraki.txt,,nomad_government,culture,dothraki,high
7898.1.1,gen_2535,dothraki,c_R11G87B23,1,e_bone_mountain_dothraki,history/titles/vassal_titles_e_bone_mountain_dothraki.txt,,nomad_government,culture,dothraki,high
7898.1.1,gen_2536,dothraki,k_R156G124B52,3,e_bone_mountain_dothraki,history/titles/vassal_titles_e_bone_mountain_dothraki.txt,,nomad_government,culture,dothraki,high
7898.1.1,gen_2537,dothraki,c_R151G231B220,1,e_bone_mountain_dothraki,history/titles/vassal_titles_e_bone_mountain_dothraki.txt,,nomad_government,culture,dothraki,high
7898.1.1,gen_2538,dothraki,d_R212G121B105,2,e_bone_mountain_dothraki,history/titles/vassal_titles_e_bone_mountain_dothraki.txt,,nomad_government,culture,dothraki,high
7898.1.1,gen_2539,dothraki,c_R13G96B250,1,e_bone_mountain_dothraki,history/titles/vassal_titles_e_bone_mountain_dothraki.txt,,nomad_government,culture,dothraki,high
7898.1.1,gen_2540,dothraki,d_R219G72B227,2,e_bone_mountain_dothraki,history/titles/vassal_titles_e_bone_mountain_dothraki.txt,,nomad_government,culture,dothraki,high
7898.1.1,gen_2541,dothraki,d_R248G238B10,2,e_bone_mountain_dothraki,history/titles/vassal_titles_e_bone_mountain_dothraki.txt,,nomad_government,culture,dothraki,high
7898.1.1,gen_2542,dothraki,d_R216G46B12,2,e_bone_mountain_dothraki,history/titles/vassal_titles_e_bone_mountain_dothraki.txt,,nomad_government,culture,dothraki,high
7898.1.1,gen_2543,dothraki,c_R222G137B105,1,e_bone_mountain_dothraki,history/titles/vassal_titles_e_bone_mountain_dothraki.txt,,nomad_government,culture,dothraki,high
7898.1.1,gen_2544,dothraki,d_R144G68B193,2,e_bone_mountain_dothraki,history/titles/vassal_titles_e_bone_mountain_dothraki.txt,,nomad_government,culture,dothraki,high
7898.1.1,gen_2545,dothraki,d_R120G35B220,2,e_bone_mountain_dothraki,history/titles/vassal_titles_e_bone_mountain_dothraki.txt,,nomad_government,culture,dothraki,high
7898.1.1,gen_2546,dothraki,d_R17G127B123,2,e_bone_mountain_dothraki,history/titles/vassal_titles_e_bone_mountain_dothraki.txt,,nomad_government,culture,dothraki,high
7898.1.1,gen_2547,dothraki,d_R146G230B227,2,e_bone_mountain_dothraki,history/titles/vassal_titles_e_bone_mountain_dothraki.txt,,nomad_government,culture,dothraki,high
7898.1.1,gen_2548,dothraki,c_R119G9B221,1,e_bone_mountain_dothraki,history/titles/vassal_titles_e_bone_mountain_dothraki.txt,,nomad_government,culture,dothraki,high
7898.1.1,gen_2549,dothraki,k_R231G165B51,3,e_bone_mountain_dothraki,history/titles/vassal_titles_e_bone_mountain_dothraki.txt,,nomad_government,culture,dothraki,high
7898.1.1,gen_2550,dothraki,c_R207G173B118,1,e_bone_mountain_dothraki,history/titles/vassal_titles_e_bone_mountain_dothraki.txt,,nomad_government,culture,dothraki,high
7898.1.1,gen_2551,dothraki,d_R128G213B136,2,e_bone_mountain_dothraki,history/titles/vassal_titles_e_bone_mountain_dothraki.txt,,nomad_government,culture,dothraki,high
7898.1.1,gen_2552,dothraki,d_R230G33B231,2,e_bone_mountain_dothraki,history/titles/vassal_titles_e_bone_mountain_dothraki.txt,,nomad_government,culture,dothraki,high
7898.1.1,gen_2553,dothraki,d_R139G45B60,2,e_bone_mountain_dothraki,history/titles/vassal_titles_e_bone_mountain_dothraki.txt,,nomad_government,culture,dothraki,high
7898.1.1,gen_2554,dothraki,d_R155G77B180,2,e_bone_mountain_dothraki,history/titles/vassal_titles_e_bone_mountain_dothraki.txt,,nomad_government,culture,dothraki,high
7898.1.1,gen_2555,dothraki,c_R202G34B26,1,e_bone_mountain_dothraki,history/titles/vassal_titles_e_bone_mountain_dothraki.txt,,nomad_government,culture,dothraki,high
7898.1.1,gen_2556,dothraki,d_R116G189B167,2,e_bone_mountain_dothraki,history/titles/vassal_titles_e_bone_mountain_dothraki.txt,,nomad_government,culture,dothraki,high
7898.1.1,gen_2557,dothraki,c_R113G245B139,1,e_bone_mountain_dothraki,history/titles/vassal_titles_e_bone_mountain_dothraki.txt,,nomad_government,culture,dothraki,high
7898.1.1,gen_2558,dothraki,d_R196G74B194,2,e_bone_mountain_dothraki,history/titles/vassal_titles_e_bone_mountain_dothraki.txt,,nomad_government,culture,dothraki,high
7898.1.1,gen_2559,dothraki,c_R57G228B86,1,e_bone_mountain_dothraki,history/titles/vassal_titles_e_bone_mountain_dothraki.txt,,nomad_government,culture,dothraki,high
7898.1.1,gen_2560,dothraki,d_R141G70B61,2,e_bone_mountain_dothraki,history/titles/vassal_titles_e_bone_mountain_dothraki.txt,,nomad_government,culture,dothraki,high
7898.1.1,gen_2561,dothraki,d_R187G205B225,2,e_bone_mountain_dothraki,history/titles/vassal_titles_e_bone_mountain_dothraki.txt,,nomad_government,culture,dothraki,high
7898.1.1,gen_2562,dothraki,c_R246G226B47,1,e_bone_mountain_dothraki,history/titles/vassal_titles_e_bone_mountain_dothraki.txt,,nomad_government,culture,dothraki,high
7898.1.1,gen_2563,dothraki,c_R119G76B175,1,e_bone_mountain_dothraki,history/titles/vassal_titles_e_bone_mountain_dothraki.txt,,nomad_government,culture,dothraki,high
7898.1.1,gen_2564,dothraki,c_R114G111B176,1,e_bone_mountain_dothraki,history/titles/vassal_titles_e_bone_mountain_dothraki.txt,,nomad_government,culture,dothraki,high
7898.1.1,gen_2565,dothraki,d_R136G3B213,2,e_bone_mountain_dothraki,history/titles/vassal_titles_e_bone_mountain_dothraki.txt,,nomad_government,culture,dothraki,high
7898.1.1,gen_2566,dothraki,c_R165G251B137,1,e_bone_mountain_dothraki,history/titles/vassal_titles_e_bone_mountain_dothraki.txt,,nomad_government,culture,dothraki,high
7898.1.1,gen_2567,dothraki,d_R10G62B223,2,e_bone_mountain_dothraki,history/titles/vassal_titles_e_bone_mountain_dothraki.txt,,nomad_government,culture,dothraki,high
7898.1.1,gen_2568,dothraki,c_R71G210B236,1,e_bone_mountain_dothraki,history/titles/vassal_titles_e_bone_mountain_dothraki.txt,,nomad_government,culture,dothraki,high
7898.1.1,gen_2569,dothraki,d_R247G40B78,2,e_bone_mountain_dothraki,history/titles/vassal_titles_e_bone_mountain_dothraki.txt,,nomad_government,culture,dothraki,high
7898.1.1,gen_2570,feicui_ren,d_R44G198B158,2,e_golden_yi_ti,history/titles/vassal_titles_e_golden_yi_ti.txt,,meritocratic_government,empire,e_golden_yi_ti,high
7898.1.1,gen_2571,feicui_ren,d_R146G124B54,2,e_golden_yi_ti,history/titles/vassal_titles_e_golden_yi_ti.txt,,meritocratic_government,empire,e_golden_yi_ti,high
7898.1.1,gen_2572,feicui_ren,c_R135G245B179,1,e_golden_yi_ti,history/titles/vassal_titles_e_golden_yi_ti.txt,,meritocratic_government,empire,e_golden_yi_ti,high
7898.1.1,gen_2573,feicui_ren,d_R138G163B247,2,e_golden_yi_ti,history/titles/vassal_titles_e_golden_yi_ti.txt,,meritocratic_government,empire,e_golden_yi_ti,high
7898.1.1,gen_2574,feicui_ren,d_R64G232B56,2,e_golden_yi_ti,history/titles/vassal_titles_e_golden_yi_ti.txt,,meritocratic_government,empire,e_golden_yi_ti,high
7898.1.1,gen_2575,feicui_ren,d_R224G121B183,2,e_golden_yi_ti,history/titles/vassal_titles_e_golden_yi_ti.txt,,meritocratic_government,empire,e_golden_yi_ti,high
7898.1.1,gen_2576,feicui_ren,c_R173G235B48,1,e_golden_yi_ti,history/titles/vassal_titles_e_golden_yi_ti.txt,,meritocratic_government,empire,e_golden_yi_ti,high
7898.1.1,gen_2577,feicui_ren,k_R109G14B184,3,e_golden_yi_ti,history/titles/vassal_titles_e_golden_yi_ti.txt,,meritocratic_government,empire,e_golden_yi_ti,high
7898.1.1,gen_2578,feicui_ren,d_R145G62B183,2,e_golden_yi_ti,history/titles/vassal_titles_e_golden_yi_ti.txt,,meritocratic_government,empire,e_golden_yi_ti,high
7898.1.1,gen_2579,feicui_ren,d_R55G247B36,2,e_golden_yi_ti,history/titles/vassal_titles_e_golden_yi_ti.txt,,meritocratic_government,empire,e_golden_yi_ti,high
7898.1.1,gen_2580,feicui_ren,d_R140G173B221,2,e_golden_yi_ti,history/titles/vassal_titles_e_golden_yi_ti.txt,,meritocratic_government,empire,e_golden_yi_ti,high
7898.1.1,gen_2581,feicui_ren,d_R61G109B109,2,e_golden_yi_ti,history/titles/vassal_titles_e_golden_yi_ti.txt,,meritocratic_government,empire,e_golden_yi_ti,high
7898.1.1,gen_2582,feicui_ren,d_R198G191B13,2,e_golden_yi_ti,history/titles/vassal_titles_e_golden_yi_ti.txt,,meritocratic_government,empire,e_golden_yi_ti,high
7898.1.1,gen_2583,feicui_ren,d_R128G163B201,2,e_golden_yi_ti,history/titles/vassal_titles_e_golden_yi_ti.txt,,meritocratic_government,empire,e_golden_yi_ti,high
7898.1.1,gen_2584,feicui_ren,d_R186G98B77,2,e_golden_yi_ti,history/titles/vassal_titles_e_golden_yi_ti.txt,,meritocratic_government,empire,e_golden_yi_ti,high
7898.1.1,gen_2585,feicui_ren,d_R173G39B57,2,e_golden_yi_ti,history/titles/vassal_titles_e_golden_yi_ti.txt,,meritocratic_government,empire,e_golden_yi_ti,high
7898.1.1,gen_2586,feicui_ren,d_R100G209B15,2,e_golden_yi_ti,history/titles/vassal_titles_e_golden_yi_ti.txt,,meritocratic_government,empire,e_golden_yi_ti,high
7898.1.1,gen_2587,feicui_ren,k_R214G108B201,3,e_golden_yi_ti,history/titles/vassal_titles_e_golden_yi_ti.txt,,meritocratic_government,empire,e_golden_yi_ti,high
7898.1.1,gen_2588,feicui_ren,d_R140G191B33,2,e_golden_yi_ti,history/titles/vassal_titles_e_golden_yi_ti.txt,,meritocratic_government,empire,e_golden_yi_ti,high
7898.1.1,gen_2589,feicui_ren,d_R96G6B240,2,e_golden_yi_ti,history/titles/vassal_titles_e_golden_yi_ti.txt,,meritocratic_government,empire,e_golden_yi_ti,high
7898.1.1,gen_2590,feicui_ren,d_R255G46B176,2,e_golden_yi_ti,history/titles/vassal_titles_e_golden_yi_ti.txt,,meritocratic_government,empire,e_golden_yi_ti,high
7898.1.1,gen_2591,feicui_ren,d_R88G169B175,2,e_golden_yi_ti,history/titles/vassal_titles_e_golden_yi_ti.txt,,meritocratic_government,empire,e_golden_yi_ti,high
7898.1.1,gen_2592,feicui_ren,d_R55G175B124,2,e_golden_yi_ti,history/titles/vassal_titles_e_golden_yi_ti.txt,,meritocratic_government,empire,e_golden_yi_ti,high
7898.1.1,gen_2593,feicui_ren,d_R131G200B113,2,e_golden_yi_ti,history/titles/vassal_titles_e_golden_yi_ti.txt,,meritocratic_government,empire,e_golden_yi_ti,high
7898.1.1,gen_2594,feicui_ren,c_R144G93B123,1,e_golden_yi_ti,history/titles/vassal_titles_e_golden_yi_ti.txt,,meritocratic_government,empire,e_golden_yi_ti,high
7898.1.1,gen_2595,feicui_ren,d_R127G31B145,2,e_golden_yi_ti,history/titles/vassal_titles_e_golden_yi_ti.txt,,meritocratic_government,empire,e_golden_yi_ti,high
7898.1.1,gen_2596,feicui_ren,d_R42G21B193,2,e_golden_yi_ti,history/titles/vassal_titles_e_golden_yi_ti.txt,,meritocratic_government,empire,e_golden_yi_ti,high
7898.1.1,gen_2597,feicui_ren,d_R133G215B116,2,e_golden_yi_ti,history/titles/vassal_titles_e_golden_yi_ti.txt,,meritocratic_government,empire,e_golden_yi_ti,high
7898.1.1,gen_2598,feicui_ren,c_R175G45B201,1,e_golden_yi_ti,history/titles/vassal_titles_e_golden_yi_ti.txt,,meritocratic_government,empire,e_golden_yi_ti,high
7898.1.1,gen_2599,feicui_ren,k_R70G69B253,3,e_golden_yi_ti,history/titles/vassal_titles_e_golden_yi_ti.txt,,meritocratic_government,empire,e_golden_yi_ti,high
7898.1.1,gen_2600,feicui_ren,d_R216G170B210,2,e_golden_yi_ti,history/titles/vassal_titles_e_golden_yi_ti.txt,,meritocratic_government,empire,e_golden_yi_ti,high
7898.1.1,gen_2601,feicui_ren,c_R10G195B27,1,e_golden_yi_ti,history/titles/vassal_titles_e_golden_yi_ti.txt,,meritocratic_government,empire,e_golden_yi_ti,high
7898.1.1,gen_2602,feicui_ren,d_R155G213B113,2,e_golden_yi_ti,history/titles/vassal_titles_e_golden_yi_ti.txt,,meritocratic_government,empire,e_golden_yi_ti,high
7898.1.1,gen_2603,feicui_ren,c_R251G110B149,1,e_golden_yi_ti,history/titles/vassal_titles_e_golden_yi_ti.txt,,meritocratic_government,empire,e_golden_yi_ti,high
7898.1.1,gen_2604,feicui_ren,d_R154G131B121,2,e_golden_yi_ti,history/titles/vassal_titles_e_golden_yi_ti.txt,,meritocratic_government,empire,e_golden_yi_ti,high
7898.1.1,gen_2605,feicui_ren,d_R204G32B182,2,e_golden_yi_ti,history/titles/vassal_titles_e_golden_yi_ti.txt,,meritocratic_government,empire,e_golden_yi_ti,high
7898.1.1,gen_2606,feicui_ren,c_R164G248B214,1,e_golden_yi_ti,history/titles/vassal_titles_e_golden_yi_ti.txt,,meritocratic_government,empire,e_golden_yi_ti,high
7898.1.1,gen_2607,feicui_ren,d_R187G97B55,2,e_golden_yi_ti,history/titles/vassal_titles_e_golden_yi_ti.txt,,meritocratic_government,empire,e_golden_yi_ti,high
7898.1.1,gen_2608,feicui_ren,c_R111G66B15,1,e_golden_yi_ti,history/titles/vassal_titles_e_golden_yi_ti.txt,,meritocratic_government,empire,e_golden_yi_ti,high
7898.1.1,gen_2609,feicui_ren,d_R143G132B81,2,e_golden_yi_ti,history/titles/vassal_titles_e_golden_yi_ti.txt,,meritocratic_government,empire,e_golden_yi_ti,high
7898.1.1,gen_2610,feicui_ren,c_R31G240B21,1,e_golden_yi_ti,history/titles/vassal_titles_e_golden_yi_ti.txt,,meritocratic_government,empire,e_golden_yi_ti,high
7898.1.1,gen_2611,feicui_ren,d_R209G244B199,2,e_golden_yi_ti,history/titles/vassal_titles_e_golden_yi_ti.txt,,meritocratic_government,empire,e_golden_yi_ti,high
7898.1.1,gen_2612,feicui_ren,k_R59G108B107,3,e_golden_yi_ti,history/titles/vassal_titles_e_golden_yi_ti.txt,,meritocratic_government,empire,e_golden_yi_ti,high
7898.1.1,gen_2613,feicui_ren,c_R175G75B247,1,e_golden_yi_ti,history/titles/vassal_titles_e_golden_yi_ti.txt,,meritocratic_government,empire,e_golden_yi_ti,high
7898.1.1,gen_2614,feicui_ren,d_R170G1B201,2,e_golden_yi_ti,history/titles/vassal_titles_e_golden_yi_ti.txt,,meritocratic_government,empire,e_golden_yi_ti,high
7898.1.1,gen_2615,feicui_ren,c_R150G65B169,1,e_golden_yi_ti,history/titles/vassal_titles_e_golden_yi_ti.txt,,meritocratic_government,empire,e_golden_yi_ti,high
7898.1.1,gen_2616,feicui_ren,d_R179G213B70,2,e_golden_yi_ti,history/titles/vassal_titles_e_golden_yi_ti.txt,,meritocratic_government,empire,e_golden_yi_ti,high
7898.1.1,gen_2617,feicui_ren,d_R184G102B177,2,e_golden_yi_ti,history/titles/vassal_titles_e_golden_yi_ti.txt,,meritocratic_government,empire,e_golden_yi_ti,high
7898.1.1,gen_2618,feicui_ren,d_R224G137B134,2,e_golden_yi_ti,history/titles/vassal_titles_e_golden_yi_ti.txt,,meritocratic_government,empire,e_golden_yi_ti,high
7898.1.1,gen_2619,feicui_ren,d_R126G207B217,2,e_golden_yi_ti,history/titles/vassal_titles_e_golden_yi_ti.txt,,meritocratic_government,empire,e_golden_yi_ti,high
7898.1.1,gen_2620,feicui_ren,c_R14G99B75,1,e_golden_yi_ti,history/titles/vassal_titles_e_golden_yi_ti.txt,,meritocratic_government,empire,e_golden_yi_ti,high
7898.1.1,gen_2621,feicui_ren,d_R29G61B120,2,e_golden_yi_ti,history/titles/vassal_titles_e_golden_yi_ti.txt,,meritocratic_government,empire,e_golden_yi_ti,high
7898.1.1,gen_2622,feicui_ren,d_R232G107B142,2,e_golden_yi_ti,history/titles/vassal_titles_e_golden_yi_ti.txt,,meritocratic_government,empire,e_golden_yi_ti,high
7898.1.1,gen_2623,feicui_ren,d_R65G217B122,2,e_golden_yi_ti,history/titles/vassal_titles_e_golden_yi_ti.txt,,meritocratic_government,empire,e_golden_yi_ti,high
7898.1.1,gen_2624,feicui_ren,d_R123G165B62,2,e_golden_yi_ti,history/titles/vassal_titles_e_golden_yi_ti.txt,,meritocratic_government,empire,e_golden_yi_ti,high
7898.1.1,gen_2625,feicui_ren,d_R222G220B5,2,e_golden_yi_ti,history/titles/vassal_titles_e_golden_yi_ti.txt,,meritocratic_government,empire,e_golden_yi_ti,high
7898.1.1,gen_2626,feicui_ren,k_R74G86B203,3,e_golden_yi_ti,history/titles/vassal_titles_e_golden_yi_ti.txt,,meritocratic_government,empire,e_golden_yi_ti,high
7898.1.1,gen_2627,feicui_ren,c_R133G80B70,1,e_golden_yi_ti,history/titles/vassal_titles_e_golden_yi_ti.txt,,meritocratic_government,empire,e_golden_yi_ti,high
7898.1.1,gen_2628,feicui_ren,d_R5G53B50,2,e_golden_yi_ti,history/titles/vassal_titles_e_golden_yi_ti.txt,,meritocratic_government,empire,e_golden_yi_ti,high
7898.1.1,gen_2629,feicui_ren,d_R82G61B86,2,e_golden_yi_ti,history/titles/vassal_titles_e_golden_yi_ti.txt,,meritocratic_government,empire,e_golden_yi_ti,high
7898.1.1,gen_2630,feicui_ren,d_R103G34B31,2,e_golden_yi_ti,history/titles/vassal_titles_e_golden_yi_ti.txt,,meritocratic_government,empire,e_golden_yi_ti,high
7898.1.1,gen_2631,feicui_ren,d_R83G108B44,2,e_golden_yi_ti,history/titles/vassal_titles_e_golden_yi_ti.txt,,meritocratic_government,empire,e_golden_yi_ti,high
7898.1.1,gen_2632,feicui_ren,c_R174G233B162,1,e_golden_yi_ti,history/titles/vassal_titles_e_golden_yi_ti.txt,,meritocratic_government,empire,e_golden_yi_ti,high
7898.1.1,gen_2633,feicui_ren,d_R157G24B25,2,e_golden_yi_ti,history/titles/vassal_titles_e_golden_yi_ti.txt,,meritocratic_government,empire,e_golden_yi_ti,high
7898.1.1,gen_2634,feicui_ren,c_R138G189B244,1,e_golden_yi_ti,history/titles/vassal_titles_e_golden_yi_ti.txt,,meritocratic_government,empire,e_golden_yi_ti,high
7898.1.1,gen_2635,feicui_ren,d_R126G55B188,2,e_golden_yi_ti,history/titles/vassal_titles_e_golden_yi_ti.txt,,meritocratic_government,empire,e_golden_yi_ti,high
7898.1.1,gen_2636,feicui_ren,d_R246G38B101,2,e_golden_yi_ti,history/titles/vassal_titles_e_golden_yi_ti.txt,,meritocratic_government,empire,e_golden_yi_ti,high
7898.1.1,gen_2637,feicui_ren,c_R172G23B85,1,e_golden_yi_ti,history/titles/vassal_titles_e_golden_yi_ti.txt,,meritocratic_government,empire,e_golden_yi_ti,high
7898.1.1,gen_2638,feicui_ren,c_R200G9B36,1,e_golden_yi_ti,history/titles/vassal_titles_e_golden_yi_ti.txt,,meritocratic_government,empire,e_golden_yi_ti,high
7898.1.1,gen_2639,feicui_ren,k_R56G176B148,3,e_golden_yi_ti,history/titles/vassal_titles_e_golden_yi_ti.txt,,meritocratic_government,empire,e_golden_yi_ti,high
7898.1.1,gen_2640,feicui_ren,c_R172G112B46,1,e_golden_yi_ti,history/titles/vassal_titles_e_golden_yi_ti.txt,,meritocratic_government,empire,e_golden_yi_ti,high
7898.1.1,gen_2641,feicui_ren,d_R128G165B91,2,e_golden_yi_ti,history/titles/vassal_titles_e_golden_yi_ti.txt,,meritocratic_government,empire,e_golden_yi_ti,high
7898.1.1,gen_2642,feicui_ren,d_R237G75B164,2,e_golden_yi_ti,history/titles/vassal_titles_e_golden_yi_ti.txt,,meritocratic_government,empire,e_golden_yi_ti,high
7898.1.1,gen_2643,feicui_ren,d_R15G78B55,2,e_golden_yi_ti,history/titles/vassal_titles_e_golden_yi_ti.txt,,meritocratic_government,empire,e_golden_yi_ti,high
7898.1.1,gen_2644,feicui_ren,d_R197G250B234,2,e_golden_yi_ti,history/titles/vassal_titles_e_golden_yi_ti.txt,,meritocratic_government,empire,e_golden_yi_ti,high
7898.1.1,gen_2645,feicui_ren,d_R118G226B28,2,e_golden_yi_ti,history/titles/vassal_titles_e_golden_yi_ti.txt,,meritocratic_government,empire,e_golden_yi_ti,high
7898.1.1,gen_2646,feicui_ren,c_R13G67B93,1,e_golden_yi_ti,history/titles/vassal_titles_e_golden_yi_ti.txt,,meritocratic_government,empire,e_golden_yi_ti,high
7898.1.1,gen_2647,feicui_ren,k_R36G72B198,3,e_golden_yi_ti,history/titles/vassal_titles_e_golden_yi_ti.txt,,meritocratic_government,empire,e_golden_yi_ti,high
7898.1.1,gen_2648,feicui_ren,d_R21G0B50,2,e_golden_yi_ti,history/titles/vassal_titles_e_golden_yi_ti.txt,,meritocratic_government,empire,e_golden_yi_ti,high
7898.1.1,gen_2649,feicui_ren,d_R104G238B108,2,e_golden_yi_ti,history/titles/vassal_titles_e_golden_yi_ti.txt,,meritocratic_government,empire,e_golden_yi_ti,high
7898.1.1,gen_2650,feicui_ren,c_R169G253B187,1,e_golden_yi_ti,history/titles/vassal_titles_e_golden_yi_ti.txt,,meritocratic_government,empire,e_golden_yi_ti,high
7898.1.1,gen_2651,feicui_ren,d_R246G63B205,2,e_golden_yi_ti,history/titles/vassal_titles_e_golden_yi_ti.txt,,meritocratic_government,empire,e_golden_yi_ti,high
7898.1.1,gen_2652,feicui_ren,d_R79G198B89,2,e_golden_yi_ti,history/titles/vassal_titles_e_golden_yi_ti.txt,,meritocratic_government,empire,e_golden_yi_ti,high
7898.1.1,gen_2653,feicui_ren,d_R79G215B32,2,e_golden_yi_ti,history/titles/vassal_titles_e_golden_yi_ti.txt,,meritocratic_government,empire,e_golden_yi_ti,high
7898.1.1,gen_2654,feicui_ren,c_R179G54B175,1,e_golden_yi_ti,history/titles/vassal_titles_e_golden_yi_ti.txt,,meritocratic_government,empire,e_golden_yi_ti,high
7898.1.1,gen_2655,feicui_ren,d_R24G149B3,2,e_golden_yi_ti,history/titles/vassal_titles_e_golden_yi_ti.txt,,meritocratic_government,empire,e_golden_yi_ti,high
7898.1.1,gen_2656,feicui_ren,c_R168G81B22,1,e_golden_yi_ti,history/titles/vassal_titles_e_golden_yi_ti.txt,,meritocratic_government,empire,e_golden_yi_ti,high
7898.1.1,gen_2657,feicui_ren,d_R230G145B81,2,e_golden_yi_ti,history/titles/vassal_titles_e_golden_yi_ti.txt,,meritocratic_government,empire,e_golden_yi_ti,high
7898.1.1,gen_2658,feicui_ren,k_R60G250B117,3,e_golden_yi_ti,history/titles/vassal_titles_e_golden_yi_ti.txt,,meritocratic_government,empire,e_golden_yi_ti,high
7898.1.1,gen_2659,feicui_ren,d_R23G122B200,2,e_golden_yi_ti,history/titles/vassal_titles_e_golden_yi_ti.txt,,meritocratic_government,empire,e_golden_yi_ti,high
7898.1.1,gen_2660,feicui_ren,d_R149G188B218,2,e_golden_yi_ti,history/titles/vassal_titles_e_golden_yi_ti.txt,,meritocratic_government,empire,e_golden_yi_ti,high
7898.1.1,gen_2661,feicui_ren,d_R112G28B16,2,e_golden_yi_ti,history/titles/vassal_titles_e_golden_yi_ti.txt,,meritocratic_government,empire,e_golden_yi_ti,high
7898.1.1,gen_2662,feicui_ren,d_R99G52B102,2,e_golden_yi_ti,history/titles/vassal_titles_e_golden_yi_ti.txt,,meritocratic_government,empire,e_golden_yi_ti,high
7898.1.1,gen_2663,feicui_ren,d_R224G201B152,2,e_golden_yi_ti,history/titles/vassal_titles_e_golden_yi_ti.txt,,meritocratic_government,empire,e_golden_yi_ti,high
7898.1.1,gen_2664,feicui_ren,d_R243G219B128,2,e_golden_yi_ti,history/titles/vassal_titles_e_golden_yi_ti.txt,,meritocratic_government,empire,e_golden_yi_ti,high
7898.1.1,gen_2665,feicui_ren,c_R24G217B116,1,e_golden_yi_ti,history/titles/vassal_titles_e_golden_yi_ti.txt,,meritocratic_government,empire,e_golden_yi_ti,high
7898.1.1,gen_2666,feicui_ren,d_R43G59B222,2,e_golden_yi_ti,history/titles/vassal_titles_e_golden_yi_ti.txt,,meritocratic_government,empire,e_golden_yi_ti,high
7898.1.1,gen_2667,feicui_ren,c_R185G154B90,1,e_golden_yi_ti,history/titles/vassal_titles_e_golden_yi_ti.txt,,meritocratic_government,empire,e_golden_yi_ti,high
7898.1.1,gen_2668,feicui_ren,d_R59G123B179,2,e_golden_yi_ti,history/titles/vassal_titles_e_golden_yi_ti.txt,,meritocratic_government,empire,e_golden_yi_ti,high
7898.1.1,gen_2669,feicui_ren,d_R174G82B237,2,e_golden_yi_ti,history/titles/vassal_titles_e_golden_yi_ti.txt,,meritocratic_government,empire,e_golden_yi_ti,high
7898.1.1,gen_2670,feicui_ren,d_R254G161B109,2,e_golden_yi_ti,history/titles/vassal_titles_e_golden_yi_ti.txt,,meritocratic_government,empire,e_golden_yi_ti,high
7898.1.1,gen_2671,feicui_ren,k_R211G208B24,3,e_golden_yi_ti,history/titles/vassal_titles_e_golden_yi_ti.txt,,meritocratic_government,empire,e_golden_yi_ti,high
7898.1.1,gen_2672,feicui_ren,d_R12G4B57,2,e_golden_yi_ti,history/titles/vassal_titles_e_golden_yi_ti.txt,,meritocratic_government,empire,e_golden_yi_ti,high
7898.1.1,gen_2673,feicui_ren,c_R209G84B26,1,e_golden_yi_ti,history/titles/vassal_titles_e_golden_yi_ti.txt,,meritocratic_government,empire,e_golden_yi_ti,high
7898.1.1,gen_2674,feicui_ren,c_R240G73B71,1,e_golden_yi_ti,history/titles/vassal_titles_e_golden_yi_ti.txt,,meritocratic_government,empire,e_golden_yi_ti,high
7898.1.1,gen_2675,feicui_ren,d_R129G169B173,2,e_golden_yi_ti,history/titles/vassal_titles_e_golden_yi_ti.txt,,meritocratic_government,empire,e_golden_yi_ti,high
7898.1.1,gen_2676,feicui_ren,c_R201G245B20,1,e_golden_yi_ti,history/titles/vassal_titles_e_golden_yi_ti.txt,,meritocratic_government,empire,e_golden_yi_ti,high
7898.1.1,gen_2677,feicui_ren,d_R166G215B77,2,e_golden_yi_ti,history/titles/vassal_titles_e_golden_yi_ti.txt,,meritocratic_government,empire,e_golden_yi_ti,high
7898.1.1,gen_2678,feicui_ren,d_R83G220B141,2,e_golden_yi_ti,history/titles/vassal_titles_e_golden_yi_ti.txt,,meritocratic_government,empire,e_golden_yi_ti,high
7898.1.1,gen_2679,feicui_ren,c_R142G161B95,1,e_golden_yi_ti,history/titles/vassal_titles_e_golden_yi_ti.txt,,meritocratic_government,empire,e_golden_yi_ti,high
7898.1.1,gen_2680,feicui_ren,d_R129G31B140,2,e_golden_yi_ti,history/titles/vassal_titles_e_golden_yi_ti.txt,,meritocratic_government,empire,e_golden_yi_ti,high
7898.1.1,gen_2681,feicui_ren,c_R209G143B230,1,e_golden_yi_ti,history/titles/vassal_titles_e_golden_yi_ti.txt,,meritocratic_government,empire,e_golden_yi_ti,high
7898.1.1,gen_2682,feicui_ren,c_R242G35B35,1,e_golden_yi_ti,history/titles/vassal_titles_e_golden_yi_ti.txt,,meritocratic_government,empire,e_golden_yi_ti,high
7898.1.1,gen_2683,feicui_ren,d_R88G177B122,2,e_golden_yi_ti,history/titles/vassal_titles_e_golden_yi_ti.txt,,meritocratic_government,empire,e_golden_yi_ti,high
7898.1.1,gen_2684,feicui_ren,c_R82G27B200,1,e_golden_yi_ti,history/titles/vassal_titles_e_golden_yi_ti.txt,,meritocratic_government,empire,e_golden_yi_ti,high
7898.1.1,gen_2685,feicui_ren,k_R120G189B251,3,e_golden_yi_ti,history/titles/vassal_titles_e_golden_yi_ti.txt,,meritocratic_government,empire,e_golden_yi_ti,high
7898.1.1,gen_2686,feicui_ren,d_R74G231B172,2,e_golden_yi_ti,history/titles/vassal_titles_e_golden_yi_ti.txt,,meritocratic_government,empire,e_golden_yi_ti,high
7898.1.1,gen_2687,feicui_ren,d_R133G93B231,2,e_golden_yi_ti,history/titles/vassal_titles_e_golden_yi_ti.txt,,meritocratic_government,empire,e_golden_yi_ti,high
7898.1.1,gen_2688,feicui_ren,d_R143G224B96,2,e_golden_yi_ti,history/titles/vassal_titles_e_golden_yi_ti.txt,,meritocratic_government,empire,e_golden_yi_ti,high
7898.1.1,gen_2689,feicui_ren,c_R227G116B96,1,e_golden_yi_ti,history/titles/vassal_titles_e_golden_yi_ti.txt,,meritocratic_government,empire,e_golden_yi_ti,high
7898.1.1,gen_2690,feicui_ren,d_R167G215B10,2,e_golden_yi_ti,history/titles/vassal_titles_e_golden_yi_ti.txt,,meritocratic_government,empire,e_golden_yi_ti,high
7898.1.1,gen_2691,feicui_ren,d_R2G223B70,2,e_golden_yi_ti,history/titles/vassal_titles_e_golden_yi_ti.txt,,meritocratic_government,empire,e_golden_yi_ti,high
7898.1.1,gen_2692,feicui_ren,k_R248G119B247,3,e_golden_yi_ti,history/titles/vassal_titles_e_golden_yi_ti.txt,,meritocratic_government,empire,e_golden_yi_ti,high
7898.1.1,gen_2693,feicui_ren,d_R119G203B117,2,e_golden_yi_ti,history/titles/vassal_titles_e_golden_yi_ti.txt,,meritocratic_government,empire,e_golden_yi_ti,high
7898.1.1,gen_2694,feicui_ren,c_R111G242B146,1,e_golden_yi_ti,history/titles/vassal_titles_e_golden_yi_ti.txt,,meritocratic_government,empire,e_golden_yi_ti,high
7898.1.1,gen_2695,feicui_ren,d_R115G164B11,2,e_golden_yi_ti,history/titles/vassal_titles_e_golden_yi_ti.txt,,meritocratic_government,empire,e_golden_yi_ti,high
7898.1.1,gen_2696,feicui_ren,c_R180G59B118,1,e_golden_yi_ti,history/titles/vassal_titles_e_golden_yi_ti.txt,,meritocratic_government,empire,e_golden_yi_ti,high
7898.1.1,gen_2697,feicui_ren,d_R12G131B170,2,e_golden_yi_ti,history/titles/vassal_titles_e_golden_yi_ti.txt,,meritocratic_government,empire,e_golden_yi_ti,high
7898.1.1,gen_2698,feicui_ren,c_R208G12B133,1,e_golden_yi_ti,history/titles/vassal_titles_e_golden_yi_ti.txt,,meritocratic_government,empire,e_golden_yi_ti,high
7898.1.1,gen_2699,feicui_ren,d_R59G221B136,2,e_golden_yi_ti,history/titles/vassal_titles_e_golden_yi_ti.txt,,meritocratic_government,empire,e_golden_yi_ti,high
7898.1.1,gen_2700,feicui_ren,k_R141G138B52,3,e_golden_yi_ti,history/titles/vassal_titles_e_golden_yi_ti.txt,,meritocratic_government,empire,e_golden_yi_ti,high
7898.1.1,gen_2701,feicui_ren,d_R147G113B69,2,e_golden_yi_ti,history/titles/vassal_titles_e_golden_yi_ti.txt,,meritocratic_government,empire,e_golden_yi_ti,high
7898.1.1,gen_2702,feicui_ren,d_R146G195B113,2,e_golden_yi_ti,history/titles/vassal_titles_e_golden_yi_ti.txt,,meritocratic_government,empire,e_golden_yi_ti,high
7898.1.1,gen_2703,feicui_ren,c_R200G161B174,1,e_golden_yi_ti,history/titles/vassal_titles_e_golden_yi_ti.txt,,meritocratic_government,empire,e_golden_yi_ti,high
7898.1.1,gen_2704,feicui_ren,d_R84G146B204,2,e_golden_yi_ti,history/titles/vassal_titles_e_golden_yi_ti.txt,,meritocratic_government,empire,e_golden_yi_ti,high
7898.1.1,gen_2705,feicui_ren,d_R63G211B67,2,e_golden_yi_ti,history/titles/vassal_titles_e_golden_yi_ti.txt,,meritocratic_government,empire,e_golden_yi_ti,high
7898.1.1,gen_2706,feicui_ren,c_R196G183B74,1,e_golden_yi_ti,history/titles/vassal_titles_e_golden_yi_ti.txt,,meritocratic_government,empire,e_golden_yi_ti,high
7898.1.1,gen_2707,feicui_ren,d_R200G178B4,2,e_golden_yi_ti,history/titles/vassal_titles_e_golden_yi_ti.txt,,meritocratic_government,empire,e_golden_yi_ti,high
7898.1.1,gen_2708,feicui_ren,d_R204G81B169,2,e_golden_yi_ti,history/titles/vassal_titles_e_golden_yi_ti.txt,,meritocratic_government,empire,e_golden_yi_ti,high
7898.1.1,gen_2709,feicui_ren,d_R162G147B201,2,e_golden_yi_ti,history/titles/vassal_titles_e_golden_yi_ti.txt,,meritocratic_government,empire,e_golden_yi_ti,high
7898.1.1,gen_2710,dothraki,d_R149G140B85,2,e_great_grass_sea_dothraki,history/titles/vassal_titles_e_great_grass_sea_dothraki.txt,,nomad_government,culture,dothraki,high
7898.1.1,gen_2711,dothraki,c_R251G70B54,1,e_great_grass_sea_dothraki,history/titles/vassal_titles_e_great_grass_sea_dothraki.txt,,nomad_government,culture,dothraki,high
7898.1.1,gen_2712,dothraki,d_R246G245B244,2,e_great_grass_sea_dothraki,history/titles/vassal_titles_e_great_grass_sea_dothraki.txt,,nomad_government,culture,dothraki,high
7898.1.1,gen_2713,dothraki,c_R138G130B120,1,e_great_grass_sea_dothraki,history/titles/vassal_titles_e_great_grass_sea_dothraki.txt,,nomad_government,culture,dothraki,high
7898.1.1,gen_2714,dothraki,d_R56G100B19,2,e_great_grass_sea_dothraki,history/titles/vassal_titles_e_great_grass_sea_dothraki.txt,,nomad_government,culture,dothraki,high
7898.1.1,gen_2715,dothraki,c_R235G255B182,1,e_great_grass_sea_dothraki,history/titles/vassal_titles_e_great_grass_sea_dothraki.txt,,nomad_government,culture,dothraki,high
7898.1.1,gen_2716,dothraki,d_R115G110B236,2,e_great_grass_sea_dothraki,history/titles/vassal_titles_e_great_grass_sea_dothraki.txt,,nomad_government,culture,dothraki,high
7898.1.1,gen_2717,dothraki,c_R112G17B151,1,e_great_grass_sea_dothraki,history/titles/vassal_titles_e_great_grass_sea_dothraki.txt,,nomad_government,culture,dothraki,high
7898.1.1,gen_2718,dothraki,d_R39G239B230,2,e_great_grass_sea_dothraki,history/titles/vassal_titles_e_great_grass_sea_dothraki.txt,,nomad_government,culture,dothraki,high
7898.1.1,gen_2719,dothraki,c_R164G76B130,1,e_great_grass_sea_dothraki,history/titles/vassal_titles_e_great_grass_sea_dothraki.txt,,nomad_government,culture,dothraki,high
7898.1.1,gen_2720,dothraki,d_R246G41B220,2,e_great_grass_sea_dothraki,history/titles/vassal_titles_e_great_grass_sea_dothraki.txt,,nomad_government,culture,dothraki,high
7898.1.1,gen_2721,dothraki,k_R209G123B86,3,e_great_grass_sea_dothraki,history/titles/vassal_titles_e_great_grass_sea_dothraki.txt,,nomad_government,culture,dothraki,high
7898.1.1,gen_2722,dothraki,c_R254G210B7,1,e_great_grass_sea_dothraki,history/titles/vassal_titles_e_great_grass_sea_dothraki.txt,,nomad_government,culture,dothraki,high
7898.1.1,gen_2723,dothraki,d_R84G138B162,2,e_great_grass_sea_dothraki,history/titles/vassal_titles_e_great_grass_sea_dothraki.txt,,nomad_government,culture,dothraki,high
7898.1.1,gen_2724,dothraki,d_R131G138B204,2,e_great_grass_sea_dothraki,history/titles/vassal_titles_e_great_grass_sea_dothraki.txt,,nomad_government,culture,dothraki,high
7898.1.1,gen_2725,dothraki,d_R44G202B117,2,e_great_grass_sea_dothraki,history/titles/vassal_titles_e_great_grass_sea_dothraki.txt,,nomad_government,culture,dothraki,high
7898.1.1,gen_2726,dothraki,c_R10G47B20,1,e_great_grass_sea_dothraki,history/titles/vassal_titles_e_great_grass_sea_dothraki.txt,,nomad_government,culture,dothraki,high
7898.1.1,gen_2727,dothraki,d_R87G141B81,2,e_great_grass_sea_dothraki,history/titles/vassal_titles_e_great_grass_sea_dothraki.txt,,nomad_government,culture,dothraki,high
7898.1.1,gen_2728,dothraki,d_R10G241B44,2,e_great_grass_sea_dothraki,history/titles/vassal_titles_e_great_grass_sea_dothraki.txt,,nomad_government,culture,dothraki,high
7898.1.1,gen_2729,dothraki,d_R37G118B118,2,e_great_grass_sea_dothraki,history/titles/vassal_titles_e_great_grass_sea_dothraki.txt,,nomad_government,culture,dothraki,high
7898.1.1,gen_2730,dothraki,d_R102G182B233,2,e_great_grass_sea_dothraki,history/titles/vassal_titles_e_great_grass_sea_dothraki.txt,,nomad_government,culture,dothraki,high
7898.1.1,gen_2731,dothraki,d_R211G145B243,2,e_great_grass_sea_dothraki,history/titles/vassal_titles_e_great_grass_sea_dothraki.txt,,nomad_government,culture,dothraki,high
7898.1.1,gen_2732,dothraki,c_R107G108B154,1,e_great_grass_sea_dothraki,history/titles/vassal_titles_e_great_grass_sea_dothraki.txt,,nomad_government,culture,dothraki,high
7898.1.1,gen_2733,dothraki,k_R210G77B73,3,e_great_grass_sea_dothraki,history/titles/vassal_titles_e_great_grass_sea_dothraki.txt,,nomad_government,culture,dothraki,high
7898.1.1,gen_2734,dothraki,c_R238G180B0,1,e_great_grass_sea_dothraki,history/titles/vassal_titles_e_great_grass_sea_dothraki.txt,,nomad_government,culture,dothraki,high
7898.1.1,gen_2735,dothraki,d_R203G196B47,2,e_great_grass_sea_dothraki,history/titles/vassal_titles_e_great_grass_sea_dothraki.txt,,nomad_government,culture,dothraki,high
7898.1.1,gen_2736,dothraki,d_R254G141B143,2,e_great_grass_sea_dothraki,history/titles/vassal_titles_e_great_grass_sea_dothraki.txt,,nomad_government,culture,dothraki,high
7898.1.1,gen_2737,dothraki,c_R111G65B239,1,e_great_grass_sea_dothraki,history/titles/vassal_titles_e_great_grass_sea_dothraki.txt,,nomad_government,culture,dothraki,high
7898.1.1,gen_2738,dothraki,d_R154G217B3,2,e_great_grass_sea_dothraki,history/titles/vassal_titles_e_great_grass_sea_dothraki.txt,,nomad_government,culture,dothraki,high
7898.1.1,gen_2739,dothraki,d_R182G75B203,2,e_great_grass_sea_dothraki,history/titles/vassal_titles_e_great_grass_sea_dothraki.txt,,nomad_government,culture,dothraki,high
7898.1.1,gen_2740,dothraki,d_R139G201B238,2,e_great_grass_sea_dothraki,history/titles/vassal_titles_e_great_grass_sea_dothraki.txt,,nomad_government,culture,dothraki,high
7898.1.1,gen_2741,dothraki,d_R236G91B165,2,e_great_grass_sea_dothraki,history/titles/vassal_titles_e_great_grass_sea_dothraki.txt,,nomad_government,culture,dothraki,high
7898.1.1,gen_2742,dothraki,d_R86G90B21,2,e_great_grass_sea_dothraki,history/titles/vassal_titles_e_great_grass_sea_dothraki.txt,,nomad_government,culture,dothraki,high
7898.1.1,gen_2743,dothraki,c_R152G39B34,1,e_great_grass_sea_dothraki,history/titles/vassal_titles_e_great_grass_sea_dothraki.txt,,nomad_government,culture,dothraki,high
7898.1.1,gen_2744,dothraki,d_R29G188B175,2,e_great_grass_sea_dothraki,history/titles/vassal_titles_e_great_grass_sea_dothraki.txt,,nomad_government,culture,dothraki,high
7898.1.1,gen_2745,dothraki,d_R28G171B245,2,e_great_grass_sea_dothraki,history/titles/vassal_titles_e_great_grass_sea_dothraki.txt,,nomad_government,culture,dothraki,high
7898.1.1,gen_2746,dothraki,c_R124G166B243,1,e_great_grass_sea_dothraki,history/titles/vassal_titles_e_great_grass_sea_dothraki.txt,,nomad_government,culture,dothraki,high
7898.1.1,gen_2747,dothraki,k_R234G164B143,3,e_great_grass_sea_dothraki,history/titles/vassal_titles_e_great_grass_sea_dothraki.txt,,nomad_government,culture,dothraki,high
7898.1.1,gen_2748,dothraki,d_R88G120B69,2,e_great_grass_sea_dothraki,history/titles/vassal_titles_e_great_grass_sea_dothraki.txt,,nomad_government,culture,dothraki,high
7898.1.1,gen_2749,dothraki,d_R249G133B128,2,e_great_grass_sea_dothraki,history/titles/vassal_titles_e_great_grass_sea_dothraki.txt,,nomad_government,culture,dothraki,high
7898.1.1,gen_2750,dothraki,d_R65G205B82,2,e_great_grass_sea_dothraki,history/titles/vassal_titles_e_great_grass_sea_dothraki.txt,,nomad_government,culture,dothraki,high
7898.1.1,gen_2751,dothraki,d_R244G129B68,2,e_great_grass_sea_dothraki,history/titles/vassal_titles_e_great_grass_sea_dothraki.txt,,nomad_government,culture,dothraki,high
7898.1.1,gen_2752,dothraki,c_R51G154B139,1,e_great_grass_sea_dothraki,history/titles/vassal_titles_e_great_grass_sea_dothraki.txt,,nomad_government,culture,dothraki,high
7898.1.1,gen_2753,dothraki,d_R74G12B10,2,e_great_grass_sea_dothraki,history/titles/vassal_titles_e_great_grass_sea_dothraki.txt,,nomad_government,culture,dothraki,high
7898.1.1,gen_2754,dothraki,c_R160G69B80,1,e_great_grass_sea_dothraki,history/titles/vassal_titles_e_great_grass_sea_dothraki.txt,,nomad_government,culture,dothraki,high
7898.1.1,gen_2755,dothraki,d_R40G148B36,2,e_great_grass_sea_dothraki,history/titles/vassal_titles_e_great_grass_sea_dothraki.txt,,nomad_government,culture,dothraki,high
7898.1.1,gen_2756,dothraki,d_R133G252B31,2,e_great_grass_sea_dothraki,history/titles/vassal_titles_e_great_grass_sea_dothraki.txt,,nomad_government,culture,dothraki,high
7898.1.1,gen_2757,dothraki,d_R111G68B23,2,e_great_grass_sea_dothraki,history/titles/vassal_titles_e_great_grass_sea_dothraki.txt,,nomad_government,culture,dothraki,high
7898.1.1,gen_2758,kayakayanayan,d_R6G17B202,2,e_hidden_sea,history/titles/vassal_titles_e_hidden_sea.txt,,clan_government,empire,e_hidden_sea,medium
7898.1.1,gen_2759,kayakayanayan,c_R172G172B245,1,e_hidden_sea,history/titles/vassal_titles_e_hidden_sea.txt,,clan_government,empire,e_hidden_sea,medium
7898.1.1,gen_2760,kayakayanayan,d_R32G145B229,2,e_hidden_sea,history/titles/vassal_titles_e_hidden_sea.txt,,clan_government,empire,e_hidden_sea,medium
7898.1.1,gen_2761,kayakayanayan,d_R1G86B152,2,e_hidden_sea,history/titles/vassal_titles_e_hidden_sea.txt,,clan_government,empire,e_hidden_sea,medium
7898.1.1,gen_2762,ibbatese,c_R131G152B208,1,e_ibben,history/titles/vassal_titles_e_ibben.txt,,feudal_government,empire,e_ibben,high
7898.1.1,gen_2763,ibbatese,d_R22G10B16,2,e_ibben,history/titles/vassal_titles_e_ibben.txt,,feudal_government,empire,e_ibben,high
7898.1.1,gen_2764,ibbatese,c_R19G125B165,1,e_ibben,history/titles/vassal_titles_e_ibben.txt,,feudal_government,empire,e_ibben,high
7898.1.1,gen_2765,ibbatese,d_R77G191B116,2,e_ibben,history/titles/vassal_titles_e_ibben.txt,,feudal_government,empire,e_ibben,high
7898.1.1,gen_2766,ibbatese,c_R13G209B148,1,e_ibben,history/titles/vassal_titles_e_ibben.txt,,feudal_government,empire,e_ibben,high
7898.1.1,gen_2767,ibbatese,c_R191G243B88,1,e_ibben,history/titles/vassal_titles_e_ibben.txt,,feudal_government,empire,e_ibben,high
7898.1.1,gen_2768,ibbatese,d_R237G246B209,2,e_ibben,history/titles/vassal_titles_e_ibben.txt,,feudal_government,empire,e_ibben,high
7898.1.1,gen_2769,ibbatese,d_R10G161B255,2,e_ibben,history/titles/vassal_titles_e_ibben.txt,,feudal_government,empire,e_ibben,high
7898.1.1,gen_2770,ibbatese,c_R104G18B91,1,e_ibben,history/titles/vassal_titles_e_ibben.txt,,feudal_government,empire,e_ibben,high
7898.1.1,gen_2771,ibbatese,d_R167G91B49,2,e_ibben,history/titles/vassal_titles_e_ibben.txt,,feudal_government,empire,e_ibben,high
7898.1.1,gen_2772,ibbatese,c_R107G7B115,1,e_ibben,history/titles/vassal_titles_e_ibben.txt,,feudal_government,empire,e_ibben,high
7898.1.1,gen_2773,ibbatese,c_R2G40B188,1,e_ibben,history/titles/vassal_titles_e_ibben.txt,,feudal_government,empire,e_ibben,high
7898.1.1,gen_2774,ibbatese,d_R108G223B204,2,e_ibben,history/titles/vassal_titles_e_ibben.txt,,feudal_government,empire,e_ibben,high
7898.1.1,gen_2775,ibbatese,d_R80G23B0,2,e_ibben,history/titles/vassal_titles_e_ibben.txt,,feudal_government,empire,e_ibben,high
7898.1.1,gen_2776,ibbatese,d_R99G34B68,2,e_ibben,history/titles/vassal_titles_e_ibben.txt,,feudal_government,empire,e_ibben,high
7898.1.1,gen_2777,ibbatese,d_R25G74B145,2,e_ibben,history/titles/vassal_titles_e_ibben.txt,,feudal_government,empire,e_ibben,high
7898.1.1,gen_2778,ibbatese,c_R181G3B65,1,e_ibben,history/titles/vassal_titles_e_ibben.txt,,feudal_government,empire,e_ibben,high
7898.1.1,gen_2779,ibbatese,c_R244G157B183,1,e_ibben,history/titles/vassal_titles_e_ibben.txt,,feudal_government,empire,e_ibben,high
7898.1.1,gen_2780,ibbatese,d_R1G118B42,2,e_ibben,history/titles/vassal_titles_e_ibben.txt,,feudal_government,empire,e_ibben,high
7898.1.1,gen_2781,ibbatese,c_R240G81B212,1,e_ibben,history/titles/vassal_titles_e_ibben.txt,,feudal_government,empire,e_ibben,high
7898.1.1,gen_2782,ifequevron,c_R157G146B155,1,e_ifequevron,history/titles/vassal_titles_e_ifequevron.txt,,tribal_government,empire,e_ifequevron,low
7898.1.1,gen_2783,ifequevron,d_R11G70B64,2,e_ifequevron,history/titles/vassal_titles_e_ifequevron.txt,,tribal_government,empire,e_ifequevron,low
7898.1.1,gen_2784,ifequevron,d_R19G246B85,2,e_ifequevron,history/titles/vassal_titles_e_ifequevron.txt,,tribal_government,empire,e_ifequevron,low
7898.1.1,gen_2785,ifequevron,d_R209G119B71,2,e_ifequevron,history/titles/vassal_titles_e_ifequevron.txt,,tribal_government,empire,e_ifequevron,low
7898.1.1,gen_2786,ifequevron,c_R150G14B79,1,e_ifequevron,history/titles/vassal_titles_e_ifequevron.txt,,tribal_government,empire,e_ifequevron,low
7898.1.1,gen_2787,ifequevron,d_R132G27B238,2,e_ifequevron,history/titles/vassal_titles_e_ifequevron.txt,,tribal_government,empire,e_ifequevron,low
7898.1.1,gen_2788,ifequevron,d_R213G79B164,2,e_ifequevron,history/titles/vassal_titles_e_ifequevron.txt,,tribal_government,empire,e_ifequevron,low
7898.1.1,gen_2789,ifequevron,d_R80G112B68,2,e_ifequevron,history/titles/vassal_titles_e_ifequevron.txt,,tribal_government,empire,e_ifequevron,low
7898.1.1,gen_2790,ifequevron,c_R168G127B70,1,e_ifequevron,history/titles/vassal_titles_e_ifequevron.txt,,tribal_government,empire,e_ifequevron,low
7898.1.1,gen_2791,ifequevron,k_R99G48B179,3,e_ifequevron,history/titles/vassal_titles_e_ifequevron.txt,,tribal_government,empire,e_ifequevron,low
7898.1.1,gen_2792,ifequevron,d_R152G39B63,2,e_ifequevron,history/titles/vassal_titles_e_ifequevron.txt,,tribal_government,empire,e_ifequevron,low
7898.1.1,gen_2793,ifequevron,d_R114G115B80,2,e_ifequevron,history/titles/vassal_titles_e_ifequevron.txt,,tribal_government,empire,e_ifequevron,low
7898.1.1,gen_2794,ifequevron,d_R123G215B149,2,e_ifequevron,history/titles/vassal_titles_e_ifequevron.txt,,tribal_government,empire,e_ifequevron,low
7898.1.1,gen_2795,ifequevron,c_R115G84B54,1,e_ifequevron,history/titles/vassal_titles_e_ifequevron.txt,,tribal_government,empire,e_ifequevron,low
7898.1.1,gen_2796,ifequevron,d_R120G246B2,2,e_ifequevron,history/titles/vassal_titles_e_ifequevron.txt,,tribal_government,empire,e_ifequevron,low
7898.1.1,gen_2797,ifequevron,c_R127G162B22,1,e_ifequevron,history/titles/vassal_titles_e_ifequevron.txt,,tribal_government,empire,e_ifequevron,low
7898.1.1,gen_2798,ifequevron,d_R185G0B147,2,e_ifequevron,history/titles/vassal_titles_e_ifequevron.txt,,tribal_government,empire,e_ifequevron,low
7898.1.1,gen_2799,ifequevron,d_R129G202B193,2,e_ifequevron,history/titles/vassal_titles_e_ifequevron.txt,,tribal_government,empire,e_ifequevron,low
7898.1.1,gen_2800,ifequevron,d_R87G4B167,2,e_ifequevron,history/titles/vassal_titles_e_ifequevron.txt,,tribal_government,empire,e_ifequevron,low
7898.1.1,gen_2801,ifequevron,d_R230G132B38,2,e_ifequevron,history/titles/vassal_titles_e_ifequevron.txt,,tribal_government,empire,e_ifequevron,low
7898.1.1,gen_2802,ifequevron,d_R204G168B29,2,e_ifequevron,history/titles/vassal_titles_e_ifequevron.txt,,tribal_government,empire,e_ifequevron,low
7898.1.1,gen_2803,ifequevron,c_R182G25B116,1,e_ifequevron,history/titles/vassal_titles_e_ifequevron.txt,,tribal_government,empire,e_ifequevron,low
7898.1.1,gen_2804,ifequevron,d_R28G126B153,2,e_ifequevron,history/titles/vassal_titles_e_ifequevron.txt,,tribal_government,empire,e_ifequevron,low
7898.1.1,gen_2805,ifequevron,d_R95G82B37,2,e_ifequevron,history/titles/vassal_titles_e_ifequevron.txt,,tribal_government,empire,e_ifequevron,low
7898.1.1,gen_2806,ifequevron,k_R74G160B176,3,e_ifequevron,history/titles/vassal_titles_e_ifequevron.txt,,tribal_government,empire,e_ifequevron,low
7898.1.1,gen_2807,ifequevron,c_R2G59B27,1,e_ifequevron,history/titles/vassal_titles_e_ifequevron.txt,,tribal_government,empire,e_ifequevron,low
7898.1.1,gen_2808,ifequevron,d_R74G57B111,2,e_ifequevron,history/titles/vassal_titles_e_ifequevron.txt,,tribal_government,empire,e_ifequevron,low
7898.1.1,gen_2809,ifequevron,c_R229G241B71,1,e_ifequevron,history/titles/vassal_titles_e_ifequevron.txt,,tribal_government,empire,e_ifequevron,low
7898.1.1,gen_2810,ifequevron,d_R224G136B105,2,e_ifequevron,history/titles/vassal_titles_e_ifequevron.txt,,tribal_government,empire,e_ifequevron,low
7898.1.1,gen_2811,ifequevron,c_R169G102B178,1,e_ifequevron,history/titles/vassal_titles_e_ifequevron.txt,,tribal_government,empire,e_ifequevron,low
7898.1.1,gen_2812,ifequevron,d_R98G152B35,2,e_ifequevron,history/titles/vassal_titles_e_ifequevron.txt,,tribal_government,empire,e_ifequevron,low
7898.1.1,gen_2813,ifequevron,d_R162G13B75,2,e_ifequevron,history/titles/vassal_titles_e_ifequevron.txt,,tribal_government,empire,e_ifequevron,low
7898.1.1,gen_2814,ifequevron,d_R154G223B172,2,e_ifequevron,history/titles/vassal_titles_e_ifequevron.txt,,tribal_government,empire,e_ifequevron,low
7898.1.1,gen_2815,ifequevron,c_R0G126B213,1,e_ifequevron,history/titles/vassal_titles_e_ifequevron.txt,,tribal_government,empire,e_ifequevron,low
7898.1.1,gen_2816,jogos_nhai,c_R131G121B112,1,e_jogos_nhai,history/titles/vassal_titles_e_jogos_nhai.txt,,nomad_government,culture,jogos_nhai,high
7898.1.1,gen_2817,jogos_nhai,d_R179G199B57,2,e_jogos_nhai,history/titles/vassal_titles_e_jogos_nhai.txt,,nomad_government,culture,jogos_nhai,high
7898.1.1,gen_2818,jogos_nhai,c_R31G68B24,1,e_jogos_nhai,history/titles/vassal_titles_e_jogos_nhai.txt,,nomad_government,culture,jogos_nhai,high
7898.1.1,gen_2819,jogos_nhai,d_R19G206B105,2,e_jogos_nhai,history/titles/vassal_titles_e_jogos_nhai.txt,,nomad_government,culture,jogos_nhai,high
7898.1.1,gen_2820,jogos_nhai,d_R180G134B252,2,e_jogos_nhai,history/titles/vassal_titles_e_jogos_nhai.txt,,nomad_government,culture,jogos_nhai,high
7898.1.1,gen_2821,jogos_nhai,d_R27G189B204,2,e_jogos_nhai,history/titles/vassal_titles_e_jogos_nhai.txt,,nomad_government,culture,jogos_nhai,high
7898.1.1,gen_2822,jogos_nhai,c_R180G228B23,1,e_jogos_nhai,history/titles/vassal_titles_e_jogos_nhai.txt,,nomad_government,culture,jogos_nhai,high
7898.1.1,gen_2823,jogos_nhai,d_R57G171B81,2,e_jogos_nhai,history/titles/vassal_titles_e_jogos_nhai.txt,,nomad_government,culture,jogos_nhai,high
7898.1.1,gen_2824,jogos_nhai,k_R241G92B221,3,e_jogos_nhai,history/titles/vassal_titles_e_jogos_nhai.txt,,nomad_government,culture,jogos_nhai,high
7898.1.1,gen_2825,jogos_nhai,c_R106G34B40,1,e_jogos_nhai,history/titles/vassal_titles_e_jogos_nhai.txt,,nomad_government,culture,jogos_nhai,high
7898.1.1,gen_2826,jogos_nhai,d_R139G102B179,2,e_jogos_nhai,history/titles/vassal_titles_e_jogos_nhai.txt,,nomad_government,culture,jogos_nhai,high
7898.1.1,gen_2827,jogos_nhai,c_R137G115B154,1,e_jogos_nhai,history/titles/vassal_titles_e_jogos_nhai.txt,,nomad_government,culture,jogos_nhai,high
7898.1.1,gen_2828,jogos_nhai,d_R215G35B147,2,e_jogos_nhai,history/titles/vassal_titles_e_jogos_nhai.txt,,nomad_government,culture,jogos_nhai,high
7898.1.1,gen_2829,jogos_nhai,d_R155G69B191,2,e_jogos_nhai,history/titles/vassal_titles_e_jogos_nhai.txt,,nomad_government,culture,jogos_nhai,high
7898.1.1,gen_2830,jogos_nhai,d_R145G113B68,2,e_jogos_nhai,history/titles/vassal_titles_e_jogos_nhai.txt,,nomad_government,culture,jogos_nhai,high
7898.1.1,gen_2831,jogos_nhai,c_R160G5B185,1,e_jogos_nhai,history/titles/vassal_titles_e_jogos_nhai.txt,,nomad_government,culture,jogos_nhai,high
7898.1.1,gen_2832,jogos_nhai,d_R156G7B177,2,e_jogos_nhai,history/titles/vassal_titles_e_jogos_nhai.txt,,nomad_government,culture,jogos_nhai,high
7898.1.1,gen_2833,jogos_nhai,c_R169G98B245,1,e_jogos_nhai,history/titles/vassal_titles_e_jogos_nhai.txt,,nomad_government,culture,jogos_nhai,high
7898.1.1,gen_2834,jogos_nhai,d_R221G250B127,2,e_jogos_nhai,history/titles/vassal_titles_e_jogos_nhai.txt,,nomad_government,culture,jogos_nhai,high
7898.1.1,gen_2835,jogos_nhai,c_R29G116B81,1,e_jogos_nhai,history/titles/vassal_titles_e_jogos_nhai.txt,,nomad_government,culture,jogos_nhai,high
7898.1.1,gen_2836,jogos_nhai,d_R106G176B143,2,e_jogos_nhai,history/titles/vassal_titles_e_jogos_nhai.txt,,nomad_government,culture,jogos_nhai,high
7898.1.1,gen_2837,jogos_nhai,k_R146G211B104,3,e_jogos_nhai,history/titles/vassal_titles_e_jogos_nhai.txt,,nomad_government,culture,jogos_nhai,high
7898.1.1,gen_2838,jogos_nhai,c_R208G230B164,1,e_jogos_nhai,history/titles/vassal_titles_e_jogos_nhai.txt,,nomad_government,culture,jogos_nhai,high
7898.1.1,gen_2839,jogos_nhai,d_R63G173B203,2,e_jogos_nhai,history/titles/vassal_titles_e_jogos_nhai.txt,,nomad_government,culture,jogos_nhai,high
7898.1.1,gen_2840,jogos_nhai,d_R38G66B212,2,e_jogos_nhai,history/titles/vassal_titles_e_jogos_nhai.txt,,nomad_government,culture,jogos_nhai,high
7898.1.1,gen_2841,jogos_nhai,c_R192G233B72,1,e_jogos_nhai,history/titles/vassal_titles_e_jogos_nhai.txt,,nomad_government,culture,jogos_nhai,high
7898.1.1,gen_2842,jogos_nhai,d_R89G55B71,2,e_jogos_nhai,history/titles/vassal_titles_e_jogos_nhai.txt,,nomad_government,culture,jogos_nhai,high
7898.1.1,gen_2843,jogos_nhai,c_R13G123B178,1,e_jogos_nhai,history/titles/vassal_titles_e_jogos_nhai.txt,,nomad_government,culture,jogos_nhai,high
7898.1.1,gen_2844,jogos_nhai,d_R60G45B235,2,e_jogos_nhai,history/titles/vassal_titles_e_jogos_nhai.txt,,nomad_government,culture,jogos_nhai,high
7898.1.1,gen_2845,jogos_nhai,c_R159G110B250,1,e_jogos_nhai,history/titles/vassal_titles_e_jogos_nhai.txt,,nomad_government,culture,jogos_nhai,high
7898.1.1,gen_2846,jogos_nhai,d_R66G224B167,2,e_jogos_nhai,history/titles/vassal_titles_e_jogos_nhai.txt,,nomad_government,culture,jogos_nhai,high
7898.1.1,gen_2847,jogos_nhai,d_R16G248B142,2,e_jogos_nhai,history/titles/vassal_titles_e_jogos_nhai.txt,,nomad_government,culture,jogos_nhai,high
7898.1.1,gen_2848,jogos_nhai,d_R202G176B250,2,e_jogos_nhai,history/titles/vassal_titles_e_jogos_nhai.txt,,nomad_government,culture,jogos_nhai,high
7898.1.1,gen_2849,jogos_nhai,c_R51G30B249,1,e_jogos_nhai,history/titles/vassal_titles_e_jogos_nhai.txt,,nomad_government,culture,jogos_nhai,high
7898.1.1,gen_2850,jogos_nhai,c_R119G72B10,1,e_jogos_nhai,history/titles/vassal_titles_e_jogos_nhai.txt,,nomad_government,culture,jogos_nhai,high
7898.1.1,gen_2851,jogos_nhai,k_R77G224B134,3,e_jogos_nhai,history/titles/vassal_titles_e_jogos_nhai.txt,,nomad_government,culture,jogos_nhai,high
7898.1.1,gen_2852,jogos_nhai,c_R31G192B69,1,e_jogos_nhai,history/titles/vassal_titles_e_jogos_nhai.txt,,nomad_government,culture,jogos_nhai,high
7898.1.1,gen_2853,jogos_nhai,d_R250G67B219,2,e_jogos_nhai,history/titles/vassal_titles_e_jogos_nhai.txt,,nomad_government,culture,jogos_nhai,high
7898.1.1,gen_2854,jogos_nhai,d_R170G220B142,2,e_jogos_nhai,history/titles/vassal_titles_e_jogos_nhai.txt,,nomad_government,culture,jogos_nhai,high
7898.1.1,gen_2855,jogos_nhai,c_R160G103B224,1,e_jogos_nhai,history/titles/vassal_titles_e_jogos_nhai.txt,,nomad_government,culture,jogos_nhai,high
7898.1.1,gen_2856,jogos_nhai,d_R184G97B29,2,e_jogos_nhai,history/titles/vassal_titles_e_jogos_nhai.txt,,nomad_government,culture,jogos_nhai,high
7898.1.1,gen_2857,jogos_nhai,c_R12G44B143,1,e_jogos_nhai,history/titles/vassal_titles_e_jogos_nhai.txt,,nomad_government,culture,jogos_nhai,high
7898.1.1,gen_2858,jogos_nhai,d_R2G126B112,2,e_jogos_nhai,history/titles/vassal_titles_e_jogos_nhai.txt,,nomad_government,culture,jogos_nhai,high
7898.1.1,gen_2859,jogos_nhai,c_R14G245B131,1,e_jogos_nhai,history/titles/vassal_titles_e_jogos_nhai.txt,,nomad_government,culture,jogos_nhai,high
7898.1.1,gen_2860,jogos_nhai,d_R55G111B55,2,e_jogos_nhai,history/titles/vassal_titles_e_jogos_nhai.txt,,nomad_government,culture,jogos_nhai,high
7898.1.1,gen_2861,jogos_nhai,c_R193G16B189,1,e_jogos_nhai,history/titles/vassal_titles_e_jogos_nhai.txt,,nomad_government,culture,jogos_nhai,high
7898.1.1,gen_2862,jogos_nhai,d_R72G143B155,2,e_jogos_nhai,history/titles/vassal_titles_e_jogos_nhai.txt,,nomad_government,culture,jogos_nhai,high
7898.1.1,gen_2863,jogos_nhai,c_R10G58B131,1,e_jogos_nhai,history/titles/vassal_titles_e_jogos_nhai.txt,,nomad_government,culture,jogos_nhai,high
7898.1.1,gen_2864,jogos_nhai,d_R212G205B232,2,e_jogos_nhai,history/titles/vassal_titles_e_jogos_nhai.txt,,nomad_government,culture,jogos_nhai,high
7898.1.1,gen_2865,jogos_nhai,d_R231G180B224,2,e_jogos_nhai,history/titles/vassal_titles_e_jogos_nhai.txt,,nomad_government,culture,jogos_nhai,high
7898.1.1,gen_2866,jogos_nhai,c_R112G144B59,1,e_jogos_nhai,history/titles/vassal_titles_e_jogos_nhai.txt,,nomad_government,culture,jogos_nhai,high
7898.1.1,gen_2867,jogos_nhai,k_R12G166B33,3,e_jogos_nhai,history/titles/vassal_titles_e_jogos_nhai.txt,,nomad_government,culture,jogos_nhai,high
7898.1.1,gen_2868,jogos_nhai,d_R245G84B157,2,e_jogos_nhai,history/titles/vassal_titles_e_jogos_nhai.txt,,nomad_government,culture,jogos_nhai,high
7898.1.1,gen_2869,jogos_nhai,c_R241G28B164,1,e_jogos_nhai,history/titles/vassal_titles_e_jogos_nhai.txt,,nomad_government,culture,jogos_nhai,high
7898.1.1,gen_2870,jogos_nhai,d_R140G100B36,2,e_jogos_nhai,history/titles/vassal_titles_e_jogos_nhai.txt,,nomad_government,culture,jogos_nhai,high
7898.1.1,gen_2871,jogos_nhai,c_R157G3B30,1,e_jogos_nhai,history/titles/vassal_titles_e_jogos_nhai.txt,,nomad_government,culture,jogos_nhai,high
7898.1.1,gen_2872,jogos_nhai,d_R159G138B147,2,e_jogos_nhai,history/titles/vassal_titles_e_jogos_nhai.txt,,nomad_government,culture,jogos_nhai,high
7898.1.1,gen_2873,jogos_nhai,c_R143G228B234,1,e_jogos_nhai,history/titles/vassal_titles_e_jogos_nhai.txt,,nomad_government,culture,jogos_nhai,high
7898.1.1,gen_2874,jogos_nhai,c_R166G157B73,1,e_jogos_nhai,history/titles/vassal_titles_e_jogos_nhai.txt,,nomad_government,culture,jogos_nhai,high
7898.1.1,gen_2875,jogos_nhai,d_R218G80B203,2,e_jogos_nhai,history/titles/vassal_titles_e_jogos_nhai.txt,,nomad_government,culture,jogos_nhai,high
7898.1.1,gen_2876,jogos_nhai,c_R157G24B70,1,e_jogos_nhai,history/titles/vassal_titles_e_jogos_nhai.txt,,nomad_government,culture,jogos_nhai,high
7898.1.1,gen_2877,jogos_nhai,d_R139G221B148,2,e_jogos_nhai,history/titles/vassal_titles_e_jogos_nhai.txt,,nomad_government,culture,jogos_nhai,high
7898.1.1,gen_2878,jogos_nhai,c_R220G26B166,1,e_jogos_nhai,history/titles/vassal_titles_e_jogos_nhai.txt,,nomad_government,culture,jogos_nhai,high
7898.1.1,gen_2879,jogos_nhai,d_R255G60B143,2,e_jogos_nhai,history/titles/vassal_titles_e_jogos_nhai.txt,,nomad_government,culture,jogos_nhai,high
7898.1.1,gen_2880,jogos_nhai,c_R51G196B109,1,e_jogos_nhai,history/titles/vassal_titles_e_jogos_nhai.txt,,nomad_government,culture,jogos_nhai,high
7898.1.1,gen_2881,jogos_nhai,d_R147G232B129,2,e_jogos_nhai,history/titles/vassal_titles_e_jogos_nhai.txt,,nomad_government,culture,jogos_nhai,high
7898.1.1,gen_2882,jogos_nhai,k_R247G212B175,3,e_jogos_nhai,history/titles/vassal_titles_e_jogos_nhai.txt,,nomad_government,culture,jogos_nhai,high
7898.1.1,gen_2883,jogos_nhai,c_R112G250B173,1,e_jogos_nhai,history/titles/vassal_titles_e_jogos_nhai.txt,,nomad_government,culture,jogos_nhai,high
7898.1.1,gen_2884,jogos_nhai,d_R11G129B100,2,e_jogos_nhai,history/titles/vassal_titles_e_jogos_nhai.txt,,nomad_government,culture,jogos_nhai,high
7898.1.1,gen_2885,jogos_nhai,d_R189G218B124,2,e_jogos_nhai,history/titles/vassal_titles_e_jogos_nhai.txt,,nomad_government,culture,jogos_nhai,high
7898.1.1,gen_2886,jogos_nhai,c_R116G244B223,1,e_jogos_nhai,history/titles/vassal_titles_e_jogos_nhai.txt,,nomad_government,culture,jogos_nhai,high
7898.1.1,gen_2887,jogos_nhai,d_R72G14B18,2,e_jogos_nhai,history/titles/vassal_titles_e_jogos_nhai.txt,,nomad_government,culture,jogos_nhai,high
7898.1.1,gen_2888,jogos_nhai,c_R162G211B223,1,e_jogos_nhai,history/titles/vassal_titles_e_jogos_nhai.txt,,nomad_government,culture,jogos_nhai,high
7898.1.1,gen_2889,jogos_nhai,d_R28G32B62,2,e_jogos_nhai,history/titles/vassal_titles_e_jogos_nhai.txt,,nomad_government,culture,jogos_nhai,high
7898.1.1,gen_2890,jogos_nhai,k_R31G102B114,3,e_jogos_nhai,history/titles/vassal_titles_e_jogos_nhai.txt,,nomad_government,culture,jogos_nhai,high
7898.1.1,gen_2891,jogos_nhai,d_R210G235B19,2,e_jogos_nhai,history/titles/vassal_titles_e_jogos_nhai.txt,,nomad_government,culture,jogos_nhai,high
7898.1.1,gen_2892,jogos_nhai,d_R30G132B29,2,e_jogos_nhai,history/titles/vassal_titles_e_jogos_nhai.txt,,nomad_government,culture,jogos_nhai,high
7898.1.1,gen_2893,jogos_nhai,d_R123G203B214,2,e_jogos_nhai,history/titles/vassal_titles_e_jogos_nhai.txt,,nomad_government,culture,jogos_nhai,high
7898.1.1,gen_2894,jogos_nhai,d_R25G185B204,2,e_jogos_nhai,history/titles/vassal_titles_e_jogos_nhai.txt,,nomad_government,culture,jogos_nhai,high
7898.1.1,gen_2895,jogos_nhai,c_R172G229B144,1,e_jogos_nhai,history/titles/vassal_titles_e_jogos_nhai.txt,,nomad_government,culture,jogos_nhai,high
7898.1.1,gen_2896,jogos_nhai,d_R174G232B107,2,e_jogos_nhai,history/titles/vassal_titles_e_jogos_nhai.txt,,nomad_government,culture,jogos_nhai,high
7898.1.1,gen_2897,jogos_nhai,k_R153G161B35,3,e_jogos_nhai,history/titles/vassal_titles_e_jogos_nhai.txt,,nomad_government,culture,jogos_nhai,high
7898.1.1,gen_2898,jogos_nhai,c_R102G148B118,1,e_jogos_nhai,history/titles/vassal_titles_e_jogos_nhai.txt,,nomad_government,culture,jogos_nhai,high
7898.1.1,gen_2899,jogos_nhai,d_R83G236B170,2,e_jogos_nhai,history/titles/vassal_titles_e_jogos_nhai.txt,,nomad_government,culture,jogos_nhai,high
7898.1.1,gen_2900,jogos_nhai,c_R59G98B158,1,e_jogos_nhai,history/titles/vassal_titles_e_jogos_nhai.txt,,nomad_government,culture,jogos_nhai,high
7898.1.1,gen_2901,jogos_nhai,d_R155G55B87,2,e_jogos_nhai,history/titles/vassal_titles_e_jogos_nhai.txt,,nomad_government,culture,jogos_nhai,high
7898.1.1,gen_2902,jogos_nhai,d_R112G39B75,2,e_jogos_nhai,history/titles/vassal_titles_e_jogos_nhai.txt,,nomad_government,culture,jogos_nhai,high
7898.1.1,gen_2903,jogos_nhai,c_R115G117B192,1,e_jogos_nhai,history/titles/vassal_titles_e_jogos_nhai.txt,,nomad_government,culture,jogos_nhai,high
7898.1.1,gen_2904,jogos_nhai,d_R29G161B233,2,e_jogos_nhai,history/titles/vassal_titles_e_jogos_nhai.txt,,nomad_government,culture,jogos_nhai,high
7898.1.1,gen_2905,jogos_nhai,c_R159G40B86,1,e_jogos_nhai,history/titles/vassal_titles_e_jogos_nhai.txt,,nomad_government,culture,jogos_nhai,high
7898.1.1,gen_2906,jogos_nhai,d_R56G193B185,2,e_jogos_nhai,history/titles/vassal_titles_e_jogos_nhai.txt,,nomad_government,culture,jogos_nhai,high
7898.1.1,gen_2907,jogos_nhai,c_R136G41B163,1,e_jogos_nhai,history/titles/vassal_titles_e_jogos_nhai.txt,,nomad_government,culture,jogos_nhai,high
7898.1.1,gen_2908,jogos_nhai,k_R62G247B214,3,e_jogos_nhai,history/titles/vassal_titles_e_jogos_nhai.txt,,nomad_government,culture,jogos_nhai,high
7898.1.1,gen_2909,jogos_nhai,d_R143G96B105,2,e_jogos_nhai,history/titles/vassal_titles_e_jogos_nhai.txt,,nomad_government,culture,jogos_nhai,high
7898.1.1,gen_2910,jogos_nhai,c_R30G42B194,1,e_jogos_nhai,history/titles/vassal_titles_e_jogos_nhai.txt,,nomad_government,culture,jogos_nhai,high
7898.1.1,gen_2911,jogos_nhai,d_R60G66B58,2,e_jogos_nhai,history/titles/vassal_titles_e_jogos_nhai.txt,,nomad_government,culture,jogos_nhai,high
7898.1.1,gen_2912,jogos_nhai,c_R107G169B129,1,e_jogos_nhai,history/titles/vassal_titles_e_jogos_nhai.txt,,nomad_government,culture,jogos_nhai,high
7898.1.1,gen_2913,jogos_nhai,d_R76G29B27,2,e_jogos_nhai,history/titles/vassal_titles_e_jogos_nhai.txt,,nomad_government,culture,jogos_nhai,high
7898.1.1,gen_2914,jogos_nhai,c_R153G225B9,1,e_jogos_nhai,history/titles/vassal_titles_e_jogos_nhai.txt,,nomad_government,culture,jogos_nhai,high
7898.1.1,gen_2915,jogos_nhai,d_R48G134B93,2,e_jogos_nhai,history/titles/vassal_titles_e_jogos_nhai.txt,,nomad_government,culture,jogos_nhai,high
7898.1.1,gen_2916,jogos_nhai,d_R208G13B56,2,e_jogos_nhai,history/titles/vassal_titles_e_jogos_nhai.txt,,nomad_government,culture,jogos_nhai,high
7898.1.1,gen_2917,jogos_nhai,c_R203G117B219,1,e_jogos_nhai,history/titles/vassal_titles_e_jogos_nhai.txt,,nomad_government,culture,jogos_nhai,high
7898.1.1,gen_2918,jogos_nhai,d_R255G68B131,2,e_jogos_nhai,history/titles/vassal_titles_e_jogos_nhai.txt,,nomad_government,culture,jogos_nhai,high
7898.1.1,gen_2919,jogos_nhai,d_R102G201B167,2,e_jogos_nhai,history/titles/vassal_titles_e_jogos_nhai.txt,,nomad_government,culture,jogos_nhai,high
7898.1.1,gen_2920,jogos_nhai,d_R52G155B180,2,e_jogos_nhai,history/titles/vassal_titles_e_jogos_nhai.txt,,nomad_government,culture,jogos_nhai,high
7898.1.1,gen_2921,lengii,c_R234G73B26,1,e_leng,history/titles/vassal_titles_e_leng.txt,,mandala_government,empire,e_leng,high
7898.1.1,gen_2922,lengii,d_R206G76B102,2,e_leng,history/titles/vassal_titles_e_leng.txt,,mandala_government,empire,e_leng,high
7898.1.1,gen_2923,lengii,c_R106G27B99,1,e_leng,history/titles/vassal_titles_e_leng.txt,,mandala_government,empire,e_leng,high
7898.1.1,gen_2924,lhazareen,d_R225G47B160,2,e_lhazar,history/titles/vassal_titles_e_lhazar.txt,,clan_government,empire,e_lhazar,medium
7898.1.1,gen_2925,lhazareen,d_R173G29B222,2,e_lhazar,history/titles/vassal_titles_e_lhazar.txt,,clan_government,empire,e_lhazar,medium
7898.1.1,gen_2926,lhazareen,d_R231G23B54,2,e_lhazar,history/titles/vassal_titles_e_lhazar.txt,,clan_government,empire,e_lhazar,medium
7898.1.1,gen_2927,lhazareen,d_R122G12B245,2,e_lhazar,history/titles/vassal_titles_e_lhazar.txt,,clan_government,empire,e_lhazar,medium
7898.1.1,gen_2928,lhazareen,d_R12G187B142,2,e_lhazar,history/titles/vassal_titles_e_lhazar.txt,,clan_government,empire,e_lhazar,medium
7898.1.1,gen_2929,lhazareen,d_R24G232B25,2,e_lhazar,history/titles/vassal_titles_e_lhazar.txt,,clan_government,empire,e_lhazar,medium
7898.1.1,gen_2930,lhazareen,k_R215G70B208,3,e_lhazar,history/titles/vassal_titles_e_lhazar.txt,,clan_government,empire,e_lhazar,medium
7898.1.1,gen_2931,lhazareen,d_R111G255B221,2,e_lhazar,history/titles/vassal_titles_e_lhazar.txt,,clan_government,empire,e_lhazar,medium
7898.1.1,gen_2932,lhazareen,d_R165G143B36,2,e_lhazar,history/titles/vassal_titles_e_lhazar.txt,,clan_government,empire,e_lhazar,medium
7898.1.1,gen_2940,dothraki,d_R30G100B234,2,e_lower_sarne_dothraki,history/titles/vassal_titles_e_lower_sarne_dothraki.txt,,nomad_government,culture,dothraki,high
7898.1.1,gen_2941,dothraki,c_R2G13B94,1,e_lower_sarne_dothraki,history/titles/vassal_titles_e_lower_sarne_dothraki.txt,,nomad_government,culture,dothraki,high
7898.1.1,gen_2942,dothraki,d_R120G15B219,2,e_lower_sarne_dothraki,history/titles/vassal_titles_e_lower_sarne_dothraki.txt,,nomad_government,culture,dothraki,high
7898.1.1,gen_2943,dothraki,d_R237G219B170,2,e_lower_sarne_dothraki,history/titles/vassal_titles_e_lower_sarne_dothraki.txt,,nomad_government,culture,dothraki,high
7898.1.1,gen_2947,dothraki,k_R38G162B191,3,e_lower_sarne_dothraki,history/titles/vassal_titles_e_lower_sarne_dothraki.txt,,nomad_government,culture,dothraki,high
7898.1.1,gen_2948,dothraki,c_R159G39B37,1,e_lower_sarne_dothraki,history/titles/vassal_titles_e_lower_sarne_dothraki.txt,,nomad_government,culture,dothraki,high
7898.1.1,gen_2949,dothraki,d_R33G60B161,2,e_lower_sarne_dothraki,history/titles/vassal_titles_e_lower_sarne_dothraki.txt,,nomad_government,culture,dothraki,high
7898.1.1,gen_2950,dothraki,d_R39G25B143,2,e_lower_sarne_dothraki,history/titles/vassal_titles_e_lower_sarne_dothraki.txt,,nomad_government,culture,dothraki,high
7898.1.1,gen_2951,dothraki,d_R36G224B233,2,e_lower_sarne_dothraki,history/titles/vassal_titles_e_lower_sarne_dothraki.txt,,nomad_government,culture,dothraki,high
7898.1.1,gen_2952,dothraki,c_R155G109B217,1,e_lower_sarne_dothraki,history/titles/vassal_titles_e_lower_sarne_dothraki.txt,,nomad_government,culture,dothraki,high
7898.1.1,gen_2954,dothraki,d_R254G224B205,2,e_lower_sarne_dothraki,history/titles/vassal_titles_e_lower_sarne_dothraki.txt,,nomad_government,culture,dothraki,high
7898.1.1,gen_2955,dothraki,k_R35G68B68,3,e_lower_sarne_dothraki,history/titles/vassal_titles_e_lower_sarne_dothraki.txt,,nomad_government,culture,dothraki,high
7898.1.1,gen_2956,dothraki,c_R177G55B229,1,e_lower_sarne_dothraki,history/titles/vassal_titles_e_lower_sarne_dothraki.txt,,nomad_government,culture,dothraki,high
7898.1.1,gen_2957,dothraki,d_R238G205B44,2,e_lower_sarne_dothraki,history/titles/vassal_titles_e_lower_sarne_dothraki.txt,,nomad_government,culture,dothraki,high
7898.1.1,gen_2958,dothraki,d_R115G223B207,2,e_lower_sarne_dothraki,history/titles/vassal_titles_e_lower_sarne_dothraki.txt,,nomad_government,culture,dothraki,high
7898.1.1,gen_2959,dothraki,c_R14G11B45,1,e_lower_sarne_dothraki,history/titles/vassal_titles_e_lower_sarne_dothraki.txt,,nomad_government,culture,dothraki,high
7898.1.1,gen_2960,dothraki,d_R29G192B92,2,e_lower_sarne_dothraki,history/titles/vassal_titles_e_lower_sarne_dothraki.txt,,nomad_government,culture,dothraki,high
7898.1.1,gen_2961,dothraki,d_R122G255B137,2,e_lower_sarne_dothraki,history/titles/vassal_titles_e_lower_sarne_dothraki.txt,,nomad_government,culture,dothraki,high
7898.1.1,gen_2962,dothraki,c_R158G105B240,1,e_lower_sarne_dothraki,history/titles/vassal_titles_e_lower_sarne_dothraki.txt,,nomad_government,culture,dothraki,high
7898.1.1,gen_2963,dothraki,d_R254G192B105,2,e_lower_sarne_dothraki,history/titles/vassal_titles_e_lower_sarne_dothraki.txt,,nomad_government,culture,dothraki,high
7898.1.1,gen_2964,dothraki,c_R220G249B17,1,e_lower_sarne_dothraki,history/titles/vassal_titles_e_lower_sarne_dothraki.txt,,nomad_government,culture,dothraki,high
7898.1.1,gen_2965,dothraki,c_R151G60B74,1,e_lower_sarne_dothraki,history/titles/vassal_titles_e_lower_sarne_dothraki.txt,,nomad_government,culture,dothraki,high
7898.1.1,gen_2966,dothraki,d_R149G15B5,2,e_lower_sarne_dothraki,history/titles/vassal_titles_e_lower_sarne_dothraki.txt,,nomad_government,culture,dothraki,high
7898.1.1,gen_2967,dothraki,d_R241G133B192,2,e_lower_sarne_dothraki,history/titles/vassal_titles_e_lower_sarne_dothraki.txt,,nomad_government,culture,dothraki,high
7898.1.1,gen_2968,dothraki,c_R173G94B42,1,e_lower_sarne_dothraki,history/titles/vassal_titles_e_lower_sarne_dothraki.txt,,nomad_government,culture,dothraki,high
7898.1.1,gen_2969,dothraki,d_R64G145B200,2,e_lower_sarne_dothraki,history/titles/vassal_titles_e_lower_sarne_dothraki.txt,,nomad_government,culture,dothraki,high
7898.1.1,gen_2970,dothraki,k_R252G254B159,3,e_lower_sarne_dothraki,history/titles/vassal_titles_e_lower_sarne_dothraki.txt,,nomad_government,culture,dothraki,high
7898.1.1,gen_2971,dothraki,c_R221G178B168,1,e_lower_sarne_dothraki,history/titles/vassal_titles_e_lower_sarne_dothraki.txt,,nomad_government,culture,dothraki,high
7898.1.1,gen_2972,dothraki,d_R38G138B230,2,e_lower_sarne_dothraki,history/titles/vassal_titles_e_lower_sarne_dothraki.txt,,nomad_government,culture,dothraki,high
7898.1.1,gen_2973,dothraki,c_R145G90B65,1,e_lower_sarne_dothraki,history/titles/vassal_titles_e_lower_sarne_dothraki.txt,,nomad_government,culture,dothraki,high
7898.1.1,gen_2974,dothraki,d_R210G109B235,2,e_lower_sarne_dothraki,history/titles/vassal_titles_e_lower_sarne_dothraki.txt,,nomad_government,culture,dothraki,high
7898.1.1,gen_2975,dothraki,d_R251G220B244,2,e_lower_sarne_dothraki,history/titles/vassal_titles_e_lower_sarne_dothraki.txt,,nomad_government,culture,dothraki,high
7898.1.1,gen_2976,dothraki,d_R162G54B28,2,e_lower_sarne_dothraki,history/titles/vassal_titles_e_lower_sarne_dothraki.txt,,nomad_government,culture,dothraki,high
7898.1.1,gen_2977,dothraki,c_R111G67B28,1,e_lower_sarne_dothraki,history/titles/vassal_titles_e_lower_sarne_dothraki.txt,,nomad_government,culture,dothraki,high
7898.1.1,gen_2978,dothraki,d_R221G205B23,2,e_lower_sarne_dothraki,history/titles/vassal_titles_e_lower_sarne_dothraki.txt,,nomad_government,culture,dothraki,high
7898.1.1,gen_2979,dothraki,k_R139G90B4,3,e_lower_sarne_dothraki,history/titles/vassal_titles_e_lower_sarne_dothraki.txt,,nomad_government,culture,dothraki,high
7898.1.1,gen_2980,dothraki,d_R161G116B131,2,e_lower_sarne_dothraki,history/titles/vassal_titles_e_lower_sarne_dothraki.txt,,nomad_government,culture,dothraki,high
7898.1.1,gen_2981,dothraki,d_R248G26B201,2,e_lower_sarne_dothraki,history/titles/vassal_titles_e_lower_sarne_dothraki.txt,,nomad_government,culture,dothraki,high
7898.1.1,gen_2982,dothraki,d_R167G18B36,2,e_lower_sarne_dothraki,history/titles/vassal_titles_e_lower_sarne_dothraki.txt,,nomad_government,culture,dothraki,high
7898.1.1,gen_2983,dothraki,d_R54G4B67,2,e_lower_sarne_dothraki,history/titles/vassal_titles_e_lower_sarne_dothraki.txt,,nomad_government,culture,dothraki,high
7898.1.1,gen_2984,dothraki,d_R204G70B217,2,e_lower_sarne_dothraki,history/titles/vassal_titles_e_lower_sarne_dothraki.txt,,nomad_government,culture,dothraki,high
7898.1.1,gen_2985,dothraki,d_R80G65B68,2,e_lower_sarne_dothraki,history/titles/vassal_titles_e_lower_sarne_dothraki.txt,,nomad_government,culture,dothraki,high
7898.1.1,gen_2986,dothraki,c_R208G142B57,1,e_lower_sarne_dothraki,history/titles/vassal_titles_e_lower_sarne_dothraki.txt,,nomad_government,culture,dothraki,high
7898.1.1,gen_2987,dothraki,d_R144G248B154,2,e_lower_sarne_dothraki,history/titles/vassal_titles_e_lower_sarne_dothraki.txt,,nomad_government,culture,dothraki,high
7898.1.1,gen_2988,dothraki,k_R150G96B205,3,e_lower_sarne_dothraki,history/titles/vassal_titles_e_lower_sarne_dothraki.txt,,nomad_government,culture,dothraki,high
7898.1.1,gen_2989,dothraki,d_R64G9B194,2,e_lower_sarne_dothraki,history/titles/vassal_titles_e_lower_sarne_dothraki.txt,,nomad_government,culture,dothraki,high
7898.1.1,gen_2990,dothraki,d_R74G173B139,2,e_lower_sarne_dothraki,history/titles/vassal_titles_e_lower_sarne_dothraki.txt,,nomad_government,culture,dothraki,high
7898.1.1,gen_2991,dothraki,c_R202G73B52,1,e_lower_sarne_dothraki,history/titles/vassal_titles_e_lower_sarne_dothraki.txt,,nomad_government,culture,dothraki,high
7898.1.1,gen_2992,dothraki,d_R25G229B11,2,e_lower_sarne_dothraki,history/titles/vassal_titles_e_lower_sarne_dothraki.txt,,nomad_government,culture,dothraki,high
7898.1.1,gen_2993,dothraki,d_R188G20B40,2,e_lower_sarne_dothraki,history/titles/vassal_titles_e_lower_sarne_dothraki.txt,,nomad_government,culture,dothraki,high
7898.1.1,gen_2994,dothraki,d_R33G218B45,2,e_lower_sarne_dothraki,history/titles/vassal_titles_e_lower_sarne_dothraki.txt,,nomad_government,culture,dothraki,high
7898.1.1,gen_2995,mossovite,d_R107G171B160,2,e_mossovy,history/titles/vassal_titles_e_mossovy.txt,,tribal_government,empire,e_mossovy,low
7898.1.1,gen_2996,mossovite,d_R70G184B186,2,e_mossovy,history/titles/vassal_titles_e_mossovy.txt,,tribal_government,empire,e_mossovy,low
7898.1.1,gen_2997,mossovite,d_R55G189B244,2,e_mossovy,history/titles/vassal_titles_e_mossovy.txt,,tribal_government,empire,e_mossovy,low
7898.1.1,gen_2998,mossovite,d_R224G40B228,2,e_mossovy,history/titles/vassal_titles_e_mossovy.txt,,tribal_government,empire,e_mossovy,low
7898.1.1,gen_2999,mossovite,c_R166G92B171,1,e_mossovy,history/titles/vassal_titles_e_mossovy.txt,,tribal_government,empire,e_mossovy,low
7898.1.1,gen_3000,mossovite,d_R242G26B122,2,e_mossovy,history/titles/vassal_titles_e_mossovy.txt,,tribal_government,empire,e_mossovy,low
7898.1.1,gen_3001,mossovite,d_R115G196B72,2,e_mossovy,history/titles/vassal_titles_e_mossovy.txt,,tribal_government,empire,e_mossovy,low
7898.1.1,gen_3010,norvoshi,d_R87G54B134,2,e_norvos,history/titles/vassal_titles_e_norvos.txt,,theocracy_government,empire,e_norvos,high
7898.1.1,gen_3011,norvoshi,c_R111G69B101,1,e_norvos,history/titles/vassal_titles_e_norvos.txt,,theocracy_government,empire,e_norvos,high
7898.1.1,gen_3012,norvoshi,d_R53G162B46,2,e_norvos,history/titles/vassal_titles_e_norvos.txt,,theocracy_government,empire,e_norvos,high
7898.1.1,gen_3029,omberi,c_R255G225B70,1,e_omber,history/titles/vassal_titles_e_omber.txt,,feudal_government,empire,e_omber,medium
7898.1.1,gen_3030,omberi,c_R167G232B248,1,e_omber,history/titles/vassal_titles_e_omber.txt,,feudal_government,empire,e_omber,medium
7898.1.1,gen_3031,omberi,d_R87G214B107,2,e_omber,history/titles/vassal_titles_e_omber.txt,,feudal_government,empire,e_omber,medium
7898.1.1,gen_3032,omberi,c_R33G32B61,1,e_omber,history/titles/vassal_titles_e_omber.txt,,feudal_government,empire,e_omber,medium
7898.1.1,gen_3033,omberi,d_R20G128B134,2,e_omber,history/titles/vassal_titles_e_omber.txt,,feudal_government,empire,e_omber,medium
7898.1.1,gen_3034,omberi,c_R171G105B253,1,e_omber,history/titles/vassal_titles_e_omber.txt,,feudal_government,empire,e_omber,medium
7898.1.1,gen_3035,qartheen,d_R187G116B155,2,e_qarth,history/titles/vassal_titles_e_qarth.txt,,oligarchic_government,empire,e_qarth,high
7898.1.1,gen_3036,qartheen,c_R15G111B173,1,e_qarth,history/titles/vassal_titles_e_qarth.txt,,oligarchic_government,empire,e_qarth,high
7898.1.1,gen_3037,qartheen,d_R67G9B102,2,e_qarth,history/titles/vassal_titles_e_qarth.txt,,oligarchic_government,empire,e_qarth,high
7898.1.1,gen_3038,qartheen,d_R154G148B140,2,e_qarth,history/titles/vassal_titles_e_qarth.txt,,oligarchic_government,empire,e_qarth,high
7898.1.1,gen_3039,qartheen,d_R161G200B9,2,e_qarth,history/titles/vassal_titles_e_qarth.txt,,oligarchic_government,empire,e_qarth,high
7898.1.1,gen_3040,qartheen,c_R211G88B80,1,e_qarth,history/titles/vassal_titles_e_qarth.txt,,oligarchic_government,empire,e_qarth,high
7898.1.1,gen_3041,qartheen,d_R66G158B239,2,e_qarth,history/titles/vassal_titles_e_qarth.txt,,oligarchic_government,empire,e_qarth,high
7898.1.1,gen_3042,qartheen,d_R56G50B236,2,e_qarth,history/titles/vassal_titles_e_qarth.txt,,oligarchic_government,empire,e_qarth,high
7898.1.1,gen_3043,qartheen,c_R141G69B87,1,e_qarth,history/titles/vassal_titles_e_qarth.txt,,oligarchic_government,empire,e_qarth,high
7898.1.1,gen_3044,qartheen,k_R8G180B35,3,e_qarth,history/titles/vassal_titles_e_qarth.txt,,oligarchic_government,empire,e_qarth,high
7898.1.1,gen_3045,qartheen,c_R21G34B175,1,e_qarth,history/titles/vassal_titles_e_qarth.txt,,oligarchic_government,empire,e_qarth,high
7898.1.1,gen_3046,qartheen,d_R15G243B61,2,e_qarth,history/titles/vassal_titles_e_qarth.txt,,oligarchic_government,empire,e_qarth,high
7898.1.1,gen_3047,qartheen,c_R105G138B219,1,e_qarth,history/titles/vassal_titles_e_qarth.txt,,oligarchic_government,empire,e_qarth,high
7898.1.1,gen_3048,qartheen,d_R152G107B185,2,e_qarth,history/titles/vassal_titles_e_qarth.txt,,oligarchic_government,empire,e_qarth,high
7898.1.1,gen_3049,qartheen,d_R48G116B227,2,e_qarth,history/titles/vassal_titles_e_qarth.txt,,oligarchic_government,empire,e_qarth,high
7898.1.1,gen_3050,qartheen,c_R104G43B254,1,e_qarth,history/titles/vassal_titles_e_qarth.txt,,oligarchic_government,empire,e_qarth,high
7898.1.1,gen_3051,qartheen,c_R106G16B125,1,e_qarth,history/titles/vassal_titles_e_qarth.txt,,oligarchic_government,empire,e_qarth,high
7898.1.1,gen_3052,qartheen,d_R162G253B150,2,e_qarth,history/titles/vassal_titles_e_qarth.txt,,oligarchic_government,empire,e_qarth,high
7898.1.1,gen_3053,qartheen,c_R186G56B232,1,e_qarth,history/titles/vassal_titles_e_qarth.txt,,oligarchic_government,empire,e_qarth,high
7898.1.1,gen_3054,qartheen,d_R154G226B97,2,e_qarth,history/titles/vassal_titles_e_qarth.txt,,oligarchic_government,empire,e_qarth,high
7898.1.1,gen_3055,qartheen,d_R196G175B150,2,e_qarth,history/titles/vassal_titles_e_qarth.txt,,oligarchic_government,empire,e_qarth,high
7898.1.1,gen_3056,qartheen,k_R27G181B254,3,e_qarth,history/titles/vassal_titles_e_qarth.txt,,oligarchic_government,empire,e_qarth,high
7898.1.1,gen_3057,qartheen,d_R90G57B150,2,e_qarth,history/titles/vassal_titles_e_qarth.txt,,oligarchic_government,empire,e_qarth,high
7898.1.1,gen_3058,qartheen,d_R73G133B15,2,e_qarth,history/titles/vassal_titles_e_qarth.txt,,oligarchic_government,empire,e_qarth,high
7898.1.1,gen_3059,qartheen,d_R132G234B228,2,e_qarth,history/titles/vassal_titles_e_qarth.txt,,oligarchic_government,empire,e_qarth,high
7898.1.1,gen_3060,qartheen,c_R238G100B34,1,e_qarth,history/titles/vassal_titles_e_qarth.txt,,oligarchic_government,empire,e_qarth,high
7898.1.1,gen_3061,qartheen,d_R88G13B155,2,e_qarth,history/titles/vassal_titles_e_qarth.txt,,oligarchic_government,empire,e_qarth,high
7898.1.1,gen_3062,qartheen,c_R14G98B94,1,e_qarth,history/titles/vassal_titles_e_qarth.txt,,oligarchic_government,empire,e_qarth,high
7898.1.1,gen_3063,qartheen,k_R154G58B31,3,e_qarth,history/titles/vassal_titles_e_qarth.txt,,oligarchic_government,empire,e_qarth,high
7898.1.1,gen_3064,qartheen,c_R45G36B45,1,e_qarth,history/titles/vassal_titles_e_qarth.txt,,oligarchic_government,empire,e_qarth,high
7898.1.1,gen_3065,qartheen,c_R125G209B208,1,e_qarth,history/titles/vassal_titles_e_qarth.txt,,oligarchic_government,empire,e_qarth,high
7898.1.1,gen_3066,qartheen,d_R251G71B132,2,e_qarth,history/titles/vassal_titles_e_qarth.txt,,oligarchic_government,empire,e_qarth,high
7898.1.1,gen_3067,qartheen,c_R154G59B209,1,e_qarth,history/titles/vassal_titles_e_qarth.txt,,oligarchic_government,empire,e_qarth,high
7898.1.1,gen_3068,qartheen,c_R214G149B158,1,e_qarth,history/titles/vassal_titles_e_qarth.txt,,oligarchic_government,empire,e_qarth,high
7898.1.1,gen_3069,qartheen,d_R95G51B86,2,e_qarth,history/titles/vassal_titles_e_qarth.txt,,oligarchic_government,empire,e_qarth,high
7898.1.1,gen_3070,qartheen,c_R112G68B65,1,e_qarth,history/titles/vassal_titles_e_qarth.txt,,oligarchic_government,empire,e_qarth,high
7898.1.1,gen_3071,qartheen,d_R107G39B102,2,e_qarth,history/titles/vassal_titles_e_qarth.txt,,oligarchic_government,empire,e_qarth,high
7898.1.1,gen_3072,qartheen,d_R73G169B117,2,e_qarth,history/titles/vassal_titles_e_qarth.txt,,oligarchic_government,empire,e_qarth,high
7898.1.1,gen_3073,qartheen,d_R104G144B83,2,e_qarth,history/titles/vassal_titles_e_qarth.txt,,oligarchic_government,empire,e_qarth,high
7898.1.1,gen_3074,qartheen,c_R33G139B13,1,e_qarth,history/titles/vassal_titles_e_qarth.txt,,oligarchic_government,empire,e_qarth,high
7898.1.1,gen_3075,qartheen,k_R53G172B250,3,e_qarth,history/titles/vassal_titles_e_qarth.txt,,oligarchic_government,empire,e_qarth,high
7898.1.1,gen_3076,qartheen,c_R104G25B46,1,e_qarth,history/titles/vassal_titles_e_qarth.txt,,oligarchic_government,empire,e_qarth,high
7898.1.1,gen_3077,qartheen,d_R138G113B254,2,e_qarth,history/titles/vassal_titles_e_qarth.txt,,oligarchic_government,empire,e_qarth,high
7898.1.1,gen_3078,qartheen,c_R175G203B138,1,e_qarth,history/titles/vassal_titles_e_qarth.txt,,oligarchic_government,empire,e_qarth,high
7898.1.1,gen_3079,qartheen,d_R201G149B127,2,e_qarth,history/titles/vassal_titles_e_qarth.txt,,oligarchic_government,empire,e_qarth,high
7898.1.1,gen_3080,qartheen,c_R140G243B171,1,e_qarth,history/titles/vassal_titles_e_qarth.txt,,oligarchic_government,empire,e_qarth,high
7898.1.1,gen_3081,qartheen,d_R139G230B165,2,e_qarth,history/titles/vassal_titles_e_qarth.txt,,oligarchic_government,empire,e_qarth,high
7898.1.1,gen_3082,qartheen,d_R78G20B134,2,e_qarth,history/titles/vassal_titles_e_qarth.txt,,oligarchic_government,empire,e_qarth,high
7898.1.1,gen_3083,qartheen,c_R197G233B63,1,e_qarth,history/titles/vassal_titles_e_qarth.txt,,oligarchic_government,empire,e_qarth,high
7898.1.1,gen_3084,qohorik,d_R101G68B31,2,e_qohor,history/titles/vassal_titles_e_qohor.txt,,administrative_government,empire,e_qohor,medium
7898.1.1,gen_3085,qohorik,d_R105G87B76,2,e_qohor,history/titles/vassal_titles_e_qohor.txt,,administrative_government,empire,e_qohor,medium
7898.1.1,gen_3086,qohorik,c_R139G255B164,1,e_qohor,history/titles/vassal_titles_e_qohor.txt,,administrative_government,empire,e_qohor,medium
7898.1.1,gen_3087,qohorik,d_R20G36B149,2,e_qohor,history/titles/vassal_titles_e_qohor.txt,,administrative_government,empire,e_qohor,medium
7898.1.1,gen_3088,qohorik,d_R169G204B217,2,e_qohor,history/titles/vassal_titles_e_qohor.txt,,administrative_government,empire,e_qohor,medium
7898.1.1,gen_3089,qohorik,d_R30G189B191,2,e_qohor,history/titles/vassal_titles_e_qohor.txt,,administrative_government,empire,e_qohor,medium
7898.1.1,gen_3091,qohorik,d_R11G122B152,2,e_qohor,history/titles/vassal_titles_e_qohor.txt,,administrative_government,empire,e_qohor,medium
7898.1.1,gen_3092,qohorik,c_R193G192B96,1,e_qohor,history/titles/vassal_titles_e_qohor.txt,,administrative_government,empire,e_qohor,medium
7898.1.1,gen_3093,qohorik,d_R71G9B105,2,e_qohor,history/titles/vassal_titles_e_qohor.txt,,administrative_government,empire,e_qohor,medium
7898.1.1,gen_3094,qohorik,c_R108G41B175,1,e_qohor,history/titles/vassal_titles_e_qohor.txt,,administrative_government,empire,e_qohor,medium
7898.1.1,gen_3095,qohorik,d_R255G6B232,2,e_qohor,history/titles/vassal_titles_e_qohor.txt,,administrative_government,empire,e_qohor,medium
7898.1.1,gen_3096,qohorik,d_R236G62B218,2,e_qohor,history/titles/vassal_titles_e_qohor.txt,,administrative_government,empire,e_qohor,medium
7898.1.1,gen_3098,tagaez_fen,c_R157G218B162,1,e_sarnor,history/titles/vassal_titles_e_sarnor.txt,,feudal_government,empire,e_sarnor,high
7898.1.1,gen_3099,tagaez_fen,d_R113G237B226,2,e_sarnor,history/titles/vassal_titles_e_sarnor.txt,,feudal_government,empire,e_sarnor,high
7898.1.1,gen_3100,tagaez_fen,d_R204G205B212,2,e_sarnor,history/titles/vassal_titles_e_sarnor.txt,,feudal_government,empire,e_sarnor,high
7898.1.1,gen_3101,gogossite,c_R146G140B226,1,e_sothoryos,history/titles/vassal_titles_e_sothoryos.txt,,tribal_government,empire,e_sothoryos,medium
7898.1.1,gen_3102,gogossite,d_R198G233B16,2,e_sothoryos,history/titles/vassal_titles_e_sothoryos.txt,,tribal_government,empire,e_sothoryos,medium
7898.1.1,gen_3103,jhalai,c_R222G70B140,1,e_summer_isles,history/titles/vassal_titles_e_summer_isles.txt,,feudal_government,empire,e_summer_isles,medium
7898.1.1,gen_3104,jhalai,c_R148G36B219,1,e_summer_isles,history/titles/vassal_titles_e_summer_isles.txt,,feudal_government,empire,e_summer_isles,medium
7898.1.1,gen_3105,jhalai,d_R202G240B76,2,e_summer_isles,history/titles/vassal_titles_e_summer_isles.txt,,feudal_government,empire,e_summer_isles,medium
7898.1.1,gen_3106,jhalai,c_R199G85B101,1,e_summer_isles,history/titles/vassal_titles_e_summer_isles.txt,,feudal_government,empire,e_summer_isles,medium
7898.1.1,gen_3107,jhalai,c_R11G151B74,1,e_summer_isles,history/titles/vassal_titles_e_summer_isles.txt,,feudal_government,empire,e_summer_isles,medium
7898.1.1,gen_3108,jhalai,d_R218G131B54,2,e_summer_isles,history/titles/vassal_titles_e_summer_isles.txt,,feudal_government,empire,e_summer_isles,medium
7898.1.1,gen_3109,jhalai,d_R50G233B173,2,e_summer_isles,history/titles/vassal_titles_e_summer_isles.txt,,feudal_government,empire,e_summer_isles,medium
7898.1.1,gen_3110,jhalai,c_R45G29B128,1,e_summer_isles,history/titles/vassal_titles_e_summer_isles.txt,,feudal_government,empire,e_summer_isles,medium
7898.1.1,gen_3111,jhalai,c_R188G114B25,1,e_summer_isles,history/titles/vassal_titles_e_summer_isles.txt,,feudal_government,empire,e_summer_isles,medium
7898.1.1,gen_3112,jhalai,d_R103G163B139,2,e_summer_isles,history/titles/vassal_titles_e_summer_isles.txt,,feudal_government,empire,e_summer_isles,medium
7898.1.1,gen_3113,jhalai,c_R151G3B104,1,e_summer_isles,history/titles/vassal_titles_e_summer_isles.txt,,feudal_government,empire,e_summer_isles,medium
7898.1.1,gen_3114,jhalai,c_R254G197B65,1,e_summer_isles,history/titles/vassal_titles_e_summer_isles.txt,,feudal_government,empire,e_summer_isles,medium
7898.1.1,gen_3115,jhalai,d_R124G167B9,2,e_summer_isles,history/titles/vassal_titles_e_summer_isles.txt,,feudal_government,empire,e_summer_isles,medium
7898.1.1,gen_3116,jhalai,d_R31G5B22,2,e_summer_isles,history/titles/vassal_titles_e_summer_isles.txt,,feudal_government,empire,e_summer_isles,medium
7898.1.1,gen_3117,jhalai,d_R177G111B163,2,e_summer_isles,history/titles/vassal_titles_e_summer_isles.txt,,feudal_government,empire,e_summer_isles,medium
7898.1.1,gen_3118,jhalai,c_R23G253B84,1,e_summer_isles,history/titles/vassal_titles_e_summer_isles.txt,,feudal_government,empire,e_summer_isles,medium
7898.1.1,gen_3119,jhalai,c_R125G116B219,1,e_summer_isles,history/titles/vassal_titles_e_summer_isles.txt,,feudal_government,empire,e_summer_isles,medium
7898.1.1,gen_3120,jhalai,c_R132G78B11,1,e_summer_isles,history/titles/vassal_titles_e_summer_isles.txt,,feudal_government,empire,e_summer_isles,medium
7898.1.1,gen_3121,jhalai,c_R213G78B26,1,e_summer_isles,history/titles/vassal_titles_e_summer_isles.txt,,feudal_government,empire,e_summer_isles,medium
7898.1.1,gen_3122,jhalai,c_R195G95B228,1,e_summer_isles,history/titles/vassal_titles_e_summer_isles.txt,,feudal_government,empire,e_summer_isles,medium
7898.1.1,gen_3123,jhalai,c_R108G158B0,1,e_summer_isles,history/titles/vassal_titles_e_summer_isles.txt,,feudal_government,empire,e_summer_isles,medium
7898.1.1,gen_3124,jhalai,c_R19G114B199,1,e_summer_isles,history/titles/vassal_titles_e_summer_isles.txt,,feudal_government,empire,e_summer_isles,medium
7898.1.1,gen_3125,jhalai,d_R205G235B19,2,e_summer_isles,history/titles/vassal_titles_e_summer_isles.txt,,feudal_government,empire,e_summer_isles,medium
7898.1.1,gen_3126,jhalai,c_R233G53B119,1,e_summer_isles,history/titles/vassal_titles_e_summer_isles.txt,,feudal_government,empire,e_summer_isles,medium
7898.1.1,gen_3127,jhalai,c_R175G238B210,1,e_summer_isles,history/titles/vassal_titles_e_summer_isles.txt,,feudal_government,empire,e_summer_isles,medium
7898.1.1,gen_3128,jhalai,c_R187G82B250,1,e_summer_isles,history/titles/vassal_titles_e_summer_isles.txt,,feudal_government,empire,e_summer_isles,medium
7898.1.1,gen_3129,jhalai,c_R105G96B44,1,e_summer_isles,history/titles/vassal_titles_e_summer_isles.txt,,feudal_government,empire,e_summer_isles,medium
7898.1.1,gen_3130,jhalai,c_R148G131B84,1,e_summer_isles,history/titles/vassal_titles_e_summer_isles.txt,,feudal_government,empire,e_summer_isles,medium
7898.1.1,gen_3131,jhalai,c_R177G128B230,1,e_summer_isles,history/titles/vassal_titles_e_summer_isles.txt,,feudal_government,empire,e_summer_isles,medium
7898.1.1,gen_3132,jhalai,c_R0G136B49,1,e_summer_isles,history/titles/vassal_titles_e_summer_isles.txt,,feudal_government,empire,e_summer_isles,medium
7898.1.1,gen_3133,jhalai,c_R217G160B94,1,e_summer_isles,history/titles/vassal_titles_e_summer_isles.txt,,feudal_government,empire,e_summer_isles,medium
7898.1.1,gen_3134,jhalai,c_R229G163B183,1,e_summer_isles,history/titles/vassal_titles_e_summer_isles.txt,,feudal_government,empire,e_summer_isles,medium
7898.1.1,gen_3135,jhalai,c_R252G99B123,1,e_summer_isles,history/titles/vassal_titles_e_summer_isles.txt,,feudal_government,empire,e_summer_isles,medium
7898.1.1,gen_3136,jhalai,d_R152G30B153,2,e_summer_isles,history/titles/vassal_titles_e_summer_isles.txt,,feudal_government,empire,e_summer_isles,medium
7898.1.1,gen_3137,manticorian,c_R0G15B31,1,e_thousand_islands,history/titles/vassal_titles_e_thousand_islands.txt,,tribal_government,empire,e_thousand_islands,medium
7898.1.1,gen_3138,manticorian,d_R67G144B34,2,e_thousand_islands,history/titles/vassal_titles_e_thousand_islands.txt,,tribal_government,empire,e_thousand_islands,medium
7898.1.1,gen_3139,manticorian,c_R171G184B167,1,e_thousand_islands,history/titles/vassal_titles_e_thousand_islands.txt,,tribal_government,empire,e_thousand_islands,medium
7898.1.1,gen_3140,manticorian,c_R174G215B40,1,e_thousand_islands,history/titles/vassal_titles_e_thousand_islands.txt,,tribal_government,empire,e_thousand_islands,medium
7898.1.1,gen_3141,manticorian,d_R48G26B112,2,e_thousand_islands,history/titles/vassal_titles_e_thousand_islands.txt,,tribal_government,empire,e_thousand_islands,medium
7898.1.1,gen_3142,dothraki,c_R147G121B205,1,e_upper_sarne_dothraki,history/titles/vassal_titles_e_upper_sarne_dothraki.txt,,nomad_government,culture,dothraki,high
7898.1.1,gen_3143,dothraki,c_R101G238B18,1,e_upper_sarne_dothraki,history/titles/vassal_titles_e_upper_sarne_dothraki.txt,,nomad_government,culture,dothraki,high
7898.1.1,gen_3144,dothraki,d_R255G214B152,2,e_upper_sarne_dothraki,history/titles/vassal_titles_e_upper_sarne_dothraki.txt,,nomad_government,culture,dothraki,high
7898.1.1,gen_3145,dothraki,c_R156G91B219,1,e_upper_sarne_dothraki,history/titles/vassal_titles_e_upper_sarne_dothraki.txt,,nomad_government,culture,dothraki,high
7898.1.1,gen_3146,dothraki,c_R113G250B221,1,e_upper_sarne_dothraki,history/titles/vassal_titles_e_upper_sarne_dothraki.txt,,nomad_government,culture,dothraki,high
7898.1.1,gen_3147,dothraki,d_R134G247B36,2,e_upper_sarne_dothraki,history/titles/vassal_titles_e_upper_sarne_dothraki.txt,,nomad_government,culture,dothraki,high
7898.1.1,gen_3148,dothraki,c_R35G67B22,1,e_upper_sarne_dothraki,history/titles/vassal_titles_e_upper_sarne_dothraki.txt,,nomad_government,culture,dothraki,high
7898.1.1,gen_3149,dothraki,d_R204G244B176,2,e_upper_sarne_dothraki,history/titles/vassal_titles_e_upper_sarne_dothraki.txt,,nomad_government,culture,dothraki,high
7898.1.1,gen_3150,dothraki,c_R153G103B228,1,e_upper_sarne_dothraki,history/titles/vassal_titles_e_upper_sarne_dothraki.txt,,nomad_government,culture,dothraki,high
7898.1.1,gen_3151,dothraki,d_R99G238B110,2,e_upper_sarne_dothraki,history/titles/vassal_titles_e_upper_sarne_dothraki.txt,,nomad_government,culture,dothraki,high
7898.1.1,gen_3152,dothraki,d_R236G126B142,2,e_upper_sarne_dothraki,history/titles/vassal_titles_e_upper_sarne_dothraki.txt,,nomad_government,culture,dothraki,high
7898.1.1,gen_3153,dothraki,d_R238G80B145,2,e_upper_sarne_dothraki,history/titles/vassal_titles_e_upper_sarne_dothraki.txt,,nomad_government,culture,dothraki,high
7898.1.1,gen_3154,dothraki,d_R109G27B29,2,e_upper_sarne_dothraki,history/titles/vassal_titles_e_upper_sarne_dothraki.txt,,nomad_government,culture,dothraki,high
7898.1.1,gen_3155,dothraki,c_R253G46B57,1,e_upper_sarne_dothraki,history/titles/vassal_titles_e_upper_sarne_dothraki.txt,,nomad_government,culture,dothraki,high
7898.1.1,gen_3156,dothraki,c_R13G216B232,1,e_upper_sarne_dothraki,history/titles/vassal_titles_e_upper_sarne_dothraki.txt,,nomad_government,culture,dothraki,high
7898.1.1,gen_3157,dothraki,d_R95G232B154,2,e_upper_sarne_dothraki,history/titles/vassal_titles_e_upper_sarne_dothraki.txt,,nomad_government,culture,dothraki,high
7898.1.1,gen_3158,dothraki,d_R149G85B224,2,e_upper_sarne_dothraki,history/titles/vassal_titles_e_upper_sarne_dothraki.txt,,nomad_government,culture,dothraki,high
7898.1.1,gen_3159,dothraki,c_R243G41B157,1,e_upper_sarne_dothraki,history/titles/vassal_titles_e_upper_sarne_dothraki.txt,,nomad_government,culture,dothraki,high
7898.1.1,gen_3160,dothraki,k_R168G94B91,3,e_upper_sarne_dothraki,history/titles/vassal_titles_e_upper_sarne_dothraki.txt,,nomad_government,culture,dothraki,high
7898.1.1,gen_3161,dothraki,c_R107G227B222,1,e_upper_sarne_dothraki,history/titles/vassal_titles_e_upper_sarne_dothraki.txt,,nomad_government,culture,dothraki,high
7898.1.1,gen_3162,dothraki,d_R159G22B192,2,e_upper_sarne_dothraki,history/titles/vassal_titles_e_upper_sarne_dothraki.txt,,nomad_government,culture,dothraki,high
7898.1.1,gen_3163,dothraki,d_R58G212B41,2,e_upper_sarne_dothraki,history/titles/vassal_titles_e_upper_sarne_dothraki.txt,,nomad_government,culture,dothraki,high
7898.1.1,gen_3164,dothraki,c_R164G172B93,1,e_upper_sarne_dothraki,history/titles/vassal_titles_e_upper_sarne_dothraki.txt,,nomad_government,culture,dothraki,high
7898.1.1,gen_3165,dothraki,c_R227G226B150,1,e_upper_sarne_dothraki,history/titles/vassal_titles_e_upper_sarne_dothraki.txt,,nomad_government,culture,dothraki,high
7898.1.1,gen_3166,dothraki,d_R72G135B97,2,e_upper_sarne_dothraki,history/titles/vassal_titles_e_upper_sarne_dothraki.txt,,nomad_government,culture,dothraki,high
7898.1.1,gen_3167,dothraki,d_R201G51B50,2,e_upper_sarne_dothraki,history/titles/vassal_titles_e_upper_sarne_dothraki.txt,,nomad_government,culture,dothraki,high
7898.1.1,gen_3168,dothraki,c_R83G234B109,1,e_upper_sarne_dothraki,history/titles/vassal_titles_e_upper_sarne_dothraki.txt,,nomad_government,culture,dothraki,high
7898.1.1,gen_3169,dothraki,d_R56G19B157,2,e_upper_sarne_dothraki,history/titles/vassal_titles_e_upper_sarne_dothraki.txt,,nomad_government,culture,dothraki,high
7898.1.1,gen_3170,dothraki,c_R63G161B163,1,e_upper_sarne_dothraki,history/titles/vassal_titles_e_upper_sarne_dothraki.txt,,nomad_government,culture,dothraki,high
7898.1.1,gen_3171,dothraki,d_R198G143B52,2,e_upper_sarne_dothraki,history/titles/vassal_titles_e_upper_sarne_dothraki.txt,,nomad_government,culture,dothraki,high
7898.1.1,gen_3172,dothraki,c_R142G97B115,1,e_upper_sarne_dothraki,history/titles/vassal_titles_e_upper_sarne_dothraki.txt,,nomad_government,culture,dothraki,high
7898.1.1,gen_3173,dothraki,c_R17G183B140,1,e_upper_sarne_dothraki,history/titles/vassal_titles_e_upper_sarne_dothraki.txt,,nomad_government,culture,dothraki,high
7898.1.1,gen_3174,dothraki,d_R64G185B227,2,e_upper_sarne_dothraki,history/titles/vassal_titles_e_upper_sarne_dothraki.txt,,nomad_government,culture,dothraki,high
7898.1.1,gen_3175,dothraki,d_R74G38B220,2,e_upper_sarne_dothraki,history/titles/vassal_titles_e_upper_sarne_dothraki.txt,,nomad_government,culture,dothraki,high
7898.1.1,gen_3176,dothraki,k_R93G216B215,3,e_upper_sarne_dothraki,history/titles/vassal_titles_e_upper_sarne_dothraki.txt,,nomad_government,culture,dothraki,high
7898.1.1,gen_3177,dothraki,c_R189G121B120,1,e_upper_sarne_dothraki,history/titles/vassal_titles_e_upper_sarne_dothraki.txt,,nomad_government,culture,dothraki,high
7898.1.1,gen_3178,dothraki,d_R167G120B47,2,e_upper_sarne_dothraki,history/titles/vassal_titles_e_upper_sarne_dothraki.txt,,nomad_government,culture,dothraki,high
7898.1.1,gen_3179,dothraki,d_R192G170B92,2,e_upper_sarne_dothraki,history/titles/vassal_titles_e_upper_sarne_dothraki.txt,,nomad_government,culture,dothraki,high
7898.1.1,gen_3180,dothraki,d_R211G247B172,2,e_upper_sarne_dothraki,history/titles/vassal_titles_e_upper_sarne_dothraki.txt,,nomad_government,culture,dothraki,high
7898.1.1,gen_3181,dothraki,d_R222G127B153,2,e_upper_sarne_dothraki,history/titles/vassal_titles_e_upper_sarne_dothraki.txt,,nomad_government,culture,dothraki,high
7898.1.1,gen_3182,dothraki,d_R222G102B11,2,e_upper_sarne_dothraki,history/titles/vassal_titles_e_upper_sarne_dothraki.txt,,nomad_government,culture,dothraki,high
7898.1.1,gen_3183,dothraki,d_R166G108B140,2,e_upper_sarne_dothraki,history/titles/vassal_titles_e_upper_sarne_dothraki.txt,,nomad_government,culture,dothraki,high
7898.1.1,gen_3184,dothraki,c_R129G88B92,1,e_upper_sarne_dothraki,history/titles/vassal_titles_e_upper_sarne_dothraki.txt,,nomad_government,culture,dothraki,high
7898.1.1,gen_3185,dothraki,k_R58G101B215,3,e_upper_sarne_dothraki,history/titles/vassal_titles_e_upper_sarne_dothraki.txt,,nomad_government,culture,dothraki,high
7898.1.1,gen_3186,dothraki,d_R134G104B125,2,e_upper_sarne_dothraki,history/titles/vassal_titles_e_upper_sarne_dothraki.txt,,nomad_government,culture,dothraki,high
7898.1.1,gen_3187,dothraki,d_R87G41B72,2,e_upper_sarne_dothraki,history/titles/vassal_titles_e_upper_sarne_dothraki.txt,,nomad_government,culture,dothraki,high
7898.1.1,gen_3188,dothraki,d_R195G91B12,2,e_upper_sarne_dothraki,history/titles/vassal_titles_e_upper_sarne_dothraki.txt,,nomad_government,culture,dothraki,high
7898.1.1,gen_3189,dothraki,d_R238G200B119,2,e_upper_sarne_dothraki,history/titles/vassal_titles_e_upper_sarne_dothraki.txt,,nomad_government,culture,dothraki,high
7898.1.1,gen_3190,dothraki,d_R61G25B203,2,e_upper_sarne_dothraki,history/titles/vassal_titles_e_upper_sarne_dothraki.txt,,nomad_government,culture,dothraki,high
7898.1.1,gen_3191,dothraki,d_R170G180B109,2,e_upper_sarne_dothraki,history/titles/vassal_titles_e_upper_sarne_dothraki.txt,,nomad_government,culture,dothraki,high
7899.1.1,Benaris_lv_1,gogossite,c_death_isle,1,,history/titles/lv_k_the_basilisk_isles.txt,administrative_government,oligarchic_government,history_file,lv_k_the_basilisk_isles.txt,medium
7899.1.1,Benaris_lv_2,gogossite,c_death_isle,1,,history/titles/lv_k_the_basilisk_isles.txt,,oligarchic_government,history_file,lv_k_the_basilisk_isles.txt,medium
7899.1.1,Bone_lv_0,jhalai,c_coast_of_sorrows,1,,history/titles/lv_k_the_basilisk_isles.txt,administrative_government,oligarchic_government,history_file,lv_k_the_basilisk_isles.txt,medium
7899.1.1,Ennyrion_lv_1,gogossite,d_the_western_isles,2,,history/titles/lv_k_the_basilisk_isles.txt,administrative_government,oligarchic_government,history_file,lv_k_the_basilisk_isles.txt,medium
7899.1.1,Enreos_lv_1,gogossite,c_scoundrels_point,1,,history/titles/lv_k_the_basilisk_isles.txt,administrative_government,oligarchic_government,history_file,lv_k_the_basilisk_isles.txt,medium
7899.1.1,Enreos_lv_2,gogossite,c_scoundrels_point,1,,history/titles/lv_k_the_basilisk_isles.txt,,oligarchic_government,history_file,lv_k_the_basilisk_isles.txt,medium
7899.1.1,Hendry_lv_1,valyrian_original,c_wraiths_rest,1,,history/titles/lv_k_the_basilisk_isles.txt,administrative_government,oligarchic_government,history_file,lv_k_the_basilisk_isles.txt,medium
7899.1.1,Hendry_lv_2,valyrian_original,c_wraiths_rest,1,,history/titles/lv_k_the_basilisk_isles.txt,,oligarchic_government,history_file,lv_k_the_basilisk_isles.txt,medium
7899.1.1,Kirines_3,volantene,d_volon_therys,2,,history/titles/lv_k_volantis.txt,,administrative_government,history_file,lv_k_volantis.txt,high
7899.1.1,Kizwe_lv_0,naathi,c_isle_of_lice,1,,history/titles/lv_k_the_basilisk_isles.txt,administrative_government,oligarchic_government,history_file,lv_k_the_basilisk_isles.txt,medium
7899.1.1,LV_Votar_3,essosi_valyrian,d_nf_votar,2,,history/titles/lv_nf_titles.txt,,administrative_government,history_file,lv_k_volantis.txt,high
7899.1.1,Marsiglio_3,volantene,c_anyria,1,,history/titles/lv_k_volantis.txt,,administrative_government,history_file,lv_k_volantis.txt,high
7899.1.1,Mazemagyr_3,tolosi,c_black_cliffs,1,,history/titles/lv_k_north_valyria.txt,,oligarchic_government,history_file,lv_k_north_valyria.txt,medium
7899.1.1,Nahion_lv_1,gogossite,c_isle_of_vines,1,,history/titles/lv_k_the_basilisk_isles.txt,administrative_government,oligarchic_government,history_file,lv_k_the_basilisk_isles.txt,medium
7899.1.1,Nahion_lv_2,gogossite,c_isle_of_vines,1,,history/titles/lv_k_the_basilisk_isles.txt,,oligarchic_government,history_file,lv_k_the_basilisk_isles.txt,medium
7899.1.1,Paenohrin_lv_1,gogossite,d_eastern_isles,2,,history/titles/lv_k_the_basilisk_isles.txt,administrative_government,oligarchic_government,history_file,lv_k_the_basilisk_isles.txt,medium
7899.1.1,Paenohrin_lv_2,gogossite,d_eastern_isles,2,,history/titles/lv_k_the_basilisk_isles.txt,,oligarchic_government,history_file,lv_k_the_basilisk_isles.txt,medium
7899.1.1,Qhoqua_lv_0,jhalai,c_isle_of_toads,1,,history/titles/lv_k_the_basilisk_isles.txt,administrative_government,oligarchic_government,history_file,lv_k_the_basilisk_isles.txt,medium
7899.1.1,Rebagyr_3,mantaryan,c_demon_pass,1,,history/titles/lv_k_north_valyria.txt,,oligarchic_government,history_file,lv_k_north_valyria.txt,medium
7899.1.1,Rhazdar_3,meereenese,c_nf_rhazdar,1,,history/titles/lv_nf_titles.txt,,oligarchic_government,history_file,lv_k_meereen.txt,high
7899.1.1,Salukho_lv_0,jhalai,c_isle_of_flies,1,,history/titles/lv_k_the_basilisk_isles.txt,administrative_government,oligarchic_government,history_file,lv_k_the_basilisk_isles.txt,medium
7899.1.1,Stogarys_3,volantene,c_mavlys,1,,history/titles/lv_k_volantis.txt,,administrative_government,history_file,lv_k_volantis.txt,high
7899.1.1,Tagaros_3,essosi_valyrian,d_volaena,2,,history/titles/lv_k_volantis.txt,,administrative_government,history_file,lv_k_volantis.txt,high
7899.1.1,Uruzarys_1,high_valyrian,k_gogossos,3,,history/titles/lv_k_the_basilisk_isles.txt,administrative_government,oligarchic_government,history_file,lv_k_the_basilisk_isles.txt,medium
7899.1.1,Vhassar_3,essosi_valyrian,c_arlior_geron,1,,history/titles/lv_k_volantis.txt,,administrative_government,history_file,lv_k_volantis.txt,high
7899.1.1,Vhassorlan_lv_1,gogossite,d_the_three_snakes,2,,history/titles/lv_k_the_basilisk_isles.txt,administrative_government,oligarchic_government,history_file,lv_k_the_basilisk_isles.txt,medium
7899.1.1,Vhassorlan_lv_2,gogossite,d_the_three_snakes,2,,history/titles/lv_k_the_basilisk_isles.txt,,oligarchic_government,history_file,lv_k_the_basilisk_isles.txt,medium
7899.1.1,Xho_lv_0,jhalai,c_pirates_haven,1,,history/titles/lv_k_the_basilisk_isles.txt,administrative_government,oligarchic_government,history_file,lv_k_the_basilisk_isles.txt,medium
7899.1.1,Xhore_lv_0,qartheen,c_the_blade,1,,history/titles/lv_k_the_basilisk_isles.txt,administrative_government,oligarchic_government,history_file,lv_k_the_basilisk_isles.txt,medium
7899.1.1,Zagazn_lv_0,zamettari,c_skull_island,1,,history/titles/lv_k_the_basilisk_isles.txt,administrative_government,oligarchic_government,history_file,lv_k_the_basilisk_isles.txt,medium
7899.1.1,Zaldrizyen_lv_1,gogossite,c_strait_of_skulls,1,,history/titles/lv_k_the_basilisk_isles.txt,administrative_government,oligarchic_government,history_file,lv_k_the_basilisk_isles.txt,medium
7899.1.1,Zaldrizyen_lv_2,gogossite,c_strait_of_skulls,1,,history/titles/lv_k_the_basilisk_isles.txt,,oligarchic_government,history_file,lv_k_the_basilisk_isles.txt,medium
7899.8.14,Benaris_lv_1,gogossite,c_death_isle,1,,history/titles/lv_k_the_basilisk_isles.txt,oligarchic_government,pirate_no_dlc_government,history_file,lv_k_the_basilisk_isles.txt,high
7899.8.14,Bone_lv_0,jhalai,c_coast_of_sorrows,1,,history/titles/lv_k_the_basilisk_isles.txt,oligarchic_government,pirate_no_dlc_government,history_file,lv_k_the_basilisk_isles.txt,high
7899.8.14,Ennyrion_lv_1,gogossite,d_the_western_isles,2,,history/titles/lv_k_the_basilisk_isles.txt,oligarchic_government,pirate_no_dlc_government,history_file,lv_k_the_basilisk_isles.txt,high
7899.8.14,Enreos_lv_1,gogossite,c_scoundrels_point,1,,history/titles/lv_k_the_basilisk_isles.txt,oligarchic_government,pirate_no_dlc_government,history_file,lv_k_the_basilisk_isles.txt,high
7899.8.14,Hendry_lv_1,valyrian_original,c_wraiths_rest,1,,history/titles/lv_k_the_basilisk_isles.txt,oligarchic_government,pirate_no_dlc_government,history_file,lv_k_the_basilisk_isles.txt,high
7899.8.14,Kizwe_lv_0,naathi,c_isle_of_lice,1,,history/titles/lv_k_the_basilisk_isles.txt,oligarchic_government,pirate_no_dlc_government,history_file,lv_k_the_basilisk_isles.txt,high
7899.8.14,Nahion_lv_1,gogossite,c_isle_of_vines,1,,history/titles/lv_k_the_basilisk_isles.txt,oligarchic_government,pirate_no_dlc_government,history_file,lv_k_the_basilisk_isles.txt,high
7899.8.14,Paenohrin_lv_1,gogossite,d_eastern_isles,2,,history/titles/lv_k_the_basilisk_isles.txt,oligarchic_government,pirate_no_dlc_government,history_file,lv_k_the_basilisk_isles.txt,high
7899.8.14,Qhoqua_lv_0,jhalai,c_isle_of_toads,1,,history/titles/lv_k_the_basilisk_isles.txt,oligarchic_government,pirate_no_dlc_government,history_file,lv_k_the_basilisk_isles.txt,high
7899.8.14,Salukho_lv_0,jhalai,c_isle_of_flies,1,,history/titles/lv_k_the_basilisk_isles.txt,oligarchic_government,pirate_no_dlc_government,history_file,lv_k_the_basilisk_isles.txt,high
7899.8.14,Uruzarys_1,high_valyrian,k_gogossos,3,,history/titles/lv_k_the_basilisk_isles.txt,oligarchic_government,pirate_no_dlc_government,history_file,lv_k_the_basilisk_isles.txt,high
7899.8.14,Vhassorlan_lv_1,gogossite,d_the_three_snakes,2,,history/titles/lv_k_the_basilisk_isles.txt,oligarchic_government,pirate_no_dlc_government,history_file,lv_k_the_basilisk_isles.txt,high
7899.8.14,Xho_lv_0,jhalai,c_pirates_haven,1,,history/titles/lv_k_the_basilisk_isles.txt,oligarchic_government,pirate_no_dlc_government,history_file,lv_k_the_basilisk_isles.txt,high
7899.8.14,Xhore_lv_0,qartheen,c_the_blade,1,,history/titles/lv_k_the_basilisk_isles.txt,oligarchic_government,pirate_no_dlc_government,history_file,lv_k_the_basilisk_isles.txt,high
7899.8.14,Zagazn_lv_0,zamettari,c_skull_island,1,,history/titles/lv_k_the_basilisk_isles.txt,oligarchic_government,pirate_no_dlc_government,history_file,lv_k_the_basilisk_isles.txt,high
7899.8.14,Zaldrizyen_lv_1,gogossite,c_strait_of_skulls,1,,history/titles/lv_k_the_basilisk_isles.txt,oligarchic_government,pirate_no_dlc_government,history_file,lv_k_the_basilisk_isles.txt,high
7899.8.14,gen_2358,ibbatese,e_ibben,4,e_ibben,history/titles/hist_titles.txt,feudal_government,oligarchic_government,empire,e_ibben,high
7899.8.14,gen_2762,ibbatese,c_R131G152B208,1,e_ibben,history/titles/vassal_titles_e_ibben.txt,feudal_government,oligarchic_government,empire,e_ibben,high
7899.8.14,gen_2763,ibbatese,d_R22G10B16,2,e_ibben,history/titles/vassal_titles_e_ibben.txt,feudal_government,oligarchic_government,empire,e_ibben,high
7899.8.14,gen_2764,ibbatese,c_R19G125B165,1,e_ibben,history/titles/vassal_titles_e_ibben.txt,feudal_government,oligarchic_government,empire,e_ibben,high
7899.8.14,gen_2765,ibbatese,d_R77G191B116,2,e_ibben,history/titles/vassal_titles_e_ibben.txt,feudal_government,oligarchic_government,empire,e_ibben,high
7899.8.14,gen_2766,ibbatese,c_R13G209B148,1,e_ibben,history/titles/vassal_titles_e_ibben.txt,feudal_government,oligarchic_government,empire,e_ibben,high
7899.8.14,gen_2767,ibbatese,c_R191G243B88,1,e_ibben,history/titles/vassal_titles_e_ibben.txt,feudal_government,oligarchic_government,empire,e_ibben,high
7899.8.14,gen_2768,ibbatese,d_R237G246B209,2,e_ibben,history/titles/vassal_titles_e_ibben.txt,feudal_government,oligarchic_government,empire,e_ibben,high
7899.8.14,gen_2769,ibbatese,d_R10G161B255,2,e_ibben,history/titles/vassal_titles_e_ibben.txt,feudal_government,oligarchic_government,empire,e_ibben,high
7899.8.14,gen_2770,ibbatese,c_R104G18B91,1,e_ibben,history/titles/vassal_titles_e_ibben.txt,feudal_government,oligarchic_government,empire,e_ibben,high
7899.8.14,gen_2771,ibbatese,d_R167G91B49,2,e_ibben,history/titles/vassal_titles_e_ibben.txt,feudal_government,oligarchic_government,empire,e_ibben,high
7899.8.14,gen_2772,ibbatese,c_R107G7B115,1,e_ibben,history/titles/vassal_titles_e_ibben.txt,feudal_government,oligarchic_government,empire,e_ibben,high
7899.8.14,gen_2773,ibbatese,c_R2G40B188,1,e_ibben,history/titles/vassal_titles_e_ibben.txt,feudal_government,oligarchic_government,empire,e_ibben,high
7899.8.14,gen_2774,ibbatese,d_R108G223B204,2,e_ibben,history/titles/vassal_titles_e_ibben.txt,feudal_government,oligarchic_government,empire,e_ibben,high
7899.8.14,gen_2775,ibbatese,d_R80G23B0,2,e_ibben,history/titles/vassal_titles_e_ibben.txt,feudal_government,oligarchic_government,empire,e_ibben,high
7899.8.14,gen_2776,ibbatese,d_R99G34B68,2,e_ibben,history/titles/vassal_titles_e_ibben.txt,feudal_government,oligarchic_government,empire,e_ibben,high
7899.8.14,gen_2777,ibbatese,d_R25G74B145,2,e_ibben,history/titles/vassal_titles_e_ibben.txt,feudal_government,oligarchic_government,empire,e_ibben,high
7899.8.14,gen_2778,ibbatese,c_R181G3B65,1,e_ibben,history/titles/vassal_titles_e_ibben.txt,feudal_government,oligarchic_government,empire,e_ibben,high
7899.8.14,gen_2779,ibbatese,c_R244G157B183,1,e_ibben,history/titles/vassal_titles_e_ibben.txt,feudal_government,oligarchic_government,empire,e_ibben,high
7899.8.14,gen_2780,ibbatese,d_R1G118B42,2,e_ibben,history/titles/vassal_titles_e_ibben.txt,feudal_government,oligarchic_government,empire,e_ibben,high
7899.8.14,gen_2781,ibbatese,c_R240G81B212,1,e_ibben,history/titles/vassal_titles_e_ibben.txt,feudal_government,oligarchic_government,empire,e_ibben,high
7900.1.1,Barlaeris_2,mantaryan,c_elarion,1,,history/titles/lv_k_north_valyria.txt,,oligarchic_government,history_file,lv_k_north_valyria.txt,medium
7900.1.1,Qaggaz_3,yunkaii,c_kaldeen,1,,history/titles/lv_k_yunkai.txt,,oligarchic_government,history_file,lv_k_yunkai.txt,high
7900.1.1,Yherizan_3,meereenese,c_green_gate,1,,history/titles/lv_k_meereen.txt,,oligarchic_government,history_file,lv_k_meereen.txt,high
7900.1.1,Yunzak_2,yunkaii,k_yunkai,3,,history/titles/lv_k_yunkai.txt,,oligarchic_government,history_file,lv_k_yunkai.txt,high
7900.1.1,Zobridar_3,mantaryan,d_mantarys,2,,history/titles/lv_k_north_valyria.txt,,oligarchic_government,history_file,lv_k_north_valyria.txt,medium
7901.1.1,Dhogarys_3,volantene,c_honors_port,1,,history/titles/lv_k_volantis.txt,,administrative_government,history_file,lv_k_volantis.txt,high
7901.1.1,Ghazeen_5,meereenese,c_ghazeen_pyramid,1,,history/titles/lv_k_meereen.txt,,oligarchic_government,history_file,lv_k_meereen.txt,high
7901.1.1,Hazkar_4,meereenese,c_hazkar_pyramid,1,,history/titles/lv_k_meereen.txt,,oligarchic_government,history_file,lv_k_meereen.txt,high
7901.1.1,Quazzar_4,meereenese,c_nf_quazzar,1,,history/titles/lv_nf_titles.txt,,oligarchic_government,history_file,lv_k_meereen.txt,high
7901.1.1,Volnyros_3,volantene,c_selhorys,1,,history/titles/lv_k_volantis.txt,,administrative_government,history_file,lv_k_volantis.txt,high
7902.1.1,Grazlar_3,astapori,c_horns_of_hazzat,1,,history/titles/lv_k_astapor.txt,,oligarchic_government,history_file,lv_k_astapor.txt,high
7902.1.1,Naqqan_3,meereenese,c_naqqan_pyramid,1,,history/titles/lv_k_meereen.txt,,oligarchic_government,history_file,lv_k_meereen.txt,high
7903.1.1,34333911,asshaii,d_the_saffron_lands,2,,history/titles/lv_k_asshai.txt,,oligarchic_government,history_file,lv_k_asshai.txt,low
7903.1.1,Ninmarki_3,shadowman,d_hattar,2,,history/titles/lv_k_asshai.txt,,tribal_government,culture,shadowman,low
7903.1.1,Oliviriana_3,volantene,c_laboros,1,,history/titles/lv_k_volantis.txt,,administrative_government,history_file,lv_k_volantis.txt,high
7903.1.1,Qheadar_3,essosi_valyrian,k_volantis,3,,history/titles/lv_k_volantis.txt,,administrative_government,history_file,lv_k_volantis.txt,high
7903.1.1,Rulloros_3,volantene,d_valysar,2,,history/titles/lv_k_volantis.txt,,administrative_government,history_file,lv_k_volantis.txt,high
7904.1.1,Adiur_2,asshaii,k_asshai,3,,history/titles/lv_k_asshai.txt,,oligarchic_government,history_file,lv_k_asshai.txt,low
7905.1.1,34269152,ghaeni,c_atruskai,1,,history/titles/lv_k_ghiscar.txt,,oligarchic_government,history_file,lv_k_ghiscar.txt,medium
7905.1.1,Loraq_3,meereenese,c_loraq_pyramid,1,,history/titles/lv_k_meereen.txt,,oligarchic_government,history_file,lv_k_meereen.txt,high
7905.1.1,Mazlaq_3,astapori,c_ghiscar_point,1,,history/titles/lv_k_astapor.txt,,oligarchic_government,history_file,lv_k_astapor.txt,high
7905.1.1,Pahl_2,meereenese,k_meereen,3,,history/titles/lv_k_meereen.txt,,oligarchic_government,history_file,lv_k_meereen.txt,high
7905.1.1,Pendaeron_2,mantaryan,c_treylys,1,,history/titles/lv_k_north_valyria.txt,,oligarchic_government,history_file,lv_k_north_valyria.txt,medium
7906.1.1,Maegyr_2,essosi_valyrian,k_volantis,3,,history/titles/lv_k_volantis.txt,,administrative_government,history_file,lv_k_volantis.txt,high
7907.1.1,34269148,ghaeni,c_baked_shore,1,,history/titles/lv_k_ghiscar.txt,,oligarchic_government,history_file,lv_k_ghiscar.txt,medium
7907.1.1,Myraq_3,yunkaii,k_yunkai,3,,history/titles/lv_k_yunkai.txt,,oligarchic_government,history_file,lv_k_yunkai.txt,high
7907.1.1,Yunzak_3,yunkaii,c_nf_yunzak,1,,history/titles/lv_nf_titles.txt,,oligarchic_government,history_file,lv_k_yunkai.txt,high
7908.1.1,Nakloz_4,astapori,c_nf_nakloz,1,,history/titles/lv_nf_titles.txt,,oligarchic_government,history_file,lv_k_astapor.txt,high
7908.1.1,Pahl_3,meereenese,k_meereen,3,,history/titles/lv_k_meereen.txt,,oligarchic_government,history_file,lv_k_meereen.txt,high
7909.1.1,Azantone_3,tolosi,d_tolos,2,,history/titles/lv_k_north_valyria.txt,,oligarchic_government,history_file,lv_k_north_valyria.txt,medium
7909.1.1,Grazdhan_4,astapori,c_gadhis,1,,history/titles/lv_k_astapor.txt,,oligarchic_government,history_file,lv_k_astapor.txt,high
7909.1.1,Zherzyn_3,yunkaii,c_nf_zherzyn,1,,history/titles/lv_nf_titles.txt,,oligarchic_government,history_file,lv_k_yunkai.txt,high
7910.1.1,Eraz_3,yunkaii,c_maelk,1,,history/titles/lv_k_yunkai.txt,,oligarchic_government,history_file,lv_k_yunkai.txt,high
7910.1.1,Grazlar_3,astapori,k_astapor,3,,history/titles/lv_k_astapor.txt,,oligarchic_government,history_file,lv_k_astapor.txt,high
7910.1.1,Kandaq_3,meereenese,c_kandaq_pyramid,1,,history/titles/lv_k_meereen.txt,,oligarchic_government,history_file,lv_k_meereen.txt,high
7910.1.1,LV_Merreq_4,meereenese,c_merreq_pyramid,1,,history/titles/lv_k_meereen.txt,,oligarchic_government,history_file,lv_k_meereen.txt,high
7910.1.1,Maegyr_3,essosi_valyrian,d_little_valyria,2,,history/titles/lv_k_volantis.txt,,administrative_government,history_file,lv_k_volantis.txt,high
7910.1.1,Rannovar_3,volantene,d_dreos,2,,history/titles/lv_k_volantis.txt,,administrative_government,history_file,lv_k_volantis.txt,high
7910.1.1,Szarr_2,mantaryan,c_elyndor,1,,history/titles/lv_k_north_valyria.txt,,oligarchic_government,history_file,lv_k_north_valyria.txt,medium
7910.1.1,Tagaros_3,essosi_valyrian,k_volantis,3,,history/titles/lv_k_volantis.txt,,administrative_government,history_file,lv_k_volantis.txt,high
7910.1.1,Ullhor_3,astapori,c_dhozai,1,,history/titles/lv_k_astapor.txt,,oligarchic_government,history_file,lv_k_astapor.txt,high
7911.1.1,Dosh_Khaleen_1,dothraki,d_dosh_khaleen,2,,history/titles/lv_dothraki.txt,,theocracy_government,title,d_dosh_khaleen,high
7911.1.1,Loraq_3,meereenese,k_meereen,3,,history/titles/lv_k_meereen.txt,,oligarchic_government,history_file,lv_k_meereen.txt,high
7911.1.1,Pahl_4,meereenese,c_demon_road,1,,history/titles/lv_k_meereen.txt,,oligarchic_government,history_file,lv_k_meereen.txt,high
7911.1.1,Rebagyr_4,mantaryan,c_demon_pass,1,,history/titles/lv_k_north_valyria.txt,,oligarchic_government,history_file,lv_k_north_valyria.txt,medium
7911.1.1,Staegone_3,essosi_valyrian,d_nf_staegone,2,,history/titles/lv_nf_titles.txt,,administrative_government,history_file,lv_k_volantis.txt,high
7912.1.1,Qheadar_3,essosi_valyrian,k_volantis,3,,history/titles/lv_k_volantis.txt,,administrative_government,history_file,lv_k_volantis.txt,high
7912.1.1,Yherizan_4,meereenese,c_green_gate,1,,history/titles/lv_k_meereen.txt,,oligarchic_government,history_file,lv_k_meereen.txt,high
7914.1.1,Galare_3,meereenese,k_meereen,3,,history/titles/lv_k_meereen.txt,,oligarchic_government,history_file,lv_k_meereen.txt,high
7914.1.1,Loraq_4,meereenese,c_loraq_pyramid,1,,history/titles/lv_k_meereen.txt,,oligarchic_government,history_file,lv_k_meereen.txt,high
7915.1.1,342360025,ghaeni,k_new_ghis,3,,history/titles/lv_k_ghiscar.txt,,oligarchic_government,history_file,lv_k_ghiscar.txt,medium
7915.1.1,Grazdhan_4,astapori,k_astapor,3,,history/titles/lv_k_astapor.txt,,oligarchic_government,history_file,lv_k_astapor.txt,high
7915.1.1,Grazlar_4,astapori,c_horns_of_hazzat,1,,history/titles/lv_k_astapor.txt,,oligarchic_government,history_file,lv_k_astapor.txt,high
7915.1.1,Paenymion_3,essosi_valyrian,d_nf_paenymion,2,,history/titles/lv_nf_titles.txt,,administrative_government,history_file,lv_k_volantis.txt,high
7915.1.1,Qheadar_4,essosi_valyrian,d_nf_qhaedar,2,,history/titles/lv_nf_titles.txt,,administrative_government,history_file,lv_k_volantis.txt,high
7915.1.1,Stogarys_4,volantene,c_mavlys,1,,history/titles/lv_k_volantis.txt,,administrative_government,history_file,lv_k_volantis.txt,high
7915.1.1,Tagaros_3,essosi_valyrian,k_volantis,3,,history/titles/lv_k_volantis.txt,,administrative_government,history_file,lv_k_volantis.txt,high
7915.7.22,Ennyrion_lv_2,gogossite,d_the_western_isles,2,,history/titles/lv_k_the_basilisk_isles.txt,,pirate_no_dlc_government,history_file,lv_k_the_basilisk_isles.txt,high
7916.1.1,34269149,ghaeni,c_ghaen,1,,history/titles/lv_k_ghiscar.txt,,oligarchic_government,history_file,lv_k_ghiscar.txt,medium
7917.1.1,Ahlaq_4,yunkaii,c_nf_ahlaq,1,,history/titles/lv_nf_titles.txt,,oligarchic_government,history_file,lv_k_yunkai.txt,high
7918.1.1,Lodaorys_3,mantaryan,c_painted_valleys,1,,history/titles/lv_k_north_valyria.txt,,oligarchic_government,history_file,lv_k_north_valyria.txt,medium
7918.1.1,Rhazdar_4,meereenese,c_nf_rhazdar,1,,history/titles/lv_nf_titles.txt,,oligarchic_government,history_file,lv_k_meereen.txt,high
7919.1.1,34133914,asshaii,d_chalysa,2,,history/titles/lv_k_asshai.txt,,oligarchic_government,history_file,lv_k_asshai.txt,low
7919.1.1,Isnardo_3,volantene,c_ar_mynar,1,,history/titles/lv_k_volantis.txt,,administrative_government,history_file,lv_k_volantis.txt,high
7919.1.1,Kirines_4,volantene,d_volon_therys,2,,history/titles/lv_k_volantis.txt,,administrative_government,history_file,lv_k_volantis.txt,high
7919.1.1,Reznak_4,meereenese,c_khyzai_pass,1,,history/titles/lv_k_meereen.txt,,oligarchic_government,history_file,lv_k_meereen.txt,high
7919.1.1,Zobridar_4,mantaryan,d_mantarys,2,,history/titles/lv_k_north_valyria.txt,,oligarchic_government,history_file,lv_k_north_valyria.txt,medium
7920.1.1,Mazemagyr_4,tolosi,c_black_cliffs,1,,history/titles/lv_k_north_valyria.txt,,oligarchic_government,history_file,lv_k_north_valyria.txt,medium
7920.1.1,Qaggaz_3,yunkaii,k_yunkai,3,,history/titles/lv_k_yunkai.txt,,oligarchic_government,history_file,lv_k_yunkai.txt,high
7920.1.1,RHLLOR_2,volantene,d_the_red_priesthood,2,,history/titles/lv_k_the_red_priesthood.txt,,theocracy_government,history_file,lv_k_the_red_priesthood.txt,high
7920.1.1,Szarr_3,mantaryan,c_elyndor,1,,history/titles/lv_k_north_valyria.txt,,oligarchic_government,history_file,lv_k_north_valyria.txt,medium
7920.1.1,Zherzyn_4,yunkaii,c_nf_zherzyn,1,,history/titles/lv_nf_titles.txt,,oligarchic_government,history_file,lv_k_yunkai.txt,high
7921.1.1,Lomberys_3,volantene,c_plains_of_maegys,1,,history/titles/lv_k_volantis.txt,,administrative_government,history_file,lv_k_volantis.txt,high
7921.1.1,Nogarys_3,essosi_valyrian,d_death_swamps,2,,history/titles/lv_k_volantis.txt,,administrative_government,history_file,lv_k_volantis.txt,high
7921.1.1,Qheadar_4,essosi_valyrian,k_volantis,3,,history/titles/lv_k_volantis.txt,,administrative_government,history_file,lv_k_volantis.txt,high
7921.1.1,Tagaros_4,essosi_valyrian,d_nf_tagaros,2,,history/titles/lv_nf_titles.txt,,administrative_government,history_file,lv_k_volantis.txt,high
7921.1.1,Volnyros_4,volantene,c_selhorys,1,,history/titles/lv_k_volantis.txt,,administrative_government,history_file,lv_k_volantis.txt,high
7922.1.1,Ilvar_4,elyrian,c_elyria,1,,history/titles/lv_k_north_valyria.txt,,oligarchic_government,history_file,lv_k_north_valyria.txt,medium
7922.1.1,Nefatis_3,volantene,d_valon_sar,2,,history/titles/lv_k_volantis.txt,,administrative_government,history_file,lv_k_volantis.txt,high
7922.1.1,Quazzar_5,meereenese,c_nf_quazzar,1,,history/titles/lv_nf_titles.txt,,oligarchic_government,history_file,lv_k_meereen.txt,high
7922.1.1,Vhassar_4,essosi_valyrian,d_nf_vhassar,2,,history/titles/lv_nf_titles.txt,,administrative_government,history_file,lv_k_volantis.txt,high
7922.1.1,Yunzak_4,yunkaii,c_nf_yunzak,1,,history/titles/lv_nf_titles.txt,,oligarchic_government,history_file,lv_k_yunkai.txt,high
7922.12.1,Benaris_lv_3,gogossite,c_death_isle,1,,history/titles/lv_k_the_basilisk_isles.txt,,pirate_no_dlc_government,history_file,lv_k_the_basilisk_isles.txt,high
7922.12.1,Enreos_lv_3,gogossite,c_scoundrels_point,1,,history/titles/lv_k_the_basilisk_isles.txt,,pirate_no_dlc_government,history_file,lv_k_the_basilisk_isles.txt,high
7922.12.1,Hendry_lv_3,valyrian_original,c_wraiths_rest,1,,history/titles/lv_k_the_basilisk_isles.txt,,pirate_no_dlc_government,history_file,lv_k_the_basilisk_isles.txt,high
7922.12.1,Nahion_lv_3,gogossite,c_isle_of_vines,1,,history/titles/lv_k_the_basilisk_isles.txt,,pirate_no_dlc_government,history_file,lv_k_the_basilisk_isles.txt,high
7922.12.1,Zaldrizyen_lv_3,gogossite,c_strait_of_skulls,1,,history/titles/lv_k_the_basilisk_isles.txt,,pirate_no_dlc_government,history_file,lv_k_the_basilisk_isles.txt,high
7925.1.1,34169148,ghaeni,c_baked_shore,1,,history/titles/lv_k_ghiscar.txt,,oligarchic_government,history_file,lv_k_ghiscar.txt,medium
7925.1.1,34233911,asshaii,d_the_saffron_lands,2,,history/titles/lv_k_asshai.txt,,oligarchic_government,history_file,lv_k_asshai.txt,low
7925.1.1,Azantone_4,tolosi,d_tolos,2,,history/titles/lv_k_north_valyria.txt,,oligarchic_government,history_file,lv_k_north_valyria.txt,medium
7925.1.1,Maegyr_3,essosi_valyrian,k_volantis,3,,history/titles/lv_k_volantis.txt,,administrative_government,history_file,lv_k_volantis.txt,high
7925.1.1,Pendaeron_3,mantaryan,c_treylys,1,,history/titles/lv_k_north_valyria.txt,,oligarchic_government,history_file,lv_k_north_valyria.txt,medium
7925.12.19,Vhassorlan_lv_3,gogossite,d_the_three_snakes,2,,history/titles/lv_k_the_basilisk_isles.txt,,pirate_no_dlc_government,history_file,lv_k_the_basilisk_isles.txt,high
7926.1.1,Naqqan_4,meereenese,c_naqqan_pyramid,1,,history/titles/lv_k_meereen.txt,,oligarchic_government,history_file,lv_k_meereen.txt,high
7926.1.1,Vaelaros_3,essosi_valyrian,d_nf_vaelaros,2,,history/titles/lv_nf_titles.txt,,administrative_government,history_file,lv_k_volantis.txt,high
7927.1.1,Nakloz_5,astapori,c_nf_nakloz,1,,history/titles/lv_nf_titles.txt,,oligarchic_government,history_file,lv_k_astapor.txt,high
7928.1.1,Dhazak_4,meereenese,c_dhazak_pyramid,1,,history/titles/lv_k_meereen.txt,,oligarchic_government,history_file,lv_k_meereen.txt,high
7928.1.1,Qaggaz_4,yunkaii,k_yunkai,3,,history/titles/lv_k_yunkai.txt,,oligarchic_government,history_file,lv_k_yunkai.txt,high
7929.1.1,Dhogarys_4,volantene,c_honors_port,1,,history/titles/lv_k_volantis.txt,,administrative_government,history_file,lv_k_volantis.txt,high
7929.1.1,Galare_4,meereenese,c_galare_pyramid,1,,history/titles/lv_k_meereen.txt,,oligarchic_government,history_file,lv_k_meereen.txt,high
7929.1.1,LV_Votar_4,essosi_valyrian,d_nf_votar,2,,history/titles/lv_nf_titles.txt,,administrative_government,history_file,lv_k_volantis.txt,high
7929.1.1,Mazlaq_4,astapori,c_ghiscar_point,1,,history/titles/lv_k_astapor.txt,,oligarchic_government,history_file,lv_k_astapor.txt,high
7929.1.1,Pahl_4,meereenese,k_meereen,3,,history/titles/lv_k_meereen.txt,,oligarchic_government,history_file,lv_k_meereen.txt,high
7929.1.1,Rhaezn_3,yunkaii,c_nf_rhaezn,1,,history/titles/lv_nf_titles.txt,,oligarchic_government,history_file,lv_k_yunkai.txt,high
7930.1.1,Marsiglio_4,volantene,c_anyria,1,,history/titles/lv_k_volantis.txt,,administrative_government,history_file,lv_k_volantis.txt,high
7931.1.1,Ninmarki_4,shadowman,d_hattar,2,,history/titles/lv_k_asshai.txt,,tribal_government,culture,shadowman,low
7932.12.1,Benaris_lv_4,gogossite,c_death_isle,1,,history/titles/lv_k_the_basilisk_isles.txt,,pirate_no_dlc_government,history_file,lv_k_the_basilisk_isles.txt,high
7932.12.1,Enreos_lv_4,gogossite,c_scoundrels_point,1,,history/titles/lv_k_the_basilisk_isles.txt,,pirate_no_dlc_government,history_file,lv_k_the_basilisk_isles.txt,high
7932.12.1,Hendry_lv_4,valyrian_original,c_wraiths_rest,1,,history/titles/lv_k_the_basilisk_isles.txt,,pirate_no_dlc_government,history_file,lv_k_the_basilisk_isles.txt,high
7932.12.1,Nahion_lv_4,gogossite,c_isle_of_vines,1,,history/titles/lv_k_the_basilisk_isles.txt,,pirate_no_dlc_government,history_file,lv_k_the_basilisk_isles.txt,high
7932.12.1,Zaldrizyen_lv_4,gogossite,c_strait_of_skulls,1,,history/titles/lv_k_the_basilisk_isles.txt,,pirate_no_dlc_government,history_file,lv_k_the_basilisk_isles.txt,high
7933.1.1,Adiur_3,asshaii,k_asshai,3,,history/titles/lv_k_asshai.txt,,oligarchic_government,history_file,lv_k_asshai.txt,low
7933.1.1,Ghazeen_6,meereenese,c_ghazeen_pyramid,1,,history/titles/lv_k_meereen.txt,,oligarchic_government,history_file,lv_k_meereen.txt,high
7933.1.1,LV_Merreq_5,meereenese,c_merreq_pyramid,1,,history/titles/lv_k_meereen.txt,,oligarchic_government,history_file,lv_k_meereen.txt,high
7933.1.1,Maegyr_4,essosi_valyrian,k_volantis,3,,history/titles/lv_k_volantis.txt,,administrative_government,history_file,lv_k_volantis.txt,high
7933.1.1,Rulloros_4,volantene,d_valysar,2,,history/titles/lv_k_volantis.txt,,administrative_government,history_file,lv_k_volantis.txt,high
7934.1.1,Ahlaq_5,yunkaii,c_nf_ahlaq,1,,history/titles/lv_nf_titles.txt,,oligarchic_government,history_file,lv_k_yunkai.txt,high
7934.1.1,Qheadar_5,essosi_valyrian,d_nf_qhaedar,2,,history/titles/lv_nf_titles.txt,,administrative_government,history_file,lv_k_volantis.txt,high
7934.1.1,Rannovar_4,volantene,d_dreos,2,,history/titles/lv_k_volantis.txt,,administrative_government,history_file,lv_k_volantis.txt,high
7934.1.1,Tagaros_5,essosi_valyrian,d_nf_tagaros,2,,history/titles/lv_nf_titles.txt,,administrative_government,history_file,lv_k_volantis.txt,high
7935.1.1,Grazdhan_5,astapori,c_gadhis,1,,history/titles/lv_k_astapor.txt,,oligarchic_government,history_file,lv_k_astapor.txt,high
7935.1.1,Oliviriana_4,volantene,c_laboros,1,,history/titles/lv_k_volantis.txt,,administrative_government,history_file,lv_k_volantis.txt,high
7935.1.1,Ullhor_3,astapori,k_astapor,3,,history/titles/lv_k_astapor.txt,,oligarchic_government,history_file,lv_k_astapor.txt,high
7936.1.1,Yherizan_5,meereenese,c_green_gate,1,,history/titles/lv_k_meereen.txt,,oligarchic_government,history_file,lv_k_meereen.txt,high
7937.1.1,Nakloz_5,astapori,k_astapor,3,,history/titles/lv_k_astapor.txt,,oligarchic_government,history_file,lv_k_astapor.txt,high
7937.1.1,Ullhor_4,astapori,c_dhozai,1,,history/titles/lv_k_astapor.txt,,oligarchic_government,history_file,lv_k_astapor.txt,high
7939.1.1,Eraz_4,yunkaii,c_maelk,1,,history/titles/lv_k_yunkai.txt,,oligarchic_government,history_file,lv_k_yunkai.txt,high
7939.1.1,Grazlar_5,astapori,c_horns_of_hazzat,1,,history/titles/lv_k_astapor.txt,,oligarchic_government,history_file,lv_k_astapor.txt,high
7939.1.1,Lodaorys_4,mantaryan,c_painted_valleys,1,,history/titles/lv_k_north_valyria.txt,,oligarchic_government,history_file,lv_k_north_valyria.txt,medium
7939.1.1,Paenohrin_lv_3,gogossite,d_eastern_isles,2,,history/titles/lv_k_the_basilisk_isles.txt,,pirate_no_dlc_government,history_file,lv_k_the_basilisk_isles.txt,high
7939.1.1,Qaggaz_5,yunkaii,c_kaldeen,1,,history/titles/lv_k_yunkai.txt,,oligarchic_government,history_file,lv_k_yunkai.txt,high
7939.1.1,Qheadar_5,essosi_valyrian,k_volantis,3,,history/titles/lv_k_volantis.txt,,administrative_government,history_file,lv_k_volantis.txt,high
7939.1.1,Yunzak_4,yunkaii,k_yunkai,3,,history/titles/lv_k_yunkai.txt,,oligarchic_government,history_file,lv_k_yunkai.txt,high
7940.1.1,341360025,ghaeni,k_new_ghis,3,,history/titles/lv_k_ghiscar.txt,,oligarchic_government,history_file,lv_k_ghiscar.txt,medium
7940.1.1,Dosh_Khaleen_2,dothraki,d_dosh_khaleen,2,,history/titles/lv_dothraki.txt,,theocracy_government,title,d_dosh_khaleen,high
7940.1.1,Ilvar_5,elyrian,c_elyria,1,,history/titles/lv_k_north_valyria.txt,,oligarchic_government,history_file,lv_k_north_valyria.txt,medium
7940.1.1,Ninmarki_5,shadowman,d_hattar,2,,history/titles/lv_k_asshai.txt,,tribal_government,culture,shadowman,low
7940.1.1,Paenymion_4,essosi_valyrian,d_nf_paenymion,2,,history/titles/lv_nf_titles.txt,,administrative_government,history_file,lv_k_volantis.txt,high
7940.1.1,Pahl_5,meereenese,k_meereen,3,,history/titles/lv_k_meereen.txt,,oligarchic_government,history_file,lv_k_meereen.txt,high
7940.1.1,Stogarys_5,volantene,c_mavlys,1,,history/titles/lv_k_volantis.txt,,administrative_government,history_file,lv_k_volantis.txt,high
7941.1.1,Hazkar_5,meereenese,c_hazkar_pyramid,1,,history/titles/lv_k_meereen.txt,,oligarchic_government,history_file,lv_k_meereen.txt,high
7941.1.1,Kandaq_4,meereenese,c_kandaq_pyramid,1,,history/titles/lv_k_meereen.txt,,oligarchic_government,history_file,lv_k_meereen.txt,high
7941.1.1,Rhaezn_4,yunkaii,c_nf_rhaezn,1,,history/titles/lv_nf_titles.txt,,oligarchic_government,history_file,lv_k_yunkai.txt,high
7941.9.14,Ennyrion_lv_3,gogossite,d_the_western_isles,2,,history/titles/lv_k_the_basilisk_isles.txt,,pirate_no_dlc_government,history_file,lv_k_the_basilisk_isles.txt,high
7942.1.1,Lomberys_4,volantene,c_plains_of_maegys,1,,history/titles/lv_k_volantis.txt,,administrative_government,history_file,lv_k_volantis.txt,high
7944.1.1,34033914,asshaii,d_chalysa,2,,history/titles/lv_k_asshai.txt,,oligarchic_government,history_file,lv_k_asshai.txt,low
7944.1.1,Isnardo_4,volantene,c_ar_mynar,1,,history/titles/lv_k_volantis.txt,,administrative_government,history_file,lv_k_volantis.txt,high
7944.1.1,Mazemagyr_5,tolosi,c_black_cliffs,1,,history/titles/lv_k_north_valyria.txt,,oligarchic_government,history_file,lv_k_north_valyria.txt,medium
7944.1.1,Nogarys_4,essosi_valyrian,d_death_swamps,2,,history/titles/lv_k_volantis.txt,,administrative_government,history_file,lv_k_volantis.txt,high
7944.1.1,Rebagyr_5,mantaryan,c_demon_pass,1,,history/titles/lv_k_north_valyria.txt,,oligarchic_government,history_file,lv_k_north_valyria.txt,medium
7944.1.1,Zherzyn_5,yunkaii,c_nf_zherzyn,1,,history/titles/lv_nf_titles.txt,,oligarchic_government,history_file,lv_k_yunkai.txt,high
7945.1.1,34133911,asshaii,d_the_saffron_lands,2,,history/titles/lv_k_asshai.txt,,oligarchic_government,history_file,lv_k_asshai.txt,low
7945.1.1,Barlaeris_3,mantaryan,c_elarion,1,,history/titles/lv_k_north_valyria.txt,,oligarchic_government,history_file,lv_k_north_valyria.txt,medium
7945.1.1,Dhazak_5,meereenese,c_dhazak_pyramid,1,,history/titles/lv_k_meereen.txt,,oligarchic_government,history_file,lv_k_meereen.txt,high
7945.1.1,Zobridar_5,mantaryan,d_mantarys,2,,history/titles/lv_k_north_valyria.txt,,oligarchic_government,history_file,lv_k_north_valyria.txt,medium
7946.1.1,Rhazdar_5,meereenese,c_nf_rhazdar,1,,history/titles/lv_nf_titles.txt,,oligarchic_government,history_file,lv_k_meereen.txt,high
7946.1.1,Vaelaros_4,essosi_valyrian,d_nf_vaelaros,2,,history/titles/lv_nf_titles.txt,,administrative_government,history_file,lv_k_volantis.txt,high
7948.1.1,Loraq_5,meereenese,c_loraq_pyramid,1,,history/titles/lv_k_meereen.txt,,oligarchic_government,history_file,lv_k_meereen.txt,high
7948.1.1,Vhassar_5,essosi_valyrian,d_nf_vhassar,2,,history/titles/lv_nf_titles.txt,,administrative_government,history_file,lv_k_volantis.txt,high
7949.1.1,Azantone_5,tolosi,d_tolos,2,,history/titles/lv_k_north_valyria.txt,,oligarchic_government,history_file,lv_k_north_valyria.txt,medium
7949.1.1,Kirines_5,volantene,d_volon_therys,2,,history/titles/lv_k_volantis.txt,,administrative_government,history_file,lv_k_volantis.txt,high
7949.1.1,Naqqan_5,meereenese,c_naqqan_pyramid,1,,history/titles/lv_k_meereen.txt,,oligarchic_government,history_file,lv_k_meereen.txt,high
7949.1.1,Nefatis_4,volantene,d_valon_sar,2,,history/titles/lv_k_volantis.txt,,administrative_government,history_file,lv_k_volantis.txt,high
7949.1.1,Qaggaz_5,yunkaii,k_yunkai,3,,history/titles/lv_k_yunkai.txt,,oligarchic_government,history_file,lv_k_yunkai.txt,high
7949.1.1,Quazzar_6,meereenese,c_nf_quazzar,1,,history/titles/lv_nf_titles.txt,,oligarchic_government,history_file,lv_k_meereen.txt,high
7949.1.1,Reznak_5,meereenese,c_khyzai_pass,1,,history/titles/lv_k_meereen.txt,,oligarchic_government,history_file,lv_k_meereen.txt,high
7949.1.1,Volnyros_5,volantene,c_selhorys,1,,history/titles/lv_k_volantis.txt,,administrative_government,history_file,lv_k_volantis.txt,high
7949.1.1,Yunzak_5,yunkaii,c_nf_yunzak,1,,history/titles/lv_nf_titles.txt,,oligarchic_government,history_file,lv_k_yunkai.txt,high
7950.1.1,Ghazeen_7,meereenese,c_ghazeen_pyramid,1,,history/titles/lv_k_meereen.txt,,oligarchic_government,history_file,lv_k_meereen.txt,high
7950.1.1,Mazlaq_5,astapori,c_ghiscar_point,1,,history/titles/lv_k_astapor.txt,,oligarchic_government,history_file,lv_k_astapor.txt,high
7950.1.1,Paenohrin_lv_4,gogossite,d_eastern_isles,2,,history/titles/lv_k_the_basilisk_isles.txt,,pirate_no_dlc_government,history_file,lv_k_the_basilisk_isles.txt,high
7951.1.1,LV_Votar_5,essosi_valyrian,d_nf_votar,2,,history/titles/lv_nf_titles.txt,,administrative_government,history_file,lv_k_volantis.txt,high
7952.1.1,Galare_5,meereenese,c_galare_pyramid,1,,history/titles/lv_k_meereen.txt,,oligarchic_government,history_file,lv_k_meereen.txt,high
7954.1.1,Zobridar_6,mantaryan,d_mantarys,2,,history/titles/lv_k_north_valyria.txt,,oligarchic_government,history_file,lv_k_north_valyria.txt,medium
7955.12.19,Vhassorlan_lv_4,gogossite,d_the_three_snakes,2,,history/titles/lv_k_the_basilisk_isles.txt,,pirate_no_dlc_government,history_file,lv_k_the_basilisk_isles.txt,high
7956.1.1,Grazdhan_5,astapori,k_astapor,3,,history/titles/lv_k_astapor.txt,,oligarchic_government,history_file,lv_k_astapor.txt,high
7956.1.1,Maegyr_5,essosi_valyrian,d_little_valyria,2,,history/titles/lv_k_volantis.txt,,administrative_government,history_file,lv_k_volantis.txt,high
7956.1.1,Nakloz_6,astapori,c_nf_nakloz,1,,history/titles/lv_nf_titles.txt,,oligarchic_government,history_file,lv_k_astapor.txt,high
7958.1.1,Dhazak_6,meereenese,c_dhazak_pyramid,1,,history/titles/lv_k_meereen.txt,,oligarchic_government,history_file,lv_k_meereen.txt,high
7958.1.1,Marsiglio_5,volantene,c_anyria,1,,history/titles/lv_k_volantis.txt,,administrative_government,history_file,lv_k_volantis.txt,high
7958.1.1,Rulloros_5,volantene,d_valysar,2,,history/titles/lv_k_volantis.txt,,administrative_government,history_file,lv_k_volantis.txt,high
7958.1.1,Volnyros_6,volantene,c_selhorys,1,,history/titles/lv_k_volantis.txt,,administrative_government,history_file,lv_k_volantis.txt,high
7958.12.1,Benaris_lv_5,gogossite,c_death_isle,1,,history/titles/lv_k_the_basilisk_isles.txt,,pirate_no_dlc_government,history_file,lv_k_the_basilisk_isles.txt,high
7958.12.1,Enreos_lv_5,gogossite,c_scoundrels_point,1,,history/titles/lv_k_the_basilisk_isles.txt,,pirate_no_dlc_government,history_file,lv_k_the_basilisk_isles.txt,high
7958.12.1,Hendry_lv_5,valyrian_original,c_wraiths_rest,1,,history/titles/lv_k_the_basilisk_isles.txt,,pirate_no_dlc_government,history_file,lv_k_the_basilisk_isles.txt,high
7958.12.1,Nahion_lv_5,gogossite,c_isle_of_vines,1,,history/titles/lv_k_the_basilisk_isles.txt,,pirate_no_dlc_government,history_file,lv_k_the_basilisk_isles.txt,high
7958.12.1,Zaldrizyen_lv_5,gogossite,c_strait_of_skulls,1,,history/titles/lv_k_the_basilisk_isles.txt,,pirate_no_dlc_government,history_file,lv_k_the_basilisk_isles.txt,high
7959.1.1,34169152,ghaeni,c_atruskai,1,,history/titles/lv_k_ghiscar.txt,,oligarchic_government,history_file,lv_k_ghiscar.txt,medium
7959.1.1,Grazdhan_6,astapori,c_gadhis,1,,history/titles/lv_k_astapor.txt,,oligarchic_government,history_file,lv_k_astapor.txt,high
7959.1.1,Ilvar_6,elyrian,c_elyria,1,,history/titles/lv_k_north_valyria.txt,,oligarchic_government,history_file,lv_k_north_valyria.txt,medium
7959.1.1,Loraq_5,meereenese,k_meereen,3,,history/titles/lv_k_meereen.txt,,oligarchic_government,history_file,lv_k_meereen.txt,high
7959.1.1,Mazlaq_5,astapori,k_astapor,3,,history/titles/lv_k_astapor.txt,,oligarchic_government,history_file,lv_k_astapor.txt,high
7959.1.1,Pahl_6,meereenese,c_demon_road,1,,history/titles/lv_k_meereen.txt,,oligarchic_government,history_file,lv_k_meereen.txt,high
7959.1.1,Ullhor_5,astapori,c_dhozai,1,,history/titles/lv_k_astapor.txt,,oligarchic_government,history_file,lv_k_astapor.txt,high
7959.1.1,Vaelaros_5,essosi_valyrian,d_nf_vaelaros,2,,history/titles/lv_nf_titles.txt,,administrative_government,history_file,lv_k_volantis.txt,high
7960.1.1,34069149,ghaeni,c_ghaen,1,,history/titles/lv_k_ghiscar.txt,,oligarchic_government,history_file,lv_k_ghiscar.txt,medium
7960.1.1,Lodaorys_5,mantaryan,c_painted_valleys,1,,history/titles/lv_k_north_valyria.txt,,oligarchic_government,history_file,lv_k_north_valyria.txt,medium
7960.1.1,Mengo_3,dothraki,d_dosh_khaleen,2,,history/titles/lv_dothraki.txt,,theocracy_government,title,d_dosh_khaleen,high
7960.1.1,Qheadar_6,essosi_valyrian,k_volantis,3,,history/titles/lv_k_volantis.txt,,administrative_government,history_file,lv_k_volantis.txt,high
7960.7.9,Ennyrion_lv_4,gogossite,d_the_western_isles,2,,history/titles/lv_k_the_basilisk_isles.txt,,pirate_no_dlc_government,history_file,lv_k_the_basilisk_isles.txt,high
7961.1.1,Adiur_4,asshaii,k_asshai,3,,history/titles/lv_k_asshai.txt,,oligarchic_government,history_file,lv_k_asshai.txt,low
7961.1.1,Ahlaq_6,yunkaii,c_nf_ahlaq,1,,history/titles/lv_nf_titles.txt,,oligarchic_government,history_file,lv_k_yunkai.txt,high
7961.1.1,RHLLOR_3,volantene,d_the_red_priesthood,2,,history/titles/lv_k_the_red_priesthood.txt,,theocracy_government,history_file,lv_k_the_red_priesthood.txt,high
7961.1.1,Staegone_4,essosi_valyrian,d_nf_staegone,2,,history/titles/lv_nf_titles.txt,,administrative_government,history_file,lv_k_volantis.txt,high
7962.1.1,Rhazdar_6,meereenese,c_nf_rhazdar,1,,history/titles/lv_nf_titles.txt,,oligarchic_government,history_file,lv_k_meereen.txt,high
7963.1.1,Rhaezn_5,yunkaii,c_nf_rhaezn,1,,history/titles/lv_nf_titles.txt,,oligarchic_government,history_file,lv_k_yunkai.txt,high
7964.1.1,10033914,asshaii,d_chalysa,2,,history/titles/lv_k_asshai.txt,,oligarchic_government,history_file,lv_k_asshai.txt,low
7964.1.1,Hazkar_6,meereenese,c_hazkar_pyramid,1,,history/titles/lv_k_meereen.txt,,oligarchic_government,history_file,lv_k_meereen.txt,high
7964.1.1,Vhassar_6,essosi_valyrian,d_nf_vhassar,2,,history/titles/lv_nf_titles.txt,,administrative_government,history_file,lv_k_volantis.txt,high
7965.1.1,Barlaeris_4,mantaryan,c_elarion,1,,history/titles/lv_k_north_valyria.txt,,oligarchic_government,history_file,lv_k_north_valyria.txt,medium
7965.1.1,Mazemagyr_6,tolosi,c_black_cliffs,1,,history/titles/lv_k_north_valyria.txt,,oligarchic_government,history_file,lv_k_north_valyria.txt,medium
7965.1.1,Nogarys_5,essosi_valyrian,d_death_swamps,2,,history/titles/lv_k_volantis.txt,,administrative_government,history_file,lv_k_volantis.txt,high
7965.1.1,Szarr_4,mantaryan,c_elyndor,1,,history/titles/lv_k_north_valyria.txt,,oligarchic_government,history_file,lv_k_north_valyria.txt,medium
7966.1.1,34069148,ghaeni,c_baked_shore,1,,history/titles/lv_k_ghiscar.txt,,oligarchic_government,history_file,lv_k_ghiscar.txt,medium
7966.1.1,Dhogarys_5,volantene,c_honors_port,1,,history/titles/lv_k_volantis.txt,,administrative_government,history_file,lv_k_volantis.txt,high
7966.1.1,Eraz_5,yunkaii,c_maelk,1,,history/titles/lv_k_yunkai.txt,,oligarchic_government,history_file,lv_k_yunkai.txt,high
7966.1.1,LV_Merreq_6,meereenese,c_merreq_pyramid,1,,history/titles/lv_k_meereen.txt,,oligarchic_government,history_file,lv_k_meereen.txt,high
7966.1.1,LV_Votar_6,essosi_valyrian,d_nf_votar,2,,history/titles/lv_nf_titles.txt,,administrative_government,history_file,lv_k_volantis.txt,high
7966.1.1,Lomberys_5,volantene,c_plains_of_maegys,1,,history/titles/lv_k_volantis.txt,,administrative_government,history_file,lv_k_volantis.txt,high
7966.1.1,Paenymion_5,essosi_valyrian,d_nf_paenymion,2,,history/titles/lv_nf_titles.txt,,administrative_government,history_file,lv_k_volantis.txt,high
7966.1.1,Reznak_6,meereenese,c_khyzai_pass,1,,history/titles/lv_k_meereen.txt,,oligarchic_government,history_file,lv_k_meereen.txt,high
7966.1.1,Tagaros_6,essosi_valyrian,d_nf_tagaros,2,,history/titles/lv_nf_titles.txt,,administrative_government,history_file,lv_k_volantis.txt,high
7967.1.1,Ninmarki_6,shadowman,d_hattar,2,,history/titles/lv_k_asshai.txt,,tribal_government,culture,shadowman,low
7967.1.1,Quazzar_7,meereenese,c_nf_quazzar,1,,history/titles/lv_nf_titles.txt,,oligarchic_government,history_file,lv_k_meereen.txt,high
7967.1.1,Stogarys_6,volantene,c_mavlys,1,,history/titles/lv_k_volantis.txt,,administrative_government,history_file,lv_k_volantis.txt,high
7969.1.1,340360025,ghaeni,k_new_ghis,3,,history/titles/lv_k_ghiscar.txt,,oligarchic_government,history_file,lv_k_ghiscar.txt,medium
7969.1.1,Loraq_6,meereenese,c_loraq_pyramid,1,,history/titles/lv_k_meereen.txt,,oligarchic_government,history_file,lv_k_meereen.txt,high
7969.1.1,Pahl_6,meereenese,k_meereen,3,,history/titles/lv_k_meereen.txt,,oligarchic_government,history_file,lv_k_meereen.txt,high
7969.1.1,Qaggaz_6,yunkaii,c_kaldeen,1,,history/titles/lv_k_yunkai.txt,,oligarchic_government,history_file,lv_k_yunkai.txt,high
7969.1.1,Yunzak_5,yunkaii,k_yunkai,3,,history/titles/lv_k_yunkai.txt,,oligarchic_government,history_file,lv_k_yunkai.txt,high
7970.1.1,Kandaq_5,meereenese,c_kandaq_pyramid,1,,history/titles/lv_k_meereen.txt,,oligarchic_government,history_file,lv_k_meereen.txt,high
7970.1.1,Kirines_6,volantene,d_volon_therys,2,,history/titles/lv_k_volantis.txt,,administrative_government,history_file,lv_k_volantis.txt,high
7970.1.1,Naqqan_6,meereenese,c_naqqan_pyramid,1,,history/titles/lv_k_meereen.txt,,oligarchic_government,history_file,lv_k_meereen.txt,high
7971.1.1,Grazlar_6,astapori,c_horns_of_hazzat,1,,history/titles/lv_k_astapor.txt,,oligarchic_government,history_file,lv_k_astapor.txt,high
7971.1.1,Isnardo_5,volantene,c_ar_mynar,1,,history/titles/lv_k_volantis.txt,,administrative_government,history_file,lv_k_volantis.txt,high
7971.1.1,Mazlaq_6,astapori,c_ghiscar_point,1,,history/titles/lv_k_astapor.txt,,oligarchic_government,history_file,lv_k_astapor.txt,high
7971.1.1,Ullhor_5,astapori,k_astapor,3,,history/titles/lv_k_astapor.txt,,oligarchic_government,history_file,lv_k_astapor.txt,high
7973.1.1,Nefatis_5,volantene,d_valon_sar,2,,history/titles/lv_k_volantis.txt,,administrative_government,history_file,lv_k_volantis.txt,high
7975.1.1,Maegyr_6,essosi_valyrian,d_little_valyria,2,,history/titles/lv_k_volantis.txt,,administrative_government,history_file,lv_k_volantis.txt,high
7975.1.1,Rebagyr_6,mantaryan,c_demon_pass,1,,history/titles/lv_k_north_valyria.txt,,oligarchic_government,history_file,lv_k_north_valyria.txt,medium
7975.1.1,Rulloros_6,volantene,d_valysar,2,,history/titles/lv_k_volantis.txt,,administrative_government,history_file,lv_k_volantis.txt,high
7975.1.1,Staegone_5,essosi_valyrian,d_nf_staegone,2,,history/titles/lv_nf_titles.txt,,administrative_government,history_file,lv_k_volantis.txt,high
7976.1.1,Zherzyn_6,yunkaii,c_nf_zherzyn,1,,history/titles/lv_nf_titles.txt,,oligarchic_government,history_file,lv_k_yunkai.txt,high
7977.1.1,34033911,asshaii,d_the_saffron_lands,2,,history/titles/lv_k_asshai.txt,,oligarchic_government,history_file,lv_k_asshai.txt,low
7977.1.1,Eraz_5,yunkaii,k_yunkai,3,,history/titles/lv_k_yunkai.txt,,oligarchic_government,history_file,lv_k_yunkai.txt,high
7977.1.1,Yunzak_6,yunkaii,c_nf_yunzak,1,,history/titles/lv_nf_titles.txt,,oligarchic_government,history_file,lv_k_yunkai.txt,high
7978.1.1,Pendaeron_4,mantaryan,c_treylys,1,,history/titles/lv_k_north_valyria.txt,,oligarchic_government,history_file,lv_k_north_valyria.txt,medium
7979.1.1,Eraz_6,yunkaii,c_maelk,1,,history/titles/lv_k_yunkai.txt,,oligarchic_government,history_file,lv_k_yunkai.txt,high
7979.1.1,Galare_6,meereenese,c_galare_pyramid,1,,history/titles/lv_k_meereen.txt,,oligarchic_government,history_file,lv_k_meereen.txt,high
7979.1.1,Oliviriana_5,volantene,c_laboros,1,,history/titles/lv_k_volantis.txt,,administrative_government,history_file,lv_k_volantis.txt,high
7979.1.1,Qaggaz_6,yunkaii,k_yunkai,3,,history/titles/lv_k_yunkai.txt,,oligarchic_government,history_file,lv_k_yunkai.txt,high
7979.4.15,Paenohrin_lv_5,gogossite,d_eastern_isles,2,,history/titles/lv_k_the_basilisk_isles.txt,,pirate_no_dlc_government,history_file,lv_k_the_basilisk_isles.txt,high
7980.1.1,150360025,ghaeni,k_new_ghis,3,,history/titles/lv_k_ghiscar.txt,,oligarchic_government,history_file,lv_k_ghiscar.txt,medium
7980.1.1,Nakloz_7,astapori,c_nf_nakloz,1,,history/titles/lv_nf_titles.txt,,oligarchic_government,history_file,lv_k_astapor.txt,high
7980.1.1,Vaelaros_6,essosi_valyrian,d_nf_vaelaros,2,,history/titles/lv_nf_titles.txt,,administrative_government,history_file,lv_k_volantis.txt,high
7980.1.1,Zherzyn_7,yunkaii,c_nf_zherzyn,1,,history/titles/lv_nf_titles.txt,,oligarchic_government,history_file,lv_k_yunkai.txt,high
7981.1.1,34069152,ghaeni,c_atruskai,1,,history/titles/lv_k_ghiscar.txt,,oligarchic_government,history_file,lv_k_ghiscar.txt,medium
7982.1.1,Azantone_6,tolosi,d_tolos,2,,history/titles/lv_k_north_valyria.txt,,oligarchic_government,history_file,lv_k_north_valyria.txt,medium
7983.1.1,Grazdhan_7,astapori,c_gadhis,1,,history/titles/lv_k_astapor.txt,,oligarchic_government,history_file,lv_k_astapor.txt,high
7983.1.1,Paenymion_6,essosi_valyrian,d_nf_paenymion,2,,history/titles/lv_nf_titles.txt,,administrative_government,history_file,lv_k_volantis.txt,high
7985.1.1,Ilvar_7,elyrian,c_elyria,1,,history/titles/lv_k_north_valyria.txt,,oligarchic_government,history_file,lv_k_north_valyria.txt,medium
7985.1.1,Ninmarki_7,shadowman,d_hattar,2,,history/titles/lv_k_asshai.txt,,tribal_government,culture,shadowman,low
7985.1.1,eetlv_cs_10_2,eetlv_sand_ghoul,d_R220G226B155,2,e_cannibal_sands,history/titles/vassal_titles_e_cannibal_sands.txt,,tribal_government,empire,e_cannibal_sands,low
7985.1.1,eetlv_cs_11_2,eetlv_sand_ghoul,d_R28G169B63,2,e_cannibal_sands,history/titles/vassal_titles_e_cannibal_sands.txt,,tribal_government,empire,e_cannibal_sands,low
7985.1.1,eetlv_cs_12_2,eetlv_sand_ghoul,d_R81G64B118,2,e_cannibal_sands,history/titles/vassal_titles_e_cannibal_sands.txt,,tribal_government,empire,e_cannibal_sands,low
7985.1.1,eetlv_cs_13_2,eetlv_sand_ghoul,d_R238G6B173,2,e_cannibal_sands,history/titles/vassal_titles_e_cannibal_sands.txt,,tribal_government,empire,e_cannibal_sands,low
7985.1.1,eetlv_cs_14_2,eetlv_sand_ghoul,d_R42G145B84,2,e_cannibal_sands,history/titles/vassal_titles_e_cannibal_sands.txt,,tribal_government,empire,e_cannibal_sands,low
7985.1.1,eetlv_cs_1_2,eetlv_sand_ghoul,e_cannibal_sands,4,e_cannibal_sands,history/titles/vassal_titles_e_cannibal_sands.txt,,tribal_government,empire,e_cannibal_sands,low
7985.1.1,eetlv_cs_2_2,eetlv_sand_ghoul,d_R111G75B187,2,e_cannibal_sands,history/titles/vassal_titles_e_cannibal_sands.txt,,tribal_government,empire,e_cannibal_sands,low
7985.1.1,eetlv_cs_3_2,eetlv_sand_ghoul,d_R240G127B159,2,e_cannibal_sands,history/titles/vassal_titles_e_cannibal_sands.txt,,tribal_government,empire,e_cannibal_sands,low
7985.1.1,eetlv_cs_4_2,eetlv_sand_ghoul,d_R41G226B41,2,e_cannibal_sands,history/titles/vassal_titles_e_cannibal_sands.txt,,tribal_government,empire,e_cannibal_sands,low
7985.1.1,eetlv_cs_5_2,eetlv_sand_ghoul,d_R193G60B253,2,e_cannibal_sands,history/titles/vassal_titles_e_cannibal_sands.txt,,tribal_government,empire,e_cannibal_sands,low
7985.1.1,eetlv_cs_6_2,eetlv_sand_ghoul,d_R222G151B16,2,e_cannibal_sands,history/titles/vassal_titles_e_cannibal_sands.txt,,tribal_government,empire,e_cannibal_sands,low
7985.1.1,eetlv_cs_7_2,eetlv_sand_ghoul,d_R45G162B231,2,e_cannibal_sands,history/titles/vassal_titles_e_cannibal_sands.txt,,tribal_government,empire,e_cannibal_sands,low
7985.1.1,eetlv_cs_8_2,eetlv_sand_ghoul,d_R70G73B87,2,e_cannibal_sands,history/titles/vassal_titles_e_cannibal_sands.txt,,tribal_government,empire,e_cannibal_sands,low
7985.1.1,eetlv_cs_9_2,eetlv_sand_ghoul,d_R232G202B38,2,e_cannibal_sands,history/titles/vassal_titles_e_cannibal_sands.txt,,tribal_government,empire,e_cannibal_sands,low
7985.1.1,gen_1,bloodless_man,e_bloodless_men,4,e_bloodless_men,history/titles/hist_titles.txt,tribal_government,tribal_government,empire,e_bloodless_men,low
7985.1.1,gen_10,norvoshi,e_norvos,4,e_norvos,history/titles/hist_titles.txt,administrative_government,theocracy_government,empire,e_norvos,high
7985.1.1,gen_100,feicui_ren,d_R138G163B247,2,e_golden_yi_ti,history/titles/vassal_titles_e_golden_yi_ti.txt,,meritocratic_government,empire,e_golden_yi_ti,high
7985.1.1,gen_101,feicui_ren,d_R64G232B56,2,e_golden_yi_ti,history/titles/vassal_titles_e_golden_yi_ti.txt,,meritocratic_government,empire,e_golden_yi_ti,high
7985.1.1,gen_102,feicui_ren,d_R224G121B183,2,e_golden_yi_ti,history/titles/vassal_titles_e_golden_yi_ti.txt,,meritocratic_government,empire,e_golden_yi_ti,high
7985.1.1,gen_103,feicui_ren,c_R173G235B48,1,e_golden_yi_ti,history/titles/vassal_titles_e_golden_yi_ti.txt,,meritocratic_government,empire,e_golden_yi_ti,high
7985.1.1,gen_104,feicui_ren,k_R109G14B184,3,e_golden_yi_ti,history/titles/vassal_titles_e_golden_yi_ti.txt,,meritocratic_government,empire,e_golden_yi_ti,high
7985.1.1,gen_105,feicui_ren,d_R145G62B183,2,e_golden_yi_ti,history/titles/vassal_titles_e_golden_yi_ti.txt,,meritocratic_government,empire,e_golden_yi_ti,high
7985.1.1,gen_106,feicui_ren,d_R55G247B36,2,e_golden_yi_ti,history/titles/vassal_titles_e_golden_yi_ti.txt,,meritocratic_government,empire,e_golden_yi_ti,high
7985.1.1,gen_107,feicui_ren,d_R140G173B221,2,e_golden_yi_ti,history/titles/vassal_titles_e_golden_yi_ti.txt,,meritocratic_government,empire,e_golden_yi_ti,high
7985.1.1,gen_108,feicui_ren,d_R61G109B109,2,e_golden_yi_ti,history/titles/vassal_titles_e_golden_yi_ti.txt,,meritocratic_government,empire,e_golden_yi_ti,high
7985.1.1,gen_109,feicui_ren,d_R198G191B13,2,e_golden_yi_ti,history/titles/vassal_titles_e_golden_yi_ti.txt,,meritocratic_government,empire,e_golden_yi_ti,high
7985.1.1,gen_11,omberi,e_omber,4,e_omber,history/titles/hist_titles.txt,feudal_government,feudal_government,empire,e_omber,medium
7985.1.1,gen_110,feicui_ren,d_R128G163B201,2,e_golden_yi_ti,history/titles/vassal_titles_e_golden_yi_ti.txt,,meritocratic_government,empire,e_golden_yi_ti,high
7985.1.1,gen_111,feicui_ren,d_R186G98B77,2,e_golden_yi_ti,history/titles/vassal_titles_e_golden_yi_ti.txt,,meritocratic_government,empire,e_golden_yi_ti,high
7985.1.1,gen_112,feicui_ren,d_R173G39B57,2,e_golden_yi_ti,history/titles/vassal_titles_e_golden_yi_ti.txt,,meritocratic_government,empire,e_golden_yi_ti,high
7985.1.1,gen_113,feicui_ren,d_R100G209B15,2,e_golden_yi_ti,history/titles/vassal_titles_e_golden_yi_ti.txt,,meritocratic_government,empire,e_golden_yi_ti,high
7985.1.1,gen_114,feicui_ren,k_R214G108B201,3,e_golden_yi_ti,history/titles/vassal_titles_e_golden_yi_ti.txt,,meritocratic_government,empire,e_golden_yi_ti,high
7985.1.1,gen_115,feicui_ren,d_R140G191B33,2,e_golden_yi_ti,history/titles/vassal_titles_e_golden_yi_ti.txt,,meritocratic_government,empire,e_golden_yi_ti,high
7985.1.1,gen_116,feicui_ren,d_R96G6B240,2,e_golden_yi_ti,history/titles/vassal_titles_e_golden_yi_ti.txt,,meritocratic_government,empire,e_golden_yi_ti,high
7985.1.1,gen_117,feicui_ren,d_R255G46B176,2,e_golden_yi_ti,history/titles/vassal_titles_e_golden_yi_ti.txt,,meritocratic_government,empire,e_golden_yi_ti,high
7985.1.1,gen_118,feicui_ren,d_R88G169B175,2,e_golden_yi_ti,history/titles/vassal_titles_e_golden_yi_ti.txt,,meritocratic_government,empire,e_golden_yi_ti,high
7985.1.1,gen_119,feicui_ren,d_R55G175B124,2,e_golden_yi_ti,history/titles/vassal_titles_e_golden_yi_ti.txt,,meritocratic_government,empire,e_golden_yi_ti,high
7985.1.1,gen_12,qohorik,e_qohor,4,e_qohor,history/titles/hist_titles.txt,administrative_government,administrative_government,empire,e_qohor,medium
7985.1.1,gen_120,feicui_ren,d_R131G200B113,2,e_golden_yi_ti,history/titles/vassal_titles_e_golden_yi_ti.txt,,meritocratic_government,empire,e_golden_yi_ti,high
7985.1.1,gen_121,feicui_ren,c_R144G93B123,1,e_golden_yi_ti,history/titles/vassal_titles_e_golden_yi_ti.txt,,meritocratic_government,empire,e_golden_yi_ti,high
7985.1.1,gen_122,feicui_ren,d_R127G31B145,2,e_golden_yi_ti,history/titles/vassal_titles_e_golden_yi_ti.txt,,meritocratic_government,empire,e_golden_yi_ti,high
7985.1.1,gen_123,feicui_ren,d_R42G21B193,2,e_golden_yi_ti,history/titles/vassal_titles_e_golden_yi_ti.txt,,meritocratic_government,empire,e_golden_yi_ti,high
7985.1.1,gen_124,feicui_ren,d_R133G215B116,2,e_golden_yi_ti,history/titles/vassal_titles_e_golden_yi_ti.txt,,meritocratic_government,empire,e_golden_yi_ti,high
7985.1.1,gen_125,feicui_ren,c_R175G45B201,1,e_golden_yi_ti,history/titles/vassal_titles_e_golden_yi_ti.txt,,meritocratic_government,empire,e_golden_yi_ti,high
7985.1.1,gen_126,feicui_ren,k_R70G69B253,3,e_golden_yi_ti,history/titles/vassal_titles_e_golden_yi_ti.txt,,meritocratic_government,empire,e_golden_yi_ti,high
7985.1.1,gen_127,feicui_ren,d_R216G170B210,2,e_golden_yi_ti,history/titles/vassal_titles_e_golden_yi_ti.txt,,meritocratic_government,empire,e_golden_yi_ti,high
7985.1.1,gen_128,feicui_ren,c_R10G195B27,1,e_golden_yi_ti,history/titles/vassal_titles_e_golden_yi_ti.txt,,meritocratic_government,empire,e_golden_yi_ti,high
7985.1.1,gen_129,feicui_ren,d_R155G213B113,2,e_golden_yi_ti,history/titles/vassal_titles_e_golden_yi_ti.txt,,meritocratic_government,empire,e_golden_yi_ti,high
7985.1.1,gen_13,tagaez_fen,e_sarnor,4,e_sarnor,history/titles/hist_titles.txt,feudal_government,feudal_government,empire,e_sarnor,high
7985.1.1,gen_130,feicui_ren,c_R251G110B149,1,e_golden_yi_ti,history/titles/vassal_titles_e_golden_yi_ti.txt,,meritocratic_government,empire,e_golden_yi_ti,high
7985.1.1,gen_131,feicui_ren,d_R154G131B121,2,e_golden_yi_ti,history/titles/vassal_titles_e_golden_yi_ti.txt,,meritocratic_government,empire,e_golden_yi_ti,high
7985.1.1,gen_132,feicui_ren,d_R204G32B182,2,e_golden_yi_ti,history/titles/vassal_titles_e_golden_yi_ti.txt,,meritocratic_government,empire,e_golden_yi_ti,high
7985.1.1,gen_133,feicui_ren,c_R164G248B214,1,e_golden_yi_ti,history/titles/vassal_titles_e_golden_yi_ti.txt,,meritocratic_government,empire,e_golden_yi_ti,high
7985.1.1,gen_134,feicui_ren,d_R187G97B55,2,e_golden_yi_ti,history/titles/vassal_titles_e_golden_yi_ti.txt,,meritocratic_government,empire,e_golden_yi_ti,high
7985.1.1,gen_135,feicui_ren,c_R111G66B15,1,e_golden_yi_ti,history/titles/vassal_titles_e_golden_yi_ti.txt,,meritocratic_government,empire,e_golden_yi_ti,high
7985.1.1,gen_136,feicui_ren,d_R143G132B81,2,e_golden_yi_ti,history/titles/vassal_titles_e_golden_yi_ti.txt,,meritocratic_government,empire,e_golden_yi_ti,high
7985.1.1,gen_137,feicui_ren,c_R31G240B21,1,e_golden_yi_ti,history/titles/vassal_titles_e_golden_yi_ti.txt,,meritocratic_government,empire,e_golden_yi_ti,high
7985.1.1,gen_138,feicui_ren,d_R209G244B199,2,e_golden_yi_ti,history/titles/vassal_titles_e_golden_yi_ti.txt,,meritocratic_government,empire,e_golden_yi_ti,high
7985.1.1,gen_139,feicui_ren,k_R59G108B107,3,e_golden_yi_ti,history/titles/vassal_titles_e_golden_yi_ti.txt,,meritocratic_government,empire,e_golden_yi_ti,high
7985.1.1,gen_14,gogossite,e_sothoryos,4,e_sothoryos,history/titles/hist_titles.txt,tribal_government,tribal_government,empire,e_sothoryos,medium
7985.1.1,gen_140,feicui_ren,c_R175G75B247,1,e_golden_yi_ti,history/titles/vassal_titles_e_golden_yi_ti.txt,,meritocratic_government,empire,e_golden_yi_ti,high
7985.1.1,gen_141,feicui_ren,d_R170G1B201,2,e_golden_yi_ti,history/titles/vassal_titles_e_golden_yi_ti.txt,,meritocratic_government,empire,e_golden_yi_ti,high
7985.1.1,gen_142,feicui_ren,c_R150G65B169,1,e_golden_yi_ti,history/titles/vassal_titles_e_golden_yi_ti.txt,,meritocratic_government,empire,e_golden_yi_ti,high
7985.1.1,gen_143,feicui_ren,d_R179G213B70,2,e_golden_yi_ti,history/titles/vassal_titles_e_golden_yi_ti.txt,,meritocratic_government,empire,e_golden_yi_ti,high
7985.1.1,gen_144,feicui_ren,d_R184G102B177,2,e_golden_yi_ti,history/titles/vassal_titles_e_golden_yi_ti.txt,,meritocratic_government,empire,e_golden_yi_ti,high
7985.1.1,gen_145,feicui_ren,d_R224G137B134,2,e_golden_yi_ti,history/titles/vassal_titles_e_golden_yi_ti.txt,,meritocratic_government,empire,e_golden_yi_ti,high
7985.1.1,gen_146,feicui_ren,d_R126G207B217,2,e_golden_yi_ti,history/titles/vassal_titles_e_golden_yi_ti.txt,,meritocratic_government,empire,e_golden_yi_ti,high
7985.1.1,gen_147,feicui_ren,c_R14G99B75,1,e_golden_yi_ti,history/titles/vassal_titles_e_golden_yi_ti.txt,,meritocratic_government,empire,e_golden_yi_ti,high
7985.1.1,gen_148,feicui_ren,d_R29G61B120,2,e_golden_yi_ti,history/titles/vassal_titles_e_golden_yi_ti.txt,,meritocratic_government,empire,e_golden_yi_ti,high
7985.1.1,gen_149,feicui_ren,d_R232G107B142,2,e_golden_yi_ti,history/titles/vassal_titles_e_golden_yi_ti.txt,,meritocratic_government,empire,e_golden_yi_ti,high
7985.1.1,gen_15,jhalai,e_summer_isles,4,e_summer_isles,history/titles/hist_titles.txt,feudal_government,feudal_government,empire,e_summer_isles,medium
7985.1.1,gen_150,feicui_ren,d_R65G217B122,2,e_golden_yi_ti,history/titles/vassal_titles_e_golden_yi_ti.txt,,meritocratic_government,empire,e_golden_yi_ti,high
7985.1.1,gen_151,feicui_ren,d_R123G165B62,2,e_golden_yi_ti,history/titles/vassal_titles_e_golden_yi_ti.txt,,meritocratic_government,empire,e_golden_yi_ti,high
7985.1.1,gen_152,feicui_ren,d_R222G220B5,2,e_golden_yi_ti,history/titles/vassal_titles_e_golden_yi_ti.txt,,meritocratic_government,empire,e_golden_yi_ti,high
7985.1.1,gen_153,feicui_ren,k_R74G86B203,3,e_golden_yi_ti,history/titles/vassal_titles_e_golden_yi_ti.txt,,meritocratic_government,empire,e_golden_yi_ti,high
7985.1.1,gen_154,feicui_ren,c_R133G80B70,1,e_golden_yi_ti,history/titles/vassal_titles_e_golden_yi_ti.txt,,meritocratic_government,empire,e_golden_yi_ti,high
7985.1.1,gen_155,feicui_ren,d_R5G53B50,2,e_golden_yi_ti,history/titles/vassal_titles_e_golden_yi_ti.txt,,meritocratic_government,empire,e_golden_yi_ti,high
7985.1.1,gen_156,feicui_ren,d_R82G61B86,2,e_golden_yi_ti,history/titles/vassal_titles_e_golden_yi_ti.txt,,meritocratic_government,empire,e_golden_yi_ti,high
7985.1.1,gen_157,feicui_ren,d_R103G34B31,2,e_golden_yi_ti,history/titles/vassal_titles_e_golden_yi_ti.txt,,meritocratic_government,empire,e_golden_yi_ti,high
7985.1.1,gen_158,feicui_ren,d_R83G108B44,2,e_golden_yi_ti,history/titles/vassal_titles_e_golden_yi_ti.txt,,meritocratic_government,empire,e_golden_yi_ti,high
7985.1.1,gen_159,feicui_ren,c_R174G233B162,1,e_golden_yi_ti,history/titles/vassal_titles_e_golden_yi_ti.txt,,meritocratic_government,empire,e_golden_yi_ti,high
7985.1.1,gen_16,manticorian,e_thousand_islands,4,e_thousand_islands,history/titles/hist_titles.txt,tribal_government,tribal_government,empire,e_thousand_islands,medium
7985.1.1,gen_160,feicui_ren,d_R157G24B25,2,e_golden_yi_ti,history/titles/vassal_titles_e_golden_yi_ti.txt,,meritocratic_government,empire,e_golden_yi_ti,high
7985.1.1,gen_161,feicui_ren,c_R138G189B244,1,e_golden_yi_ti,history/titles/vassal_titles_e_golden_yi_ti.txt,,meritocratic_government,empire,e_golden_yi_ti,high
7985.1.1,gen_162,feicui_ren,d_R126G55B188,2,e_golden_yi_ti,history/titles/vassal_titles_e_golden_yi_ti.txt,,meritocratic_government,empire,e_golden_yi_ti,high
7985.1.1,gen_163,feicui_ren,d_R246G38B101,2,e_golden_yi_ti,history/titles/vassal_titles_e_golden_yi_ti.txt,,meritocratic_government,empire,e_golden_yi_ti,high
7985.1.1,gen_164,feicui_ren,c_R172G23B85,1,e_golden_yi_ti,history/titles/vassal_titles_e_golden_yi_ti.txt,,meritocratic_government,empire,e_golden_yi_ti,high
7985.1.1,gen_165,feicui_ren,c_R200G9B36,1,e_golden_yi_ti,history/titles/vassal_titles_e_golden_yi_ti.txt,,meritocratic_government,empire,e_golden_yi_ti,high
7985.1.1,gen_166,feicui_ren,k_R56G176B148,3,e_golden_yi_ti,history/titles/vassal_titles_e_golden_yi_ti.txt,,meritocratic_government,empire,e_golden_yi_ti,high
7985.1.1,gen_167,feicui_ren,c_R172G112B46,1,e_golden_yi_ti,history/titles/vassal_titles_e_golden_yi_ti.txt,,meritocratic_government,empire,e_golden_yi_ti,high
7985.1.1,gen_168,feicui_ren,d_R128G165B91,2,e_golden_yi_ti,history/titles/vassal_titles_e_golden_yi_ti.txt,,meritocratic_government,empire,e_golden_yi_ti,high
7985.1.1,gen_169,feicui_ren,d_R237G75B164,2,e_golden_yi_ti,history/titles/vassal_titles_e_golden_yi_ti.txt,,meritocratic_government,empire,e_golden_yi_ti,high
7985.1.1,gen_17,shadowman,e_ulthos,4,e_ulthos,history/titles/hist_titles.txt,tribal_government,tribal_government,culture,shadowman,low
7985.1.1,gen_170,feicui_ren,d_R15G78B55,2,e_golden_yi_ti,history/titles/vassal_titles_e_golden_yi_ti.txt,,meritocratic_government,empire,e_golden_yi_ti,high
7985.1.1,gen_171,feicui_ren,d_R197G250B234,2,e_golden_yi_ti,history/titles/vassal_titles_e_golden_yi_ti.txt,,meritocratic_government,empire,e_golden_yi_ti,high
7985.1.1,gen_172,feicui_ren,d_R118G226B28,2,e_golden_yi_ti,history/titles/vassal_titles_e_golden_yi_ti.txt,,meritocratic_government,empire,e_golden_yi_ti,high
7985.1.1,gen_173,feicui_ren,c_R13G67B93,1,e_golden_yi_ti,history/titles/vassal_titles_e_golden_yi_ti.txt,,meritocratic_government,empire,e_golden_yi_ti,high
7985.1.1,gen_174,feicui_ren,k_R36G72B198,3,e_golden_yi_ti,history/titles/vassal_titles_e_golden_yi_ti.txt,,meritocratic_government,empire,e_golden_yi_ti,high
7985.1.1,gen_175,feicui_ren,d_R21G0B50,2,e_golden_yi_ti,history/titles/vassal_titles_e_golden_yi_ti.txt,,meritocratic_government,empire,e_golden_yi_ti,high
7985.1.1,gen_176,feicui_ren,d_R104G238B108,2,e_golden_yi_ti,history/titles/vassal_titles_e_golden_yi_ti.txt,,meritocratic_government,empire,e_golden_yi_ti,high
7985.1.1,gen_177,feicui_ren,c_R169G253B187,1,e_golden_yi_ti,history/titles/vassal_titles_e_golden_yi_ti.txt,,meritocratic_government,empire,e_golden_yi_ti,high
7985.1.1,gen_178,feicui_ren,d_R246G63B205,2,e_golden_yi_ti,history/titles/vassal_titles_e_golden_yi_ti.txt,,meritocratic_government,empire,e_golden_yi_ti,high
7985.1.1,gen_179,feicui_ren,d_R79G198B89,2,e_golden_yi_ti,history/titles/vassal_titles_e_golden_yi_ti.txt,,meritocratic_government,empire,e_golden_yi_ti,high
7985.1.1,gen_18,dothraki,e_upper_sarne_dothraki,4,e_upper_sarne_dothraki,history/titles/hist_titles.txt,tribal_government,nomad_government,culture,dothraki,high
7985.1.1,gen_180,feicui_ren,d_R79G215B32,2,e_golden_yi_ti,history/titles/vassal_titles_e_golden_yi_ti.txt,,meritocratic_government,empire,e_golden_yi_ti,high
7985.1.1,gen_181,feicui_ren,c_R179G54B175,1,e_golden_yi_ti,history/titles/vassal_titles_e_golden_yi_ti.txt,,meritocratic_government,empire,e_golden_yi_ti,high
7985.1.1,gen_182,feicui_ren,d_R24G149B3,2,e_golden_yi_ti,history/titles/vassal_titles_e_golden_yi_ti.txt,,meritocratic_government,empire,e_golden_yi_ti,high
7985.1.1,gen_183,feicui_ren,c_R168G81B22,1,e_golden_yi_ti,history/titles/vassal_titles_e_golden_yi_ti.txt,,meritocratic_government,empire,e_golden_yi_ti,high
7985.1.1,gen_184,feicui_ren,d_R230G145B81,2,e_golden_yi_ti,history/titles/vassal_titles_e_golden_yi_ti.txt,,meritocratic_government,empire,e_golden_yi_ti,high
7985.1.1,gen_185,feicui_ren,k_R60G250B117,3,e_golden_yi_ti,history/titles/vassal_titles_e_golden_yi_ti.txt,,meritocratic_government,empire,e_golden_yi_ti,high
7985.1.1,gen_186,feicui_ren,d_R23G122B200,2,e_golden_yi_ti,history/titles/vassal_titles_e_golden_yi_ti.txt,,meritocratic_government,empire,e_golden_yi_ti,high
7985.1.1,gen_187,feicui_ren,d_R149G188B218,2,e_golden_yi_ti,history/titles/vassal_titles_e_golden_yi_ti.txt,,meritocratic_government,empire,e_golden_yi_ti,high
7985.1.1,gen_188,feicui_ren,d_R112G28B16,2,e_golden_yi_ti,history/titles/vassal_titles_e_golden_yi_ti.txt,,meritocratic_government,empire,e_golden_yi_ti,high
7985.1.1,gen_189,feicui_ren,d_R99G52B102,2,e_golden_yi_ti,history/titles/vassal_titles_e_golden_yi_ti.txt,,meritocratic_government,empire,e_golden_yi_ti,high
7985.1.1,gen_19,dothraki,e_lower_sarne_dothraki,4,e_lower_sarne_dothraki,history/titles/hist_titles.txt,tribal_government,nomad_government,culture,dothraki,high
7985.1.1,gen_190,feicui_ren,d_R224G201B152,2,e_golden_yi_ti,history/titles/vassal_titles_e_golden_yi_ti.txt,,meritocratic_government,empire,e_golden_yi_ti,high
7985.1.1,gen_191,feicui_ren,d_R243G219B128,2,e_golden_yi_ti,history/titles/vassal_titles_e_golden_yi_ti.txt,,meritocratic_government,empire,e_golden_yi_ti,high
7985.1.1,gen_192,feicui_ren,c_R24G217B116,1,e_golden_yi_ti,history/titles/vassal_titles_e_golden_yi_ti.txt,,meritocratic_government,empire,e_golden_yi_ti,high
7985.1.1,gen_193,feicui_ren,d_R43G59B222,2,e_golden_yi_ti,history/titles/vassal_titles_e_golden_yi_ti.txt,,meritocratic_government,empire,e_golden_yi_ti,high
7985.1.1,gen_194,feicui_ren,c_R185G154B90,1,e_golden_yi_ti,history/titles/vassal_titles_e_golden_yi_ti.txt,,meritocratic_government,empire,e_golden_yi_ti,high
7985.1.1,gen_195,feicui_ren,d_R59G123B179,2,e_golden_yi_ti,history/titles/vassal_titles_e_golden_yi_ti.txt,,meritocratic_government,empire,e_golden_yi_ti,high
7985.1.1,gen_196,feicui_ren,d_R174G82B237,2,e_golden_yi_ti,history/titles/vassal_titles_e_golden_yi_ti.txt,,meritocratic_government,empire,e_golden_yi_ti,high
7985.1.1,gen_197,feicui_ren,d_R254G161B109,2,e_golden_yi_ti,history/titles/vassal_titles_e_golden_yi_ti.txt,,meritocratic_government,empire,e_golden_yi_ti,high
7985.1.1,gen_198,feicui_ren,k_R211G208B24,3,e_golden_yi_ti,history/titles/vassal_titles_e_golden_yi_ti.txt,,meritocratic_government,empire,e_golden_yi_ti,high
7985.1.1,gen_199,feicui_ren,d_R12G4B57,2,e_golden_yi_ti,history/titles/vassal_titles_e_golden_yi_ti.txt,,meritocratic_government,empire,e_golden_yi_ti,high
7985.1.1,gen_2,qaleen,e_cannibal_sands,4,e_cannibal_sands,history/titles/hist_titles.txt,tribal_government,tribal_government,empire,e_cannibal_sands,low
7985.1.1,gen_20,dothraki,e_great_grass_sea_dothraki,4,e_great_grass_sea_dothraki,history/titles/hist_titles.txt,tribal_government,nomad_government,culture,dothraki,high
7985.1.1,gen_200,feicui_ren,c_R209G84B26,1,e_golden_yi_ti,history/titles/vassal_titles_e_golden_yi_ti.txt,,meritocratic_government,empire,e_golden_yi_ti,high
7985.1.1,gen_201,feicui_ren,c_R240G73B71,1,e_golden_yi_ti,history/titles/vassal_titles_e_golden_yi_ti.txt,,meritocratic_government,empire,e_golden_yi_ti,high
7985.1.1,gen_202,feicui_ren,d_R129G169B173,2,e_golden_yi_ti,history/titles/vassal_titles_e_golden_yi_ti.txt,,meritocratic_government,empire,e_golden_yi_ti,high
7985.1.1,gen_203,feicui_ren,c_R201G245B20,1,e_golden_yi_ti,history/titles/vassal_titles_e_golden_yi_ti.txt,,meritocratic_government,empire,e_golden_yi_ti,high
7985.1.1,gen_204,feicui_ren,d_R166G215B77,2,e_golden_yi_ti,history/titles/vassal_titles_e_golden_yi_ti.txt,,meritocratic_government,empire,e_golden_yi_ti,high
7985.1.1,gen_205,feicui_ren,d_R83G220B141,2,e_golden_yi_ti,history/titles/vassal_titles_e_golden_yi_ti.txt,,meritocratic_government,empire,e_golden_yi_ti,high
7985.1.1,gen_206,feicui_ren,c_R142G161B95,1,e_golden_yi_ti,history/titles/vassal_titles_e_golden_yi_ti.txt,,meritocratic_government,empire,e_golden_yi_ti,high
7985.1.1,gen_207,feicui_ren,d_R129G31B140,2,e_golden_yi_ti,history/titles/vassal_titles_e_golden_yi_ti.txt,,meritocratic_government,empire,e_golden_yi_ti,high
7985.1.1,gen_208,feicui_ren,c_R209G143B230,1,e_golden_yi_ti,history/titles/vassal_titles_e_golden_yi_ti.txt,,meritocratic_government,empire,e_golden_yi_ti,high
7985.1.1,gen_209,feicui_ren,c_R242G35B35,1,e_golden_yi_ti,history/titles/vassal_titles_e_golden_yi_ti.txt,,meritocratic_government,empire,e_golden_yi_ti,high
7985.1.1,gen_21,dothraki,e_bone_mountain_dothraki,4,e_bone_mountain_dothraki,history/titles/hist_titles.txt,tribal_government,nomad_government,culture,dothraki,high
7985.1.1,gen_210,feicui_ren,d_R88G177B122,2,e_golden_yi_ti,history/titles/vassal_titles_e_golden_yi_ti.txt,,meritocratic_government,empire,e_golden_yi_ti,high
7985.1.1,gen_211,feicui_ren,c_R82G27B200,1,e_golden_yi_ti,history/titles/vassal_titles_e_golden_yi_ti.txt,,meritocratic_government,empire,e_golden_yi_ti,high
7985.1.1,gen_212,feicui_ren,k_R120G189B251,3,e_golden_yi_ti,history/titles/vassal_titles_e_golden_yi_ti.txt,,meritocratic_government,empire,e_golden_yi_ti,high
7985.1.1,gen_213,feicui_ren,d_R74G231B172,2,e_golden_yi_ti,history/titles/vassal_titles_e_golden_yi_ti.txt,,meritocratic_government,empire,e_golden_yi_ti,high
7985.1.1,gen_214,feicui_ren,d_R133G93B231,2,e_golden_yi_ti,history/titles/vassal_titles_e_golden_yi_ti.txt,,meritocratic_government,empire,e_golden_yi_ti,high
7985.1.1,gen_215,feicui_ren,d_R143G224B96,2,e_golden_yi_ti,history/titles/vassal_titles_e_golden_yi_ti.txt,,meritocratic_government,empire,e_golden_yi_ti,high
7985.1.1,gen_216,feicui_ren,c_R227G116B96,1,e_golden_yi_ti,history/titles/vassal_titles_e_golden_yi_ti.txt,,meritocratic_government,empire,e_golden_yi_ti,high
7985.1.1,gen_217,feicui_ren,d_R167G215B10,2,e_golden_yi_ti,history/titles/vassal_titles_e_golden_yi_ti.txt,,meritocratic_government,empire,e_golden_yi_ti,high
7985.1.1,gen_218,feicui_ren,d_R2G223B70,2,e_golden_yi_ti,history/titles/vassal_titles_e_golden_yi_ti.txt,,meritocratic_government,empire,e_golden_yi_ti,high
7985.1.1,gen_219,feicui_ren,k_R248G119B247,3,e_golden_yi_ti,history/titles/vassal_titles_e_golden_yi_ti.txt,,meritocratic_government,empire,e_golden_yi_ti,high
7985.1.1,gen_22,lhazareen,e_lhazar,4,e_lhazar,history/titles/hist_titles.txt,tribal_government,clan_government,empire,e_lhazar,medium
7985.1.1,gen_220,feicui_ren,d_R119G203B117,2,e_golden_yi_ti,history/titles/vassal_titles_e_golden_yi_ti.txt,,meritocratic_government,empire,e_golden_yi_ti,high
7985.1.1,gen_221,feicui_ren,c_R111G242B146,1,e_golden_yi_ti,history/titles/vassal_titles_e_golden_yi_ti.txt,,meritocratic_government,empire,e_golden_yi_ti,high
7985.1.1,gen_222,feicui_ren,d_R115G164B11,2,e_golden_yi_ti,history/titles/vassal_titles_e_golden_yi_ti.txt,,meritocratic_government,empire,e_golden_yi_ti,high
7985.1.1,gen_223,feicui_ren,c_R180G59B118,1,e_golden_yi_ti,history/titles/vassal_titles_e_golden_yi_ti.txt,,meritocratic_government,empire,e_golden_yi_ti,high
7985.1.1,gen_224,feicui_ren,d_R12G131B170,2,e_golden_yi_ti,history/titles/vassal_titles_e_golden_yi_ti.txt,,meritocratic_government,empire,e_golden_yi_ti,high
7985.1.1,gen_225,feicui_ren,c_R208G12B133,1,e_golden_yi_ti,history/titles/vassal_titles_e_golden_yi_ti.txt,,meritocratic_government,empire,e_golden_yi_ti,high
7985.1.1,gen_226,feicui_ren,d_R59G221B136,2,e_golden_yi_ti,history/titles/vassal_titles_e_golden_yi_ti.txt,,meritocratic_government,empire,e_golden_yi_ti,high
7985.1.1,gen_227,feicui_ren,k_R141G138B52,3,e_golden_yi_ti,history/titles/vassal_titles_e_golden_yi_ti.txt,,meritocratic_government,empire,e_golden_yi_ti,high
7985.1.1,gen_228,feicui_ren,d_R147G113B69,2,e_golden_yi_ti,history/titles/vassal_titles_e_golden_yi_ti.txt,,meritocratic_government,empire,e_golden_yi_ti,high
7985.1.1,gen_229,feicui_ren,d_R146G195B113,2,e_golden_yi_ti,history/titles/vassal_titles_e_golden_yi_ti.txt,,meritocratic_government,empire,e_golden_yi_ti,high
7985.1.1,gen_23,qartheen,e_qarth,4,e_qarth,history/titles/hist_titles.txt,oligarchic_government,oligarchic_government,empire,e_qarth,high
7985.1.1,gen_230,feicui_ren,c_R200G161B174,1,e_golden_yi_ti,history/titles/vassal_titles_e_golden_yi_ti.txt,,meritocratic_government,empire,e_golden_yi_ti,high
7985.1.1,gen_231,feicui_ren,d_R84G146B204,2,e_golden_yi_ti,history/titles/vassal_titles_e_golden_yi_ti.txt,,meritocratic_government,empire,e_golden_yi_ti,high
7985.1.1,gen_232,feicui_ren,d_R63G211B67,2,e_golden_yi_ti,history/titles/vassal_titles_e_golden_yi_ti.txt,,meritocratic_government,empire,e_golden_yi_ti,high
7985.1.1,gen_233,feicui_ren,c_R196G183B74,1,e_golden_yi_ti,history/titles/vassal_titles_e_golden_yi_ti.txt,,meritocratic_government,empire,e_golden_yi_ti,high
7985.1.1,gen_234,feicui_ren,d_R200G178B4,2,e_golden_yi_ti,history/titles/vassal_titles_e_golden_yi_ti.txt,,meritocratic_government,empire,e_golden_yi_ti,high
7985.1.1,gen_235,feicui_ren,d_R204G81B169,2,e_golden_yi_ti,history/titles/vassal_titles_e_golden_yi_ti.txt,,meritocratic_government,empire,e_golden_yi_ti,high
7985.1.1,gen_236,feicui_ren,d_R162G147B201,2,e_golden_yi_ti,history/titles/vassal_titles_e_golden_yi_ti.txt,,meritocratic_government,empire,e_golden_yi_ti,high
7985.1.1,gen_237,dothraki,d_R149G140B85,2,e_great_grass_sea_dothraki,history/titles/vassal_titles_e_great_grass_sea_dothraki.txt,,nomad_government,culture,dothraki,high
7985.1.1,gen_238,dothraki,c_R251G70B54,1,e_great_grass_sea_dothraki,history/titles/vassal_titles_e_great_grass_sea_dothraki.txt,,nomad_government,culture,dothraki,high
7985.1.1,gen_239,dothraki,d_R246G245B244,2,e_great_grass_sea_dothraki,history/titles/vassal_titles_e_great_grass_sea_dothraki.txt,,nomad_government,culture,dothraki,high
7985.1.1,gen_24,feicui_ren,e_golden_yi_ti,4,e_golden_yi_ti,history/titles/hist_titles.txt,feudal_government,celestial_government,empire,e_golden_yi_ti,high
7985.1.1,gen_240,dothraki,c_R138G130B120,1,e_great_grass_sea_dothraki,history/titles/vassal_titles_e_great_grass_sea_dothraki.txt,,nomad_government,culture,dothraki,high
7985.1.1,gen_241,dothraki,d_R56G100B19,2,e_great_grass_sea_dothraki,history/titles/vassal_titles_e_great_grass_sea_dothraki.txt,,nomad_government,culture,dothraki,high
7985.1.1,gen_242,dothraki,c_R235G255B182,1,e_great_grass_sea_dothraki,history/titles/vassal_titles_e_great_grass_sea_dothraki.txt,,nomad_government,culture,dothraki,high
7985.1.1,gen_243,dothraki,d_R115G110B236,2,e_great_grass_sea_dothraki,history/titles/vassal_titles_e_great_grass_sea_dothraki.txt,,nomad_government,culture,dothraki,high
7985.1.1,gen_244,dothraki,c_R112G17B151,1,e_great_grass_sea_dothraki,history/titles/vassal_titles_e_great_grass_sea_dothraki.txt,,nomad_government,culture,dothraki,high
7985.1.1,gen_245,dothraki,d_R39G239B230,2,e_great_grass_sea_dothraki,history/titles/vassal_titles_e_great_grass_sea_dothraki.txt,,nomad_government,culture,dothraki,high
7985.1.1,gen_246,dothraki,c_R164G76B130,1,e_great_grass_sea_dothraki,history/titles/vassal_titles_e_great_grass_sea_dothraki.txt,,nomad_government,culture,dothraki,high
7985.1.1,gen_247,dothraki,d_R246G41B220,2,e_great_grass_sea_dothraki,history/titles/vassal_titles_e_great_grass_sea_dothraki.txt,,nomad_government,culture,dothraki,high
7985.1.1,gen_248,dothraki,k_R209G123B86,3,e_great_grass_sea_dothraki,history/titles/vassal_titles_e_great_grass_sea_dothraki.txt,,nomad_government,culture,dothraki,high
7985.1.1,gen_249,dothraki,c_R254G210B7,1,e_great_grass_sea_dothraki,history/titles/vassal_titles_e_great_grass_sea_dothraki.txt,,nomad_government,culture,dothraki,high
7985.1.1,gen_25,jogos_nhai,e_jogos_nhai,4,e_jogos_nhai,history/titles/hist_titles.txt,feudal_government,nomad_government,culture,jogos_nhai,high
7985.1.1,gen_250,dothraki,d_R84G138B162,2,e_great_grass_sea_dothraki,history/titles/vassal_titles_e_great_grass_sea_dothraki.txt,,nomad_government,culture,dothraki,high
7985.1.1,gen_251,dothraki,d_R131G138B204,2,e_great_grass_sea_dothraki,history/titles/vassal_titles_e_great_grass_sea_dothraki.txt,,nomad_government,culture,dothraki,high
7985.1.1,gen_252,dothraki,d_R44G202B117,2,e_great_grass_sea_dothraki,history/titles/vassal_titles_e_great_grass_sea_dothraki.txt,,nomad_government,culture,dothraki,high
7985.1.1,gen_253,dothraki,c_R10G47B20,1,e_great_grass_sea_dothraki,history/titles/vassal_titles_e_great_grass_sea_dothraki.txt,,nomad_government,culture,dothraki,high
7985.1.1,gen_254,dothraki,d_R87G141B81,2,e_great_grass_sea_dothraki,history/titles/vassal_titles_e_great_grass_sea_dothraki.txt,,nomad_government,culture,dothraki,high
7985.1.1,gen_255,dothraki,d_R10G241B44,2,e_great_grass_sea_dothraki,history/titles/vassal_titles_e_great_grass_sea_dothraki.txt,,nomad_government,culture,dothraki,high
7985.1.1,gen_256,dothraki,d_R37G118B118,2,e_great_grass_sea_dothraki,history/titles/vassal_titles_e_great_grass_sea_dothraki.txt,,nomad_government,culture,dothraki,high
7985.1.1,gen_257,dothraki,d_R102G182B233,2,e_great_grass_sea_dothraki,history/titles/vassal_titles_e_great_grass_sea_dothraki.txt,,nomad_government,culture,dothraki,high
7985.1.1,gen_258,dothraki,d_R211G145B243,2,e_great_grass_sea_dothraki,history/titles/vassal_titles_e_great_grass_sea_dothraki.txt,,nomad_government,culture,dothraki,high
7985.1.1,gen_259,dothraki,c_R107G108B154,1,e_great_grass_sea_dothraki,history/titles/vassal_titles_e_great_grass_sea_dothraki.txt,,nomad_government,culture,dothraki,high
7985.1.1,gen_26,vahari,e_great_moraq,4,e_great_moraq,history/titles/hist_titles.txt,tribal_government,feudal_government,empire,e_great_moraq,low
7985.1.1,gen_260,dothraki,k_R210G77B73,3,e_great_grass_sea_dothraki,history/titles/vassal_titles_e_great_grass_sea_dothraki.txt,,nomad_government,culture,dothraki,high
7985.1.1,gen_261,dothraki,c_R238G180B0,1,e_great_grass_sea_dothraki,history/titles/vassal_titles_e_great_grass_sea_dothraki.txt,,nomad_government,culture,dothraki,high
7985.1.1,gen_262,dothraki,d_R203G196B47,2,e_great_grass_sea_dothraki,history/titles/vassal_titles_e_great_grass_sea_dothraki.txt,,nomad_government,culture,dothraki,high
7985.1.1,gen_263,dothraki,d_R254G141B143,2,e_great_grass_sea_dothraki,history/titles/vassal_titles_e_great_grass_sea_dothraki.txt,,nomad_government,culture,dothraki,high
7985.1.1,gen_264,dothraki,c_R111G65B239,1,e_great_grass_sea_dothraki,history/titles/vassal_titles_e_great_grass_sea_dothraki.txt,,nomad_government,culture,dothraki,high
7985.1.1,gen_265,dothraki,d_R154G217B3,2,e_great_grass_sea_dothraki,history/titles/vassal_titles_e_great_grass_sea_dothraki.txt,,nomad_government,culture,dothraki,high
7985.1.1,gen_266,dothraki,d_R182G75B203,2,e_great_grass_sea_dothraki,history/titles/vassal_titles_e_great_grass_sea_dothraki.txt,,nomad_government,culture,dothraki,high
7985.1.1,gen_267,dothraki,d_R139G201B238,2,e_great_grass_sea_dothraki,history/titles/vassal_titles_e_great_grass_sea_dothraki.txt,,nomad_government,culture,dothraki,high
7985.1.1,gen_268,dothraki,d_R236G91B165,2,e_great_grass_sea_dothraki,history/titles/vassal_titles_e_great_grass_sea_dothraki.txt,,nomad_government,culture,dothraki,high
7985.1.1,gen_269,dothraki,d_R86G90B21,2,e_great_grass_sea_dothraki,history/titles/vassal_titles_e_great_grass_sea_dothraki.txt,,nomad_government,culture,dothraki,high
7985.1.1,gen_27,lengii,e_leng,4,e_leng,history/titles/hist_titles.txt,tribal_government,mandala_government,empire,e_leng,high
7985.1.1,gen_270,dothraki,c_R152G39B34,1,e_great_grass_sea_dothraki,history/titles/vassal_titles_e_great_grass_sea_dothraki.txt,,nomad_government,culture,dothraki,high
7985.1.1,gen_271,dothraki,d_R29G188B175,2,e_great_grass_sea_dothraki,history/titles/vassal_titles_e_great_grass_sea_dothraki.txt,,nomad_government,culture,dothraki,high
7985.1.1,gen_272,dothraki,d_R28G171B245,2,e_great_grass_sea_dothraki,history/titles/vassal_titles_e_great_grass_sea_dothraki.txt,,nomad_government,culture,dothraki,high
7985.1.1,gen_273,dothraki,c_R124G166B243,1,e_great_grass_sea_dothraki,history/titles/vassal_titles_e_great_grass_sea_dothraki.txt,,nomad_government,culture,dothraki,high
7985.1.1,gen_274,dothraki,k_R234G164B143,3,e_great_grass_sea_dothraki,history/titles/vassal_titles_e_great_grass_sea_dothraki.txt,,nomad_government,culture,dothraki,high
7985.1.1,gen_275,dothraki,d_R88G120B69,2,e_great_grass_sea_dothraki,history/titles/vassal_titles_e_great_grass_sea_dothraki.txt,,nomad_government,culture,dothraki,high
7985.1.1,gen_276,dothraki,d_R249G133B128,2,e_great_grass_sea_dothraki,history/titles/vassal_titles_e_great_grass_sea_dothraki.txt,,nomad_government,culture,dothraki,high
7985.1.1,gen_277,dothraki,d_R65G205B82,2,e_great_grass_sea_dothraki,history/titles/vassal_titles_e_great_grass_sea_dothraki.txt,,nomad_government,culture,dothraki,high
7985.1.1,gen_278,dothraki,d_R244G129B68,2,e_great_grass_sea_dothraki,history/titles/vassal_titles_e_great_grass_sea_dothraki.txt,,nomad_government,culture,dothraki,high
7985.1.1,gen_279,dothraki,c_R51G154B139,1,e_great_grass_sea_dothraki,history/titles/vassal_titles_e_great_grass_sea_dothraki.txt,,nomad_government,culture,dothraki,high
7985.1.1,gen_28,bloodless_man,d_R158G10B113,2,e_bloodless_men,history/titles/vassal_titles_e_bloodless_men.txt,,tribal_government,empire,e_bloodless_men,low
7985.1.1,gen_280,dothraki,d_R74G12B10,2,e_great_grass_sea_dothraki,history/titles/vassal_titles_e_great_grass_sea_dothraki.txt,,nomad_government,culture,dothraki,high
7985.1.1,gen_281,dothraki,c_R160G69B80,1,e_great_grass_sea_dothraki,history/titles/vassal_titles_e_great_grass_sea_dothraki.txt,,nomad_government,culture,dothraki,high
7985.1.1,gen_282,dothraki,d_R40G148B36,2,e_great_grass_sea_dothraki,history/titles/vassal_titles_e_great_grass_sea_dothraki.txt,,nomad_government,culture,dothraki,high
7985.1.1,gen_283,dothraki,d_R133G252B31,2,e_great_grass_sea_dothraki,history/titles/vassal_titles_e_great_grass_sea_dothraki.txt,,nomad_government,culture,dothraki,high
7985.1.1,gen_284,dothraki,d_R111G68B23,2,e_great_grass_sea_dothraki,history/titles/vassal_titles_e_great_grass_sea_dothraki.txt,,nomad_government,culture,dothraki,high
7985.1.1,gen_285,kayakayanayan,d_R6G17B202,2,e_hidden_sea,history/titles/vassal_titles_e_hidden_sea.txt,,clan_government,empire,e_hidden_sea,medium
7985.1.1,gen_286,kayakayanayan,c_R172G172B245,1,e_hidden_sea,history/titles/vassal_titles_e_hidden_sea.txt,,clan_government,empire,e_hidden_sea,medium
7985.1.1,gen_287,kayakayanayan,d_R32G145B229,2,e_hidden_sea,history/titles/vassal_titles_e_hidden_sea.txt,,clan_government,empire,e_hidden_sea,medium
7985.1.1,gen_288,kayakayanayan,d_R1G86B152,2,e_hidden_sea,history/titles/vassal_titles_e_hidden_sea.txt,,clan_government,empire,e_hidden_sea,medium
7985.1.1,gen_289,ibbatese,c_R131G152B208,1,e_ibben,history/titles/vassal_titles_e_ibben.txt,,oligarchic_government,empire,e_ibben,high
7985.1.1,gen_29,bloodless_man,d_R13G72B64,2,e_bloodless_men,history/titles/vassal_titles_e_bloodless_men.txt,,tribal_government,empire,e_bloodless_men,low
7985.1.1,gen_290,ibbatese,d_R22G10B16,2,e_ibben,history/titles/vassal_titles_e_ibben.txt,,oligarchic_government,empire,e_ibben,high
7985.1.1,gen_291,ibbatese,c_R19G125B165,1,e_ibben,history/titles/vassal_titles_e_ibben.txt,,oligarchic_government,empire,e_ibben,high
7985.1.1,gen_292,ibbatese,d_R77G191B116,2,e_ibben,history/titles/vassal_titles_e_ibben.txt,,oligarchic_government,empire,e_ibben,high
7985.1.1,gen_293,ibbatese,c_R13G209B148,1,e_ibben,history/titles/vassal_titles_e_ibben.txt,,oligarchic_government,empire,e_ibben,high
7985.1.1,gen_294,ibbatese,c_R191G243B88,1,e_ibben,history/titles/vassal_titles_e_ibben.txt,,oligarchic_government,empire,e_ibben,high
7985.1.1,gen_295,ibbatese,d_R237G246B209,2,e_ibben,history/titles/vassal_titles_e_ibben.txt,,oligarchic_government,empire,e_ibben,high
7985.1.1,gen_296,ibbatese,d_R10G161B255,2,e_ibben,history/titles/vassal_titles_e_ibben.txt,,oligarchic_government,empire,e_ibben,high
7985.1.1,gen_297,ibbatese,c_R104G18B91,1,e_ibben,history/titles/vassal_titles_e_ibben.txt,,oligarchic_government,empire,e_ibben,high
7985.1.1,gen_298,ibbatese,d_R167G91B49,2,e_ibben,history/titles/vassal_titles_e_ibben.txt,,oligarchic_government,empire,e_ibben,high
7985.1.1,gen_299,ibbatese,c_R107G7B115,1,e_ibben,history/titles/vassal_titles_e_ibben.txt,,oligarchic_government,empire,e_ibben,high
7985.1.1,gen_3,kayakayanayan,e_hidden_sea,4,e_hidden_sea,history/titles/hist_titles.txt,tribal_government,clan_government,empire,e_hidden_sea,medium
7985.1.1,gen_30,bloodless_man,c_R132G229B163,1,e_bloodless_men,history/titles/vassal_titles_e_bloodless_men.txt,,tribal_government,empire,e_bloodless_men,low
7985.1.1,gen_300,ibbatese,c_R2G40B188,1,e_ibben,history/titles/vassal_titles_e_ibben.txt,,oligarchic_government,empire,e_ibben,high
7985.1.1,gen_301,ibbatese,d_R108G223B204,2,e_ibben,history/titles/vassal_titles_e_ibben.txt,,oligarchic_government,empire,e_ibben,high
7985.1.1,gen_302,ibbatese,d_R80G23B0,2,e_ibben,history/titles/vassal_titles_e_ibben.txt,,oligarchic_government,empire,e_ibben,high
7985.1.1,gen_303,ibbatese,d_R99G34B68,2,e_ibben,history/titles/vassal_titles_e_ibben.txt,,oligarchic_government,empire,e_ibben,high
7985.1.1,gen_304,ibbatese,d_R25G74B145,2,e_ibben,history/titles/vassal_titles_e_ibben.txt,,oligarchic_government,empire,e_ibben,high
7985.1.1,gen_305,ibbatese,c_R181G3B65,1,e_ibben,history/titles/vassal_titles_e_ibben.txt,,oligarchic_government,empire,e_ibben,high
7985.1.1,gen_306,ibbatese,c_R244G157B183,1,e_ibben,history/titles/vassal_titles_e_ibben.txt,,oligarchic_government,empire,e_ibben,high
7985.1.1,gen_307,ibbatese,d_R1G118B42,2,e_ibben,history/titles/vassal_titles_e_ibben.txt,,oligarchic_government,empire,e_ibben,high
7985.1.1,gen_308,ibbatese,c_R240G81B212,1,e_ibben,history/titles/vassal_titles_e_ibben.txt,,oligarchic_government,empire,e_ibben,high
7985.1.1,gen_309,ifequevron,c_R157G146B155,1,e_ifequevron,history/titles/vassal_titles_e_ifequevron.txt,,tribal_government,empire,e_ifequevron,low
7985.1.1,gen_31,bloodless_man,d_R82G102B147,2,e_bloodless_men,history/titles/vassal_titles_e_bloodless_men.txt,,tribal_government,empire,e_bloodless_men,low
7985.1.1,gen_310,ifequevron,d_R11G70B64,2,e_ifequevron,history/titles/vassal_titles_e_ifequevron.txt,,tribal_government,empire,e_ifequevron,low
7985.1.1,gen_311,ifequevron,d_R19G246B85,2,e_ifequevron,history/titles/vassal_titles_e_ifequevron.txt,,tribal_government,empire,e_ifequevron,low
7985.1.1,gen_312,ifequevron,d_R209G119B71,2,e_ifequevron,history/titles/vassal_titles_e_ifequevron.txt,,tribal_government,empire,e_ifequevron,low
7985.1.1,gen_313,ifequevron,c_R150G14B79,1,e_ifequevron,history/titles/vassal_titles_e_ifequevron.txt,,tribal_government,empire,e_ifequevron,low
7985.1.1,gen_314,ifequevron,d_R132G27B238,2,e_ifequevron,history/titles/vassal_titles_e_ifequevron.txt,,tribal_government,empire,e_ifequevron,low
7985.1.1,gen_315,ifequevron,d_R213G79B164,2,e_ifequevron,history/titles/vassal_titles_e_ifequevron.txt,,tribal_government,empire,e_ifequevron,low
7985.1.1,gen_316,ifequevron,d_R80G112B68,2,e_ifequevron,history/titles/vassal_titles_e_ifequevron.txt,,tribal_government,empire,e_ifequevron,low
7985.1.1,gen_317,ifequevron,c_R168G127B70,1,e_ifequevron,history/titles/vassal_titles_e_ifequevron.txt,,tribal_government,empire,e_ifequevron,low
7985.1.1,gen_318,ifequevron,k_R99G48B179,3,e_ifequevron,history/titles/vassal_titles_e_ifequevron.txt,,tribal_government,empire,e_ifequevron,low
7985.1.1,gen_319,ifequevron,d_R152G39B63,2,e_ifequevron,history/titles/vassal_titles_e_ifequevron.txt,,tribal_government,empire,e_ifequevron,low
7985.1.1,gen_32,bloodless_man,d_R22G126B243,2,e_bloodless_men,history/titles/vassal_titles_e_bloodless_men.txt,,tribal_government,empire,e_bloodless_men,low
7985.1.1,gen_320,ifequevron,d_R114G115B80,2,e_ifequevron,history/titles/vassal_titles_e_ifequevron.txt,,tribal_government,empire,e_ifequevron,low
7985.1.1,gen_321,ifequevron,d_R123G215B149,2,e_ifequevron,history/titles/vassal_titles_e_ifequevron.txt,,tribal_government,empire,e_ifequevron,low
7985.1.1,gen_322,ifequevron,c_R115G84B54,1,e_ifequevron,history/titles/vassal_titles_e_ifequevron.txt,,tribal_government,empire,e_ifequevron,low
7985.1.1,gen_323,ifequevron,d_R120G246B2,2,e_ifequevron,history/titles/vassal_titles_e_ifequevron.txt,,tribal_government,empire,e_ifequevron,low
7985.1.1,gen_324,ifequevron,c_R127G162B22,1,e_ifequevron,history/titles/vassal_titles_e_ifequevron.txt,,tribal_government,empire,e_ifequevron,low
7985.1.1,gen_325,ifequevron,d_R185G0B147,2,e_ifequevron,history/titles/vassal_titles_e_ifequevron.txt,,tribal_government,empire,e_ifequevron,low
7985.1.1,gen_326,ifequevron,d_R129G202B193,2,e_ifequevron,history/titles/vassal_titles_e_ifequevron.txt,,tribal_government,empire,e_ifequevron,low
7985.1.1,gen_327,ifequevron,d_R87G4B167,2,e_ifequevron,history/titles/vassal_titles_e_ifequevron.txt,,tribal_government,empire,e_ifequevron,low
7985.1.1,gen_328,ifequevron,d_R230G132B38,2,e_ifequevron,history/titles/vassal_titles_e_ifequevron.txt,,tribal_government,empire,e_ifequevron,low
7985.1.1,gen_329,ifequevron,d_R204G168B29,2,e_ifequevron,history/titles/vassal_titles_e_ifequevron.txt,,tribal_government,empire,e_ifequevron,low
7985.1.1,gen_33,bloodless_man,d_R192G133B221,2,e_bloodless_men,history/titles/vassal_titles_e_bloodless_men.txt,,tribal_government,empire,e_bloodless_men,low
7985.1.1,gen_330,ifequevron,c_R182G25B116,1,e_ifequevron,history/titles/vassal_titles_e_ifequevron.txt,,tribal_government,empire,e_ifequevron,low
7985.1.1,gen_331,ifequevron,d_R28G126B153,2,e_ifequevron,history/titles/vassal_titles_e_ifequevron.txt,,tribal_government,empire,e_ifequevron,low
7985.1.1,gen_332,ifequevron,d_R95G82B37,2,e_ifequevron,history/titles/vassal_titles_e_ifequevron.txt,,tribal_government,empire,e_ifequevron,low
7985.1.1,gen_333,ifequevron,k_R74G160B176,3,e_ifequevron,history/titles/vassal_titles_e_ifequevron.txt,,tribal_government,empire,e_ifequevron,low
7985.1.1,gen_334,ifequevron,c_R2G59B27,1,e_ifequevron,history/titles/vassal_titles_e_ifequevron.txt,,tribal_government,empire,e_ifequevron,low
7985.1.1,gen_335,ifequevron,d_R74G57B111,2,e_ifequevron,history/titles/vassal_titles_e_ifequevron.txt,,tribal_government,empire,e_ifequevron,low
7985.1.1,gen_336,ifequevron,c_R229G241B71,1,e_ifequevron,history/titles/vassal_titles_e_ifequevron.txt,,tribal_government,empire,e_ifequevron,low
7985.1.1,gen_337,ifequevron,d_R224G136B105,2,e_ifequevron,history/titles/vassal_titles_e_ifequevron.txt,,tribal_government,empire,e_ifequevron,low
7985.1.1,gen_338,ifequevron,c_R169G102B178,1,e_ifequevron,history/titles/vassal_titles_e_ifequevron.txt,,tribal_government,empire,e_ifequevron,low
7985.1.1,gen_339,ifequevron,d_R98G152B35,2,e_ifequevron,history/titles/vassal_titles_e_ifequevron.txt,,tribal_government,empire,e_ifequevron,low
7985.1.1,gen_34,bloodless_man,d_R179G19B114,2,e_bloodless_men,history/titles/vassal_titles_e_bloodless_men.txt,,tribal_government,empire,e_bloodless_men,low
7985.1.1,gen_340,ifequevron,d_R162G13B75,2,e_ifequevron,history/titles/vassal_titles_e_ifequevron.txt,,tribal_government,empire,e_ifequevron,low
7985.1.1,gen_341,ifequevron,d_R154G223B172,2,e_ifequevron,history/titles/vassal_titles_e_ifequevron.txt,,tribal_government,empire,e_ifequevron,low
7985.1.1,gen_342,ifequevron,c_R0G126B213,1,e_ifequevron,history/titles/vassal_titles_e_ifequevron.txt,,tribal_government,empire,e_ifequevron,low
7985.1.1,gen_343,jogos_nhai,c_R131G121B112,1,e_jogos_nhai,history/titles/vassal_titles_e_jogos_nhai.txt,,nomad_government,culture,jogos_nhai,high
7985.1.1,gen_344,jogos_nhai,d_R179G199B57,2,e_jogos_nhai,history/titles/vassal_titles_e_jogos_nhai.txt,,nomad_government,culture,jogos_nhai,high
7985.1.1,gen_345,jogos_nhai,c_R31G68B24,1,e_jogos_nhai,history/titles/vassal_titles_e_jogos_nhai.txt,,nomad_government,culture,jogos_nhai,high
7985.1.1,gen_346,jogos_nhai,d_R19G206B105,2,e_jogos_nhai,history/titles/vassal_titles_e_jogos_nhai.txt,,nomad_government,culture,jogos_nhai,high
7985.1.1,gen_347,jogos_nhai,d_R180G134B252,2,e_jogos_nhai,history/titles/vassal_titles_e_jogos_nhai.txt,,nomad_government,culture,jogos_nhai,high
7985.1.1,gen_348,jogos_nhai,d_R27G189B204,2,e_jogos_nhai,history/titles/vassal_titles_e_jogos_nhai.txt,,nomad_government,culture,jogos_nhai,high
7985.1.1,gen_349,jogos_nhai,c_R180G228B23,1,e_jogos_nhai,history/titles/vassal_titles_e_jogos_nhai.txt,,nomad_government,culture,jogos_nhai,high
7985.1.1,gen_35,bloodless_man,d_R214G198B42,2,e_bloodless_men,history/titles/vassal_titles_e_bloodless_men.txt,,tribal_government,empire,e_bloodless_men,low
7985.1.1,gen_350,jogos_nhai,d_R57G171B81,2,e_jogos_nhai,history/titles/vassal_titles_e_jogos_nhai.txt,,nomad_government,culture,jogos_nhai,high
7985.1.1,gen_351,jogos_nhai,k_R241G92B221,3,e_jogos_nhai,history/titles/vassal_titles_e_jogos_nhai.txt,,nomad_government,culture,jogos_nhai,high
7985.1.1,gen_352,jogos_nhai,c_R106G34B40,1,e_jogos_nhai,history/titles/vassal_titles_e_jogos_nhai.txt,,nomad_government,culture,jogos_nhai,high
7985.1.1,gen_353,jogos_nhai,d_R139G102B179,2,e_jogos_nhai,history/titles/vassal_titles_e_jogos_nhai.txt,,nomad_government,culture,jogos_nhai,high
7985.1.1,gen_354,jogos_nhai,c_R137G115B154,1,e_jogos_nhai,history/titles/vassal_titles_e_jogos_nhai.txt,,nomad_government,culture,jogos_nhai,high
7985.1.1,gen_355,jogos_nhai,d_R215G35B147,2,e_jogos_nhai,history/titles/vassal_titles_e_jogos_nhai.txt,,nomad_government,culture,jogos_nhai,high
7985.1.1,gen_356,jogos_nhai,d_R155G69B191,2,e_jogos_nhai,history/titles/vassal_titles_e_jogos_nhai.txt,,nomad_government,culture,jogos_nhai,high
7985.1.1,gen_357,jogos_nhai,d_R145G113B68,2,e_jogos_nhai,history/titles/vassal_titles_e_jogos_nhai.txt,,nomad_government,culture,jogos_nhai,high
7985.1.1,gen_358,jogos_nhai,c_R160G5B185,1,e_jogos_nhai,history/titles/vassal_titles_e_jogos_nhai.txt,,nomad_government,culture,jogos_nhai,high
7985.1.1,gen_359,jogos_nhai,d_R156G7B177,2,e_jogos_nhai,history/titles/vassal_titles_e_jogos_nhai.txt,,nomad_government,culture,jogos_nhai,high
7985.1.1,gen_36,bloodless_man,c_R144G240B222,1,e_bloodless_men,history/titles/vassal_titles_e_bloodless_men.txt,,tribal_government,empire,e_bloodless_men,low
7985.1.1,gen_360,jogos_nhai,c_R169G98B245,1,e_jogos_nhai,history/titles/vassal_titles_e_jogos_nhai.txt,,nomad_government,culture,jogos_nhai,high
7985.1.1,gen_361,jogos_nhai,d_R221G250B127,2,e_jogos_nhai,history/titles/vassal_titles_e_jogos_nhai.txt,,nomad_government,culture,jogos_nhai,high
7985.1.1,gen_362,jogos_nhai,c_R29G116B81,1,e_jogos_nhai,history/titles/vassal_titles_e_jogos_nhai.txt,,nomad_government,culture,jogos_nhai,high
7985.1.1,gen_363,jogos_nhai,d_R106G176B143,2,e_jogos_nhai,history/titles/vassal_titles_e_jogos_nhai.txt,,nomad_government,culture,jogos_nhai,high
7985.1.1,gen_364,jogos_nhai,k_R146G211B104,3,e_jogos_nhai,history/titles/vassal_titles_e_jogos_nhai.txt,,nomad_government,culture,jogos_nhai,high
7985.1.1,gen_365,jogos_nhai,c_R208G230B164,1,e_jogos_nhai,history/titles/vassal_titles_e_jogos_nhai.txt,,nomad_government,culture,jogos_nhai,high
7985.1.1,gen_366,jogos_nhai,d_R63G173B203,2,e_jogos_nhai,history/titles/vassal_titles_e_jogos_nhai.txt,,nomad_government,culture,jogos_nhai,high
7985.1.1,gen_367,jogos_nhai,d_R38G66B212,2,e_jogos_nhai,history/titles/vassal_titles_e_jogos_nhai.txt,,nomad_government,culture,jogos_nhai,high
7985.1.1,gen_368,jogos_nhai,c_R192G233B72,1,e_jogos_nhai,history/titles/vassal_titles_e_jogos_nhai.txt,,nomad_government,culture,jogos_nhai,high
7985.1.1,gen_369,jogos_nhai,d_R89G55B71,2,e_jogos_nhai,history/titles/vassal_titles_e_jogos_nhai.txt,,nomad_government,culture,jogos_nhai,high
7985.1.1,gen_37,bloodless_man,k_R235G188B132,3,e_bloodless_men,history/titles/vassal_titles_e_bloodless_men.txt,,tribal_government,empire,e_bloodless_men,low
7985.1.1,gen_370,jogos_nhai,c_R13G123B178,1,e_jogos_nhai,history/titles/vassal_titles_e_jogos_nhai.txt,,nomad_government,culture,jogos_nhai,high
7985.1.1,gen_371,jogos_nhai,d_R60G45B235,2,e_jogos_nhai,history/titles/vassal_titles_e_jogos_nhai.txt,,nomad_government,culture,jogos_nhai,high
7985.1.1,gen_372,jogos_nhai,c_R159G110B250,1,e_jogos_nhai,history/titles/vassal_titles_e_jogos_nhai.txt,,nomad_government,culture,jogos_nhai,high
7985.1.1,gen_373,jogos_nhai,d_R66G224B167,2,e_jogos_nhai,history/titles/vassal_titles_e_jogos_nhai.txt,,nomad_government,culture,jogos_nhai,high
7985.1.1,gen_374,jogos_nhai,d_R16G248B142,2,e_jogos_nhai,history/titles/vassal_titles_e_jogos_nhai.txt,,nomad_government,culture,jogos_nhai,high
7985.1.1,gen_375,jogos_nhai,d_R202G176B250,2,e_jogos_nhai,history/titles/vassal_titles_e_jogos_nhai.txt,,nomad_government,culture,jogos_nhai,high
7985.1.1,gen_376,jogos_nhai,c_R51G30B249,1,e_jogos_nhai,history/titles/vassal_titles_e_jogos_nhai.txt,,nomad_government,culture,jogos_nhai,high
7985.1.1,gen_377,jogos_nhai,c_R119G72B10,1,e_jogos_nhai,history/titles/vassal_titles_e_jogos_nhai.txt,,nomad_government,culture,jogos_nhai,high
7985.1.1,gen_378,jogos_nhai,k_R77G224B134,3,e_jogos_nhai,history/titles/vassal_titles_e_jogos_nhai.txt,,nomad_government,culture,jogos_nhai,high
7985.1.1,gen_379,jogos_nhai,c_R31G192B69,1,e_jogos_nhai,history/titles/vassal_titles_e_jogos_nhai.txt,,nomad_government,culture,jogos_nhai,high
7985.1.1,gen_38,dothraki,d_R58G78B97,2,e_bone_mountain_dothraki,history/titles/vassal_titles_e_bone_mountain_dothraki.txt,,nomad_government,culture,dothraki,high
7985.1.1,gen_380,jogos_nhai,d_R250G67B219,2,e_jogos_nhai,history/titles/vassal_titles_e_jogos_nhai.txt,,nomad_government,culture,jogos_nhai,high
7985.1.1,gen_381,jogos_nhai,d_R170G220B142,2,e_jogos_nhai,history/titles/vassal_titles_e_jogos_nhai.txt,,nomad_government,culture,jogos_nhai,high
7985.1.1,gen_382,jogos_nhai,c_R160G103B224,1,e_jogos_nhai,history/titles/vassal_titles_e_jogos_nhai.txt,,nomad_government,culture,jogos_nhai,high
7985.1.1,gen_383,jogos_nhai,d_R184G97B29,2,e_jogos_nhai,history/titles/vassal_titles_e_jogos_nhai.txt,,nomad_government,culture,jogos_nhai,high
7985.1.1,gen_384,jogos_nhai,c_R12G44B143,1,e_jogos_nhai,history/titles/vassal_titles_e_jogos_nhai.txt,,nomad_government,culture,jogos_nhai,high
7985.1.1,gen_385,jogos_nhai,d_R2G126B112,2,e_jogos_nhai,history/titles/vassal_titles_e_jogos_nhai.txt,,nomad_government,culture,jogos_nhai,high
7985.1.1,gen_386,jogos_nhai,c_R14G245B131,1,e_jogos_nhai,history/titles/vassal_titles_e_jogos_nhai.txt,,nomad_government,culture,jogos_nhai,high
7985.1.1,gen_387,jogos_nhai,d_R55G111B55,2,e_jogos_nhai,history/titles/vassal_titles_e_jogos_nhai.txt,,nomad_government,culture,jogos_nhai,high
7985.1.1,gen_388,jogos_nhai,c_R193G16B189,1,e_jogos_nhai,history/titles/vassal_titles_e_jogos_nhai.txt,,nomad_government,culture,jogos_nhai,high
7985.1.1,gen_389,jogos_nhai,d_R72G143B155,2,e_jogos_nhai,history/titles/vassal_titles_e_jogos_nhai.txt,,nomad_government,culture,jogos_nhai,high
7985.1.1,gen_39,dothraki,d_R188G195B109,2,e_bone_mountain_dothraki,history/titles/vassal_titles_e_bone_mountain_dothraki.txt,,nomad_government,culture,dothraki,high
7985.1.1,gen_390,jogos_nhai,c_R10G58B131,1,e_jogos_nhai,history/titles/vassal_titles_e_jogos_nhai.txt,,nomad_government,culture,jogos_nhai,high
7985.1.1,gen_391,jogos_nhai,d_R212G205B232,2,e_jogos_nhai,history/titles/vassal_titles_e_jogos_nhai.txt,,nomad_government,culture,jogos_nhai,high
7985.1.1,gen_392,jogos_nhai,d_R231G180B224,2,e_jogos_nhai,history/titles/vassal_titles_e_jogos_nhai.txt,,nomad_government,culture,jogos_nhai,high
7985.1.1,gen_393,jogos_nhai,c_R112G144B59,1,e_jogos_nhai,history/titles/vassal_titles_e_jogos_nhai.txt,,nomad_government,culture,jogos_nhai,high
7985.1.1,gen_394,jogos_nhai,k_R12G166B33,3,e_jogos_nhai,history/titles/vassal_titles_e_jogos_nhai.txt,,nomad_government,culture,jogos_nhai,high
7985.1.1,gen_395,jogos_nhai,d_R245G84B157,2,e_jogos_nhai,history/titles/vassal_titles_e_jogos_nhai.txt,,nomad_government,culture,jogos_nhai,high
7985.1.1,gen_396,jogos_nhai,c_R241G28B164,1,e_jogos_nhai,history/titles/vassal_titles_e_jogos_nhai.txt,,nomad_government,culture,jogos_nhai,high
7985.1.1,gen_397,jogos_nhai,d_R140G100B36,2,e_jogos_nhai,history/titles/vassal_titles_e_jogos_nhai.txt,,nomad_government,culture,jogos_nhai,high
7985.1.1,gen_398,jogos_nhai,c_R157G3B30,1,e_jogos_nhai,history/titles/vassal_titles_e_jogos_nhai.txt,,nomad_government,culture,jogos_nhai,high
7985.1.1,gen_399,jogos_nhai,d_R159G138B147,2,e_jogos_nhai,history/titles/vassal_titles_e_jogos_nhai.txt,,nomad_government,culture,jogos_nhai,high
7985.1.1,gen_4,ibbatese,e_ibben,4,e_ibben,history/titles/hist_titles.txt,tribal_government,oligarchic_government,empire,e_ibben,high
7985.1.1,gen_40,dothraki,c_R199G198B114,1,e_bone_mountain_dothraki,history/titles/vassal_titles_e_bone_mountain_dothraki.txt,,nomad_government,culture,dothraki,high
7985.1.1,gen_400,jogos_nhai,c_R143G228B234,1,e_jogos_nhai,history/titles/vassal_titles_e_jogos_nhai.txt,,nomad_government,culture,jogos_nhai,high
7985.1.1,gen_401,jogos_nhai,c_R166G157B73,1,e_jogos_nhai,history/titles/vassal_titles_e_jogos_nhai.txt,,nomad_government,culture,jogos_nhai,high
7985.1.1,gen_402,jogos_nhai,d_R218G80B203,2,e_jogos_nhai,history/titles/vassal_titles_e_jogos_nhai.txt,,nomad_government,culture,jogos_nhai,high
7985.1.1,gen_403,jogos_nhai,c_R157G24B70,1,e_jogos_nhai,history/titles/vassal_titles_e_jogos_nhai.txt,,nomad_government,culture,jogos_nhai,high
7985.1.1,gen_404,jogos_nhai,d_R139G221B148,2,e_jogos_nhai,history/titles/vassal_titles_e_jogos_nhai.txt,,nomad_government,culture,jogos_nhai,high
7985.1.1,gen_405,jogos_nhai,c_R220G26B166,1,e_jogos_nhai,history/titles/vassal_titles_e_jogos_nhai.txt,,nomad_government,culture,jogos_nhai,high
7985.1.1,gen_406,jogos_nhai,d_R255G60B143,2,e_jogos_nhai,history/titles/vassal_titles_e_jogos_nhai.txt,,nomad_government,culture,jogos_nhai,high
7985.1.1,gen_407,jogos_nhai,c_R51G196B109,1,e_jogos_nhai,history/titles/vassal_titles_e_jogos_nhai.txt,,nomad_government,culture,jogos_nhai,high
7985.1.1,gen_408,jogos_nhai,d_R147G232B129,2,e_jogos_nhai,history/titles/vassal_titles_e_jogos_nhai.txt,,nomad_government,culture,jogos_nhai,high
7985.1.1,gen_409,jogos_nhai,k_R247G212B175,3,e_jogos_nhai,history/titles/vassal_titles_e_jogos_nhai.txt,,nomad_government,culture,jogos_nhai,high
7985.1.1,gen_41,dothraki,d_R63G34B30,2,e_bone_mountain_dothraki,history/titles/vassal_titles_e_bone_mountain_dothraki.txt,,nomad_government,culture,dothraki,high
7985.1.1,gen_410,jogos_nhai,c_R112G250B173,1,e_jogos_nhai,history/titles/vassal_titles_e_jogos_nhai.txt,,nomad_government,culture,jogos_nhai,high
7985.1.1,gen_411,jogos_nhai,d_R11G129B100,2,e_jogos_nhai,history/titles/vassal_titles_e_jogos_nhai.txt,,nomad_government,culture,jogos_nhai,high
7985.1.1,gen_412,jogos_nhai,d_R189G218B124,2,e_jogos_nhai,history/titles/vassal_titles_e_jogos_nhai.txt,,nomad_government,culture,jogos_nhai,high
7985.1.1,gen_413,jogos_nhai,c_R116G244B223,1,e_jogos_nhai,history/titles/vassal_titles_e_jogos_nhai.txt,,nomad_government,culture,jogos_nhai,high
7985.1.1,gen_414,jogos_nhai,d_R72G14B18,2,e_jogos_nhai,history/titles/vassal_titles_e_jogos_nhai.txt,,nomad_government,culture,jogos_nhai,high
7985.1.1,gen_415,jogos_nhai,c_R162G211B223,1,e_jogos_nhai,history/titles/vassal_titles_e_jogos_nhai.txt,,nomad_government,culture,jogos_nhai,high
7985.1.1,gen_416,jogos_nhai,d_R28G32B62,2,e_jogos_nhai,history/titles/vassal_titles_e_jogos_nhai.txt,,nomad_government,culture,jogos_nhai,high
7985.1.1,gen_417,jogos_nhai,k_R31G102B114,3,e_jogos_nhai,history/titles/vassal_titles_e_jogos_nhai.txt,,nomad_government,culture,jogos_nhai,high
7985.1.1,gen_418,jogos_nhai,d_R210G235B19,2,e_jogos_nhai,history/titles/vassal_titles_e_jogos_nhai.txt,,nomad_government,culture,jogos_nhai,high
7985.1.1,gen_419,jogos_nhai,d_R30G132B29,2,e_jogos_nhai,history/titles/vassal_titles_e_jogos_nhai.txt,,nomad_government,culture,jogos_nhai,high
7985.1.1,gen_42,dothraki,d_R29G59B96,2,e_bone_mountain_dothraki,history/titles/vassal_titles_e_bone_mountain_dothraki.txt,,nomad_government,culture,dothraki,high
7985.1.1,gen_420,jogos_nhai,d_R123G203B214,2,e_jogos_nhai,history/titles/vassal_titles_e_jogos_nhai.txt,,nomad_government,culture,jogos_nhai,high
7985.1.1,gen_421,jogos_nhai,d_R25G185B204,2,e_jogos_nhai,history/titles/vassal_titles_e_jogos_nhai.txt,,nomad_government,culture,jogos_nhai,high
7985.1.1,gen_422,jogos_nhai,c_R172G229B144,1,e_jogos_nhai,history/titles/vassal_titles_e_jogos_nhai.txt,,nomad_government,culture,jogos_nhai,high
7985.1.1,gen_423,jogos_nhai,d_R174G232B107,2,e_jogos_nhai,history/titles/vassal_titles_e_jogos_nhai.txt,,nomad_government,culture,jogos_nhai,high
7985.1.1,gen_424,jogos_nhai,k_R153G161B35,3,e_jogos_nhai,history/titles/vassal_titles_e_jogos_nhai.txt,,nomad_government,culture,jogos_nhai,high
7985.1.1,gen_425,jogos_nhai,c_R102G148B118,1,e_jogos_nhai,history/titles/vassal_titles_e_jogos_nhai.txt,,nomad_government,culture,jogos_nhai,high
7985.1.1,gen_426,jogos_nhai,d_R83G236B170,2,e_jogos_nhai,history/titles/vassal_titles_e_jogos_nhai.txt,,nomad_government,culture,jogos_nhai,high
7985.1.1,gen_427,jogos_nhai,c_R59G98B158,1,e_jogos_nhai,history/titles/vassal_titles_e_jogos_nhai.txt,,nomad_government,culture,jogos_nhai,high
7985.1.1,gen_428,jogos_nhai,d_R155G55B87,2,e_jogos_nhai,history/titles/vassal_titles_e_jogos_nhai.txt,,nomad_government,culture,jogos_nhai,high
7985.1.1,gen_429,jogos_nhai,d_R112G39B75,2,e_jogos_nhai,history/titles/vassal_titles_e_jogos_nhai.txt,,nomad_government,culture,jogos_nhai,high
7985.1.1,gen_43,dothraki,d_R109G58B106,2,e_bone_mountain_dothraki,history/titles/vassal_titles_e_bone_mountain_dothraki.txt,,nomad_government,culture,dothraki,high
7985.1.1,gen_430,jogos_nhai,c_R115G117B192,1,e_jogos_nhai,history/titles/vassal_titles_e_jogos_nhai.txt,,nomad_government,culture,jogos_nhai,high
7985.1.1,gen_431,jogos_nhai,d_R29G161B233,2,e_jogos_nhai,history/titles/vassal_titles_e_jogos_nhai.txt,,nomad_government,culture,jogos_nhai,high
7985.1.1,gen_432,jogos_nhai,c_R159G40B86,1,e_jogos_nhai,history/titles/vassal_titles_e_jogos_nhai.txt,,nomad_government,culture,jogos_nhai,high
7985.1.1,gen_433,jogos_nhai,d_R56G193B185,2,e_jogos_nhai,history/titles/vassal_titles_e_jogos_nhai.txt,,nomad_government,culture,jogos_nhai,high
7985.1.1,gen_434,jogos_nhai,c_R136G41B163,1,e_jogos_nhai,history/titles/vassal_titles_e_jogos_nhai.txt,,nomad_government,culture,jogos_nhai,high
7985.1.1,gen_435,jogos_nhai,k_R62G247B214,3,e_jogos_nhai,history/titles/vassal_titles_e_jogos_nhai.txt,,nomad_government,culture,jogos_nhai,high
7985.1.1,gen_436,jogos_nhai,d_R143G96B105,2,e_jogos_nhai,history/titles/vassal_titles_e_jogos_nhai.txt,,nomad_government,culture,jogos_nhai,high
7985.1.1,gen_437,jogos_nhai,c_R30G42B194,1,e_jogos_nhai,history/titles/vassal_titles_e_jogos_nhai.txt,,nomad_government,culture,jogos_nhai,high
7985.1.1,gen_438,jogos_nhai,d_R60G66B58,2,e_jogos_nhai,history/titles/vassal_titles_e_jogos_nhai.txt,,nomad_government,culture,jogos_nhai,high
7985.1.1,gen_439,jogos_nhai,c_R107G169B129,1,e_jogos_nhai,history/titles/vassal_titles_e_jogos_nhai.txt,,nomad_government,culture,jogos_nhai,high
7985.1.1,gen_44,dothraki,d_R58G245B165,2,e_bone_mountain_dothraki,history/titles/vassal_titles_e_bone_mountain_dothraki.txt,,nomad_government,culture,dothraki,high
7985.1.1,gen_440,jogos_nhai,d_R76G29B27,2,e_jogos_nhai,history/titles/vassal_titles_e_jogos_nhai.txt,,nomad_government,culture,jogos_nhai,high
7985.1.1,gen_441,jogos_nhai,c_R153G225B9,1,e_jogos_nhai,history/titles/vassal_titles_e_jogos_nhai.txt,,nomad_government,culture,jogos_nhai,high
7985.1.1,gen_442,jogos_nhai,d_R48G134B93,2,e_jogos_nhai,history/titles/vassal_titles_e_jogos_nhai.txt,,nomad_government,culture,jogos_nhai,high
7985.1.1,gen_443,jogos_nhai,d_R208G13B56,2,e_jogos_nhai,history/titles/vassal_titles_e_jogos_nhai.txt,,nomad_government,culture,jogos_nhai,high
7985.1.1,gen_444,jogos_nhai,c_R203G117B219,1,e_jogos_nhai,history/titles/vassal_titles_e_jogos_nhai.txt,,nomad_government,culture,jogos_nhai,high
7985.1.1,gen_445,jogos_nhai,d_R255G68B131,2,e_jogos_nhai,history/titles/vassal_titles_e_jogos_nhai.txt,,nomad_government,culture,jogos_nhai,high
7985.1.1,gen_446,jogos_nhai,d_R102G201B167,2,e_jogos_nhai,history/titles/vassal_titles_e_jogos_nhai.txt,,nomad_government,culture,jogos_nhai,high
7985.1.1,gen_447,jogos_nhai,d_R52G155B180,2,e_jogos_nhai,history/titles/vassal_titles_e_jogos_nhai.txt,,nomad_government,culture,jogos_nhai,high
7985.1.1,gen_448,lengii,c_R234G73B26,1,e_leng,history/titles/vassal_titles_e_leng.txt,,mandala_government,empire,e_leng,high
7985.1.1,gen_449,lengii,d_R206G76B102,2,e_leng,history/titles/vassal_titles_e_leng.txt,,mandala_government,empire,e_leng,high
7985.1.1,gen_45,dothraki,d_R189G70B200,2,e_bone_mountain_dothraki,history/titles/vassal_titles_e_bone_mountain_dothraki.txt,,nomad_government,culture,dothraki,high
7985.1.1,gen_450,lengii,c_R106G27B99,1,e_leng,history/titles/vassal_titles_e_leng.txt,,mandala_government,empire,e_leng,high
7985.1.1,gen_451,lhazareen,d_R225G47B160,2,e_lhazar,history/titles/vassal_titles_e_lhazar.txt,,clan_government,empire,e_lhazar,medium
7985.1.1,gen_452,lhazareen,d_R173G29B222,2,e_lhazar,history/titles/vassal_titles_e_lhazar.txt,,clan_government,empire,e_lhazar,medium
7985.1.1,gen_453,lhazareen,d_R231G23B54,2,e_lhazar,history/titles/vassal_titles_e_lhazar.txt,,clan_government,empire,e_lhazar,medium
7985.1.1,gen_454,lhazareen,d_R122G12B245,2,e_lhazar,history/titles/vassal_titles_e_lhazar.txt,,clan_government,empire,e_lhazar,medium
7985.1.1,gen_455,lhazareen,d_R12G187B142,2,e_lhazar,history/titles/vassal_titles_e_lhazar.txt,,clan_government,empire,e_lhazar,medium
7985.1.1,gen_456,lhazareen,d_R24G232B25,2,e_lhazar,history/titles/vassal_titles_e_lhazar.txt,,clan_government,empire,e_lhazar,medium
7985.1.1,gen_457,lhazareen,k_R215G70B208,3,e_lhazar,history/titles/vassal_titles_e_lhazar.txt,,clan_government,empire,e_lhazar,medium
7985.1.1,gen_458,lhazareen,d_R111G255B221,2,e_lhazar,history/titles/vassal_titles_e_lhazar.txt,,clan_government,empire,e_lhazar,medium
7985.1.1,gen_459,lhazareen,d_R165G143B36,2,e_lhazar,history/titles/vassal_titles_e_lhazar.txt,,clan_government,empire,e_lhazar,medium
7985.1.1,gen_46,dothraki,d_R215G197B98,2,e_bone_mountain_dothraki,history/titles/vassal_titles_e_bone_mountain_dothraki.txt,,nomad_government,culture,dothraki,high
7985.1.1,gen_467,dothraki,d_R30G100B234,2,e_lower_sarne_dothraki,history/titles/vassal_titles_e_lower_sarne_dothraki.txt,,nomad_government,culture,dothraki,high
7985.1.1,gen_468,dothraki,c_R2G13B94,1,e_lower_sarne_dothraki,history/titles/vassal_titles_e_lower_sarne_dothraki.txt,,nomad_government,culture,dothraki,high
7985.1.1,gen_469,dothraki,d_R120G15B219,2,e_lower_sarne_dothraki,history/titles/vassal_titles_e_lower_sarne_dothraki.txt,,nomad_government,culture,dothraki,high
7985.1.1,gen_47,dothraki,d_R104G149B189,2,e_bone_mountain_dothraki,history/titles/vassal_titles_e_bone_mountain_dothraki.txt,,nomad_government,culture,dothraki,high
7985.1.1,gen_470,dothraki,d_R237G219B170,2,e_lower_sarne_dothraki,history/titles/vassal_titles_e_lower_sarne_dothraki.txt,,nomad_government,culture,dothraki,high
7985.1.1,gen_474,dothraki,k_R38G162B191,3,e_lower_sarne_dothraki,history/titles/vassal_titles_e_lower_sarne_dothraki.txt,,nomad_government,culture,dothraki,high
7985.1.1,gen_475,dothraki,c_R159G39B37,1,e_lower_sarne_dothraki,history/titles/vassal_titles_e_lower_sarne_dothraki.txt,,nomad_government,culture,dothraki,high
7985.1.1,gen_476,dothraki,d_R33G60B161,2,e_lower_sarne_dothraki,history/titles/vassal_titles_e_lower_sarne_dothraki.txt,,nomad_government,culture,dothraki,high
7985.1.1,gen_477,dothraki,d_R39G25B143,2,e_lower_sarne_dothraki,history/titles/vassal_titles_e_lower_sarne_dothraki.txt,,nomad_government,culture,dothraki,high
7985.1.1,gen_478,dothraki,d_R36G224B233,2,e_lower_sarne_dothraki,history/titles/vassal_titles_e_lower_sarne_dothraki.txt,,nomad_government,culture,dothraki,high
7985.1.1,gen_479,dothraki,c_R155G109B217,1,e_lower_sarne_dothraki,history/titles/vassal_titles_e_lower_sarne_dothraki.txt,,nomad_government,culture,dothraki,high
7985.1.1,gen_48,dothraki,c_R162G46B11,1,e_bone_mountain_dothraki,history/titles/vassal_titles_e_bone_mountain_dothraki.txt,,nomad_government,culture,dothraki,high
7985.1.1,gen_481,dothraki,d_R254G224B205,2,e_lower_sarne_dothraki,history/titles/vassal_titles_e_lower_sarne_dothraki.txt,,nomad_government,culture,dothraki,high
7985.1.1,gen_482,dothraki,k_R35G68B68,3,e_lower_sarne_dothraki,history/titles/vassal_titles_e_lower_sarne_dothraki.txt,,nomad_government,culture,dothraki,high
7985.1.1,gen_483,dothraki,c_R177G55B229,1,e_lower_sarne_dothraki,history/titles/vassal_titles_e_lower_sarne_dothraki.txt,,nomad_government,culture,dothraki,high
7985.1.1,gen_484,dothraki,d_R238G205B44,2,e_lower_sarne_dothraki,history/titles/vassal_titles_e_lower_sarne_dothraki.txt,,nomad_government,culture,dothraki,high
7985.1.1,gen_485,dothraki,d_R115G223B207,2,e_lower_sarne_dothraki,history/titles/vassal_titles_e_lower_sarne_dothraki.txt,,nomad_government,culture,dothraki,high
7985.1.1,gen_486,dothraki,c_R14G11B45,1,e_lower_sarne_dothraki,history/titles/vassal_titles_e_lower_sarne_dothraki.txt,,nomad_government,culture,dothraki,high
7985.1.1,gen_487,dothraki,d_R29G192B92,2,e_lower_sarne_dothraki,history/titles/vassal_titles_e_lower_sarne_dothraki.txt,,nomad_government,culture,dothraki,high
7985.1.1,gen_488,dothraki,d_R122G255B137,2,e_lower_sarne_dothraki,history/titles/vassal_titles_e_lower_sarne_dothraki.txt,,nomad_government,culture,dothraki,high
7985.1.1,gen_489,dothraki,c_R158G105B240,1,e_lower_sarne_dothraki,history/titles/vassal_titles_e_lower_sarne_dothraki.txt,,nomad_government,culture,dothraki,high
7985.1.1,gen_49,dothraki,k_R193G250B60,3,e_bone_mountain_dothraki,history/titles/vassal_titles_e_bone_mountain_dothraki.txt,,nomad_government,culture,dothraki,high
7985.1.1,gen_490,dothraki,d_R254G192B105,2,e_lower_sarne_dothraki,history/titles/vassal_titles_e_lower_sarne_dothraki.txt,,nomad_government,culture,dothraki,high
7985.1.1,gen_491,dothraki,c_R220G249B17,1,e_lower_sarne_dothraki,history/titles/vassal_titles_e_lower_sarne_dothraki.txt,,nomad_government,culture,dothraki,high
7985.1.1,gen_492,dothraki,c_R151G60B74,1,e_lower_sarne_dothraki,history/titles/vassal_titles_e_lower_sarne_dothraki.txt,,nomad_government,culture,dothraki,high
7985.1.1,gen_493,dothraki,d_R149G15B5,2,e_lower_sarne_dothraki,history/titles/vassal_titles_e_lower_sarne_dothraki.txt,,nomad_government,culture,dothraki,high
7985.1.1,gen_494,dothraki,d_R241G133B192,2,e_lower_sarne_dothraki,history/titles/vassal_titles_e_lower_sarne_dothraki.txt,,nomad_government,culture,dothraki,high
7985.1.1,gen_495,dothraki,c_R173G94B42,1,e_lower_sarne_dothraki,history/titles/vassal_titles_e_lower_sarne_dothraki.txt,,nomad_government,culture,dothraki,high
7985.1.1,gen_496,dothraki,d_R64G145B200,2,e_lower_sarne_dothraki,history/titles/vassal_titles_e_lower_sarne_dothraki.txt,,nomad_government,culture,dothraki,high
7985.1.1,gen_497,dothraki,k_R252G254B159,3,e_lower_sarne_dothraki,history/titles/vassal_titles_e_lower_sarne_dothraki.txt,,nomad_government,culture,dothraki,high
7985.1.1,gen_498,dothraki,c_R221G178B168,1,e_lower_sarne_dothraki,history/titles/vassal_titles_e_lower_sarne_dothraki.txt,,nomad_government,culture,dothraki,high
7985.1.1,gen_499,dothraki,d_R38G138B230,2,e_lower_sarne_dothraki,history/titles/vassal_titles_e_lower_sarne_dothraki.txt,,nomad_government,culture,dothraki,high
7985.1.1,gen_5,ifequevron,e_ifequevron,4,e_ifequevron,history/titles/hist_titles.txt,feudal_government,tribal_government,empire,e_ifequevron,low
7985.1.1,gen_50,dothraki,d_R102G127B94,2,e_bone_mountain_dothraki,history/titles/vassal_titles_e_bone_mountain_dothraki.txt,,nomad_government,culture,dothraki,high
7985.1.1,gen_500,dothraki,c_R145G90B65,1,e_lower_sarne_dothraki,history/titles/vassal_titles_e_lower_sarne_dothraki.txt,,nomad_government,culture,dothraki,high
7985.1.1,gen_501,dothraki,d_R210G109B235,2,e_lower_sarne_dothraki,history/titles/vassal_titles_e_lower_sarne_dothraki.txt,,nomad_government,culture,dothraki,high
7985.1.1,gen_502,dothraki,d_R251G220B244,2,e_lower_sarne_dothraki,history/titles/vassal_titles_e_lower_sarne_dothraki.txt,,nomad_government,culture,dothraki,high
7985.1.1,gen_503,dothraki,d_R162G54B28,2,e_lower_sarne_dothraki,history/titles/vassal_titles_e_lower_sarne_dothraki.txt,,nomad_government,culture,dothraki,high
7985.1.1,gen_504,dothraki,c_R111G67B28,1,e_lower_sarne_dothraki,history/titles/vassal_titles_e_lower_sarne_dothraki.txt,,nomad_government,culture,dothraki,high
7985.1.1,gen_505,dothraki,d_R221G205B23,2,e_lower_sarne_dothraki,history/titles/vassal_titles_e_lower_sarne_dothraki.txt,,nomad_government,culture,dothraki,high
7985.1.1,gen_506,dothraki,k_R139G90B4,3,e_lower_sarne_dothraki,history/titles/vassal_titles_e_lower_sarne_dothraki.txt,,nomad_government,culture,dothraki,high
7985.1.1,gen_507,dothraki,d_R161G116B131,2,e_lower_sarne_dothraki,history/titles/vassal_titles_e_lower_sarne_dothraki.txt,,nomad_government,culture,dothraki,high
7985.1.1,gen_508,dothraki,d_R248G26B201,2,e_lower_sarne_dothraki,history/titles/vassal_titles_e_lower_sarne_dothraki.txt,,nomad_government,culture,dothraki,high
7985.1.1,gen_509,dothraki,d_R167G18B36,2,e_lower_sarne_dothraki,history/titles/vassal_titles_e_lower_sarne_dothraki.txt,,nomad_government,culture,dothraki,high
7985.1.1,gen_51,dothraki,d_R43G185B168,2,e_bone_mountain_dothraki,history/titles/vassal_titles_e_bone_mountain_dothraki.txt,,nomad_government,culture,dothraki,high
7985.1.1,gen_510,dothraki,d_R54G4B67,2,e_lower_sarne_dothraki,history/titles/vassal_titles_e_lower_sarne_dothraki.txt,,nomad_government,culture,dothraki,high
7985.1.1,gen_511,dothraki,d_R204G70B217,2,e_lower_sarne_dothraki,history/titles/vassal_titles_e_lower_sarne_dothraki.txt,,nomad_government,culture,dothraki,high
7985.1.1,gen_512,dothraki,d_R80G65B68,2,e_lower_sarne_dothraki,history/titles/vassal_titles_e_lower_sarne_dothraki.txt,,nomad_government,culture,dothraki,high
7985.1.1,gen_513,dothraki,c_R208G142B57,1,e_lower_sarne_dothraki,history/titles/vassal_titles_e_lower_sarne_dothraki.txt,,nomad_government,culture,dothraki,high
7985.1.1,gen_514,dothraki,d_R144G248B154,2,e_lower_sarne_dothraki,history/titles/vassal_titles_e_lower_sarne_dothraki.txt,,nomad_government,culture,dothraki,high
7985.1.1,gen_515,dothraki,k_R150G96B205,3,e_lower_sarne_dothraki,history/titles/vassal_titles_e_lower_sarne_dothraki.txt,,nomad_government,culture,dothraki,high
7985.1.1,gen_516,dothraki,d_R64G9B194,2,e_lower_sarne_dothraki,history/titles/vassal_titles_e_lower_sarne_dothraki.txt,,nomad_government,culture,dothraki,high
7985.1.1,gen_517,dothraki,d_R74G173B139,2,e_lower_sarne_dothraki,history/titles/vassal_titles_e_lower_sarne_dothraki.txt,,nomad_government,culture,dothraki,high
7985.1.1,gen_518,dothraki,c_R202G73B52,1,e_lower_sarne_dothraki,history/titles/vassal_titles_e_lower_sarne_dothraki.txt,,nomad_government,culture,dothraki,high
7985.1.1,gen_519,dothraki,d_R25G229B11,2,e_lower_sarne_dothraki,history/titles/vassal_titles_e_lower_sarne_dothraki.txt,,nomad_government,culture,dothraki,high
7985.1.1,gen_52,dothraki,d_R37G189B251,2,e_bone_mountain_dothraki,history/titles/vassal_titles_e_bone_mountain_dothraki.txt,,nomad_government,culture,dothraki,high
7985.1.1,gen_520,dothraki,d_R188G20B40,2,e_lower_sarne_dothraki,history/titles/vassal_titles_e_lower_sarne_dothraki.txt,,nomad_government,culture,dothraki,high
7985.1.1,gen_521,dothraki,d_R33G218B45,2,e_lower_sarne_dothraki,history/titles/vassal_titles_e_lower_sarne_dothraki.txt,,nomad_government,culture,dothraki,high
7985.1.1,gen_522,mossovite,d_R107G171B160,2,e_mossovy,history/titles/vassal_titles_e_mossovy.txt,,tribal_government,empire,e_mossovy,low
7985.1.1,gen_523,mossovite,d_R70G184B186,2,e_mossovy,history/titles/vassal_titles_e_mossovy.txt,,tribal_government,empire,e_mossovy,low
7985.1.1,gen_524,mossovite,d_R55G189B244,2,e_mossovy,history/titles/vassal_titles_e_mossovy.txt,,tribal_government,empire,e_mossovy,low
7985.1.1,gen_525,mossovite,d_R224G40B228,2,e_mossovy,history/titles/vassal_titles_e_mossovy.txt,,tribal_government,empire,e_mossovy,low
7985.1.1,gen_526,mossovite,c_R166G92B171,1,e_mossovy,history/titles/vassal_titles_e_mossovy.txt,,tribal_government,empire,e_mossovy,low
7985.1.1,gen_527,mossovite,d_R242G26B122,2,e_mossovy,history/titles/vassal_titles_e_mossovy.txt,,tribal_government,empire,e_mossovy,low
7985.1.1,gen_528,mossovite,d_R115G196B72,2,e_mossovy,history/titles/vassal_titles_e_mossovy.txt,,tribal_government,empire,e_mossovy,low
7985.1.1,gen_53,dothraki,c_R204G46B121,1,e_bone_mountain_dothraki,history/titles/vassal_titles_e_bone_mountain_dothraki.txt,,nomad_government,culture,dothraki,high
7985.1.1,gen_537,norvoshi,d_R87G54B134,2,e_norvos,history/titles/vassal_titles_e_norvos.txt,,theocracy_government,empire,e_norvos,high
7985.1.1,gen_538,norvoshi,c_R111G69B101,1,e_norvos,history/titles/vassal_titles_e_norvos.txt,,theocracy_government,empire,e_norvos,high
7985.1.1,gen_539,norvoshi,d_R53G162B46,2,e_norvos,history/titles/vassal_titles_e_norvos.txt,,theocracy_government,empire,e_norvos,high
7985.1.1,gen_54,dothraki,d_R141G102B52,2,e_bone_mountain_dothraki,history/titles/vassal_titles_e_bone_mountain_dothraki.txt,,nomad_government,culture,dothraki,high
7985.1.1,gen_55,dothraki,c_R5G182B208,1,e_bone_mountain_dothraki,history/titles/vassal_titles_e_bone_mountain_dothraki.txt,,nomad_government,culture,dothraki,high
7985.1.1,gen_556,omberi,c_R255G225B70,1,e_omber,history/titles/vassal_titles_e_omber.txt,,feudal_government,empire,e_omber,medium
7985.1.1,gen_557,omberi,c_R167G232B248,1,e_omber,history/titles/vassal_titles_e_omber.txt,,feudal_government,empire,e_omber,medium
7985.1.1,gen_558,omberi,d_R87G214B107,2,e_omber,history/titles/vassal_titles_e_omber.txt,,feudal_government,empire,e_omber,medium
7985.1.1,gen_559,omberi,c_R33G32B61,1,e_omber,history/titles/vassal_titles_e_omber.txt,,feudal_government,empire,e_omber,medium
7985.1.1,gen_56,dothraki,c_R46G164B130,1,e_bone_mountain_dothraki,history/titles/vassal_titles_e_bone_mountain_dothraki.txt,,nomad_government,culture,dothraki,high
7985.1.1,gen_560,omberi,d_R20G128B134,2,e_omber,history/titles/vassal_titles_e_omber.txt,,feudal_government,empire,e_omber,medium
7985.1.1,gen_561,omberi,c_R171G105B253,1,e_omber,history/titles/vassal_titles_e_omber.txt,,feudal_government,empire,e_omber,medium
7985.1.1,gen_562,qartheen,d_R187G116B155,2,e_qarth,history/titles/vassal_titles_e_qarth.txt,,oligarchic_government,empire,e_qarth,high
7985.1.1,gen_563,qartheen,c_R15G111B173,1,e_qarth,history/titles/vassal_titles_e_qarth.txt,,oligarchic_government,empire,e_qarth,high
7985.1.1,gen_564,qartheen,d_R67G9B102,2,e_qarth,history/titles/vassal_titles_e_qarth.txt,,oligarchic_government,empire,e_qarth,high
7985.1.1,gen_565,qartheen,d_R154G148B140,2,e_qarth,history/titles/vassal_titles_e_qarth.txt,,oligarchic_government,empire,e_qarth,high
7985.1.1,gen_566,qartheen,d_R161G200B9,2,e_qarth,history/titles/vassal_titles_e_qarth.txt,,oligarchic_government,empire,e_qarth,high
7985.1.1,gen_567,qartheen,c_R211G88B80,1,e_qarth,history/titles/vassal_titles_e_qarth.txt,,oligarchic_government,empire,e_qarth,high
7985.1.1,gen_568,qartheen,d_R66G158B239,2,e_qarth,history/titles/vassal_titles_e_qarth.txt,,oligarchic_government,empire,e_qarth,high
7985.1.1,gen_569,qartheen,d_R56G50B236,2,e_qarth,history/titles/vassal_titles_e_qarth.txt,,oligarchic_government,empire,e_qarth,high
7985.1.1,gen_57,dothraki,d_R216G43B84,2,e_bone_mountain_dothraki,history/titles/vassal_titles_e_bone_mountain_dothraki.txt,,nomad_government,culture,dothraki,high
7985.1.1,gen_570,qartheen,c_R141G69B87,1,e_qarth,history/titles/vassal_titles_e_qarth.txt,,oligarchic_government,empire,e_qarth,high
7985.1.1,gen_571,qartheen,k_R8G180B35,3,e_qarth,history/titles/vassal_titles_e_qarth.txt,,oligarchic_government,empire,e_qarth,high
7985.1.1,gen_572,qartheen,c_R21G34B175,1,e_qarth,history/titles/vassal_titles_e_qarth.txt,,oligarchic_government,empire,e_qarth,high
7985.1.1,gen_573,qartheen,d_R15G243B61,2,e_qarth,history/titles/vassal_titles_e_qarth.txt,,oligarchic_government,empire,e_qarth,high
7985.1.1,gen_574,qartheen,c_R105G138B219,1,e_qarth,history/titles/vassal_titles_e_qarth.txt,,oligarchic_government,empire,e_qarth,high
7985.1.1,gen_575,qartheen,d_R152G107B185,2,e_qarth,history/titles/vassal_titles_e_qarth.txt,,oligarchic_government,empire,e_qarth,high
7985.1.1,gen_576,qartheen,d_R48G116B227,2,e_qarth,history/titles/vassal_titles_e_qarth.txt,,oligarchic_government,empire,e_qarth,high
7985.1.1,gen_577,qartheen,c_R104G43B254,1,e_qarth,history/titles/vassal_titles_e_qarth.txt,,oligarchic_government,empire,e_qarth,high
7985.1.1,gen_578,qartheen,c_R106G16B125,1,e_qarth,history/titles/vassal_titles_e_qarth.txt,,oligarchic_government,empire,e_qarth,high
7985.1.1,gen_579,qartheen,d_R162G253B150,2,e_qarth,history/titles/vassal_titles_e_qarth.txt,,oligarchic_government,empire,e_qarth,high
7985.1.1,gen_58,dothraki,c_R170G249B99,1,e_bone_mountain_dothraki,history/titles/vassal_titles_e_bone_mountain_dothraki.txt,,nomad_government,culture,dothraki,high
7985.1.1,gen_580,qartheen,c_R186G56B232,1,e_qarth,history/titles/vassal_titles_e_qarth.txt,,oligarchic_government,empire,e_qarth,high
7985.1.1,gen_581,qartheen,d_R154G226B97,2,e_qarth,history/titles/vassal_titles_e_qarth.txt,,oligarchic_government,empire,e_qarth,high
7985.1.1,gen_582,qartheen,d_R196G175B150,2,e_qarth,history/titles/vassal_titles_e_qarth.txt,,oligarchic_government,empire,e_qarth,high
7985.1.1,gen_583,qartheen,k_R27G181B254,3,e_qarth,history/titles/vassal_titles_e_qarth.txt,,oligarchic_government,empire,e_qarth,high
7985.1.1,gen_584,qartheen,d_R90G57B150,2,e_qarth,history/titles/vassal_titles_e_qarth.txt,,oligarchic_government,empire,e_qarth,high
7985.1.1,gen_585,qartheen,d_R73G133B15,2,e_qarth,history/titles/vassal_titles_e_qarth.txt,,oligarchic_government,empire,e_qarth,high
7985.1.1,gen_586,qartheen,d_R132G234B228,2,e_qarth,history/titles/vassal_titles_e_qarth.txt,,oligarchic_government,empire,e_qarth,high
7985.1.1,gen_587,qartheen,c_R238G100B34,1,e_qarth,history/titles/vassal_titles_e_qarth.txt,,oligarchic_government,empire,e_qarth,high
7985.1.1,gen_588,qartheen,d_R88G13B155,2,e_qarth,history/titles/vassal_titles_e_qarth.txt,,oligarchic_government,empire,e_qarth,high
7985.1.1,gen_589,qartheen,c_R14G98B94,1,e_qarth,history/titles/vassal_titles_e_qarth.txt,,oligarchic_government,empire,e_qarth,high
7985.1.1,gen_59,dothraki,d_R15G52B130,2,e_bone_mountain_dothraki,history/titles/vassal_titles_e_bone_mountain_dothraki.txt,,nomad_government,culture,dothraki,high
7985.1.1,gen_590,qartheen,k_R154G58B31,3,e_qarth,history/titles/vassal_titles_e_qarth.txt,,oligarchic_government,empire,e_qarth,high
7985.1.1,gen_591,qartheen,c_R45G36B45,1,e_qarth,history/titles/vassal_titles_e_qarth.txt,,oligarchic_government,empire,e_qarth,high
7985.1.1,gen_592,qartheen,c_R125G209B208,1,e_qarth,history/titles/vassal_titles_e_qarth.txt,,oligarchic_government,empire,e_qarth,high
7985.1.1,gen_593,qartheen,d_R251G71B132,2,e_qarth,history/titles/vassal_titles_e_qarth.txt,,oligarchic_government,empire,e_qarth,high
7985.1.1,gen_594,qartheen,c_R154G59B209,1,e_qarth,history/titles/vassal_titles_e_qarth.txt,,oligarchic_government,empire,e_qarth,high
7985.1.1,gen_595,qartheen,c_R214G149B158,1,e_qarth,history/titles/vassal_titles_e_qarth.txt,,oligarchic_government,empire,e_qarth,high
7985.1.1,gen_596,qartheen,d_R95G51B86,2,e_qarth,history/titles/vassal_titles_e_qarth.txt,,oligarchic_government,empire,e_qarth,high
7985.1.1,gen_597,qartheen,c_R112G68B65,1,e_qarth,history/titles/vassal_titles_e_qarth.txt,,oligarchic_government,empire,e_qarth,high
7985.1.1,gen_598,qartheen,d_R107G39B102,2,e_qarth,history/titles/vassal_titles_e_qarth.txt,,oligarchic_government,empire,e_qarth,high
7985.1.1,gen_599,qartheen,d_R73G169B117,2,e_qarth,history/titles/vassal_titles_e_qarth.txt,,oligarchic_government,empire,e_qarth,high
7985.1.1,gen_6,farosi,e_lesser_moraq,4,e_lesser_moraq,history/titles/hist_titles.txt,tribal_government,feudal_government,empire,e_lesser_moraq,low
7985.1.1,gen_60,dothraki,c_R104G172B214,1,e_bone_mountain_dothraki,history/titles/vassal_titles_e_bone_mountain_dothraki.txt,,nomad_government,culture,dothraki,high
7985.1.1,gen_600,qartheen,d_R104G144B83,2,e_qarth,history/titles/vassal_titles_e_qarth.txt,,oligarchic_government,empire,e_qarth,high
7985.1.1,gen_601,qartheen,c_R33G139B13,1,e_qarth,history/titles/vassal_titles_e_qarth.txt,,oligarchic_government,empire,e_qarth,high
7985.1.1,gen_602,qartheen,k_R53G172B250,3,e_qarth,history/titles/vassal_titles_e_qarth.txt,,oligarchic_government,empire,e_qarth,high
7985.1.1,gen_603,qartheen,c_R104G25B46,1,e_qarth,history/titles/vassal_titles_e_qarth.txt,,oligarchic_government,empire,e_qarth,high
7985.1.1,gen_604,qartheen,d_R138G113B254,2,e_qarth,history/titles/vassal_titles_e_qarth.txt,,oligarchic_government,empire,e_qarth,high
7985.1.1,gen_605,qartheen,c_R175G203B138,1,e_qarth,history/titles/vassal_titles_e_qarth.txt,,oligarchic_government,empire,e_qarth,high
7985.1.1,gen_606,qartheen,d_R201G149B127,2,e_qarth,history/titles/vassal_titles_e_qarth.txt,,oligarchic_government,empire,e_qarth,high
7985.1.1,gen_607,qartheen,c_R140G243B171,1,e_qarth,history/titles/vassal_titles_e_qarth.txt,,oligarchic_government,empire,e_qarth,high
7985.1.1,gen_608,qartheen,d_R139G230B165,2,e_qarth,history/titles/vassal_titles_e_qarth.txt,,oligarchic_government,empire,e_qarth,high
7985.1.1,gen_609,qartheen,d_R78G20B134,2,e_qarth,history/titles/vassal_titles_e_qarth.txt,,oligarchic_government,empire,e_qarth,high
7985.1.1,gen_61,dothraki,d_R207G232B72,2,e_bone_mountain_dothraki,history/titles/vassal_titles_e_bone_mountain_dothraki.txt,,nomad_government,culture,dothraki,high
7985.1.1,gen_610,qartheen,c_R197G233B63,1,e_qarth,history/titles/vassal_titles_e_qarth.txt,,oligarchic_government,empire,e_qarth,high
7985.1.1,gen_611,qohorik,d_R101G68B31,2,e_qohor,history/titles/vassal_titles_e_qohor.txt,,administrative_government,empire,e_qohor,medium
7985.1.1,gen_612,qohorik,d_R105G87B76,2,e_qohor,history/titles/vassal_titles_e_qohor.txt,,administrative_government,empire,e_qohor,medium
7985.1.1,gen_613,qohorik,c_R139G255B164,1,e_qohor,history/titles/vassal_titles_e_qohor.txt,,administrative_government,empire,e_qohor,medium
7985.1.1,gen_614,qohorik,d_R20G36B149,2,e_qohor,history/titles/vassal_titles_e_qohor.txt,,administrative_government,empire,e_qohor,medium
7985.1.1,gen_615,qohorik,d_R169G204B217,2,e_qohor,history/titles/vassal_titles_e_qohor.txt,,administrative_government,empire,e_qohor,medium
7985.1.1,gen_616,qohorik,d_R30G189B191,2,e_qohor,history/titles/vassal_titles_e_qohor.txt,,administrative_government,empire,e_qohor,medium
7985.1.1,gen_618,qohorik,d_R11G122B152,2,e_qohor,history/titles/vassal_titles_e_qohor.txt,,administrative_government,empire,e_qohor,medium
7985.1.1,gen_619,qohorik,c_R193G192B96,1,e_qohor,history/titles/vassal_titles_e_qohor.txt,,administrative_government,empire,e_qohor,medium
7985.1.1,gen_62,dothraki,c_R11G87B23,1,e_bone_mountain_dothraki,history/titles/vassal_titles_e_bone_mountain_dothraki.txt,,nomad_government,culture,dothraki,high
7985.1.1,gen_620,qohorik,d_R71G9B105,2,e_qohor,history/titles/vassal_titles_e_qohor.txt,,administrative_government,empire,e_qohor,medium
7985.1.1,gen_621,qohorik,c_R108G41B175,1,e_qohor,history/titles/vassal_titles_e_qohor.txt,,administrative_government,empire,e_qohor,medium
7985.1.1,gen_622,qohorik,d_R255G6B232,2,e_qohor,history/titles/vassal_titles_e_qohor.txt,,administrative_government,empire,e_qohor,medium
7985.1.1,gen_623,qohorik,d_R236G62B218,2,e_qohor,history/titles/vassal_titles_e_qohor.txt,,administrative_government,empire,e_qohor,medium
7985.1.1,gen_625,tagaez_fen,c_R157G218B162,1,e_sarnor,history/titles/vassal_titles_e_sarnor.txt,,feudal_government,empire,e_sarnor,high
7985.1.1,gen_626,tagaez_fen,d_R113G237B226,2,e_sarnor,history/titles/vassal_titles_e_sarnor.txt,,feudal_government,empire,e_sarnor,high
7985.1.1,gen_627,tagaez_fen,d_R204G205B212,2,e_sarnor,history/titles/vassal_titles_e_sarnor.txt,,feudal_government,empire,e_sarnor,high
7985.1.1,gen_628,gogossite,c_R146G140B226,1,e_sothoryos,history/titles/vassal_titles_e_sothoryos.txt,,tribal_government,empire,e_sothoryos,medium
7985.1.1,gen_629,gogossite,d_R198G233B16,2,e_sothoryos,history/titles/vassal_titles_e_sothoryos.txt,,tribal_government,empire,e_sothoryos,medium
7985.1.1,gen_63,dothraki,k_R156G124B52,3,e_bone_mountain_dothraki,history/titles/vassal_titles_e_bone_mountain_dothraki.txt,,nomad_government,culture,dothraki,high
7985.1.1,gen_630,jhalai,c_R222G70B140,1,e_summer_isles,history/titles/vassal_titles_e_summer_isles.txt,,feudal_government,empire,e_summer_isles,medium
7985.1.1,gen_631,jhalai,c_R148G36B219,1,e_summer_isles,history/titles/vassal_titles_e_summer_isles.txt,,feudal_government,empire,e_summer_isles,medium
7985.1.1,gen_632,jhalai,d_R202G240B76,2,e_summer_isles,history/titles/vassal_titles_e_summer_isles.txt,,feudal_government,empire,e_summer_isles,medium
7985.1.1,gen_633,jhalai,c_R199G85B101,1,e_summer_isles,history/titles/vassal_titles_e_summer_isles.txt,,feudal_government,empire,e_summer_isles,medium
7985.1.1,gen_634,jhalai,c_R11G151B74,1,e_summer_isles,history/titles/vassal_titles_e_summer_isles.txt,,feudal_government,empire,e_summer_isles,medium
7985.1.1,gen_635,jhalai,d_R218G131B54,2,e_summer_isles,history/titles/vassal_titles_e_summer_isles.txt,,feudal_government,empire,e_summer_isles,medium
7985.1.1,gen_636,jhalai,d_R50G233B173,2,e_summer_isles,history/titles/vassal_titles_e_summer_isles.txt,,feudal_government,empire,e_summer_isles,medium
7985.1.1,gen_637,jhalai,c_R45G29B128,1,e_summer_isles,history/titles/vassal_titles_e_summer_isles.txt,,feudal_government,empire,e_summer_isles,medium
7985.1.1,gen_638,jhalai,c_R188G114B25,1,e_summer_isles,history/titles/vassal_titles_e_summer_isles.txt,,feudal_government,empire,e_summer_isles,medium
7985.1.1,gen_639,jhalai,d_R103G163B139,2,e_summer_isles,history/titles/vassal_titles_e_summer_isles.txt,,feudal_government,empire,e_summer_isles,medium
7985.1.1,gen_64,dothraki,c_R151G231B220,1,e_bone_mountain_dothraki,history/titles/vassal_titles_e_bone_mountain_dothraki.txt,,nomad_government,culture,dothraki,high
7985.1.1,gen_640,jhalai,c_R151G3B104,1,e_summer_isles,history/titles/vassal_titles_e_summer_isles.txt,,feudal_government,empire,e_summer_isles,medium
7985.1.1,gen_641,jhalai,c_R254G197B65,1,e_summer_isles,history/titles/vassal_titles_e_summer_isles.txt,,feudal_government,empire,e_summer_isles,medium
7985.1.1,gen_642,jhalai,d_R124G167B9,2,e_summer_isles,history/titles/vassal_titles_e_summer_isles.txt,,feudal_government,empire,e_summer_isles,medium
7985.1.1,gen_643,jhalai,d_R31G5B22,2,e_summer_isles,history/titles/vassal_titles_e_summer_isles.txt,,feudal_government,empire,e_summer_isles,medium
7985.1.1,gen_644,jhalai,d_R177G111B163,2,e_summer_isles,history/titles/vassal_titles_e_summer_isles.txt,,feudal_government,empire,e_summer_isles,medium
7985.1.1,gen_645,jhalai,c_R23G253B84,1,e_summer_isles,history/titles/vassal_titles_e_summer_isles.txt,,feudal_government,empire,e_summer_isles,medium
7985.1.1,gen_646,jhalai,c_R125G116B219,1,e_summer_isles,history/titles/vassal_titles_e_summer_isles.txt,,feudal_government,empire,e_summer_isles,medium
7985.1.1,gen_647,jhalai,c_R132G78B11,1,e_summer_isles,history/titles/vassal_titles_e_summer_isles.txt,,feudal_government,empire,e_summer_isles,medium
7985.1.1,gen_648,jhalai,c_R213G78B26,1,e_summer_isles,history/titles/vassal_titles_e_summer_isles.txt,,feudal_government,empire,e_summer_isles,medium
7985.1.1,gen_649,jhalai,c_R195G95B228,1,e_summer_isles,history/titles/vassal_titles_e_summer_isles.txt,,feudal_government,empire,e_summer_isles,medium
7985.1.1,gen_65,dothraki,d_R212G121B105,2,e_bone_mountain_dothraki,history/titles/vassal_titles_e_bone_mountain_dothraki.txt,,nomad_government,culture,dothraki,high
7985.1.1,gen_650,jhalai,c_R108G158B0,1,e_summer_isles,history/titles/vassal_titles_e_summer_isles.txt,,feudal_government,empire,e_summer_isles,medium
7985.1.1,gen_651,jhalai,c_R19G114B199,1,e_summer_isles,history/titles/vassal_titles_e_summer_isles.txt,,feudal_government,empire,e_summer_isles,medium
7985.1.1,gen_652,jhalai,d_R205G235B19,2,e_summer_isles,history/titles/vassal_titles_e_summer_isles.txt,,feudal_government,empire,e_summer_isles,medium
7985.1.1,gen_653,jhalai,c_R233G53B119,1,e_summer_isles,history/titles/vassal_titles_e_summer_isles.txt,,feudal_government,empire,e_summer_isles,medium
7985.1.1,gen_654,jhalai,c_R175G238B210,1,e_summer_isles,history/titles/vassal_titles_e_summer_isles.txt,,feudal_government,empire,e_summer_isles,medium
7985.1.1,gen_655,jhalai,c_R187G82B250,1,e_summer_isles,history/titles/vassal_titles_e_summer_isles.txt,,feudal_government,empire,e_summer_isles,medium
7985.1.1,gen_656,jhalai,c_R105G96B44,1,e_summer_isles,history/titles/vassal_titles_e_summer_isles.txt,,feudal_government,empire,e_summer_isles,medium
7985.1.1,gen_657,jhalai,c_R148G131B84,1,e_summer_isles,history/titles/vassal_titles_e_summer_isles.txt,,feudal_government,empire,e_summer_isles,medium
7985.1.1,gen_658,jhalai,c_R177G128B230,1,e_summer_isles,history/titles/vassal_titles_e_summer_isles.txt,,feudal_government,empire,e_summer_isles,medium
7985.1.1,gen_659,jhalai,c_R0G136B49,1,e_summer_isles,history/titles/vassal_titles_e_summer_isles.txt,,feudal_government,empire,e_summer_isles,medium
7985.1.1,gen_66,dothraki,c_R13G96B250,1,e_bone_mountain_dothraki,history/titles/vassal_titles_e_bone_mountain_dothraki.txt,,nomad_government,culture,dothraki,high
7985.1.1,gen_660,jhalai,c_R217G160B94,1,e_summer_isles,history/titles/vassal_titles_e_summer_isles.txt,,feudal_government,empire,e_summer_isles,medium
7985.1.1,gen_661,jhalai,c_R229G163B183,1,e_summer_isles,history/titles/vassal_titles_e_summer_isles.txt,,feudal_government,empire,e_summer_isles,medium
7985.1.1,gen_662,jhalai,c_R252G99B123,1,e_summer_isles,history/titles/vassal_titles_e_summer_isles.txt,,feudal_government,empire,e_summer_isles,medium
7985.1.1,gen_663,jhalai,d_R152G30B153,2,e_summer_isles,history/titles/vassal_titles_e_summer_isles.txt,,feudal_government,empire,e_summer_isles,medium
7985.1.1,gen_664,manticorian,c_R0G15B31,1,e_thousand_islands,history/titles/vassal_titles_e_thousand_islands.txt,,tribal_government,empire,e_thousand_islands,medium
7985.1.1,gen_665,manticorian,d_R67G144B34,2,e_thousand_islands,history/titles/vassal_titles_e_thousand_islands.txt,,tribal_government,empire,e_thousand_islands,medium
7985.1.1,gen_666,manticorian,c_R171G184B167,1,e_thousand_islands,history/titles/vassal_titles_e_thousand_islands.txt,,tribal_government,empire,e_thousand_islands,medium
7985.1.1,gen_667,manticorian,c_R174G215B40,1,e_thousand_islands,history/titles/vassal_titles_e_thousand_islands.txt,,tribal_government,empire,e_thousand_islands,medium
7985.1.1,gen_668,manticorian,d_R48G26B112,2,e_thousand_islands,history/titles/vassal_titles_e_thousand_islands.txt,,tribal_government,empire,e_thousand_islands,medium
7985.1.1,gen_669,dothraki,c_R147G121B205,1,e_upper_sarne_dothraki,history/titles/vassal_titles_e_upper_sarne_dothraki.txt,,nomad_government,culture,dothraki,high
7985.1.1,gen_67,dothraki,d_R219G72B227,2,e_bone_mountain_dothraki,history/titles/vassal_titles_e_bone_mountain_dothraki.txt,,nomad_government,culture,dothraki,high
7985.1.1,gen_670,dothraki,c_R101G238B18,1,e_upper_sarne_dothraki,history/titles/vassal_titles_e_upper_sarne_dothraki.txt,,nomad_government,culture,dothraki,high
7985.1.1,gen_671,dothraki,d_R255G214B152,2,e_upper_sarne_dothraki,history/titles/vassal_titles_e_upper_sarne_dothraki.txt,,nomad_government,culture,dothraki,high
7985.1.1,gen_672,dothraki,c_R156G91B219,1,e_upper_sarne_dothraki,history/titles/vassal_titles_e_upper_sarne_dothraki.txt,,nomad_government,culture,dothraki,high
7985.1.1,gen_673,dothraki,c_R113G250B221,1,e_upper_sarne_dothraki,history/titles/vassal_titles_e_upper_sarne_dothraki.txt,,nomad_government,culture,dothraki,high
7985.1.1,gen_674,dothraki,d_R134G247B36,2,e_upper_sarne_dothraki,history/titles/vassal_titles_e_upper_sarne_dothraki.txt,,nomad_government,culture,dothraki,high
7985.1.1,gen_675,dothraki,c_R35G67B22,1,e_upper_sarne_dothraki,history/titles/vassal_titles_e_upper_sarne_dothraki.txt,,nomad_government,culture,dothraki,high
7985.1.1,gen_676,dothraki,d_R204G244B176,2,e_upper_sarne_dothraki,history/titles/vassal_titles_e_upper_sarne_dothraki.txt,,nomad_government,culture,dothraki,high
7985.1.1,gen_677,dothraki,c_R153G103B228,1,e_upper_sarne_dothraki,history/titles/vassal_titles_e_upper_sarne_dothraki.txt,,nomad_government,culture,dothraki,high
7985.1.1,gen_678,dothraki,d_R99G238B110,2,e_upper_sarne_dothraki,history/titles/vassal_titles_e_upper_sarne_dothraki.txt,,nomad_government,culture,dothraki,high
7985.1.1,gen_679,dothraki,d_R236G126B142,2,e_upper_sarne_dothraki,history/titles/vassal_titles_e_upper_sarne_dothraki.txt,,nomad_government,culture,dothraki,high
7985.1.1,gen_68,dothraki,d_R248G238B10,2,e_bone_mountain_dothraki,history/titles/vassal_titles_e_bone_mountain_dothraki.txt,,nomad_government,culture,dothraki,high
7985.1.1,gen_680,dothraki,d_R238G80B145,2,e_upper_sarne_dothraki,history/titles/vassal_titles_e_upper_sarne_dothraki.txt,,nomad_government,culture,dothraki,high
7985.1.1,gen_681,dothraki,d_R109G27B29,2,e_upper_sarne_dothraki,history/titles/vassal_titles_e_upper_sarne_dothraki.txt,,nomad_government,culture,dothraki,high
7985.1.1,gen_682,dothraki,c_R253G46B57,1,e_upper_sarne_dothraki,history/titles/vassal_titles_e_upper_sarne_dothraki.txt,,nomad_government,culture,dothraki,high
7985.1.1,gen_683,dothraki,c_R13G216B232,1,e_upper_sarne_dothraki,history/titles/vassal_titles_e_upper_sarne_dothraki.txt,,nomad_government,culture,dothraki,high
7985.1.1,gen_684,dothraki,d_R95G232B154,2,e_upper_sarne_dothraki,history/titles/vassal_titles_e_upper_sarne_dothraki.txt,,nomad_government,culture,dothraki,high
7985.1.1,gen_685,dothraki,d_R149G85B224,2,e_upper_sarne_dothraki,history/titles/vassal_titles_e_upper_sarne_dothraki.txt,,nomad_government,culture,dothraki,high
7985.1.1,gen_686,dothraki,c_R243G41B157,1,e_upper_sarne_dothraki,history/titles/vassal_titles_e_upper_sarne_dothraki.txt,,nomad_government,culture,dothraki,high
7985.1.1,gen_687,dothraki,k_R168G94B91,3,e_upper_sarne_dothraki,history/titles/vassal_titles_e_upper_sarne_dothraki.txt,,nomad_government,culture,dothraki,high
7985.1.1,gen_688,dothraki,c_R107G227B222,1,e_upper_sarne_dothraki,history/titles/vassal_titles_e_upper_sarne_dothraki.txt,,nomad_government,culture,dothraki,high
7985.1.1,gen_689,dothraki,d_R159G22B192,2,e_upper_sarne_dothraki,history/titles/vassal_titles_e_upper_sarne_dothraki.txt,,nomad_government,culture,dothraki,high
7985.1.1,gen_69,dothraki,d_R216G46B12,2,e_bone_mountain_dothraki,history/titles/vassal_titles_e_bone_mountain_dothraki.txt,,nomad_government,culture,dothraki,high
7985.1.1,gen_690,dothraki,d_R58G212B41,2,e_upper_sarne_dothraki,history/titles/vassal_titles_e_upper_sarne_dothraki.txt,,nomad_government,culture,dothraki,high
7985.1.1,gen_691,dothraki,c_R164G172B93,1,e_upper_sarne_dothraki,history/titles/vassal_titles_e_upper_sarne_dothraki.txt,,nomad_government,culture,dothraki,high
7985.1.1,gen_692,dothraki,c_R227G226B150,1,e_upper_sarne_dothraki,history/titles/vassal_titles_e_upper_sarne_dothraki.txt,,nomad_government,culture,dothraki,high
7985.1.1,gen_693,dothraki,d_R72G135B97,2,e_upper_sarne_dothraki,history/titles/vassal_titles_e_upper_sarne_dothraki.txt,,nomad_government,culture,dothraki,high
7985.1.1,gen_694,dothraki,d_R201G51B50,2,e_upper_sarne_dothraki,history/titles/vassal_titles_e_upper_sarne_dothraki.txt,,nomad_government,culture,dothraki,high
7985.1.1,gen_695,dothraki,c_R83G234B109,1,e_upper_sarne_dothraki,history/titles/vassal_titles_e_upper_sarne_dothraki.txt,,nomad_government,culture,dothraki,high
7985.1.1,gen_696,dothraki,d_R56G19B157,2,e_upper_sarne_dothraki,history/titles/vassal_titles_e_upper_sarne_dothraki.txt,,nomad_government,culture,dothraki,high
7985.1.1,gen_697,dothraki,c_R63G161B163,1,e_upper_sarne_dothraki,history/titles/vassal_titles_e_upper_sarne_dothraki.txt,,nomad_government,culture,dothraki,high
7985.1.1,gen_698,dothraki,d_R198G143B52,2,e_upper_sarne_dothraki,history/titles/vassal_titles_e_upper_sarne_dothraki.txt,,nomad_government,culture,dothraki,high
7985.1.1,gen_699,dothraki,c_R142G97B115,1,e_upper_sarne_dothraki,history/titles/vassal_titles_e_upper_sarne_dothraki.txt,,nomad_government,culture,dothraki,high
7985.1.1,gen_70,dothraki,c_R222G137B105,1,e_bone_mountain_dothraki,history/titles/vassal_titles_e_bone_mountain_dothraki.txt,,nomad_government,culture,dothraki,high
7985.1.1,gen_700,dothraki,c_R17G183B140,1,e_upper_sarne_dothraki,history/titles/vassal_titles_e_upper_sarne_dothraki.txt,,nomad_government,culture,dothraki,high
7985.1.1,gen_701,dothraki,d_R64G185B227,2,e_upper_sarne_dothraki,history/titles/vassal_titles_e_upper_sarne_dothraki.txt,,nomad_government,culture,dothraki,high
7985.1.1,gen_702,dothraki,d_R74G38B220,2,e_upper_sarne_dothraki,history/titles/vassal_titles_e_upper_sarne_dothraki.txt,,nomad_government,culture,dothraki,high
7985.1.1,gen_703,dothraki,k_R93G216B215,3,e_upper_sarne_dothraki,history/titles/vassal_titles_e_upper_sarne_dothraki.txt,,nomad_government,culture,dothraki,high
7985.1.1,gen_704,dothraki,c_R189G121B120,1,e_upper_sarne_dothraki,history/titles/vassal_titles_e_upper_sarne_dothraki.txt,,nomad_government,culture,dothraki,high
7985.1.1,gen_705,dothraki,d_R167G120B47,2,e_upper_sarne_dothraki,history/titles/vassal_titles_e_upper_sarne_dothraki.txt,,nomad_government,culture,dothraki,high
7985.1.1,gen_706,dothraki,d_R192G170B92,2,e_upper_sarne_dothraki,history/titles/vassal_titles_e_upper_sarne_dothraki.txt,,nomad_government,culture,dothraki,high
7985.1.1,gen_707,dothraki,d_R211G247B172,2,e_upper_sarne_dothraki,history/titles/vassal_titles_e_upper_sarne_dothraki.txt,,nomad_government,culture,dothraki,high
7985.1.1,gen_708,dothraki,d_R222G127B153,2,e_upper_sarne_dothraki,history/titles/vassal_titles_e_upper_sarne_dothraki.txt,,nomad_government,culture,dothraki,high
7985.1.1,gen_709,dothraki,d_R222G102B11,2,e_upper_sarne_dothraki,history/titles/vassal_titles_e_upper_sarne_dothraki.txt,,nomad_government,culture,dothraki,high
7985.1.1,gen_71,dothraki,d_R144G68B193,2,e_bone_mountain_dothraki,history/titles/vassal_titles_e_bone_mountain_dothraki.txt,,nomad_government,culture,dothraki,high
7985.1.1,gen_710,dothraki,d_R166G108B140,2,e_upper_sarne_dothraki,history/titles/vassal_titles_e_upper_sarne_dothraki.txt,,nomad_government,culture,dothraki,high
7985.1.1,gen_711,dothraki,c_R129G88B92,1,e_upper_sarne_dothraki,history/titles/vassal_titles_e_upper_sarne_dothraki.txt,,nomad_government,culture,dothraki,high
7985.1.1,gen_712,dothraki,k_R58G101B215,3,e_upper_sarne_dothraki,history/titles/vassal_titles_e_upper_sarne_dothraki.txt,,nomad_government,culture,dothraki,high
7985.1.1,gen_713,dothraki,d_R134G104B125,2,e_upper_sarne_dothraki,history/titles/vassal_titles_e_upper_sarne_dothraki.txt,,nomad_government,culture,dothraki,high
7985.1.1,gen_714,dothraki,d_R87G41B72,2,e_upper_sarne_dothraki,history/titles/vassal_titles_e_upper_sarne_dothraki.txt,,nomad_government,culture,dothraki,high
7985.1.1,gen_715,dothraki,d_R195G91B12,2,e_upper_sarne_dothraki,history/titles/vassal_titles_e_upper_sarne_dothraki.txt,,nomad_government,culture,dothraki,high
7985.1.1,gen_716,dothraki,d_R238G200B119,2,e_upper_sarne_dothraki,history/titles/vassal_titles_e_upper_sarne_dothraki.txt,,nomad_government,culture,dothraki,high
7985.1.1,gen_717,dothraki,d_R61G25B203,2,e_upper_sarne_dothraki,history/titles/vassal_titles_e_upper_sarne_dothraki.txt,,nomad_government,culture,dothraki,high
7985.1.1,gen_718,dothraki,d_R170G180B109,2,e_upper_sarne_dothraki,history/titles/vassal_titles_e_upper_sarne_dothraki.txt,,nomad_government,culture,dothraki,high
7985.1.1,gen_72,dothraki,d_R120G35B220,2,e_bone_mountain_dothraki,history/titles/vassal_titles_e_bone_mountain_dothraki.txt,,nomad_government,culture,dothraki,high
7985.1.1,gen_73,dothraki,d_R17G127B123,2,e_bone_mountain_dothraki,history/titles/vassal_titles_e_bone_mountain_dothraki.txt,,nomad_government,culture,dothraki,high
7985.1.1,gen_74,dothraki,d_R146G230B227,2,e_bone_mountain_dothraki,history/titles/vassal_titles_e_bone_mountain_dothraki.txt,,nomad_government,culture,dothraki,high
7985.1.1,gen_75,dothraki,c_R119G9B221,1,e_bone_mountain_dothraki,history/titles/vassal_titles_e_bone_mountain_dothraki.txt,,nomad_government,culture,dothraki,high
7985.1.1,gen_76,dothraki,k_R231G165B51,3,e_bone_mountain_dothraki,history/titles/vassal_titles_e_bone_mountain_dothraki.txt,,nomad_government,culture,dothraki,high
7985.1.1,gen_77,dothraki,c_R207G173B118,1,e_bone_mountain_dothraki,history/titles/vassal_titles_e_bone_mountain_dothraki.txt,,nomad_government,culture,dothraki,high
7985.1.1,gen_78,dothraki,d_R128G213B136,2,e_bone_mountain_dothraki,history/titles/vassal_titles_e_bone_mountain_dothraki.txt,,nomad_government,culture,dothraki,high
7985.1.1,gen_79,dothraki,d_R230G33B231,2,e_bone_mountain_dothraki,history/titles/vassal_titles_e_bone_mountain_dothraki.txt,,nomad_government,culture,dothraki,high
7985.1.1,gen_8,mossovite,e_mossovy,4,e_mossovy,history/titles/hist_titles.txt,tribal_government,tribal_government,empire,e_mossovy,low
7985.1.1,gen_80,dothraki,d_R139G45B60,2,e_bone_mountain_dothraki,history/titles/vassal_titles_e_bone_mountain_dothraki.txt,,nomad_government,culture,dothraki,high
7985.1.1,gen_81,dothraki,d_R155G77B180,2,e_bone_mountain_dothraki,history/titles/vassal_titles_e_bone_mountain_dothraki.txt,,nomad_government,culture,dothraki,high
7985.1.1,gen_82,dothraki,c_R202G34B26,1,e_bone_mountain_dothraki,history/titles/vassal_titles_e_bone_mountain_dothraki.txt,,nomad_government,culture,dothraki,high
7985.1.1,gen_83,dothraki,d_R116G189B167,2,e_bone_mountain_dothraki,history/titles/vassal_titles_e_bone_mountain_dothraki.txt,,nomad_government,culture,dothraki,high
7985.1.1,gen_84,dothraki,c_R113G245B139,1,e_bone_mountain_dothraki,history/titles/vassal_titles_e_bone_mountain_dothraki.txt,,nomad_government,culture,dothraki,high
7985.1.1,gen_85,dothraki,d_R196G74B194,2,e_bone_mountain_dothraki,history/titles/vassal_titles_e_bone_mountain_dothraki.txt,,nomad_government,culture,dothraki,high
7985.1.1,gen_86,dothraki,c_R57G228B86,1,e_bone_mountain_dothraki,history/titles/vassal_titles_e_bone_mountain_dothraki.txt,,nomad_government,culture,dothraki,high
7985.1.1,gen_87,dothraki,d_R141G70B61,2,e_bone_mountain_dothraki,history/titles/vassal_titles_e_bone_mountain_dothraki.txt,,nomad_government,culture,dothraki,high
7985.1.1,gen_88,dothraki,d_R187G205B225,2,e_bone_mountain_dothraki,history/titles/vassal_titles_e_bone_mountain_dothraki.txt,,nomad_government,culture,dothraki,high
7985.1.1,gen_89,dothraki,c_R246G226B47,1,e_bone_mountain_dothraki,history/titles/vassal_titles_e_bone_mountain_dothraki.txt,,nomad_government,culture,dothraki,high
7985.1.1,gen_9,naathi,e_naath,4,e_naath,history/titles/hist_titles.txt,tribal_government,tribal_government,empire,e_naath,medium
7985.1.1,gen_90,dothraki,c_R119G76B175,1,e_bone_mountain_dothraki,history/titles/vassal_titles_e_bone_mountain_dothraki.txt,,nomad_government,culture,dothraki,high
7985.1.1,gen_91,dothraki,c_R114G111B176,1,e_bone_mountain_dothraki,history/titles/vassal_titles_e_bone_mountain_dothraki.txt,,nomad_government,culture,dothraki,high
7985.1.1,gen_92,dothraki,d_R136G3B213,2,e_bone_mountain_dothraki,history/titles/vassal_titles_e_bone_mountain_dothraki.txt,,nomad_government,culture,dothraki,high
7985.1.1,gen_93,dothraki,c_R165G251B137,1,e_bone_mountain_dothraki,history/titles/vassal_titles_e_bone_mountain_dothraki.txt,,nomad_government,culture,dothraki,high
7985.1.1,gen_94,dothraki,d_R10G62B223,2,e_bone_mountain_dothraki,history/titles/vassal_titles_e_bone_mountain_dothraki.txt,,nomad_government,culture,dothraki,high
7985.1.1,gen_95,dothraki,c_R71G210B236,1,e_bone_mountain_dothraki,history/titles/vassal_titles_e_bone_mountain_dothraki.txt,,nomad_government,culture,dothraki,high
7985.1.1,gen_96,dothraki,d_R247G40B78,2,e_bone_mountain_dothraki,history/titles/vassal_titles_e_bone_mountain_dothraki.txt,,nomad_government,culture,dothraki,high
7985.1.1,gen_97,feicui_ren,d_R44G198B158,2,e_golden_yi_ti,history/titles/vassal_titles_e_golden_yi_ti.txt,,meritocratic_government,empire,e_golden_yi_ti,high
7985.1.1,gen_98,feicui_ren,d_R146G124B54,2,e_golden_yi_ti,history/titles/vassal_titles_e_golden_yi_ti.txt,,meritocratic_government,empire,e_golden_yi_ti,high
7985.1.1,gen_99,feicui_ren,c_R135G245B179,1,e_golden_yi_ti,history/titles/vassal_titles_e_golden_yi_ti.txt,,meritocratic_government,empire,e_golden_yi_ti,high
7986.1.1,Ahlaq_7,yunkaii,c_nf_ahlaq,1,,history/titles/lv_nf_titles.txt,,oligarchic_government,history_file,lv_k_yunkai.txt,high
7987.1.1,Grazlar_7,astapori,c_horns_of_hazzat,1,,history/titles/lv_k_astapor.txt,,oligarchic_government,history_file,lv_k_astapor.txt,high
7987.1.1,Mazlaq_7,astapori,c_ghiscar_point,1,,history/titles/lv_k_astapor.txt,,oligarchic_government,history_file,lv_k_astapor.txt,high
7987.1.1,Nogarys_6,essosi_valyrian,d_death_swamps,2,,history/titles/lv_k_volantis.txt,,administrative_government,history_file,lv_k_volantis.txt,high
7988.1.1,Hazkar_7,meereenese,c_hazkar_pyramid,1,,history/titles/lv_k_meereen.txt,,oligarchic_government,history_file,lv_k_meereen.txt,high
7989.1.1,Adiur_5,asshaii,k_asshai,3,,history/titles/lv_k_asshai.txt,,oligarchic_government,history_file,lv_k_asshai.txt,low
7989.1.1,Ghazeen_8,meereenese,c_ghazeen_pyramid,1,,history/titles/lv_k_meereen.txt,,oligarchic_government,history_file,lv_k_meereen.txt,high
7989.1.1,Naqqan_7,meereenese,c_naqqan_pyramid,1,,history/titles/lv_k_meereen.txt,,oligarchic_government,history_file,lv_k_meereen.txt,high
7989.1.1,Rhaezn_6,yunkaii,c_nf_rhaezn,1,,history/titles/lv_nf_titles.txt,,oligarchic_government,history_file,lv_k_yunkai.txt,high
7990.1.1,Galare_7,meereenese,c_galare_pyramid,1,,history/titles/lv_k_meereen.txt,,oligarchic_government,history_file,lv_k_meereen.txt,high
7990.1.1,Grazdhan_7,astapori,k_astapor,3,,history/titles/lv_k_astapor.txt,,oligarchic_government,history_file,lv_k_astapor.txt,high
7990.1.1,Reznak_7,meereenese,c_khyzai_pass,1,,history/titles/lv_k_meereen.txt,,oligarchic_government,history_file,lv_k_meereen.txt,high
7990.1.1,Ullhor_6,astapori,c_dhozai,1,,history/titles/lv_k_astapor.txt,,oligarchic_government,history_file,lv_k_astapor.txt,high
7991.1.1,LV_Merreq_7,meereenese,c_merreq_pyramid,1,,history/titles/lv_k_meereen.txt,,oligarchic_government,history_file,lv_k_meereen.txt,high
7991.1.1,Rebagyr_7,mantaryan,c_demon_pass,1,,history/titles/lv_k_north_valyria.txt,,oligarchic_government,history_file,lv_k_north_valyria.txt,medium
7991.10.3,Ennyrion_lv_5,gogossite,d_the_western_isles,2,,history/titles/lv_k_the_basilisk_isles.txt,,pirate_no_dlc_government,history_file,lv_k_the_basilisk_isles.txt,high
7992.1.1,100069149,ghaeni,c_ghaen,1,,history/titles/lv_k_ghiscar.txt,,oligarchic_government,history_file,lv_k_ghiscar.txt,medium
7992.1.1,10033911,asshaii,d_the_saffron_lands,2,,history/titles/lv_k_asshai.txt,,oligarchic_government,history_file,lv_k_asshai.txt,low
7992.1.1,Loraq_7,meereenese,c_loraq_pyramid,1,,history/titles/lv_k_meereen.txt,,oligarchic_government,history_file,lv_k_meereen.txt,high
7992.1.1,Rannovar_5,volantene,d_dreos,2,,history/titles/lv_k_volantis.txt,,administrative_government,history_file,lv_k_volantis.txt,high
7995.1.1,100069148,ghaeni,c_baked_shore,1,,history/titles/lv_k_ghiscar.txt,,oligarchic_government,history_file,lv_k_ghiscar.txt,medium
7995.1.1,100069152,ghaeni,c_atruskai,1,,history/titles/lv_k_ghiscar.txt,,oligarchic_government,history_file,lv_k_ghiscar.txt,medium
7995.1.1,Dhogarys_6,volantene,c_honors_port,1,,history/titles/lv_k_volantis.txt,,administrative_government,history_file,lv_k_volantis.txt,high
7995.1.1,Galare_7,meereenese,k_meereen,3,,history/titles/lv_k_meereen.txt,,oligarchic_government,history_file,lv_k_meereen.txt,high
7995.1.1,Isnardo_6,volantene,c_ar_mynar,1,,history/titles/lv_k_volantis.txt,,administrative_government,history_file,lv_k_volantis.txt,high
7995.1.1,Kandaq_6,meereenese,c_kandaq_pyramid,1,,history/titles/lv_k_meereen.txt,,oligarchic_government,history_file,lv_k_meereen.txt,high
7995.1.1,Lodaorys_6,mantaryan,c_painted_valleys,1,,history/titles/lv_k_north_valyria.txt,,oligarchic_government,history_file,lv_k_north_valyria.txt,medium
7995.1.1,Lomberys_6,volantene,c_plains_of_maegys,1,,history/titles/lv_k_volantis.txt,,administrative_government,history_file,lv_k_volantis.txt,high
7995.1.1,Marsiglio_6,volantene,c_anyria,1,,history/titles/lv_k_volantis.txt,,administrative_government,history_file,lv_k_volantis.txt,high
7995.1.1,Nefatis_6,volantene,d_valon_sar,2,,history/titles/lv_k_volantis.txt,,administrative_government,history_file,lv_k_volantis.txt,high
7995.1.1,Oliviriana_6,volantene,c_laboros,1,,history/titles/lv_k_volantis.txt,,administrative_government,history_file,lv_k_volantis.txt,high
7995.1.1,Pahl_7,meereenese,c_demon_road,1,,history/titles/lv_k_meereen.txt,,oligarchic_government,history_file,lv_k_meereen.txt,high
7995.1.1,Qaggaz_7,yunkaii,k_yunkai,3,,history/titles/lv_k_yunkai.txt,,oligarchic_government,history_file,lv_k_yunkai.txt,high
7995.1.1,RHLLOR_4,volantene,d_the_red_priesthood,2,,history/titles/lv_k_the_red_priesthood.txt,,theocracy_government,history_file,lv_k_the_red_priesthood.txt,high
7995.1.1,Rannovar_6,volantene,d_dreos,2,,history/titles/lv_k_volantis.txt,,administrative_government,history_file,lv_k_volantis.txt,high
7995.1.1,Rhazdar_7,meereenese,c_nf_rhazdar,1,,history/titles/lv_nf_titles.txt,,oligarchic_government,history_file,lv_k_meereen.txt,high
7995.1.1,Stogarys_7,volantene,c_mavlys,1,,history/titles/lv_k_volantis.txt,,administrative_government,history_file,lv_k_volantis.txt,high
7995.1.1,Yunzak_7,yunkaii,c_nf_yunzak,1,,history/titles/lv_nf_titles.txt,,oligarchic_government,history_file,lv_k_yunkai.txt,high
7995.12.19,Vhassorlan_lv_5,gogossite,d_the_three_snakes,2,,history/titles/lv_k_the_basilisk_isles.txt,,pirate_no_dlc_government,history_file,lv_k_the_basilisk_isles.txt,high
7996.1.1,Mazemagyr_7,tolosi,c_black_cliffs,1,,history/titles/lv_k_north_valyria.txt,,oligarchic_government,history_file,lv_k_north_valyria.txt,medium
7996.8.12,Ennyrion_lv_6,gogossite,d_the_western_isles,2,,history/titles/lv_k_the_basilisk_isles.txt,,pirate_no_dlc_government,history_file,lv_k_the_basilisk_isles.txt,high
7996.12.12,Maegyr_7,essosi_valyrian,d_little_valyria,2,,history/titles/lv_k_volantis.txt,,administrative_government,history_file,lv_k_volantis.txt,high
7996.12.16,Qheadar_7,essosi_valyrian,d_nf_qhaedar,2,,history/titles/lv_nf_titles.txt,,administrative_government,history_file,lv_k_volantis.txt,high
7996.12.16,Vhassar_6,essosi_valyrian,k_volantis,3,,history/titles/lv_k_volantis.txt,,administrative_government,history_file,lv_k_volantis.txt,high
7997.1.1,Local_Rulers_Valyria_Oros_Orosi,orosi,c_oros,1,,history/titles/lv_k_valyria.txt,,oligarchic_government,history_file,lv_k_valyria.txt,high
7997.1.1,Quazzar_8,meereenese,c_nf_quazzar,1,,history/titles/lv_nf_titles.txt,,oligarchic_government,history_file,lv_k_meereen.txt,high
7998.1.1,100600219,dothraki,k_khalasar_painted_mountains,3,,history/titles/lv_k_volantis.txt,tribal_government,nomad_government,culture,dothraki,high
7998.1.1,Dosh_Khaleen_3,dothraki,d_dosh_khaleen,2,,history/titles/lv_dothraki.txt,,theocracy_government,title,d_dosh_khaleen,high
7998.1.1,LV_Votar_7,essosi_valyrian,d_nf_votar,2,,history/titles/lv_nf_titles.txt,,administrative_government,history_file,lv_k_volantis.txt,high
7998.1.1,Nogarys_6,essosi_valyrian,c_qelbarys,1,,history/titles/lv_k_volantis.txt,,administrative_government,history_file,lv_k_volantis.txt,high
7998.1.1,Staegone_5,essosi_valyrian,c_hemarhaeon,1,,history/titles/lv_k_volantis.txt,,administrative_government,history_file,lv_k_volantis.txt,high
7999.1.1,Dhazak_7,meereenese,c_dhazak_pyramid,1,,history/titles/lv_k_meereen.txt,,oligarchic_government,history_file,lv_k_meereen.txt,high
7999.12.1,Benaris_lv_6,gogossite,c_death_isle,1,,history/titles/lv_k_the_basilisk_isles.txt,,pirate_no_dlc_government,history_file,lv_k_the_basilisk_isles.txt,high
7999.12.1,Enreos_lv_6,gogossite,c_scoundrels_point,1,,history/titles/lv_k_the_basilisk_isles.txt,,pirate_no_dlc_government,history_file,lv_k_the_basilisk_isles.txt,high
7999.12.1,Hendry_lv_6,valyrian_original,c_wraiths_rest,1,,history/titles/lv_k_the_basilisk_isles.txt,,pirate_no_dlc_government,history_file,lv_k_the_basilisk_isles.txt,high
7999.12.1,Nahion_lv_6,gogossite,c_isle_of_vines,1,,history/titles/lv_k_the_basilisk_isles.txt,,pirate_no_dlc_government,history_file,lv_k_the_basilisk_isles.txt,high
7999.12.1,Zaldrizyen_lv_6,gogossite,c_strait_of_skulls,1,,history/titles/lv_k_the_basilisk_isles.txt,,pirate_no_dlc_government,history_file,lv_k_the_basilisk_isles.txt,high
8000.1.1,LV_Merreq_8,meereenese,c_merreq_pyramid,1,,history/titles/lv_k_meereen.txt,,oligarchic_government,history_file,lv_k_meereen.txt,high
8000.1.1,Pendaeron_5,mantaryan,c_treylys,1,,history/titles/lv_k_north_valyria.txt,,oligarchic_government,history_file,lv_k_north_valyria.txt,medium
8000.1.1,Yherizan_7,meereenese,c_green_gate,1,,history/titles/lv_k_meereen.txt,,oligarchic_government,history_file,lv_k_meereen.txt,high
8000.3.8,Ennyrion_lv_7,gogossite,d_the_western_isles,2,,history/titles/lv_k_the_basilisk_isles.txt,,pirate_no_dlc_government,history_file,lv_k_the_basilisk_isles.txt,high
8000.12.19,Vhassorlan_lv_6,gogossite,d_the_three_snakes,2,,history/titles/lv_k_the_basilisk_isles.txt,,pirate_no_dlc_government,history_file,lv_k_the_basilisk_isles.txt,high
8001.1.1,Paenymion_6,essosi_valyrian,k_volantis,3,,history/titles/lv_k_volantis.txt,,administrative_government,history_file,lv_k_volantis.txt,high
8001.1.1,Szarr_5,mantaryan,c_elyndor,1,,history/titles/lv_k_north_valyria.txt,,oligarchic_government,history_file,lv_k_north_valyria.txt,medium
8003.1.1,Volnyros_7,volantene,c_selhorys,1,,history/titles/lv_k_volantis.txt,,administrative_government,history_file,lv_k_volantis.txt,high
8003.1.1,Yherizan_8,meereenese,c_green_gate,1,,history/titles/lv_k_meereen.txt,,oligarchic_government,history_file,lv_k_meereen.txt,high
8004.1.1,Azantone_7,tolosi,d_tolos,2,,history/titles/lv_k_north_valyria.txt,,oligarchic_government,history_file,lv_k_north_valyria.txt,medium
8005.1.1,Dosh_Khaleen_4,dothraki,d_dosh_khaleen,2,,history/titles/lv_dothraki.txt,,theocracy_government,title,d_dosh_khaleen,high
8006.1.1,Nakloz_8,astapori,c_nf_nakloz,1,,history/titles/lv_nf_titles.txt,,oligarchic_government,history_file,lv_k_astapor.txt,high
8007.1.1,Rulloros_7,volantene,d_valysar,2,,history/titles/lv_k_volantis.txt,,administrative_government,history_file,lv_k_volantis.txt,high
8008.1.1,Eraz_7,yunkaii,c_maelk,1,,history/titles/lv_k_yunkai.txt,,oligarchic_government,history_file,lv_k_yunkai.txt,high
8009.1.1,10133914,asshaii,d_chalysa,2,,history/titles/lv_k_asshai.txt,,oligarchic_government,history_file,lv_k_asshai.txt,low
8009.1.1,Dosh_Khaleen_5,dothraki,d_dosh_khaleen,2,,history/titles/lv_dothraki.txt,,theocracy_government,title,d_dosh_khaleen,high
8009.1.1,Rhazdar_8,meereenese,c_nf_rhazdar,1,,history/titles/lv_nf_titles.txt,,oligarchic_government,history_file,lv_k_meereen.txt,high
8010.1.1,Vhassar_7,essosi_valyrian,k_volantis,3,,history/titles/lv_k_volantis.txt,,administrative_government,history_file,lv_k_volantis.txt,high
8011.1.1,Kirines_7,volantene,d_volon_therys,2,,history/titles/lv_k_volantis.txt,,administrative_government,history_file,lv_k_volantis.txt,high
8011.1.1,Maegyr_8,essosi_valyrian,d_little_valyria,2,,history/titles/lv_k_volantis.txt,,administrative_government,history_file,lv_k_volantis.txt,high
8011.3.6,Paenohrin_lv_6,gogossite,d_eastern_isles,2,,history/titles/lv_k_the_basilisk_isles.txt,,pirate_no_dlc_government,history_file,lv_k_the_basilisk_isles.txt,high
8012.1.1,Qaggaz_8,yunkaii,c_kaldeen,1,,history/titles/lv_k_yunkai.txt,,oligarchic_government,history_file,lv_k_yunkai.txt,high
8012.1.1,Yunzak_8,yunkaii,k_yunkai,3,,history/titles/lv_k_yunkai.txt,,oligarchic_government,history_file,lv_k_yunkai.txt,high
8012.1.1,Zobridar_7,mantaryan,d_mantarys,2,,history/titles/lv_k_north_valyria.txt,,oligarchic_government,history_file,lv_k_north_valyria.txt,medium
8013.1.1,Ahlaq_8,yunkaii,c_nf_ahlaq,1,,history/titles/lv_nf_titles.txt,,oligarchic_government,history_file,lv_k_yunkai.txt,high
8014.1.1,Paenymion_6,essosi_valyrian,k_volantis,3,,history/titles/lv_k_volantis.txt,,administrative_government,history_file,lv_k_volantis.txt,high
8014.1.1,Zherzyn_8,yunkaii,c_nf_zherzyn,1,,history/titles/lv_nf_titles.txt,,oligarchic_government,history_file,lv_k_yunkai.txt,high
8015.1.1,Dhazak_8,meereenese,c_dhazak_pyramid,1,,history/titles/lv_k_meereen.txt,,oligarchic_government,history_file,lv_k_meereen.txt,high
8015.1.1,Ullhor_7,astapori,c_dhozai,1,,history/titles/lv_k_astapor.txt,,oligarchic_government,history_file,lv_k_astapor.txt,high
8015.8.4,Ennyrion_lv_8,gogossite,d_the_western_isles,2,,history/titles/lv_k_the_basilisk_isles.txt,,pirate_no_dlc_government,history_file,lv_k_the_basilisk_isles.txt,high
8016.1.1,Adiur_6,asshaii,k_asshai,3,,history/titles/lv_k_asshai.txt,,oligarchic_government,history_file,lv_k_asshai.txt,low
8016.1.1,Loraq_8,meereenese,c_loraq_pyramid,1,,history/titles/lv_k_meereen.txt,,oligarchic_government,history_file,lv_k_meereen.txt,high
8017.1.1,Barlaeris_5,mantaryan,c_elarion,1,,history/titles/lv_k_north_valyria.txt,,oligarchic_government,history_file,lv_k_north_valyria.txt,medium
8017.1.1,Pahl_8,meereenese,c_demon_road,1,,history/titles/lv_k_meereen.txt,,oligarchic_government,history_file,lv_k_meereen.txt,high
8017.1.1,Yunzak_8,yunkaii,c_nf_yunzak,1,,history/titles/lv_nf_titles.txt,,oligarchic_government,history_file,lv_k_yunkai.txt,high
8019.1.1,Naqqan_8,meereenese,c_naqqan_pyramid,1,,history/titles/lv_k_meereen.txt,,oligarchic_government,history_file,lv_k_meereen.txt,high
8019.1.1,Szarr_6,mantaryan,c_elyndor,1,,history/titles/lv_k_north_valyria.txt,,oligarchic_government,history_file,lv_k_north_valyria.txt,medium
8020.1.1,Galare_8,meereenese,c_galare_pyramid,1,,history/titles/lv_k_meereen.txt,,oligarchic_government,history_file,lv_k_meereen.txt,high
8020.1.1,Loraq_8,meereenese,k_meereen,3,,history/titles/lv_k_meereen.txt,,oligarchic_government,history_file,lv_k_meereen.txt,high
8021.1.1,Grazlar_8,astapori,c_horns_of_hazzat,1,,history/titles/lv_k_astapor.txt,,oligarchic_government,history_file,lv_k_astapor.txt,high
8021.1.1,Mazlaq_8,astapori,c_ghiscar_point,1,,history/titles/lv_k_astapor.txt,,oligarchic_government,history_file,lv_k_astapor.txt,high
8022.1.1,Azantone_9,tolosi,d_tolos,2,,history/titles/lv_k_north_valyria.txt,,oligarchic_government,history_file,lv_k_north_valyria.txt,medium
8022.1.1,Ghazeen_9,meereenese,c_ghazeen_pyramid,1,,history/titles/lv_k_meereen.txt,,oligarchic_government,history_file,lv_k_meereen.txt,high
8022.1.1,Kizwe_lv_1,naathi,c_isle_of_lice,1,,history/titles/lv_k_the_basilisk_isles.txt,pirate_no_dlc_government,pirate_no_dlc_government,history_file,lv_k_the_basilisk_isles.txt,high
8022.1.1,Salukho_lv_1,jhalai,c_isle_of_flies,1,,history/titles/lv_k_the_basilisk_isles.txt,pirate_no_dlc_government,pirate_no_dlc_government,history_file,lv_k_the_basilisk_isles.txt,high
8022.1.1,Vaelaros_7,essosi_valyrian,d_nf_vaelaros,2,,history/titles/lv_nf_titles.txt,,administrative_government,history_file,lv_k_volantis.txt,high
8022.1.1,Zagazn_lv_1,zamettari,c_skull_island,1,,history/titles/lv_k_the_basilisk_isles.txt,pirate_no_dlc_government,pirate_no_dlc_government,history_file,lv_k_the_basilisk_isles.txt,high
8022.12.1,Benaris_lv_7,gogossite,c_death_isle,1,,history/titles/lv_k_the_basilisk_isles.txt,,pirate_no_dlc_government,history_file,lv_k_the_basilisk_isles.txt,high
8022.12.1,Enreos_lv_7,gogossite,c_scoundrels_point,1,,history/titles/lv_k_the_basilisk_isles.txt,,pirate_no_dlc_government,history_file,lv_k_the_basilisk_isles.txt,high
8022.12.1,Hendry_lv_7,valyrian_original,c_wraiths_rest,1,,history/titles/lv_k_the_basilisk_isles.txt,,pirate_no_dlc_government,history_file,lv_k_the_basilisk_isles.txt,high
8022.12.1,Nahion_lv_7,gogossite,c_isle_of_vines,1,,history/titles/lv_k_the_basilisk_isles.txt,,pirate_no_dlc_government,history_file,lv_k_the_basilisk_isles.txt,high
8022.12.1,Zaldrizyen_lv_7,gogossite,c_strait_of_skulls,1,,history/titles/lv_k_the_basilisk_isles.txt,,pirate_no_dlc_government,history_file,lv_k_the_basilisk_isles.txt,high
8023.1.1,100360025,ghaeni,k_new_ghis,3,,history/titles/lv_k_ghiscar.txt,,oligarchic_government,history_file,lv_k_ghiscar.txt,medium
8023.1.1,103600219,dothraki,k_khalasar_painted_mountains,3,,history/titles/lv_k_volantis.txt,,nomad_government,culture,dothraki,high
8023.1.1,Grazdhan_8,astapori,c_gadhis,1,,history/titles/lv_k_astapor.txt,,oligarchic_government,history_file,lv_k_astapor.txt,high
8023.1.1,Staegone_6,essosi_valyrian,d_nf_staegone,2,,history/titles/lv_nf_titles.txt,,administrative_government,history_file,lv_k_volantis.txt,high
8023.1.1,Stogarys_8,volantene,c_mavlys,1,,history/titles/lv_k_volantis.txt,,administrative_government,history_file,lv_k_volantis.txt,high
8023.1.1,Ullhor_7,astapori,k_astapor,3,,history/titles/lv_k_astapor.txt,,oligarchic_government,history_file,lv_k_astapor.txt,high
8024.1.1,Hazkar_8,meereenese,c_hazkar_pyramid,1,,history/titles/lv_k_meereen.txt,,oligarchic_government,history_file,lv_k_meereen.txt,high
8024.1.1,Quazzar_9,meereenese,c_nf_quazzar,1,,history/titles/lv_nf_titles.txt,,oligarchic_government,history_file,lv_k_meereen.txt,high
8024.1.1,Rhaezn_7,yunkaii,c_nf_rhaezn,1,,history/titles/lv_nf_titles.txt,,oligarchic_government,history_file,lv_k_yunkai.txt,high
8025.1.1,Kandaq_7,meereenese,c_kandaq_pyramid,1,,history/titles/lv_k_meereen.txt,,oligarchic_government,history_file,lv_k_meereen.txt,high
8025.1.1,Kirines_8,volantene,d_volon_therys,2,,history/titles/lv_k_volantis.txt,,administrative_government,history_file,lv_k_volantis.txt,high
8025.1.1,LV_Merreq_9,meereenese,c_merreq_pyramid,1,,history/titles/lv_k_meereen.txt,,oligarchic_government,history_file,lv_k_meereen.txt,high
8025.1.1,Paenymion_8,essosi_valyrian,k_volantis,3,,history/titles/lv_k_volantis.txt,,administrative_government,history_file,lv_k_volantis.txt,high
8025.1.1,Szarr_7,mantaryan,c_elyndor,1,,history/titles/lv_k_north_valyria.txt,,oligarchic_government,history_file,lv_k_north_valyria.txt,medium
8025.1.1,Zherzyn_9,yunkaii,c_nf_zherzyn,1,,history/titles/lv_nf_titles.txt,,oligarchic_government,history_file,lv_k_yunkai.txt,high
8025.12.19,Vhassorlan_lv_7,gogossite,c_talon,1,,history/titles/lv_k_the_basilisk_isles.txt,,pirate_no_dlc_government,history_file,lv_k_the_basilisk_isles.txt,high
8026.1.1,Ahlaq_9,yunkaii,c_nf_ahlaq,1,,history/titles/lv_nf_titles.txt,,oligarchic_government,history_file,lv_k_yunkai.txt,high
8026.1.1,Ilvar_8,elyrian,c_elyria,1,,history/titles/lv_k_north_valyria.txt,,oligarchic_government,history_file,lv_k_north_valyria.txt,medium
8026.1.1,Nefatis_7,volantene,d_valon_sar,2,,history/titles/lv_k_volantis.txt,,administrative_government,history_file,lv_k_volantis.txt,high
8027.1.1,Ghazeen_10,meereenese,c_ghazeen_pyramid,1,,history/titles/lv_k_meereen.txt,,oligarchic_government,history_file,lv_k_meereen.txt,high
8027.1.1,Lodaorys_7,mantaryan,c_painted_valleys,1,,history/titles/lv_k_north_valyria.txt,,oligarchic_government,history_file,lv_k_north_valyria.txt,medium
8027.1.1,Reznak_8,meereenese,c_khyzai_pass,1,,history/titles/lv_k_meereen.txt,,oligarchic_government,history_file,lv_k_meereen.txt,high
8028.1.1,Myraq_8,yunkaii,k_yunkai,3,,history/titles/lv_k_yunkai.txt,,oligarchic_government,history_file,lv_k_yunkai.txt,high
8028.1.1,Yunzak_9,yunkaii,c_nf_yunzak,1,,history/titles/lv_nf_titles.txt,,oligarchic_government,history_file,lv_k_yunkai.txt,high
8029.1.1,Rebagyr_8,mantaryan,c_demon_pass,1,,history/titles/lv_k_north_valyria.txt,,oligarchic_government,history_file,lv_k_north_valyria.txt,medium
8030.1.1,Dhogarys_8,volantene,c_honors_port,1,,history/titles/lv_k_volantis.txt,,administrative_government,history_file,lv_k_volantis.txt,high
8030.1.1,Ilvar_9,elyrian,c_elyria,1,,history/titles/lv_k_north_valyria.txt,,oligarchic_government,history_file,lv_k_north_valyria.txt,medium
8030.1.1,Mazemagyr_8,tolosi,c_black_cliffs,1,,history/titles/lv_k_north_valyria.txt,,oligarchic_government,history_file,lv_k_north_valyria.txt,medium
8031.1.1,Eraz_8,yunkaii,c_maelk,1,,history/titles/lv_k_yunkai.txt,,oligarchic_government,history_file,lv_k_yunkai.txt,high
8031.1.1,Rannovar_7,volantene,d_dreos,2,,history/titles/lv_k_volantis.txt,,administrative_government,history_file,lv_k_volantis.txt,high
8031.1.1,Volnyros_8,volantene,c_selhorys,1,,history/titles/lv_k_volantis.txt,,administrative_government,history_file,lv_k_volantis.txt,high
8032.1.1,Isnardo_7,volantene,c_ar_mynar,1,,history/titles/lv_k_volantis.txt,,administrative_government,history_file,lv_k_volantis.txt,high
8032.1.1,Pendaeron_6,mantaryan,c_treylys,1,,history/titles/lv_k_north_valyria.txt,,oligarchic_government,history_file,lv_k_north_valyria.txt,medium
8032.1.1,Rannovar_8,volantene,d_dreos,2,,history/titles/lv_k_volantis.txt,,administrative_government,history_file,lv_k_volantis.txt,high
8033.1.1,100169148,ghaeni,c_baked_shore,1,,history/titles/lv_k_ghiscar.txt,,oligarchic_government,history_file,lv_k_ghiscar.txt,medium
8033.1.1,Oliviriana_7,volantene,c_laboros,1,,history/titles/lv_k_volantis.txt,,administrative_government,history_file,lv_k_volantis.txt,high
8033.1.1,Rhazdar_9,meereenese,c_nf_rhazdar,1,,history/titles/lv_nf_titles.txt,,oligarchic_government,history_file,lv_k_meereen.txt,high
8033.12.1,Benaris_lv_8,gogossite,c_death_isle,1,,history/titles/lv_k_the_basilisk_isles.txt,,pirate_no_dlc_government,history_file,lv_k_the_basilisk_isles.txt,high
8033.12.1,Enreos_lv_8,gogossite,c_scoundrels_point,1,,history/titles/lv_k_the_basilisk_isles.txt,,pirate_no_dlc_government,history_file,lv_k_the_basilisk_isles.txt,high
8033.12.1,Hendry_lv_8,valyrian_original,c_wraiths_rest,1,,history/titles/lv_k_the_basilisk_isles.txt,,pirate_no_dlc_government,history_file,lv_k_the_basilisk_isles.txt,high
8033.12.1,Nahion_lv_8,gogossite,c_isle_of_vines,1,,history/titles/lv_k_the_basilisk_isles.txt,,pirate_no_dlc_government,history_file,lv_k_the_basilisk_isles.txt,high
8033.12.1,Vhassorlan_lv_8,gogossite,c_talon,1,,history/titles/lv_k_the_basilisk_isles.txt,,pirate_no_dlc_government,history_file,lv_k_the_basilisk_isles.txt,high
8033.12.1,Zaldrizyen_lv_8,gogossite,c_strait_of_skulls,1,,history/titles/lv_k_the_basilisk_isles.txt,,pirate_no_dlc_government,history_file,lv_k_the_basilisk_isles.txt,high
8034.1.1,10233911,asshaii,d_the_saffron_lands,2,,history/titles/lv_k_asshai.txt,,oligarchic_government,history_file,lv_k_asshai.txt,low
8034.1.1,Hazkar_9,meereenese,c_hazkar_pyramid,1,,history/titles/lv_k_meereen.txt,,oligarchic_government,history_file,lv_k_meereen.txt,high
8034.1.1,Marsiglio_7,volantene,c_anyria,1,,history/titles/lv_k_volantis.txt,,administrative_government,history_file,lv_k_volantis.txt,high
8034.1.1,Mazemagyr_9,tolosi,c_black_cliffs,1,,history/titles/lv_k_north_valyria.txt,,oligarchic_government,history_file,lv_k_north_valyria.txt,medium
8034.6.4,Paenohrin_lv_7,gogossite,d_eastern_isles,2,,history/titles/lv_k_the_basilisk_isles.txt,,pirate_no_dlc_government,history_file,lv_k_the_basilisk_isles.txt,high
8035.1.1,Marsiglio_8,volantene,c_anyria,1,,history/titles/lv_k_volantis.txt,,administrative_government,history_file,lv_k_volantis.txt,high
8035.1.1,Nakloz_9,astapori,c_nf_nakloz,1,,history/titles/lv_nf_titles.txt,,oligarchic_government,history_file,lv_k_astapor.txt,high
8035.1.1,Nogarys_7,essosi_valyrian,d_nf_nogarys,2,,history/titles/lv_nf_titles.txt,,administrative_government,history_file,lv_k_volantis.txt,high
8035.1.1,Yherizan_9,meereenese,c_green_gate,1,,history/titles/lv_k_meereen.txt,,oligarchic_government,history_file,lv_k_meereen.txt,high
8036.1.1,100269152,ghaeni,c_atruskai,1,,history/titles/lv_k_ghiscar.txt,,oligarchic_government,history_file,lv_k_ghiscar.txt,medium
8036.1.1,10333914,asshaii,d_chalysa,2,,history/titles/lv_k_asshai.txt,,oligarchic_government,history_file,lv_k_asshai.txt,low
8036.1.1,Lomberys_7,volantene,c_plains_of_maegys,1,,history/titles/lv_k_volantis.txt,,administrative_government,history_file,lv_k_volantis.txt,high
8036.1.1,Maegyr_9,essosi_valyrian,d_little_valyria,2,,history/titles/lv_k_volantis.txt,,administrative_government,history_file,lv_k_volantis.txt,high
8036.1.1,Qaggaz_9,yunkaii,c_kaldeen,1,,history/titles/lv_k_yunkai.txt,,oligarchic_government,history_file,lv_k_yunkai.txt,high
8037.1.1,Lomberys_8,volantene,c_plains_of_maegys,1,,history/titles/lv_k_volantis.txt,,administrative_government,history_file,lv_k_volantis.txt,high
8037.1.1,Ninmarki_8,shadowman,d_hattar,2,,history/titles/lv_k_asshai.txt,,tribal_government,culture,shadowman,low
8037.1.1,RHLLOR_5,volantene,d_the_red_priesthood,2,,history/titles/lv_k_the_red_priesthood.txt,,theocracy_government,history_file,lv_k_the_red_priesthood.txt,high
8038.1.1,100269149,ghaeni,c_ghaen,1,,history/titles/lv_k_ghiscar.txt,,oligarchic_government,history_file,lv_k_ghiscar.txt,medium
8038.1.1,Zobridar_8,mantaryan,d_mantarys,2,,history/titles/lv_k_north_valyria.txt,,oligarchic_government,history_file,lv_k_north_valyria.txt,medium
8039.1.1,Dhazak_9,meereenese,c_dhazak_pyramid,1,,history/titles/lv_k_meereen.txt,,oligarchic_government,history_file,lv_k_meereen.txt,high
8040.1.1,Quazzar_10,meereenese,c_nf_quazzar,1,,history/titles/lv_nf_titles.txt,,oligarchic_government,history_file,lv_k_meereen.txt,high
8040.1.1,Vhassar_8,essosi_valyrian,d_nf_vhassar,2,,history/titles/lv_nf_titles.txt,,administrative_government,history_file,lv_k_volantis.txt,high
8040.1.1,Zobridar_9,mantaryan,d_mantarys,2,,history/titles/lv_k_north_valyria.txt,,oligarchic_government,history_file,lv_k_north_valyria.txt,medium
8041.1.1,101360025,ghaeni,k_new_ghis,3,,history/titles/lv_k_ghiscar.txt,,oligarchic_government,history_file,lv_k_ghiscar.txt,medium
8042.1.1,Adiur_7,asshaii,k_asshai,3,,history/titles/lv_k_asshai.txt,,oligarchic_government,history_file,lv_k_asshai.txt,low
8042.1.1,Bone_lv_1,jhalai,c_coast_of_sorrows,1,,history/titles/lv_k_the_basilisk_isles.txt,administrative_government|pirate_no_dlc_government,pirate_no_dlc_government,history_file,lv_k_the_basilisk_isles.txt,high
8042.1.1,Nakloz_9,astapori,k_astapor,3,,history/titles/lv_k_astapor.txt,,oligarchic_government,history_file,lv_k_astapor.txt,high
8042.1.1,Qhoqua_lv_1,jhalai,c_isle_of_toads,1,,history/titles/lv_k_the_basilisk_isles.txt,pirate_no_dlc_government,pirate_no_dlc_government,history_file,lv_k_the_basilisk_isles.txt,high
8042.1.1,Ullhor_8,astapori,c_dhozai,1,,history/titles/lv_k_astapor.txt,,oligarchic_government,history_file,lv_k_astapor.txt,high
8042.1.1,Xho_lv_1,jhalai,c_pirates_haven,1,,history/titles/lv_k_the_basilisk_isles.txt,pirate_no_dlc_government,pirate_no_dlc_government,history_file,lv_k_the_basilisk_isles.txt,high
8042.1.1,Xhore_lv_1,qartheen,c_ax_isle,1,,history/titles/lv_k_the_basilisk_isles.txt,pirate_no_dlc_government,pirate_no_dlc_government,history_file,lv_k_the_basilisk_isles.txt,high
8043.1.1,10533911,asshaii,d_the_saffron_lands,2,,history/titles/lv_k_asshai.txt,,oligarchic_government,history_file,lv_k_asshai.txt,low
8043.1.1,Qheadar_8,essosi_valyrian,d_nf_qhaedar,2,,history/titles/lv_nf_titles.txt,,administrative_government,history_file,lv_k_volantis.txt,high
8043.1.1,Rulloros_9,volantene,d_valysar,2,,history/titles/lv_k_volantis.txt,,administrative_government,history_file,lv_k_volantis.txt,high
8044.1.1,LV_Votar_8,essosi_valyrian,d_nf_votar,2,,history/titles/lv_nf_titles.txt,,administrative_government,history_file,lv_k_volantis.txt,high
8044.1.1,Stogarys_9,volantene,c_mavlys,1,,history/titles/lv_k_volantis.txt,,administrative_government,history_file,lv_k_volantis.txt,high
8045.1.1,105600219,dothraki,k_khalasar_painted_mountains,3,,history/titles/lv_k_volantis.txt,,nomad_government,culture,dothraki,high
8045.1.1,Paenymion_8,essosi_valyrian,d_nf_paenymion,2,,history/titles/lv_nf_titles.txt,,administrative_government,history_file,lv_k_volantis.txt,high
8045.1.1,Reznak_9,meereenese,c_khyzai_pass,1,,history/titles/lv_k_meereen.txt,,oligarchic_government,history_file,lv_k_meereen.txt,high
8046.1.1,100669148,ghaeni,c_baked_shore,1,,history/titles/lv_k_ghiscar.txt,,oligarchic_government,history_file,lv_k_ghiscar.txt,medium
8046.1.1,Grazdhan_9,astapori,c_gadhis,1,,history/titles/lv_k_astapor.txt,,oligarchic_government,history_file,lv_k_astapor.txt,high
8046.1.1,Mazlaq_9,astapori,c_ghiscar_point,1,,history/titles/lv_k_astapor.txt,,oligarchic_government,history_file,lv_k_astapor.txt,high
8046.1.1,Pahl_9,meereenese,c_demon_road,1,,history/titles/lv_k_meereen.txt,,oligarchic_government,history_file,lv_k_meereen.txt,high
8046.1.1,Rhaezn_8,yunkaii,c_nf_rhaezn,1,,history/titles/lv_nf_titles.txt,,oligarchic_government,history_file,lv_k_yunkai.txt,high
8047.1.1,Galare_8,meereenese,k_meereen,3,,history/titles/lv_k_meereen.txt,,oligarchic_government,history_file,lv_k_meereen.txt,high
8047.1.1,Isnardo_8,volantene,c_ar_mynar,1,,history/titles/lv_k_volantis.txt,,administrative_government,history_file,lv_k_volantis.txt,high
8047.1.1,Lomberys_9,volantene,c_plains_of_maegys,1,,history/titles/lv_k_volantis.txt,,administrative_government,history_file,lv_k_volantis.txt,high
8047.1.1,Loraq_9,meereenese,c_loraq_pyramid,1,,history/titles/lv_k_meereen.txt,,oligarchic_government,history_file,lv_k_meereen.txt,high
8048.1.1,Ahlaq_10,yunkaii,c_nf_ahlaq,1,,history/titles/lv_nf_titles.txt,,oligarchic_government,history_file,lv_k_yunkai.txt,high
8048.1.1,Kandaq_8,meereenese,c_kandaq_pyramid,1,,history/titles/lv_k_meereen.txt,,oligarchic_government,history_file,lv_k_meereen.txt,high
8048.1.1,LV_Merreq_10,meereenese,c_merreq_pyramid,1,,history/titles/lv_k_meereen.txt,,oligarchic_government,history_file,lv_k_meereen.txt,high
8048.1.1,Nefatis_8,volantene,d_valon_sar,2,,history/titles/lv_k_volantis.txt,,administrative_government,history_file,lv_k_volantis.txt,high
8048.1.1,Oliviriana_8,volantene,c_laboros,1,,history/titles/lv_k_volantis.txt,,administrative_government,history_file,lv_k_volantis.txt,high
8048.11.18,Ennyrion_lv_9,gogossite,c_maggot_shore,1,,history/titles/lv_k_the_basilisk_isles.txt,,pirate_no_dlc_government,history_file,lv_k_the_basilisk_isles.txt,high
8049.1.1,Grazlar_9,astapori,c_horns_of_hazzat,1,,history/titles/lv_k_astapor.txt,,oligarchic_government,history_file,lv_k_astapor.txt,high
8049.1.1,Paenymion_9,essosi_valyrian,k_volantis,3,,history/titles/lv_k_volantis.txt,,administrative_government,history_file,lv_k_volantis.txt,high
8049.1.1,RHLLOR_6,volantene,d_the_red_priesthood,2,,history/titles/lv_k_the_red_priesthood.txt,,theocracy_government,history_file,lv_k_the_red_priesthood.txt,high
8050.1.1,Dosh_Khaleen_6,dothraki,d_dosh_khaleen,2,,history/titles/lv_dothraki.txt,,theocracy_government,title,d_dosh_khaleen,high
8050.1.1,Eraz_8,yunkaii,k_yunkai,3,,history/titles/lv_k_yunkai.txt,,oligarchic_government,history_file,lv_k_yunkai.txt,high
8050.1.1,Qheadar_9,essosi_valyrian,d_nf_qhaedar,2,,history/titles/lv_nf_titles.txt,,administrative_government,history_file,lv_k_volantis.txt,high
8050.1.1,Staegone_7,essosi_valyrian,d_nf_staegone,2,,history/titles/lv_nf_titles.txt,,administrative_government,history_file,lv_k_volantis.txt,high
8051.7.4,Paenohrin_lv_8,gogossite,c_the_handle,1,,history/titles/lv_k_the_basilisk_isles.txt,,pirate_no_dlc_government,history_file,lv_k_the_basilisk_isles.txt,high
8052.1.1,Maegyr_10,essosi_valyrian,d_little_valyria,2,,history/titles/lv_k_volantis.txt,,administrative_government,history_file,lv_k_volantis.txt,high
8052.1.1,Mazemagyr_10,tolosi,c_black_cliffs,1,,history/titles/lv_k_north_valyria.txt,,oligarchic_government,history_file,lv_k_north_valyria.txt,medium
8053.1.1,100469149,ghaeni,c_ghaen,1,,history/titles/lv_k_ghiscar.txt,,oligarchic_government,history_file,lv_k_ghiscar.txt,medium
8053.1.1,Adiur_8,asshaii,k_asshai,3,,history/titles/lv_k_asshai.txt,,oligarchic_government,history_file,lv_k_asshai.txt,low
8053.1.1,Dhogarys_9,volantene,c_honors_port,1,,history/titles/lv_k_volantis.txt,,administrative_government,history_file,lv_k_volantis.txt,high
8053.1.1,Galare_9,meereenese,c_galare_pyramid,1,,history/titles/lv_k_meereen.txt,,oligarchic_government,history_file,lv_k_meereen.txt,high
8053.1.1,Pahl_9,meereenese,k_meereen,3,,history/titles/lv_k_meereen.txt,,oligarchic_government,history_file,lv_k_meereen.txt,high
8053.1.1,Staegone_8,essosi_valyrian,d_nf_staegone,2,,history/titles/lv_nf_titles.txt,,administrative_government,history_file,lv_k_volantis.txt,high
8054.1.1,11333914,asshaii,d_chalysa,2,,history/titles/lv_k_asshai.txt,,oligarchic_government,history_file,lv_k_asshai.txt,low
8055.1.1,Naqqan_9,meereenese,c_naqqan_pyramid,1,,history/titles/lv_k_meereen.txt,,oligarchic_government,history_file,lv_k_meereen.txt,high
8056.1.1,Vaelaros_8,essosi_valyrian,d_nf_vaelaros,2,,history/titles/lv_nf_titles.txt,,administrative_government,history_file,lv_k_volantis.txt,high
8057.1.1,Staegone_9,essosi_valyrian,d_nf_staegone,2,,history/titles/lv_nf_titles.txt,,administrative_government,history_file,lv_k_volantis.txt,high
8058.1.1,100669152,ghaeni,c_atruskai,1,,history/titles/lv_k_ghiscar.txt,,oligarchic_government,history_file,lv_k_ghiscar.txt,medium
8058.1.1,Nogarys_8,essosi_valyrian,d_nf_nogarys,2,,history/titles/lv_nf_titles.txt,,administrative_government,history_file,lv_k_volantis.txt,high
8059.1.1,Zobridar_10,mantaryan,d_mantarys,2,,history/titles/lv_k_north_valyria.txt,,oligarchic_government,history_file,lv_k_north_valyria.txt,medium
8060.1.1,108600219,dothraki,k_khalasar_painted_mountains,3,,history/titles/lv_k_volantis.txt,,nomad_government,culture,dothraki,high
8060.1.1,Lodaorys_8,mantaryan,c_painted_valleys,1,,history/titles/lv_k_north_valyria.txt,,oligarchic_government,history_file,lv_k_north_valyria.txt,medium
8060.1.1,Zherzyn_10,yunkaii,c_nf_zherzyn,1,,history/titles/lv_nf_titles.txt,,oligarchic_government,history_file,lv_k_yunkai.txt,high
8061.1.1,Lomberys_10,volantene,c_plains_of_maegys,1,,history/titles/lv_k_volantis.txt,,administrative_government,history_file,lv_k_volantis.txt,high
8062.1.1,Ilvar_10,elyrian,c_elyria,1,,history/titles/lv_k_north_valyria.txt,,oligarchic_government,history_file,lv_k_north_valyria.txt,medium
8062.1.1,Kandaq_9,meereenese,c_kandaq_pyramid,1,,history/titles/lv_k_meereen.txt,,oligarchic_government,history_file,lv_k_meereen.txt,high
8062.1.1,Kirines_9,volantene,d_volon_therys,2,,history/titles/lv_k_volantis.txt,,administrative_government,history_file,lv_k_volantis.txt,high
8062.1.1,Ullhor_9,astapori,c_dhozai,1,,history/titles/lv_k_astapor.txt,,oligarchic_government,history_file,lv_k_astapor.txt,high
8062.1.1,Volnyros_9,volantene,c_selhorys,1,,history/titles/lv_k_volantis.txt,,administrative_government,history_file,lv_k_volantis.txt,high
8064.1.1,Dosh_Khaleen_7,dothraki,d_dosh_khaleen,2,,history/titles/lv_dothraki.txt,,theocracy_government,title,d_dosh_khaleen,high
8064.1.1,LV_Votar_9,essosi_valyrian,d_nf_votar,2,,history/titles/lv_nf_titles.txt,,administrative_government,history_file,lv_k_volantis.txt,high
8064.1.1,Ninmarki_9,shadowman,d_hattar,2,,history/titles/lv_k_asshai.txt,,tribal_government,culture,shadowman,low
8065.1.1,Dhazak_10,meereenese,c_dhazak_pyramid,1,,history/titles/lv_k_meereen.txt,,oligarchic_government,history_file,lv_k_meereen.txt,high
8065.1.1,Maegyr_11,essosi_valyrian,d_little_valyria,2,,history/titles/lv_k_volantis.txt,,administrative_government,history_file,lv_k_volantis.txt,high
8065.1.1,Rebagyr_9,mantaryan,c_demon_pass,1,,history/titles/lv_k_north_valyria.txt,,oligarchic_government,history_file,lv_k_north_valyria.txt,medium
8065.1.1,Rulloros_10,volantene,d_valysar,2,,history/titles/lv_k_volantis.txt,,administrative_government,history_file,lv_k_volantis.txt,high
8066.1.1,Isnardo_9,volantene,c_ar_mynar,1,,history/titles/lv_k_volantis.txt,,administrative_government,history_file,lv_k_volantis.txt,high
8067.1.1,Stogarys_10,volantene,c_mavlys,1,,history/titles/lv_k_volantis.txt,,administrative_government,history_file,lv_k_volantis.txt,high
8068.1.1,Qheadar_10,essosi_valyrian,d_nf_qhaedar,2,,history/titles/lv_nf_titles.txt,,administrative_government,history_file,lv_k_volantis.txt,high
8068.1.1,RHLLOR_7,volantene,d_the_red_priesthood,2,,history/titles/lv_k_the_red_priesthood.txt,,theocracy_government,history_file,lv_k_the_red_priesthood.txt,high
8068.1.1,Rebagyr_10,mantaryan,c_demon_pass,1,,history/titles/lv_k_north_valyria.txt,,oligarchic_government,history_file,lv_k_north_valyria.txt,medium
8068.1.1,Vhassar_10,essosi_valyrian,d_nf_vhassar,2,,history/titles/lv_nf_titles.txt,,administrative_government,history_file,lv_k_volantis.txt,high
8069.1.1,Ghazeen_11,meereenese,c_ghazeen_pyramid,1,,history/titles/lv_k_meereen.txt,,oligarchic_government,history_file,lv_k_meereen.txt,high
8069.1.1,Yherizan_10,meereenese,c_green_gate,1,,history/titles/lv_k_meereen.txt,,oligarchic_government,history_file,lv_k_meereen.txt,high
8070.1.1,Grazlar_10,astapori,c_horns_of_hazzat,1,,history/titles/lv_k_astapor.txt,,oligarchic_government,history_file,lv_k_astapor.txt,high
8070.1.1,Oliviriana_9,volantene,c_laboros,1,,history/titles/lv_k_volantis.txt,,administrative_government,history_file,lv_k_volantis.txt,high
8070.1.1,Qaggaz_10,yunkaii,c_kaldeen,1,,history/titles/lv_k_yunkai.txt,,oligarchic_government,history_file,lv_k_yunkai.txt,high
8071.1.1,LV_Votar_10,essosi_valyrian,d_nf_votar,2,,history/titles/lv_nf_titles.txt,,administrative_government,history_file,lv_k_volantis.txt,high
8071.1.1,Nakloz_10,astapori,k_astapor,3,,history/titles/lv_k_astapor.txt,,oligarchic_government,history_file,lv_k_astapor.txt,high
8071.1.1,Nefatis_9,volantene,d_valon_sar,2,,history/titles/lv_k_volantis.txt,,administrative_government,history_file,lv_k_volantis.txt,high
8071.1.1,Vaelaros_9,essosi_valyrian,d_nf_vaelaros,2,,history/titles/lv_nf_titles.txt,,administrative_government,history_file,lv_k_volantis.txt,high
8072.1.1,100969148,ghaeni,c_baked_shore,1,,history/titles/lv_k_ghiscar.txt,,oligarchic_government,history_file,lv_k_ghiscar.txt,medium
8072.1.1,11033911,asshaii,d_the_saffron_lands,2,,history/titles/lv_k_asshai.txt,,oligarchic_government,history_file,lv_k_asshai.txt,low
8072.1.1,Eraz_9,yunkaii,c_maelk,1,,history/titles/lv_k_yunkai.txt,,oligarchic_government,history_file,lv_k_yunkai.txt,high
8072.1.1,Qaggaz_10,yunkaii,k_yunkai,3,,history/titles/lv_k_yunkai.txt,,oligarchic_government,history_file,lv_k_yunkai.txt,high
8072.3.12,Paenohrin_lv_9,gogossite,c_the_handle,1,,history/titles/lv_k_the_basilisk_isles.txt,,pirate_no_dlc_government,history_file,lv_k_the_basilisk_isles.txt,high
8072.10.12,Benaris_lv_9,gogossite,c_death_isle,1,,history/titles/lv_k_the_basilisk_isles.txt,,pirate_no_dlc_government,history_file,lv_k_the_basilisk_isles.txt,high
8072.10.12,Enreos_lv_9,gogossite,c_scoundrels_point,1,,history/titles/lv_k_the_basilisk_isles.txt,,pirate_no_dlc_government,history_file,lv_k_the_basilisk_isles.txt,high
8072.10.12,Hendry_lv_9,valyrian_original,c_wraiths_rest,1,,history/titles/lv_k_the_basilisk_isles.txt,,pirate_no_dlc_government,history_file,lv_k_the_basilisk_isles.txt,high
8072.10.12,Nahion_lv_9,gogossite,c_isle_of_vines,1,,history/titles/lv_k_the_basilisk_isles.txt,,pirate_no_dlc_government,history_file,lv_k_the_basilisk_isles.txt,high
8072.10.12,Zaldrizyen_lv_9,gogossite,c_strait_of_skulls,1,,history/titles/lv_k_the_basilisk_isles.txt,,pirate_no_dlc_government,history_file,lv_k_the_basilisk_isles.txt,high
8073.1.1,100869152,ghaeni,c_atruskai,1,,history/titles/lv_k_ghiscar.txt,,oligarchic_government,history_file,lv_k_ghiscar.txt,medium
8073.1.1,Ahlaq_11,yunkaii,c_nf_ahlaq,1,,history/titles/lv_nf_titles.txt,,oligarchic_government,history_file,lv_k_yunkai.txt,high
8073.1.1,Vhassar_11,essosi_valyrian,d_nf_vhassar,2,,history/titles/lv_nf_titles.txt,,administrative_government,history_file,lv_k_volantis.txt,high
8073.1.1,Yunzak_10,yunkaii,c_nf_yunzak,1,,history/titles/lv_nf_titles.txt,,oligarchic_government,history_file,lv_k_yunkai.txt,high
8074.1.1,Nogarys_9,essosi_valyrian,d_nf_nogarys,2,,history/titles/lv_nf_titles.txt,,administrative_government,history_file,lv_k_volantis.txt,high
8075.1.1,Dhogarys_10,volantene,c_honors_port,1,,history/titles/lv_k_volantis.txt,,administrative_government,history_file,lv_k_volantis.txt,high
8075.1.1,Volnyros_10,volantene,c_selhorys,1,,history/titles/lv_k_volantis.txt,,administrative_government,history_file,lv_k_volantis.txt,high
8076.1.1,100569149,ghaeni,c_ghaen,1,,history/titles/lv_k_ghiscar.txt,,oligarchic_government,history_file,lv_k_ghiscar.txt,medium
8076.1.1,Maegyr_11,essosi_valyrian,k_volantis,3,,history/titles/lv_k_volantis.txt,,administrative_government,history_file,lv_k_volantis.txt,high
8076.1.1,Paenymion_10,essosi_valyrian,d_nf_paenymion,2,,history/titles/lv_nf_titles.txt,,administrative_government,history_file,lv_k_volantis.txt,high
8076.10.7,Ennyrion_lv_10,gogossite,c_maggot_shore,1,,history/titles/lv_k_the_basilisk_isles.txt,,pirate_no_dlc_government,history_file,lv_k_the_basilisk_isles.txt,high
8077.1.1,Rannovar_9,volantene,d_dreos,2,,history/titles/lv_k_volantis.txt,,administrative_government,history_file,lv_k_volantis.txt,high
8078.1.1,Galare_10,meereenese,c_galare_pyramid,1,,history/titles/lv_k_meereen.txt,,oligarchic_government,history_file,lv_k_meereen.txt,high
8078.1.1,Oliviriana_10,volantene,c_laboros,1,,history/titles/lv_k_volantis.txt,,administrative_government,history_file,lv_k_volantis.txt,high
8079.1.1,Lodaorys_9,mantaryan,c_painted_valleys,1,,history/titles/lv_k_north_valyria.txt,,oligarchic_government,history_file,lv_k_north_valyria.txt,medium
8079.1.1,Paenymion_11,essosi_valyrian,d_nf_paenymion,2,,history/titles/lv_nf_titles.txt,,administrative_government,history_file,lv_k_volantis.txt,high
8079.1.1,Pahl_10,meereenese,c_demon_road,1,,history/titles/lv_k_meereen.txt,,oligarchic_government,history_file,lv_k_meereen.txt,high
8079.1.1,Pendaeron_7,mantaryan,c_treylys,1,,history/titles/lv_k_north_valyria.txt,,oligarchic_government,history_file,lv_k_north_valyria.txt,medium
8079.1.1,Reznak_9,meereenese,k_meereen,3,,history/titles/lv_k_meereen.txt,,oligarchic_government,history_file,lv_k_meereen.txt,high
8080.1.1,Ninmarki_10,shadowman,d_hattar,2,,history/titles/lv_k_asshai.txt,,tribal_government,culture,shadowman,low
8081.1.1,Rhazdar_10,meereenese,c_nf_rhazdar,1,,history/titles/lv_nf_titles.txt,,oligarchic_government,history_file,lv_k_meereen.txt,high
8081.1.1,Rulloros_11,volantene,d_valysar,2,,history/titles/lv_k_volantis.txt,,administrative_government,history_file,lv_k_volantis.txt,high
8082.1.1,eetlv_cs_10_3,eetlv_sand_ghoul,d_R220G226B155,2,e_cannibal_sands,history/titles/vassal_titles_e_cannibal_sands.txt,,tribal_government,empire,e_cannibal_sands,low
8082.1.1,eetlv_cs_11_3,eetlv_sand_ghoul,d_R28G169B63,2,e_cannibal_sands,history/titles/vassal_titles_e_cannibal_sands.txt,,tribal_government,empire,e_cannibal_sands,low
8082.1.1,eetlv_cs_12_3,eetlv_sand_ghoul,d_R81G64B118,2,e_cannibal_sands,history/titles/vassal_titles_e_cannibal_sands.txt,,tribal_government,empire,e_cannibal_sands,low
8082.1.1,eetlv_cs_13_3,eetlv_sand_ghoul,d_R238G6B173,2,e_cannibal_sands,history/titles/vassal_titles_e_cannibal_sands.txt,,tribal_government,empire,e_cannibal_sands,low
8082.1.1,eetlv_cs_14_3,eetlv_sand_ghoul,d_R42G145B84,2,e_cannibal_sands,history/titles/vassal_titles_e_cannibal_sands.txt,,tribal_government,empire,e_cannibal_sands,low
8082.1.1,eetlv_cs_1_3,eetlv_sand_ghoul,e_cannibal_sands,4,e_cannibal_sands,history/titles/vassal_titles_e_cannibal_sands.txt,,tribal_government,empire,e_cannibal_sands,low
8082.1.1,eetlv_cs_2_3,eetlv_sand_ghoul,d_R111G75B187,2,e_cannibal_sands,history/titles/vassal_titles_e_cannibal_sands.txt,,tribal_government,empire,e_cannibal_sands,low
8082.1.1,eetlv_cs_3_3,eetlv_sand_ghoul,d_R240G127B159,2,e_cannibal_sands,history/titles/vassal_titles_e_cannibal_sands.txt,,tribal_government,empire,e_cannibal_sands,low
8082.1.1,eetlv_cs_4_3,eetlv_sand_ghoul,d_R41G226B41,2,e_cannibal_sands,history/titles/vassal_titles_e_cannibal_sands.txt,,tribal_government,empire,e_cannibal_sands,low
8082.1.1,eetlv_cs_5_3,eetlv_sand_ghoul,d_R193G60B253,2,e_cannibal_sands,history/titles/vassal_titles_e_cannibal_sands.txt,,tribal_government,empire,e_cannibal_sands,low
8082.1.1,eetlv_cs_6_3,eetlv_sand_ghoul,d_R222G151B16,2,e_cannibal_sands,history/titles/vassal_titles_e_cannibal_sands.txt,,tribal_government,empire,e_cannibal_sands,low
8082.1.1,eetlv_cs_7_3,eetlv_sand_ghoul,d_R45G162B231,2,e_cannibal_sands,history/titles/vassal_titles_e_cannibal_sands.txt,,tribal_government,empire,e_cannibal_sands,low
8082.1.1,eetlv_cs_8_3,eetlv_sand_ghoul,d_R70G73B87,2,e_cannibal_sands,history/titles/vassal_titles_e_cannibal_sands.txt,,tribal_government,empire,e_cannibal_sands,low
8082.1.1,eetlv_cs_9_3,eetlv_sand_ghoul,d_R232G202B38,2,e_cannibal_sands,history/titles/vassal_titles_e_cannibal_sands.txt,,tribal_government,empire,e_cannibal_sands,low
8082.1.1,gen_1020,farosi,e_lesser_moraq,4,e_lesser_moraq,history/titles/hist_titles.txt,,feudal_government,empire,e_lesser_moraq,low
8082.1.1,gen_1140,mossovite,e_mossovy,4,e_mossovy,history/titles/hist_titles.txt,,tribal_government,empire,e_mossovy,low
8082.1.1,gen_1142,mossovite,d_R107G171B160,2,e_mossovy,history/titles/vassal_titles_e_mossovy.txt,,tribal_government,empire,e_mossovy,low
8082.1.1,gen_1200,naathi,e_naath,4,e_naath,history/titles/hist_titles.txt,,tribal_government,empire,e_naath,medium
8082.1.1,gen_1260,norvoshi,e_norvos,4,e_norvos,history/titles/hist_titles.txt,,theocracy_government,empire,e_norvos,high
8082.1.1,gen_1261,norvoshi,d_R87G54B134,2,e_norvos,history/titles/vassal_titles_e_norvos.txt,,theocracy_government,empire,e_norvos,high
8082.1.1,gen_1262,norvoshi,d_R53G162B46,2,e_norvos,history/titles/vassal_titles_e_norvos.txt,,theocracy_government,empire,e_norvos,high
8082.1.1,gen_1320,omberi,e_omber,4,e_omber,history/titles/hist_titles.txt,,feudal_government,empire,e_omber,medium
8082.1.1,gen_1321,omberi,d_R20G128B134,2,e_omber,history/titles/vassal_titles_e_omber.txt,,feudal_government,empire,e_omber,medium
8082.1.1,gen_1380,qohorik,e_qohor,4,e_qohor,history/titles/hist_titles.txt,,administrative_government,empire,e_qohor,medium
8082.1.1,gen_1381,qohorik,d_R101G68B31,2,e_qohor,history/titles/vassal_titles_e_qohor.txt,,administrative_government,empire,e_qohor,medium
8082.1.1,gen_1382,qohorik,d_R71G9B105,2,e_qohor,history/titles/vassal_titles_e_qohor.txt,,administrative_government,empire,e_qohor,medium
8082.1.1,gen_1440,tagaez_fen,e_sarnor,4,e_sarnor,history/titles/hist_titles.txt,,feudal_government,empire,e_sarnor,high
8082.1.1,gen_1442,tagaez_fen,d_R113G237B226,2,e_sarnor,history/titles/vassal_titles_e_sarnor.txt,,feudal_government,empire,e_sarnor,high
8082.1.1,gen_1500,gogossite,e_sothoryos,4,e_sothoryos,history/titles/hist_titles.txt,,tribal_government,empire,e_sothoryos,medium
8082.1.1,gen_1501,gogossite,d_R198G233B16,2,e_sothoryos,history/titles/vassal_titles_e_sothoryos.txt,,tribal_government,empire,e_sothoryos,medium
8082.1.1,gen_1560,jhalai,e_summer_isles,4,e_summer_isles,history/titles/hist_titles.txt,,feudal_government,empire,e_summer_isles,medium
8082.1.1,gen_1561,jhalai,d_R103G163B139,2,e_summer_isles,history/titles/vassal_titles_e_summer_isles.txt,,feudal_government,empire,e_summer_isles,medium
8082.1.1,gen_1562,jhalai,d_R205G235B19,2,e_summer_isles,history/titles/vassal_titles_e_summer_isles.txt,,feudal_government,empire,e_summer_isles,medium
8082.1.1,gen_1620,manticorian,e_thousand_islands,4,e_thousand_islands,history/titles/hist_titles.txt,,tribal_government,empire,e_thousand_islands,medium
8082.1.1,gen_1621,manticorian,d_R48G26B112,2,e_thousand_islands,history/titles/vassal_titles_e_thousand_islands.txt,,tribal_government,empire,e_thousand_islands,medium
8082.1.1,gen_1622,manticorian,d_R67G144B34,2,e_thousand_islands,history/titles/vassal_titles_e_thousand_islands.txt,,tribal_government,empire,e_thousand_islands,medium
8082.1.1,gen_1680,shadowman,e_ulthos,4,e_ulthos,history/titles/hist_titles.txt,,tribal_government,culture,shadowman,low
8082.1.1,gen_1740,dothraki,e_upper_sarne_dothraki,4,e_upper_sarne_dothraki,history/titles/hist_titles.txt,,nomad_government,culture,dothraki,high
8082.1.1,gen_1741,dothraki,d_R134G104B125,2,e_upper_sarne_dothraki,history/titles/vassal_titles_e_upper_sarne_dothraki.txt,,nomad_government,culture,dothraki,high
8082.1.1,gen_1742,dothraki,k_R168G94B91,3,e_upper_sarne_dothraki,history/titles/vassal_titles_e_upper_sarne_dothraki.txt,,nomad_government,culture,dothraki,high
8082.1.1,gen_1800,dothraki,e_lower_sarne_dothraki,4,e_lower_sarne_dothraki,history/titles/hist_titles.txt,,nomad_government,culture,dothraki,high
8082.1.1,gen_1801,dothraki,k_R139G90B4,3,e_lower_sarne_dothraki,history/titles/vassal_titles_e_lower_sarne_dothraki.txt,,nomad_government,culture,dothraki,high
8082.1.1,gen_1802,dothraki,k_R35G68B68,3,e_lower_sarne_dothraki,history/titles/vassal_titles_e_lower_sarne_dothraki.txt,,nomad_government,culture,dothraki,high
8082.1.1,gen_1860,dothraki,e_great_grass_sea_dothraki,4,e_great_grass_sea_dothraki,history/titles/hist_titles.txt,,nomad_government,culture,dothraki,high
8082.1.1,gen_1861,dothraki,k_R209G123B86,3,e_great_grass_sea_dothraki,history/titles/vassal_titles_e_great_grass_sea_dothraki.txt,,nomad_government,culture,dothraki,high
8082.1.1,gen_1862,dothraki,d_R102G182B233,2,e_great_grass_sea_dothraki,history/titles/vassal_titles_e_great_grass_sea_dothraki.txt,,nomad_government,culture,dothraki,high
8082.1.1,gen_1920,dothraki,e_bone_mountain_dothraki,4,e_bone_mountain_dothraki,history/titles/hist_titles.txt,,nomad_government,culture,dothraki,high
8082.1.1,gen_1921,dothraki,k_R156G124B52,3,e_bone_mountain_dothraki,history/titles/vassal_titles_e_bone_mountain_dothraki.txt,,nomad_government,culture,dothraki,high
8082.1.1,gen_1922,dothraki,k_R231G165B51,3,e_bone_mountain_dothraki,history/titles/vassal_titles_e_bone_mountain_dothraki.txt,,nomad_government,culture,dothraki,high
8082.1.1,gen_1980,lhazareen,e_lhazar,4,e_lhazar,history/titles/hist_titles.txt,,clan_government,empire,e_lhazar,medium
8082.1.1,gen_1981,lhazareen,k_R215G70B208,3,e_lhazar,history/titles/vassal_titles_e_lhazar.txt,,clan_government,empire,e_lhazar,medium
8082.1.1,gen_1982,lhazareen,d_R111G255B221,2,e_lhazar,history/titles/vassal_titles_e_lhazar.txt,,clan_government,empire,e_lhazar,medium
8082.1.1,gen_2040,qartheen,e_qarth,4,e_qarth,history/titles/hist_titles.txt,,oligarchic_government,empire,e_qarth,high
8082.1.1,gen_2041,qartheen,k_R154G58B31,3,e_qarth,history/titles/vassal_titles_e_qarth.txt,,oligarchic_government,empire,e_qarth,high
8082.1.1,gen_2042,qartheen,k_R27G181B254,3,e_qarth,history/titles/vassal_titles_e_qarth.txt,,oligarchic_government,empire,e_qarth,high
8082.1.1,gen_2100,feicui_ren,e_golden_yi_ti,4,e_golden_yi_ti,history/titles/hist_titles.txt,,celestial_government,empire,e_golden_yi_ti,high
8082.1.1,gen_2101,feicui_ren,k_R109G14B184,3,e_golden_yi_ti,history/titles/vassal_titles_e_golden_yi_ti.txt,,meritocratic_government,empire,e_golden_yi_ti,high
8082.1.1,gen_2102,feicui_ren,k_R120G189B251,3,e_golden_yi_ti,history/titles/vassal_titles_e_golden_yi_ti.txt,,meritocratic_government,empire,e_golden_yi_ti,high
8082.1.1,gen_2160,jogos_nhai,e_jogos_nhai,4,e_jogos_nhai,history/titles/hist_titles.txt,,nomad_government,culture,jogos_nhai,high
8082.1.1,gen_2161,jogos_nhai,k_R146G211B104,3,e_jogos_nhai,history/titles/vassal_titles_e_jogos_nhai.txt,,nomad_government,culture,jogos_nhai,high
8082.1.1,gen_2162,jogos_nhai,k_R12G166B33,3,e_jogos_nhai,history/titles/vassal_titles_e_jogos_nhai.txt,,nomad_government,culture,jogos_nhai,high
8082.1.1,gen_2220,vahari,e_great_moraq,4,e_great_moraq,history/titles/hist_titles.txt,,feudal_government,empire,e_great_moraq,low
8082.1.1,gen_2280,lengii,e_leng,4,e_leng,history/titles/hist_titles.txt,,mandala_government,empire,e_leng,high
8082.1.1,gen_2281,lengii,d_R206G76B102,2,e_leng,history/titles/vassal_titles_e_leng.txt,,mandala_government,empire,e_leng,high
8082.1.1,gen_720,bloodless_man,e_bloodless_men,4,e_bloodless_men,history/titles/hist_titles.txt,,tribal_government,empire,e_bloodless_men,low
8082.1.1,gen_721,bloodless_man,k_R235G188B132,3,e_bloodless_men,history/titles/vassal_titles_e_bloodless_men.txt,,tribal_government,empire,e_bloodless_men,low
8082.1.1,gen_722,bloodless_man,d_R104G124B189,2,e_bloodless_men,history/titles/vassal_titles_e_bloodless_men.txt,,tribal_government,empire,e_bloodless_men,low
8082.1.1,gen_780,qaleen,e_cannibal_sands,4,e_cannibal_sands,history/titles/hist_titles.txt,,tribal_government,empire,e_cannibal_sands,low
8082.1.1,gen_840,kayakayanayan,e_hidden_sea,4,e_hidden_sea,history/titles/hist_titles.txt,,clan_government,empire,e_hidden_sea,medium
8082.1.1,gen_841,kayakayanayan,d_R1G86B152,2,e_hidden_sea,history/titles/vassal_titles_e_hidden_sea.txt,,clan_government,empire,e_hidden_sea,medium
8082.1.1,gen_842,kayakayanayan,d_R32G145B229,2,e_hidden_sea,history/titles/vassal_titles_e_hidden_sea.txt,,clan_government,empire,e_hidden_sea,medium
8082.1.1,gen_900,ibbatese,e_ibben,4,e_ibben,history/titles/hist_titles.txt,,oligarchic_government,empire,e_ibben,high
8082.1.1,gen_901,ibbatese,d_R108G223B204,2,e_ibben,history/titles/vassal_titles_e_ibben.txt,,oligarchic_government,empire,e_ibben,high
8082.1.1,gen_902,ibbatese,d_R1G118B42,2,e_ibben,history/titles/vassal_titles_e_ibben.txt,,oligarchic_government,empire,e_ibben,high
8082.1.1,gen_960,ifequevron,e_ifequevron,4,e_ifequevron,history/titles/hist_titles.txt,,tribal_government,empire,e_ifequevron,low
8082.1.1,gen_961,ifequevron,k_R99G48B179,3,e_ifequevron,history/titles/vassal_titles_e_ifequevron.txt,,tribal_government,empire,e_ifequevron,low
8082.1.1,gen_962,ifequevron,k_R74G160B176,3,e_ifequevron,history/titles/vassal_titles_e_ifequevron.txt,,tribal_government,empire,e_ifequevron,low
8083.1.1,Hazkar_10,meereenese,c_hazkar_pyramid,1,,history/titles/lv_k_meereen.txt,,oligarchic_government,history_file,lv_k_meereen.txt,high
8083.1.1,Kandaq_10,meereenese,c_kandaq_pyramid,1,,history/titles/lv_k_meereen.txt,,oligarchic_government,history_file,lv_k_meereen.txt,high
8083.1.1,Qheadar_11,essosi_valyrian,d_nf_qhaedar,2,,history/titles/lv_nf_titles.txt,,administrative_government,history_file,lv_k_volantis.txt,high
8085.1.1,100969149,ghaeni,c_ghaen,1,,history/titles/lv_k_ghiscar.txt,,oligarchic_government,history_file,lv_k_ghiscar.txt,medium
8085.1.1,Kizwe_lv_2,naathi,c_isle_of_lice,1,,history/titles/lv_k_the_basilisk_isles.txt,,pirate_no_dlc_government,history_file,lv_k_the_basilisk_isles.txt,high
8085.1.1,Mazlaq_10,astapori,c_ghiscar_point,1,,history/titles/lv_k_astapor.txt,,oligarchic_government,history_file,lv_k_astapor.txt,high
8085.1.1,Salukho_lv_2,jhalai,c_isle_of_flies,1,,history/titles/lv_k_the_basilisk_isles.txt,,pirate_no_dlc_government,history_file,lv_k_the_basilisk_isles.txt,high
8085.1.1,Vaelaros_10,essosi_valyrian,d_nf_vaelaros,2,,history/titles/lv_nf_titles.txt,,administrative_government,history_file,lv_k_volantis.txt,high
8085.1.1,Zagazn_lv_2,zamettari,c_skull_island,1,,history/titles/lv_k_the_basilisk_isles.txt,,pirate_no_dlc_government,history_file,lv_k_the_basilisk_isles.txt,high
8086.1.1,Maegyr_12,essosi_valyrian,k_volantis,3,,history/titles/lv_k_volantis.txt,,administrative_government,history_file,lv_k_volantis.txt,high
8086.1.1,Mazemagyr_11,tolosi,c_black_cliffs,1,,history/titles/lv_k_north_valyria.txt,,oligarchic_government,history_file,lv_k_north_valyria.txt,medium
8087.1.1,Galare_10,meereenese,k_meereen,3,,history/titles/lv_k_meereen.txt,,oligarchic_government,history_file,lv_k_meereen.txt,high
8087.1.1,Ilvar_12,elyrian,c_elyria,1,,history/titles/lv_k_north_valyria.txt,,oligarchic_government,history_file,lv_k_north_valyria.txt,medium
8087.1.1,Reznak_10,meereenese,c_khyzai_pass,1,,history/titles/lv_k_meereen.txt,,oligarchic_government,history_file,lv_k_meereen.txt,high
8087.1.1,Rhaezn_9,yunkaii,c_nf_rhaezn,1,,history/titles/lv_nf_titles.txt,,oligarchic_government,history_file,lv_k_yunkai.txt,high
8087.1.1,Yunzak_11,yunkaii,c_nf_yunzak,1,,history/titles/lv_nf_titles.txt,,oligarchic_government,history_file,lv_k_yunkai.txt,high
8088.1.1,Barlaeris_7,mantaryan,c_elarion,1,,history/titles/lv_k_north_valyria.txt,,oligarchic_government,history_file,lv_k_north_valyria.txt,medium
8088.1.1,Dhogarys_11,volantene,c_honors_port,1,,history/titles/lv_k_volantis.txt,,administrative_government,history_file,lv_k_volantis.txt,high
8088.1.1,Eraz_12,yunkaii,c_maelk,1,,history/titles/lv_k_yunkai.txt,,oligarchic_government,history_file,lv_k_yunkai.txt,high
8090.1.1,11333911,asshaii,d_the_saffron_lands,2,,history/titles/lv_k_asshai.txt,,oligarchic_government,history_file,lv_k_asshai.txt,low
8090.1.1,Azantone_10,tolosi,d_tolos,2,,history/titles/lv_k_north_valyria.txt,,oligarchic_government,history_file,lv_k_north_valyria.txt,medium
8090.1.1,Loraq_10,meereenese,c_loraq_pyramid,1,,history/titles/lv_k_meereen.txt,,oligarchic_government,history_file,lv_k_meereen.txt,high
8090.1.1,Marsiglio_9,volantene,c_anyria,1,,history/titles/lv_k_volantis.txt,,administrative_government,history_file,lv_k_volantis.txt,high
8090.1.1,Ninmarki_11,shadowman,d_hattar,2,,history/titles/lv_k_asshai.txt,,tribal_government,culture,shadowman,low
8090.1.1,Zobridar_11,mantaryan,d_mantarys,2,,history/titles/lv_k_north_valyria.txt,,oligarchic_government,history_file,lv_k_north_valyria.txt,medium
8091.1.1,Dhazak_11,meereenese,c_dhazak_pyramid,1,,history/titles/lv_k_meereen.txt,,oligarchic_government,history_file,lv_k_meereen.txt,high
8091.1.1,LV_Merreq_11,meereenese,c_merreq_pyramid,1,,history/titles/lv_k_meereen.txt,,oligarchic_government,history_file,lv_k_meereen.txt,high
8091.1.1,Stogarys_11,volantene,c_mavlys,1,,history/titles/lv_k_volantis.txt,,administrative_government,history_file,lv_k_volantis.txt,high
8092.1.1,Staegone_10,essosi_valyrian,d_nf_staegone,2,,history/titles/lv_nf_titles.txt,,administrative_government,history_file,lv_k_volantis.txt,high
8092.3.4,Ennyrion_lv_11,gogossite,c_maggot_shore,1,,history/titles/lv_k_the_basilisk_isles.txt,,pirate_no_dlc_government,history_file,lv_k_the_basilisk_isles.txt,high
8093.1.1,Bone_lv_2,jhalai,c_coast_of_sorrows,1,,history/titles/lv_k_the_basilisk_isles.txt,,pirate_no_dlc_government,history_file,lv_k_the_basilisk_isles.txt,high
8093.1.1,Nefatis_10,volantene,d_valon_sar,2,,history/titles/lv_k_volantis.txt,,administrative_government,history_file,lv_k_volantis.txt,high
8093.1.1,Qhoqua_lv_2,jhalai,c_isle_of_toads,1,,history/titles/lv_k_the_basilisk_isles.txt,,pirate_no_dlc_government,history_file,lv_k_the_basilisk_isles.txt,high
8093.1.1,Xho_lv_2,jhalai,c_pirates_haven,1,,history/titles/lv_k_the_basilisk_isles.txt,,pirate_no_dlc_government,history_file,lv_k_the_basilisk_isles.txt,high
8093.1.1,Xhore_lv_2,qartheen,c_ax_isle,1,,history/titles/lv_k_the_basilisk_isles.txt,,pirate_no_dlc_government,history_file,lv_k_the_basilisk_isles.txt,high
8094.1.1,Marsiglio_10,volantene,c_anyria,1,,history/titles/lv_k_volantis.txt,,administrative_government,history_file,lv_k_volantis.txt,high
8094.1.1,Paenymion_12,essosi_valyrian,d_nf_paenymion,2,,history/titles/lv_nf_titles.txt,,administrative_government,history_file,lv_k_volantis.txt,high
8094.1.1,Quazzar_11,meereenese,c_nf_quazzar,1,,history/titles/lv_nf_titles.txt,,oligarchic_government,history_file,lv_k_meereen.txt,high
8094.1.1,Rannovar_10,volantene,d_dreos,2,,history/titles/lv_k_volantis.txt,,administrative_government,history_file,lv_k_volantis.txt,high
8094.1.1,Yherizan_11,meereenese,c_green_gate,1,,history/titles/lv_k_meereen.txt,,oligarchic_government,history_file,lv_k_meereen.txt,high
8095.1.1,Zherzyn_11,yunkaii,c_nf_zherzyn,1,,history/titles/lv_nf_titles.txt,,oligarchic_government,history_file,lv_k_yunkai.txt,high
8096.1.1,Grazlar_11,astapori,c_horns_of_hazzat,1,,history/titles/lv_k_astapor.txt,,oligarchic_government,history_file,lv_k_astapor.txt,high
8096.1.1,Zobridar_12,mantaryan,d_mantarys,2,,history/titles/lv_k_north_valyria.txt,,oligarchic_government,history_file,lv_k_north_valyria.txt,medium
8097.1.1,104360025,ghaeni,k_new_ghis,3,,history/titles/lv_k_ghiscar.txt,,oligarchic_government,history_file,lv_k_ghiscar.txt,medium
8097.1.1,Ghazeen_12,meereenese,c_ghazeen_pyramid,1,,history/titles/lv_k_meereen.txt,,oligarchic_government,history_file,lv_k_meereen.txt,high
8097.1.1,LV_Votar_11,essosi_valyrian,d_nf_votar,2,,history/titles/lv_nf_titles.txt,,administrative_government,history_file,lv_k_volantis.txt,high
8098.1.1,Dosh_Khaleen_8,dothraki,d_dosh_khaleen,2,,history/titles/lv_dothraki.txt,,theocracy_government,title,d_dosh_khaleen,high
8098.1.1,Rhazdar_11,meereenese,c_nf_rhazdar,1,,history/titles/lv_nf_titles.txt,,oligarchic_government,history_file,lv_k_meereen.txt,high
8099.1.1,101269148,ghaeni,c_baked_shore,1,,history/titles/lv_k_ghiscar.txt,,oligarchic_government,history_file,lv_k_ghiscar.txt,medium
8099.1.1,Ahlaq_12,yunkaii,c_nf_ahlaq,1,,history/titles/lv_nf_titles.txt,,oligarchic_government,history_file,lv_k_yunkai.txt,high
8099.1.1,Grazdhan_10,astapori,c_gadhis,1,,history/titles/lv_k_astapor.txt,,oligarchic_government,history_file,lv_k_astapor.txt,high
8099.1.1,Hazkar_11,meereenese,c_hazkar_pyramid,1,,history/titles/lv_k_meereen.txt,,oligarchic_government,history_file,lv_k_meereen.txt,high
8099.1.1,LV_Merreq_12,meereenese,c_merreq_pyramid,1,,history/titles/lv_k_meereen.txt,,oligarchic_government,history_file,lv_k_meereen.txt,high
8099.1.1,Rannovar_11,volantene,d_dreos,2,,history/titles/lv_k_volantis.txt,,administrative_government,history_file,lv_k_volantis.txt,high
8099.1.1,Rulloros_12,volantene,d_valysar,2,,history/titles/lv_k_volantis.txt,,administrative_government,history_file,lv_k_volantis.txt,high
8100.1.1,101069152,ghaeni,c_atruskai,1,,history/titles/lv_k_ghiscar.txt,,oligarchic_government,history_file,lv_k_ghiscar.txt,medium
8100.1.1,Ullhor_10,astapori,c_dhozai,1,,history/titles/lv_k_astapor.txt,,oligarchic_government,history_file,lv_k_astapor.txt,high
8101.1.1,Ghazeen_13,meereenese,c_ghazeen_pyramid,1,,history/titles/lv_k_meereen.txt,,oligarchic_government,history_file,lv_k_meereen.txt,high
8101.1.1,Naqqan_10,meereenese,c_naqqan_pyramid,1,,history/titles/lv_k_meereen.txt,,oligarchic_government,history_file,lv_k_meereen.txt,high
8101.3.5,Paenohrin_lv_10,gogossite,c_the_handle,1,,history/titles/lv_k_the_basilisk_isles.txt,,pirate_no_dlc_government,history_file,lv_k_the_basilisk_isles.txt,high
8101.8.10,Benaris_lv_10,gogossite,c_death_isle,1,,history/titles/lv_k_the_basilisk_isles.txt,,pirate_no_dlc_government,history_file,lv_k_the_basilisk_isles.txt,high
8101.8.10,Enreos_lv_10,gogossite,c_scoundrels_point,1,,history/titles/lv_k_the_basilisk_isles.txt,,pirate_no_dlc_government,history_file,lv_k_the_basilisk_isles.txt,high
8101.8.10,Hendry_lv_10,valyrian_original,c_wraiths_rest,1,,history/titles/lv_k_the_basilisk_isles.txt,,pirate_no_dlc_government,history_file,lv_k_the_basilisk_isles.txt,high
8101.8.10,Nahion_lv_10,gogossite,c_isle_of_vines,1,,history/titles/lv_k_the_basilisk_isles.txt,,pirate_no_dlc_government,history_file,lv_k_the_basilisk_isles.txt,high
8101.8.10,Zaldrizyen_lv_10,gogossite,c_strait_of_skulls,1,,history/titles/lv_k_the_basilisk_isles.txt,,pirate_no_dlc_government,history_file,lv_k_the_basilisk_isles.txt,high
8103.1.1,Hazkar_12,meereenese,c_hazkar_pyramid,1,,history/titles/lv_k_meereen.txt,,oligarchic_government,history_file,lv_k_meereen.txt,high
8103.7.8,Vhassorlan_lv_9,gogossite,c_talon,1,,history/titles/lv_k_the_basilisk_isles.txt,,pirate_no_dlc_government,history_file,lv_k_the_basilisk_isles.txt,high
8104.1.1,Nogarys_11,essosi_valyrian,d_nf_nogarys,2,,history/titles/lv_nf_titles.txt,,administrative_government,history_file,lv_k_volantis.txt,high
8105.1.1,Galare_11,meereenese,c_galare_pyramid,1,,history/titles/lv_k_meereen.txt,,oligarchic_government,history_file,lv_k_meereen.txt,high
8105.1.1,Lomberys_11,volantene,c_plains_of_maegys,1,,history/titles/lv_k_volantis.txt,,administrative_government,history_file,lv_k_volantis.txt,high
8105.1.1,Mazlaq_10,astapori,k_astapor,3,,history/titles/lv_k_astapor.txt,,oligarchic_government,history_file,lv_k_astapor.txt,high
8105.1.1,Nakloz_11,astapori,c_nf_nakloz,1,,history/titles/lv_nf_titles.txt,,oligarchic_government,history_file,lv_k_astapor.txt,high
8105.1.1,Pahl_10,meereenese,k_meereen,3,,history/titles/lv_k_meereen.txt,,oligarchic_government,history_file,lv_k_meereen.txt,high
8105.1.1,Szarr_8,mantaryan,c_elyndor,1,,history/titles/lv_k_north_valyria.txt,,oligarchic_government,history_file,lv_k_north_valyria.txt,medium
8106.1.1,Loraq_11,meereenese,c_loraq_pyramid,1,,history/titles/lv_k_meereen.txt,,oligarchic_government,history_file,lv_k_meereen.txt,high
8106.1.1,Yherizan_12,meereenese,c_green_gate,1,,history/titles/lv_k_meereen.txt,,oligarchic_government,history_file,lv_k_meereen.txt,high
8106.4.18,eetlv_cs_10_4,eetlv_sand_ghoul,d_R220G226B155,2,e_cannibal_sands,history/titles/vassal_titles_e_cannibal_sands.txt,,tribal_government,empire,e_cannibal_sands,low
8106.4.18,eetlv_cs_11_4,eetlv_sand_ghoul,d_R28G169B63,2,e_cannibal_sands,history/titles/vassal_titles_e_cannibal_sands.txt,,tribal_government,empire,e_cannibal_sands,low
8106.4.18,eetlv_cs_12_4,eetlv_sand_ghoul,d_R81G64B118,2,e_cannibal_sands,history/titles/vassal_titles_e_cannibal_sands.txt,,tribal_government,empire,e_cannibal_sands,low
8106.4.18,eetlv_cs_13_4,eetlv_sand_ghoul,d_R238G6B173,2,e_cannibal_sands,history/titles/vassal_titles_e_cannibal_sands.txt,,tribal_government,empire,e_cannibal_sands,low
8106.4.18,eetlv_cs_14_4,eetlv_sand_ghoul,d_R42G145B84,2,e_cannibal_sands,history/titles/vassal_titles_e_cannibal_sands.txt,,tribal_government,empire,e_cannibal_sands,low
8106.4.18,eetlv_cs_1_4,eetlv_sand_ghoul,e_cannibal_sands,4,e_cannibal_sands,history/titles/vassal_titles_e_cannibal_sands.txt,,tribal_government,empire,e_cannibal_sands,low
8106.4.18,eetlv_cs_2_4,eetlv_sand_ghoul,d_R111G75B187,2,e_cannibal_sands,history/titles/vassal_titles_e_cannibal_sands.txt,,tribal_government,empire,e_cannibal_sands,low
8106.4.18,eetlv_cs_3_4,eetlv_sand_ghoul,d_R240G127B159,2,e_cannibal_sands,history/titles/vassal_titles_e_cannibal_sands.txt,,tribal_government,empire,e_cannibal_sands,low
8106.4.18,eetlv_cs_4_4,eetlv_sand_ghoul,d_R41G226B41,2,e_cannibal_sands,history/titles/vassal_titles_e_cannibal_sands.txt,,tribal_government,empire,e_cannibal_sands,low
8106.4.18,eetlv_cs_5_4,eetlv_sand_ghoul,d_R193G60B253,2,e_cannibal_sands,history/titles/vassal_titles_e_cannibal_sands.txt,,tribal_government,empire,e_cannibal_sands,low
8106.4.18,eetlv_cs_6_4,eetlv_sand_ghoul,d_R222G151B16,2,e_cannibal_sands,history/titles/vassal_titles_e_cannibal_sands.txt,,tribal_government,empire,e_cannibal_sands,low
8106.4.18,eetlv_cs_7_4,eetlv_sand_ghoul,d_R45G162B231,2,e_cannibal_sands,history/titles/vassal_titles_e_cannibal_sands.txt,,tribal_government,empire,e_cannibal_sands,low
8106.4.18,eetlv_cs_8_4,eetlv_sand_ghoul,d_R70G73B87,2,e_cannibal_sands,history/titles/vassal_titles_e_cannibal_sands.txt,,tribal_government,empire,e_cannibal_sands,low
8106.4.18,eetlv_cs_9_4,eetlv_sand_ghoul,d_R232G202B38,2,e_cannibal_sands,history/titles/vassal_titles_e_cannibal_sands.txt,,tribal_government,empire,e_cannibal_sands,low
8106.4.18,gen_1026,farosi,e_lesser_moraq,4,e_lesser_moraq,history/titles/hist_titles.txt,,feudal_government,empire,e_lesser_moraq,low
8106.4.18,gen_1142,mossovite,d_R107G171B160,2,e_mossovy,history/titles/vassal_titles_e_mossovy.txt,,tribal_government,empire,e_mossovy,low
8106.4.18,gen_1146,mossovite,e_mossovy,4,e_mossovy,history/titles/hist_titles.txt,,tribal_government,empire,e_mossovy,low
8106.4.18,gen_1206,naathi,e_naath,4,e_naath,history/titles/hist_titles.txt,,tribal_government,empire,e_naath,medium
8106.4.18,gen_1261,norvoshi,d_R87G54B134,2,e_norvos,history/titles/vassal_titles_e_norvos.txt,,theocracy_government,empire,e_norvos,high
8106.4.18,gen_1262,norvoshi,d_R53G162B46,2,e_norvos,history/titles/vassal_titles_e_norvos.txt,,theocracy_government,empire,e_norvos,high
8106.4.18,gen_1266,norvoshi,e_norvos,4,e_norvos,history/titles/hist_titles.txt,,theocracy_government,empire,e_norvos,high
8106.4.18,gen_1321,omberi,d_R20G128B134,2,e_omber,history/titles/vassal_titles_e_omber.txt,,feudal_government,empire,e_omber,medium
8106.4.18,gen_1326,omberi,e_omber,4,e_omber,history/titles/hist_titles.txt,,feudal_government,empire,e_omber,medium
8106.4.18,gen_1381,qohorik,d_R101G68B31,2,e_qohor,history/titles/vassal_titles_e_qohor.txt,,administrative_government,empire,e_qohor,medium
8106.4.18,gen_1382,qohorik,d_R71G9B105,2,e_qohor,history/titles/vassal_titles_e_qohor.txt,,administrative_government,empire,e_qohor,medium
8106.4.18,gen_1386,qohorik,e_qohor,4,e_qohor,history/titles/hist_titles.txt,,administrative_government,empire,e_qohor,medium
8106.4.18,gen_1442,tagaez_fen,d_R113G237B226,2,e_sarnor,history/titles/vassal_titles_e_sarnor.txt,,feudal_government,empire,e_sarnor,high
8106.4.18,gen_1446,tagaez_fen,e_sarnor,4,e_sarnor,history/titles/hist_titles.txt,,feudal_government,empire,e_sarnor,high
8106.4.18,gen_1501,gogossite,d_R198G233B16,2,e_sothoryos,history/titles/vassal_titles_e_sothoryos.txt,,tribal_government,empire,e_sothoryos,medium
8106.4.18,gen_1506,gogossite,e_sothoryos,4,e_sothoryos,history/titles/hist_titles.txt,,tribal_government,empire,e_sothoryos,medium
8106.4.18,gen_1561,jhalai,d_R103G163B139,2,e_summer_isles,history/titles/vassal_titles_e_summer_isles.txt,,feudal_government,empire,e_summer_isles,medium
8106.4.18,gen_1562,jhalai,d_R205G235B19,2,e_summer_isles,history/titles/vassal_titles_e_summer_isles.txt,,feudal_government,empire,e_summer_isles,medium
8106.4.18,gen_1566,jhalai,e_summer_isles,4,e_summer_isles,history/titles/hist_titles.txt,,feudal_government,empire,e_summer_isles,medium
8106.4.18,gen_1621,manticorian,d_R48G26B112,2,e_thousand_islands,history/titles/vassal_titles_e_thousand_islands.txt,,tribal_government,empire,e_thousand_islands,medium
8106.4.18,gen_1622,manticorian,d_R67G144B34,2,e_thousand_islands,history/titles/vassal_titles_e_thousand_islands.txt,,tribal_government,empire,e_thousand_islands,medium
8106.4.18,gen_1626,manticorian,e_thousand_islands,4,e_thousand_islands,history/titles/hist_titles.txt,,tribal_government,empire,e_thousand_islands,medium
8106.4.18,gen_1686,shadowman,e_ulthos,4,e_ulthos,history/titles/hist_titles.txt,,tribal_government,culture,shadowman,low
8106.4.18,gen_1741,dothraki,d_R134G104B125,2,e_upper_sarne_dothraki,history/titles/vassal_titles_e_upper_sarne_dothraki.txt,,nomad_government,culture,dothraki,high
8106.4.18,gen_1742,dothraki,k_R168G94B91,3,e_upper_sarne_dothraki,history/titles/vassal_titles_e_upper_sarne_dothraki.txt,,nomad_government,culture,dothraki,high
8106.4.18,gen_1746,dothraki,e_upper_sarne_dothraki,4,e_upper_sarne_dothraki,history/titles/hist_titles.txt,,nomad_government,culture,dothraki,high
8106.4.18,gen_1801,dothraki,k_R139G90B4,3,e_lower_sarne_dothraki,history/titles/vassal_titles_e_lower_sarne_dothraki.txt,,nomad_government,culture,dothraki,high
8106.4.18,gen_1802,dothraki,k_R35G68B68,3,e_lower_sarne_dothraki,history/titles/vassal_titles_e_lower_sarne_dothraki.txt,,nomad_government,culture,dothraki,high
8106.4.18,gen_1806,dothraki,e_lower_sarne_dothraki,4,e_lower_sarne_dothraki,history/titles/hist_titles.txt,,nomad_government,culture,dothraki,high
8106.4.18,gen_1861,dothraki,k_R209G123B86,3,e_great_grass_sea_dothraki,history/titles/vassal_titles_e_great_grass_sea_dothraki.txt,,nomad_government,culture,dothraki,high
8106.4.18,gen_1862,dothraki,d_R102G182B233,2,e_great_grass_sea_dothraki,history/titles/vassal_titles_e_great_grass_sea_dothraki.txt,,nomad_government,culture,dothraki,high
8106.4.18,gen_1866,dothraki,e_great_grass_sea_dothraki,4,e_great_grass_sea_dothraki,history/titles/hist_titles.txt,,nomad_government,culture,dothraki,high
8106.4.18,gen_1921,dothraki,k_R156G124B52,3,e_bone_mountain_dothraki,history/titles/vassal_titles_e_bone_mountain_dothraki.txt,,nomad_government,culture,dothraki,high
8106.4.18,gen_1922,dothraki,k_R231G165B51,3,e_bone_mountain_dothraki,history/titles/vassal_titles_e_bone_mountain_dothraki.txt,,nomad_government,culture,dothraki,high
8106.4.18,gen_1926,dothraki,e_bone_mountain_dothraki,4,e_bone_mountain_dothraki,history/titles/hist_titles.txt,,nomad_government,culture,dothraki,high
8106.4.18,gen_1981,lhazareen,k_R215G70B208,3,e_lhazar,history/titles/vassal_titles_e_lhazar.txt,,clan_government,empire,e_lhazar,medium
8106.4.18,gen_1982,lhazareen,d_R111G255B221,2,e_lhazar,history/titles/vassal_titles_e_lhazar.txt,,clan_government,empire,e_lhazar,medium
8106.4.18,gen_1986,lhazareen,e_lhazar,4,e_lhazar,history/titles/hist_titles.txt,,clan_government,empire,e_lhazar,medium
8106.4.18,gen_2041,qartheen,k_R154G58B31,3,e_qarth,history/titles/vassal_titles_e_qarth.txt,,oligarchic_government,empire,e_qarth,high
8106.4.18,gen_2042,qartheen,k_R27G181B254,3,e_qarth,history/titles/vassal_titles_e_qarth.txt,,oligarchic_government,empire,e_qarth,high
8106.4.18,gen_2046,qartheen,e_qarth,4,e_qarth,history/titles/hist_titles.txt,,oligarchic_government,empire,e_qarth,high
8106.4.18,gen_2101,feicui_ren,k_R109G14B184,3,e_golden_yi_ti,history/titles/vassal_titles_e_golden_yi_ti.txt,,meritocratic_government,empire,e_golden_yi_ti,high
8106.4.18,gen_2102,feicui_ren,k_R120G189B251,3,e_golden_yi_ti,history/titles/vassal_titles_e_golden_yi_ti.txt,,meritocratic_government,empire,e_golden_yi_ti,high
8106.4.18,gen_2106,feicui_ren,e_golden_yi_ti,4,e_golden_yi_ti,history/titles/hist_titles.txt,,celestial_government,empire,e_golden_yi_ti,high
8106.4.18,gen_2161,jogos_nhai,k_R146G211B104,3,e_jogos_nhai,history/titles/vassal_titles_e_jogos_nhai.txt,,nomad_government,culture,jogos_nhai,high
8106.4.18,gen_2162,jogos_nhai,k_R12G166B33,3,e_jogos_nhai,history/titles/vassal_titles_e_jogos_nhai.txt,,nomad_government,culture,jogos_nhai,high
8106.4.18,gen_2166,jogos_nhai,e_jogos_nhai,4,e_jogos_nhai,history/titles/hist_titles.txt,,nomad_government,culture,jogos_nhai,high
8106.4.18,gen_2226,vahari,e_great_moraq,4,e_great_moraq,history/titles/hist_titles.txt,,feudal_government,empire,e_great_moraq,low
8106.4.18,gen_2281,lengii,d_R206G76B102,2,e_leng,history/titles/vassal_titles_e_leng.txt,,mandala_government,empire,e_leng,high
8106.4.18,gen_2286,lengii,e_leng,4,e_leng,history/titles/hist_titles.txt,,mandala_government,empire,e_leng,high
8106.4.18,gen_721,bloodless_man,k_R235G188B132,3,e_bloodless_men,history/titles/vassal_titles_e_bloodless_men.txt,,tribal_government,empire,e_bloodless_men,low
8106.4.18,gen_722,bloodless_man,d_R104G124B189,2,e_bloodless_men,history/titles/vassal_titles_e_bloodless_men.txt,,tribal_government,empire,e_bloodless_men,low
8106.4.18,gen_726,bloodless_man,e_bloodless_men,4,e_bloodless_men,history/titles/hist_titles.txt,,tribal_government,empire,e_bloodless_men,low
8106.4.18,gen_786,qaleen,e_cannibal_sands,4,e_cannibal_sands,history/titles/hist_titles.txt,,tribal_government,empire,e_cannibal_sands,low
8106.4.18,gen_841,kayakayanayan,d_R1G86B152,2,e_hidden_sea,history/titles/vassal_titles_e_hidden_sea.txt,,clan_government,empire,e_hidden_sea,medium
8106.4.18,gen_842,kayakayanayan,d_R32G145B229,2,e_hidden_sea,history/titles/vassal_titles_e_hidden_sea.txt,,clan_government,empire,e_hidden_sea,medium
8106.4.18,gen_846,kayakayanayan,e_hidden_sea,4,e_hidden_sea,history/titles/hist_titles.txt,,clan_government,empire,e_hidden_sea,medium
8106.4.18,gen_901,ibbatese,d_R108G223B204,2,e_ibben,history/titles/vassal_titles_e_ibben.txt,,oligarchic_government,empire,e_ibben,high
8106.4.18,gen_902,ibbatese,d_R1G118B42,2,e_ibben,history/titles/vassal_titles_e_ibben.txt,,oligarchic_government,empire,e_ibben,high
8106.4.18,gen_906,ibbatese,e_ibben,4,e_ibben,history/titles/hist_titles.txt,,oligarchic_government,empire,e_ibben,high
8106.4.18,gen_961,ifequevron,k_R99G48B179,3,e_ifequevron,history/titles/vassal_titles_e_ifequevron.txt,,tribal_government,empire,e_ifequevron,low
8106.4.18,gen_962,ifequevron,k_R74G160B176,3,e_ifequevron,history/titles/vassal_titles_e_ifequevron.txt,,tribal_government,empire,e_ifequevron,low
8106.4.18,gen_966,ifequevron,e_ifequevron,4,e_ifequevron,history/titles/hist_titles.txt,,tribal_government,empire,e_ifequevron,low
8107.1.1,101069149,ghaeni,c_ghaen,1,,history/titles/lv_k_ghiscar.txt,,oligarchic_government,history_file,lv_k_ghiscar.txt,medium
8108.1.1,11733914,asshaii,d_chalysa,2,,history/titles/lv_k_asshai.txt,,oligarchic_government,history_file,lv_k_asshai.txt,low
8108.1.1,Lodaorys_10,mantaryan,c_painted_valleys,1,,history/titles/lv_k_north_valyria.txt,,oligarchic_government,history_file,lv_k_north_valyria.txt,medium
8108.1.1,Naqqan_11,meereenese,c_naqqan_pyramid,1,,history/titles/lv_k_meereen.txt,,oligarchic_government,history_file,lv_k_meereen.txt,high
8109.1.1,Ilvar_13,elyrian,c_elyria,1,,history/titles/lv_k_north_valyria.txt,,oligarchic_government,history_file,lv_k_north_valyria.txt,medium
8109.1.1,Isnardo_10,volantene,c_ar_mynar,1,,history/titles/lv_k_volantis.txt,,administrative_government,history_file,lv_k_volantis.txt,high
8109.1.1,Kirines_10,volantene,d_volon_therys,2,,history/titles/lv_k_volantis.txt,,administrative_government,history_file,lv_k_volantis.txt,high
8109.1.1,Maegyr_13,essosi_valyrian,d_little_valyria,2,,history/titles/lv_k_volantis.txt,,administrative_government,history_file,lv_k_volantis.txt,high
8109.1.1,RHLLOR_8,volantene,d_the_red_priesthood,2,,history/titles/lv_k_the_red_priesthood.txt,,theocracy_government,history_file,lv_k_the_red_priesthood.txt,high
8109.1.1,Vhassar_11,essosi_valyrian,k_volantis,3,,history/titles/lv_k_volantis.txt,,administrative_government,history_file,lv_k_volantis.txt,high
8110.1.1,Qheadar_12,essosi_valyrian,d_nf_qhaedar,2,,history/titles/lv_nf_titles.txt,,administrative_government,history_file,lv_k_volantis.txt,high
8110.1.1,Quazzar_12,meereenese,c_nf_quazzar,1,,history/titles/lv_nf_titles.txt,,oligarchic_government,history_file,lv_k_meereen.txt,high
8110.1.1,Rulloros_13,volantene,d_valysar,2,,history/titles/lv_k_volantis.txt,,administrative_government,history_file,lv_k_volantis.txt,high
8111.1.1,Dhazak_12,meereenese,c_dhazak_pyramid,1,,history/titles/lv_k_meereen.txt,,oligarchic_government,history_file,lv_k_meereen.txt,high
8111.1.1,LV_Merreq_13,meereenese,c_merreq_pyramid,1,,history/titles/lv_k_meereen.txt,,oligarchic_government,history_file,lv_k_meereen.txt,high
8111.2.11,Ennyrion_lv_12,gogossite,c_maggot_shore,1,,history/titles/lv_k_the_basilisk_isles.txt,,pirate_no_dlc_government,history_file,lv_k_the_basilisk_isles.txt,high
8112.1.1,108360025,ghaeni,k_new_ghis,3,,history/titles/lv_k_ghiscar.txt,,oligarchic_government,history_file,lv_k_ghiscar.txt,medium
8112.1.1,114600219,dothraki,k_khalasar_painted_mountains,3,,history/titles/lv_k_volantis.txt,,nomad_government,culture,dothraki,high
8112.1.1,Loraq_11,meereenese,k_meereen,3,,history/titles/lv_k_meereen.txt,,oligarchic_government,history_file,lv_k_meereen.txt,high
8112.1.1,Nefatis_11,volantene,d_valon_sar,2,,history/titles/lv_k_volantis.txt,,administrative_government,history_file,lv_k_volantis.txt,high
8112.1.1,Pahl_11,meereenese,c_demon_road,1,,history/titles/lv_k_meereen.txt,,oligarchic_government,history_file,lv_k_meereen.txt,high
8112.1.1,Rebagyr_11,mantaryan,c_demon_pass,1,,history/titles/lv_k_north_valyria.txt,,oligarchic_government,history_file,lv_k_north_valyria.txt,medium
8112.1.1,Vaelaros_11,essosi_valyrian,d_nf_vaelaros,2,,history/titles/lv_nf_titles.txt,,administrative_government,history_file,lv_k_volantis.txt,high
8112.6.7,Paenohrin_lv_11,gogossite,c_the_handle,1,,history/titles/lv_k_the_basilisk_isles.txt,,pirate_no_dlc_government,history_file,lv_k_the_basilisk_isles.txt,high
8113.1.1,Adiur_9,asshaii,k_asshai,3,,history/titles/lv_k_asshai.txt,,oligarchic_government,history_file,lv_k_asshai.txt,low
8113.1.1,Grazdhan_11,astapori,c_gadhis,1,,history/titles/lv_k_astapor.txt,,oligarchic_government,history_file,lv_k_astapor.txt,high
8113.1.1,Qaggaz_11,yunkaii,c_kaldeen,1,,history/titles/lv_k_yunkai.txt,,oligarchic_government,history_file,lv_k_yunkai.txt,high
8113.1.1,Yunzak_11,yunkaii,k_yunkai,3,,history/titles/lv_k_yunkai.txt,,oligarchic_government,history_file,lv_k_yunkai.txt,high
8114.1.1,Vhassar_12,essosi_valyrian,k_volantis,3,,history/titles/lv_k_volantis.txt,,administrative_government,history_file,lv_k_volantis.txt,high
8115.1.1,Pendaeron_8,mantaryan,c_treylys,1,,history/titles/lv_k_north_valyria.txt,,oligarchic_government,history_file,lv_k_north_valyria.txt,medium
8115.1.1,Staegone_11,essosi_valyrian,d_nf_staegone,2,,history/titles/lv_nf_titles.txt,,administrative_government,history_file,lv_k_volantis.txt,high
8117.1.1,Bone_lv_3,jhalai,c_coast_of_sorrows,1,,history/titles/lv_k_the_basilisk_isles.txt,,pirate_no_dlc_government,history_file,lv_k_the_basilisk_isles.txt,high
8117.1.1,Isnardo_11,volantene,c_ar_mynar,1,,history/titles/lv_k_volantis.txt,,administrative_government,history_file,lv_k_volantis.txt,high
8117.1.1,Qhoqua_lv_3,jhalai,c_isle_of_toads,1,,history/titles/lv_k_the_basilisk_isles.txt,,pirate_no_dlc_government,history_file,lv_k_the_basilisk_isles.txt,high
8117.1.1,Vaelaros_12,essosi_valyrian,d_nf_vaelaros,2,,history/titles/lv_nf_titles.txt,,administrative_government,history_file,lv_k_volantis.txt,high
8117.1.1,Xho_lv_3,jhalai,c_pirates_haven,1,,history/titles/lv_k_the_basilisk_isles.txt,,pirate_no_dlc_government,history_file,lv_k_the_basilisk_isles.txt,high
8117.1.1,Xhore_lv_3,qartheen,c_ax_isle,1,,history/titles/lv_k_the_basilisk_isles.txt,,pirate_no_dlc_government,history_file,lv_k_the_basilisk_isles.txt,high
8118.1.1,Galare_12,meereenese,c_galare_pyramid,1,,history/titles/lv_k_meereen.txt,,oligarchic_government,history_file,lv_k_meereen.txt,high
8118.1.1,Grazdhan_12,astapori,c_gadhis,1,,history/titles/lv_k_astapor.txt,,oligarchic_government,history_file,lv_k_astapor.txt,high
8118.1.1,LV_Votar_12,essosi_valyrian,d_nf_votar,2,,history/titles/lv_nf_titles.txt,,administrative_government,history_file,lv_k_volantis.txt,high
8118.1.1,Oliviriana_11,volantene,c_laboros,1,,history/titles/lv_k_volantis.txt,,administrative_government,history_file,lv_k_volantis.txt,high
8118.1.1,Rhaezn_10,yunkaii,c_nf_rhaezn,1,,history/titles/lv_nf_titles.txt,,oligarchic_government,history_file,lv_k_yunkai.txt,high
8119.1.1,Ghazeen_14,meereenese,c_ghazeen_pyramid,1,,history/titles/lv_k_meereen.txt,,oligarchic_government,history_file,lv_k_meereen.txt,high
8119.1.1,Rhazdar_12,meereenese,c_nf_rhazdar,1,,history/titles/lv_nf_titles.txt,,oligarchic_government,history_file,lv_k_meereen.txt,high
8119.2.7,Vhassorlan_lv_11,gogossite,c_talon,1,,history/titles/lv_k_the_basilisk_isles.txt,,pirate_no_dlc_government,history_file,lv_k_the_basilisk_isles.txt,high
8120.1.1,112360025,ghaeni,k_new_ghis,3,,history/titles/lv_k_ghiscar.txt,,oligarchic_government,history_file,lv_k_ghiscar.txt,medium
8120.1.1,Kirines_11,volantene,d_volon_therys,2,,history/titles/lv_k_volantis.txt,,administrative_government,history_file,lv_k_volantis.txt,high
8120.1.1,Kizwe_lv_3,naathi,c_isle_of_lice,1,,history/titles/lv_k_the_basilisk_isles.txt,,pirate_no_dlc_government,history_file,lv_k_the_basilisk_isles.txt,high
8120.1.1,Salukho_lv_3,jhalai,c_isle_of_flies,1,,history/titles/lv_k_the_basilisk_isles.txt,,pirate_no_dlc_government,history_file,lv_k_the_basilisk_isles.txt,high
8120.1.1,Zagazn_lv_3,zamettari,c_skull_island,1,,history/titles/lv_k_the_basilisk_isles.txt,,pirate_no_dlc_government,history_file,lv_k_the_basilisk_isles.txt,high
8120.1.1,Zobridar_13,mantaryan,d_mantarys,2,,history/titles/lv_k_north_valyria.txt,,oligarchic_government,history_file,lv_k_north_valyria.txt,medium
8121.1.1,Ahlaq_13,yunkaii,c_nf_ahlaq,1,,history/titles/lv_nf_titles.txt,,oligarchic_government,history_file,lv_k_yunkai.txt,high
8121.1.1,Mazemagyr_12,tolosi,c_black_cliffs,1,,history/titles/lv_k_north_valyria.txt,,oligarchic_government,history_file,lv_k_north_valyria.txt,medium
8121.1.1,Paenymion_13,essosi_valyrian,d_nf_paenymion,2,,history/titles/lv_nf_titles.txt,,administrative_government,history_file,lv_k_volantis.txt,high
8121.9.5,Benaris_lv_11,gogossite,c_death_isle,1,,history/titles/lv_k_the_basilisk_isles.txt,,pirate_no_dlc_government,history_file,lv_k_the_basilisk_isles.txt,high
8121.9.5,Enreos_lv_11,gogossite,c_scoundrels_point,1,,history/titles/lv_k_the_basilisk_isles.txt,,pirate_no_dlc_government,history_file,lv_k_the_basilisk_isles.txt,high
8121.9.5,Hendry_lv_11,valyrian_original,c_wraiths_rest,1,,history/titles/lv_k_the_basilisk_isles.txt,,pirate_no_dlc_government,history_file,lv_k_the_basilisk_isles.txt,high
8121.9.5,Nahion_lv_11,gogossite,c_isle_of_vines,1,,history/titles/lv_k_the_basilisk_isles.txt,,pirate_no_dlc_government,history_file,lv_k_the_basilisk_isles.txt,high
8121.9.5,Zaldrizyen_lv_11,gogossite,c_strait_of_skulls,1,,history/titles/lv_k_the_basilisk_isles.txt,,pirate_no_dlc_government,history_file,lv_k_the_basilisk_isles.txt,high
8122.1.1,Eraz_13,yunkaii,c_maelk,1,,history/titles/lv_k_yunkai.txt,,oligarchic_government,history_file,lv_k_yunkai.txt,high
8123.1.1,101469148,ghaeni,c_baked_shore,1,,history/titles/lv_k_ghiscar.txt,,oligarchic_government,history_file,lv_k_ghiscar.txt,medium
8123.1.1,Azantone_13,tolosi,d_tolos,2,,history/titles/lv_k_north_valyria.txt,,oligarchic_government,history_file,lv_k_north_valyria.txt,medium
8123.1.1,Maegyr_14,essosi_valyrian,d_little_valyria,2,,history/titles/lv_k_volantis.txt,,administrative_government,history_file,lv_k_volantis.txt,high
8124.1.1,Galare_12,meereenese,k_meereen,3,,history/titles/lv_k_meereen.txt,,oligarchic_government,history_file,lv_k_meereen.txt,high
8124.1.1,Loraq_12,meereenese,c_loraq_pyramid,1,,history/titles/lv_k_meereen.txt,,oligarchic_government,history_file,lv_k_meereen.txt,high
8125.1.1,Barlaeris_8,mantaryan,c_elarion,1,,history/titles/lv_k_north_valyria.txt,,oligarchic_government,history_file,lv_k_north_valyria.txt,medium
8125.1.1,Dosh_Khaleen_9,dothraki,d_dosh_khaleen,2,,history/titles/lv_dothraki.txt,,theocracy_government,title,d_dosh_khaleen,high
8125.1.1,Kandaq_11,meereenese,c_kandaq_pyramid,1,,history/titles/lv_k_meereen.txt,,oligarchic_government,history_file,lv_k_meereen.txt,high
8125.1.1,Lomberys_12,volantene,c_plains_of_maegys,1,,history/titles/lv_k_volantis.txt,,administrative_government,history_file,lv_k_volantis.txt,high
8125.1.1,Szarr_9,mantaryan,c_elyndor,1,,history/titles/lv_k_north_valyria.txt,,oligarchic_government,history_file,lv_k_north_valyria.txt,medium
8126.1.1,Oliviriana_12,volantene,c_laboros,1,,history/titles/lv_k_volantis.txt,,administrative_government,history_file,lv_k_volantis.txt,high
8126.1.1,Stogarys_12,volantene,c_mavlys,1,,history/titles/lv_k_volantis.txt,,administrative_government,history_file,lv_k_volantis.txt,high
8127.1.1,Volnyros_11,volantene,c_selhorys,1,,history/titles/lv_k_volantis.txt,,administrative_government,history_file,lv_k_volantis.txt,high
8128.1.1,Lodaorys_11,mantaryan,c_painted_valleys,1,,history/titles/lv_k_north_valyria.txt,,oligarchic_government,history_file,lv_k_north_valyria.txt,medium
8128.1.1,Reznak_11,meereenese,c_khyzai_pass,1,,history/titles/lv_k_meereen.txt,,oligarchic_government,history_file,lv_k_meereen.txt,high
8129.1.1,Grazlar_12,astapori,c_horns_of_hazzat,1,,history/titles/lv_k_astapor.txt,,oligarchic_government,history_file,lv_k_astapor.txt,high
8129.1.1,Volnyros_12,volantene,c_selhorys,1,,history/titles/lv_k_volantis.txt,,administrative_government,history_file,lv_k_volantis.txt,high
8130.1.1,Maegyr_15,essosi_valyrian,d_little_valyria,2,,history/titles/lv_k_volantis.txt,,administrative_government,history_file,lv_k_volantis.txt,high
8131.1.1,Ilvar_14,elyrian,c_elyria,1,,history/titles/lv_k_north_valyria.txt,,oligarchic_government,history_file,lv_k_north_valyria.txt,medium
8131.1.1,Ninmarki_12,shadowman,d_hattar,2,,history/titles/lv_k_asshai.txt,,tribal_government,culture,shadowman,low
8132.1.1,12133914,asshaii,d_chalysa,2,,history/titles/lv_k_asshai.txt,,oligarchic_government,history_file,lv_k_asshai.txt,low
8132.1.1,Adiur_10,asshaii,k_asshai,3,,history/titles/lv_k_asshai.txt,,oligarchic_government,history_file,lv_k_asshai.txt,low
8133.1.1,Grazdhan_12,astapori,k_astapor,3,,history/titles/lv_k_astapor.txt,,oligarchic_government,history_file,lv_k_astapor.txt,high
8133.1.1,Mazemagyr_13,tolosi,c_black_cliffs,1,,history/titles/lv_k_north_valyria.txt,,oligarchic_government,history_file,lv_k_north_valyria.txt,medium
8133.1.1,Mazlaq_11,astapori,c_ghiscar_point,1,,history/titles/lv_k_astapor.txt,,oligarchic_government,history_file,lv_k_astapor.txt,high
8134.1.1,Isnardo_12,volantene,c_ar_mynar,1,,history/titles/lv_k_volantis.txt,,administrative_government,history_file,lv_k_volantis.txt,high
8134.1.1,RHLLOR_9,volantene,d_the_red_priesthood,2,,history/titles/lv_k_the_red_priesthood.txt,,theocracy_government,history_file,lv_k_the_red_priesthood.txt,high
8134.1.1,Zherzyn_12,yunkaii,c_nf_zherzyn,1,,history/titles/lv_nf_titles.txt,,oligarchic_government,history_file,lv_k_yunkai.txt,high
8135.1.1,101269152,ghaeni,c_atruskai,1,,history/titles/lv_k_ghiscar.txt,,oligarchic_government,history_file,lv_k_ghiscar.txt,medium
8135.1.1,Hazkar_13,meereenese,c_hazkar_pyramid,1,,history/titles/lv_k_meereen.txt,,oligarchic_government,history_file,lv_k_meereen.txt,high
8135.1.1,Myraq_11,yunkaii,k_yunkai,3,,history/titles/lv_k_yunkai.txt,,oligarchic_government,history_file,lv_k_yunkai.txt,high
8135.1.1,Pendaeron_9,mantaryan,c_treylys,1,,history/titles/lv_k_north_valyria.txt,,oligarchic_government,history_file,lv_k_north_valyria.txt,medium
8135.1.1,Rannovar_12,volantene,d_dreos,2,,history/titles/lv_k_volantis.txt,,administrative_government,history_file,lv_k_volantis.txt,high
8135.1.1,Ullhor_11,astapori,c_dhozai,1,,history/titles/lv_k_astapor.txt,,oligarchic_government,history_file,lv_k_astapor.txt,high
8135.1.1,Yunzak_12,yunkaii,c_nf_yunzak,1,,history/titles/lv_nf_titles.txt,,oligarchic_government,history_file,lv_k_yunkai.txt,high
8137.1.1,Eraz_14,yunkaii,c_maelk,1,,history/titles/lv_k_yunkai.txt,,oligarchic_government,history_file,lv_k_yunkai.txt,high
8137.1.1,Mazlaq_12,astapori,c_ghiscar_point,1,,history/titles/lv_k_astapor.txt,,oligarchic_government,history_file,lv_k_astapor.txt,high
8137.1.1,Quazzar_13,meereenese,c_nf_quazzar,1,,history/titles/lv_nf_titles.txt,,oligarchic_government,history_file,lv_k_meereen.txt,high
8137.1.1,Staegone_12,essosi_valyrian,d_nf_staegone,2,,history/titles/lv_nf_titles.txt,,administrative_government,history_file,lv_k_volantis.txt,high
8138.1.1,Qheadar_12,essosi_valyrian,k_volantis,3,,history/titles/lv_k_volantis.txt,,administrative_government,history_file,lv_k_volantis.txt,high
8138.1.1,Vhassar_13,essosi_valyrian,d_nf_vhassar,2,,history/titles/lv_nf_titles.txt,,administrative_government,history_file,lv_k_volantis.txt,high
8139.1.1,12333914,asshaii,d_chalysa,2,,history/titles/lv_k_asshai.txt,,oligarchic_government,history_file,lv_k_asshai.txt,low
8139.1.1,Lodaorys_12,mantaryan,c_painted_valleys,1,,history/titles/lv_k_north_valyria.txt,,oligarchic_government,history_file,lv_k_north_valyria.txt,medium
8139.1.1,Stogarys_13,volantene,c_mavlys,1,,history/titles/lv_k_volantis.txt,,administrative_government,history_file,lv_k_volantis.txt,high
8140.1.1,Dhazak_13,meereenese,c_dhazak_pyramid,1,,history/titles/lv_k_meereen.txt,,oligarchic_government,history_file,lv_k_meereen.txt,high
8140.1.1,Kandaq_12,meereenese,c_kandaq_pyramid,1,,history/titles/lv_k_meereen.txt,,oligarchic_government,history_file,lv_k_meereen.txt,high
8140.1.1,Yherizan_13,meereenese,c_green_gate,1,,history/titles/lv_k_meereen.txt,,oligarchic_government,history_file,lv_k_meereen.txt,high
8141.1.1,114360025,ghaeni,k_new_ghis,3,,history/titles/lv_k_ghiscar.txt,,oligarchic_government,history_file,lv_k_ghiscar.txt,medium
8142.1.1,101569148,ghaeni,c_baked_shore,1,,history/titles/lv_k_ghiscar.txt,,oligarchic_government,history_file,lv_k_ghiscar.txt,medium
8142.1.1,Dosh_Khaleen_10,dothraki,d_dosh_khaleen,2,,history/titles/lv_dothraki.txt,,theocracy_government,title,d_dosh_khaleen,high
8142.1.1,Eraz_14,yunkaii,k_yunkai,3,,history/titles/lv_k_yunkai.txt,,oligarchic_government,history_file,lv_k_yunkai.txt,high
8142.1.1,Ghazeen_15,meereenese,c_ghazeen_pyramid,1,,history/titles/lv_k_meereen.txt,,oligarchic_government,history_file,lv_k_meereen.txt,high
8142.1.1,Nogarys_12,essosi_valyrian,d_nf_nogarys,2,,history/titles/lv_nf_titles.txt,,administrative_government,history_file,lv_k_volantis.txt,high
8142.1.1,Pahl_12,meereenese,c_demon_road,1,,history/titles/lv_k_meereen.txt,,oligarchic_government,history_file,lv_k_meereen.txt,high
8142.8.16,Paenohrin_lv_12,gogossite,c_the_handle,1,,history/titles/lv_k_the_basilisk_isles.txt,,pirate_no_dlc_government,history_file,lv_k_the_basilisk_isles.txt,high
8143.1.1,Lomberys_13,volantene,c_plains_of_maegys,1,,history/titles/lv_k_volantis.txt,,administrative_government,history_file,lv_k_volantis.txt,high
8143.1.1,Mazlaq_13,astapori,c_ghiscar_point,1,,history/titles/lv_k_astapor.txt,,oligarchic_government,history_file,lv_k_astapor.txt,high
8143.1.1,Naqqan_12,meereenese,c_naqqan_pyramid,1,,history/titles/lv_k_meereen.txt,,oligarchic_government,history_file,lv_k_meereen.txt,high
8144.1.1,101269149,ghaeni,c_ghaen,1,,history/titles/lv_k_ghiscar.txt,,oligarchic_government,history_file,lv_k_ghiscar.txt,medium
8144.1.1,Ahlaq_14,yunkaii,c_nf_ahlaq,1,,history/titles/lv_nf_titles.txt,,oligarchic_government,history_file,lv_k_yunkai.txt,high
8144.1.1,Azantone_14,tolosi,d_tolos,2,,history/titles/lv_k_north_valyria.txt,,oligarchic_government,history_file,lv_k_north_valyria.txt,medium
8144.1.1,Kirines_12,volantene,d_volon_therys,2,,history/titles/lv_k_volantis.txt,,administrative_government,history_file,lv_k_volantis.txt,high
8144.1.1,Kizwe_lv_4,naathi,c_isle_of_lice,1,,history/titles/lv_k_the_basilisk_isles.txt,,pirate_no_dlc_government,history_file,lv_k_the_basilisk_isles.txt,high
8144.1.1,Rhaezn_11,yunkaii,c_nf_rhaezn,1,,history/titles/lv_nf_titles.txt,,oligarchic_government,history_file,lv_k_yunkai.txt,high
8144.1.1,Salukho_lv_4,jhalai,c_isle_of_flies,1,,history/titles/lv_k_the_basilisk_isles.txt,,pirate_no_dlc_government,history_file,lv_k_the_basilisk_isles.txt,high
8144.1.1,Zagazn_lv_4,zamettari,c_skull_island,1,,history/titles/lv_k_the_basilisk_isles.txt,,pirate_no_dlc_government,history_file,lv_k_the_basilisk_isles.txt,high
8144.11.19,Ennyrion_lv_13,gogossite,c_maggot_shore,1,,history/titles/lv_k_the_basilisk_isles.txt,,pirate_no_dlc_government,history_file,lv_k_the_basilisk_isles.txt,high
8145.1.1,Marsiglio_11,volantene,c_anyria,1,,history/titles/lv_k_volantis.txt,,administrative_government,history_file,lv_k_volantis.txt,high
8145.1.1,Reznak_12,meereenese,c_khyzai_pass,1,,history/titles/lv_k_meereen.txt,,oligarchic_government,history_file,lv_k_meereen.txt,high
8145.1.1,Rulloros_15,volantene,d_valysar,2,,history/titles/lv_k_volantis.txt,,administrative_government,history_file,lv_k_volantis.txt,high
8145.1.1,Szarr_10,mantaryan,c_elyndor,1,,history/titles/lv_k_north_valyria.txt,,oligarchic_government,history_file,lv_k_north_valyria.txt,medium
8146.1.1,116600219,dothraki,k_khalasar_painted_mountains,3,,history/titles/lv_k_volantis.txt,,nomad_government,culture,dothraki,high
8146.1.1,Adiur_11,asshaii,k_asshai,3,,history/titles/lv_k_asshai.txt,,oligarchic_government,history_file,lv_k_asshai.txt,low
8146.1.1,Nakloz_12,astapori,c_nf_nakloz,1,,history/titles/lv_nf_titles.txt,,oligarchic_government,history_file,lv_k_astapor.txt,high
8146.1.1,Qaggaz_12,yunkaii,c_kaldeen,1,,history/titles/lv_k_yunkai.txt,,oligarchic_government,history_file,lv_k_yunkai.txt,high
8146.1.1,Rhazdar_13,meereenese,c_nf_rhazdar,1,,history/titles/lv_nf_titles.txt,,oligarchic_government,history_file,lv_k_meereen.txt,high
8147.1.1,Rulloros_16,volantene,d_valysar,2,,history/titles/lv_k_volantis.txt,,administrative_government,history_file,lv_k_volantis.txt,high
8148.1.1,Maegyr_16,essosi_valyrian,d_little_valyria,2,,history/titles/lv_k_volantis.txt,,administrative_government,history_file,lv_k_volantis.txt,high
8148.1.1,Qheadar_13,essosi_valyrian,k_volantis,3,,history/titles/lv_k_volantis.txt,,administrative_government,history_file,lv_k_volantis.txt,high
8149.1.1,LV_Merreq_14,meereenese,c_merreq_pyramid,1,,history/titles/lv_k_meereen.txt,,oligarchic_government,history_file,lv_k_meereen.txt,high
8149.1.1,LV_Votar_13,essosi_valyrian,d_nf_votar,2,,history/titles/lv_nf_titles.txt,,administrative_government,history_file,lv_k_volantis.txt,high
8150.1.1,Rhaezn_12,yunkaii,c_nf_rhaezn,1,,history/titles/lv_nf_titles.txt,,oligarchic_government,history_file,lv_k_yunkai.txt,high
8151.1.1,Grazlar_13,astapori,c_horns_of_hazzat,1,,history/titles/lv_k_astapor.txt,,oligarchic_government,history_file,lv_k_astapor.txt,high
8152.1.1,Barlaeris_9,mantaryan,c_elarion,1,,history/titles/lv_k_north_valyria.txt,,oligarchic_government,history_file,lv_k_north_valyria.txt,medium
8152.1.1,Nakloz_13,astapori,c_nf_nakloz,1,,history/titles/lv_nf_titles.txt,,oligarchic_government,history_file,lv_k_astapor.txt,high
8152.6.14,Benaris_lv_12,gogossite,c_death_isle,1,,history/titles/lv_k_the_basilisk_isles.txt,,pirate_no_dlc_government,history_file,lv_k_the_basilisk_isles.txt,high
8152.6.14,Enreos_lv_12,gogossite,c_scoundrels_point,1,,history/titles/lv_k_the_basilisk_isles.txt,,pirate_no_dlc_government,history_file,lv_k_the_basilisk_isles.txt,high
8152.6.14,Hendry_lv_12,valyrian_original,c_wraiths_rest,1,,history/titles/lv_k_the_basilisk_isles.txt,,pirate_no_dlc_government,history_file,lv_k_the_basilisk_isles.txt,high
8152.6.14,Nahion_lv_12,gogossite,c_isle_of_vines,1,,history/titles/lv_k_the_basilisk_isles.txt,,pirate_no_dlc_government,history_file,lv_k_the_basilisk_isles.txt,high
8152.6.14,Zaldrizyen_lv_12,gogossite,c_strait_of_skulls,1,,history/titles/lv_k_the_basilisk_isles.txt,,pirate_no_dlc_government,history_file,lv_k_the_basilisk_isles.txt,high
8153.1.1,101369149,ghaeni,c_ghaen,1,,history/titles/lv_k_ghiscar.txt,,oligarchic_government,history_file,lv_k_ghiscar.txt,medium
8153.1.1,Ninmarki_13,shadowman,d_hattar,2,,history/titles/lv_k_asshai.txt,,tribal_government,culture,shadowman,low
8154.1.1,11933911,asshaii,d_the_saffron_lands,2,,history/titles/lv_k_asshai.txt,,oligarchic_government,history_file,lv_k_asshai.txt,low
8154.1.1,119600219,dothraki,k_khalasar_painted_mountains,3,,history/titles/lv_k_volantis.txt,,nomad_government,culture,dothraki,high
8154.1.1,Grazdhan_13,astapori,c_gadhis,1,,history/titles/lv_k_astapor.txt,,oligarchic_government,history_file,lv_k_astapor.txt,high
8154.1.1,Grazlar_13,astapori,k_astapor,3,,history/titles/lv_k_astapor.txt,,oligarchic_government,history_file,lv_k_astapor.txt,high
8156.1.1,Dhogarys_12,volantene,c_honors_port,1,,history/titles/lv_k_volantis.txt,,administrative_government,history_file,lv_k_volantis.txt,high
8157.1.1,Ilvar_15,elyrian,c_elyria,1,,history/titles/lv_k_north_valyria.txt,,oligarchic_government,history_file,lv_k_north_valyria.txt,medium
8157.1.1,Oliviriana_13,volantene,c_laboros,1,,history/titles/lv_k_volantis.txt,,administrative_government,history_file,lv_k_volantis.txt,high
8158.1.1,Marsiglio_12,volantene,c_anyria,1,,history/titles/lv_k_volantis.txt,,administrative_government,history_file,lv_k_volantis.txt,high
8158.1.1,Qaggaz_13,yunkaii,c_kaldeen,1,,history/titles/lv_k_yunkai.txt,,oligarchic_government,history_file,lv_k_yunkai.txt,high
8158.1.1,Zobridar_14,mantaryan,d_mantarys,2,,history/titles/lv_k_north_valyria.txt,,oligarchic_government,history_file,lv_k_north_valyria.txt,medium
8159.1.1,Hazkar_14,meereenese,c_hazkar_pyramid,1,,history/titles/lv_k_meereen.txt,,oligarchic_government,history_file,lv_k_meereen.txt,high
8159.1.1,Kirines_13,volantene,d_volon_therys,2,,history/titles/lv_k_volantis.txt,,administrative_government,history_file,lv_k_volantis.txt,high
8159.1.1,Paenymion_15,essosi_valyrian,d_nf_paenymion,2,,history/titles/lv_nf_titles.txt,,administrative_government,history_file,lv_k_volantis.txt,high
8159.1.1,Volnyros_13,volantene,c_selhorys,1,,history/titles/lv_k_volantis.txt,,administrative_government,history_file,lv_k_volantis.txt,high
8160.1.1,LV_Votar_14,essosi_valyrian,d_nf_votar,2,,history/titles/lv_nf_titles.txt,,administrative_government,history_file,lv_k_volantis.txt,high
8160.1.1,Loraq_13,meereenese,c_loraq_pyramid,1,,history/titles/lv_k_meereen.txt,,oligarchic_government,history_file,lv_k_meereen.txt,high
8160.1.1,Stogarys_14,volantene,c_mavlys,1,,history/titles/lv_k_volantis.txt,,administrative_government,history_file,lv_k_volantis.txt,high
8160.1.1,Vhassar_14,essosi_valyrian,d_nf_vhassar,2,,history/titles/lv_nf_titles.txt,,administrative_government,history_file,lv_k_volantis.txt,high
8160.1.1,Vhassorlan_lv_10,gogossite,c_talon,1,,history/titles/lv_k_the_basilisk_isles.txt,,pirate_no_dlc_government,history_file,lv_k_the_basilisk_isles.txt,high
8161.1.1,Dhazak_14,meereenese,c_dhazak_pyramid,1,,history/titles/lv_k_meereen.txt,,oligarchic_government,history_file,lv_k_meereen.txt,high
8161.1.1,Rebagyr_12,mantaryan,c_demon_pass,1,,history/titles/lv_k_north_valyria.txt,,oligarchic_government,history_file,lv_k_north_valyria.txt,medium
8162.1.1,Zobridar_15,mantaryan,d_mantarys,2,,history/titles/lv_k_north_valyria.txt,,oligarchic_government,history_file,lv_k_north_valyria.txt,medium
8163.1.1,Bone_lv_4,jhalai,c_coast_of_sorrows,1,,history/titles/lv_k_the_basilisk_isles.txt,,pirate_no_dlc_government,history_file,lv_k_the_basilisk_isles.txt,high
8163.1.1,Naqqan_13,meereenese,c_naqqan_pyramid,1,,history/titles/lv_k_meereen.txt,,oligarchic_government,history_file,lv_k_meereen.txt,high
8163.1.1,Qhoqua_lv_4,jhalai,c_isle_of_toads,1,,history/titles/lv_k_the_basilisk_isles.txt,,pirate_no_dlc_government,history_file,lv_k_the_basilisk_isles.txt,high
8163.1.1,Xho_lv_4,jhalai,c_pirates_haven,1,,history/titles/lv_k_the_basilisk_isles.txt,,pirate_no_dlc_government,history_file,lv_k_the_basilisk_isles.txt,high
8163.1.1,Xhore_lv_4,qartheen,c_ax_isle,1,,history/titles/lv_k_the_basilisk_isles.txt,,pirate_no_dlc_government,history_file,lv_k_the_basilisk_isles.txt,high
8164.1.1,117360025,ghaeni,k_new_ghis,3,,history/titles/lv_k_ghiscar.txt,,oligarchic_government,history_file,lv_k_ghiscar.txt,medium
8164.1.1,12233911,asshaii,d_the_saffron_lands,2,,history/titles/lv_k_asshai.txt,,oligarchic_government,history_file,lv_k_asshai.txt,low
8164.1.1,Kizwe_lv_5,naathi,c_isle_of_lice,1,,history/titles/lv_k_the_basilisk_isles.txt,,pirate_no_dlc_government,history_file,lv_k_the_basilisk_isles.txt,high
8164.1.1,Salukho_lv_5,jhalai,c_isle_of_flies,1,,history/titles/lv_k_the_basilisk_isles.txt,,pirate_no_dlc_government,history_file,lv_k_the_basilisk_isles.txt,high
8164.1.1,Zagazn_lv_5,zamettari,c_skull_island,1,,history/titles/lv_k_the_basilisk_isles.txt,,pirate_no_dlc_government,history_file,lv_k_the_basilisk_isles.txt,high
8165.1.1,LV_Votar_15,essosi_valyrian,d_nf_votar,2,,history/titles/lv_nf_titles.txt,,administrative_government,history_file,lv_k_volantis.txt,high
8165.1.1,Zherzyn_13,yunkaii,c_nf_zherzyn,1,,history/titles/lv_nf_titles.txt,,oligarchic_government,history_file,lv_k_yunkai.txt,high
8165.3.14,Paenohrin_lv_13,gogossite,c_the_handle,1,,history/titles/lv_k_the_basilisk_isles.txt,,pirate_no_dlc_government,history_file,lv_k_the_basilisk_isles.txt,high
8166.1.1,101669152,ghaeni,c_atruskai,1,,history/titles/lv_k_ghiscar.txt,,oligarchic_government,history_file,lv_k_ghiscar.txt,medium
8166.1.1,124600219,dothraki,k_khalasar_painted_mountains,3,,history/titles/lv_k_volantis.txt,,nomad_government,culture,dothraki,high
8166.1.1,Galare_13,meereenese,c_galare_pyramid,1,,history/titles/lv_k_meereen.txt,,oligarchic_government,history_file,lv_k_meereen.txt,high
8166.1.1,Loraq_13,meereenese,k_meereen,3,,history/titles/lv_k_meereen.txt,,oligarchic_government,history_file,lv_k_meereen.txt,high
8166.1.1,Volnyros_15,volantene,c_selhorys,1,,history/titles/lv_k_volantis.txt,,administrative_government,history_file,lv_k_volantis.txt,high
8166.1.1,Yunzak_13,yunkaii,c_nf_yunzak,1,,history/titles/lv_nf_titles.txt,,oligarchic_government,history_file,lv_k_yunkai.txt,high
8167.1.1,Dosh_Khaleen_11,dothraki,d_dosh_khaleen,2,,history/titles/lv_dothraki.txt,,theocracy_government,title,d_dosh_khaleen,high
8167.1.1,Ninmarki_14,shadowman,d_hattar,2,,history/titles/lv_k_asshai.txt,,tribal_government,culture,shadowman,low
8167.1.1,Nogarys_13,essosi_valyrian,d_nf_nogarys,2,,history/titles/lv_nf_titles.txt,,administrative_government,history_file,lv_k_volantis.txt,high
8167.1.1,Paenymion_16,essosi_valyrian,d_nf_paenymion,2,,history/titles/lv_nf_titles.txt,,administrative_government,history_file,lv_k_volantis.txt,high
8167.1.1,Qheadar_15,essosi_valyrian,d_nf_qhaedar,2,,history/titles/lv_nf_titles.txt,,administrative_government,history_file,lv_k_volantis.txt,high
8167.1.1,Vaelaros_12,essosi_valyrian,k_volantis,3,,history/titles/lv_k_volantis.txt,,administrative_government,history_file,lv_k_volantis.txt,high
8168.1.1,Isnardo_13,volantene,c_ar_mynar,1,,history/titles/lv_k_volantis.txt,,administrative_government,history_file,lv_k_volantis.txt,high
8168.1.1,Mazemagyr_14,tolosi,c_black_cliffs,1,,history/titles/lv_k_north_valyria.txt,,oligarchic_government,history_file,lv_k_north_valyria.txt,medium
8168.1.1,Volnyros_16,volantene,c_selhorys,1,,history/titles/lv_k_volantis.txt,,administrative_government,history_file,lv_k_volantis.txt,high
8169.1.1,Qheadar_16,essosi_valyrian,d_nf_qhaedar,2,,history/titles/lv_nf_titles.txt,,administrative_government,history_file,lv_k_volantis.txt,high
8169.1.1,RHLLOR_10,volantene,d_the_red_priesthood,2,,history/titles/lv_k_the_red_priesthood.txt,,theocracy_government,history_file,lv_k_the_red_priesthood.txt,high
8170.1.1,Eraz_15,yunkaii,c_maelk,1,,history/titles/lv_k_yunkai.txt,,oligarchic_government,history_file,lv_k_yunkai.txt,high
8170.1.1,Ghazeen_16,meereenese,c_ghazeen_pyramid,1,,history/titles/lv_k_meereen.txt,,oligarchic_government,history_file,lv_k_meereen.txt,high
8170.1.1,Maegyr_18,essosi_valyrian,d_little_valyria,2,,history/titles/lv_k_volantis.txt,,administrative_government,history_file,lv_k_volantis.txt,high
8170.1.1,Nakloz_14,astapori,c_nf_nakloz,1,,history/titles/lv_nf_titles.txt,,oligarchic_government,history_file,lv_k_astapor.txt,high
8170.1.1,Paenymion_17,essosi_valyrian,d_nf_paenymion,2,,history/titles/lv_nf_titles.txt,,administrative_government,history_file,lv_k_volantis.txt,high
8170.1.1,Ullhor_12,astapori,c_dhozai,1,,history/titles/lv_k_astapor.txt,,oligarchic_government,history_file,lv_k_astapor.txt,high
8170.1.1,Vaelaros_14,essosi_valyrian,k_volantis,3,,history/titles/lv_k_volantis.txt,,administrative_government,history_file,lv_k_volantis.txt,high
8170.1.1,Yunzak_13,yunkaii,k_yunkai,3,,history/titles/lv_k_yunkai.txt,,oligarchic_government,history_file,lv_k_yunkai.txt,high
8170.12.11,eetlv_cs_10_5,eetlv_sand_ghoul,d_R220G226B155,2,e_cannibal_sands,history/titles/vassal_titles_e_cannibal_sands.txt,,tribal_government,empire,e_cannibal_sands,low
8170.12.11,eetlv_cs_11_5,eetlv_sand_ghoul,d_R28G169B63,2,e_cannibal_sands,history/titles/vassal_titles_e_cannibal_sands.txt,,tribal_government,empire,e_cannibal_sands,low
8170.12.11,eetlv_cs_12_5,eetlv_sand_ghoul,d_R81G64B118,2,e_cannibal_sands,history/titles/vassal_titles_e_cannibal_sands.txt,,tribal_government,empire,e_cannibal_sands,low
8170.12.11,eetlv_cs_13_5,eetlv_sand_ghoul,d_R238G6B173,2,e_cannibal_sands,history/titles/vassal_titles_e_cannibal_sands.txt,,tribal_government,empire,e_cannibal_sands,low
8170.12.11,eetlv_cs_14_5,eetlv_sand_ghoul,d_R42G145B84,2,e_cannibal_sands,history/titles/vassal_titles_e_cannibal_sands.txt,,tribal_government,empire,e_cannibal_sands,low
8170.12.11,eetlv_cs_1_5,eetlv_sand_ghoul,e_cannibal_sands,4,e_cannibal_sands,history/titles/vassal_titles_e_cannibal_sands.txt,,tribal_government,empire,e_cannibal_sands,low
8170.12.11,eetlv_cs_2_5,eetlv_sand_ghoul,d_R111G75B187,2,e_cannibal_sands,history/titles/vassal_titles_e_cannibal_sands.txt,,tribal_government,empire,e_cannibal_sands,low
8170.12.11,eetlv_cs_3_5,eetlv_sand_ghoul,d_R240G127B159,2,e_cannibal_sands,history/titles/vassal_titles_e_cannibal_sands.txt,,tribal_government,empire,e_cannibal_sands,low
8170.12.11,eetlv_cs_4_5,eetlv_sand_ghoul,d_R41G226B41,2,e_cannibal_sands,history/titles/vassal_titles_e_cannibal_sands.txt,,tribal_government,empire,e_cannibal_sands,low
8170.12.11,eetlv_cs_5_5,eetlv_sand_ghoul,d_R193G60B253,2,e_cannibal_sands,history/titles/vassal_titles_e_cannibal_sands.txt,,tribal_government,empire,e_cannibal_sands,low
8170.12.11,eetlv_cs_6_5,eetlv_sand_ghoul,d_R222G151B16,2,e_cannibal_sands,history/titles/vassal_titles_e_cannibal_sands.txt,,tribal_government,empire,e_cannibal_sands,low
8170.12.11,eetlv_cs_7_5,eetlv_sand_ghoul,d_R45G162B231,2,e_cannibal_sands,history/titles/vassal_titles_e_cannibal_sands.txt,,tribal_government,empire,e_cannibal_sands,low
8170.12.11,eetlv_cs_8_5,eetlv_sand_ghoul,d_R70G73B87,2,e_cannibal_sands,history/titles/vassal_titles_e_cannibal_sands.txt,,tribal_government,empire,e_cannibal_sands,low
8170.12.11,eetlv_cs_9_5,eetlv_sand_ghoul,d_R232G202B38,2,e_cannibal_sands,history/titles/vassal_titles_e_cannibal_sands.txt,,tribal_government,empire,e_cannibal_sands,low
8170.12.11,gen_1032,farosi,e_lesser_moraq,4,e_lesser_moraq,history/titles/hist_titles.txt,,feudal_government,empire,e_lesser_moraq,low
8170.12.11,gen_1150,mossovite,d_R107G171B160,2,e_mossovy,history/titles/vassal_titles_e_mossovy.txt,,tribal_government,empire,e_mossovy,low
8170.12.11,gen_1152,mossovite,e_mossovy,4,e_mossovy,history/titles/hist_titles.txt,,tribal_government,empire,e_mossovy,low
8170.12.11,gen_1212,naathi,e_naath,4,e_naath,history/titles/hist_titles.txt,,tribal_government,empire,e_naath,medium
8170.12.11,gen_1269,norvoshi,d_R87G54B134,2,e_norvos,history/titles/vassal_titles_e_norvos.txt,,theocracy_government,empire,e_norvos,high
8170.12.11,gen_1270,norvoshi,d_R53G162B46,2,e_norvos,history/titles/vassal_titles_e_norvos.txt,,theocracy_government,empire,e_norvos,high
8170.12.11,gen_1272,norvoshi,e_norvos,4,e_norvos,history/titles/hist_titles.txt,,theocracy_government,empire,e_norvos,high
8170.12.11,gen_1330,omberi,d_R20G128B134,2,e_omber,history/titles/vassal_titles_e_omber.txt,,feudal_government,empire,e_omber,medium
8170.12.11,gen_1332,omberi,e_omber,4,e_omber,history/titles/hist_titles.txt,,feudal_government,empire,e_omber,medium
8170.12.11,gen_1390,qohorik,d_R101G68B31,2,e_qohor,history/titles/vassal_titles_e_qohor.txt,,administrative_government,empire,e_qohor,medium
8170.12.11,gen_1391,qohorik,d_R71G9B105,2,e_qohor,history/titles/vassal_titles_e_qohor.txt,,administrative_government,empire,e_qohor,medium
8170.12.11,gen_1392,qohorik,e_qohor,4,e_qohor,history/titles/hist_titles.txt,,administrative_government,empire,e_qohor,medium
8170.12.11,gen_1451,tagaez_fen,d_R113G237B226,2,e_sarnor,history/titles/vassal_titles_e_sarnor.txt,,feudal_government,empire,e_sarnor,high
8170.12.11,gen_1452,tagaez_fen,e_sarnor,4,e_sarnor,history/titles/hist_titles.txt,,feudal_government,empire,e_sarnor,high
8170.12.11,gen_1509,gogossite,d_R198G233B16,2,e_sothoryos,history/titles/vassal_titles_e_sothoryos.txt,,tribal_government,empire,e_sothoryos,medium
8170.12.11,gen_1512,gogossite,e_sothoryos,4,e_sothoryos,history/titles/hist_titles.txt,,tribal_government,empire,e_sothoryos,medium
8170.12.11,gen_1569,jhalai,d_R103G163B139,2,e_summer_isles,history/titles/vassal_titles_e_summer_isles.txt,,feudal_government,empire,e_summer_isles,medium
8170.12.11,gen_1570,jhalai,d_R205G235B19,2,e_summer_isles,history/titles/vassal_titles_e_summer_isles.txt,,feudal_government,empire,e_summer_isles,medium
8170.12.11,gen_1572,jhalai,e_summer_isles,4,e_summer_isles,history/titles/hist_titles.txt,,feudal_government,empire,e_summer_isles,medium
8170.12.11,gen_1629,manticorian,d_R48G26B112,2,e_thousand_islands,history/titles/vassal_titles_e_thousand_islands.txt,,tribal_government,empire,e_thousand_islands,medium
8170.12.11,gen_1630,manticorian,d_R67G144B34,2,e_thousand_islands,history/titles/vassal_titles_e_thousand_islands.txt,,tribal_government,empire,e_thousand_islands,medium
8170.12.11,gen_1632,manticorian,e_thousand_islands,4,e_thousand_islands,history/titles/hist_titles.txt,,tribal_government,empire,e_thousand_islands,medium
8170.12.11,gen_1692,shadowman,e_ulthos,4,e_ulthos,history/titles/hist_titles.txt,,tribal_government,culture,shadowman,low
8170.12.11,gen_1749,dothraki,d_R134G104B125,2,e_upper_sarne_dothraki,history/titles/vassal_titles_e_upper_sarne_dothraki.txt,,nomad_government,culture,dothraki,high
8170.12.11,gen_1750,dothraki,k_R168G94B91,3,e_upper_sarne_dothraki,history/titles/vassal_titles_e_upper_sarne_dothraki.txt,,nomad_government,culture,dothraki,high
8170.12.11,gen_1752,dothraki,e_upper_sarne_dothraki,4,e_upper_sarne_dothraki,history/titles/hist_titles.txt,,nomad_government,culture,dothraki,high
8170.12.11,gen_1809,dothraki,k_R139G90B4,3,e_lower_sarne_dothraki,history/titles/vassal_titles_e_lower_sarne_dothraki.txt,,nomad_government,culture,dothraki,high
8170.12.11,gen_1810,dothraki,k_R35G68B68,3,e_lower_sarne_dothraki,history/titles/vassal_titles_e_lower_sarne_dothraki.txt,,nomad_government,culture,dothraki,high
8170.12.11,gen_1812,dothraki,e_lower_sarne_dothraki,4,e_lower_sarne_dothraki,history/titles/hist_titles.txt,,nomad_government,culture,dothraki,high
8170.12.11,gen_1869,dothraki,k_R209G123B86,3,e_great_grass_sea_dothraki,history/titles/vassal_titles_e_great_grass_sea_dothraki.txt,,nomad_government,culture,dothraki,high
8170.12.11,gen_1870,dothraki,d_R102G182B233,2,e_great_grass_sea_dothraki,history/titles/vassal_titles_e_great_grass_sea_dothraki.txt,,nomad_government,culture,dothraki,high
8170.12.11,gen_1872,dothraki,e_great_grass_sea_dothraki,4,e_great_grass_sea_dothraki,history/titles/hist_titles.txt,,nomad_government,culture,dothraki,high
8170.12.11,gen_1930,dothraki,k_R156G124B52,3,e_bone_mountain_dothraki,history/titles/vassal_titles_e_bone_mountain_dothraki.txt,,nomad_government,culture,dothraki,high
8170.12.11,gen_1931,dothraki,k_R231G165B51,3,e_bone_mountain_dothraki,history/titles/vassal_titles_e_bone_mountain_dothraki.txt,,nomad_government,culture,dothraki,high
8170.12.11,gen_1932,dothraki,e_bone_mountain_dothraki,4,e_bone_mountain_dothraki,history/titles/hist_titles.txt,,nomad_government,culture,dothraki,high
8170.12.11,gen_1990,lhazareen,k_R215G70B208,3,e_lhazar,history/titles/vassal_titles_e_lhazar.txt,,clan_government,empire,e_lhazar,medium
8170.12.11,gen_1991,lhazareen,d_R111G255B221,2,e_lhazar,history/titles/vassal_titles_e_lhazar.txt,,clan_government,empire,e_lhazar,medium
8170.12.11,gen_1992,lhazareen,e_lhazar,4,e_lhazar,history/titles/hist_titles.txt,,clan_government,empire,e_lhazar,medium
8170.12.11,gen_2050,qartheen,k_R154G58B31,3,e_qarth,history/titles/vassal_titles_e_qarth.txt,,oligarchic_government,empire,e_qarth,high
8170.12.11,gen_2051,qartheen,k_R27G181B254,3,e_qarth,history/titles/vassal_titles_e_qarth.txt,,oligarchic_government,empire,e_qarth,high
8170.12.11,gen_2052,qartheen,e_qarth,4,e_qarth,history/titles/hist_titles.txt,,oligarchic_government,empire,e_qarth,high
8170.12.11,gen_2109,feicui_ren,k_R109G14B184,3,e_golden_yi_ti,history/titles/vassal_titles_e_golden_yi_ti.txt,,meritocratic_government,empire,e_golden_yi_ti,high
8170.12.11,gen_2110,feicui_ren,k_R120G189B251,3,e_golden_yi_ti,history/titles/vassal_titles_e_golden_yi_ti.txt,,meritocratic_government,empire,e_golden_yi_ti,high
8170.12.11,gen_2112,feicui_ren,e_golden_yi_ti,4,e_golden_yi_ti,history/titles/hist_titles.txt,,celestial_government,empire,e_golden_yi_ti,high
8170.12.11,gen_2169,jogos_nhai,k_R146G211B104,3,e_jogos_nhai,history/titles/vassal_titles_e_jogos_nhai.txt,,nomad_government,culture,jogos_nhai,high
8170.12.11,gen_2170,jogos_nhai,k_R12G166B33,3,e_jogos_nhai,history/titles/vassal_titles_e_jogos_nhai.txt,,nomad_government,culture,jogos_nhai,high
8170.12.11,gen_2172,jogos_nhai,e_jogos_nhai,4,e_jogos_nhai,history/titles/hist_titles.txt,,nomad_government,culture,jogos_nhai,high
8170.12.11,gen_2232,vahari,e_great_moraq,4,e_great_moraq,history/titles/hist_titles.txt,,feudal_government,empire,e_great_moraq,low
8170.12.11,gen_2289,lengii,d_R206G76B102,2,e_leng,history/titles/vassal_titles_e_leng.txt,,mandala_government,empire,e_leng,high
8170.12.11,gen_2292,lengii,e_leng,4,e_leng,history/titles/hist_titles.txt,,mandala_government,empire,e_leng,high
8170.12.11,gen_730,bloodless_man,k_R235G188B132,3,e_bloodless_men,history/titles/vassal_titles_e_bloodless_men.txt,,tribal_government,empire,e_bloodless_men,low
8170.12.11,gen_731,bloodless_man,d_R104G124B189,2,e_bloodless_men,history/titles/vassal_titles_e_bloodless_men.txt,,tribal_government,empire,e_bloodless_men,low
8170.12.11,gen_732,bloodless_man,e_bloodless_men,4,e_bloodless_men,history/titles/hist_titles.txt,,tribal_government,empire,e_bloodless_men,low
8170.12.11,gen_792,qaleen,e_cannibal_sands,4,e_cannibal_sands,history/titles/hist_titles.txt,,tribal_government,empire,e_cannibal_sands,low
8170.12.11,gen_850,kayakayanayan,d_R1G86B152,2,e_hidden_sea,history/titles/vassal_titles_e_hidden_sea.txt,,clan_government,empire,e_hidden_sea,medium
8170.12.11,gen_851,kayakayanayan,d_R32G145B229,2,e_hidden_sea,history/titles/vassal_titles_e_hidden_sea.txt,,clan_government,empire,e_hidden_sea,medium
8170.12.11,gen_852,kayakayanayan,e_hidden_sea,4,e_hidden_sea,history/titles/hist_titles.txt,,clan_government,empire,e_hidden_sea,medium
8170.12.11,gen_909,ibbatese,d_R108G223B204,2,e_ibben,history/titles/vassal_titles_e_ibben.txt,,oligarchic_government,empire,e_ibben,high
8170.12.11,gen_910,ibbatese,d_R1G118B42,2,e_ibben,history/titles/vassal_titles_e_ibben.txt,,oligarchic_government,empire,e_ibben,high
8170.12.11,gen_912,ibbatese,e_ibben,4,e_ibben,history/titles/hist_titles.txt,,oligarchic_government,empire,e_ibben,high
8170.12.11,gen_969,ifequevron,k_R99G48B179,3,e_ifequevron,history/titles/vassal_titles_e_ifequevron.txt,,tribal_government,empire,e_ifequevron,low
8170.12.11,gen_970,ifequevron,k_R74G160B176,3,e_ifequevron,history/titles/vassal_titles_e_ifequevron.txt,,tribal_government,empire,e_ifequevron,low
8170.12.11,gen_972,ifequevron,e_ifequevron,4,e_ifequevron,history/titles/hist_titles.txt,,tribal_government,empire,e_ifequevron,low
8171.1.1,12533914,asshaii,d_chalysa,2,,history/titles/lv_k_asshai.txt,,oligarchic_government,history_file,lv_k_asshai.txt,low
8171.1.1,Reznak_13,meereenese,c_khyzai_pass,1,,history/titles/lv_k_meereen.txt,,oligarchic_government,history_file,lv_k_meereen.txt,high
8171.1.1,Rhazdar_14,meereenese,c_nf_rhazdar,1,,history/titles/lv_nf_titles.txt,,oligarchic_government,history_file,lv_k_meereen.txt,high
8171.1.1,Zherzyn_14,yunkaii,c_nf_zherzyn,1,,history/titles/lv_nf_titles.txt,,oligarchic_government,history_file,lv_k_yunkai.txt,high
8172.1.1,Grazlar_14,astapori,c_horns_of_hazzat,1,,history/titles/lv_k_astapor.txt,,oligarchic_government,history_file,lv_k_astapor.txt,high
8172.1.1,Kirines_14,volantene,d_volon_therys,2,,history/titles/lv_k_volantis.txt,,administrative_government,history_file,lv_k_volantis.txt,high
8172.1.1,Nakloz_14,astapori,k_astapor,3,,history/titles/lv_k_astapor.txt,,oligarchic_government,history_file,lv_k_astapor.txt,high
8173.1.1,Nefatis_12,volantene,d_valon_sar,2,,history/titles/lv_k_volantis.txt,,administrative_government,history_file,lv_k_volantis.txt,high
8175.1.1,Adiur_12,asshaii,k_asshai,3,,history/titles/lv_k_asshai.txt,,oligarchic_government,history_file,lv_k_asshai.txt,low
8175.1.1,Kirines_15,volantene,d_volon_therys,2,,history/titles/lv_k_volantis.txt,,administrative_government,history_file,lv_k_volantis.txt,high
8175.1.1,Quazzar_14,meereenese,c_nf_quazzar,1,,history/titles/lv_nf_titles.txt,,oligarchic_government,history_file,lv_k_meereen.txt,high
8177.1.1,Ninmarki_15,shadowman,d_hattar,2,,history/titles/lv_k_asshai.txt,,tribal_government,culture,shadowman,low
8177.1.1,Yherizan_14,meereenese,c_green_gate,1,,history/titles/lv_k_meereen.txt,,oligarchic_government,history_file,lv_k_meereen.txt,high
8179.1.1,102169152,ghaeni,c_atruskai,1,,history/titles/lv_k_ghiscar.txt,,oligarchic_government,history_file,lv_k_ghiscar.txt,medium
8179.1.1,122360025,ghaeni,k_new_ghis,3,,history/titles/lv_k_ghiscar.txt,,oligarchic_government,history_file,lv_k_ghiscar.txt,medium
8179.1.1,Dhogarys_13,volantene,c_honors_port,1,,history/titles/lv_k_volantis.txt,,administrative_government,history_file,lv_k_volantis.txt,high
8179.1.1,Galare_14,meereenese,c_galare_pyramid,1,,history/titles/lv_k_meereen.txt,,oligarchic_government,history_file,lv_k_meereen.txt,high
8179.1.1,Loraq_14,meereenese,k_meereen,3,,history/titles/lv_k_meereen.txt,,oligarchic_government,history_file,lv_k_meereen.txt,high
8179.1.1,Rebagyr_13,mantaryan,c_demon_pass,1,,history/titles/lv_k_north_valyria.txt,,oligarchic_government,history_file,lv_k_north_valyria.txt,medium
8179.1.1,Rulloros_17,volantene,d_valysar,2,,history/titles/lv_k_volantis.txt,,administrative_government,history_file,lv_k_volantis.txt,high
8179.1.2,Ennyrion_lv_14,gogossite,c_maggot_shore,1,,history/titles/lv_k_the_basilisk_isles.txt,,pirate_no_dlc_government,history_file,lv_k_the_basilisk_isles.txt,high
8179.2.7,Benaris_lv_13,gogossite,c_death_isle,1,,history/titles/lv_k_the_basilisk_isles.txt,,pirate_no_dlc_government,history_file,lv_k_the_basilisk_isles.txt,high
8179.2.7,Enreos_lv_13,gogossite,c_scoundrels_point,1,,history/titles/lv_k_the_basilisk_isles.txt,,pirate_no_dlc_government,history_file,lv_k_the_basilisk_isles.txt,high
8179.2.7,Hendry_lv_13,valyrian_original,c_wraiths_rest,1,,history/titles/lv_k_the_basilisk_isles.txt,,pirate_no_dlc_government,history_file,lv_k_the_basilisk_isles.txt,high
8179.2.7,Nahion_lv_13,gogossite,c_isle_of_vines,1,,history/titles/lv_k_the_basilisk_isles.txt,,pirate_no_dlc_government,history_file,lv_k_the_basilisk_isles.txt,high
8179.2.7,Zaldrizyen_lv_13,gogossite,c_strait_of_skulls,1,,history/titles/lv_k_the_basilisk_isles.txt,,pirate_no_dlc_government,history_file,lv_k_the_basilisk_isles.txt,high
8181.1.1,101769149,ghaeni,c_ghaen,1,,history/titles/lv_k_ghiscar.txt,,oligarchic_government,history_file,lv_k_ghiscar.txt,medium
8181.1.1,Lodaorys_13,mantaryan,c_painted_valleys,1,,history/titles/lv_k_north_valyria.txt,,oligarchic_government,history_file,lv_k_north_valyria.txt,medium
8182.1.1,LV_Merreq_15,meereenese,c_merreq_pyramid,1,,history/titles/lv_k_meereen.txt,,oligarchic_government,history_file,lv_k_meereen.txt,high
8183.1.1,Ninmarki_16,shadowman,d_hattar,2,,history/titles/lv_k_asshai.txt,,tribal_government,culture,shadowman,low
8183.7.4,Paenohrin_lv_14,gogossite,c_the_handle,1,,history/titles/lv_k_the_basilisk_isles.txt,,pirate_no_dlc_government,history_file,lv_k_the_basilisk_isles.txt,high
8184.1.1,Dhazak_15,meereenese,c_dhazak_pyramid,1,,history/titles/lv_k_meereen.txt,,oligarchic_government,history_file,lv_k_meereen.txt,high
8184.1.1,Rannovar_13,volantene,d_dreos,2,,history/titles/lv_k_volantis.txt,,administrative_government,history_file,lv_k_volantis.txt,high
8185.1.1,Yherizan_15,meereenese,c_green_gate,1,,history/titles/lv_k_meereen.txt,,oligarchic_government,history_file,lv_k_meereen.txt,high
8186.1.1,Pahl_13,meereenese,c_demon_road,1,,history/titles/lv_k_meereen.txt,,oligarchic_government,history_file,lv_k_meereen.txt,high
8186.1.1,Rhaezn_13,yunkaii,c_nf_rhaezn,1,,history/titles/lv_nf_titles.txt,,oligarchic_government,history_file,lv_k_yunkai.txt,high
8187.1.1,Maegyr_20,essosi_valyrian,d_little_valyria,2,,history/titles/lv_k_volantis.txt,,administrative_government,history_file,lv_k_volantis.txt,high
8187.1.1,Oliviriana_14,volantene,c_laboros,1,,history/titles/lv_k_volantis.txt,,administrative_government,history_file,lv_k_volantis.txt,high
8187.1.1,Qaggaz_13,yunkaii,k_yunkai,3,,history/titles/lv_k_yunkai.txt,,oligarchic_government,history_file,lv_k_yunkai.txt,high
8187.1.1,Staegone_14,essosi_valyrian,d_nf_staegone,2,,history/titles/lv_nf_titles.txt,,administrative_government,history_file,lv_k_volantis.txt,high
8187.1.1,Yunzak_14,yunkaii,c_nf_yunzak,1,,history/titles/lv_nf_titles.txt,,oligarchic_government,history_file,lv_k_yunkai.txt,high
8188.1.1,12633911,asshaii,d_the_saffron_lands,2,,history/titles/lv_k_asshai.txt,,oligarchic_government,history_file,lv_k_asshai.txt,low
8188.1.1,Eraz_16,yunkaii,c_maelk,1,,history/titles/lv_k_yunkai.txt,,oligarchic_government,history_file,lv_k_yunkai.txt,high
8188.1.1,Naqqan_14,meereenese,c_naqqan_pyramid,1,,history/titles/lv_k_meereen.txt,,oligarchic_government,history_file,lv_k_meereen.txt,high
8188.1.1,Qheadar_17,essosi_valyrian,d_nf_qhaedar,2,,history/titles/lv_nf_titles.txt,,administrative_government,history_file,lv_k_volantis.txt,high
8189.1.1,Ahlaq_15,yunkaii,c_nf_ahlaq,1,,history/titles/lv_nf_titles.txt,,oligarchic_government,history_file,lv_k_yunkai.txt,high
8189.1.1,Hazkar_15,meereenese,c_hazkar_pyramid,1,,history/titles/lv_k_meereen.txt,,oligarchic_government,history_file,lv_k_meereen.txt,high
8189.1.1,Kizwe_lv_6,naathi,c_isle_of_lice,1,,history/titles/lv_k_the_basilisk_isles.txt,,pirate_no_dlc_government,history_file,lv_k_the_basilisk_isles.txt,high
8189.1.1,Salukho_lv_6,jhalai,c_isle_of_flies,1,,history/titles/lv_k_the_basilisk_isles.txt,,pirate_no_dlc_government,history_file,lv_k_the_basilisk_isles.txt,high
8189.1.1,Zagazn_lv_6,zamettari,c_skull_island,1,,history/titles/lv_k_the_basilisk_isles.txt,,pirate_no_dlc_government,history_file,lv_k_the_basilisk_isles.txt,high
8190.1.1,Azantone_15,tolosi,d_tolos,2,,history/titles/lv_k_north_valyria.txt,,oligarchic_government,history_file,lv_k_north_valyria.txt,medium
8190.1.1,Isnardo_14,volantene,c_ar_mynar,1,,history/titles/lv_k_volantis.txt,,administrative_government,history_file,lv_k_volantis.txt,high
8190.1.1,Mazlaq_14,astapori,c_ghiscar_point,1,,history/titles/lv_k_astapor.txt,,oligarchic_government,history_file,lv_k_astapor.txt,high
8190.1.1,Nefatis_13,volantene,d_valon_sar,2,,history/titles/lv_k_volantis.txt,,administrative_government,history_file,lv_k_volantis.txt,high
8190.1.1,Rhazdar_15,meereenese,c_nf_rhazdar,1,,history/titles/lv_nf_titles.txt,,oligarchic_government,history_file,lv_k_meereen.txt,high
8190.1.1,Volnyros_17,volantene,c_selhorys,1,,history/titles/lv_k_volantis.txt,,administrative_government,history_file,lv_k_volantis.txt,high
8190.1.1,Zobridar_16,mantaryan,d_mantarys,2,,history/titles/lv_k_north_valyria.txt,,oligarchic_government,history_file,lv_k_north_valyria.txt,medium
8190.1.18,Vhassorlan_lv_12,gogossite,c_talon,1,,history/titles/lv_k_the_basilisk_isles.txt,,pirate_no_dlc_government,history_file,lv_k_the_basilisk_isles.txt,high
8191.1.1,Quazzar_15,meereenese,c_nf_quazzar,1,,history/titles/lv_nf_titles.txt,,oligarchic_government,history_file,lv_k_meereen.txt,high
8191.1.1,Vhassar_16,essosi_valyrian,d_nf_vhassar,2,,history/titles/lv_nf_titles.txt,,administrative_government,history_file,lv_k_volantis.txt,high
8192.1.1,Stogarys_15,volantene,c_mavlys,1,,history/titles/lv_k_volantis.txt,,administrative_government,history_file,lv_k_volantis.txt,high
8193.1.1,Dosh_Khaleen_12,dothraki,d_dosh_khaleen,2,,history/titles/lv_dothraki.txt,,theocracy_government,title,d_dosh_khaleen,high
8194.1.1,128600219,dothraki,k_khalasar_painted_mountains,3,,history/titles/lv_k_volantis.txt,,nomad_government,culture,dothraki,high
8195.1.1,Nogarys_14,essosi_valyrian,d_nf_nogarys,2,,history/titles/lv_nf_titles.txt,,administrative_government,history_file,lv_k_volantis.txt,high
8195.1.1,Rebagyr_14,mantaryan,c_demon_pass,1,,history/titles/lv_k_north_valyria.txt,,oligarchic_government,history_file,lv_k_north_valyria.txt,medium
8195.1.1,Vhassar_17,essosi_valyrian,d_nf_vhassar,2,,history/titles/lv_nf_titles.txt,,administrative_government,history_file,lv_k_volantis.txt,high
8196.1.1,Marsiglio_13,volantene,c_anyria,1,,history/titles/lv_k_volantis.txt,,administrative_government,history_file,lv_k_volantis.txt,high
8196.1.1,Ullhor_13,astapori,c_dhozai,1,,history/titles/lv_k_astapor.txt,,oligarchic_government,history_file,lv_k_astapor.txt,high
8197.1.1,Dhogarys_14,volantene,c_honors_port,1,,history/titles/lv_k_volantis.txt,,administrative_government,history_file,lv_k_volantis.txt,high
8198.1.1,Ghazeen_17,meereenese,c_ghazeen_pyramid,1,,history/titles/lv_k_meereen.txt,,oligarchic_government,history_file,lv_k_meereen.txt,high
8198.1.1,Lomberys_14,volantene,c_plains_of_maegys,1,,history/titles/lv_k_volantis.txt,,administrative_government,history_file,lv_k_volantis.txt,high
8198.1.1,Paenymion_19,essosi_valyrian,d_nf_paenymion,2,,history/titles/lv_nf_titles.txt,,administrative_government,history_file,lv_k_volantis.txt,high
8199.1.1,131600219,dothraki,k_khalasar_painted_mountains,3,,history/titles/lv_k_volantis.txt,,nomad_government,culture,dothraki,high
8199.1.1,Nefatis_14,volantene,d_valon_sar,2,,history/titles/lv_k_volantis.txt,,administrative_government,history_file,lv_k_volantis.txt,high
8199.8.7,Benaris_lv_14,gogossite,c_death_isle,1,,history/titles/lv_k_the_basilisk_isles.txt,,pirate_no_dlc_government,history_file,lv_k_the_basilisk_isles.txt,high
8199.8.7,Enreos_lv_14,gogossite,c_scoundrels_point,1,,history/titles/lv_k_the_basilisk_isles.txt,,pirate_no_dlc_government,history_file,lv_k_the_basilisk_isles.txt,high
8199.8.7,Hendry_lv_14,valyrian_original,c_wraiths_rest,1,,history/titles/lv_k_the_basilisk_isles.txt,,pirate_no_dlc_government,history_file,lv_k_the_basilisk_isles.txt,high
8199.8.7,Nahion_lv_14,gogossite,c_isle_of_vines,1,,history/titles/lv_k_the_basilisk_isles.txt,,pirate_no_dlc_government,history_file,lv_k_the_basilisk_isles.txt,high
8199.8.7,Zaldrizyen_lv_14,gogossite,c_strait_of_skulls,1,,history/titles/lv_k_the_basilisk_isles.txt,,pirate_no_dlc_government,history_file,lv_k_the_basilisk_isles.txt,high
8199.8.11,Ennyrion_lv_15,gogossite,c_maggot_shore,1,,history/titles/lv_k_the_basilisk_isles.txt,,pirate_no_dlc_government,history_file,lv_k_the_basilisk_isles.txt,high
8200.1.1,12833911,asshaii,d_the_saffron_lands,2,,history/titles/lv_k_asshai.txt,,oligarchic_government,history_file,lv_k_asshai.txt,low
8200.1.1,Barlaeris_10,mantaryan,c_elarion,1,,history/titles/lv_k_north_valyria.txt,,oligarchic_government,history_file,lv_k_north_valyria.txt,medium
8200.1.1,Galare_15,meereenese,c_galare_pyramid,1,,history/titles/lv_k_meereen.txt,,oligarchic_government,history_file,lv_k_meereen.txt,high
8200.1.1,Myraq_14,yunkaii,k_yunkai,3,,history/titles/lv_k_yunkai.txt,,oligarchic_government,history_file,lv_k_yunkai.txt,high
8200.1.1,Qaggaz_14,yunkaii,c_kaldeen,1,,history/titles/lv_k_yunkai.txt,,oligarchic_government,history_file,lv_k_yunkai.txt,high
8200.1.1,Rhaezn_14,yunkaii,c_nf_rhaezn,1,,history/titles/lv_nf_titles.txt,,oligarchic_government,history_file,lv_k_yunkai.txt,high
8200.1.1,Szarr_11,mantaryan,c_elyndor,1,,history/titles/lv_k_north_valyria.txt,,oligarchic_government,history_file,lv_k_north_valyria.txt,medium
8201.1.1,101869148,ghaeni,c_baked_shore,1,,history/titles/lv_k_ghiscar.txt,,oligarchic_government,history_file,lv_k_ghiscar.txt,medium
8201.1.1,101969149,ghaeni,c_ghaen,1,,history/titles/lv_k_ghiscar.txt,,oligarchic_government,history_file,lv_k_ghiscar.txt,medium
8201.1.1,Hazkar_16,meereenese,c_hazkar_pyramid,1,,history/titles/lv_k_meereen.txt,,oligarchic_government,history_file,lv_k_meereen.txt,high
8201.1.1,Kandaq_13,meereenese,c_kandaq_pyramid,1,,history/titles/lv_k_meereen.txt,,oligarchic_government,history_file,lv_k_meereen.txt,high
8201.1.1,Oliviriana_15,volantene,c_laboros,1,,history/titles/lv_k_volantis.txt,,administrative_government,history_file,lv_k_volantis.txt,high
8201.1.1,RHLLOR_11,volantene,d_the_red_priesthood,2,,history/titles/lv_k_the_red_priesthood.txt,,theocracy_government,history_file,lv_k_the_red_priesthood.txt,high
8201.7.10,Paenohrin_lv_15,gogossite,c_the_handle,1,,history/titles/lv_k_the_basilisk_isles.txt,,pirate_no_dlc_government,history_file,lv_k_the_basilisk_isles.txt,high
8202.1.1,Grazlar_15,astapori,c_horns_of_hazzat,1,,history/titles/lv_k_astapor.txt,,oligarchic_government,history_file,lv_k_astapor.txt,high
8202.1.1,LV_Merreq_16,meereenese,c_merreq_pyramid,1,,history/titles/lv_k_meereen.txt,,oligarchic_government,history_file,lv_k_meereen.txt,high
8202.1.1,Lomberys_15,volantene,c_plains_of_maegys,1,,history/titles/lv_k_volantis.txt,,administrative_government,history_file,lv_k_volantis.txt,high
8202.1.1,Yherizan_16,meereenese,c_green_gate,1,,history/titles/lv_k_meereen.txt,,oligarchic_government,history_file,lv_k_meereen.txt,high
8203.1.1,LV_Votar_16,essosi_valyrian,d_nf_votar,2,,history/titles/lv_nf_titles.txt,,administrative_government,history_file,lv_k_volantis.txt,high
8203.1.1,Maegyr_21,essosi_valyrian,d_little_valyria,2,,history/titles/lv_k_volantis.txt,,administrative_government,history_file,lv_k_volantis.txt,high
8203.1.1,Naqqan_15,meereenese,c_naqqan_pyramid,1,,history/titles/lv_k_meereen.txt,,oligarchic_government,history_file,lv_k_meereen.txt,high
8203.1.1,Ninmarki_17,shadowman,d_hattar,2,,history/titles/lv_k_asshai.txt,,tribal_government,culture,shadowman,low
8203.1.1,Qaggaz_15,yunkaii,c_kaldeen,1,,history/titles/lv_k_yunkai.txt,,oligarchic_government,history_file,lv_k_yunkai.txt,high
8203.1.1,Qheadar_17,essosi_valyrian,k_volantis,3,,history/titles/lv_k_volantis.txt,,administrative_government,history_file,lv_k_volantis.txt,high
8203.1.1,Rannovar_14,volantene,d_dreos,2,,history/titles/lv_k_volantis.txt,,administrative_government,history_file,lv_k_volantis.txt,high
8203.1.1,Vaelaros_15,essosi_valyrian,d_nf_vaelaros,2,,history/titles/lv_nf_titles.txt,,administrative_government,history_file,lv_k_volantis.txt,high
8203.7.8,Vhassorlan_lv_13,gogossite,c_talon,1,,history/titles/lv_k_the_basilisk_isles.txt,,pirate_no_dlc_government,history_file,lv_k_the_basilisk_isles.txt,high
8204.1.1,Ilvar_16,elyrian,c_elyria,1,,history/titles/lv_k_north_valyria.txt,,oligarchic_government,history_file,lv_k_north_valyria.txt,medium
8204.1.1,Reznak_14,meereenese,c_khyzai_pass,1,,history/titles/lv_k_meereen.txt,,oligarchic_government,history_file,lv_k_meereen.txt,high
8205.1.1,Grazdhan_14,astapori,c_gadhis,1,,history/titles/lv_k_astapor.txt,,oligarchic_government,history_file,lv_k_astapor.txt,high
8205.1.1,Pendaeron_10,mantaryan,c_treylys,1,,history/titles/lv_k_north_valyria.txt,,oligarchic_government,history_file,lv_k_north_valyria.txt,medium
8206.1.1,Marsiglio_14,volantene,c_anyria,1,,history/titles/lv_k_volantis.txt,,administrative_government,history_file,lv_k_volantis.txt,high
8206.1.1,Mazemagyr_15,tolosi,c_black_cliffs,1,,history/titles/lv_k_north_valyria.txt,,oligarchic_government,history_file,lv_k_north_valyria.txt,medium
8208.1.1,Grazlar_16,astapori,c_horns_of_hazzat,1,,history/titles/lv_k_astapor.txt,,oligarchic_government,history_file,lv_k_astapor.txt,high
8209.1.1,Lomberys_16,volantene,c_plains_of_maegys,1,,history/titles/lv_k_volantis.txt,,administrative_government,history_file,lv_k_volantis.txt,high
8209.1.1,Quazzar_16,meereenese,c_nf_quazzar,1,,history/titles/lv_nf_titles.txt,,oligarchic_government,history_file,lv_k_meereen.txt,high
8209.2.1,eetlv_cs_10_6,eetlv_sand_ghoul,d_R220G226B155,2,e_cannibal_sands,history/titles/vassal_titles_e_cannibal_sands.txt,,tribal_government,empire,e_cannibal_sands,low
8209.2.1,eetlv_cs_11_6,eetlv_sand_ghoul,d_R28G169B63,2,e_cannibal_sands,history/titles/vassal_titles_e_cannibal_sands.txt,,tribal_government,empire,e_cannibal_sands,low
8209.2.1,eetlv_cs_12_6,eetlv_sand_ghoul,d_R81G64B118,2,e_cannibal_sands,history/titles/vassal_titles_e_cannibal_sands.txt,,tribal_government,empire,e_cannibal_sands,low
8209.2.1,eetlv_cs_13_6,eetlv_sand_ghoul,d_R238G6B173,2,e_cannibal_sands,history/titles/vassal_titles_e_cannibal_sands.txt,,tribal_government,empire,e_cannibal_sands,low
8209.2.1,eetlv_cs_14_6,eetlv_sand_ghoul,d_R42G145B84,2,e_cannibal_sands,history/titles/vassal_titles_e_cannibal_sands.txt,,tribal_government,empire,e_cannibal_sands,low
8209.2.1,eetlv_cs_1_6,eetlv_sand_ghoul,e_cannibal_sands,4,e_cannibal_sands,history/titles/vassal_titles_e_cannibal_sands.txt,,tribal_government,empire,e_cannibal_sands,low
8209.2.1,eetlv_cs_2_6,eetlv_sand_ghoul,d_R111G75B187,2,e_cannibal_sands,history/titles/vassal_titles_e_cannibal_sands.txt,,tribal_government,empire,e_cannibal_sands,low
8209.2.1,eetlv_cs_3_6,eetlv_sand_ghoul,d_R240G127B159,2,e_cannibal_sands,history/titles/vassal_titles_e_cannibal_sands.txt,,tribal_government,empire,e_cannibal_sands,low
8209.2.1,eetlv_cs_4_6,eetlv_sand_ghoul,d_R41G226B41,2,e_cannibal_sands,history/titles/vassal_titles_e_cannibal_sands.txt,,tribal_government,empire,e_cannibal_sands,low
8209.2.1,eetlv_cs_5_6,eetlv_sand_ghoul,d_R193G60B253,2,e_cannibal_sands,history/titles/vassal_titles_e_cannibal_sands.txt,,tribal_government,empire,e_cannibal_sands,low
8209.2.1,eetlv_cs_6_6,eetlv_sand_ghoul,d_R222G151B16,2,e_cannibal_sands,history/titles/vassal_titles_e_cannibal_sands.txt,,tribal_government,empire,e_cannibal_sands,low
8209.2.1,eetlv_cs_7_6,eetlv_sand_ghoul,d_R45G162B231,2,e_cannibal_sands,history/titles/vassal_titles_e_cannibal_sands.txt,,tribal_government,empire,e_cannibal_sands,low
8209.2.1,eetlv_cs_8_6,eetlv_sand_ghoul,d_R70G73B87,2,e_cannibal_sands,history/titles/vassal_titles_e_cannibal_sands.txt,,tribal_government,empire,e_cannibal_sands,low
8209.2.1,eetlv_cs_9_6,eetlv_sand_ghoul,d_R232G202B38,2,e_cannibal_sands,history/titles/vassal_titles_e_cannibal_sands.txt,,tribal_government,empire,e_cannibal_sands,low
8209.2.1,gen_1038,farosi,e_lesser_moraq,4,e_lesser_moraq,history/titles/hist_titles.txt,,feudal_government,empire,e_lesser_moraq,low
8209.2.1,gen_1154,mossovite,d_R107G171B160,2,e_mossovy,history/titles/vassal_titles_e_mossovy.txt,,tribal_government,empire,e_mossovy,low
8209.2.1,gen_1158,mossovite,e_mossovy,4,e_mossovy,history/titles/hist_titles.txt,,tribal_government,empire,e_mossovy,low
8209.2.1,gen_1218,naathi,e_naath,4,e_naath,history/titles/hist_titles.txt,,tribal_government,empire,e_naath,medium
8209.2.1,gen_1273,norvoshi,d_R87G54B134,2,e_norvos,history/titles/vassal_titles_e_norvos.txt,,theocracy_government,empire,e_norvos,high
8209.2.1,gen_1274,norvoshi,d_R53G162B46,2,e_norvos,history/titles/vassal_titles_e_norvos.txt,,theocracy_government,empire,e_norvos,high
8209.2.1,gen_1278,norvoshi,e_norvos,4,e_norvos,history/titles/hist_titles.txt,,theocracy_government,empire,e_norvos,high
8209.2.1,gen_1333,omberi,d_R20G128B134,2,e_omber,history/titles/vassal_titles_e_omber.txt,,feudal_government,empire,e_omber,medium
8209.2.1,gen_1338,omberi,e_omber,4,e_omber,history/titles/hist_titles.txt,,feudal_government,empire,e_omber,medium
8209.2.1,gen_1393,qohorik,d_R101G68B31,2,e_qohor,history/titles/vassal_titles_e_qohor.txt,,administrative_government,empire,e_qohor,medium
8209.2.1,gen_1394,qohorik,d_R71G9B105,2,e_qohor,history/titles/vassal_titles_e_qohor.txt,,administrative_government,empire,e_qohor,medium
8209.2.1,gen_1398,qohorik,e_qohor,4,e_qohor,history/titles/hist_titles.txt,,administrative_government,empire,e_qohor,medium
8209.2.1,gen_1454,tagaez_fen,d_R113G237B226,2,e_sarnor,history/titles/vassal_titles_e_sarnor.txt,,feudal_government,empire,e_sarnor,high
8209.2.1,gen_1458,tagaez_fen,e_sarnor,4,e_sarnor,history/titles/hist_titles.txt,,feudal_government,empire,e_sarnor,high
8209.2.1,gen_1513,gogossite,d_R198G233B16,2,e_sothoryos,history/titles/vassal_titles_e_sothoryos.txt,,tribal_government,empire,e_sothoryos,medium
8209.2.1,gen_1518,gogossite,e_sothoryos,4,e_sothoryos,history/titles/hist_titles.txt,,tribal_government,empire,e_sothoryos,medium
8209.2.1,gen_1573,jhalai,d_R103G163B139,2,e_summer_isles,history/titles/vassal_titles_e_summer_isles.txt,,feudal_government,empire,e_summer_isles,medium
8209.2.1,gen_1574,jhalai,d_R205G235B19,2,e_summer_isles,history/titles/vassal_titles_e_summer_isles.txt,,feudal_government,empire,e_summer_isles,medium
8209.2.1,gen_1578,jhalai,e_summer_isles,4,e_summer_isles,history/titles/hist_titles.txt,,feudal_government,empire,e_summer_isles,medium
8209.2.1,gen_1633,manticorian,d_R48G26B112,2,e_thousand_islands,history/titles/vassal_titles_e_thousand_islands.txt,,tribal_government,empire,e_thousand_islands,medium
8209.2.1,gen_1634,manticorian,d_R67G144B34,2,e_thousand_islands,history/titles/vassal_titles_e_thousand_islands.txt,,tribal_government,empire,e_thousand_islands,medium
8209.2.1,gen_1638,manticorian,e_thousand_islands,4,e_thousand_islands,history/titles/hist_titles.txt,,tribal_government,empire,e_thousand_islands,medium
8209.2.1,gen_1698,shadowman,e_ulthos,4,e_ulthos,history/titles/hist_titles.txt,,tribal_government,culture,shadowman,low
8209.2.1,gen_1753,dothraki,d_R134G104B125,2,e_upper_sarne_dothraki,history/titles/vassal_titles_e_upper_sarne_dothraki.txt,,nomad_government,culture,dothraki,high
8209.2.1,gen_1754,dothraki,k_R168G94B91,3,e_upper_sarne_dothraki,history/titles/vassal_titles_e_upper_sarne_dothraki.txt,,nomad_government,culture,dothraki,high
8209.2.1,gen_1758,dothraki,e_upper_sarne_dothraki,4,e_upper_sarne_dothraki,history/titles/hist_titles.txt,,nomad_government,culture,dothraki,high
8209.2.1,gen_1813,dothraki,k_R139G90B4,3,e_lower_sarne_dothraki,history/titles/vassal_titles_e_lower_sarne_dothraki.txt,,nomad_government,culture,dothraki,high
8209.2.1,gen_1814,dothraki,k_R35G68B68,3,e_lower_sarne_dothraki,history/titles/vassal_titles_e_lower_sarne_dothraki.txt,,nomad_government,culture,dothraki,high
8209.2.1,gen_1818,dothraki,e_lower_sarne_dothraki,4,e_lower_sarne_dothraki,history/titles/hist_titles.txt,,nomad_government,culture,dothraki,high
8209.2.1,gen_1873,dothraki,k_R209G123B86,3,e_great_grass_sea_dothraki,history/titles/vassal_titles_e_great_grass_sea_dothraki.txt,,nomad_government,culture,dothraki,high
8209.2.1,gen_1874,dothraki,d_R102G182B233,2,e_great_grass_sea_dothraki,history/titles/vassal_titles_e_great_grass_sea_dothraki.txt,,nomad_government,culture,dothraki,high
8209.2.1,gen_1878,dothraki,e_great_grass_sea_dothraki,4,e_great_grass_sea_dothraki,history/titles/hist_titles.txt,,nomad_government,culture,dothraki,high
8209.2.1,gen_1933,dothraki,k_R156G124B52,3,e_bone_mountain_dothraki,history/titles/vassal_titles_e_bone_mountain_dothraki.txt,,nomad_government,culture,dothraki,high
8209.2.1,gen_1934,dothraki,k_R231G165B51,3,e_bone_mountain_dothraki,history/titles/vassal_titles_e_bone_mountain_dothraki.txt,,nomad_government,culture,dothraki,high
8209.2.1,gen_1938,dothraki,e_bone_mountain_dothraki,4,e_bone_mountain_dothraki,history/titles/hist_titles.txt,,nomad_government,culture,dothraki,high
8209.2.1,gen_1993,lhazareen,k_R215G70B208,3,e_lhazar,history/titles/vassal_titles_e_lhazar.txt,,clan_government,empire,e_lhazar,medium
8209.2.1,gen_1994,lhazareen,d_R111G255B221,2,e_lhazar,history/titles/vassal_titles_e_lhazar.txt,,clan_government,empire,e_lhazar,medium
8209.2.1,gen_1998,lhazareen,e_lhazar,4,e_lhazar,history/titles/hist_titles.txt,,clan_government,empire,e_lhazar,medium
8209.2.1,gen_2053,qartheen,k_R154G58B31,3,e_qarth,history/titles/vassal_titles_e_qarth.txt,,oligarchic_government,empire,e_qarth,high
8209.2.1,gen_2054,qartheen,k_R27G181B254,3,e_qarth,history/titles/vassal_titles_e_qarth.txt,,oligarchic_government,empire,e_qarth,high
8209.2.1,gen_2058,qartheen,e_qarth,4,e_qarth,history/titles/hist_titles.txt,,oligarchic_government,empire,e_qarth,high
8209.2.1,gen_2113,feicui_ren,k_R109G14B184,3,e_golden_yi_ti,history/titles/vassal_titles_e_golden_yi_ti.txt,,meritocratic_government,empire,e_golden_yi_ti,high
8209.2.1,gen_2114,feicui_ren,k_R120G189B251,3,e_golden_yi_ti,history/titles/vassal_titles_e_golden_yi_ti.txt,,meritocratic_government,empire,e_golden_yi_ti,high
8209.2.1,gen_2118,feicui_ren,e_golden_yi_ti,4,e_golden_yi_ti,history/titles/hist_titles.txt,,celestial_government,empire,e_golden_yi_ti,high
8209.2.1,gen_2173,jogos_nhai,k_R146G211B104,3,e_jogos_nhai,history/titles/vassal_titles_e_jogos_nhai.txt,,nomad_government,culture,jogos_nhai,high
8209.2.1,gen_2174,jogos_nhai,k_R12G166B33,3,e_jogos_nhai,history/titles/vassal_titles_e_jogos_nhai.txt,,nomad_government,culture,jogos_nhai,high
8209.2.1,gen_2178,jogos_nhai,e_jogos_nhai,4,e_jogos_nhai,history/titles/hist_titles.txt,,nomad_government,culture,jogos_nhai,high
8209.2.1,gen_2238,vahari,e_great_moraq,4,e_great_moraq,history/titles/hist_titles.txt,,feudal_government,empire,e_great_moraq,low
8209.2.1,gen_2293,lengii,d_R206G76B102,2,e_leng,history/titles/vassal_titles_e_leng.txt,,mandala_government,empire,e_leng,high
8209.2.1,gen_2298,lengii,e_leng,4,e_leng,history/titles/hist_titles.txt,,mandala_government,empire,e_leng,high
8209.2.1,gen_733,bloodless_man,k_R235G188B132,3,e_bloodless_men,history/titles/vassal_titles_e_bloodless_men.txt,,tribal_government,empire,e_bloodless_men,low
8209.2.1,gen_734,bloodless_man,d_R104G124B189,2,e_bloodless_men,history/titles/vassal_titles_e_bloodless_men.txt,,tribal_government,empire,e_bloodless_men,low
8209.2.1,gen_738,bloodless_man,e_bloodless_men,4,e_bloodless_men,history/titles/hist_titles.txt,,tribal_government,empire,e_bloodless_men,low
8209.2.1,gen_798,qaleen,e_cannibal_sands,4,e_cannibal_sands,history/titles/hist_titles.txt,,tribal_government,empire,e_cannibal_sands,low
8209.2.1,gen_853,kayakayanayan,d_R1G86B152,2,e_hidden_sea,history/titles/vassal_titles_e_hidden_sea.txt,,clan_government,empire,e_hidden_sea,medium
8209.2.1,gen_854,kayakayanayan,d_R32G145B229,2,e_hidden_sea,history/titles/vassal_titles_e_hidden_sea.txt,,clan_government,empire,e_hidden_sea,medium
8209.2.1,gen_858,kayakayanayan,e_hidden_sea,4,e_hidden_sea,history/titles/hist_titles.txt,,clan_government,empire,e_hidden_sea,medium
8209.2.1,gen_913,ibbatese,d_R108G223B204,2,e_ibben,history/titles/vassal_titles_e_ibben.txt,,oligarchic_government,empire,e_ibben,high
8209.2.1,gen_914,ibbatese,d_R1G118B42,2,e_ibben,history/titles/vassal_titles_e_ibben.txt,,oligarchic_government,empire,e_ibben,high
8209.2.1,gen_918,ibbatese,e_ibben,4,e_ibben,history/titles/hist_titles.txt,,oligarchic_government,empire,e_ibben,high
8209.2.1,gen_973,ifequevron,k_R99G48B179,3,e_ifequevron,history/titles/vassal_titles_e_ifequevron.txt,,tribal_government,empire,e_ifequevron,low
8209.2.1,gen_974,ifequevron,k_R74G160B176,3,e_ifequevron,history/titles/vassal_titles_e_ifequevron.txt,,tribal_government,empire,e_ifequevron,low
8209.2.1,gen_978,ifequevron,e_ifequevron,4,e_ifequevron,history/titles/hist_titles.txt,,tribal_government,empire,e_ifequevron,low
8210.1.1,Dhazak_16,meereenese,c_dhazak_pyramid,1,,history/titles/lv_k_meereen.txt,,oligarchic_government,history_file,lv_k_meereen.txt,high
8210.1.1,Kirines_16,volantene,d_volon_therys,2,,history/titles/lv_k_volantis.txt,,administrative_government,history_file,lv_k_volantis.txt,high
8211.1.1,Ahlaq_16,yunkaii,c_nf_ahlaq,1,,history/titles/lv_nf_titles.txt,,oligarchic_government,history_file,lv_k_yunkai.txt,high
8211.1.1,Ghazeen_18,meereenese,c_ghazeen_pyramid,1,,history/titles/lv_k_meereen.txt,,oligarchic_government,history_file,lv_k_meereen.txt,high
8211.2.4,Paenohrin_lv_16,gogossite,c_the_handle,1,,history/titles/lv_k_the_basilisk_isles.txt,,pirate_no_dlc_government,history_file,lv_k_the_basilisk_isles.txt,high
8211.3.1,eetlv_cs_10_7,eetlv_sand_ghoul,d_R220G226B155,2,e_cannibal_sands,history/titles/vassal_titles_e_cannibal_sands.txt,,tribal_government,empire,e_cannibal_sands,low
8211.3.1,eetlv_cs_11_7,eetlv_sand_ghoul,d_R28G169B63,2,e_cannibal_sands,history/titles/vassal_titles_e_cannibal_sands.txt,,tribal_government,empire,e_cannibal_sands,low
8211.3.1,eetlv_cs_12_7,eetlv_sand_ghoul,d_R81G64B118,2,e_cannibal_sands,history/titles/vassal_titles_e_cannibal_sands.txt,,tribal_government,empire,e_cannibal_sands,low
8211.3.1,eetlv_cs_13_7,eetlv_sand_ghoul,d_R238G6B173,2,e_cannibal_sands,history/titles/vassal_titles_e_cannibal_sands.txt,,tribal_government,empire,e_cannibal_sands,low
8211.3.1,eetlv_cs_14_7,eetlv_sand_ghoul,d_R42G145B84,2,e_cannibal_sands,history/titles/vassal_titles_e_cannibal_sands.txt,,tribal_government,empire,e_cannibal_sands,low
8211.3.1,eetlv_cs_1_7,eetlv_sand_ghoul,e_cannibal_sands,4,e_cannibal_sands,history/titles/vassal_titles_e_cannibal_sands.txt,,tribal_government,empire,e_cannibal_sands,low
8211.3.1,eetlv_cs_2_7,eetlv_sand_ghoul,d_R111G75B187,2,e_cannibal_sands,history/titles/vassal_titles_e_cannibal_sands.txt,,tribal_government,empire,e_cannibal_sands,low
8211.3.1,eetlv_cs_3_7,eetlv_sand_ghoul,d_R240G127B159,2,e_cannibal_sands,history/titles/vassal_titles_e_cannibal_sands.txt,,tribal_government,empire,e_cannibal_sands,low
8211.3.1,eetlv_cs_4_7,eetlv_sand_ghoul,d_R41G226B41,2,e_cannibal_sands,history/titles/vassal_titles_e_cannibal_sands.txt,,tribal_government,empire,e_cannibal_sands,low
8211.3.1,eetlv_cs_5_7,eetlv_sand_ghoul,d_R193G60B253,2,e_cannibal_sands,history/titles/vassal_titles_e_cannibal_sands.txt,,tribal_government,empire,e_cannibal_sands,low
8211.3.1,eetlv_cs_6_7,eetlv_sand_ghoul,d_R222G151B16,2,e_cannibal_sands,history/titles/vassal_titles_e_cannibal_sands.txt,,tribal_government,empire,e_cannibal_sands,low
8211.3.1,eetlv_cs_7_7,eetlv_sand_ghoul,d_R45G162B231,2,e_cannibal_sands,history/titles/vassal_titles_e_cannibal_sands.txt,,tribal_government,empire,e_cannibal_sands,low
8211.3.1,eetlv_cs_8_7,eetlv_sand_ghoul,d_R70G73B87,2,e_cannibal_sands,history/titles/vassal_titles_e_cannibal_sands.txt,,tribal_government,empire,e_cannibal_sands,low
8211.3.1,eetlv_cs_9_7,eetlv_sand_ghoul,d_R232G202B38,2,e_cannibal_sands,history/titles/vassal_titles_e_cannibal_sands.txt,,tribal_government,empire,e_cannibal_sands,low
8211.3.1,gen_1044,farosi,e_lesser_moraq,4,e_lesser_moraq,history/titles/hist_titles.txt,,feudal_government,empire,e_lesser_moraq,low
8211.3.1,gen_1154,mossovite,d_R107G171B160,2,e_mossovy,history/titles/vassal_titles_e_mossovy.txt,,tribal_government,empire,e_mossovy,low
8211.3.1,gen_1164,mossovite,e_mossovy,4,e_mossovy,history/titles/hist_titles.txt,,tribal_government,empire,e_mossovy,low
8211.3.1,gen_1224,naathi,e_naath,4,e_naath,history/titles/hist_titles.txt,,tribal_government,empire,e_naath,medium
8211.3.1,gen_1273,norvoshi,d_R87G54B134,2,e_norvos,history/titles/vassal_titles_e_norvos.txt,,theocracy_government,empire,e_norvos,high
8211.3.1,gen_1274,norvoshi,d_R53G162B46,2,e_norvos,history/titles/vassal_titles_e_norvos.txt,,theocracy_government,empire,e_norvos,high
8211.3.1,gen_1284,norvoshi,e_norvos,4,e_norvos,history/titles/hist_titles.txt,,theocracy_government,empire,e_norvos,high
8211.3.1,gen_1333,omberi,d_R20G128B134,2,e_omber,history/titles/vassal_titles_e_omber.txt,,feudal_government,empire,e_omber,medium
8211.3.1,gen_1344,omberi,e_omber,4,e_omber,history/titles/hist_titles.txt,,feudal_government,empire,e_omber,medium
8211.3.1,gen_1393,qohorik,d_R101G68B31,2,e_qohor,history/titles/vassal_titles_e_qohor.txt,,administrative_government,empire,e_qohor,medium
8211.3.1,gen_1394,qohorik,d_R71G9B105,2,e_qohor,history/titles/vassal_titles_e_qohor.txt,,administrative_government,empire,e_qohor,medium
8211.3.1,gen_1404,qohorik,e_qohor,4,e_qohor,history/titles/hist_titles.txt,,administrative_government,empire,e_qohor,medium
8211.3.1,gen_1454,tagaez_fen,d_R113G237B226,2,e_sarnor,history/titles/vassal_titles_e_sarnor.txt,,feudal_government,empire,e_sarnor,high
8211.3.1,gen_1464,tagaez_fen,e_sarnor,4,e_sarnor,history/titles/hist_titles.txt,,feudal_government,empire,e_sarnor,high
8211.3.1,gen_1513,gogossite,d_R198G233B16,2,e_sothoryos,history/titles/vassal_titles_e_sothoryos.txt,,tribal_government,empire,e_sothoryos,medium
8211.3.1,gen_1524,gogossite,e_sothoryos,4,e_sothoryos,history/titles/hist_titles.txt,,tribal_government,empire,e_sothoryos,medium
8211.3.1,gen_1574,jhalai,d_R103G163B139,2,e_summer_isles,history/titles/vassal_titles_e_summer_isles.txt,,feudal_government,empire,e_summer_isles,medium
8211.3.1,gen_1575,jhalai,d_R205G235B19,2,e_summer_isles,history/titles/vassal_titles_e_summer_isles.txt,,feudal_government,empire,e_summer_isles,medium
8211.3.1,gen_1584,jhalai,e_summer_isles,4,e_summer_isles,history/titles/hist_titles.txt,,feudal_government,empire,e_summer_isles,medium
8211.3.1,gen_1634,manticorian,d_R48G26B112,2,e_thousand_islands,history/titles/vassal_titles_e_thousand_islands.txt,,tribal_government,empire,e_thousand_islands,medium
8211.3.1,gen_1635,manticorian,d_R67G144B34,2,e_thousand_islands,history/titles/vassal_titles_e_thousand_islands.txt,,tribal_government,empire,e_thousand_islands,medium
8211.3.1,gen_1644,manticorian,e_thousand_islands,4,e_thousand_islands,history/titles/hist_titles.txt,,tribal_government,empire,e_thousand_islands,medium
8211.3.1,gen_1704,shadowman,e_ulthos,4,e_ulthos,history/titles/hist_titles.txt,,tribal_government,culture,shadowman,low
8211.3.1,gen_1753,dothraki,d_R134G104B125,2,e_upper_sarne_dothraki,history/titles/vassal_titles_e_upper_sarne_dothraki.txt,,nomad_government,culture,dothraki,high
8211.3.1,gen_1754,dothraki,k_R168G94B91,3,e_upper_sarne_dothraki,history/titles/vassal_titles_e_upper_sarne_dothraki.txt,,nomad_government,culture,dothraki,high
8211.3.1,gen_1764,dothraki,e_upper_sarne_dothraki,4,e_upper_sarne_dothraki,history/titles/hist_titles.txt,,nomad_government,culture,dothraki,high
8211.3.1,gen_1813,dothraki,k_R139G90B4,3,e_lower_sarne_dothraki,history/titles/vassal_titles_e_lower_sarne_dothraki.txt,,nomad_government,culture,dothraki,high
8211.3.1,gen_1814,dothraki,k_R35G68B68,3,e_lower_sarne_dothraki,history/titles/vassal_titles_e_lower_sarne_dothraki.txt,,nomad_government,culture,dothraki,high
8211.3.1,gen_1824,dothraki,e_lower_sarne_dothraki,4,e_lower_sarne_dothraki,history/titles/hist_titles.txt,,nomad_government,culture,dothraki,high
8211.3.1,gen_1873,dothraki,k_R209G123B86,3,e_great_grass_sea_dothraki,history/titles/vassal_titles_e_great_grass_sea_dothraki.txt,,nomad_government,culture,dothraki,high
8211.3.1,gen_1874,dothraki,d_R102G182B233,2,e_great_grass_sea_dothraki,history/titles/vassal_titles_e_great_grass_sea_dothraki.txt,,nomad_government,culture,dothraki,high
8211.3.1,gen_1884,dothraki,e_great_grass_sea_dothraki,4,e_great_grass_sea_dothraki,history/titles/hist_titles.txt,,nomad_government,culture,dothraki,high
8211.3.1,gen_1933,dothraki,k_R156G124B52,3,e_bone_mountain_dothraki,history/titles/vassal_titles_e_bone_mountain_dothraki.txt,,nomad_government,culture,dothraki,high
8211.3.1,gen_1934,dothraki,k_R231G165B51,3,e_bone_mountain_dothraki,history/titles/vassal_titles_e_bone_mountain_dothraki.txt,,nomad_government,culture,dothraki,high
8211.3.1,gen_1944,dothraki,e_bone_mountain_dothraki,4,e_bone_mountain_dothraki,history/titles/hist_titles.txt,,nomad_government,culture,dothraki,high
8211.3.1,gen_1993,lhazareen,k_R215G70B208,3,e_lhazar,history/titles/vassal_titles_e_lhazar.txt,,clan_government,empire,e_lhazar,medium
8211.3.1,gen_1994,lhazareen,d_R111G255B221,2,e_lhazar,history/titles/vassal_titles_e_lhazar.txt,,clan_government,empire,e_lhazar,medium
8211.3.1,gen_2004,lhazareen,e_lhazar,4,e_lhazar,history/titles/hist_titles.txt,,clan_government,empire,e_lhazar,medium
8211.3.1,gen_2053,qartheen,k_R154G58B31,3,e_qarth,history/titles/vassal_titles_e_qarth.txt,,oligarchic_government,empire,e_qarth,high
8211.3.1,gen_2054,qartheen,k_R27G181B254,3,e_qarth,history/titles/vassal_titles_e_qarth.txt,,oligarchic_government,empire,e_qarth,high
8211.3.1,gen_2064,qartheen,e_qarth,4,e_qarth,history/titles/hist_titles.txt,,oligarchic_government,empire,e_qarth,high
8211.3.1,gen_2113,feicui_ren,k_R109G14B184,3,e_golden_yi_ti,history/titles/vassal_titles_e_golden_yi_ti.txt,,meritocratic_government,empire,e_golden_yi_ti,high
8211.3.1,gen_2114,feicui_ren,k_R120G189B251,3,e_golden_yi_ti,history/titles/vassal_titles_e_golden_yi_ti.txt,,meritocratic_government,empire,e_golden_yi_ti,high
8211.3.1,gen_2124,feicui_ren,e_golden_yi_ti,4,e_golden_yi_ti,history/titles/hist_titles.txt,,celestial_government,empire,e_golden_yi_ti,high
8211.3.1,gen_2174,jogos_nhai,k_R146G211B104,3,e_jogos_nhai,history/titles/vassal_titles_e_jogos_nhai.txt,,nomad_government,culture,jogos_nhai,high
8211.3.1,gen_2175,jogos_nhai,k_R12G166B33,3,e_jogos_nhai,history/titles/vassal_titles_e_jogos_nhai.txt,,nomad_government,culture,jogos_nhai,high
8211.3.1,gen_2184,jogos_nhai,e_jogos_nhai,4,e_jogos_nhai,history/titles/hist_titles.txt,,nomad_government,culture,jogos_nhai,high
8211.3.1,gen_2244,vahari,e_great_moraq,4,e_great_moraq,history/titles/hist_titles.txt,,feudal_government,empire,e_great_moraq,low
8211.3.1,gen_2293,lengii,d_R206G76B102,2,e_leng,history/titles/vassal_titles_e_leng.txt,,mandala_government,empire,e_leng,high
8211.3.1,gen_2304,lengii,e_leng,4,e_leng,history/titles/hist_titles.txt,,mandala_government,empire,e_leng,high
8211.3.1,gen_733,bloodless_man,k_R235G188B132,3,e_bloodless_men,history/titles/vassal_titles_e_bloodless_men.txt,,tribal_government,empire,e_bloodless_men,low
8211.3.1,gen_734,bloodless_man,d_R104G124B189,2,e_bloodless_men,history/titles/vassal_titles_e_bloodless_men.txt,,tribal_government,empire,e_bloodless_men,low
8211.3.1,gen_744,bloodless_man,e_bloodless_men,4,e_bloodless_men,history/titles/hist_titles.txt,,tribal_government,empire,e_bloodless_men,low
8211.3.1,gen_804,qaleen,e_cannibal_sands,4,e_cannibal_sands,history/titles/hist_titles.txt,,tribal_government,empire,e_cannibal_sands,low
8211.3.1,gen_853,kayakayanayan,d_R1G86B152,2,e_hidden_sea,history/titles/vassal_titles_e_hidden_sea.txt,,clan_government,empire,e_hidden_sea,medium
8211.3.1,gen_854,kayakayanayan,d_R32G145B229,2,e_hidden_sea,history/titles/vassal_titles_e_hidden_sea.txt,,clan_government,empire,e_hidden_sea,medium
8211.3.1,gen_864,kayakayanayan,e_hidden_sea,4,e_hidden_sea,history/titles/hist_titles.txt,,clan_government,empire,e_hidden_sea,medium
8211.3.1,gen_913,ibbatese,d_R108G223B204,2,e_ibben,history/titles/vassal_titles_e_ibben.txt,,oligarchic_government,empire,e_ibben,high
8211.3.1,gen_914,ibbatese,d_R1G118B42,2,e_ibben,history/titles/vassal_titles_e_ibben.txt,,oligarchic_government,empire,e_ibben,high
8211.3.1,gen_924,ibbatese,e_ibben,4,e_ibben,history/titles/hist_titles.txt,,oligarchic_government,empire,e_ibben,high
8211.3.1,gen_974,ifequevron,k_R99G48B179,3,e_ifequevron,history/titles/vassal_titles_e_ifequevron.txt,,tribal_government,empire,e_ifequevron,low
8211.3.1,gen_975,ifequevron,k_R74G160B176,3,e_ifequevron,history/titles/vassal_titles_e_ifequevron.txt,,tribal_government,empire,e_ifequevron,low
8211.3.1,gen_984,ifequevron,e_ifequevron,4,e_ifequevron,history/titles/hist_titles.txt,,tribal_government,empire,e_ifequevron,low
8212.1.1,Bone_lv_5,jhalai,c_coast_of_sorrows,1,,history/titles/lv_k_the_basilisk_isles.txt,,pirate_no_dlc_government,history_file,lv_k_the_basilisk_isles.txt,high
8212.1.1,Galare_15,meereenese,k_meereen,3,,history/titles/lv_k_meereen.txt,,oligarchic_government,history_file,lv_k_meereen.txt,high
8212.1.1,LV_Merreq_17,meereenese,c_merreq_pyramid,1,,history/titles/lv_k_meereen.txt,,oligarchic_government,history_file,lv_k_meereen.txt,high
8212.1.1,Loraq_15,meereenese,c_loraq_pyramid,1,,history/titles/lv_k_meereen.txt,,oligarchic_government,history_file,lv_k_meereen.txt,high
8212.1.1,Qhoqua_lv_5,jhalai,c_isle_of_toads,1,,history/titles/lv_k_the_basilisk_isles.txt,,pirate_no_dlc_government,history_file,lv_k_the_basilisk_isles.txt,high
8212.1.1,Xho_lv_5,jhalai,c_pirates_haven,1,,history/titles/lv_k_the_basilisk_isles.txt,,pirate_no_dlc_government,history_file,lv_k_the_basilisk_isles.txt,high
8212.1.1,Xhore_lv_5,qartheen,c_ax_isle,1,,history/titles/lv_k_the_basilisk_isles.txt,,pirate_no_dlc_government,history_file,lv_k_the_basilisk_isles.txt,high
8213.1.1,Lodaorys_14,mantaryan,c_painted_valleys,1,,history/titles/lv_k_north_valyria.txt,,oligarchic_government,history_file,lv_k_north_valyria.txt,medium
8214.1.1,Adiur_13,asshaii,k_asshai,3,,history/titles/lv_k_asshai.txt,,oligarchic_government,history_file,lv_k_asshai.txt,low
8214.1.1,Rannovar_15,volantene,d_dreos,2,,history/titles/lv_k_volantis.txt,,administrative_government,history_file,lv_k_volantis.txt,high
8214.1.1,Vaelaros_16,essosi_valyrian,d_nf_vaelaros,2,,history/titles/lv_nf_titles.txt,,administrative_government,history_file,lv_k_volantis.txt,high
8214.1.1,Zobridar_17,mantaryan,d_mantarys,2,,history/titles/lv_k_north_valyria.txt,,oligarchic_government,history_file,lv_k_north_valyria.txt,medium
8215.1.1,13033911,asshaii,d_the_saffron_lands,2,,history/titles/lv_k_asshai.txt,,oligarchic_government,history_file,lv_k_asshai.txt,low
8215.1.1,Rulloros_19,volantene,d_valysar,2,,history/titles/lv_k_volantis.txt,,administrative_government,history_file,lv_k_volantis.txt,high
8215.1.8,Ennyrion_lv_16,gogossite,c_maggot_shore,1,,history/titles/lv_k_the_basilisk_isles.txt,,pirate_no_dlc_government,history_file,lv_k_the_basilisk_isles.txt,high
8216.1.1,12633914,asshaii,d_chalysa,2,,history/titles/lv_k_asshai.txt,,oligarchic_government,history_file,lv_k_asshai.txt,low
8217.1.1,Kizwe_lv_7,naathi,c_isle_of_lice,1,,history/titles/lv_k_the_basilisk_isles.txt,,pirate_no_dlc_government,history_file,lv_k_the_basilisk_isles.txt,high
8217.1.1,Salukho_lv_7,jhalai,c_isle_of_flies,1,,history/titles/lv_k_the_basilisk_isles.txt,,pirate_no_dlc_government,history_file,lv_k_the_basilisk_isles.txt,high
8217.1.1,Zagazn_lv_7,zamettari,c_skull_island,1,,history/titles/lv_k_the_basilisk_isles.txt,,pirate_no_dlc_government,history_file,lv_k_the_basilisk_isles.txt,high
8218.1.1,Yunzak_14,yunkaii,k_yunkai,3,,history/titles/lv_k_yunkai.txt,,oligarchic_government,history_file,lv_k_yunkai.txt,high
8219.1.1,Nogarys_15,essosi_valyrian,d_nf_nogarys,2,,history/titles/lv_nf_titles.txt,,administrative_government,history_file,lv_k_volantis.txt,high
8220.1.1,102069149,ghaeni,c_ghaen,1,,history/titles/lv_k_ghiscar.txt,,oligarchic_government,history_file,lv_k_ghiscar.txt,medium
8220.1.1,Oliviriana_16,volantene,c_laboros,1,,history/titles/lv_k_volantis.txt,,administrative_government,history_file,lv_k_volantis.txt,high
8220.1.1,Rhazdar_16,meereenese,c_nf_rhazdar,1,,history/titles/lv_nf_titles.txt,,oligarchic_government,history_file,lv_k_meereen.txt,high
8220.2.4,Ennyrion_lv_19,gogossite,c_maggot_shore,1,,history/titles/lv_k_the_basilisk_isles.txt,,pirate_no_dlc_government,history_file,lv_k_the_basilisk_isles.txt,high
8221.1.1,Maegyr_22,essosi_valyrian,d_little_valyria,2,,history/titles/lv_k_volantis.txt,,administrative_government,history_file,lv_k_volantis.txt,high
8221.1.1,Qaggaz_16,yunkaii,c_kaldeen,1,,history/titles/lv_k_yunkai.txt,,oligarchic_government,history_file,lv_k_yunkai.txt,high
8221.9.5,Benaris_lv_15,gogossite,c_death_isle,1,,history/titles/lv_k_the_basilisk_isles.txt,,pirate_no_dlc_government,history_file,lv_k_the_basilisk_isles.txt,high
8221.9.5,Enreos_lv_15,gogossite,c_scoundrels_point,1,,history/titles/lv_k_the_basilisk_isles.txt,,pirate_no_dlc_government,history_file,lv_k_the_basilisk_isles.txt,high
8221.9.5,Hendry_lv_15,valyrian_original,c_wraiths_rest,1,,history/titles/lv_k_the_basilisk_isles.txt,,pirate_no_dlc_government,history_file,lv_k_the_basilisk_isles.txt,high
8221.9.5,Nahion_lv_15,gogossite,c_isle_of_vines,1,,history/titles/lv_k_the_basilisk_isles.txt,,pirate_no_dlc_government,history_file,lv_k_the_basilisk_isles.txt,high
8221.9.5,Zaldrizyen_lv_15,gogossite,c_strait_of_skulls,1,,history/titles/lv_k_the_basilisk_isles.txt,,pirate_no_dlc_government,history_file,lv_k_the_basilisk_isles.txt,high
8222.1.1,Quazzar_17,meereenese,c_nf_quazzar,1,,history/titles/lv_nf_titles.txt,,oligarchic_government,history_file,lv_k_meereen.txt,high
8222.1.1,Yherizan_17,meereenese,c_green_gate,1,,history/titles/lv_k_meereen.txt,,oligarchic_government,history_file,lv_k_meereen.txt,high
8223.1.1,13233911,asshaii,d_the_saffron_lands,2,,history/titles/lv_k_asshai.txt,,oligarchic_government,history_file,lv_k_asshai.txt,low
8223.1.1,Grazdhan_14,astapori,k_astapor,3,,history/titles/lv_k_astapor.txt,,oligarchic_government,history_file,lv_k_astapor.txt,high
8223.1.1,Kandaq_14,meereenese,c_kandaq_pyramid,1,,history/titles/lv_k_meereen.txt,,oligarchic_government,history_file,lv_k_meereen.txt,high
8223.1.1,Nakloz_15,astapori,c_nf_nakloz,1,,history/titles/lv_nf_titles.txt,,oligarchic_government,history_file,lv_k_astapor.txt,high
8223.1.1,Pahl_14,meereenese,c_demon_road,1,,history/titles/lv_k_meereen.txt,,oligarchic_government,history_file,lv_k_meereen.txt,high
8224.1.1,Ahlaq_17,yunkaii,c_nf_ahlaq,1,,history/titles/lv_nf_titles.txt,,oligarchic_government,history_file,lv_k_yunkai.txt,high
8224.1.1,Eraz_17,yunkaii,k_yunkai,3,,history/titles/lv_k_yunkai.txt,,oligarchic_government,history_file,lv_k_yunkai.txt,high
8224.1.1,Mazemagyr_17,tolosi,c_black_cliffs,1,,history/titles/lv_k_north_valyria.txt,,oligarchic_government,history_file,lv_k_north_valyria.txt,medium
8224.1.1,Rebagyr_15,mantaryan,c_demon_pass,1,,history/titles/lv_k_north_valyria.txt,,oligarchic_government,history_file,lv_k_north_valyria.txt,medium
8224.1.1,Yunzak_15,yunkaii,c_nf_yunzak,1,,history/titles/lv_nf_titles.txt,,oligarchic_government,history_file,lv_k_yunkai.txt,high
8225.1.1,101969148,ghaeni,c_baked_shore,1,,history/titles/lv_k_ghiscar.txt,,oligarchic_government,history_file,lv_k_ghiscar.txt,medium
8225.1.1,Dosh_Khaleen_13,dothraki,d_dosh_khaleen,2,,history/titles/lv_dothraki.txt,,theocracy_government,title,d_dosh_khaleen,high
8225.1.1,Eraz_17,yunkaii,c_maelk,1,,history/titles/lv_k_yunkai.txt,,oligarchic_government,history_file,lv_k_yunkai.txt,high
8225.1.1,Lodaorys_15,mantaryan,c_painted_valleys,1,,history/titles/lv_k_north_valyria.txt,,oligarchic_government,history_file,lv_k_north_valyria.txt,medium
8225.1.1,Szarr_12,mantaryan,c_elyndor,1,,history/titles/lv_k_north_valyria.txt,,oligarchic_government,history_file,lv_k_north_valyria.txt,medium
8225.1.1,Zherzyn_15,yunkaii,c_nf_zherzyn,1,,history/titles/lv_nf_titles.txt,,oligarchic_government,history_file,lv_k_yunkai.txt,high
8226.1.1,Ilvar_18,elyrian,c_elyria,1,,history/titles/lv_k_north_valyria.txt,,oligarchic_government,history_file,lv_k_north_valyria.txt,medium
8227.1.1,12933914,asshaii,d_chalysa,2,,history/titles/lv_k_asshai.txt,,oligarchic_government,history_file,lv_k_asshai.txt,low
8227.1.1,Stogarys_16,volantene,c_mavlys,1,,history/titles/lv_k_volantis.txt,,administrative_government,history_file,lv_k_volantis.txt,high
8227.1.1,Ullhor_14,astapori,c_dhozai,1,,history/titles/lv_k_astapor.txt,,oligarchic_government,history_file,lv_k_astapor.txt,high
8228.1.1,Kizwe_lv_8,naathi,c_isle_of_lice,1,,history/titles/lv_k_the_basilisk_isles.txt,,pirate_no_dlc_government,history_file,lv_k_the_basilisk_isles.txt,high
8228.1.1,Naqqan_16,meereenese,c_naqqan_pyramid,1,,history/titles/lv_k_meereen.txt,,oligarchic_government,history_file,lv_k_meereen.txt,high
8228.1.1,Rannovar_16,volantene,d_dreos,2,,history/titles/lv_k_volantis.txt,,administrative_government,history_file,lv_k_volantis.txt,high
8228.1.1,Salukho_lv_8,jhalai,c_isle_of_flies,1,,history/titles/lv_k_the_basilisk_isles.txt,,pirate_no_dlc_government,history_file,lv_k_the_basilisk_isles.txt,high
8228.1.1,Staegone_15,essosi_valyrian,d_nf_staegone,2,,history/titles/lv_nf_titles.txt,,administrative_government,history_file,lv_k_volantis.txt,high
8228.1.1,Volnyros_18,volantene,c_selhorys,1,,history/titles/lv_k_volantis.txt,,administrative_government,history_file,lv_k_volantis.txt,high
8228.1.1,Zagazn_lv_8,zamettari,c_skull_island,1,,history/titles/lv_k_the_basilisk_isles.txt,,pirate_no_dlc_government,history_file,lv_k_the_basilisk_isles.txt,high
8229.1.1,Dhogarys_16,volantene,c_honors_port,1,,history/titles/lv_k_volantis.txt,,administrative_government,history_file,lv_k_volantis.txt,high
8229.1.1,Galare_16,meereenese,c_galare_pyramid,1,,history/titles/lv_k_meereen.txt,,oligarchic_government,history_file,lv_k_meereen.txt,high
8229.1.1,Reznak_14,meereenese,k_meereen,3,,history/titles/lv_k_meereen.txt,,oligarchic_government,history_file,lv_k_meereen.txt,high
8230.1.1,Mazemagyr_18,tolosi,c_black_cliffs,1,,history/titles/lv_k_north_valyria.txt,,oligarchic_government,history_file,lv_k_north_valyria.txt,medium
8230.1.1,Mazlaq_15,astapori,c_ghiscar_point,1,,history/titles/lv_k_astapor.txt,,oligarchic_government,history_file,lv_k_astapor.txt,high
8230.1.1,Rebagyr_16,mantaryan,c_demon_pass,1,,history/titles/lv_k_north_valyria.txt,,oligarchic_government,history_file,lv_k_north_valyria.txt,medium
8230.1.1,Rhaezn_15,yunkaii,c_nf_rhaezn,1,,history/titles/lv_nf_titles.txt,,oligarchic_government,history_file,lv_k_yunkai.txt,high
8230.1.1,Staegone_16,essosi_valyrian,d_nf_staegone,2,,history/titles/lv_nf_titles.txt,,administrative_government,history_file,lv_k_volantis.txt,high
8230.1.1,Szarr_13,mantaryan,c_elyndor,1,,history/titles/lv_k_north_valyria.txt,,oligarchic_government,history_file,lv_k_north_valyria.txt,medium
8231.1.1,124360025,ghaeni,k_new_ghis,3,,history/titles/lv_k_ghiscar.txt,,oligarchic_government,history_file,lv_k_ghiscar.txt,medium
8231.1.1,133600219,dothraki,k_khalasar_painted_mountains,3,,history/titles/lv_k_volantis.txt,,nomad_government,culture,dothraki,high
8231.1.1,Paenymion_20,essosi_valyrian,d_nf_paenymion,2,,history/titles/lv_nf_titles.txt,,administrative_government,history_file,lv_k_volantis.txt,high
8232.1.1,Dhazak_17,meereenese,c_dhazak_pyramid,1,,history/titles/lv_k_meereen.txt,,oligarchic_government,history_file,lv_k_meereen.txt,high
8232.1.1,Kirines_17,volantene,d_volon_therys,2,,history/titles/lv_k_volantis.txt,,administrative_government,history_file,lv_k_volantis.txt,high
8232.1.1,LV_Votar_17,essosi_valyrian,d_nf_votar,2,,history/titles/lv_nf_titles.txt,,administrative_government,history_file,lv_k_volantis.txt,high
8232.1.1,Nogarys_16,essosi_valyrian,d_nf_nogarys,2,,history/titles/lv_nf_titles.txt,,administrative_government,history_file,lv_k_volantis.txt,high
8232.1.1,Rhazdar_17,meereenese,c_nf_rhazdar,1,,history/titles/lv_nf_titles.txt,,oligarchic_government,history_file,lv_k_meereen.txt,high
8232.1.1,Yherizan_18,meereenese,c_green_gate,1,,history/titles/lv_k_meereen.txt,,oligarchic_government,history_file,lv_k_meereen.txt,high
8233.1.1,102369152,ghaeni,c_atruskai,1,,history/titles/lv_k_ghiscar.txt,,oligarchic_government,history_file,lv_k_ghiscar.txt,medium
8233.1.1,Pahl_14,meereenese,k_meereen,3,,history/titles/lv_k_meereen.txt,,oligarchic_government,history_file,lv_k_meereen.txt,high
8233.1.1,Reznak_15,meereenese,c_khyzai_pass,1,,history/titles/lv_k_meereen.txt,,oligarchic_government,history_file,lv_k_meereen.txt,high
8233.2.8,eetlv_cs_10_8,eetlv_sand_ghoul,d_R220G226B155,2,e_cannibal_sands,history/titles/vassal_titles_e_cannibal_sands.txt,,tribal_government,empire,e_cannibal_sands,low
8233.2.8,eetlv_cs_11_8,eetlv_sand_ghoul,d_R28G169B63,2,e_cannibal_sands,history/titles/vassal_titles_e_cannibal_sands.txt,,tribal_government,empire,e_cannibal_sands,low
8233.2.8,eetlv_cs_12_8,eetlv_sand_ghoul,d_R81G64B118,2,e_cannibal_sands,history/titles/vassal_titles_e_cannibal_sands.txt,,tribal_government,empire,e_cannibal_sands,low
8233.2.8,eetlv_cs_13_8,eetlv_sand_ghoul,d_R238G6B173,2,e_cannibal_sands,history/titles/vassal_titles_e_cannibal_sands.txt,,tribal_government,empire,e_cannibal_sands,low
8233.2.8,eetlv_cs_14_8,eetlv_sand_ghoul,d_R42G145B84,2,e_cannibal_sands,history/titles/vassal_titles_e_cannibal_sands.txt,,tribal_government,empire,e_cannibal_sands,low
8233.2.8,eetlv_cs_1_8,eetlv_sand_ghoul,e_cannibal_sands,4,e_cannibal_sands,history/titles/vassal_titles_e_cannibal_sands.txt,,tribal_government,empire,e_cannibal_sands,low
8233.2.8,eetlv_cs_2_8,eetlv_sand_ghoul,d_R111G75B187,2,e_cannibal_sands,history/titles/vassal_titles_e_cannibal_sands.txt,,tribal_government,empire,e_cannibal_sands,low
8233.2.8,eetlv_cs_3_8,eetlv_sand_ghoul,d_R240G127B159,2,e_cannibal_sands,history/titles/vassal_titles_e_cannibal_sands.txt,,tribal_government,empire,e_cannibal_sands,low
8233.2.8,eetlv_cs_4_8,eetlv_sand_ghoul,d_R41G226B41,2,e_cannibal_sands,history/titles/vassal_titles_e_cannibal_sands.txt,,tribal_government,empire,e_cannibal_sands,low
8233.2.8,eetlv_cs_5_8,eetlv_sand_ghoul,d_R193G60B253,2,e_cannibal_sands,history/titles/vassal_titles_e_cannibal_sands.txt,,tribal_government,empire,e_cannibal_sands,low
8233.2.8,eetlv_cs_6_8,eetlv_sand_ghoul,d_R222G151B16,2,e_cannibal_sands,history/titles/vassal_titles_e_cannibal_sands.txt,,tribal_government,empire,e_cannibal_sands,low
8233.2.8,eetlv_cs_7_8,eetlv_sand_ghoul,d_R45G162B231,2,e_cannibal_sands,history/titles/vassal_titles_e_cannibal_sands.txt,,tribal_government,empire,e_cannibal_sands,low
8233.2.8,eetlv_cs_8_8,eetlv_sand_ghoul,d_R70G73B87,2,e_cannibal_sands,history/titles/vassal_titles_e_cannibal_sands.txt,,tribal_government,empire,e_cannibal_sands,low
8233.2.8,eetlv_cs_9_8,eetlv_sand_ghoul,d_R232G202B38,2,e_cannibal_sands,history/titles/vassal_titles_e_cannibal_sands.txt,,tribal_government,empire,e_cannibal_sands,low
8233.2.8,gen_1050,farosi,e_lesser_moraq,4,e_lesser_moraq,history/titles/hist_titles.txt,,feudal_government,empire,e_lesser_moraq,low
8233.2.8,gen_1156,mossovite,d_R107G171B160,2,e_mossovy,history/titles/vassal_titles_e_mossovy.txt,,tribal_government,empire,e_mossovy,low
8233.2.8,gen_1170,mossovite,e_mossovy,4,e_mossovy,history/titles/hist_titles.txt,,tribal_government,empire,e_mossovy,low
8233.2.8,gen_1230,naathi,e_naath,4,e_naath,history/titles/hist_titles.txt,,tribal_government,empire,e_naath,medium
8233.2.8,gen_1275,norvoshi,d_R87G54B134,2,e_norvos,history/titles/vassal_titles_e_norvos.txt,,theocracy_government,empire,e_norvos,high
8233.2.8,gen_1276,norvoshi,d_R53G162B46,2,e_norvos,history/titles/vassal_titles_e_norvos.txt,,theocracy_government,empire,e_norvos,high
8233.2.8,gen_1290,norvoshi,e_norvos,4,e_norvos,history/titles/hist_titles.txt,,theocracy_government,empire,e_norvos,high
8233.2.8,gen_1335,omberi,d_R20G128B134,2,e_omber,history/titles/vassal_titles_e_omber.txt,,feudal_government,empire,e_omber,medium
8233.2.8,gen_1350,omberi,e_omber,4,e_omber,history/titles/hist_titles.txt,,feudal_government,empire,e_omber,medium
8233.2.8,gen_1395,qohorik,d_R101G68B31,2,e_qohor,history/titles/vassal_titles_e_qohor.txt,,administrative_government,empire,e_qohor,medium
8233.2.8,gen_1396,qohorik,d_R71G9B105,2,e_qohor,history/titles/vassal_titles_e_qohor.txt,,administrative_government,empire,e_qohor,medium
8233.2.8,gen_1410,qohorik,e_qohor,4,e_qohor,history/titles/hist_titles.txt,,administrative_government,empire,e_qohor,medium
8233.2.8,gen_1456,tagaez_fen,d_R113G237B226,2,e_sarnor,history/titles/vassal_titles_e_sarnor.txt,,feudal_government,empire,e_sarnor,high
8233.2.8,gen_1470,tagaez_fen,e_sarnor,4,e_sarnor,history/titles/hist_titles.txt,,feudal_government,empire,e_sarnor,high
8233.2.8,gen_1515,gogossite,d_R198G233B16,2,e_sothoryos,history/titles/vassal_titles_e_sothoryos.txt,,tribal_government,empire,e_sothoryos,medium
8233.2.8,gen_1530,gogossite,e_sothoryos,4,e_sothoryos,history/titles/hist_titles.txt,,tribal_government,empire,e_sothoryos,medium
8233.2.8,gen_1576,jhalai,d_R103G163B139,2,e_summer_isles,history/titles/vassal_titles_e_summer_isles.txt,,feudal_government,empire,e_summer_isles,medium
8233.2.8,gen_1579,jhalai,d_R205G235B19,2,e_summer_isles,history/titles/vassal_titles_e_summer_isles.txt,,feudal_government,empire,e_summer_isles,medium
8233.2.8,gen_1590,jhalai,e_summer_isles,4,e_summer_isles,history/titles/hist_titles.txt,,feudal_government,empire,e_summer_isles,medium
8233.2.8,gen_1636,manticorian,d_R48G26B112,2,e_thousand_islands,history/titles/vassal_titles_e_thousand_islands.txt,,tribal_government,empire,e_thousand_islands,medium
8233.2.8,gen_1639,manticorian,d_R67G144B34,2,e_thousand_islands,history/titles/vassal_titles_e_thousand_islands.txt,,tribal_government,empire,e_thousand_islands,medium
8233.2.8,gen_1650,manticorian,e_thousand_islands,4,e_thousand_islands,history/titles/hist_titles.txt,,tribal_government,empire,e_thousand_islands,medium
8233.2.8,gen_1710,shadowman,e_ulthos,4,e_ulthos,history/titles/hist_titles.txt,,tribal_government,culture,shadowman,low
8233.2.8,gen_1755,dothraki,d_R134G104B125,2,e_upper_sarne_dothraki,history/titles/vassal_titles_e_upper_sarne_dothraki.txt,,nomad_government,culture,dothraki,high
8233.2.8,gen_1756,dothraki,k_R168G94B91,3,e_upper_sarne_dothraki,history/titles/vassal_titles_e_upper_sarne_dothraki.txt,,nomad_government,culture,dothraki,high
8233.2.8,gen_1770,dothraki,e_upper_sarne_dothraki,4,e_upper_sarne_dothraki,history/titles/hist_titles.txt,,nomad_government,culture,dothraki,high
8233.2.8,gen_1815,dothraki,k_R139G90B4,3,e_lower_sarne_dothraki,history/titles/vassal_titles_e_lower_sarne_dothraki.txt,,nomad_government,culture,dothraki,high
8233.2.8,gen_1816,dothraki,k_R35G68B68,3,e_lower_sarne_dothraki,history/titles/vassal_titles_e_lower_sarne_dothraki.txt,,nomad_government,culture,dothraki,high
8233.2.8,gen_1830,dothraki,e_lower_sarne_dothraki,4,e_lower_sarne_dothraki,history/titles/hist_titles.txt,,nomad_government,culture,dothraki,high
8233.2.8,gen_1875,dothraki,k_R209G123B86,3,e_great_grass_sea_dothraki,history/titles/vassal_titles_e_great_grass_sea_dothraki.txt,,nomad_government,culture,dothraki,high
8233.2.8,gen_1876,dothraki,d_R102G182B233,2,e_great_grass_sea_dothraki,history/titles/vassal_titles_e_great_grass_sea_dothraki.txt,,nomad_government,culture,dothraki,high
8233.2.8,gen_1890,dothraki,e_great_grass_sea_dothraki,4,e_great_grass_sea_dothraki,history/titles/hist_titles.txt,,nomad_government,culture,dothraki,high
8233.2.8,gen_1935,dothraki,k_R156G124B52,3,e_bone_mountain_dothraki,history/titles/vassal_titles_e_bone_mountain_dothraki.txt,,nomad_government,culture,dothraki,high
8233.2.8,gen_1936,dothraki,k_R231G165B51,3,e_bone_mountain_dothraki,history/titles/vassal_titles_e_bone_mountain_dothraki.txt,,nomad_government,culture,dothraki,high
8233.2.8,gen_1950,dothraki,e_bone_mountain_dothraki,4,e_bone_mountain_dothraki,history/titles/hist_titles.txt,,nomad_government,culture,dothraki,high
8233.2.8,gen_1995,lhazareen,k_R215G70B208,3,e_lhazar,history/titles/vassal_titles_e_lhazar.txt,,clan_government,empire,e_lhazar,medium
8233.2.8,gen_1996,lhazareen,d_R111G255B221,2,e_lhazar,history/titles/vassal_titles_e_lhazar.txt,,clan_government,empire,e_lhazar,medium
8233.2.8,gen_2010,lhazareen,e_lhazar,4,e_lhazar,history/titles/hist_titles.txt,,clan_government,empire,e_lhazar,medium
8233.2.8,gen_2055,qartheen,k_R154G58B31,3,e_qarth,history/titles/vassal_titles_e_qarth.txt,,oligarchic_government,empire,e_qarth,high
8233.2.8,gen_2056,qartheen,k_R27G181B254,3,e_qarth,history/titles/vassal_titles_e_qarth.txt,,oligarchic_government,empire,e_qarth,high
8233.2.8,gen_2070,qartheen,e_qarth,4,e_qarth,history/titles/hist_titles.txt,,oligarchic_government,empire,e_qarth,high
8233.2.8,gen_2115,feicui_ren,k_R109G14B184,3,e_golden_yi_ti,history/titles/vassal_titles_e_golden_yi_ti.txt,,meritocratic_government,empire,e_golden_yi_ti,high
8233.2.8,gen_2116,feicui_ren,k_R120G189B251,3,e_golden_yi_ti,history/titles/vassal_titles_e_golden_yi_ti.txt,,meritocratic_government,empire,e_golden_yi_ti,high
8233.2.8,gen_2130,feicui_ren,e_golden_yi_ti,4,e_golden_yi_ti,history/titles/hist_titles.txt,,celestial_government,empire,e_golden_yi_ti,high
8233.2.8,gen_2176,jogos_nhai,k_R146G211B104,3,e_jogos_nhai,history/titles/vassal_titles_e_jogos_nhai.txt,,nomad_government,culture,jogos_nhai,high
8233.2.8,gen_2179,jogos_nhai,k_R12G166B33,3,e_jogos_nhai,history/titles/vassal_titles_e_jogos_nhai.txt,,nomad_government,culture,jogos_nhai,high
8233.2.8,gen_2190,jogos_nhai,e_jogos_nhai,4,e_jogos_nhai,history/titles/hist_titles.txt,,nomad_government,culture,jogos_nhai,high
8233.2.8,gen_2250,vahari,e_great_moraq,4,e_great_moraq,history/titles/hist_titles.txt,,feudal_government,empire,e_great_moraq,low
8233.2.8,gen_2295,lengii,d_R206G76B102,2,e_leng,history/titles/vassal_titles_e_leng.txt,,mandala_government,empire,e_leng,high
8233.2.8,gen_2310,lengii,e_leng,4,e_leng,history/titles/hist_titles.txt,,mandala_government,empire,e_leng,high
8233.2.8,gen_735,bloodless_man,k_R235G188B132,3,e_bloodless_men,history/titles/vassal_titles_e_bloodless_men.txt,,tribal_government,empire,e_bloodless_men,low
8233.2.8,gen_736,bloodless_man,d_R104G124B189,2,e_bloodless_men,history/titles/vassal_titles_e_bloodless_men.txt,,tribal_government,empire,e_bloodless_men,low
8233.2.8,gen_750,bloodless_man,e_bloodless_men,4,e_bloodless_men,history/titles/hist_titles.txt,,tribal_government,empire,e_bloodless_men,low
8233.2.8,gen_810,qaleen,e_cannibal_sands,4,e_cannibal_sands,history/titles/hist_titles.txt,,tribal_government,empire,e_cannibal_sands,low
8233.2.8,gen_855,kayakayanayan,d_R1G86B152,2,e_hidden_sea,history/titles/vassal_titles_e_hidden_sea.txt,,clan_government,empire,e_hidden_sea,medium
8233.2.8,gen_856,kayakayanayan,d_R32G145B229,2,e_hidden_sea,history/titles/vassal_titles_e_hidden_sea.txt,,clan_government,empire,e_hidden_sea,medium
8233.2.8,gen_870,kayakayanayan,e_hidden_sea,4,e_hidden_sea,history/titles/hist_titles.txt,,clan_government,empire,e_hidden_sea,medium
8233.2.8,gen_915,ibbatese,d_R108G223B204,2,e_ibben,history/titles/vassal_titles_e_ibben.txt,,oligarchic_government,empire,e_ibben,high
8233.2.8,gen_916,ibbatese,d_R1G118B42,2,e_ibben,history/titles/vassal_titles_e_ibben.txt,,oligarchic_government,empire,e_ibben,high
8233.2.8,gen_930,ibbatese,e_ibben,4,e_ibben,history/titles/hist_titles.txt,,oligarchic_government,empire,e_ibben,high
8233.2.8,gen_976,ifequevron,k_R99G48B179,3,e_ifequevron,history/titles/vassal_titles_e_ifequevron.txt,,tribal_government,empire,e_ifequevron,low
8233.2.8,gen_979,ifequevron,k_R74G160B176,3,e_ifequevron,history/titles/vassal_titles_e_ifequevron.txt,,tribal_government,empire,e_ifequevron,low
8233.2.8,gen_990,ifequevron,e_ifequevron,4,e_ifequevron,history/titles/hist_titles.txt,,tribal_government,empire,e_ifequevron,low
8234.1.1,Pendaeron_11,mantaryan,c_treylys,1,,history/titles/lv_k_north_valyria.txt,,oligarchic_government,history_file,lv_k_north_valyria.txt,medium
8235.1.1,Grazdhan_15,astapori,c_gadhis,1,,history/titles/lv_k_astapor.txt,,oligarchic_government,history_file,lv_k_astapor.txt,high
8235.1.1,Grazlar_16,astapori,k_astapor,3,,history/titles/lv_k_astapor.txt,,oligarchic_government,history_file,lv_k_astapor.txt,high
8235.1.1,Vhassar_18,essosi_valyrian,d_nf_vhassar,2,,history/titles/lv_nf_titles.txt,,administrative_government,history_file,lv_k_volantis.txt,high
8236.1.1,Nogarys_17,essosi_valyrian,d_nf_nogarys,2,,history/titles/lv_nf_titles.txt,,administrative_government,history_file,lv_k_volantis.txt,high
8236.2.13,eetlv_cs_10_9,eetlv_sand_ghoul,d_R220G226B155,2,e_cannibal_sands,history/titles/vassal_titles_e_cannibal_sands.txt,,tribal_government,empire,e_cannibal_sands,low
8236.2.13,eetlv_cs_11_9,eetlv_sand_ghoul,d_R28G169B63,2,e_cannibal_sands,history/titles/vassal_titles_e_cannibal_sands.txt,,tribal_government,empire,e_cannibal_sands,low
8236.2.13,eetlv_cs_12_9,eetlv_sand_ghoul,d_R81G64B118,2,e_cannibal_sands,history/titles/vassal_titles_e_cannibal_sands.txt,,tribal_government,empire,e_cannibal_sands,low
8236.2.13,eetlv_cs_13_9,eetlv_sand_ghoul,d_R238G6B173,2,e_cannibal_sands,history/titles/vassal_titles_e_cannibal_sands.txt,,tribal_government,empire,e_cannibal_sands,low
8236.2.13,eetlv_cs_14_9,eetlv_sand_ghoul,d_R42G145B84,2,e_cannibal_sands,history/titles/vassal_titles_e_cannibal_sands.txt,,tribal_government,empire,e_cannibal_sands,low
8236.2.13,eetlv_cs_1_9,eetlv_sand_ghoul,e_cannibal_sands,4,e_cannibal_sands,history/titles/vassal_titles_e_cannibal_sands.txt,,tribal_government,empire,e_cannibal_sands,low
8236.2.13,eetlv_cs_2_9,eetlv_sand_ghoul,d_R111G75B187,2,e_cannibal_sands,history/titles/vassal_titles_e_cannibal_sands.txt,,tribal_government,empire,e_cannibal_sands,low
8236.2.13,eetlv_cs_3_9,eetlv_sand_ghoul,d_R240G127B159,2,e_cannibal_sands,history/titles/vassal_titles_e_cannibal_sands.txt,,tribal_government,empire,e_cannibal_sands,low
8236.2.13,eetlv_cs_4_9,eetlv_sand_ghoul,d_R41G226B41,2,e_cannibal_sands,history/titles/vassal_titles_e_cannibal_sands.txt,,tribal_government,empire,e_cannibal_sands,low
8236.2.13,eetlv_cs_5_9,eetlv_sand_ghoul,d_R193G60B253,2,e_cannibal_sands,history/titles/vassal_titles_e_cannibal_sands.txt,,tribal_government,empire,e_cannibal_sands,low
8236.2.13,eetlv_cs_6_9,eetlv_sand_ghoul,d_R222G151B16,2,e_cannibal_sands,history/titles/vassal_titles_e_cannibal_sands.txt,,tribal_government,empire,e_cannibal_sands,low
8236.2.13,eetlv_cs_7_9,eetlv_sand_ghoul,d_R45G162B231,2,e_cannibal_sands,history/titles/vassal_titles_e_cannibal_sands.txt,,tribal_government,empire,e_cannibal_sands,low
8236.2.13,eetlv_cs_8_9,eetlv_sand_ghoul,d_R70G73B87,2,e_cannibal_sands,history/titles/vassal_titles_e_cannibal_sands.txt,,tribal_government,empire,e_cannibal_sands,low
8236.2.13,eetlv_cs_9_9,eetlv_sand_ghoul,d_R232G202B38,2,e_cannibal_sands,history/titles/vassal_titles_e_cannibal_sands.txt,,tribal_government,empire,e_cannibal_sands,low
8236.2.13,gen_1056,farosi,e_lesser_moraq,4,e_lesser_moraq,history/titles/hist_titles.txt,,feudal_government,empire,e_lesser_moraq,low
8236.2.13,gen_1156,mossovite,d_R107G171B160,2,e_mossovy,history/titles/vassal_titles_e_mossovy.txt,,tribal_government,empire,e_mossovy,low
8236.2.13,gen_1176,mossovite,e_mossovy,4,e_mossovy,history/titles/hist_titles.txt,,tribal_government,empire,e_mossovy,low
8236.2.13,gen_1236,naathi,e_naath,4,e_naath,history/titles/hist_titles.txt,,tribal_government,empire,e_naath,medium
8236.2.13,gen_1275,norvoshi,d_R87G54B134,2,e_norvos,history/titles/vassal_titles_e_norvos.txt,,theocracy_government,empire,e_norvos,high
8236.2.13,gen_1276,norvoshi,d_R53G162B46,2,e_norvos,history/titles/vassal_titles_e_norvos.txt,,theocracy_government,empire,e_norvos,high
8236.2.13,gen_1296,norvoshi,e_norvos,4,e_norvos,history/titles/hist_titles.txt,,theocracy_government,empire,e_norvos,high
8236.2.13,gen_1335,omberi,d_R20G128B134,2,e_omber,history/titles/vassal_titles_e_omber.txt,,feudal_government,empire,e_omber,medium
8236.2.13,gen_1356,omberi,e_omber,4,e_omber,history/titles/hist_titles.txt,,feudal_government,empire,e_omber,medium
8236.2.13,gen_1396,qohorik,d_R101G68B31,2,e_qohor,history/titles/vassal_titles_e_qohor.txt,,administrative_government,empire,e_qohor,medium
8236.2.13,gen_1399,qohorik,d_R71G9B105,2,e_qohor,history/titles/vassal_titles_e_qohor.txt,,administrative_government,empire,e_qohor,medium
8236.2.13,gen_1416,qohorik,e_qohor,4,e_qohor,history/titles/hist_titles.txt,,administrative_government,empire,e_qohor,medium
8236.2.13,gen_1459,tagaez_fen,d_R113G237B226,2,e_sarnor,history/titles/vassal_titles_e_sarnor.txt,,feudal_government,empire,e_sarnor,high
8236.2.13,gen_1476,tagaez_fen,e_sarnor,4,e_sarnor,history/titles/hist_titles.txt,,feudal_government,empire,e_sarnor,high
8236.2.13,gen_1516,gogossite,d_R198G233B16,2,e_sothoryos,history/titles/vassal_titles_e_sothoryos.txt,,tribal_government,empire,e_sothoryos,medium
8236.2.13,gen_1536,gogossite,e_sothoryos,4,e_sothoryos,history/titles/hist_titles.txt,,tribal_government,empire,e_sothoryos,medium
8236.2.13,gen_1576,jhalai,d_R103G163B139,2,e_summer_isles,history/titles/vassal_titles_e_summer_isles.txt,,feudal_government,empire,e_summer_isles,medium
8236.2.13,gen_1579,jhalai,d_R205G235B19,2,e_summer_isles,history/titles/vassal_titles_e_summer_isles.txt,,feudal_government,empire,e_summer_isles,medium
8236.2.13,gen_1596,jhalai,e_summer_isles,4,e_summer_isles,history/titles/hist_titles.txt,,feudal_government,empire,e_summer_isles,medium
8236.2.13,gen_1639,manticorian,d_R48G26B112,2,e_thousand_islands,history/titles/vassal_titles_e_thousand_islands.txt,,tribal_government,empire,e_thousand_islands,medium
8236.2.13,gen_1640,manticorian,d_R67G144B34,2,e_thousand_islands,history/titles/vassal_titles_e_thousand_islands.txt,,tribal_government,empire,e_thousand_islands,medium
8236.2.13,gen_1656,manticorian,e_thousand_islands,4,e_thousand_islands,history/titles/hist_titles.txt,,tribal_government,empire,e_thousand_islands,medium
8236.2.13,gen_1716,shadowman,e_ulthos,4,e_ulthos,history/titles/hist_titles.txt,,tribal_government,culture,shadowman,low
8236.2.13,gen_1755,dothraki,d_R134G104B125,2,e_upper_sarne_dothraki,history/titles/vassal_titles_e_upper_sarne_dothraki.txt,,nomad_government,culture,dothraki,high
8236.2.13,gen_1756,dothraki,k_R168G94B91,3,e_upper_sarne_dothraki,history/titles/vassal_titles_e_upper_sarne_dothraki.txt,,nomad_government,culture,dothraki,high
8236.2.13,gen_1776,dothraki,e_upper_sarne_dothraki,4,e_upper_sarne_dothraki,history/titles/hist_titles.txt,,nomad_government,culture,dothraki,high
8236.2.13,gen_1815,dothraki,k_R139G90B4,3,e_lower_sarne_dothraki,history/titles/vassal_titles_e_lower_sarne_dothraki.txt,,nomad_government,culture,dothraki,high
8236.2.13,gen_1816,dothraki,k_R35G68B68,3,e_lower_sarne_dothraki,history/titles/vassal_titles_e_lower_sarne_dothraki.txt,,nomad_government,culture,dothraki,high
8236.2.13,gen_1836,dothraki,e_lower_sarne_dothraki,4,e_lower_sarne_dothraki,history/titles/hist_titles.txt,,nomad_government,culture,dothraki,high
8236.2.13,gen_1875,dothraki,k_R209G123B86,3,e_great_grass_sea_dothraki,history/titles/vassal_titles_e_great_grass_sea_dothraki.txt,,nomad_government,culture,dothraki,high
8236.2.13,gen_1876,dothraki,d_R102G182B233,2,e_great_grass_sea_dothraki,history/titles/vassal_titles_e_great_grass_sea_dothraki.txt,,nomad_government,culture,dothraki,high
8236.2.13,gen_1896,dothraki,e_great_grass_sea_dothraki,4,e_great_grass_sea_dothraki,history/titles/hist_titles.txt,,nomad_government,culture,dothraki,high
8236.2.13,gen_1935,dothraki,k_R156G124B52,3,e_bone_mountain_dothraki,history/titles/vassal_titles_e_bone_mountain_dothraki.txt,,nomad_government,culture,dothraki,high
8236.2.13,gen_1936,dothraki,k_R231G165B51,3,e_bone_mountain_dothraki,history/titles/vassal_titles_e_bone_mountain_dothraki.txt,,nomad_government,culture,dothraki,high
8236.2.13,gen_1956,dothraki,e_bone_mountain_dothraki,4,e_bone_mountain_dothraki,history/titles/hist_titles.txt,,nomad_government,culture,dothraki,high
8236.2.13,gen_1996,lhazareen,k_R215G70B208,3,e_lhazar,history/titles/vassal_titles_e_lhazar.txt,,clan_government,empire,e_lhazar,medium
8236.2.13,gen_1999,lhazareen,d_R111G255B221,2,e_lhazar,history/titles/vassal_titles_e_lhazar.txt,,clan_government,empire,e_lhazar,medium
8236.2.13,gen_2016,lhazareen,e_lhazar,4,e_lhazar,history/titles/hist_titles.txt,,clan_government,empire,e_lhazar,medium
8236.2.13,gen_2056,qartheen,k_R154G58B31,3,e_qarth,history/titles/vassal_titles_e_qarth.txt,,oligarchic_government,empire,e_qarth,high
8236.2.13,gen_2059,qartheen,k_R27G181B254,3,e_qarth,history/titles/vassal_titles_e_qarth.txt,,oligarchic_government,empire,e_qarth,high
8236.2.13,gen_2076,qartheen,e_qarth,4,e_qarth,history/titles/hist_titles.txt,,oligarchic_government,empire,e_qarth,high
8236.2.13,gen_2116,feicui_ren,k_R109G14B184,3,e_golden_yi_ti,history/titles/vassal_titles_e_golden_yi_ti.txt,,meritocratic_government,empire,e_golden_yi_ti,high
8236.2.13,gen_2119,feicui_ren,k_R120G189B251,3,e_golden_yi_ti,history/titles/vassal_titles_e_golden_yi_ti.txt,,meritocratic_government,empire,e_golden_yi_ti,high
8236.2.13,gen_2136,feicui_ren,e_golden_yi_ti,4,e_golden_yi_ti,history/titles/hist_titles.txt,,celestial_government,empire,e_golden_yi_ti,high
8236.2.13,gen_2176,jogos_nhai,k_R146G211B104,3,e_jogos_nhai,history/titles/vassal_titles_e_jogos_nhai.txt,,nomad_government,culture,jogos_nhai,high
8236.2.13,gen_2179,jogos_nhai,k_R12G166B33,3,e_jogos_nhai,history/titles/vassal_titles_e_jogos_nhai.txt,,nomad_government,culture,jogos_nhai,high
8236.2.13,gen_2196,jogos_nhai,e_jogos_nhai,4,e_jogos_nhai,history/titles/hist_titles.txt,,nomad_government,culture,jogos_nhai,high
8236.2.13,gen_2256,vahari,e_great_moraq,4,e_great_moraq,history/titles/hist_titles.txt,,feudal_government,empire,e_great_moraq,low
8236.2.13,gen_2295,lengii,d_R206G76B102,2,e_leng,history/titles/vassal_titles_e_leng.txt,,mandala_government,empire,e_leng,high
8236.2.13,gen_2316,lengii,e_leng,4,e_leng,history/titles/hist_titles.txt,,mandala_government,empire,e_leng,high
8236.2.13,gen_735,bloodless_man,k_R235G188B132,3,e_bloodless_men,history/titles/vassal_titles_e_bloodless_men.txt,,tribal_government,empire,e_bloodless_men,low
8236.2.13,gen_736,bloodless_man,d_R104G124B189,2,e_bloodless_men,history/titles/vassal_titles_e_bloodless_men.txt,,tribal_government,empire,e_bloodless_men,low
8236.2.13,gen_756,bloodless_man,e_bloodless_men,4,e_bloodless_men,history/titles/hist_titles.txt,,tribal_government,empire,e_bloodless_men,low
8236.2.13,gen_816,qaleen,e_cannibal_sands,4,e_cannibal_sands,history/titles/hist_titles.txt,,tribal_government,empire,e_cannibal_sands,low
8236.2.13,gen_856,kayakayanayan,d_R1G86B152,2,e_hidden_sea,history/titles/vassal_titles_e_hidden_sea.txt,,clan_government,empire,e_hidden_sea,medium
8236.2.13,gen_859,kayakayanayan,d_R32G145B229,2,e_hidden_sea,history/titles/vassal_titles_e_hidden_sea.txt,,clan_government,empire,e_hidden_sea,medium
8236.2.13,gen_876,kayakayanayan,e_hidden_sea,4,e_hidden_sea,history/titles/hist_titles.txt,,clan_government,empire,e_hidden_sea,medium
8236.2.13,gen_916,ibbatese,d_R108G223B204,2,e_ibben,history/titles/vassal_titles_e_ibben.txt,,oligarchic_government,empire,e_ibben,high
8236.2.13,gen_919,ibbatese,d_R1G118B42,2,e_ibben,history/titles/vassal_titles_e_ibben.txt,,oligarchic_government,empire,e_ibben,high
8236.2.13,gen_936,ibbatese,e_ibben,4,e_ibben,history/titles/hist_titles.txt,,oligarchic_government,empire,e_ibben,high
8236.2.13,gen_976,ifequevron,k_R99G48B179,3,e_ifequevron,history/titles/vassal_titles_e_ifequevron.txt,,tribal_government,empire,e_ifequevron,low
8236.2.13,gen_979,ifequevron,k_R74G160B176,3,e_ifequevron,history/titles/vassal_titles_e_ifequevron.txt,,tribal_government,empire,e_ifequevron,low
8236.2.13,gen_996,ifequevron,e_ifequevron,4,e_ifequevron,history/titles/hist_titles.txt,,tribal_government,empire,e_ifequevron,low
8237.1.1,102469149,ghaeni,c_ghaen,1,,history/titles/lv_k_ghiscar.txt,,oligarchic_government,history_file,lv_k_ghiscar.txt,medium
8237.1.1,Lomberys_18,volantene,c_plains_of_maegys,1,,history/titles/lv_k_volantis.txt,,administrative_government,history_file,lv_k_volantis.txt,high
8237.1.1,Maegyr_24,essosi_valyrian,d_little_valyria,2,,history/titles/lv_k_volantis.txt,,administrative_government,history_file,lv_k_volantis.txt,high
8237.1.1,Mazlaq_16,astapori,c_ghiscar_point,1,,history/titles/lv_k_astapor.txt,,oligarchic_government,history_file,lv_k_astapor.txt,high
8237.1.1,Ullhor_15,astapori,c_dhozai,1,,history/titles/lv_k_astapor.txt,,oligarchic_government,history_file,lv_k_astapor.txt,high
8238.1.1,Loraq_16,meereenese,c_loraq_pyramid,1,,history/titles/lv_k_meereen.txt,,oligarchic_government,history_file,lv_k_meereen.txt,high
8238.1.1,Nakloz_16,astapori,c_nf_nakloz,1,,history/titles/lv_nf_titles.txt,,oligarchic_government,history_file,lv_k_astapor.txt,high
8238.1.1,Pahl_15,meereenese,k_meereen,3,,history/titles/lv_k_meereen.txt,,oligarchic_government,history_file,lv_k_meereen.txt,high
8238.7.2,Vhassorlan_lv_14,gogossite,c_talon,1,,history/titles/lv_k_the_basilisk_isles.txt,,pirate_no_dlc_government,history_file,lv_k_the_basilisk_isles.txt,high
8239.1.1,Adiur_14,asshaii,k_asshai,3,,history/titles/lv_k_asshai.txt,,oligarchic_government,history_file,lv_k_asshai.txt,low
8239.1.1,Eraz_18,yunkaii,c_maelk,1,,history/titles/lv_k_yunkai.txt,,oligarchic_government,history_file,lv_k_yunkai.txt,high
8239.1.1,Qaggaz_16,yunkaii,k_yunkai,3,,history/titles/lv_k_yunkai.txt,,oligarchic_government,history_file,lv_k_yunkai.txt,high
8239.1.1,Rulloros_20,volantene,d_valysar,2,,history/titles/lv_k_volantis.txt,,administrative_government,history_file,lv_k_volantis.txt,high
8239.1.11,eetlv_cs_10_10,eetlv_sand_ghoul,d_R220G226B155,2,e_cannibal_sands,history/titles/vassal_titles_e_cannibal_sands.txt,,tribal_government,empire,e_cannibal_sands,low
8239.1.11,eetlv_cs_11_10,eetlv_sand_ghoul,d_R28G169B63,2,e_cannibal_sands,history/titles/vassal_titles_e_cannibal_sands.txt,,tribal_government,empire,e_cannibal_sands,low
8239.1.11,eetlv_cs_12_10,eetlv_sand_ghoul,d_R81G64B118,2,e_cannibal_sands,history/titles/vassal_titles_e_cannibal_sands.txt,,tribal_government,empire,e_cannibal_sands,low
8239.1.11,eetlv_cs_13_10,eetlv_sand_ghoul,d_R238G6B173,2,e_cannibal_sands,history/titles/vassal_titles_e_cannibal_sands.txt,,tribal_government,empire,e_cannibal_sands,low
8239.1.11,eetlv_cs_14_10,eetlv_sand_ghoul,d_R42G145B84,2,e_cannibal_sands,history/titles/vassal_titles_e_cannibal_sands.txt,,tribal_government,empire,e_cannibal_sands,low
8239.1.11,eetlv_cs_1_10,eetlv_sand_ghoul,e_cannibal_sands,4,e_cannibal_sands,history/titles/vassal_titles_e_cannibal_sands.txt,,tribal_government,empire,e_cannibal_sands,low
8239.1.11,eetlv_cs_2_10,eetlv_sand_ghoul,d_R111G75B187,2,e_cannibal_sands,history/titles/vassal_titles_e_cannibal_sands.txt,,tribal_government,empire,e_cannibal_sands,low
8239.1.11,eetlv_cs_3_10,eetlv_sand_ghoul,d_R240G127B159,2,e_cannibal_sands,history/titles/vassal_titles_e_cannibal_sands.txt,,tribal_government,empire,e_cannibal_sands,low
8239.1.11,eetlv_cs_4_10,eetlv_sand_ghoul,d_R41G226B41,2,e_cannibal_sands,history/titles/vassal_titles_e_cannibal_sands.txt,,tribal_government,empire,e_cannibal_sands,low
8239.1.11,eetlv_cs_5_10,eetlv_sand_ghoul,d_R193G60B253,2,e_cannibal_sands,history/titles/vassal_titles_e_cannibal_sands.txt,,tribal_government,empire,e_cannibal_sands,low
8239.1.11,eetlv_cs_6_10,eetlv_sand_ghoul,d_R222G151B16,2,e_cannibal_sands,history/titles/vassal_titles_e_cannibal_sands.txt,,tribal_government,empire,e_cannibal_sands,low
8239.1.11,eetlv_cs_7_10,eetlv_sand_ghoul,d_R45G162B231,2,e_cannibal_sands,history/titles/vassal_titles_e_cannibal_sands.txt,,tribal_government,empire,e_cannibal_sands,low
8239.1.11,eetlv_cs_8_10,eetlv_sand_ghoul,d_R70G73B87,2,e_cannibal_sands,history/titles/vassal_titles_e_cannibal_sands.txt,,tribal_government,empire,e_cannibal_sands,low
8239.1.11,eetlv_cs_9_10,eetlv_sand_ghoul,d_R232G202B38,2,e_cannibal_sands,history/titles/vassal_titles_e_cannibal_sands.txt,,tribal_government,empire,e_cannibal_sands,low
8239.1.11,gen_1002,ifequevron,e_ifequevron,4,e_ifequevron,history/titles/hist_titles.txt,,tribal_government,empire,e_ifequevron,low
8239.1.11,gen_1062,farosi,e_lesser_moraq,4,e_lesser_moraq,history/titles/hist_titles.txt,,feudal_government,empire,e_lesser_moraq,low
8239.1.11,gen_1156,mossovite,d_R107G171B160,2,e_mossovy,history/titles/vassal_titles_e_mossovy.txt,,tribal_government,empire,e_mossovy,low
8239.1.11,gen_1182,mossovite,e_mossovy,4,e_mossovy,history/titles/hist_titles.txt,,tribal_government,empire,e_mossovy,low
8239.1.11,gen_1242,naathi,e_naath,4,e_naath,history/titles/hist_titles.txt,,tribal_government,empire,e_naath,medium
8239.1.11,gen_1276,norvoshi,d_R87G54B134,2,e_norvos,history/titles/vassal_titles_e_norvos.txt,,theocracy_government,empire,e_norvos,high
8239.1.11,gen_1279,norvoshi,d_R53G162B46,2,e_norvos,history/titles/vassal_titles_e_norvos.txt,,theocracy_government,empire,e_norvos,high
8239.1.11,gen_1302,norvoshi,e_norvos,4,e_norvos,history/titles/hist_titles.txt,,theocracy_government,empire,e_norvos,high
8239.1.11,gen_1336,omberi,d_R20G128B134,2,e_omber,history/titles/vassal_titles_e_omber.txt,,feudal_government,empire,e_omber,medium
8239.1.11,gen_1362,omberi,e_omber,4,e_omber,history/titles/hist_titles.txt,,feudal_government,empire,e_omber,medium
8239.1.11,gen_1396,qohorik,d_R101G68B31,2,e_qohor,history/titles/vassal_titles_e_qohor.txt,,administrative_government,empire,e_qohor,medium
8239.1.11,gen_1399,qohorik,d_R71G9B105,2,e_qohor,history/titles/vassal_titles_e_qohor.txt,,administrative_government,empire,e_qohor,medium
8239.1.11,gen_1422,qohorik,e_qohor,4,e_qohor,history/titles/hist_titles.txt,,administrative_government,empire,e_qohor,medium
8239.1.11,gen_1460,tagaez_fen,d_R113G237B226,2,e_sarnor,history/titles/vassal_titles_e_sarnor.txt,,feudal_government,empire,e_sarnor,high
8239.1.11,gen_1482,tagaez_fen,e_sarnor,4,e_sarnor,history/titles/hist_titles.txt,,feudal_government,empire,e_sarnor,high
8239.1.11,gen_1519,gogossite,d_R198G233B16,2,e_sothoryos,history/titles/vassal_titles_e_sothoryos.txt,,tribal_government,empire,e_sothoryos,medium
8239.1.11,gen_1542,gogossite,e_sothoryos,4,e_sothoryos,history/titles/hist_titles.txt,,tribal_government,empire,e_sothoryos,medium
8239.1.11,gen_1579,jhalai,d_R103G163B139,2,e_summer_isles,history/titles/vassal_titles_e_summer_isles.txt,,feudal_government,empire,e_summer_isles,medium
8239.1.11,gen_1580,jhalai,d_R205G235B19,2,e_summer_isles,history/titles/vassal_titles_e_summer_isles.txt,,feudal_government,empire,e_summer_isles,medium
8239.1.11,gen_1602,jhalai,e_summer_isles,4,e_summer_isles,history/titles/hist_titles.txt,,feudal_government,empire,e_summer_isles,medium
8239.1.11,gen_1639,manticorian,d_R48G26B112,2,e_thousand_islands,history/titles/vassal_titles_e_thousand_islands.txt,,tribal_government,empire,e_thousand_islands,medium
8239.1.11,gen_1640,manticorian,d_R67G144B34,2,e_thousand_islands,history/titles/vassal_titles_e_thousand_islands.txt,,tribal_government,empire,e_thousand_islands,medium
8239.1.11,gen_1662,manticorian,e_thousand_islands,4,e_thousand_islands,history/titles/hist_titles.txt,,tribal_government,empire,e_thousand_islands,medium
8239.1.11,gen_1722,shadowman,e_ulthos,4,e_ulthos,history/titles/hist_titles.txt,,tribal_government,culture,shadowman,low
8239.1.11,gen_1755,dothraki,d_R134G104B125,2,e_upper_sarne_dothraki,history/titles/vassal_titles_e_upper_sarne_dothraki.txt,,nomad_government,culture,dothraki,high
8239.1.11,gen_1756,dothraki,k_R168G94B91,3,e_upper_sarne_dothraki,history/titles/vassal_titles_e_upper_sarne_dothraki.txt,,nomad_government,culture,dothraki,high
8239.1.11,gen_1782,dothraki,e_upper_sarne_dothraki,4,e_upper_sarne_dothraki,history/titles/hist_titles.txt,,nomad_government,culture,dothraki,high
8239.1.11,gen_1816,dothraki,k_R139G90B4,3,e_lower_sarne_dothraki,history/titles/vassal_titles_e_lower_sarne_dothraki.txt,,nomad_government,culture,dothraki,high
8239.1.11,gen_1819,dothraki,k_R35G68B68,3,e_lower_sarne_dothraki,history/titles/vassal_titles_e_lower_sarne_dothraki.txt,,nomad_government,culture,dothraki,high
8239.1.11,gen_1842,dothraki,e_lower_sarne_dothraki,4,e_lower_sarne_dothraki,history/titles/hist_titles.txt,,nomad_government,culture,dothraki,high
8239.1.11,gen_1876,dothraki,k_R209G123B86,3,e_great_grass_sea_dothraki,history/titles/vassal_titles_e_great_grass_sea_dothraki.txt,,nomad_government,culture,dothraki,high
8239.1.11,gen_1879,dothraki,d_R102G182B233,2,e_great_grass_sea_dothraki,history/titles/vassal_titles_e_great_grass_sea_dothraki.txt,,nomad_government,culture,dothraki,high
8239.1.11,gen_1902,dothraki,e_great_grass_sea_dothraki,4,e_great_grass_sea_dothraki,history/titles/hist_titles.txt,,nomad_government,culture,dothraki,high
8239.1.11,gen_1936,dothraki,k_R156G124B52,3,e_bone_mountain_dothraki,history/titles/vassal_titles_e_bone_mountain_dothraki.txt,,nomad_government,culture,dothraki,high
8239.1.11,gen_1939,dothraki,k_R231G165B51,3,e_bone_mountain_dothraki,history/titles/vassal_titles_e_bone_mountain_dothraki.txt,,nomad_government,culture,dothraki,high
8239.1.11,gen_1962,dothraki,e_bone_mountain_dothraki,4,e_bone_mountain_dothraki,history/titles/hist_titles.txt,,nomad_government,culture,dothraki,high
8239.1.11,gen_1996,lhazareen,k_R215G70B208,3,e_lhazar,history/titles/vassal_titles_e_lhazar.txt,,clan_government,empire,e_lhazar,medium
8239.1.11,gen_1999,lhazareen,d_R111G255B221,2,e_lhazar,history/titles/vassal_titles_e_lhazar.txt,,clan_government,empire,e_lhazar,medium
8239.1.11,gen_2022,lhazareen,e_lhazar,4,e_lhazar,history/titles/hist_titles.txt,,clan_government,empire,e_lhazar,medium
8239.1.11,gen_2059,qartheen,k_R154G58B31,3,e_qarth,history/titles/vassal_titles_e_qarth.txt,,oligarchic_government,empire,e_qarth,high
8239.1.11,gen_2060,qartheen,k_R27G181B254,3,e_qarth,history/titles/vassal_titles_e_qarth.txt,,oligarchic_government,empire,e_qarth,high
8239.1.11,gen_2082,qartheen,e_qarth,4,e_qarth,history/titles/hist_titles.txt,,oligarchic_government,empire,e_qarth,high
8239.1.11,gen_2119,feicui_ren,k_R109G14B184,3,e_golden_yi_ti,history/titles/vassal_titles_e_golden_yi_ti.txt,,meritocratic_government,empire,e_golden_yi_ti,high
8239.1.11,gen_2120,feicui_ren,k_R120G189B251,3,e_golden_yi_ti,history/titles/vassal_titles_e_golden_yi_ti.txt,,meritocratic_government,empire,e_golden_yi_ti,high
8239.1.11,gen_2142,feicui_ren,e_golden_yi_ti,4,e_golden_yi_ti,history/titles/hist_titles.txt,,celestial_government,empire,e_golden_yi_ti,high
8239.1.11,gen_2179,jogos_nhai,k_R146G211B104,3,e_jogos_nhai,history/titles/vassal_titles_e_jogos_nhai.txt,,nomad_government,culture,jogos_nhai,high
8239.1.11,gen_2180,jogos_nhai,k_R12G166B33,3,e_jogos_nhai,history/titles/vassal_titles_e_jogos_nhai.txt,,nomad_government,culture,jogos_nhai,high
8239.1.11,gen_2202,jogos_nhai,e_jogos_nhai,4,e_jogos_nhai,history/titles/hist_titles.txt,,nomad_government,culture,jogos_nhai,high
8239.1.11,gen_2262,vahari,e_great_moraq,4,e_great_moraq,history/titles/hist_titles.txt,,feudal_government,empire,e_great_moraq,low
8239.1.11,gen_2295,lengii,d_R206G76B102,2,e_leng,history/titles/vassal_titles_e_leng.txt,,mandala_government,empire,e_leng,high
8239.1.11,gen_2322,lengii,e_leng,4,e_leng,history/titles/hist_titles.txt,,mandala_government,empire,e_leng,high
8239.1.11,gen_736,bloodless_man,k_R235G188B132,3,e_bloodless_men,history/titles/vassal_titles_e_bloodless_men.txt,,tribal_government,empire,e_bloodless_men,low
8239.1.11,gen_739,bloodless_man,d_R104G124B189,2,e_bloodless_men,history/titles/vassal_titles_e_bloodless_men.txt,,tribal_government,empire,e_bloodless_men,low
8239.1.11,gen_762,bloodless_man,e_bloodless_men,4,e_bloodless_men,history/titles/hist_titles.txt,,tribal_government,empire,e_bloodless_men,low
8239.1.11,gen_822,qaleen,e_cannibal_sands,4,e_cannibal_sands,history/titles/hist_titles.txt,,tribal_government,empire,e_cannibal_sands,low
8239.1.11,gen_859,kayakayanayan,d_R1G86B152,2,e_hidden_sea,history/titles/vassal_titles_e_hidden_sea.txt,,clan_government,empire,e_hidden_sea,medium
8239.1.11,gen_860,kayakayanayan,d_R32G145B229,2,e_hidden_sea,history/titles/vassal_titles_e_hidden_sea.txt,,clan_government,empire,e_hidden_sea,medium
8239.1.11,gen_882,kayakayanayan,e_hidden_sea,4,e_hidden_sea,history/titles/hist_titles.txt,,clan_government,empire,e_hidden_sea,medium
8239.1.11,gen_919,ibbatese,d_R108G223B204,2,e_ibben,history/titles/vassal_titles_e_ibben.txt,,oligarchic_government,empire,e_ibben,high
8239.1.11,gen_920,ibbatese,d_R1G118B42,2,e_ibben,history/titles/vassal_titles_e_ibben.txt,,oligarchic_government,empire,e_ibben,high
8239.1.11,gen_942,ibbatese,e_ibben,4,e_ibben,history/titles/hist_titles.txt,,oligarchic_government,empire,e_ibben,high
8239.1.11,gen_979,ifequevron,k_R99G48B179,3,e_ifequevron,history/titles/vassal_titles_e_ifequevron.txt,,tribal_government,empire,e_ifequevron,low
8239.1.11,gen_980,ifequevron,k_R74G160B176,3,e_ifequevron,history/titles/vassal_titles_e_ifequevron.txt,,tribal_government,empire,e_ifequevron,low
8240.1.1,Ahlaq_18,yunkaii,c_nf_ahlaq,1,,history/titles/lv_nf_titles.txt,,oligarchic_government,history_file,lv_k_yunkai.txt,high
8240.1.1,LV_Merreq_18,meereenese,c_merreq_pyramid,1,,history/titles/lv_k_meereen.txt,,oligarchic_government,history_file,lv_k_meereen.txt,high
8241.1.1,Dosh_Khaleen_14,dothraki,d_dosh_khaleen,2,,history/titles/lv_dothraki.txt,,theocracy_government,title,d_dosh_khaleen,high
8241.1.1,Nefatis_15,volantene,d_valon_sar,2,,history/titles/lv_k_volantis.txt,,administrative_government,history_file,lv_k_volantis.txt,high
8241.1.1,Rebagyr_18,mantaryan,c_demon_pass,1,,history/titles/lv_k_north_valyria.txt,,oligarchic_government,history_file,lv_k_north_valyria.txt,medium
8241.1.1,Stogarys_18,volantene,c_mavlys,1,,history/titles/lv_k_volantis.txt,,administrative_government,history_file,lv_k_volantis.txt,high
8242.1.1,Hazkar_17,meereenese,c_hazkar_pyramid,1,,history/titles/lv_k_meereen.txt,,oligarchic_government,history_file,lv_k_meereen.txt,high
8242.1.1,RHLLOR_12,volantene,d_the_red_priesthood,2,,history/titles/lv_k_the_red_priesthood.txt,,theocracy_government,history_file,lv_k_the_red_priesthood.txt,high
8242.2.1,Ennyrion_lv_17,gogossite,c_maggot_shore,1,,history/titles/lv_k_the_basilisk_isles.txt,,pirate_no_dlc_government,history_file,lv_k_the_basilisk_isles.txt,high
8244.1.1,Ghazeen_19,meereenese,c_ghazeen_pyramid,1,,history/titles/lv_k_meereen.txt,,oligarchic_government,history_file,lv_k_meereen.txt,high
8244.1.1,LV_Votar_18,essosi_valyrian,d_nf_votar,2,,history/titles/lv_nf_titles.txt,,administrative_government,history_file,lv_k_volantis.txt,high
8244.1.1,Mazemagyr_20,tolosi,c_black_cliffs,1,,history/titles/lv_k_north_valyria.txt,,oligarchic_government,history_file,lv_k_north_valyria.txt,medium
8244.1.1,Rannovar_17,volantene,d_dreos,2,,history/titles/lv_k_volantis.txt,,administrative_government,history_file,lv_k_volantis.txt,high
8244.8.10,Benaris_lv_16,gogossite,c_death_isle,1,,history/titles/lv_k_the_basilisk_isles.txt,,pirate_no_dlc_government,history_file,lv_k_the_basilisk_isles.txt,high
8244.8.10,Enreos_lv_16,gogossite,c_scoundrels_point,1,,history/titles/lv_k_the_basilisk_isles.txt,,pirate_no_dlc_government,history_file,lv_k_the_basilisk_isles.txt,high
8244.8.10,Hendry_lv_16,valyrian_original,c_wraiths_rest,1,,history/titles/lv_k_the_basilisk_isles.txt,,pirate_no_dlc_government,history_file,lv_k_the_basilisk_isles.txt,high
8244.8.10,Nahion_lv_16,gogossite,c_isle_of_vines,1,,history/titles/lv_k_the_basilisk_isles.txt,,pirate_no_dlc_government,history_file,lv_k_the_basilisk_isles.txt,high
8244.8.10,Zaldrizyen_lv_16,gogossite,c_strait_of_skulls,1,,history/titles/lv_k_the_basilisk_isles.txt,,pirate_no_dlc_government,history_file,lv_k_the_basilisk_isles.txt,high
8245.1.1,102069148,ghaeni,c_baked_shore,1,,history/titles/lv_k_ghiscar.txt,,oligarchic_government,history_file,lv_k_ghiscar.txt,medium
8245.1.1,Azantone_16,tolosi,d_tolos,2,,history/titles/lv_k_north_valyria.txt,,oligarchic_government,history_file,lv_k_north_valyria.txt,medium
8245.1.1,Kandaq_15,meereenese,c_kandaq_pyramid,1,,history/titles/lv_k_meereen.txt,,oligarchic_government,history_file,lv_k_meereen.txt,high
8245.1.1,Quazzar_18,meereenese,c_nf_quazzar,1,,history/titles/lv_nf_titles.txt,,oligarchic_government,history_file,lv_k_meereen.txt,high
8245.1.1,Vhassar_20,essosi_valyrian,d_nf_vhassar,2,,history/titles/lv_nf_titles.txt,,administrative_government,history_file,lv_k_volantis.txt,high
8245.1.1,Yunzak_16,yunkaii,c_nf_yunzak,1,,history/titles/lv_nf_titles.txt,,oligarchic_government,history_file,lv_k_yunkai.txt,high
8246.1.1,Isnardo_15,volantene,c_ar_mynar,1,,history/titles/lv_k_volantis.txt,,administrative_government,history_file,lv_k_volantis.txt,high
8246.1.1,Nakloz_18,astapori,c_nf_nakloz,1,,history/titles/lv_nf_titles.txt,,oligarchic_government,history_file,lv_k_astapor.txt,high
8249.1.1,Grazlar_17,astapori,c_horns_of_hazzat,1,,history/titles/lv_k_astapor.txt,,oligarchic_government,history_file,lv_k_astapor.txt,high
8249.1.1,Reznak_16,meereenese,c_khyzai_pass,1,,history/titles/lv_k_meereen.txt,,oligarchic_government,history_file,lv_k_meereen.txt,high
8249.1.1,Ullhor_15,astapori,k_astapor,3,,history/titles/lv_k_astapor.txt,,oligarchic_government,history_file,lv_k_astapor.txt,high
8249.1.1,Volnyros_19,volantene,c_selhorys,1,,history/titles/lv_k_volantis.txt,,administrative_government,history_file,lv_k_volantis.txt,high
8250.1.1,Loraq_17,meereenese,c_loraq_pyramid,1,,history/titles/lv_k_meereen.txt,,oligarchic_government,history_file,lv_k_meereen.txt,high
8250.1.1,Qheadar_19,essosi_valyrian,k_volantis,3,,history/titles/lv_k_volantis.txt,,administrative_government,history_file,lv_k_volantis.txt,high
8250.1.1,Rhaezn_18,yunkaii,c_nf_rhaezn,1,,history/titles/lv_nf_titles.txt,,oligarchic_government,history_file,lv_k_yunkai.txt,high
8251.1.1,126360025,ghaeni,k_new_ghis,3,,history/titles/lv_k_ghiscar.txt,,oligarchic_government,history_file,lv_k_ghiscar.txt,medium
8251.1.1,Barlaeris_11,mantaryan,c_elarion,1,,history/titles/lv_k_north_valyria.txt,,oligarchic_government,history_file,lv_k_north_valyria.txt,medium
8252.1.1,Dhazak_18,meereenese,c_dhazak_pyramid,1,,history/titles/lv_k_meereen.txt,,oligarchic_government,history_file,lv_k_meereen.txt,high
8252.1.1,Rhazdar_18,meereenese,c_nf_rhazdar,1,,history/titles/lv_nf_titles.txt,,oligarchic_government,history_file,lv_k_meereen.txt,high
8253.1.1,Azantone_18,tolosi,d_tolos,2,,history/titles/lv_k_north_valyria.txt,,oligarchic_government,history_file,lv_k_north_valyria.txt,medium
8253.1.1,Mazlaq_16,astapori,k_astapor,3,,history/titles/lv_k_astapor.txt,,oligarchic_government,history_file,lv_k_astapor.txt,high
8253.1.1,Nogarys_21,essosi_valyrian,d_nf_nogarys,2,,history/titles/lv_nf_titles.txt,,administrative_government,history_file,lv_k_volantis.txt,high
8253.1.1,Ullhor_16,astapori,c_dhozai,1,,history/titles/lv_k_astapor.txt,,oligarchic_government,history_file,lv_k_astapor.txt,high
8255.1.1,102469152,ghaeni,c_atruskai,1,,history/titles/lv_k_ghiscar.txt,,oligarchic_government,history_file,lv_k_ghiscar.txt,medium
8255.1.1,Eraz_19,yunkaii,c_maelk,1,,history/titles/lv_k_yunkai.txt,,oligarchic_government,history_file,lv_k_yunkai.txt,high
8255.1.1,Grazlar_18,astapori,c_horns_of_hazzat,1,,history/titles/lv_k_astapor.txt,,oligarchic_government,history_file,lv_k_astapor.txt,high
8255.1.1,Zherzyn_17,yunkaii,c_nf_zherzyn,1,,history/titles/lv_nf_titles.txt,,oligarchic_government,history_file,lv_k_yunkai.txt,high
8256.1.1,Marsiglio_15,volantene,c_anyria,1,,history/titles/lv_k_volantis.txt,,administrative_government,history_file,lv_k_volantis.txt,high
8256.1.1,Qheadar_20,essosi_valyrian,d_nf_qhaedar,2,,history/titles/lv_nf_titles.txt,,administrative_government,history_file,lv_k_volantis.txt,high
8256.1.1,Vaelaros_16,essosi_valyrian,k_volantis,3,,history/titles/lv_k_volantis.txt,,administrative_government,history_file,lv_k_volantis.txt,high
8256.1.1,Zobridar_18,mantaryan,d_mantarys,2,,history/titles/lv_k_north_valyria.txt,,oligarchic_government,history_file,lv_k_north_valyria.txt,medium
8258.1.1,Ahlaq_19,yunkaii,c_nf_ahlaq,1,,history/titles/lv_nf_titles.txt,,oligarchic_government,history_file,lv_k_yunkai.txt,high
8258.1.1,Rhaezn_22,yunkaii,c_nf_rhaezn,1,,history/titles/lv_nf_titles.txt,,oligarchic_government,history_file,lv_k_yunkai.txt,high
8258.2.20,Paenohrin_lv_17,gogossite,c_the_handle,1,,history/titles/lv_k_the_basilisk_isles.txt,,pirate_no_dlc_government,history_file,lv_k_the_basilisk_isles.txt,high
8258.12.21,eetlv_cs_10_11,eetlv_sand_ghoul,d_R220G226B155,2,e_cannibal_sands,history/titles/vassal_titles_e_cannibal_sands.txt,,tribal_government,empire,e_cannibal_sands,low
8258.12.21,eetlv_cs_11_11,eetlv_sand_ghoul,d_R28G169B63,2,e_cannibal_sands,history/titles/vassal_titles_e_cannibal_sands.txt,,tribal_government,empire,e_cannibal_sands,low
8258.12.21,eetlv_cs_12_11,eetlv_sand_ghoul,d_R81G64B118,2,e_cannibal_sands,history/titles/vassal_titles_e_cannibal_sands.txt,,tribal_government,empire,e_cannibal_sands,low
8258.12.21,eetlv_cs_13_11,eetlv_sand_ghoul,d_R238G6B173,2,e_cannibal_sands,history/titles/vassal_titles_e_cannibal_sands.txt,,tribal_government,empire,e_cannibal_sands,low
8258.12.21,eetlv_cs_14_11,eetlv_sand_ghoul,d_R42G145B84,2,e_cannibal_sands,history/titles/vassal_titles_e_cannibal_sands.txt,,tribal_government,empire,e_cannibal_sands,low
8258.12.21,eetlv_cs_1_11,eetlv_sand_ghoul,e_cannibal_sands,4,e_cannibal_sands,history/titles/vassal_titles_e_cannibal_sands.txt,,tribal_government,empire,e_cannibal_sands,low
8258.12.21,eetlv_cs_2_11,eetlv_sand_ghoul,d_R111G75B187,2,e_cannibal_sands,history/titles/vassal_titles_e_cannibal_sands.txt,,tribal_government,empire,e_cannibal_sands,low
8258.12.21,eetlv_cs_3_11,eetlv_sand_ghoul,d_R240G127B159,2,e_cannibal_sands,history/titles/vassal_titles_e_cannibal_sands.txt,,tribal_government,empire,e_cannibal_sands,low
8258.12.21,eetlv_cs_4_11,eetlv_sand_ghoul,d_R41G226B41,2,e_cannibal_sands,history/titles/vassal_titles_e_cannibal_sands.txt,,tribal_government,empire,e_cannibal_sands,low
8258.12.21,eetlv_cs_5_11,eetlv_sand_ghoul,d_R193G60B253,2,e_cannibal_sands,history/titles/vassal_titles_e_cannibal_sands.txt,,tribal_government,empire,e_cannibal_sands,low
8258.12.21,eetlv_cs_6_11,eetlv_sand_ghoul,d_R222G151B16,2,e_cannibal_sands,history/titles/vassal_titles_e_cannibal_sands.txt,,tribal_government,empire,e_cannibal_sands,low
8258.12.21,eetlv_cs_7_11,eetlv_sand_ghoul,d_R45G162B231,2,e_cannibal_sands,history/titles/vassal_titles_e_cannibal_sands.txt,,tribal_government,empire,e_cannibal_sands,low
8258.12.21,eetlv_cs_8_11,eetlv_sand_ghoul,d_R70G73B87,2,e_cannibal_sands,history/titles/vassal_titles_e_cannibal_sands.txt,,tribal_government,empire,e_cannibal_sands,low
8258.12.21,eetlv_cs_9_11,eetlv_sand_ghoul,d_R232G202B38,2,e_cannibal_sands,history/titles/vassal_titles_e_cannibal_sands.txt,,tribal_government,empire,e_cannibal_sands,low
8258.12.21,gen_1008,ifequevron,e_ifequevron,4,e_ifequevron,history/titles/hist_titles.txt,,tribal_government,empire,e_ifequevron,low
8258.12.21,gen_1068,farosi,e_lesser_moraq,4,e_lesser_moraq,history/titles/hist_titles.txt,,feudal_government,empire,e_lesser_moraq,low
8258.12.21,gen_1162,mossovite,d_R107G171B160,2,e_mossovy,history/titles/vassal_titles_e_mossovy.txt,,tribal_government,empire,e_mossovy,low
8258.12.21,gen_1188,mossovite,e_mossovy,4,e_mossovy,history/titles/hist_titles.txt,,tribal_government,empire,e_mossovy,low
8258.12.21,gen_1248,naathi,e_naath,4,e_naath,history/titles/hist_titles.txt,,tribal_government,empire,e_naath,medium
8258.12.21,gen_1280,norvoshi,d_R87G54B134,2,e_norvos,history/titles/vassal_titles_e_norvos.txt,,theocracy_government,empire,e_norvos,high
8258.12.21,gen_1281,norvoshi,d_R53G162B46,2,e_norvos,history/titles/vassal_titles_e_norvos.txt,,theocracy_government,empire,e_norvos,high
8258.12.21,gen_1308,norvoshi,e_norvos,4,e_norvos,history/titles/hist_titles.txt,,theocracy_government,empire,e_norvos,high
8258.12.21,gen_1340,omberi,d_R20G128B134,2,e_omber,history/titles/vassal_titles_e_omber.txt,,feudal_government,empire,e_omber,medium
8258.12.21,gen_1368,omberi,e_omber,4,e_omber,history/titles/hist_titles.txt,,feudal_government,empire,e_omber,medium
8258.12.21,gen_1400,qohorik,d_R101G68B31,2,e_qohor,history/titles/vassal_titles_e_qohor.txt,,administrative_government,empire,e_qohor,medium
8258.12.21,gen_1401,qohorik,d_R71G9B105,2,e_qohor,history/titles/vassal_titles_e_qohor.txt,,administrative_government,empire,e_qohor,medium
8258.12.21,gen_1428,qohorik,e_qohor,4,e_qohor,history/titles/hist_titles.txt,,administrative_government,empire,e_qohor,medium
8258.12.21,gen_1462,tagaez_fen,d_R113G237B226,2,e_sarnor,history/titles/vassal_titles_e_sarnor.txt,,feudal_government,empire,e_sarnor,high
8258.12.21,gen_1488,tagaez_fen,e_sarnor,4,e_sarnor,history/titles/hist_titles.txt,,feudal_government,empire,e_sarnor,high
8258.12.21,gen_1521,gogossite,d_R198G233B16,2,e_sothoryos,history/titles/vassal_titles_e_sothoryos.txt,,tribal_government,empire,e_sothoryos,medium
8258.12.21,gen_1548,gogossite,e_sothoryos,4,e_sothoryos,history/titles/hist_titles.txt,,tribal_government,empire,e_sothoryos,medium
8258.12.21,gen_1581,jhalai,d_R103G163B139,2,e_summer_isles,history/titles/vassal_titles_e_summer_isles.txt,,feudal_government,empire,e_summer_isles,medium
8258.12.21,gen_1582,jhalai,d_R205G235B19,2,e_summer_isles,history/titles/vassal_titles_e_summer_isles.txt,,feudal_government,empire,e_summer_isles,medium
8258.12.21,gen_1608,jhalai,e_summer_isles,4,e_summer_isles,history/titles/hist_titles.txt,,feudal_government,empire,e_summer_isles,medium
8258.12.21,gen_1641,manticorian,d_R48G26B112,2,e_thousand_islands,history/titles/vassal_titles_e_thousand_islands.txt,,tribal_government,empire,e_thousand_islands,medium
8258.12.21,gen_1642,manticorian,d_R67G144B34,2,e_thousand_islands,history/titles/vassal_titles_e_thousand_islands.txt,,tribal_government,empire,e_thousand_islands,medium
8258.12.21,gen_1668,manticorian,e_thousand_islands,4,e_thousand_islands,history/titles/hist_titles.txt,,tribal_government,empire,e_thousand_islands,medium
8258.12.21,gen_1728,shadowman,e_ulthos,4,e_ulthos,history/titles/hist_titles.txt,,tribal_government,culture,shadowman,low
8258.12.21,gen_1761,dothraki,d_R134G104B125,2,e_upper_sarne_dothraki,history/titles/vassal_titles_e_upper_sarne_dothraki.txt,,nomad_government,culture,dothraki,high
8258.12.21,gen_1762,dothraki,k_R168G94B91,3,e_upper_sarne_dothraki,history/titles/vassal_titles_e_upper_sarne_dothraki.txt,,nomad_government,culture,dothraki,high
8258.12.21,gen_1788,dothraki,e_upper_sarne_dothraki,4,e_upper_sarne_dothraki,history/titles/hist_titles.txt,,nomad_government,culture,dothraki,high
8258.12.21,gen_1821,dothraki,k_R139G90B4,3,e_lower_sarne_dothraki,history/titles/vassal_titles_e_lower_sarne_dothraki.txt,,nomad_government,culture,dothraki,high
8258.12.21,gen_1822,dothraki,k_R35G68B68,3,e_lower_sarne_dothraki,history/titles/vassal_titles_e_lower_sarne_dothraki.txt,,nomad_government,culture,dothraki,high
8258.12.21,gen_1848,dothraki,e_lower_sarne_dothraki,4,e_lower_sarne_dothraki,history/titles/hist_titles.txt,,nomad_government,culture,dothraki,high
8258.12.21,gen_1880,dothraki,k_R209G123B86,3,e_great_grass_sea_dothraki,history/titles/vassal_titles_e_great_grass_sea_dothraki.txt,,nomad_government,culture,dothraki,high
8258.12.21,gen_1881,dothraki,d_R102G182B233,2,e_great_grass_sea_dothraki,history/titles/vassal_titles_e_great_grass_sea_dothraki.txt,,nomad_government,culture,dothraki,high
8258.12.21,gen_1908,dothraki,e_great_grass_sea_dothraki,4,e_great_grass_sea_dothraki,history/titles/hist_titles.txt,,nomad_government,culture,dothraki,high
8258.12.21,gen_1940,dothraki,k_R156G124B52,3,e_bone_mountain_dothraki,history/titles/vassal_titles_e_bone_mountain_dothraki.txt,,nomad_government,culture,dothraki,high
8258.12.21,gen_1941,dothraki,k_R231G165B51,3,e_bone_mountain_dothraki,history/titles/vassal_titles_e_bone_mountain_dothraki.txt,,nomad_government,culture,dothraki,high
8258.12.21,gen_1968,dothraki,e_bone_mountain_dothraki,4,e_bone_mountain_dothraki,history/titles/hist_titles.txt,,nomad_government,culture,dothraki,high
8258.12.21,gen_2000,lhazareen,k_R215G70B208,3,e_lhazar,history/titles/vassal_titles_e_lhazar.txt,,clan_government,empire,e_lhazar,medium
8258.12.21,gen_2001,lhazareen,d_R111G255B221,2,e_lhazar,history/titles/vassal_titles_e_lhazar.txt,,clan_government,empire,e_lhazar,medium
8258.12.21,gen_2028,lhazareen,e_lhazar,4,e_lhazar,history/titles/hist_titles.txt,,clan_government,empire,e_lhazar,medium
8258.12.21,gen_2061,qartheen,k_R154G58B31,3,e_qarth,history/titles/vassal_titles_e_qarth.txt,,oligarchic_government,empire,e_qarth,high
8258.12.21,gen_2062,qartheen,k_R27G181B254,3,e_qarth,history/titles/vassal_titles_e_qarth.txt,,oligarchic_government,empire,e_qarth,high
8258.12.21,gen_2088,qartheen,e_qarth,4,e_qarth,history/titles/hist_titles.txt,,oligarchic_government,empire,e_qarth,high
8258.12.21,gen_2121,feicui_ren,k_R109G14B184,3,e_golden_yi_ti,history/titles/vassal_titles_e_golden_yi_ti.txt,,meritocratic_government,empire,e_golden_yi_ti,high
8258.12.21,gen_2122,feicui_ren,k_R120G189B251,3,e_golden_yi_ti,history/titles/vassal_titles_e_golden_yi_ti.txt,,meritocratic_government,empire,e_golden_yi_ti,high
8258.12.21,gen_2148,feicui_ren,e_golden_yi_ti,4,e_golden_yi_ti,history/titles/hist_titles.txt,,celestial_government,empire,e_golden_yi_ti,high
8258.12.21,gen_2181,jogos_nhai,k_R146G211B104,3,e_jogos_nhai,history/titles/vassal_titles_e_jogos_nhai.txt,,nomad_government,culture,jogos_nhai,high
8258.12.21,gen_2182,jogos_nhai,k_R12G166B33,3,e_jogos_nhai,history/titles/vassal_titles_e_jogos_nhai.txt,,nomad_government,culture,jogos_nhai,high
8258.12.21,gen_2208,jogos_nhai,e_jogos_nhai,4,e_jogos_nhai,history/titles/hist_titles.txt,,nomad_government,culture,jogos_nhai,high
8258.12.21,gen_2268,vahari,e_great_moraq,4,e_great_moraq,history/titles/hist_titles.txt,,feudal_government,empire,e_great_moraq,low
8258.12.21,gen_2301,lengii,d_R206G76B102,2,e_leng,history/titles/vassal_titles_e_leng.txt,,mandala_government,empire,e_leng,high
8258.12.21,gen_2328,lengii,e_leng,4,e_leng,history/titles/hist_titles.txt,,mandala_government,empire,e_leng,high
8258.12.21,gen_740,bloodless_man,k_R235G188B132,3,e_bloodless_men,history/titles/vassal_titles_e_bloodless_men.txt,,tribal_government,empire,e_bloodless_men,low
8258.12.21,gen_741,bloodless_man,d_R104G124B189,2,e_bloodless_men,history/titles/vassal_titles_e_bloodless_men.txt,,tribal_government,empire,e_bloodless_men,low
8258.12.21,gen_768,bloodless_man,e_bloodless_men,4,e_bloodless_men,history/titles/hist_titles.txt,,tribal_government,empire,e_bloodless_men,low
8258.12.21,gen_828,qaleen,e_cannibal_sands,4,e_cannibal_sands,history/titles/hist_titles.txt,,tribal_government,empire,e_cannibal_sands,low
8258.12.21,gen_861,kayakayanayan,d_R1G86B152,2,e_hidden_sea,history/titles/vassal_titles_e_hidden_sea.txt,,clan_government,empire,e_hidden_sea,medium
8258.12.21,gen_862,kayakayanayan,d_R32G145B229,2,e_hidden_sea,history/titles/vassal_titles_e_hidden_sea.txt,,clan_government,empire,e_hidden_sea,medium
8258.12.21,gen_888,kayakayanayan,e_hidden_sea,4,e_hidden_sea,history/titles/hist_titles.txt,,clan_government,empire,e_hidden_sea,medium
8258.12.21,gen_921,ibbatese,d_R108G223B204,2,e_ibben,history/titles/vassal_titles_e_ibben.txt,,oligarchic_government,empire,e_ibben,high
8258.12.21,gen_922,ibbatese,d_R1G118B42,2,e_ibben,history/titles/vassal_titles_e_ibben.txt,,oligarchic_government,empire,e_ibben,high
8258.12.21,gen_948,ibbatese,e_ibben,4,e_ibben,history/titles/hist_titles.txt,,oligarchic_government,empire,e_ibben,high
8258.12.21,gen_981,ifequevron,k_R99G48B179,3,e_ifequevron,history/titles/vassal_titles_e_ifequevron.txt,,tribal_government,empire,e_ifequevron,low
8258.12.21,gen_982,ifequevron,k_R74G160B176,3,e_ifequevron,history/titles/vassal_titles_e_ifequevron.txt,,tribal_government,empire,e_ifequevron,low
8260.1.1,Grazdhan_16,astapori,c_gadhis,1,,history/titles/lv_k_astapor.txt,,oligarchic_government,history_file,lv_k_astapor.txt,high
8260.1.1,Ilvar_19,elyrian,c_elyria,1,,history/titles/lv_k_north_valyria.txt,,oligarchic_government,history_file,lv_k_north_valyria.txt,medium
8260.1.1,Paenymion_21,essosi_valyrian,d_nf_paenymion,2,,history/titles/lv_nf_titles.txt,,administrative_government,history_file,lv_k_volantis.txt,high
8260.1.1,Vaelaros_18,essosi_valyrian,k_volantis,3,,history/titles/lv_k_volantis.txt,,administrative_government,history_file,lv_k_volantis.txt,high
8260.10.1,Benaris_lv_17,gogossite,c_death_isle,1,,history/titles/lv_k_the_basilisk_isles.txt,,pirate_no_dlc_government,history_file,lv_k_the_basilisk_isles.txt,high
8260.10.1,Enreos_lv_17,gogossite,c_scoundrels_point,1,,history/titles/lv_k_the_basilisk_isles.txt,,pirate_no_dlc_government,history_file,lv_k_the_basilisk_isles.txt,high
8260.10.1,Hendry_lv_17,valyrian_original,c_wraiths_rest,1,,history/titles/lv_k_the_basilisk_isles.txt,,pirate_no_dlc_government,history_file,lv_k_the_basilisk_isles.txt,high
8260.10.1,Nahion_lv_17,gogossite,c_isle_of_vines,1,,history/titles/lv_k_the_basilisk_isles.txt,,pirate_no_dlc_government,history_file,lv_k_the_basilisk_isles.txt,high
8260.10.1,Zaldrizyen_lv_17,gogossite,c_strait_of_skulls,1,,history/titles/lv_k_the_basilisk_isles.txt,,pirate_no_dlc_government,history_file,lv_k_the_basilisk_isles.txt,high
8261.1.1,13133914,asshaii,d_chalysa,2,,history/titles/lv_k_asshai.txt,,oligarchic_government,history_file,lv_k_asshai.txt,low
8261.1.1,Qheadar_21,essosi_valyrian,d_nf_qhaedar,2,,history/titles/lv_nf_titles.txt,,administrative_government,history_file,lv_k_volantis.txt,high
8261.1.1,RHLLOR_13,volantene,d_the_red_priesthood,2,,history/titles/lv_k_the_red_priesthood.txt,,theocracy_government,history_file,lv_k_the_red_priesthood.txt,high
8261.4.11,Ennyrion_lv_18,gogossite,c_maggot_shore,1,,history/titles/lv_k_the_basilisk_isles.txt,,pirate_no_dlc_government,history_file,lv_k_the_basilisk_isles.txt,high
8262.1.1,13233914,asshaii,d_chalysa,2,,history/titles/lv_k_asshai.txt,,oligarchic_government,history_file,lv_k_asshai.txt,low
8262.1.1,Bone_lv_6,jhalai,c_coast_of_sorrows,1,,history/titles/lv_k_the_basilisk_isles.txt,,pirate_no_dlc_government,history_file,lv_k_the_basilisk_isles.txt,high
8262.1.1,Mazlaq_18,astapori,c_ghiscar_point,1,,history/titles/lv_k_astapor.txt,,oligarchic_government,history_file,lv_k_astapor.txt,high
8262.1.1,Motho_1,dothraki,k_khalasar_painted_mountains,3,,history/titles/lv_k_volantis.txt,,nomad_government,culture,dothraki,high
8262.1.1,Qhoqua_lv_6,jhalai,c_isle_of_toads,1,,history/titles/lv_k_the_basilisk_isles.txt,,pirate_no_dlc_government,history_file,lv_k_the_basilisk_isles.txt,high
8262.1.1,Ullhor_16,astapori,k_astapor,3,,history/titles/lv_k_astapor.txt,,oligarchic_government,history_file,lv_k_astapor.txt,high
8262.1.1,Xho_lv_6,jhalai,c_pirates_haven,1,,history/titles/lv_k_the_basilisk_isles.txt,,pirate_no_dlc_government,history_file,lv_k_the_basilisk_isles.txt,high
8262.1.1,Xhore_lv_6,qartheen,c_ax_isle,1,,history/titles/lv_k_the_basilisk_isles.txt,,pirate_no_dlc_government,history_file,lv_k_the_basilisk_isles.txt,high
8263.1.1,Isnardo_17,volantene,c_ar_mynar,1,,history/titles/lv_k_volantis.txt,,administrative_government,history_file,lv_k_volantis.txt,high
8263.1.1,LV_Votar_21,essosi_valyrian,d_nf_votar,2,,history/titles/lv_nf_titles.txt,,administrative_government,history_file,lv_k_volantis.txt,high
8264.1.1,Dhogarys_19,volantene,c_honors_port,1,,history/titles/lv_k_volantis.txt,,administrative_government,history_file,lv_k_volantis.txt,high
8264.1.1,Eraz_19,yunkaii,k_yunkai,3,,history/titles/lv_k_yunkai.txt,,oligarchic_government,history_file,lv_k_yunkai.txt,high
8264.1.1,Qaggaz_17,yunkaii,c_kaldeen,1,,history/titles/lv_k_yunkai.txt,,oligarchic_government,history_file,lv_k_yunkai.txt,high
8265.1.1,LV_Merreq_20,meereenese,c_merreq_pyramid,1,,history/titles/lv_k_meereen.txt,,oligarchic_government,history_file,lv_k_meereen.txt,high
8265.1.1,Stogarys_19,volantene,c_mavlys,1,,history/titles/lv_k_volantis.txt,,administrative_government,history_file,lv_k_volantis.txt,high
8265.1.1,Volnyros_21,volantene,c_selhorys,1,,history/titles/lv_k_volantis.txt,,administrative_government,history_file,lv_k_volantis.txt,high
8266.1.1,Kirines_18,volantene,d_volon_therys,2,,history/titles/lv_k_volantis.txt,,administrative_government,history_file,lv_k_volantis.txt,high
8266.1.1,Naqqan_17,meereenese,c_naqqan_pyramid,1,,history/titles/lv_k_meereen.txt,,oligarchic_government,history_file,lv_k_meereen.txt,high
8266.1.1,Rhazdar_19,meereenese,c_nf_rhazdar,1,,history/titles/lv_nf_titles.txt,,oligarchic_government,history_file,lv_k_meereen.txt,high
8266.1.1,Rulloros_24,volantene,d_valysar,2,,history/titles/lv_k_volantis.txt,,administrative_government,history_file,lv_k_volantis.txt,high
8266.1.1,Vaelaros_19,essosi_valyrian,k_volantis,3,,history/titles/lv_k_volantis.txt,,administrative_government,history_file,lv_k_volantis.txt,high
8267.1.1,102369148,ghaeni,c_baked_shore,1,,history/titles/lv_k_ghiscar.txt,,oligarchic_government,history_file,lv_k_ghiscar.txt,medium
8267.1.1,Barlaeris_12,mantaryan,c_elarion,1,,history/titles/lv_k_north_valyria.txt,,oligarchic_government,history_file,lv_k_north_valyria.txt,medium
8267.1.1,Galare_16,meereenese,k_meereen,3,,history/titles/lv_k_meereen.txt,,oligarchic_government,history_file,lv_k_meereen.txt,high
8267.1.1,Ghazeen_20,meereenese,c_ghazeen_pyramid,1,,history/titles/lv_k_meereen.txt,,oligarchic_government,history_file,lv_k_meereen.txt,high
8267.1.1,Maegyr_25,essosi_valyrian,d_little_valyria,2,,history/titles/lv_k_volantis.txt,,administrative_government,history_file,lv_k_volantis.txt,high
8267.1.1,Pahl_16,meereenese,c_demon_road,1,,history/titles/lv_k_meereen.txt,,oligarchic_government,history_file,lv_k_meereen.txt,high
8268.1.1,102869152,ghaeni,c_atruskai,1,,history/titles/lv_k_ghiscar.txt,,oligarchic_government,history_file,lv_k_ghiscar.txt,medium
8268.1.1,Dosh_Khaleen_15,dothraki,d_dosh_khaleen,2,,history/titles/lv_dothraki.txt,,theocracy_government,title,d_dosh_khaleen,high
8268.1.1,Ninmarki_18,shadowman,d_hattar,2,,history/titles/lv_k_asshai.txt,,tribal_government,culture,shadowman,low
8268.1.1,Oliviriana_18,volantene,c_laboros,1,,history/titles/lv_k_volantis.txt,,administrative_government,history_file,lv_k_volantis.txt,high
8268.1.1,Pendaeron_12,mantaryan,c_treylys,1,,history/titles/lv_k_north_valyria.txt,,oligarchic_government,history_file,lv_k_north_valyria.txt,medium
8268.1.1,Vhassar_22,essosi_valyrian,d_nf_vhassar,2,,history/titles/lv_nf_titles.txt,,administrative_government,history_file,lv_k_volantis.txt,high
8269.4.15,Paenohrin_lv_18,gogossite,c_the_handle,1,,history/titles/lv_k_the_basilisk_isles.txt,,pirate_no_dlc_government,history_file,lv_k_the_basilisk_isles.txt,high
8270.1.1,Azantone_21,tolosi,d_tolos,2,,history/titles/lv_k_north_valyria.txt,,oligarchic_government,history_file,lv_k_north_valyria.txt,medium
8270.1.1,Dhogarys_21,volantene,c_honors_port,1,,history/titles/lv_k_volantis.txt,,administrative_government,history_file,lv_k_volantis.txt,high
8271.1.1,LV_Votar_22,essosi_valyrian,d_nf_votar,2,,history/titles/lv_nf_titles.txt,,administrative_government,history_file,lv_k_volantis.txt,high
8271.1.1,Lomberys_20,volantene,c_plains_of_maegys,1,,history/titles/lv_k_volantis.txt,,administrative_government,history_file,lv_k_volantis.txt,high
8272.1.1,13733911,asshaii,d_the_saffron_lands,2,,history/titles/lv_k_asshai.txt,,oligarchic_government,history_file,lv_k_asshai.txt,low
8272.1.1,Grazdhan_17,astapori,c_gadhis,1,,history/titles/lv_k_astapor.txt,,oligarchic_government,history_file,lv_k_astapor.txt,high
8272.1.1,Paenymion_21,essosi_valyrian,k_volantis,3,,history/titles/lv_k_volantis.txt,,administrative_government,history_file,lv_k_volantis.txt,high
8272.1.1,Vaelaros_21,essosi_valyrian,d_nf_vaelaros,2,,history/titles/lv_nf_titles.txt,,administrative_government,history_file,lv_k_volantis.txt,high
8273.1.1,Adiur_15,asshaii,k_asshai,3,,history/titles/lv_k_asshai.txt,,oligarchic_government,history_file,lv_k_asshai.txt,low
8273.1.1,Marsiglio_17,volantene,c_anyria,1,,history/titles/lv_k_volantis.txt,,administrative_government,history_file,lv_k_volantis.txt,high
8274.1.1,Adiur_16,asshaii,k_asshai,3,,history/titles/lv_k_asshai.txt,,oligarchic_government,history_file,lv_k_asshai.txt,low
8274.1.1,Lodaorys_16,mantaryan,c_painted_valleys,1,,history/titles/lv_k_north_valyria.txt,,oligarchic_government,history_file,lv_k_north_valyria.txt,medium
8275.1.1,Kandaq_16,meereenese,c_kandaq_pyramid,1,,history/titles/lv_k_meereen.txt,,oligarchic_government,history_file,lv_k_meereen.txt,high
8275.1.1,Kizwe_lv_9,naathi,c_isle_of_lice,1,,history/titles/lv_k_the_basilisk_isles.txt,,pirate_no_dlc_government,history_file,lv_k_the_basilisk_isles.txt,high
8275.1.1,Salukho_lv_9,jhalai,c_isle_of_flies,1,,history/titles/lv_k_the_basilisk_isles.txt,,pirate_no_dlc_government,history_file,lv_k_the_basilisk_isles.txt,high
8275.1.1,Szarr_14,mantaryan,c_elyndor,1,,history/titles/lv_k_north_valyria.txt,,oligarchic_government,history_file,lv_k_north_valyria.txt,medium
8275.1.1,Zagazn_lv_9,zamettari,c_skull_island,1,,history/titles/lv_k_the_basilisk_isles.txt,,pirate_no_dlc_government,history_file,lv_k_the_basilisk_isles.txt,high
8276.1.1,Maegyr_25,essosi_valyrian,k_volantis,3,,history/titles/lv_k_volantis.txt,,administrative_government,history_file,lv_k_volantis.txt,high
8276.1.1,Paenymion_22,essosi_valyrian,d_nf_paenymion,2,,history/titles/lv_nf_titles.txt,,administrative_government,history_file,lv_k_volantis.txt,high
8276.1.1,Rebagyr_22,mantaryan,c_demon_pass,1,,history/titles/lv_k_north_valyria.txt,,oligarchic_government,history_file,lv_k_north_valyria.txt,medium
8277.1.1,130360025,ghaeni,k_new_ghis,3,,history/titles/lv_k_ghiscar.txt,,oligarchic_government,history_file,lv_k_ghiscar.txt,medium
8277.1.1,Isnardo_19,volantene,c_ar_mynar,1,,history/titles/lv_k_volantis.txt,,administrative_government,history_file,lv_k_volantis.txt,high
8277.1.1,Vaelaros_22,essosi_valyrian,d_nf_vaelaros,2,,history/titles/lv_nf_titles.txt,,administrative_government,history_file,lv_k_volantis.txt,high
8277.1.1,eetlv_cs_10_12,eetlv_sand_ghoul,d_R220G226B155,2,e_cannibal_sands,history/titles/vassal_titles_e_cannibal_sands.txt,,tribal_government,empire,e_cannibal_sands,low
8277.1.1,eetlv_cs_11_12,eetlv_sand_ghoul,d_R28G169B63,2,e_cannibal_sands,history/titles/vassal_titles_e_cannibal_sands.txt,,tribal_government,empire,e_cannibal_sands,low
8277.1.1,eetlv_cs_12_12,eetlv_sand_ghoul,d_R81G64B118,2,e_cannibal_sands,history/titles/vassal_titles_e_cannibal_sands.txt,,tribal_government,empire,e_cannibal_sands,low
8277.1.1,eetlv_cs_13_12,eetlv_sand_ghoul,d_R238G6B173,2,e_cannibal_sands,history/titles/vassal_titles_e_cannibal_sands.txt,,tribal_government,empire,e_cannibal_sands,low
8277.1.1,eetlv_cs_14_12,eetlv_sand_ghoul,d_R42G145B84,2,e_cannibal_sands,history/titles/vassal_titles_e_cannibal_sands.txt,,tribal_government,empire,e_cannibal_sands,low
8277.1.1,eetlv_cs_1_12,eetlv_sand_ghoul,e_cannibal_sands,4,e_cannibal_sands,history/titles/vassal_titles_e_cannibal_sands.txt,,tribal_government,empire,e_cannibal_sands,low
8277.1.1,eetlv_cs_2_12,eetlv_sand_ghoul,d_R111G75B187,2,e_cannibal_sands,history/titles/vassal_titles_e_cannibal_sands.txt,,tribal_government,empire,e_cannibal_sands,low
8277.1.1,eetlv_cs_3_12,eetlv_sand_ghoul,d_R240G127B159,2,e_cannibal_sands,history/titles/vassal_titles_e_cannibal_sands.txt,,tribal_government,empire,e_cannibal_sands,low
8277.1.1,eetlv_cs_4_12,eetlv_sand_ghoul,d_R41G226B41,2,e_cannibal_sands,history/titles/vassal_titles_e_cannibal_sands.txt,,tribal_government,empire,e_cannibal_sands,low
8277.1.1,eetlv_cs_5_12,eetlv_sand_ghoul,d_R193G60B253,2,e_cannibal_sands,history/titles/vassal_titles_e_cannibal_sands.txt,,tribal_government,empire,e_cannibal_sands,low
8277.1.1,eetlv_cs_6_12,eetlv_sand_ghoul,d_R222G151B16,2,e_cannibal_sands,history/titles/vassal_titles_e_cannibal_sands.txt,,tribal_government,empire,e_cannibal_sands,low
8277.1.1,eetlv_cs_7_12,eetlv_sand_ghoul,d_R45G162B231,2,e_cannibal_sands,history/titles/vassal_titles_e_cannibal_sands.txt,,tribal_government,empire,e_cannibal_sands,low
8277.1.1,eetlv_cs_8_12,eetlv_sand_ghoul,d_R70G73B87,2,e_cannibal_sands,history/titles/vassal_titles_e_cannibal_sands.txt,,tribal_government,empire,e_cannibal_sands,low
8277.1.1,eetlv_cs_9_12,eetlv_sand_ghoul,d_R232G202B38,2,e_cannibal_sands,history/titles/vassal_titles_e_cannibal_sands.txt,,tribal_government,empire,e_cannibal_sands,low
8277.1.1,gen_1014,ifequevron,e_ifequevron,4,e_ifequevron,history/titles/hist_titles.txt,,tribal_government,empire,e_ifequevron,low
8277.1.1,gen_1074,farosi,e_lesser_moraq,4,e_lesser_moraq,history/titles/hist_titles.txt,,feudal_government,empire,e_lesser_moraq,low
8277.1.1,gen_1171,mossovite,d_R107G171B160,2,e_mossovy,history/titles/vassal_titles_e_mossovy.txt,,tribal_government,empire,e_mossovy,low
8277.1.1,gen_1194,mossovite,e_mossovy,4,e_mossovy,history/titles/hist_titles.txt,,tribal_government,empire,e_mossovy,low
8277.1.1,gen_1254,naathi,e_naath,4,e_naath,history/titles/hist_titles.txt,,tribal_government,empire,e_naath,medium
8277.1.1,gen_1281,norvoshi,d_R87G54B134,2,e_norvos,history/titles/vassal_titles_e_norvos.txt,,theocracy_government,empire,e_norvos,high
8277.1.1,gen_1282,norvoshi,d_R53G162B46,2,e_norvos,history/titles/vassal_titles_e_norvos.txt,,theocracy_government,empire,e_norvos,high
8277.1.1,gen_1314,norvoshi,e_norvos,4,e_norvos,history/titles/hist_titles.txt,,theocracy_government,empire,e_norvos,high
8277.1.1,gen_1341,omberi,d_R20G128B134,2,e_omber,history/titles/vassal_titles_e_omber.txt,,feudal_government,empire,e_omber,medium
8277.1.1,gen_1374,omberi,e_omber,4,e_omber,history/titles/hist_titles.txt,,feudal_government,empire,e_omber,medium
8277.1.1,gen_1401,qohorik,d_R101G68B31,2,e_qohor,history/titles/vassal_titles_e_qohor.txt,,administrative_government,empire,e_qohor,medium
8277.1.1,gen_1402,qohorik,d_R71G9B105,2,e_qohor,history/titles/vassal_titles_e_qohor.txt,,administrative_government,empire,e_qohor,medium
8277.1.1,gen_1434,qohorik,e_qohor,4,e_qohor,history/titles/hist_titles.txt,,administrative_government,empire,e_qohor,medium
8277.1.1,gen_1467,tagaez_fen,d_R113G237B226,2,e_sarnor,history/titles/vassal_titles_e_sarnor.txt,,feudal_government,empire,e_sarnor,high
8277.1.1,gen_1494,tagaez_fen,e_sarnor,4,e_sarnor,history/titles/hist_titles.txt,,feudal_government,empire,e_sarnor,high
8277.1.1,gen_1522,gogossite,d_R198G233B16,2,e_sothoryos,history/titles/vassal_titles_e_sothoryos.txt,,tribal_government,empire,e_sothoryos,medium
8277.1.1,gen_1554,gogossite,e_sothoryos,4,e_sothoryos,history/titles/hist_titles.txt,,tribal_government,empire,e_sothoryos,medium
8277.1.1,gen_1582,jhalai,d_R103G163B139,2,e_summer_isles,history/titles/vassal_titles_e_summer_isles.txt,,feudal_government,empire,e_summer_isles,medium
8277.1.1,gen_1587,jhalai,d_R205G235B19,2,e_summer_isles,history/titles/vassal_titles_e_summer_isles.txt,,feudal_government,empire,e_summer_isles,medium
8277.1.1,gen_1614,jhalai,e_summer_isles,4,e_summer_isles,history/titles/hist_titles.txt,,feudal_government,empire,e_summer_isles,medium
8277.1.1,gen_1642,manticorian,d_R48G26B112,2,e_thousand_islands,history/titles/vassal_titles_e_thousand_islands.txt,,tribal_government,empire,e_thousand_islands,medium
8277.1.1,gen_1647,manticorian,d_R67G144B34,2,e_thousand_islands,history/titles/vassal_titles_e_thousand_islands.txt,,tribal_government,empire,e_thousand_islands,medium
8277.1.1,gen_1674,manticorian,e_thousand_islands,4,e_thousand_islands,history/titles/hist_titles.txt,,tribal_government,empire,e_thousand_islands,medium
8277.1.1,gen_1734,shadowman,e_ulthos,4,e_ulthos,history/titles/hist_titles.txt,,tribal_government,culture,shadowman,low
8277.1.1,gen_1768,dothraki,d_R134G104B125,2,e_upper_sarne_dothraki,history/titles/vassal_titles_e_upper_sarne_dothraki.txt,,nomad_government,culture,dothraki,high
8277.1.1,gen_1771,dothraki,k_R168G94B91,3,e_upper_sarne_dothraki,history/titles/vassal_titles_e_upper_sarne_dothraki.txt,,nomad_government,culture,dothraki,high
8277.1.1,gen_1794,dothraki,e_upper_sarne_dothraki,4,e_upper_sarne_dothraki,history/titles/hist_titles.txt,,nomad_government,culture,dothraki,high
8277.1.1,gen_1828,dothraki,k_R139G90B4,3,e_lower_sarne_dothraki,history/titles/vassal_titles_e_lower_sarne_dothraki.txt,,nomad_government,culture,dothraki,high
8277.1.1,gen_1831,dothraki,k_R35G68B68,3,e_lower_sarne_dothraki,history/titles/vassal_titles_e_lower_sarne_dothraki.txt,,nomad_government,culture,dothraki,high
8277.1.1,gen_1854,dothraki,e_lower_sarne_dothraki,4,e_lower_sarne_dothraki,history/titles/hist_titles.txt,,nomad_government,culture,dothraki,high
8277.1.1,gen_1881,dothraki,k_R209G123B86,3,e_great_grass_sea_dothraki,history/titles/vassal_titles_e_great_grass_sea_dothraki.txt,,nomad_government,culture,dothraki,high
8277.1.1,gen_1882,dothraki,d_R102G182B233,2,e_great_grass_sea_dothraki,history/titles/vassal_titles_e_great_grass_sea_dothraki.txt,,nomad_government,culture,dothraki,high
8277.1.1,gen_1914,dothraki,e_great_grass_sea_dothraki,4,e_great_grass_sea_dothraki,history/titles/hist_titles.txt,,nomad_government,culture,dothraki,high
8277.1.1,gen_1941,dothraki,k_R156G124B52,3,e_bone_mountain_dothraki,history/titles/vassal_titles_e_bone_mountain_dothraki.txt,,nomad_government,culture,dothraki,high
8277.1.1,gen_1942,dothraki,k_R231G165B51,3,e_bone_mountain_dothraki,history/titles/vassal_titles_e_bone_mountain_dothraki.txt,,nomad_government,culture,dothraki,high
8277.1.1,gen_1974,dothraki,e_bone_mountain_dothraki,4,e_bone_mountain_dothraki,history/titles/hist_titles.txt,,nomad_government,culture,dothraki,high
8277.1.1,gen_2001,lhazareen,k_R215G70B208,3,e_lhazar,history/titles/vassal_titles_e_lhazar.txt,,clan_government,empire,e_lhazar,medium
8277.1.1,gen_2002,lhazareen,d_R111G255B221,2,e_lhazar,history/titles/vassal_titles_e_lhazar.txt,,clan_government,empire,e_lhazar,medium
8277.1.1,gen_2034,lhazareen,e_lhazar,4,e_lhazar,history/titles/hist_titles.txt,,clan_government,empire,e_lhazar,medium
8277.1.1,gen_2062,qartheen,k_R154G58B31,3,e_qarth,history/titles/vassal_titles_e_qarth.txt,,oligarchic_government,empire,e_qarth,high
8277.1.1,gen_2067,qartheen,k_R27G181B254,3,e_qarth,history/titles/vassal_titles_e_qarth.txt,,oligarchic_government,empire,e_qarth,high
8277.1.1,gen_2094,qartheen,e_qarth,4,e_qarth,history/titles/hist_titles.txt,,oligarchic_government,empire,e_qarth,high
8277.1.1,gen_2122,feicui_ren,k_R109G14B184,3,e_golden_yi_ti,history/titles/vassal_titles_e_golden_yi_ti.txt,,meritocratic_government,empire,e_golden_yi_ti,high
8277.1.1,gen_2127,feicui_ren,k_R120G189B251,3,e_golden_yi_ti,history/titles/vassal_titles_e_golden_yi_ti.txt,,meritocratic_government,empire,e_golden_yi_ti,high
8277.1.1,gen_2154,feicui_ren,e_golden_yi_ti,4,e_golden_yi_ti,history/titles/hist_titles.txt,,celestial_government,empire,e_golden_yi_ti,high
8277.1.1,gen_2182,jogos_nhai,k_R146G211B104,3,e_jogos_nhai,history/titles/vassal_titles_e_jogos_nhai.txt,,nomad_government,culture,jogos_nhai,high
8277.1.1,gen_2187,jogos_nhai,k_R12G166B33,3,e_jogos_nhai,history/titles/vassal_titles_e_jogos_nhai.txt,,nomad_government,culture,jogos_nhai,high
8277.1.1,gen_2214,jogos_nhai,e_jogos_nhai,4,e_jogos_nhai,history/titles/hist_titles.txt,,nomad_government,culture,jogos_nhai,high
8277.1.1,gen_2274,vahari,e_great_moraq,4,e_great_moraq,history/titles/hist_titles.txt,,feudal_government,empire,e_great_moraq,low
8277.1.1,gen_2307,lengii,d_R206G76B102,2,e_leng,history/titles/vassal_titles_e_leng.txt,,mandala_government,empire,e_leng,high
8277.1.1,gen_2334,lengii,e_leng,4,e_leng,history/titles/hist_titles.txt,,mandala_government,empire,e_leng,high
8277.1.1,gen_741,bloodless_man,k_R235G188B132,3,e_bloodless_men,history/titles/vassal_titles_e_bloodless_men.txt,,tribal_government,empire,e_bloodless_men,low
8277.1.1,gen_742,bloodless_man,d_R104G124B189,2,e_bloodless_men,history/titles/vassal_titles_e_bloodless_men.txt,,tribal_government,empire,e_bloodless_men,low
8277.1.1,gen_774,bloodless_man,e_bloodless_men,4,e_bloodless_men,history/titles/hist_titles.txt,,tribal_government,empire,e_bloodless_men,low
8277.1.1,gen_834,qaleen,e_cannibal_sands,4,e_cannibal_sands,history/titles/hist_titles.txt,,tribal_government,empire,e_cannibal_sands,low
8277.1.1,gen_862,kayakayanayan,d_R1G86B152,2,e_hidden_sea,history/titles/vassal_titles_e_hidden_sea.txt,,clan_government,empire,e_hidden_sea,medium
8277.1.1,gen_867,kayakayanayan,d_R32G145B229,2,e_hidden_sea,history/titles/vassal_titles_e_hidden_sea.txt,,clan_government,empire,e_hidden_sea,medium
8277.1.1,gen_894,kayakayanayan,e_hidden_sea,4,e_hidden_sea,history/titles/hist_titles.txt,,clan_government,empire,e_hidden_sea,medium
8277.1.1,gen_922,ibbatese,d_R108G223B204,2,e_ibben,history/titles/vassal_titles_e_ibben.txt,,oligarchic_government,empire,e_ibben,high
8277.1.1,gen_927,ibbatese,d_R1G118B42,2,e_ibben,history/titles/vassal_titles_e_ibben.txt,,oligarchic_government,empire,e_ibben,high
8277.1.1,gen_954,ibbatese,e_ibben,4,e_ibben,history/titles/hist_titles.txt,,oligarchic_government,empire,e_ibben,high
8277.1.1,gen_982,ifequevron,k_R99G48B179,3,e_ifequevron,history/titles/vassal_titles_e_ifequevron.txt,,tribal_government,empire,e_ifequevron,low
8277.1.1,gen_987,ifequevron,k_R74G160B176,3,e_ifequevron,history/titles/vassal_titles_e_ifequevron.txt,,tribal_government,empire,e_ifequevron,low
8278.1.1,Mazlaq_21,astapori,c_ghiscar_point,1,,history/titles/lv_k_astapor.txt,,oligarchic_government,history_file,lv_k_astapor.txt,high
8278.1.1,Paenymion_25,essosi_valyrian,d_nf_paenymion,2,,history/titles/lv_nf_titles.txt,,administrative_government,history_file,lv_k_volantis.txt,high
8278.1.1,Zobridar_20,mantaryan,d_mantarys,2,,history/titles/lv_k_north_valyria.txt,,oligarchic_government,history_file,lv_k_north_valyria.txt,medium
8278.2.8,Vhassorlan_lv_15,gogossite,c_talon,1,,history/titles/lv_k_the_basilisk_isles.txt,,pirate_no_dlc_government,history_file,lv_k_the_basilisk_isles.txt,high
8279.1.1,Marsiglio_18,volantene,c_anyria,1,,history/titles/lv_k_volantis.txt,,administrative_government,history_file,lv_k_volantis.txt,high
8279.1.1,Reznak_18,meereenese,c_khyzai_pass,1,,history/titles/lv_k_meereen.txt,,oligarchic_government,history_file,lv_k_meereen.txt,high
8279.1.1,Staegone_20,essosi_valyrian,d_nf_staegone,2,,history/titles/lv_nf_titles.txt,,administrative_government,history_file,lv_k_volantis.txt,high
8279.1.1,Stogarys_23,volantene,c_mavlys,1,,history/titles/lv_k_volantis.txt,,administrative_government,history_file,lv_k_volantis.txt,high
8280.1.1,Bone_lv_7,jhalai,c_coast_of_sorrows,1,,history/titles/lv_k_the_basilisk_isles.txt,,pirate_no_dlc_government,history_file,lv_k_the_basilisk_isles.txt,high
8280.1.1,Eraz_20,yunkaii,c_maelk,1,,history/titles/lv_k_yunkai.txt,,oligarchic_government,history_file,lv_k_yunkai.txt,high
8280.1.1,Qhoqua_lv_7,jhalai,c_isle_of_toads,1,,history/titles/lv_k_the_basilisk_isles.txt,,pirate_no_dlc_government,history_file,lv_k_the_basilisk_isles.txt,high
8280.1.1,Vhassar_24,essosi_valyrian,d_nf_vhassar,2,,history/titles/lv_nf_titles.txt,,administrative_government,history_file,lv_k_volantis.txt,high
8280.1.1,Xho_lv_7,jhalai,c_pirates_haven,1,,history/titles/lv_k_the_basilisk_isles.txt,,pirate_no_dlc_government,history_file,lv_k_the_basilisk_isles.txt,high
8280.1.1,Xhore_lv_7,qartheen,c_ax_isle,1,,history/titles/lv_k_the_basilisk_isles.txt,,pirate_no_dlc_government,history_file,lv_k_the_basilisk_isles.txt,high
8280.1.1,Yunzak_21,yunkaii,k_yunkai,3,,history/titles/lv_k_yunkai.txt,,oligarchic_government,history_file,lv_k_yunkai.txt,high
8280.2.4,Paenohrin_lv_19,gogossite,c_the_handle,1,,history/titles/lv_k_the_basilisk_isles.txt,,pirate_no_dlc_government,history_file,lv_k_the_basilisk_isles.txt,high
8281.1.1,Ninmarki_19,shadowman,d_hattar,2,,history/titles/lv_k_asshai.txt,,tribal_government,culture,shadowman,low
8282.1.1,Kirines_20,volantene,d_volon_therys,2,,history/titles/lv_k_volantis.txt,,administrative_government,history_file,lv_k_volantis.txt,high
8285.1.1,Nakloz_19,astapori,c_nf_nakloz,1,,history/titles/lv_nf_titles.txt,,oligarchic_government,history_file,lv_k_astapor.txt,high
8285.1.1,Nefatis_21,volantene,d_valon_sar,2,,history/titles/lv_k_volantis.txt,,administrative_government,history_file,lv_k_volantis.txt,high
8285.1.1,Oliviriana_20,volantene,c_laboros,1,,history/titles/lv_k_volantis.txt,,administrative_government,history_file,lv_k_volantis.txt,high
8285.1.1,Vaelaros_23,essosi_valyrian,d_nf_vaelaros,2,,history/titles/lv_nf_titles.txt,,administrative_government,history_file,lv_k_volantis.txt,high
8285.1.1,Zobridar_24,mantaryan,d_mantarys,2,,history/titles/lv_k_north_valyria.txt,,oligarchic_government,history_file,lv_k_north_valyria.txt,medium
8286.1.1,102669149,ghaeni,c_ghaen,1,,history/titles/lv_k_ghiscar.txt,,oligarchic_government,history_file,lv_k_ghiscar.txt,medium
8286.1.1,Loraq_20,meereenese,c_loraq_pyramid,1,,history/titles/lv_k_meereen.txt,,oligarchic_government,history_file,lv_k_meereen.txt,high
8286.1.1,Quazzar_19,meereenese,c_nf_quazzar,1,,history/titles/lv_nf_titles.txt,,oligarchic_government,history_file,lv_k_meereen.txt,high
8286.1.1,Zherzyn_20,yunkaii,c_nf_zherzyn,1,,history/titles/lv_nf_titles.txt,,oligarchic_government,history_file,lv_k_yunkai.txt,high
8287.1.1,Galare_19,meereenese,c_galare_pyramid,1,,history/titles/lv_k_meereen.txt,,oligarchic_government,history_file,lv_k_meereen.txt,high
8287.1.1,Grazlar_22,astapori,c_horns_of_hazzat,1,,history/titles/lv_k_astapor.txt,,oligarchic_government,history_file,lv_k_astapor.txt,high
8287.1.1,Pahl_18,meereenese,k_meereen,3,,history/titles/lv_k_meereen.txt,,oligarchic_government,history_file,lv_k_meereen.txt,high
8287.1.1,RHLLOR_14,volantene,d_the_red_priesthood,2,,history/titles/lv_k_the_red_priesthood.txt,,theocracy_government,history_file,lv_k_the_red_priesthood.txt,high
8287.1.1,Rannovar_23,volantene,d_dreos,2,,history/titles/lv_k_volantis.txt,,administrative_government,history_file,lv_k_volantis.txt,high
8288.1.1,Naqqan_18,meereenese,c_naqqan_pyramid,1,,history/titles/lv_k_meereen.txt,,oligarchic_government,history_file,lv_k_meereen.txt,high
8289.1.1,Nakloz_19,astapori,k_astapor,3,,history/titles/lv_k_astapor.txt,,oligarchic_government,history_file,lv_k_astapor.txt,high
8289.1.1,Qaggaz_19,yunkaii,c_kaldeen,1,,history/titles/lv_k_yunkai.txt,,oligarchic_government,history_file,lv_k_yunkai.txt,high
8289.1.1,Ullhor_17,astapori,c_dhozai,1,,history/titles/lv_k_astapor.txt,,oligarchic_government,history_file,lv_k_astapor.txt,high
8290.1.1,Ahlaq_20,yunkaii,c_nf_ahlaq,1,,history/titles/lv_nf_titles.txt,,oligarchic_government,history_file,lv_k_yunkai.txt,high
8290.1.1,Kizwe_lv_10,naathi,c_isle_of_lice,1,,history/titles/lv_k_the_basilisk_isles.txt,,pirate_no_dlc_government,history_file,lv_k_the_basilisk_isles.txt,high
8290.1.1,Ninmarki_20,shadowman,d_hattar,2,,history/titles/lv_k_asshai.txt,,tribal_government,culture,shadowman,low
8290.1.1,Salukho_lv_10,jhalai,c_isle_of_flies,1,,history/titles/lv_k_the_basilisk_isles.txt,,pirate_no_dlc_government,history_file,lv_k_the_basilisk_isles.txt,high
8290.1.1,Zagazn_lv_10,zamettari,c_skull_island,1,,history/titles/lv_k_the_basilisk_isles.txt,,pirate_no_dlc_government,history_file,lv_k_the_basilisk_isles.txt,high
8291.1.1,Nogarys_25,essosi_valyrian,d_nf_nogarys,2,,history/titles/lv_nf_titles.txt,,administrative_government,history_file,lv_k_volantis.txt,high
8291.1.1,Rhaezn_24,yunkaii,c_nf_rhaezn,1,,history/titles/lv_nf_titles.txt,,oligarchic_government,history_file,lv_k_yunkai.txt,high
8292.1.1,Volnyros_23,volantene,c_selhorys,1,,history/titles/lv_k_volantis.txt,,administrative_government,history_file,lv_k_volantis.txt,high
8293.1.1,Lodaorys_17,mantaryan,c_painted_valleys,1,,history/titles/lv_k_north_valyria.txt,,oligarchic_government,history_file,lv_k_north_valyria.txt,medium
8293.1.1,Mazemagyr_22,tolosi,c_black_cliffs,1,,history/titles/lv_k_north_valyria.txt,,oligarchic_government,history_file,lv_k_north_valyria.txt,medium
8295.1.1,102469148,ghaeni,c_baked_shore,1,,history/titles/lv_k_ghiscar.txt,,oligarchic_government,history_file,lv_k_ghiscar.txt,medium
8295.1.1,Azantone_22,tolosi,d_tolos,2,,history/titles/lv_k_north_valyria.txt,,oligarchic_government,history_file,lv_k_north_valyria.txt,medium
8295.1.1,Marsiglio_21,volantene,c_anyria,1,,history/titles/lv_k_volantis.txt,,administrative_government,history_file,lv_k_volantis.txt,high
8295.1.1,Qheadar_23,essosi_valyrian,d_nf_qhaedar,2,,history/titles/lv_nf_titles.txt,,administrative_government,history_file,lv_k_volantis.txt,high
8297.1.1,14233911,asshaii,d_the_saffron_lands,2,,history/titles/lv_k_asshai.txt,,oligarchic_government,history_file,lv_k_asshai.txt,low
8297.1.1,Isnardo_21,volantene,c_ar_mynar,1,,history/titles/lv_k_volantis.txt,,administrative_government,history_file,lv_k_volantis.txt,high
8298.1.1,103169152,ghaeni,c_atruskai,1,,history/titles/lv_k_ghiscar.txt,,oligarchic_government,history_file,lv_k_ghiscar.txt,medium
8298.1.1,Pahl_18,meereenese,c_demon_road,1,,history/titles/lv_k_meereen.txt,,oligarchic_government,history_file,lv_k_meereen.txt,high
8299.1.1,Targaryen_9,,k_meereen,3,,history/titles/lv_k_meereen.txt,,oligarchic_government,history_file,lv_k_meereen.txt,high
8299.12.12,Cleon_1,astapori,k_astapor,3,,history/titles/lv_k_astapor.txt,,oligarchic_government,history_file,lv_k_astapor.txt,high
8299.12.12,Grazdhan_20,astapori,c_gadhis,1,,history/titles/lv_k_astapor.txt,,oligarchic_government,history_file,lv_k_astapor.txt,high
8299.12.12,Grazlar_24,astapori,c_horns_of_hazzat,1,,history/titles/lv_k_astapor.txt,,oligarchic_government,history_file,lv_k_astapor.txt,high
8299.12.12,Mazlaq_23,astapori,c_ghiscar_point,1,,history/titles/lv_k_astapor.txt,,oligarchic_government,history_file,lv_k_astapor.txt,high
8299.12.12,Nakloz_20,astapori,c_nf_nakloz,1,,history/titles/lv_nf_titles.txt,,oligarchic_government,history_file,lv_k_astapor.txt,high
8299.12.12,Targaryen_9,,c_ghadron,1,,history/titles/lv_k_astapor.txt,,oligarchic_government,history_file,lv_k_astapor.txt,high
8299.12.12,Ullhor_21,astapori,c_dhozai,1,,history/titles/lv_k_astapor.txt,,oligarchic_government,history_file,lv_k_astapor.txt,high
8300.1.1,Dhazak_22,meereenese,c_dhazak_pyramid,1,,history/titles/lv_k_meereen.txt,,oligarchic_government,history_file,lv_k_meereen.txt,high
8300.1.1,Ghazeen_23,meereenese,c_ghazeen_pyramid,1,,history/titles/lv_k_meereen.txt,,oligarchic_government,history_file,lv_k_meereen.txt,high
8300.1.1,Hazkar_19,meereenese,c_hazkar_pyramid,1,,history/titles/lv_k_meereen.txt,,oligarchic_government,history_file,lv_k_meereen.txt,high
8300.1.1,LV_Merreq_23,meereenese,c_merreq_pyramid,1,,history/titles/lv_k_meereen.txt,,oligarchic_government,history_file,lv_k_meereen.txt,high
8300.1.1,Naqqan_19,meereenese,c_naqqan_pyramid,1,,history/titles/lv_k_meereen.txt,,oligarchic_government,history_file,lv_k_meereen.txt,high
8300.1.1,Pahl_17,meereenese,c_demon_road,1,,history/titles/lv_k_meereen.txt,,oligarchic_government,history_file,lv_k_meereen.txt,high
8300.1.1,Quazzar_24,meereenese,c_nf_quazzar,1,,history/titles/lv_nf_titles.txt,,oligarchic_government,history_file,lv_k_meereen.txt,high
8300.1.1,Rhazdar_20,meereenese,c_nf_rhazdar,1,,history/titles/lv_nf_titles.txt,,oligarchic_government,history_file,lv_k_meereen.txt,high
8300.1.1,Yherizan_20,meereenese,c_green_gate,1,,history/titles/lv_k_meereen.txt,,oligarchic_government,history_file,lv_k_meereen.txt,high
8300.7.3,Qaggaz_19,yunkaii,k_yunkai,3,,history/titles/lv_k_yunkai.txt,,oligarchic_government,history_file,lv_k_yunkai.txt,high
8300.7.14,Qaggaz_21,yunkaii,c_kaldeen,1,,history/titles/lv_k_yunkai.txt,,oligarchic_government,history_file,lv_k_yunkai.txt,high
8300.7.14,Zherzyn_20,yunkaii,k_yunkai,3,,history/titles/lv_k_yunkai.txt,,oligarchic_government,history_file,lv_k_yunkai.txt,high
8300.7.15,Zherzyn_20,yunkaii,k_yunkai,3,,history/titles/lv_k_yunkai.txt,,oligarchic_government,history_file,lv_k_yunkai.txt,high
8301.1.1,Targaryen_9,,d_meereen,2,,history/titles/lv_k_meereen.txt,,oligarchic_government,history_file,lv_k_meereen.txt,high
8302.7.14,Zherzyn_20,yunkaii,d_yunkai,2,,history/titles/lv_k_yunkai.txt,,oligarchic_government,history_file,lv_k_yunkai.txt,high
