0;0;0;0;x;x
1;78;78;78;b_the_nightfort;x
2;56;54;57;b_icemark;x
3;52;52;52;b_deep_lake;x
4;26;26;26;b_queensgate;x
5;1;1;1;b_castle_black;x
6;13;13;13;b_oakenshield;x
7;39;39;39;b_woodswatch_by_the_pool;x
8;20;20;20;b_the_shadow_tower;x
9;56;56;55;b_westwatch_by_the_bridge;x
10;61;61;61;b_sentinel_stand;x
11;33;34;33;b_greyguard;x
12;71;72;73;b_stonedoor;x
13;35;36;35;b_hoarfrost_hill;x
14;12;12;12;b_eastwatch_by_the_sea;x
15;65;65;65;b_sable_hall;x
16;91;91;91;b_rimegate;x
17;38;39;37;b_long_barrow;x
18;48;49;48;b_the_torches;x
19;87;85;84;b_greenguard;x
20;99;99;100;b_weatherback_ridge;x
21;130;129;130;b_toothcliff;x
22;86;86;86;b_blackburn_rush;x
23;99;101;100;b_whitebarrow;x
24;79;80;79;b_the_crowsticks;x
25;56;57;59;b_nightsrest;x
26;76;77;75;b_heathertop;x
27;65;69;65;b_woodbone;x
28;45;45;45;b_moles_town;x
29;100;102;99;b_whoresbarrow;x
30;105;107;103;b_spiderbridge;x
31;57;57;53;b_dogswool;x
32;115;113;113;b_old_croft;x
33;73;77;73;b_ashburn;x
34;104;101;97;b_hazeldown;x
35;99;99;97;b_pikesrush;x
36;104;103;101;b_standing_stones;x
37;110;106;111;b_wierrush;x
38;78;82;79;b_brandons_castle;x
39;83;85;86;b_old_bog;x
40;104;103;104;b_boarstone;x
41;107;107;107;b_edge;x
42;94;100;94;b_bearbones;x
43;45;48;45;b_hoarburn;x
44;66;67;65;b_briarsward;x
45;110;113;111;b_pinehollow;x
46;79;82;84;b_mossberry_bog;x
47;53;53;53;b_norlinton;x
48;99;97;100;b_stoneblood;x
49;27;26;26;b_glenhaven;x
50;94;93;94;b_stone_spears;x
51;96;96;96;b_otherstand;x
52;79;78;79;b_witchlight;x
53;109;105;109;b_waysrest;x
54;73;73;73;b_the_heath;x
55;86;90;86;b_boreharrow;x
56;94;94;94;b_batscave;x
57;45;45;50;b_whitecross;x
58;112;112;112;b_the_deadcopse;x
59;68;68;68;b_ash_hollow;x
60;79;79;79;b_wildlings_rest;x
61;79;77;79;b_queenscrown;x
62;51;51;51;b_thistledown;x
63;76;76;76;b_antlerfell;x
64;82;80;83;b_old_hedge;x
65;64;64;64;b_new_bunk;x
66;112;116;112;b_north_town;x
67;56;56;56;b_knightsrange;x
68;33;33;33;b_giantsbeard;x
69;63;63;63;b_wightspear;x
70;114;115;117;b_grims_grave;x
71;85;85;84;b_old_reeds;x
72;79;84;79;b_starkstones;x
73;45;44;45;b_stonestead;x
74;78;79;79;b_thistleweald;x
75;45;45;44;b_wildelanding;x
76;71;71;71;b_chain_lake;x
77;209;210;204;b_winterfell;x
78;216;213;204;b_winter_town;x
79;211;212;205;b_whitegate;x
80;224;220;217;b_whiteward_tower;x
81;226;221;215;b_sullen_wall;x
82;213;215;207;b_waltons_wood;x
83;223;217;212;b_colbrand;x
84;207;209;199;b_dorrengrounds;x
85;217;212;205;b_brandford;x
86;226;220;214;b_burns_gate;x
87;207;206;205;b_greyward_tower;x
88;211;211;201;b_winterwood;x
89;201;206;203;b_bramble_hall;x
90;216;211;202;b_glencastle;x
91;208;206;203;b_berken_meadow;x
92;213;208;203;b_dembrook;x
93;221;217;210;b_pines_melt;x
94;200;203;198;b_wilhorn_ford;x
95;221;215;210;b_broken_fir_hold;x
96;208;206;197;b_winderset;x
97;210;210;201;b_old_copse;x
98;201;204;202;b_palewood;x
99;224;220;213;b_fullden;x
100;216;211;204;b_sentwright;x
101;219;216;210;b_knifes_drip;x
102;216;219;213;b_travel_town;x
103;215;210;203;b_southerway;x
104;220;219;213;b_emmsbirch;x
105;218;213;205;b_the_denary;x
106;225;223;220;b_openhollow;x
107;219;213;206;b_woodendell;x
108;216;217;210;b_wolf_branch_woods;x
109;209;207;203;b_coldstream;x
110;210;212;207;b_long_spear;x
111;207;208;201;b_denby;x
112;220;214;208;b_beat_field;x
113;220;217;209;b_wrathbone;x
114;215;210;202;b_bird_hill;x
115;214;213;211;b_stoke_forest;x
116;205;207;196;b_logboat_house;x
117;214;213;212;b_heathpatch;x
118;204;203;201;b_pitch_hold;x
119;209;210;205;b_brustfield;x
120;214;205;199;b_brustfield_hall;x
121;218;212;210;b_pitchbrook;x
122;212;213;203;b_hairy_rock;x
123;215;218;212;b_the_scalps;x
124;216;211;205;b_turnbull_wood;x
125;215;216;212;b_leid_stone;x
126;221;214;212;b_dungwell;x
127;218;211;205;b_cedarhelm;x
128;210;208;204;b_millton;x
129;221;215;209;b_coldhedge_ridge;x
130;208;209;201;b_stone_clover;x
131;205;204;204;b_lone_pine;x
132;202;210;204;b_branswood_hold;x
133;225;219;213;b_cutter_grove;x
134;224;224;218;b_foxwood;x
135;216;211;207;b_white_den;x
136;200;160;170;b_last_hearth;x
137;196;168;167;b_hearthwood;x
138;180;157;174;b_fellber;x
139;208;175;174;b_northwold;x
140;190;167;169;b_raiders_whim;x
141;173;169;171;b_crackingfield;x
142;202;182;178;b_chainskeep;x
143;183;170;178;b_giants_sapling;x
144;210;172;173;b_tallroot;x
145;192;164;175;b_snowy_oaks;x
146;194;164;171;b_chainborne;x
147;198;172;175;b_woodhaven;x
148;173;150;172;b_oakburr;x
149;187;157;174;b_green_ash;x
150;194;173;182;b_crow_river;x
151;209;176;179;b_basswood;x
152;188;177;178;b_stonepike;x
153;215;183;184;b_dandridge;x
154;196;178;181;b_trybeck_lake;x
155;190;174;176;b_blackmantle;x
156;183;168;174;b_rout_hall;x
157;196;159;167;b_broken_rune;x
158;179;164;174;b_old_bread;x
159;200;170;167;b_iron_wolf;x
160;191;170;183;b_nightwing_wood;x
161;180;161;168;b_rustraven;x
162;186;164;177;b_silvercade;x
163;187;168;169;b_blacksplint;x
164;194;174;173;b_lowcroft;x
165;202;178;175;b_sullen_foothold;x
166;179;164;170;b_bleakway;x
167;190;171;169;b_deer_hill;x
168;164;164;178;b_circlewood;x
169;164;166;172;b_barewalls;x
170;210;172;176;b_pothers_keep;x
171;203;173;173;b_sullenfields;x
172;185;175;183;b_dole_forest;x
173;190;169;180;b_outer_well;x
174;203;182;173;b_forgotten_rock;x
175;175;168;180;b_whitemore_motte;x
176;179;160;168;b_whitemore_barrens;x
177;200;158;173;b_wimpering_meadow;x
178;161;165;173;b_upper_bounds;x
179;200;173;173;b_windy_crypts;x
180;205;176;172;b_whitemore_town;x
181;171;171;174;b_frostfall;x
182;208;178;184;b_cooks_guard;x
183;176;157;175;b_coalwood;x
184;182;158;173;b_oldchamber;x
185;200;167;169;b_pinns_ledge;x
186;200;181;176;b_pinns_port;x
187;174;150;172;b_barkingside;x
188;204;173;177;b_finnwall;x
189;174;170;181;b_seabear_tower;x
190;177;161;175;b_freshmans_song;x
191;187;164;177;b_fort_boils;x
192;205;176;183;b_cat_shore;x
193;143;160;178;b_blubber;x
194;185;182;213;b_old_lake_cove;x
195;174;177;194;b_frostguard;x
196;180;192;217;b_skymeadow;x
197;177;182;206;b_cold_head;x
198;183;190;214;b_bendgate;x
199;182;178;194;b_frozen_ford;x
200;182;195;219;b_bitter_forest;x
201;201;195;217;b_bleakwood;x
202;203;193;214;b_wayn_rocks;x
203;174;195;219;b_cornden;x
204;194;192;215;b_blighted_barley;x
205;172;177;199;b_long_lake_fort;x
206;201;189;214;b_longtown;x
207;176;192;216;b_sedgepool;x
208;180;197;220;b_greendells;x
209;189;192;208;b_rowding;x
210;184;194;208;b_hatchbrook;x
211;203;201;229;b_keeps_barrens;x
212;207;210;209;b_bleak_scar;x
213;162;192;216;b_beacon_hill;x
214;198;198;204;b_belldurn;x
215;188;197;205;b_long_hall;x
216;174;174;193;b_spearhouse;x
217;172;195;210;b_battle_stream;x
218;201;192;214;b_pooleside;x
219;173;189;213;b_highriver;x
220;177;180;206;b_shore_hold;x
221;197;197;208;b_longrock;x
222;198;201;208;b_spearhead;x
223;160;193;208;b_old_longfort;x
224;194;194;189;b_mute_hill;x
225;198;191;209;b_dartlier;x
226;196;191;210;b_brownbriars_dell;x
227;180;191;210;b_highbrake;x
228;179;182;201;b_outer_hills;x
229;182;204;211;b_snowmill_rolls;x
230;197;194;199;b_nevermelt;x
231;200;205;209;b_skinners_ridge;x
232;192;201;208;b_huntingsing;x
233;189;193;206;b_snowmelt_hall;x
234;172;189;201;b_recluse_bank;x
235;175;179;202;b_smiths_edge;x
236;173;193;206;b_last_post;x
237;193;188;212;b_final_pool;x
238;180;206;213;b_first_wells;x
239;186;188;203;b_ragged_hold;x
240;188;189;208;b_cold_fort;x
241;161;195;219;b_flushfield;x
242;180;189;209;b_riverside_wood;x
243;197;195;214;b_last_rivers_stand;x
244;164;182;208;b_mistfield;x
245;189;190;202;b_coldens_hill;x
246;179;194;212;b_denfrost_greens;x
247;214;198;196;b_karhold;x
248;203;194;170;b_barbleton;x
249;217;204;195;b_brightwolf;x
250;201;180;165;b_snowdell;x
251;220;207;195;b_whitefauld;x
252;182;176;177;b_harwoods_grove;x
253;206;199;189;b_estarbor;x
254;217;200;192;b_suns_hedge;x
255;197;210;198;b_woolenwood;x
256;218;197;211;b_morsfall;x
257;212;207;192;b_enhelm;x
258;228;225;213;b_wintercairn;x
259;212;222;201;b_groundpress;x
260;204;202;201;b_barewood_port;x
261;182;189;188;b_lightfoot_wood;x
262;226;215;195;b_brown_stem;x
263;200;199;185;b_woodspine;x
264;217;199;190;b_lightfront;x
265;193;188;172;b_white_claw;x
266;194;206;197;b_queens_burrow;x
267;208;206;205;b_heavyside;x
268;193;187;185;b_norrens_step;x
269;215;199;193;b_ganncliff;x
270;210;219;199;b_rangers_refuge;x
271;181;197;171;b_deerwater;x
272;215;201;196;b_port_dormund;x
273;218;204;223;b_far_ledge;x
274;195;190;165;b_watermill;x
275;215;192;207;b_whitetail;x
276;226;210;202;b_brocketbrook;x
277;220;200;200;b_rockwold;x
278;224;213;200;b_mundell;x
279;199;196;178;b_dorridge_wood;x
280;191;196;183;b_spotted_shore;x
281;198;185;202;b_dorridge_island;x
282;204;186;167;b_eastmelt;x
283;211;204;190;b_warmen;x
284;220;200;181;b_meltingstream;x
285;219;213;197;b_robinwood;x
286;222;203;195;b_furrowkeep;x
287;176;183;182;b_firestand;x
288;219;199;190;b_lamp_brush;x
289;189;201;176;b_coal_forest;x
290;216;210;192;b_full_hearth;x
291;225;207;198;b_steamwood;x
292;224;219;205;b_breakchain;x
293;215;184;195;b_shadows_run;x
294;182;201;180;b_grey_spring;x
295;218;200;183;b_leafy_mill;x
296;195;197;179;b_kiln_house;x
297;222;209;198;b_piddlespoon;x
298;207;201;184;b_lonely_day;x
299;214;200;196;b_tusk_ledge;x
300;226;203;198;b_thinline;x
301;226;222;209;b_murrow;x
302;208;206;202;b_everwood_keep;x
303;210;216;197;b_everwood;x
304;200;187;175;b_lockside;x
305;196;201;189;b_pail_port;x
306;215;200;220;b_standleaf;x
307;212;210;206;b_feathermoss;x
308;217;197;210;b_mossycade;x
309;228;201;191;b_bricksward;x
310;203;201;184;b_ashfeld;x
311;199;204;185;b_oldgrove;x
312;203;198;202;b_dustedkeep;x
313;194;183;188;b_prudesward;x
314;214;201;196;b_crumb_gap;x
315;208;197;190;b_woodlot;x
316;196;194;174;b_whitelance;x
317;204;204;215;b_oldburl_wood;x
318;141;144;167;b_heathcliff;x
319;199;193;197;b_smokeshelf;x
320;217;203;190;b_slate_cliff;x
321;214;196;202;b_lichen_bluff;x
322;212;203;192;b_the_drophold;x
323;200;185;185;b_whiteridge_tower;x
324;199;188;178;b_dropwood;x
325;218;198;208;b_spike_port;x
326;228;214;206;b_whiteridge_pines;x
327;217;199;185;b_leviathans_run;x
328;205;203;204;b_dropwatch;x
329;141;156;167;b_oversea_bluff;x
330;175;169;163;b_spotted_steeps;x
331;219;206;196;b_grey_clutch;x
332;217;201;205;b_long_sentence;x
333;174;141;146;b_the_dreadfort;x
334;170;160;139;b_weeps_kin;x
335;152;137;139;b_windygrove;x
336;172;148;120;b_caterwall;x
337;176;158;142;b_bloodlet_creek;x
338;128;140;88;b_shuckside;x
339;145;148;125;b_bolt_town;x
340;170;148;130;b_redderm;x
341;185;157;140;b_gravewood;x
342;181;157;135;b_pups_pelt;x
343;167;148;132;b_shudders;x
344;155;132;119;b_kingsrest;x
345;157;139;142;b_castlepane;x
346;168;157;137;b_overton;x
347;135;147;119;b_dormer_lake;x
348;158;136;109;b_talwell_keep;x
349;143;140;138;b_over_keep;x
350;169;145;156;b_narrowseer_tower;x
351;171;147;126;b_crofters_pass;x
352;150;150;105;b_casement;x
353;128;135;88;b_darkford;x
354;155;139;130;b_sapwood;x
355;170;150;145;b_tyve_hold;x
356;158;150;117;b_rightwell;x
357;183;146;158;b_scorekeep;x
358;173;169;125;b_upper_branch;x
359;157;129;117;b_redtombs;x
360;163;150;92;b_vinedowning;x
361;161;157;147;b_full_spring;x
362;156;151;139;b_bailwood;x
363;152;141;125;b_woods_lake;x
364;156;125;124;b_forests_end;x
365;155;137;119;b_grimms_fort;x
366;172;148;144;b_grimms_bank;x
367;180;147;155;b_newmock;x
368;163;143;136;b_scarlton;x
369;148;147;138;b_nattick_woods;x
370;155;138;116;b_dustplace;x
371;168;137;137;b_flayer_point;x
372;163;149;130;b_grimm_lake;x
373;163;143;155;b_beechmaple;x
374;169;132;138;b_flushgrove;x
375;177;157;141;b_weep_keep;x
376;172;157;126;b_rannicks_falls;x
377;177;154;149;b_the_dredge;x
378;162;130;151;b_pinelock;x
379;151;146;122;b_shudder_hill;x
380;168;142;131;b_dropdown;x
381;165;154;136;b_ledgetree;x
382;161;145;129;b_weeps_well;x
383;158;131;132;b_weepspoint;x
384;165;137;133;b_shattered_star;x
385;167;158;124;b_wraithfeld_hold;x
386;169;148;120;b_wraithfeld_forest;x
387;189;145;167;b_slender_stream;x
388;183;149;125;b_veiled_ridge;x
389;157;142;123;b_kipskin;x
390;183;158;125;b_calmpine;x
391;180;157;139;b_kettle_hill;x
392;166;145;136;b_shearlings;x
393;171;142;134;b_dark_ditch;x
394;165;137;154;b_ethersfort;x
395;162;142;130;b_etherington;x
396;155;142;119;b_ethers_grove;x
397;180;176;139;b_skybank;x
398;163;140;117;b_boltongate;x
399;174;151;149;b_dreadside;x
400;170;133;142;b_osricfield;x
401;128;145;88;b_redwolf_march;x
402;159;143;116;b_restingmeadow;x
403;137;138;122;b_breathing_down;x
404;168;158;136;b_matchwood_sett;x
405;192;144;171;b_matchwood_town;x
406;144;131;114;b_old_cedar;x
407;174;154;149;b_snare_hill;x
408;162;137;151;b_splint_rill;x
409;134;122;115;b_forest_curl;x
410;148;129;135;b_wild_tree;x
411;176;151;145;b_deerborn;x
412;147;125;108;b_curdle;x
413;174;154;130;b_larch_grove;x
414;184;151;153;b_stonehill_bluff;x
415;147;143;131;b_hillgrund;x
416;155;135;137;b_stonehill_rush;x
417;152;135;121;b_sallow_chase;x
418;157;153;150;b_wind_peak;x
419;163;143;145;b_shearpoint;x
420;128;142;137;b_dimhollow;x
421;162;145;140;b_jagged_crown;x
422;164;154;165;b_frostmere;x
423;176;184;153;b_new_castle;x
424;173;181;155;b_white_harbor;x
425;155;155;152;b_wolfs_den;x
426;131;202;198;b_seal_rock;x
427;152;155;142;b_gillbridge;x
428;164;180;167;b_brokersbrook;x
429;154;162;153;b_honeybucket;x
430;154;167;154;b_whittarfield;x
431;175;176;160;b_pronged_port;x
432;175;188;139;b_sept_of_the_snows;x
433;160;165;143;b_whittarkeep;x
434;154;175;138;b_holhold;x
435;182;184;174;b_silverfield_hall;x
436;189;199;158;b_grain_stem;x
437;149;151;130;b_old_mill;x
438;171;171;152;b_lilac_house;x
439;176;184;162;b_silverport;x
440;175;179;158;b_sea_holly;x
441;166;172;143;b_harborstone;x
442;156;172;143;b_purple_hill;x
443;175;180;154;b_whetmarsh;x
444;184;190;160;b_white_bluff;x
445;174;190;163;b_abercorn;x
446;179;192;170;b_knightrunnel;x
447;166;188;160;b_millstream;x
448;174;202;166;b_greywolf_cove;x
449;159;171;145;b_leoboldon;x
450;167;175;162;b_broadpond;x
451;157;184;149;b_dry_marsh;x
452;147;166;166;b_whitecreek_castle;x
453;153;156;164;b_whitecreek_town;x
454;154;161;152;b_cuttingbeck;x
455;147;167;140;b_harstill;x
456;164;170;185;b_littenport;x
457;170;173;180;b_chalkchild;x
458;156;172;179;b_bosk_edge;x
459;130;167;127;b_fernside;x
460;160;181;191;b_elmdale;x
461;134;166;127;b_fordswatch;x
462;148;162;142;b_whitfordton;x
463;110;124;107;b_upper_wickwhite;x
464;134;162;127;b_waterley;x
465;144;162;146;b_whitrock;x
466;160;161;155;b_wickwhite;x
467;117;130;119;b_ferry_cross;x
468;122;140;119;b_worthwade;x
469;113;143;128;b_rithercost;x
470;132;155;143;b_whitford_keep;x
471;139;162;138;b_woodward_hall;x
472;159;174;137;b_new_chaff;x
473;154;163;152;b_old_chaff;x
474;164;184;167;b_whatmell;x
475;142;159;133;b_forestdale;x
476;164;172;140;b_hickory_grove;x
477;165;184;147;b_brookline;x
478;158;173;136;b_weasel_river;x
479;127;148;137;b_motteburn;x
480;137;155;125;b_otterden;x
481;164;172;135;b_twilight_fort;x
482;154;175;154;b_wolfs_cloak;x
483;165;184;152;b_featherplate;x
484;168;181;144;b_hornhelm;x
485;160;168;131;b_truce;x
486;132;172;130;b_defenders_wood;x
487;160;168;137;b_last_stand;x
488;153;179;152;b_allisdare;x
489;164;174;137;b_ridgeback;x
490;247;239;236;b_oldcastle;x
491;224;239;229;b_bitesmouth_town;x
492;239;232;222;b_the_tooth;x
493;223;234;229;b_dodge_well;x
494;241;235;225;b_silent_keep;x
495;244;235;232;b_staunchfield;x
496;216;222;221;b_rendell_town;x
497;248;242;236;b_keyhouse;x
498;254;237;223;b_bit_grove;x
499;207;231;213;b_keyturne;x
500;254;237;226;b_brockade;x
501;241;233;223;b_thorncroft;x
502;244;236;227;b_ryeflower;x
503;247;236;236;b_old_greywolf;x
504;246;241;234;b_bare_warren;x
505;246;240;229;b_greysward_mill;x
506;254;232;214;b_lost_keep;x
507;223;237;229;b_greysward_tower;x
508;223;226;234;b_board_lake;x
509;254;235;211;b_lowgrain;x
510;201;228;227;b_the_tusk;x
511;247;243;229;b_ironwell;x
512;223;232;234;b_hathermill;x
513;242;233;227;b_nash_hill;x
514;223;229;234;b_bald_creek;x
515;238;225;227;b_sharpmead;x
516;254;237;224;b_trackford;x
517;247;249;229;b_windview;x
518;254;233;224;b_bites_wood;x
519;246;240;235;b_woodenbar;x
520;238;225;224;b_latchwood;x
521;230;225;223;b_padlock;x
522;255;235;224;b_moortise;x
523;254;227;193;b_pullock;x
524;230;233;218;b_shackle_forest;x
525;255;245;224;b_tumbler_ward;x
526;224;231;234;b_chest_bolt;x
527;250;227;220;b_beamcross_wood;x
528;202;237;223;b_keyguard;x
529;240;225;224;b_padcove;x
530;216;226;221;b_stemdoor;x
531;229;226;190;b_fetterlock;x
532;250;226;220;b_copplate;x
533;253;231;224;b_chamberland;x
534;184;197;188;b_ramsgate;x
535;188;204;212;b_haysprain;x
536;192;208;214;b_fleecemarket;x
537;180;200;200;b_the_woolsacks;x
538;184;200;192;b_ramsbank;x
539;186;202;200;b_deadroll_creek;x
540;169;196;198;b_packstock;x
541;160;187;187;b_liverground;x
542;167;191;187;b_mouflon_brook;x
543;169;198;198;b_sheeps_wing;x
544;159;188;187;b_haverstock_keep;x
545;185;198;199;b_haverstock;x
546;186;202;201;b_lynnstream;x
547;188;203;207;b_blue_stem;x
548;185;198;198;b_paleview;x
549;185;199;198;b_hawleyfield;x
550;189;203;203;b_halfwrench;x
551;168;191;200;b_jarmans_brook;x
552;191;207;214;b_haverhill;x
553;178;194;190;b_reamwright;x
554;159;186;186;b_forest_ream;x
555;159;186;184;b_windraven;x
556;177;195;198;b_detwell;x
557;173;201;200;b_amber_stand;x
558;187;198;199;b_breck_ridge;x
559;188;202;192;b_blind_hill;x
560;168;193;187;b_reamys_mill;x
561;168;185;187;b_oldseason;x
562;165;187;183;b_shepherds_hearth;x
563;182;193;188;b_herds_hill;x
564;175;189;189;b_lamb_fort;x
565;173;200;189;b_theave_top;x
566;159;179;178;b_heftbrooks;x
567;172;186;179;b_giltwood;x
568;187;201;192;b_rouseabout;x
569;173;191;187;b_west_sheephill;x
570;171;192;185;b_branch_head_hold;x
571;169;196;187;b_branch_head_town;x
572;186;198;192;b_crooks_wood;x
573;165;186;183;b_gimmer;x
574;159;177;179;b_kedbane;x
575;168;187;186;b_balecade;x
576;171;198;189;b_flockdown;x
577;159;179;177;b_muster_mound;x
578;154;168;169;b_cull_ditch;x
579;228;207;173;b_hornwood;x
580;230;200;157;b_steelhorn;x
581;212;194;145;b_hunters_lodge;x
582;229;196;140;b_hightree;x
583;231;204;159;b_manvers;x
584;227;196;150;b_bullstone;x
585;229;201;149;b_wierden;x
586;233;213;163;b_knifehorn;x
587;233;201;144;b_broadmoose;x
588;223;199;145;b_solebuck_woods;x
589;221;202;141;b_cinderfall;x
590;228;203;180;b_greyhurst;x
591;230;204;158;b_wytchwood;x
592;224;205;160;b_black_branch;x
593;215;199;156;b_slumbering_weald;x
594;211;194;146;b_dusky_grove;x
595;235;214;201;b_wraithview;x
596;229;201;160;b_ebony_glen;x
597;232;216;198;b_old_autumn;x
598;232;200;141;b_calfs_fort;x
599;229;193;139;b_calfton;x
600;220;192;138;b_trappers_dell;x
601;231;214;192;b_hoofway;x
602;230;198;151;b_dewlap_downs;x
603;229;211;195;b_ruttridge;x
604;228;205;158;b_greybuck;x
605;218;191;148;b_lumbercorn;x
606;225;211;188;b_alder_branch;x
607;232;206;159;b_flatpoint;x
608;224;193;150;b_velvet_hall;x
609;233;207;161;b_blood_drop;x
610;227;190;139;b_elkstand;x
611;228;198;153;b_crumb_town;x
612;230;195;141;b_grovesett;x
613;231;202;158;b_tapwood;x
614;232;195;140;b_breadmill;x
615;228;212;174;b_frostbite_falls;x
616;234;205;164;b_alysanes_meadow;x
617;212;189;151;b_widows_watch;x
618;186;165;125;b_flint_cove;x
619;210;186;124;b_crestview_town;x
620;203;180;142;b_isfield;x
621;203;181;142;b_jaw_hill;x
622;205;173;118;b_flints_island;x
623;221;195;160;b_ragged_hill;x
624;212;189;158;b_estraton;x
625;231;215;145;b_flints_bine;x
626;201;178;140;b_widowstitch;x
627;211;191;150;b_spirestalks;x
628;215;197;164;b_broken_hold;x
629;217;207;168;b_brookgren;x
630;224;204;157;b_holmfield;x
631;219;205;179;b_bare_hill;x
632;217;205;172;b_patched_tower;x
633;220;197;143;b_rock_mill;x
634;224;211;180;b_wintersett;x
635;228;209;157;b_wavestone;x
636;224;204;156;b_branchside;x
637;225;204;164;b_woodsorrel;x
638;228;214;167;b_holly_hedge;x
639;220;200;143;b_slake;x
640;231;201;139;b_suckleberry;x
641;234;216;126;b_notchleaf;x
642;224;195;153;b_axe_lick;x
643;222;190;154;b_spruce_meadow;x
644;223;194;153;b_widows_peak;x
645;228;201;160;b_coldwell;x
646;221;206;164;b_tawney_port;x
647;213;196;151;b_light_oat;x
648;234;205;159;b_bays_tower;x
649;221;190;150;b_woodpick_hall;x
650;224;200;159;b_tawney_wood;x
651;231;212;145;b_wolfbine;x
652;222;192;150;b_crooked_tap;x
653;228;212;164;b_griphook;x
654;201;180;140;b_broadmend;x
655;218;190;141;b_whalecliffs;x
656;228;201;163;b_baywood;x
657;215;196;154;b_mermaids_grip;x
658;210;183;124;b_worn_post;x
659;224;207;157;b_oakenfield;x
660;219;205;180;b_coldspring;x
661;227;200;154;b_pinewalk;x
662;225;211;173;b_skim;x
663;223;194;151;b_deerflower;x
664;230;175;196;b_grailheart;x
665;193;140;157;b_grailhearts_town;x
666;218;173;190;b_grailmeadow;x
667;222;185;195;b_chestnut_keep;x
668;208;152;169;b_skillride;x
669;213;160;177;b_rycroft;x
670;212;158;177;b_highbrook_tower;x
671;214;156;181;b_geldwood;x
672;220;195;205;b_rillhill_shore;x
673;216;184;199;b_old_post;x
674;229;154;186;b_twins_pond;x
675;244;179;207;b_rillhill_wood;x
676;198;153;167;b_tackfeld_keep;x
677;184;160;168;b_brackston;x
678;223;179;194;b_sockfield;x
679;235;183;200;b_heel_row;x
680;193;137;154;b_flat_rill;x
681;201;155;164;b_shrouded_grove;x
682;216;198;199;b_firemane;x
683;209;177;187;b_brashwell;x
684;223;200;212;b_balewood;x
685;216;190;199;b_farlens_spurs;x
686;211;152;166;b_grindstone;x
687;201;145;157;b_blackleton;x
688;190;134;147;b_darkshoe_hills;x
689;203;154;166;b_smiths_ferry;x
690;196;145;154;b_horses_post;x
691;208;150;173;b_darksward;x
692;227;191;206;b_frontpoint;x
693;224;186;199;b_brogans_keep;x
694;204;174;180;b_iron_hoof;x
695;195;142;152;b_caulkin;x
696;209;179;187;b_rillwater_crossing;x
697;213;185;193;b_melton;x
698;214;187;196;b_rivercrest;x
699;206;172;183;b_broken_brook;x
700;218;189;201;b_eskerill;x
701;212;179;194;b_sam_hill;x
702;223;198;212;b_creeks_rush;x
703;209;192;197;b_barrentree;x
704;208;162;175;b_spearmans_cairn;x
705;195;142;154;b_witheredheath;x
706;210;171;179;b_ryfield;x
707;193;139;154;b_sons_hope;x
708;216;193;199;b_dandy;x
709;201;156;167;b_gladestream;x
710;199;151;162;b_brickrun;x
711;223;162;176;b_spearwatch_island;x
712;242;176;191;b_greenbrook;x
713;223;187;195;b_hoofpick_hill;x
714;235;200;208;b_ronnels_hold;x
715;214;187;195;b_soddenburn_hall;x
716;213;192;194;b_soddenburn;x
717;213;184;193;b_pinestream;x
718;216;188;196;b_soddenburn_mouth;x
719;213;185;194;b_moorsend;x
720;200;165;167;b_ravenswood;x
721;199;149;160;b_young_run;x
722;203;160;171;b_beckbrush;x
723;224;199;215;b_lake_rustwell;x
724;209;177;190;b_rustwell;x
725;221;172;192;b_rushcrest;x
726;213;180;197;b_red_barrow;x
727;193;138;151;b_blackhorse;x
728;203;160;172;b_floodbottle;x
729;196;144;160;b_grey_nest;x
730;211;176;193;b_slitstone_wash;x
731;216;186;200;b_skysmeet;x
732;193;138;154;b_copper_creek;x
733;211;176;186;b_bottom_meadow;x
734;215;152;170;b_rillmead_keep;x
735;192;133;150;b_slitstone_bay;x
736;181;153;161;b_bottom_run_island;x
737;218;188;202;b_atwater_hold;x
738;214;185;199;b_brownblock;x
739;206;163;181;b_pale_field;x
740;222;195;207;b_brewers_woods;x
741;222;195;200;b_ale_port;x
742;214;182;199;b_brewriver;x
743;205;170;191;b_corktown;x
744;216;178;201;b_tap_house;x
745;234;175;211;b_blonde_fields;x
746;204;174;192;b_atwater_hill;x
747;220;177;193;b_baileybridge;x
748;222;181;195;b_brightrill;x
749;196;144;156;b_riders_comb;x
750;214;180;196;b_wettingrock;x
751;224;187;195;b_branforest;x
752;212;158;178;b_upper_rills;x
753;222;185;197;b_manehall;x
754;216;170;186;b_burned_branch;x
755;215;168;186;b_red_branch;x
756;207;177;188;b_beaten_tower;x
757;199;169;180;b_woodwater;x
758;218;193;202;b_smallrill_hall;x
759;215;182;198;b_fullers_wood;x
760;206;166;181;b_small_brooks;x
761;208;168;189;b_the_meadhouse;x
762;214;176;190;b_buried_helm;x
763;231;178;198;b_glenbrook;x
764;226;201;195;b_whitecaster;x
765;237;212;206;b_anglerage;x
766;218;207;185;b_fish_lake;x
767;208;186;181;b_fullock;x
768;213;195;169;b_snagglehook;x
769;213;189;179;b_shelled_shore;x
770;210;186;185;b_reavers_watch;x
771;207;196;169;b_barrycross;x
772;206;193;160;b_fishwife;x
773;214;202;173;b_herons_rest;x
774;225;215;189;b_lunker;x
775;223;206;193;b_hillcrest;x
776;212;188;169;b_bysea_keep;x
777;208;188;161;b_ottercat;x
778;213;192;169;b_great_bar;x
779;211;192;180;b_pebble_creek;x
780;226;210;188;b_goodwell;x
781;214;198;187;b_doubletree;x
782;221;189;163;b_cats_kill;x
783;210;190;174;b_upperfield;x
784;220;178;145;b_marten;x
785;206;181;149;b_deep_lure;x
786;219;195;180;b_white_pine_bay;x
787;216;197;180;b_old_lure;x
788;214;202;190;b_crane_creek;x
789;216;201;192;b_cold_rock;x
790;223;196;178;b_roundtop;x
791;232;204;187;b_cone_hill;x
792;191;168;154;b_fishbait;x
793;211;182;164;b_stonebait;x
794;216;176;152;b_smallbait;x
795;219;199;179;b_ridgewater;x
796;206;177;154;b_darkenbay;x
797;213;201;172;b_ridgehaven;x
798;214;203;188;b_forgestones;x
799;214;208;190;b_brookland;x
800;208;190;180;b_scarford;x
801;220;193;146;b_braylock;x
802;220;198;146;b_skipstone;x
803;224;196;130;b_far_stone_keep;x
804;211;191;143;b_far_stone_point;x
805;220;205;171;b_broken_stone;x
806;219;199;185;b_bywash_keep;x
807;215;196;181;b_able_brook;x
808;191;182;176;b_washbrook;x
809;205;186;163;b_ironhilt;x
810;214;197;186;b_washing_mill;x
811;228;205;190;b_washbrook_hills;x
812;216;199;188;b_brookhelm;x
813;232;205;188;b_washfields;x
814;212;184;165;b_creek_caves;x
815;207;186;176;b_steelwater_castle;x
816;191;179;171;b_swordbird;x
817;213;196;172;b_grysend;x
818;210;200;181;b_stonebricks;x
819;218;197;173;b_standmont;x
820;211;188;175;b_slabtree;x
821;224;194;174;b_knockview;x
822;213;211;175;b_blue_tower;x
823;215;195;175;b_first_fort;x
824;196;172;166;b_kiddle_docks;x
825;204;186;153;b_blueport;x
826;216;200;184;b_rueford;x
827;213;197;180;b_stony_grain;x
828;220;199;175;b_kidds_hill;x
829;196;183;169;b_hilltop;x
830;191;201;209;b_blackpool;x
831;190;199;210;b_the_splinters;x
832;186;194;202;b_torchstone;x
833;189;198;209;b_charnel_shore;x
834;189;198;211;b_marland_grove;x
835;135;139;156;b_slatefields;x
836;197;207;212;b_ashlar;x
837;195;210;216;b_blacktown;x
838;183;190;200;b_greymarsh;x
839;162;164;188;b_greystone;x
840;145;148;171;b_slate_watch;x
841;179;212;219;b_stonebrand;x
842;194;207;214;b_hemlock;x
843;156;185;193;b_oakenyard;x
844;183;193;203;b_wooded_way;x
845;192;202;212;b_trailhead;x
846;196;209;218;b_low_lake;x
847;185;194;203;b_stonebrands_summit;x
848;189;198;206;b_waterhill;x
849;176;191;199;b_bestmotte;x
850;191;200;211;b_weltcastle;x
851;191;202;208;b_welton;x
852;194;207;212;b_woodplate;x
853;191;201;211;b_gable;x
854;198;206;211;b_slab_hill;x
855;173;173;191;b_weltwood;x
856;193;202;211;b_radmoor;x
857;200;210;213;b_cleavehall;x
858;158;166;182;b_first_hollow;x
859;178;196;210;b_whetstone;x
860;159;182;194;b_bittercairns;x
861;174;196;209;b_siltburrow;x
862;164;167;184;b_grainstone_watch;x
863;156;177;190;b_chalkgrave;x
864;171;189;201;b_slaughtertree;x
865;166;184;197;b_burledcade;x
866;162;182;194;b_silt_town;x
867;156;153;172;b_slowburn;x
868;168;169;188;b_slatepool;x
869;190;179;210;b_hilltable;x
870;161;159;181;b_nestling;x
871;169;169;189;b_lords_wood;x
872;175;172;191;b_marl_river;x
873;186;190;210;b_slate_lake_hold;x
874;194;201;219;b_denwarren;x
875;181;185;205;b_grey_rill;x
876;195;201;221;b_bownsglade;x
877;192;198;217;b_gravel_keep;x
878;177;179;201;b_gravencook;x
879;153;158;180;b_pools_wood;x
880;168;167;192;b_dead_shore;x
881;185;189;210;b_spearpool;x
882;193;200;220;b_the_break;x
883;181;190;209;b_wrecked_riverfort;x
884;170;178;198;b_pinemudd;x
885;173;174;195;b_woodswill;x
886;188;170;117;b_torrhens_square;x
887;190;171;120;b_henslaton;x
888;173;181;125;b_three_pines;x
889;203;182;132;b_sennelstream;x
890;189;172;119;b_less_hollow;x
891;183;167;114;b_highbough;x
892;199;185;131;b_proudtree;x
893;185;169;117;b_sentinels_grove;x
894;182;165;113;b_eastitch_barrens;x
895;200;184;131;b_the_needles;x
896;204;182;114;b_silverglade;x
897;200;183;131;b_jorston;x
898;170;153;100;b_oak_barren;x
899;175;160;106;b_ladys_loss;x
900;184;167;114;b_greybush;x
901;193;182;126;b_gladewythe;x
902;183;165;110;b_fairbush;x
903;155;139;86;b_haysfield;x
904;198;190;134;b_scoldwell;x
905;200;179;129;b_big_horn;x
906;181;162;110;b_timberwatch;x
907;167;148;96;b_marracade;x
908;186;167;115;b_oakcrest;x
909;182;172;118;b_crawls;x
910;173;155;101;b_elm_hollow;x
911;132;127;84;b_bywood;x
912;168;149;97;b_fieldhurst;x
913;177;162;132;b_brantford;x
914;158;159;110;b_dull_forest;x
915;183;173;119;b_denwood_castle;x
916;199;188;132;b_spruce_grove;x
917;197;187;131;b_shoehorse;x
918;203;192;136;b_pinewood;x
919;203;191;135;b_oldcone;x
920;197;178;125;b_creeping_pine;x
921;185;175;119;b_branchcross;x
922;201;179;128;b_trunkwell;x
923;196;183;129;b_lakewood;x
924;180;162;109;b_cryton;x
925;193;175;122;b_old_amber_ruins;x
926;196;179;126;b_clusterpine;x
927;202;181;131;b_bellpit_river;x
928;198;179;129;b_poplar_weep;x
929;195;178;126;b_rotten_stone;x
930;187;169;115;b_bennards_well;x
931;184;167;113;b_blueflame;x
932;185;167;114;b_baileywood;x
933;181;163;110;b_birchwatch;x
934;183;171;134;b_songtree;x
935;174;156;102;b_riverbrace;x
936;168;152;117;b_chillwater_tower;x
937;171;152;100;b_thinwash;x
938;173;154;103;b_gonegrounds;x
939;170;150;99;b_woodenfield;x
940;186;195;160;b_deepwood_motte;x
941;159;179;155;b_honest_cove;x
942;181;194;184;b_deepwood_point;x
943;142;166;144;b_scarlet_shore;x
944;155;176;164;b_first_shore;x
945;135;164;148;b_sentinel_crest;x
946;166;195;184;b_shademail;x
947;180;192;188;b_bloodfist;x
948;190;199;192;b_mastden;x
949;169;174;169;b_mailed_pines;x
950;166;174;148;b_deepglade;x
951;142;168;148;b_barkwood_sett;x
952;187;193;189;b_howling_forest;x
953;142;169;148;b_forest_refuge;x
954;161;177;152;b_crofters_clearing;x
955;127;164;154;b_greenwood_grave;x
956;153;167;149;b_firstmans_solace;x
957;195;204;190;b_poplar_bed;x
958;172;186;181;b_fallentable;x
959;165;184;173;b_leafbed;x
960;119;138;133;b_cloakwood;x
961;160;166;169;b_blackbird_hall;x
962;185;199;188;b_leafy_motte;x
963;153;180;162;b_woodencade;x
964;181;202;184;b_brandons_chase;x
965;188;189;188;b_brierscroft;x
966;168;195;180;b_triproot;x
967;182;195;167;b_wolfhall;x
968;184;189;182;b_broad_stand;x
969;160;171;169;b_winters_paw;x
970;155;171;154;b_frostleaf;x
971;162;177;156;b_two_towers;x
972;173;184;174;b_marrs_acorn;x
973;142;183;170;b_harmondswood;x
974;156;177;163;b_gnawing_run;x
975;182;192;190;b_grovefort;x
976;151;190;176;b_weir_trail;x
977;175;187;180;b_critters_keep;x
978;152;172;146;b_hawkeye_perch;x
979;171;174;142;b_eldercade;x
980;162;185;170;b_thickshade;x
981;160;177;174;b_cloudforest_motte;x
982;149;184;163;b_fogbreak;x
983;176;188;163;b_pointwind_woods;x
984;146;170;152;b_woodfell_mists;x
985;163;183;148;b_woodfell_town;x
986;149;166;138;b_cloudharvest;x
987;159;181;155;b_smoke_pond;x
988;158;194;175;b_carvers_cast;x
989;163;177;148;b_rickswood_lot;x
990;154;180;168;b_fieldenwood;x
991;159;177;157;b_knothole;x
992;153;174;164;b_squirrels_ground;x
993;193;199;178;b_sea_dragon_watch;x
994;153;177;164;b_thornbird;x
995;168;184;163;b_aldenstand;x
996;178;185;185;b_ironmans_tail;x
997;183;187;177;b_wargs_clearing;x
998;166;166;162;b_wild_leaf;x
999;149;168;138;b_altons_rock;x
1000;146;178;152;b_galehaven;x
1001;163;181;170;b_stillport;x
1002;158;189;175;b_serene_shore;x
1003;179;202;167;b_restmarket;x
1004;152;170;146;b_steadfarm;x
1005;154;169;145;b_stillfields;x
1006;158;187;175;b_crossed_pines;x
1007;182;189;173;b_cregancroft;x
1008;146;173;152;b_given_house;x
1009;174;184;174;b_stonedrift;x
1010;163;189;170;b_wrongport;x
1011;185;191;178;b_spruce_cove;x
1012;152;173;146;b_bucksway;x
1013;183;196;177;b_blackfrog;x
1014;172;186;168;b_farview;x
1015;168;182;163;b_ashy_bog;x
1016;171;187;166;b_chestnut;x
1017;163;183;170;b_forestbrook;x
1018;144;170;165;b_howell;x
1019;142;175;161;b_stump_cross;x
1020;149;182;163;b_thorntill;x
1021;111;134;139;b_poolbrook;x
1022;119;136;133;b_rats_wood;x
1023;165;169;159;b_firsenfort;x
1024;159;179;157;b_kings_grove;x
1025;177;177;169;b_rootcairn;x
1026;183;200;174;b_howlgrove;x
1027;184;170;197;b_ironrath;x
1028;191;176;199;b_ironwood_stand;x
1029;200;184;213;b_brushcade;x
1030;202;186;209;b_rustwood;x
1031;200;172;182;b_bedload_forest;x
1032;166;156;184;b_gerhards_ironlot;x
1033;162;150;176;b_rathwood_tower;x
1034;179;167;194;b_ironroot;x
1035;187;173;199;b_blackgrove;x
1036;209;196;222;b_thunder_brook;x
1037;201;182;204;b_highpoint;x
1038;185;169;189;b_wealdroot;x
1039;187;171;191;b_whitepeak;x
1040;187;172;196;b_white_town;x
1041;209;193;213;b_steelstumps;x
1042;180;169;196;b_stellingsdown;x
1043;196;178;200;b_evergreen;x
1044;206;189;210;b_deepcroft;x
1045;187;174;195;b_lakehold;x
1046;204;187;207;b_corewood;x
1047;200;185;210;b_dark_sett;x
1048;191;174;194;b_sentinel_stack;x
1049;194;178;198;b_darsetton;x
1050;180;166;192;b_wolvenhill;x
1051;185;172;199;b_furbranch;x
1052;185;167;190;b_black_pine_field;x
1053;192;178;207;b_joronsglade;x
1054;196;177;197;b_blackpine_grove;x
1055;166;155;181;b_greyleaf_tower;x
1056;182;166;187;b_moorwood_hold;x
1057;187;170;191;b_moorwood_docks;x
1058;187;169;191;b_wolfs_cradle;x
1059;196;180;200;b_torntree;x
1060;191;177;205;b_middlerise;x
1061;199;182;203;b_hills_trade;x
1062;194;177;198;b_pinnenridge;x
1063;189;172;193;b_blackridge;x
1064;188;174;200;b_allpine_hold;x
1065;199;182;208;b_allpine_stream;x
1066;194;181;209;b_five_leaves;x
1067;184;172;197;b_worstburn;x
1068;198;184;212;b_keepscribe;x
1069;189;179;206;b_mottcon;x
1070;199;180;200;b_fires_start;x
1071;166;154;183;b_hallertown;x
1072;203;195;190;b_castle_cerwyn;x
1073;203;199;193;b_haftbrook;x
1074;185;186;179;b_axes_rise;x
1075;207;202;198;b_keen_branch;x
1076;182;192;185;b_cerwyns_trench;x
1077;208;206;199;b_withered_wood;x
1078;193;193;191;b_wolfs_spite;x
1079;202;195;193;b_smokeheave;x
1080;183;193;183;b_trenchwood_forest;x
1081;201;195;188;b_lords_sight;x
1082;205;201;192;b_eagle_tower;x
1083;197;192;186;b_red_wings;x
1084;201;195;194;b_tinebrush;x
1085;203;198;191;b_condonfield;x
1086;197;188;191;b_barbwood;x
1087;187;187;177;b_wood_talon;x
1088;199;194;189;b_hopespring;x
1089;204;199;195;b_pointed_hall;x
1090;188;184;185;b_birchstand;x
1091;200;194;187;b_eagles_run;x
1092;202;195;190;b_wynmend;x
1093;193;194;186;b_wynmend_field;x
1094;200;195;190;b_woodenmage;x
1095;205;203;199;b_candlerton;x
1096;205;202;196;b_black_log;x
1097;192;194;191;b_fort_handle;x
1098;194;186;180;b_fallen_trunk;x
1099;202;196;194;b_windy_stand;x
1100;192;194;186;b_alden_perch;x
1101;202;196;196;b_lastmend;x
1102;198;194;184;b_bullwark;x
1103;200;196;188;b_thorpe;x
1104;193;195;190;b_brabblerock;x
1105;203;199;192;b_buckhorn;x
1106;199;202;196;b_brownleaf;x
1107;206;199;192;b_pond_ridge;x
1108;208;203;200;b_elm_vine;x
1109;193;194;188;b_clay_hold;x
1110;202;199;192;b_glenwood;x
1111;199;194;190;b_deerweald;x
1112;211;203;187;b_sharpwater;x
1113;204;195;185;b_splitbranch;x
1114;194;195;189;b_needlewood;x
1115;198;192;189;b_cutpools;x
1116;193;197;190;b_spineside;x
1117;204;199;193;b_winterkings_stand;x
1118;190;192;187;b_sharpwater_woods;x
1119;206;199;196;b_thorngrowth;x
1120;199;195;192;b_sharp_mills;x
1121;235;238;220;b_barrow_hall;x
1122;192;186;144;b_barrowton;x
1123;206;196;145;b_gods_hill;x
1124;181;172;129;b_harwoods_hold;x
1125;207;196;146;b_the_rustkeep;x
1126;195;189;145;b_chamber_tower;x
1127;219;226;139;b_dustmund;x
1128;203;194;146;b_crosshaft;x
1129;200;193;145;b_first_crown;x
1130;197;192;158;b_graveclyffe;x
1131;189;179;157;b_rivercairns;x
1132;178;168;149;b_brockwood;x
1133;221;219;156;b_goldgrass;x
1134;181;174;129;b_strong_grains;x
1135;184;195;156;b_black_kiln;x
1136;208;198;149;b_proudford;x
1137;167;178;135;b_pale_malt;x
1138;192;183;133;b_oatmeal_hill;x
1139;198;202;153;b_brewbarrow;x
1140;193;192;144;b_mashmound;x
1141;217;215;163;b_maltgate;x
1142;188;202;153;b_brownmalt_barrow;x
1143;192;206;161;b_roastfield;x
1144;219;223;161;b_brownglass;x
1145;195;190;144;b_wheat_root;x
1146;185;201;151;b_meadfort;x
1147;205;212;152;b_grainbarrow;x
1148;214;215;158;b_black_eagle;x
1149;213;215;155;b_roastwater;x
1150;201;205;152;b_brownmelt;x
1151;202;210;151;b_honeywood;x
1152;200;189;142;b_whitbread;x
1153;183;183;144;b_coughing_keep;x
1154;202;195;166;b_brown_graves;x
1155;182;183;143;b_old_tomb_hill;x
1156;236;246;186;b_roundbluff;x
1157;180;183;141;b_brownlow;x
1158;212;215;156;b_bentbarrow;x
1159;213;206;153;b_dugglestone;x
1160;210;213;153;b_birthmark;x
1161;202;195;145;b_elders_hill;x
1162;197;213;153;b_lords_rest;x
1163;179;159;143;b_spearmouth;x
1164;197;186;141;b_ditch_town;x
1165;208;210;154;b_dockgrave;x
1166;223;227;169;b_bermcade;x
1167;193;181;151;b_lummund;x
1168;184;175;145;b_pointmound;x
1169;175;163;146;b_milkcroft;x
1170;179;191;148;b_barstone;x
1171;179;165;146;b_bellgrove;x
1172;184;173;149;b_bent_ring;x
1173;208;200;160;b_mundpress;x
1174;181;183;141;b_grange_hall;x
1175;198;219;143;b_brave_well;x
1176;202;194;145;b_drybarrel;x
1177;192;207;161;b_broadmane;x
1178;173;177;137;b_wedding_hill;x
1179;167;173;135;b_spitbeck;x
1180;170;174;137;b_cleatmill;x
1181;213;214;151;b_rare_dell;x
1182;191;183;141;b_lea_meadow;x
1183;209;202;152;b_barstock;x
1184;202;196;145;b_bristleton;x
1185;212;205;151;b_pile_hill;x
1186;207;199;152;b_tump_marsh;x
1187;195;210;154;b_draught_hill;x
1188;200;195;157;b_lostcairn;x
1189;214;206;152;b_hags_barrow;x
1190;215;205;154;b_welvery;x
1191;205;214;165;b_longdown;x
1192;210;201;151;b_cracked_mound;x
1193;216;220;160;b_draywin_keep;x
1194;227;214;149;b_flowerdown;x
1195;200;210;151;b_flank_ridges;x
1196;197;190;144;b_buried_hill;x
1197;187;201;150;b_draymalt;x
1198;214;218;156;b_bermdown;x
1199;199;209;152;b_river_barrow;x
1200;217;212;163;b_rockwattle;x
1201;199;213;162;b_corkford;x
1202;191;206;152;b_windy_wood;x
1203;195;186;132;b_heapsdown;x
1204;198;189;143;b_rut_town;x
1205;202;201;158;b_mundter;x
1206;204;199;149;b_hillfort;x
1207;207;198;146;b_smooth_hills;x
1208;206;201;152;b_good_pits;x
1209;208;201;151;b_oatridge;x
1210;212;211;166;b_stonepile;x
1211;182;194;147;b_mucksbumps;x
1212;213;207;151;b_barbrook;x
1213;179;166;147;b_drumlynn_castle;x
1214;201;201;179;b_drumlynn_town;x
1215;181;169;148;b_greybarrow;x
1216;185;189;127;b_upgrains;x
1217;184;174;148;b_ridge_of_reavers;x
1218;188;177;150;b_port_wane;x
1219;182;171;149;b_meadow_hill;x
1220;212;213;162;b_gravery;x
1221;193;186;142;b_creamwood;x
1222;190;183;137;b_strongstream;x
1223;179;162;150;b_holdwater;x
1224;131;159;122;b_walrus_rock;x
1225;142;158;127;b_woodenbrim;x
1226;169;162;145;b_stone_point;x
1227;168;171;143;b_oakcade;x
1228;170;162;142;b_boulder_downs;x
1229;175;166;151;b_bail_peak;x
1230;152;154;153;b_wulls_drop;x
1231;159;170;144;b_the_bucket;x
1232;171;163;138;b_bushcrest;x
1233;156;145;134;b_blue_mount;x
1234;166;180;143;b_breakstone_hill;x
1235;170;157;147;b_the_fist;x
1236;176;161;144;b_breakstone_cave;x
1237;184;171;160;b_firstmont;x
1238;170;161;151;b_breakstone_pass;x
1239;181;177;151;b_flintway;x
1240;187;184;156;b_ridgeside;x
1241;178;174;160;b_flinney;x
1242;171;159;140;b_the_stone_hand;x
1243;161;152;149;b_the_flint_flats;x
1244;171;167;146;b_buried_moon;x
1245;166;175;143;b_arrendell;x
1246;162;160;138;b_whitebend_basin;x
1247;183;167;151;b_brim_shore;x
1248;172;161;156;b_traders_crest;x
1249;176;164;144;b_fadewane;x
1250;160;169;136;b_bluegorge;x
1251;152;124;134;b_the_full_moon;x
1252;162;151;148;b_cold_cove;x
1253;171;166;148;b_the_notch;x
1254;155;175;128;b_knottheart;x
1255;171;166;136;b_knott_pass;x
1256;170;159;138;b_braided_trench;x
1257;171;166;139;b_crestbent;x
1258;161;156;150;b_true_gorge;x
1259;169;162;146;b_braidstone;x
1260;138;163;145;b_windrise;x
1261;161;156;146;b_arwood_tower;x
1262;175;163;147;b_tangled_glen;x
1263;162;151;152;b_carvestone;x
1264;161;166;137;b_blue_pile;x
1265;177;168;148;b_traders_mill;x
1266;147;148;132;b_the_foothold;x
1267;179;166;146;b_the_ribs;x
1268;176;164;146;b_wrinkle;x
1269;170;162;140;b_broken_hill;x
1270;172;161;159;b_whitewound;x
1271;147;160;140;b_carvers_keep;x
1272;141;159;131;b_firmont;x
1273;149;136;124;b_trees_edge;x
1274;175;174;158;b_highwood_pass;x
1275;144;138;137;b_highwood_hall;x
1276;170;162;152;b_bronzemill;x
1277;149;136;127;b_pinecone;x
1278;160;169;137;b_woodenline;x
1279;143;137;136;b_dermont;x
1280;174;165;140;b_deep_hill;x
1281;174;163;140;b_brookmont;x
1282;170;165;138;b_the_thistle;x
1283;155;150;136;b_crows_edge;x
1284;147;157;135;b_stout_hill;x
1285;160;150;148;b_brothersback;x
1286;161;164;134;b_norrkin_keep;x
1287;183;172;161;b_thistle_fork;x
1288;182;167;157;b_norrey_pass;x
1289;140;159;145;b_highspine;x
1290;170;162;135;b_jagged_brook;x
1291;156;171;128;b_prickle;x
1292;171;163;143;b_trenchstone_watch;x
1293;175;162;152;b_duggery;x
1294;179;162;151;b_barb_rock;x
1295;165;184;143;b_high_heath;x
1296;156;148;134;b_swine_point;x
1297;172;164;156;b_trenchwood;x
1298;143;154;128;b_trenchfoot;x
1299;152;150;151;b_snaggle_pass;x
1300;175;161;137;b_the_trench;x
1301;142;156;131;b_downpoint;x
1302;176;164;158;b_grey_heath;x
1303;155;150;138;b_nibstone;x
1304;155;159;141;b_last_thorpe;x
1305;179;174;155;b_hilltrade_forge;x
1306;155;159;146;b_scar_river;x
1307;179;174;159;b_midpass;x
1308;175;170;146;b_gravepath;x
1309;182;175;156;b_stokerain;x
1310;224;213;203;b_greywater_watch;x
1311;219;211;198;b_poisonkiss_crann;x
1312;210;199;186;b_the_sludge;x
1313;211;197;181;b_reedhall;x
1314;227;227;219;b_deepbask;x
1315;210;200;184;b_the_tail;x
1316;228;232;225;b_ditchcourse;x
1317;205;189;174;b_scalemurk;x
1318;202;175;151;b_singers_hideaway;x
1319;208;194;182;b_the_reedway;x
1320;192;187;183;b_lizards_bask;x
1321;213;207;181;b_the_cray;x
1322;210;201;187;b_craypool;x
1323;205;187;166;b_leamlands;x
1324;202;192;163;b_curlew;x
1325;202;192;169;b_ironmarsh;x
1326;224;215;200;b_floatingside;x
1327;204;191;187;b_hiddenhill;x
1328;220;206;167;b_snakeroot;x
1329;205;194;163;b_sloughswallow;x
1330;218;209;183;b_creepen;x
1331;186;183;166;b_the_mire;x
1332;184;186;170;b_dragonfly_crannog;x
1333;211;197;180;b_damselrest;x
1334;206;196;163;b_bluetail;x
1335;199;189;153;b_stenchwater;x
1336;174;177;153;b_grimm_moor;x
1337;203;207;178;b_lily_churn;x
1338;192;198;154;b_collyfirth;x
1339;182;187;145;b_fogview;x
1340;207;199;181;b_the_moates;x
1341;201;191;163;b_deepdrink;x
1342;212;199;184;b_wringwood;x
1343;213;203;185;b_cattails_cradle;x
1344;199;183;158;b_gunnister;x
1345;191;186;152;b_swalemose;x
1346;209;194;170;b_mist_farm;x
1347;221;196;156;b_swallow_rush;x
1348;202;176;134;b_sedgeflower;x
1349;203;188;172;b_cottongum;x
1350;212;199;188;b_swampwood;x
1351;207;191;162;b_croggen;x
1352;211;197;186;b_soalwaters;x
1353;206;193;163;b_undertow;x
1354;201;188;163;b_southrons_grave;x
1355;207;196;159;b_green_bog;x
1356;218;200;186;b_dankmire;x
1357;228;205;187;b_cypresschock;x
1358;204;196;162;b_dewlock;x
1359;211;205;190;b_the_fogged_causeway;x
1360;209;202;182;b_duckboards;x
1361;209;198;191;b_greensmear;x
1362;209;197;182;b_buttonbush;x
1363;182;189;172;b_float_hold;x
1364;216;196;171;b_neck_lace;x
1365;226;206;180;b_ditchgrove;x
1366;208;195;175;b_slewell;x
1367;208;195;174;b_upperness;x
1368;209;196;179;b_slewness;x
1369;203;191;175;b_drowning;x
1370;201;187;175;b_shinedrift;x
1371;208;198;180;b_dead_float;x
1372;208;197;180;b_wetweir;x
1373;201;193;175;b_lilyblanket;x
1374;211;203;185;b_miry;x
1375;213;201;189;b_churwell_crannog;x
1376;213;200;189;b_sinksoil;x
1377;211;193;178;b_churford;x
1378;207;196;187;b_necks_heart;x
1379;208;201;175;b_medgecourse;x
1380;223;199;178;b_larkspur;x
1381;200;185;172;b_under_stick;x
1382;202;177;155;b_tussock;x
1383;197;189;182;b_marshgate;x
1384;174;161;150;b_downshrub;x
1385;208;200;184;b_greenspring;x
1386;200;193;173;b_toirns_bog;x
1387;223;211;192;b_soakcrann;x
1388;211;201;183;b_drenchway;x
1389;209;199;178;b_plankedway;x
1390;198;190;177;b_muddy_walk;x
1391;214;204;182;b_leaky_path;x
1392;206;196;177;b_frogwaters;x
1393;218;208;188;b_lillons_drag;x
1394;215;209;197;b_bloody_vein;x
1395;217;203;197;b_drinkstrand;x
1396;202;191;172;b_back_water;x
1397;210;198;186;b_swampling;x
1398;195;190;169;b_downglen;x
1399;211;198;181;b_blottwater;x
1400;208;204;188;b_cashel;x
1401;204;193;164;b_dewbrine;x
1402;203;191;168;b_floodfence;x
1403;218;208;190;b_muck_arm;x
1404;209;196;181;b_frostfenn;x
1405;208;197;185;b_dripblossom;x
1406;205;194;182;b_drownview;x
1407;210;197;182;b_the_sunken_grove;x
1408;219;210;185;b_talland;x
1409;218;208;183;b_fenblanket;x
1410;212;199;181;b_lockspring;x
1411;224;204;177;b_mudbrook;x
1412;222;211;195;b_wallow_cavern;x
1413;208;195;180;b_crannbrook;x
1414;204;192;180;b_carrs_keep;x
1415;213;201;184;b_carragan;x
1416;210;198;187;b_greenan;x
1417;211;205;191;b_wightmoor;x
1418;212;200;190;b_undergrove;x
1419;204;191;176;b_sundew;x
1420;219;213;205;b_gloomy_moat;x
1421;209;199;180;b_basaltback;x
1422;198;187;177;b_drainside;x
1423;206;196;183;b_spicebush;x
1424;221;219;214;b_swamphen;x
1425;239;230;238;b_missecrest;x
1426;203;188;174;b_blackgum;x
1427;198;187;178;b_osterby;x
1428;223;205;189;b_bottombridge;x
1429;209;203;178;b_peats_wash;x
1430;207;196;177;b_childrens_fury;x
1431;209;198;186;b_peat_blanket;x
1432;204;196;181;b_sinking_marsh;x
1433;192;187;154;b_bulrush;x
1434;200;190;171;b_mudwall;x
1435;180;171;154;b_amarack;x
1436;180;177;154;b_squirrels_log;x
1437;197;191;151;b_churnstone;x
1438;203;191;180;b_shallowseek;x
1439;203;191;176;b_poursmose;x
1440;210;195;176;b_seer_swamp;x
1441;212;200;179;b_bocksten;x
1442;203;191;183;b_croakcrann;x
1443;201;188;172;b_musk_egg;x
1444;208;191;180;b_the_dampwood;x
1445;212;194;178;b_rost;x
1446;212;207;189;b_leachs_fort;x
1447;215;199;189;b_feverview;x
1448;207;196;185;b_marlgloom;x
1449;239;230;234;b_creekblend;x
1450;228;232;227;b_barrow_bog;x
1451;206;194;190;b_swamp_rose;x
1452;201;189;174;b_flood_chock;x
1453;197;182;163;b_limberlost;x
1454;187;173;155;b_catberry;x
1455;194;183;170;b_washmoss;x
1456;208;189;167;b_plaguemoor;x
1457;171;183;174;b_flints_finger;x
1458;163;174;167;b_the_thumb;x
1459;151;171;147;b_forrent;x
1460;166;176;175;b_chertwell;x
1461;159;175;155;b_fingerfield;x
1462;163;170;154;b_flintspall;x
1463;165;185;160;b_freewood;x
1464;149;166;145;b_knucklebrush;x
1465;145;166;145;b_new_stonehand;x
1466;147;179;148;b_byfinger;x
1467;143;163;143;b_knapes;x
1468;166;179;172;b_blazemark;x
1469;183;200;202;b_blaze_harbor;x
1470;158;179;172;b_mistmooring;x
1471;161;183;181;b_faded_keep;x
1472;170;184;175;b_skunkstone;x
1473;172;183;184;b_jointwood;x
1474;140;176;140;b_white_widow;x
1475;129;171;175;b_herery;x
1476;130;169;172;b_green_watch;x
1477;175;196;198;b_northlight;x
1478;157;180;182;b_pot_and_bowl;x
1479;163;175;174;b_greencliffe;x
1480;147;194;199;b_strafton;x
1481;164;183;185;b_strafton_bank;x
1482;172;182;185;b_plainbrand;x
1483;158;179;167;b_coast_rest;x
1484;163;183;183;b_squidbreach;x
1485;155;178;179;b_tidewrath;x
1486;162;186;188;b_sharpbrush;x
1487;150;167;169;b_krakens_cut;x
1488;148;190;194;b_ringrock;x
1489;165;183;181;b_castle_beastyrn;x
1490;167;186;184;b_liars_care;x
1491;163;181;181;b_fiendhold;x
1492;165;183;187;b_beast_iron_stay;x
1493;155;178;183;b_werfworth;x
1494;166;193;207;b_beasts_cistern;x
1495;166;204;207;b_rottenvain;x
1496;157;191;194;b_flamewell;x
1497;174;192;201;b_lightpool;x
1498;146;181;184;b_anchor_point;x
1499;176;198;163;b_cliffstower;x
1500;170;190;177;b_ravena;x
1501;164;187;185;b_rocky_cliff;x
1502;167;184;198;b_the_chests_drop;x
1503;172;182;180;b_narrowdown;x
1504;167;182;175;b_bleakrock_cliff;x
1505;164;173;159;b_arrowgrass_road;x
1506;156;174;147;b_steepstone;x
1507;164;184;152;b_waneridge;x
1508;178;193;170;b_flintfall;x
1509;161;190;169;b_cannmill_hold;x
1510;169;192;172;b_bluerock_heights;x
1511;166;190;167;b_fathers_drop;x
1512;168;198;175;b_stockplace;x
1513;163;168;153;b_canns_mill;x
1514;162;172;167;b_flattenfrost;x
1515;170;187;178;b_slumbering_chasm;x
1516;172;183;180;b_old_linn;x
1517;163;181;172;b_linn_watch;x
1518;181;202;191;b_gravelcliff;x
1519;166;194;163;b_wrist_keep;x
1520;173;182;184;b_wristerley;x
1521;169;192;177;b_wrist_rock;x
1522;161;188;165;b_longshot;x
1523;140;174;159;b_rollfield;x
1524;136;178;160;b_burrseam;x
1525;158;191;176;b_losthurst;x
1526;148;191;150;b_the_wayknot;x
1527;148;191;183;b_rambling_rill;x
1528;163;173;168;b_arnscarre;x
1529;144;150;137;b_clayton;x
1530;146;173;139;b_eddaras_throw;x
1531;151;168;147;b_flinthead;x
1532;171;181;179;b_maidens_curse;x
1533;169;182;172;b_scabstone;x
1534;155;173;139;b_pit_keep;x
1535;156;170;144;b_greenblotch;x
1536;173;193;154;b_pockmark;x
1537;148;159;138;b_wounded_walk;x
1538;149;163;134;b_blazewater_watch;x
1539;128;159;146;b_waterstone;x
1540;164;175;167;b_loombick;x
1541;161;171;155;b_broadmore;x
1542;161;171;159;b_seeping;x
1543;130;151;144;b_the_wells;x
1544;141;175;160;b_marshbrink;x
1545;151;165;145;b_dalden_keep;x
1546;170;184;177;b_borespring;x
1547;145;165;156;b_rainmask;x
1548;149;185;170;b_stillmead;x
1549;169;178;181;b_spears_tower;x
1550;163;180;175;b_gimmymoor;x
1551;169;178;175;b_crosswood;x
1552;163;177;157;b_framehouse;x
1553;169;182;170;b_crooked_guard;x
1554;147;171;149;b_lonely_nest;x
1555;153;182;156;b_sweet_kiss;x
1556;179;188;180;b_kentwood;x
1557;136;169;132;b_morrenhold;x
1558;140;177;159;b_cobbleton;x
1559;169;178;179;b_tuningwood;x
1560;173;189;182;b_morren_forest;x
1561;160;172;154;b_rockvale;x
1562;145;162;143;b_stillglade;x
1563;162;178;154;b_mournfield;x
1564;147;177;132;b_hushwell;x
1565;170;182;192;b_old_cypress;x
1566;161;189;165;b_rockdale;x
1567;170;180;171;b_ridgerise;x
1568;159;171;153;b_firthfoot;x
1569;169;189;187;b_starters_forest;x
1570;173;185;184;b_new_cypress;x
1571;169;196;193;b_presswood;x
1572;181;196;195;b_cedarberry;x
1573;163;188;185;b_ginbrook;x
1574;177;209;206;b_juneberry;x
1575;186;213;172;b_younghorn;x
1576;169;187;187;b_murkwood;x
1577;170;180;177;b_bywell;x
1578;163;172;162;b_old_flintswood;x
1579;152;163;158;b_lossrising;x
1580;166;177;175;b_forest_gate;x
1581;156;174;170;b_strange_wood;x
1582;165;176;165;b_burrseed;x
1583;173;187;187;b_cypress_well;x
1584;154;181;181;b_silvan_glen;x
1585;145;177;177;b_hist_grove;x
1586;217;191;177;b_kingshouse;x
1587;213;192;187;b_bitter_dryn;x
1588;219;181;164;b_skrirdgluh;x
1589;211;180;157;b_horngluh;x
1590;207;193;199;b_delvestand;x
1591;221;201;181;b_stonecave;x
1592;215;185;166;b_cloven_valley;x
1593;207;193;203;b_kaldusk;x
1594;185;165;155;b_shellspear;x
1595;206;184;164;b_deepdown;x
1596;210;186;164;b_weirrocks;x
1597;211;180;160;b_last_horn;x
1598;206;182;182;b_caves_eye;x
1599;167;158;155;b_fallentopp;x
1600;162;158;137;b_tigvark;x
1601;221;202;182;b_oeritaldr;x
1602;206;182;178;b_hiravr;x
1603;213;190;160;b_driftwood_hall;x
1604;219;193;155;b_hrunvark;x
1605;162;154;137;b_skuspry;x
1606;211;182;160;b_downscar;x
1607;219;196;180;b_peakhome;x
1608;157;158;134;b_warriors_point;x
1609;216;193;178;b_molkridge;x
1610;185;175;171;b_kratan_destuyn;x
1611;176;163;124;b_offering_tree;x
1612;215;183;149;b_felkragg;x
1613;167;158;156;b_dreggangluh;x
1614;210;186;166;b_arerdryn;x
1615;207;193;198;b_the_lowland;x
1616;210;172;165;b_crow_port;x
1617;216;191;177;b_reckshore;x
1618;207;193;200;b_greenchask;x
1619;211;196;179;b_blood_bluff;x
1620;206;182;184;b_kraggyk;x
1621;206;182;187;b_veksdaenk_gluh;x
1622;215;192;180;b_cold_peaks;x
1623;219;202;179;b_shadowcrest;x
1624;214;185;176;b_veksvark;x
1625;171;171;139;b_eoreckstone;x
1626;191;157;144;b_overwater_keep;x
1627;212;201;176;b_burngluh;x
1628;187;179;152;b_daskkaj;x
1629;200;179;157;b_ber_skurt;x
1630;175;147;123;b_skane;x
1631;186;169;159;b_lonely_hall;x
1632;207;181;164;b_trytlisk;x
1633;212;192;180;b_kirs_du;x
1634;179;180;162;b_riis;x
1635;225;185;162;b_riisvark;x
1636;134;158;88;b_mormont_keep;x
1637;94;134;77;b_ursingwood;x
1638;119;147;80;b_waveland;x
1639;104;143;80;b_mormont;x
1640;95;132;80;b_bearclaw;x
1641;134;162;88;b_rodspar;x
1642;111;134;80;b_heavy_maul;x
1643;111;141;89;b_timber_rock;x
1644;121;159;88;b_bearstone;x
1645;119;143;80;b_timber_glen;x
1646;106;144;79;b_woodfoot_watch;x
1647;111;137;80;b_salmon_stream;x
1648;106;136;79;b_woodfoot_rock;x
1649;104;138;80;b_iron_tooth;x
1650;189;193;205;b_moat_cailin;x
1651;159;155;170;b_feverhead;x
1652;178;172;189;b_marshfall;x
1653;172;163;176;b_hammerstrike;x
1654;155;151;169;b_bogmans_approach;x
1655;193;200;211;b_cailins_step;x
1656;165;162;174;b_laughing_run;x
1657;158;163;177;b_lizardfields;x
1658;0;132;223;b_riverrun;x
1659;0;100;180;b_riverview;x
1660;0;119;186;b_greetland;x
1661;0;117;178;b_havercroft;x
1662;62;119;255;b_steelhead;x
1663;20;71;228;b_seventrout;x
1664;0;90;214;b_turnbridge;x
1665;64;142;201;b_bullocky;x
1666;22;161;255;b_muleskins;x
1667;34;157;234;b_turnwood;x
1668;6;138;234;b_checker_rolls;x
1669;0;119;208;b_martlets_stand;x
1670;0;65;138;b_martinhouse;x
1671;0;75;145;b_redfeather;x
1672;0;56;175;b_nestingwood;x
1673;0;105;193;b_burnout;x
1674;56;144;190;b_sherrer;x
1675;36;159;214;b_stompfrost;x
1676;0;155;186;b_double_down;x
1677;20;153;192;b_stars_ban;x
1678;0;96;123;b_tricksleeve;x
1679;0;88;184;b_wisegrin;x
1680;28;98;216;b_heathersage;x
1681;31;148;201;b_mory;x
1682;25;157;193;b_joustford;x
1683;62;111;175;b_illfieldhold;x
1684;0;161;220;b_illfieldtown;x
1685;0;123;255;b_hemhawk;x
1686;60;70;108;b_raventree_hall;x
1687;51;104;122;b_the_scales;x
1688;78;94;121;b_raventree_shore;x
1689;69;79;118;b_weirhill;x
1690;45;80;110;b_horses_halt;x
1691;91;113;149;b_lushton;x
1692;91;112;125;b_mudgrave;x
1693;94;116;142;b_sollbrush;x
1694;86;107;146;b_grindcorn_mill;x
1695;59;101;115;b_muddy_hall;x
1696;87;111;128;b_claypool;x
1697;39;97;100;b_ruttingkeep;x
1698;47;93;128;b_cairns;x
1699;43;68;81;b_rutting_meadow;x
1700;97;112;121;b_whispering_wood;x
1701;41;99;102;b_blackbuckle;x
1702;91;101;140;b_flockshade;x
1703;59;117;121;b_conspire;x
1704;43;76;107;b_oldtreach;x
1705;30;68;95;b_duffey;x
1706;30;65;100;b_maidstone;x
1707;98;130;142;b_maidfalls;x
1708;36;84;100;b_biggle;x
1709;37;89;98;b_oxenhope;x
1710;64;89;122;b_pebble_keep;x
1711;40;89;100;b_pebblewood;x
1712;68;109;124;b_halterfalls;x
1713;39;94;101;b_benedicts_hollow;x
1714;41;82;101;b_shrewmill;x
1715;58;87;117;b_thickbill;x
1716;56;78;114;b_waspwood;x
1717;22;56;73;b_lorgens_wood;x
1718;94;89;132;b_oldforge;x
1719;21;46;80;b_greenhill;x
1720;22;55;73;b_battle_valley;x
1721;44;74;126;b_the_ravishment;x
1722;91;106;116;b_the_teats;x
1723;89;121;130;b_pennytree;x
1724;64;81;128;b_honeytree;x
1725;30;60;114;b_woodhedge;x
1726;48;65;97;b_buckle;x
1727;38;82;117;b_crossbow_ridge;x
1728;50;95;133;b_lords_mill;x
1729;80;67;241;b_seagard_castle;x
1730;74;60;232;b_seagard;x
1731;91;99;247;b_seawatch;x
1732;83;71;243;b_cullingsail;x
1733;91;89;252;b_silverbeak;x
1734;66;58;160;b_hammerford;x
1735;137;137;235;b_woodenseed;x
1736;93;123;208;b_tristonkeep;x
1737;102;134;255;b_oldstones;x
1738;83;121;182;b_beckwade;x
1739;95;117;189;b_gravesham;x
1740;96;95;236;b_whitefish_keep;x
1741;114;123;233;b_whitefish;x
1742;87;121;201;b_millmouth;x
1743;103;103;185;b_wimborn;x
1744;104;129;247;b_hookwell;x
1745;93;114;244;b_moorkeep;x
1746;92;123;227;b_letwell;x
1747;97;149;231;b_moortown;x
1748;94;127;250;b_rushford;x
1749;91;98;255;b_stalecastle;x
1750;88;78;252;b_roosters_bluff;x
1751;85;75;241;b_fulton;x
1752;91;92;255;b_dirtpans;x
1753;92;108;248;b_grungeside;x
1754;94;123;250;b_mistcore_keep;x
1755;85;75;249;b_hiddenhall;x
1756;90;87;248;b_glimmerdell;x
1757;113;108;251;b_norwyns_wood;x
1758;85;76;246;b_eagleside_castle;x
1759;92;110;253;b_eagleside;x
1760;104;73;247;b_rapsworth;x
1761;83;70;245;b_malliston;x
1762;81;68;240;b_silkstone;x
1763;91;99;241;b_eaglewood;x
1764;110;162;255;b_the_twins;x
1765;110;183;255;b_woodmere;x
1766;110;133;244;b_mistlewatch;x
1767;121;224;255;b_tatterton;x
1768;110;232;255;b_ravelkeep;x
1769;110;190;255;b_ragged_wash;x
1770;145;195;255;b_hullfort;x
1771;110;161;243;b_arganbrook;x
1772;112;217;255;b_tinderspring;x
1773;140;249;255;b_chanten;x
1774;118;170;250;b_beckbrill;x
1775;112;205;238;b_hags_mire;x
1776;110;211;243;b_sevenstreams;x
1777;140;190;242;b_buckdam;x
1778;122;194;255;b_leechfield;x
1779;153;190;255;b_leechbank;x
1780;110;169;255;b_mistlewood;x
1781;118;194;250;b_greentrim;x
1782;110;205;255;b_riverbounds;x
1783;115;188;247;b_clusterberry;x
1784;120;189;250;b_oakseed;x
1785;110;196;239;b_erenford_hall;x
1786;135;205;255;b_erenford_town;x
1787;95;201;235;b_silverfish;x
1788;110;204;251;b_heronstand;x
1789;110;220;255;b_micklebring;x
1790;110;208;255;b_blackpitch_castle;x
1791;95;198;242;b_fairstead;x
1792;110;189;255;b_pronghold;x
1793;110;176;255;b_hayhills;x
1794;110;212;255;b_tine_rise;x
1795;110;208;249;b_helney_hill;x
1796;106;125;230;b_helneyton;x
1797;109;208;255;b_rithpool;x
1798;110;186;255;b_innriver;x
1799;171;224;255;b_grourne;x
1800;174;175;255;b_ironwater;x
1801;160;215;255;b_greenhood;x
1802;121;193;255;b_polecroft;x
1803;152;174;239;b_grimburst;x
1804;121;195;255;b_domblewire;x
1805;43;159;208;b_stillfen;x
1806;25;150;210;b_peasedale;x
1807;16;133;192;b_warter;x
1808;11;124;185;b_blottage;x
1809;21;142;205;b_picketts;x
1810;5;113;173;b_toadstone;x
1811;0;84;147;b_wernell;x
1812;0;123;196;b_wilton;x
1813;9;93;157;b_blue_ache;x
1814;0;109;162;b_roads_keep;x
1815;7;107;169;b_castle_grimwind;x
1816;7;93;147;b_vorian_hill;x
1817;8;77;121;b_deeploche;x
1818;6;67;105;b_horp_lake;x
1819;7;124;185;b_wayleroot_circle;x
1820;3;114;174;b_shriek;x
1821;16;136;202;b_spellmont;x
1822;7;130;187;b_covens_grove;x
1823;0;102;150;b_garehouse;x
1824;0;150;208;b_castle_greenlily;x
1825;8;66;97;b_lilyfield;x
1826;0;127;198;b_firbeck;x
1827;22;69;94;b_newer_rock;x
1828;11;107;201;b_riverend;x
1829;6;83;131;b_grimwind_mountain;x
1830;0;150;207;b_stonyhead;x
1831;0;119;183;b_moonsridge;x
1832;0;129;171;b_dampstone;x
1833;0;70;156;b_upper_voprey;x
1834;0;94;160;b_voprey;x
1835;7;76;121;b_moonview;x
1836;10;230;236;b_willow_wood;x
1837;61;233;255;b_branchbend;x
1838;0;222;236;b_crossways;x
1839;0;255;236;b_old_willow;x
1840;107;233;250;b_beverle;x
1841;0;213;191;b_braithwell;x
1842;7;241;172;b_longleaf;x
1843;61;255;201;b_filmbrooks;x
1844;4;255;227;b_scouringrush;x
1845;89;200;255;b_whiskykeep;x
1846;0;188;102;b_greenwithe;x
1847;69;172;151;b_littlebrook;x
1848;48;255;252;b_poolingdown;x
1849;76;201;221;b_morey_keep;x
1850;0;255;183;b_bundlebranch;x
1851;31;201;255;b_benthill;x
1852;64;198;200;b_ironshaft;x
1853;64;181;200;b_mount_morey;x
1854;0;225;195;b_switch_hills;x
1855;0;241;160;b_smallbasket;x
1856;0;180;152;b_oldferns;x
1857;0;189;102;b_sweetwillow;x
1858;0;200;213;b_timnett;x
1859;120;216;255;b_elmbridge_keep;x
1860;107;205;255;b_elmbridge_wood;x
1861;0;243;255;b_white_willow;x
1862;0;205;195;b_weepingford;x
1863;13;197;199;b_elmspeak;x
1864;56;207;215;b_helmesmont_hold;x
1865;19;230;182;b_helmesmont;x
1866;65;162;135;b_longleaf_drop;x
1867;0;238;241;b_crestpool;x
1868;12;219;163;b_galemont;x
1869;82;185;236;b_white_wood_hold;x
1870;0;208;213;b_night_bend;x
1871;10;214;168;b_woodford;x
1872;0;188;208;b_cracked_sallow;x
1873;10;208;246;b_white_mines;x
1874;128;132;146;b_castle_darry;x
1875;122;145;146;b_plowmans_keep;x
1876;128;132;157;b_fangfoss;x
1877;126;147;177;b_widows_ford;x
1878;111;141;170;b_rosemallow_pond;x
1879;137;154;157;b_sevens_love;x
1880;126;146;157;b_riverbend;x
1881;128;152;152;b_wendish_town;x
1882;129;168;146;b_inn_at_the_crossroads;x
1883;119;155;174;b_clanking_tower;x
1884;113;136;164;b_nutten;x
1885;125;154;168;b_ruby_ford;x
1886;123;155;179;b_coxbailey;x
1887;128;143;165;b_saltpans;x
1888;106;131;155;b_cowden;x
1889;101;148;151;b_saltfields;x
1890;111;141;169;b_saltywood;x
1891;114;134;164;b_saltpans_hills;x
1892;113;134;164;b_hawick_keep;x
1893;92;111;196;b_flocks_clover;x
1894;103;138;152;b_pepperbore;x
1895;114;149;165;b_ironbill;x
1896;100;148;151;b_little_leaf;x
1897;104;138;154;b_marrtown;x
1898;125;147;170;b_marstone_castle;x
1899;131;140;170;b_fullground;x
1900;103;141;146;b_mudpatch;x
1901;134;163;180;b_falcon_climb;x
1902;134;155;169;b_stillside;x
1903;130;146;179;b_stillsfield;x
1904;132;135;149;b_quiet_isle;x
1905;114;143;168;b_crossmont;x
1906;94;145;169;b_spiderwood;x
1907;88;133;157;b_bloody_meadow;x
1908;109;150;169;b_moonsett_hills;x
1909;125;155;153;b_samfer;x
1910;5;82;168;b_pools_guard;x
1911;97;135;177;b_maidenpool;x
1912;0;144;247;b_huggate;x
1913;46;152;205;b_poolmoor;x
1914;14;118;172;b_goltress_castle;x
1915;88;152;175;b_karmfort;x
1916;32;171;235;b_grenochre;x
1917;0;79;180;b_oldhonor;x
1918;0;115;213;b_cows_town;x
1919;0;99;180;b_tallpine_keep;x
1920;0;123;178;b_marble_lake;x
1921;0;197;218;b_hogshead;x
1922;0;140;158;b_lollys_town;x
1923;0;99;188;b_oakbarrel;x
1924;28;67;153;b_stavehold;x
1925;14;168;200;b_notton;x
1926;0;168;230;b_brightbridge;x
1927;0;87;195;b_honeymaiden_hall;x
1928;0;108;172;b_honeymaiden_town;x
1929;37;180;235;b_sarris;x
1930;0;152;223;b_werthport_keep;x
1931;0;94;183;b_werthport;x
1932;0;125;200;b_camber;x
1933;0;79;190;b_groundback;x
1934;57;67;120;b_harrenhal;x
1935;57;66;128;b_harrentown;x
1936;68;66;135;b_godsfort;x
1937;62;70;130;b_richfield;x
1938;56;64;119;b_upstream;x
1939;62;67;133;b_worthriver;x
1940;63;62;126;b_hoarespring;x
1941;66;71;132;b_ferrybridge;x
1942;77;101;142;b_rushfield;x
1943;72;91;136;b_streamgrove;x
1944;76;101;138;b_harroway_tower;x
1945;62;77;136;b_lord_harroways_town;x
1946;66;69;129;b_gowdall;x
1947;54;63;124;b_claybend;x
1948;55;60;126;b_cedar_pond;x
1949;64;68;134;b_milkstone;x
1950;70;88;141;b_whitewalls;x
1951;64;85;138;b_nightstay;x
1952;62;78;130;b_butter_hall;x
1953;65;81;136;b_lofthouse;x
1954;51;64;122;b_hogg_hall;x
1955;64;85;135;b_timberhall;x
1956;52;59;113;b_cowstone;x
1957;65;76;140;b_whiteneedles;x
1958;82;83;145;b_spinekeep;x
1959;52;50;114;b_oakworth;x
1960;62;82;130;b_briarwhite;x
1961;72;71;134;b_lakehall;x
1962;78;102;142;b_rippledown;x
1963;55;72;129;b_ashlen;x
1964;74;88;137;b_moorglen;x
1965;65;74;132;b_ripplewood;x
1966;59;66;125;b_crestwood;x
1967;62;80;137;b_horsehead;x
1968;69;88;136;b_horseshoe_turn;x
1969;53;72;127;b_horsefield;x
1970;62;74;136;b_greenrivers;x
1971;59;57;121;b_red_deer;x
1972;189;255;255;b_lakehaven;x
1973;104;246;255;b_lakehaventon;x
1974;30;216;255;b_scarcroft;x
1975;102;246;255;b_blondefield;x
1976;51;224;255;b_bluebend;x
1977;67;231;255;b_fullriver;x
1978;109;248;255;b_robinling;x
1979;46;222;255;b_elmcastle;x
1980;86;245;241;b_crossed_elms;x
1981;139;255;255;b_waterford;x
1982;126;255;255;b_harts_head;x
1983;76;234;255;b_lakewalls;x
1984;128;237;222;b_castlewood;x
1985;65;230;255;b_three_stones;x
1986;97;243;255;b_headroot;x
1987;30;216;250;b_oldenbive;x
1988;165;255;255;b_branchesfield;x
1989;152;224;244;b_tanglewood;x
1990;136;255;255;b_merrydown_dell;x
1991;117;251;255;b_deepland;x
1992;96;222;237;b_false_vale;x
1993;128;255;255;b_oak_branch;x
1994;117;230;237;b_darkmoor;x
1995;98;222;237;b_burning_heath;x
1996;20;212;255;b_crones_mill;x
1997;107;247;255;b_lashcone_river;x
1998;86;238;255;b_stonebrook;x
1999;67;200;255;b_castle_rushdown;x
2000;25;213;255;b_hungry_rill;x
2001;34;217;255;b_rushing_falls;x
2002;64;135;168;b_atranta;x
2003;75;166;177;b_knightwick;x
2004;85;148;191;b_rastrick;x
2005;91;171;241;b_whitebrick;x
2006;78;156;207;b_dragonrun;x
2007;82;186;198;b_woolhope;x
2008;72;163;202;b_ashmouth;x
2009;68;139;182;b_castle_armistead;x
2010;72;142;204;b_greenstable;x
2011;79;137;209;b_mossleyfield;x
2012;64;117;170;b_clearwell;x
2013;50;118;190;b_millcreek;x
2014;54;163;187;b_blackrush_keep;x
2015;39;94;104;b_brushton;x
2016;54;156;205;b_riverhilt;x
2017;96;186;252;b_starsmight;x
2018;72;135;191;b_castle_hagedorn;x
2019;85;183;227;b_eyetown;x
2020;77;170;181;b_altair;x
2021;79;134;209;b_claghorn;x
2022;67;200;210;b_phane;x
2023;51;149;195;b_cadwall;x
2024;55;168;191;b_bringrunn;x
2025;66;174;184;b_tumbling_stone;x
2026;64;180;190;b_overland;x
2027;59;147;159;b_toldwell_castle;x
2028;68;153;188;b_breakback_ridge;x
2029;67;179;247;b_rumors_ruin;x
2030;57;149;215;b_newroll;x
2031;0;70;213;b_stoney_holdfast;x
2032;0;65;135;b_stoney_sept;x
2033;0;64;194;b_marketridge;x
2034;0;70;187;b_falling_lake;x
2035;0;33;178;b_maplekeep;x
2036;0;61;161;b_stump_leg;x
2037;0;70;143;b_mousedown_mill;x
2038;0;102;200;b_stonemound;x
2039;0;62;213;b_fieldstone;x
2040;0;83;190;b_edgemoss;x
2041;0;71;202;b_troutleap;x
2042;1;80;223;b_highwall;x
2043;0;67;138;b_tumblers_tower;x
2044;0;95;189;b_tumblers_falls;x
2045;0;70;235;b_willpen;x
2046;0;49;202;b_lightgrove;x
2047;0;81;160;b_yellowseed;x
2048;0;80;166;b_old_mound;x
2049;0;68;178;b_sheeps_home;x
2050;0;75;199;b_winstead;x
2051;0;79;186;b_crackwhip;x
2052;0;66;229;b_commonbend;x
2053;0;49;171;b_ridgemoss;x
2054;11;76;235;b_bechester_hall;x
2055;6;71;234;b_stonebuck;x
2056;0;85;173;b_durranscamp;x
2057;0;59;208;b_pennybranch;x
2058;121;136;159;b_stone_hedge;x
2059;115;142;156;b_fiddle_head;x
2060;124;141;155;b_burningmane;x
2061;103;139;159;b_ferncourse;x
2062;111;136;154;b_stallions_grove;x
2063;109;137;153;b_wolfs_bend;x
2064;95;126;146;b_lambswold;x
2065;111;132;154;b_ironhedge;x
2066;113;137;149;b_sallydance;x
2067;114;142;156;b_maidenmill;x
2068;101;133;148;b_mudford;x
2069;104;137;148;b_everspring;x
2070;127;149;158;b_the_hearthold;x
2071;123;148;156;b_high_heart;x
2072;122;141;159;b_woodlan_route;x
2073;126;143;155;b_settledown;x
2074;115;150;160;b_threepenny_wood;x
2075;103;132;147;b_deadsteady_hall;x
2076;137;151;159;b_whitenote;x
2077;111;136;151;b_maidens_meet;x
2078;91;118;138;b_burning_mill;x
2079;127;145;159;b_harmward;x
2080;123;142;155;b_castle_lychester;x
2081;107;138;150;b_medway;x
2082;108;137;155;b_bridgetree;x
2083;126;149;165;b_middlestand;x
2084;110;131;152;b_stable_hall;x
2085;115;140;153;b_coppice;x
2086;117;143;158;b_willowsmeet;x
2087;104;133;151;b_smallwillow;x
2088;101;122;144;b_weepside;x
2089;97;132;149;b_lornstring;x
2090;106;129;150;b_dirtwood;x
2091;131;144;157;b_ponderkeep;x
2092;110;133;153;b_streamborn;x
2093;103;128;146;b_rushs_watch;x
2094;111;136;152;b_blackbottom_bend;x
2095;110;136;149;b_recounter;x
2096;110;133;151;b_oldwithe;x
2097;111;137;156;b_osswitch;x
2098;108;130;150;b_greenhorne;x
2099;112;133;147;b_keeler;x
2100;110;136;152;b_bensing;x
2101;106;134;150;b_weaver_fall;x
2102;141;184;215;b_pinkmaiden_castle;x
2103;150;204;232;b_broadfield;x
2104;149;199;228;b_brockhall;x
2105;166;158;232;b_muddleshaw;x
2106;132;176;232;b_brotherpool;x
2107;172;189;232;b_skinrose;x
2108;161;204;232;b_new_flower;x
2109;193;200;228;b_mightsing;x
2110;151;200;232;b_buried_light;x
2111;168;202;232;b_mothers_wing;x
2112;150;200;222;b_barretton;x
2113;174;192;230;b_syds_roots;x
2114;150;200;229;b_throughland;x
2115;126;187;198;b_justbrick;x
2116;160;193;195;b_hells_run;x
2117;73;190;204;b_cockleshell;x
2118;144;199;230;b_hammersdoor;x
2119;144;204;229;b_greensound_tower;x
2120;131;198;193;b_blackhill_keep;x
2121;121;189;173;b_dawngate;x
2122;173;198;230;b_sidepress;x
2123;173;202;231;b_careful_axe;x
2124;122;189;229;b_windwillow;x
2125;165;207;232;b_miranda;x
2126;160;200;232;b_pilemore_hold;x
2127;155;196;229;b_fishbowl;x
2128;198;201;232;b_truthmine;x
2129;171;204;232;b_steel_breeze;x
2130;176;202;229;b_morelight;x
2131;169;195;230;b_roundhouse;x
2132;122;195;229;b_velvetbride;x
2133;180;169;207;b_float_river;x
2134;172;201;232;b_earlygrave;x
2135;200;200;232;b_stolen_choice;x
2136;198;199;232;b_rabbits_run;x
2137;154;195;232;b_puresprings;x
2138;160;198;232;b_coldsteel;x
2139;151;198;231;b_the_echoes;x
2140;176;190;231;b_generals_seat;x
2141;155;198;228;b_meddle_creeks;x
2142;144;200;231;b_rolling_wave;x
2143;82;133;137;b_wayfarers_rest;x
2144;92;125;130;b_liverhook;x
2145;89;133;137;b_gold_bands;x
2146;86;94;137;b_morebrook;x
2147;65;106;137;b_walnut_gap;x
2148;75;122;117;b_forkview_bridge;x
2149;71;122;137;b_homechester;x
2150;55;102;117;b_red_shoal_hold;x
2151;76;129;137;b_millgrove;x
2152;106;125;137;b_cutlands;x
2153;116;133;147;b_aerlith;x
2154;82;124;137;b_mummers_ford;x
2155;81;126;131;b_coldstone_pass;x
2156;52;121;136;b_roberts_greeting;x
2157;83;109;131;b_five_families;x
2158;62;116;77;b_briskwood;x
2159;101;128;135;b_chillbox_hill;x
2160;91;122;137;b_runvane_hall;x
2161;90;96;137;b_justfire;x
2162;79;121;117;b_rue_well;x
2163;37;124;135;b_tilldown;x
2164;105;123;137;b_daybreak;x
2165;68;117;137;b_donnelwood;x
2166;76;133;137;b_stone_mill;x
2167;56;122;109;b_shelvie;x
2168;93;99;127;b_shallowfork;x
2169;93;153;133;b_old_betters_spring;x
2170;85;127;137;b_acorn_hall;x
2171;77;98;134;b_brookfoot;x
2172;86;127;129;b_white_oak;x
2173;56;108;121;b_roastingseed;x
2174;94;127;136;b_oaknut_mounds;x
2175;51;90;67;b_lostmaiden;x
2176;121;125;132;b_banbeck_hall;x
2177;78;124;123;b_givenkeep;x
2178;87;128;123;b_uttermen;x
2179;76;136;117;b_berril_cave;x
2180;88;148;137;b_unicorns_drain;x
2181;78;124;101;b_salmonby;x
2182;74;113;135;b_morningswake_castle;x
2183;95;128;137;b_persimmon;x
2184;74;121;135;b_windrun;x
2185;98;114;132;b_the_mull;x
2186;78;113;123;b_grey_prince;x
2187;90;127;137;b_durdane;x
2188;186;178;225;b_fairgate_tower;x
2189;169;166;231;b_fairmarket;x
2190;186;178;223;b_crossflatts;x
2191;160;164;228;b_three_roll;x
2192;163;186;221;b_harshwell;x
2193;189;199;216;b_adderstone;x
2194;147;144;208;b_ramsford;x
2195;174;174;226;b_bushmill;x
2196;159;125;198;b_serpents_weave;x
2197;175;168;214;b_sludgy_pond;x
2198;194;174;232;b_castle_runny;x
2199;169;161;227;b_runnymudd;x
2200;162;146;203;b_swynford;x
2201;175;186;224;b_battering_wood;x
2202;170;175;231;b_old_ferry;x
2203;168;181;223;b_whiskermoor;x
2204;177;164;219;b_low_wells;x
2205;158;159;220;b_catpools;x
2206;170;160;226;b_eysen;x
2207;191;187;227;b_paddlewood;x
2208;5;99;185;b_lancewood;x
2209;23;112;206;b_deddington;x
2210;19;101;200;b_the_rivulets;x
2211;49;144;207;b_pondmill;x
2212;40;117;215;b_strong_keep;x
2213;24;114;203;b_mighty_point;x
2214;66;136;236;b_wakeside;x
2215;12;100;184;b_oldfork_forest;x
2216;2;85;183;b_branstone;x
2217;15;100;201;b_wheatstone;x
2218;43;136;220;b_fiftyford;x
2219;34;134;215;b_reedness;x
2220;57;110;212;b_specklekeep;x
2221;2;98;181;b_gods_muck;x
2222;9;100;190;b_berrydrink;x
2223;18;129;204;b_skipping_stones;x
2224;110;213;242;b_rkayt;x
2225;67;182;244;b_ihrdilk;x
2226;16;154;181;b_vros_ukhedak;x
2227;60;202;242;b_vanyiik;x
2228;36;198;244;b_rkirih;x
2229;77;148;218;b_ann_edak;x
2230;67;178;235;b_kyir_vroln;x
2231;89;143;181;b_vros_kih;x
2232;43;155;181;b_eihannk;x
2233;39;136;168;b_annrkhaih;x
2234;55;141;178;b_nrol_ihedak;x
2235;10;133;152;b_avkerihdak;x
2236;4;180;194;b_tannrayt;x
2237;40;124;170;b_dhanyiihk;x
2238;51;119;161;b_kihrak_annih;x
2239;98;152;181;b_tanyt_ilyk;x
2240;58;119;169;b_vekirmued;x
2241;41;136;178;b_eih_annag;x
2242;33;141;178;b_dihvek_vroln;x
2243;34;136;168;b_nrikannk;x
2244;1;133;179;b_rroln;x
2245;23;117;187;b_nroilh_dkehmued;x
2246;1;186;216;b_viredak;x
2247;27;155;196;b_sinyt;x
2248;42;88;156;b_annvredak;x
2249;21;115;203;b_caihk_annag;x
2250;6;83;154;b_khayt_edak;x
2251;47;114;166;b_the_eyrie;x
2252;3;139;185;b_sky;x
2253;31;124;170;b_snow;x
2254;36;130;167;b_stone;x
2255;31;147;171;b_the_gates_of_the_moon;x
2256;31;136;168;b_moontown;x
2257;53;145;175;b_shadyside;x
2258;42;141;179;b_stoneybrook;x
2259;5;132;171;b_rocky_view;x
2260;43;147;167;b_moons_approach;x
2261;68;143;181;b_rivers_high_road;x
2262;66;155;183;b_bloody_high_road;x
2263;47;141;178;b_the_bloody_gate;x
2264;86;154;177;b_godsroost;x
2265;53;135;166;b_clans_end;x
2266;82;143;182;b_waneglume;x
2267;81;149;178;b_donnersdown;x
2268;71;134;179;b_olveredge;x
2269;107;138;175;b_shadows_fall;x
2270;87;144;181;b_ragged_keep;x
2271;68;144;171;b_rushgreen;x
2272;27;141;178;b_highstone;x
2273;34;136;175;b_seven_stars;x
2274;29;141;173;b_valleystock;x
2275;16;154;186;b_walridge;x
2276;27;137;168;b_bleakmont;x
2277;150;230;254;b_the_redfort;x
2278;140;224;254;b_pimley;x
2279;164;250;253;b_weirweald;x
2280;164;250;251;b_fellmore;x
2281;151;230;254;b_preading;x
2282;151;227;254;b_trowelwood;x
2283;184;243;255;b_breckland;x
2284;158;224;254;b_brecklands_town;x
2285;139;242;245;b_denwell;x
2286;130;224;252;b_meddick;x
2287;152;245;253;b_forgewood;x
2288;159;249;254;b_keel_cove;x
2289;159;245;252;b_slabstone_keep;x
2290;142;243;248;b_brumepeak;x
2291;176;225;254;b_mallow_tower;x
2292;92;213;180;b_gladetree;x
2293;128;218;246;b_woodenmist;x
2294;199;240;255;b_breaknabb;x
2295;119;221;249;b_wisdom_hall;x
2296;157;232;247;b_hawkesbury;x
2297;135;241;247;b_lightspool;x
2298;111;214;240;b_strand_valley;x
2299;150;217;244;b_reece;x
2300;134;217;245;b_deepstone;x
2301;145;240;254;b_mullbry_keep;x
2302;132;242;250;b_mullbry;x
2303;171;226;254;b_pillock;x
2304;158;229;254;b_slatwall;x
2305;102;189;219;b_follensby;x
2306;135;240;251;b_wakerock;x
2307;0;133;152;b_castle_wickenden;x
2308;0;167;190;b_wickenden;x
2309;0;206;223;b_candle_town;x
2310;0;197;216;b_gambrell;x
2311;0;188;221;b_hillwick;x
2312;0;169;187;b_marbleplate;x
2313;0;194;215;b_artysfort;x
2314;1;209;225;b_shelston;x
2315;0;197;209;b_woodglume;x
2316;0;104;131;b_bittertuft;x
2317;33;224;229;b_crabs_watch;x
2318;0;199;210;b_marble_pass;x
2319;0;196;208;b_weather_toft;x
2320;0;180;200;b_clans_drop;x
2321;0;182;198;b_keeplight;x
2322;3;215;221;b_downfall;x
2323;58;92;127;b_ninestars;x
2324;79;115;149;b_templeton;x
2325;70;105;142;b_tembridge;x
2326;68;100;140;b_darkplate;x
2327;78;119;153;b_old_andals_grave;x
2328;72;108;144;b_high_stars;x
2329;53;88;122;b_kipress;x
2330;68;107;143;b_yellowstone;x
2331;69;103;140;b_finchwick;x
2332;71;96;132;b_riving;x
2333;75;101;139;b_peltry;x
2334;59;94;129;b_chestlyn;x
2335;58;88;122;b_stoutstone;x
2336;60;86;120;b_borrsbattle;x
2337;64;95;131;b_star_spine;x
2338;50;74;105;b_red_quarry;x
2339;54;84;117;b_snowbell;x
2340;65;97;133;b_newberry;x
2341;60;88;122;b_web_wood;x
2342;56;89;123;b_old_book;x
2343;61;100;137;b_elwynbrook;x
2344;61;218;190;b_ironoaks_castle;x
2345;47;237;173;b_broken_lake;x
2346;16;220;161;b_timberton;x
2347;20;227;181;b_waynford;x
2348;66;240;190;b_wayncroft;x
2349;108;219;193;b_proudwood;x
2350;24;215;182;b_hardyng_hall;x
2351;68;240;176;b_hardvales_town;x
2352;56;227;188;b_reddenwhyte_peak;x
2353;70;225;190;b_hardstone;x
2354;29;237;174;b_kitemont;x
2355;114;244;167;b_borton_hill;x
2356;85;248;183;b_bannerfall;x
2357;66;221;188;b_iron_banner;x
2358;72;230;192;b_black_talon;x
2359;68;229;190;b_blackshield;x
2360;13;205;164;b_cliffside;x
2361;24;228;184;b_hazen;x
2362;82;222;190;b_hazentown;x
2363;19;227;178;b_tower_of_woe;x
2364;112;222;190;b_echo_glade;x
2365;108;202;192;b_wheatcairn;x
2366;52;242;169;b_ryefeld;x
2367;35;232;185;b_longyoke;x
2368;89;242;167;b_spokemoor;x
2369;24;234;184;b_oak_glen;x
2370;21;230;178;b_whitbarrow;x
2371;82;217;189;b_delstream;x
2372;77;236;125;b_old_anchor;x
2373;52;156;104;b_kedge_island;x
2374;65;196;127;b_platesport;x
2375;59;180;115;b_melford;x
2376;62;187;120;b_anchor_river;x
2377;66;201;126;b_turrfield;x
2378;55;164;117;b_rusty_fort;x
2379;57;170;120;b_break_wier;x
2380;50;152;94;b_rustpointe_town;x
2381;56;168;120;b_mount_rust;x
2382;65;199;117;b_rustpass;x
2383;49;146;104;b_scarle_keep;x
2384;58;177;111;b_grosscrest;x
2385;50;149;117;b_striped_lance;x
2386;58;179;99;b_stockpoint;x
2387;66;200;122;b_polestone;x
2388;58;176;111;b_tetchmere;x
2389;61;187;110;b_stocktree;x
2390;65;199;118;b_cotterglume;x
2391;64;193;120;b_strandpool;x
2392;46;204;240;b_longbow_hall;x
2393;47;206;239;b_huntington;x
2394;26;192;226;b_fletching;x
2395;84;228;247;b_arrowcrest;x
2396;75;227;244;b_brownsfield;x
2397;80;219;243;b_huntsport;x
2398;57;205;247;b_starfish_spire;x
2399;76;220;238;b_rutherton;x
2400;36;197;242;b_starstack;x
2401;78;219;234;b_peans_port;x
2402;53;202;251;b_blood_star_shore;x
2403;52;212;237;b_awarded_isle;x
2404;107;236;248;b_craynes_nest;x
2405;31;202;235;b_pipping;x
2406;90;243;249;b_hockridge;x
2407;17;173;210;b_hilldance;x
2408;75;218;250;b_pipstone;x
2409;36;197;244;b_island_estrock;x
2410;53;210;245;b_lymestone;x
2411;58;217;240;b_port_lyme;x
2412;80;219;244;b_black_leg;x
2413;31;199;241;b_lyme_peak;x
2414;71;215;251;b_highfield;x
2415;74;211;241;b_brackenbrick_hall;x
2416;45;198;236;b_brackenbrick;x
2417;72;209;244;b_sleece;x
2418;53;207;241;b_sapflower;x
2419;75;218;253;b_sapfield;x
2420;58;209;231;b_crappclaw_isle;x
2421;41;206;241;b_bowlyn_hall;x
2422;63;218;243;b_bowlyn;x
2423;27;192;228;b_oakenstead;x
2424;76;218;251;b_cardwell;x
2425;85;229;250;b_springwood;x
2426;48;213;238;b_silver_cove;x
2427;69;212;239;b_stillwater;x
2428;76;218;233;b_portnock;x
2429;71;217;237;b_deer_court;x
2430;62;215;236;b_sablepelt;x
2431;67;230;244;b_gilwood;x
2432;81;212;236;b_crumbling_isle;x
2433;0;202;180;b_graftons_holdfast;x
2434;0;176;187;b_gulltown;x
2435;0;151;189;b_grafton;x
2436;0;132;180;b_gulls_field;x
2437;0;151;177;b_yellow_rock;x
2438;0;146;194;b_the_burning_tower;x
2439;0;155;195;b_osgoods_square;x
2440;0;97;183;b_shettswood;x
2441;0;151;192;b_goodswell;x
2442;0;146;189;b_port_of_arryn;x
2443;0;160;187;b_arrynmarket;x
2444;0;195;191;b_gull_orchard;x
2445;0;148;192;b_etterbill;x
2446;0;169;194;b_dourdocks;x
2447;0;172;196;b_shade_port;x
2448;0;155;189;b_willow_mill;x
2449;0;174;196;b_etterwater;x
2450;24;162;201;b_kear;x
2451;21;117;194;b_wilmarth;x
2452;22;209;191;b_harster;x
2453;21;182;204;b_lowkear;x
2454;23;158;203;b_treebeck;x
2455;133;218;232;b_runestone;x
2456;133;220;247;b_yohnston;x
2457;133;221;227;b_runeport;x
2458;133;221;228;b_falcon_tower;x
2459;133;227;239;b_memory_shore;x
2460;146;214;225;b_casting;x
2461;141;218;238;b_bronzeguard;x
2462;141;212;225;b_bronzeley;x
2463;133;223;234;b_remembrance_isle;x
2464;172;217;218;b_old_rune;x
2465;133;224;234;b_fieldrune;x
2466;159;209;254;b_gull_tower;x
2467;133;208;247;b_shettdocks;x
2468;133;201;225;b_checkerwing;x
2469;133;198;247;b_faithkey;x
2470;133;212;221;b_the_etchings;x
2471;133;220;233;b_whistle_ridge;x
2472;172;217;219;b_old_etch;x
2473;133;218;233;b_upcliffs_haven;x
2474;164;222;255;b_merling_kings_town;x
2475;144;215;228;b_lost_witch;x
2476;133;218;234;b_coldwater_castle;x
2477;133;212;250;b_mouthburn;x
2478;133;213;230;b_tredwell;x
2479;136;219;252;b_red_gully;x
2480;133;209;237;b_coldburn_hills;x
2481;133;219;241;b_snakeweed;x
2482;133;213;237;b_grey_glen;x
2483;133;214;218;b_lord_tolletts_town;x
2484;148;218;251;b_greypools;x
2485;133;214;255;b_darkpile;x
2486;133;219;255;b_drab_hills;x
2487;133;216;231;b_murkwell;x
2488;133;225;250;b_tammerlan;x
2489;133;227;234;b_markand;x
2490;133;221;251;b_barlace;x
2491;133;217;243;b_rum_shore;x
2492;133;222;238;b_prowbreak;x
2493;133;212;255;b_sutton_islands;x
2494;104;217;246;b_crown;x
2495;75;203;248;b_egensford;x
2496;175;233;255;b_moonriver;x
2497;190;239;251;b_daystream;x
2498;159;240;252;b_lancewatch;x
2499;66;206;246;b_teary_mist;x
2500;149;228;249;b_morency;x
2501;53;202;242;b_creston;x
2502;110;218;251;b_mount_morency;x
2503;175;233;252;b_leaking_river;x
2504;81;211;246;b_rivermore;x
2505;109;214;247;b_crestfall;x
2506;67;178;244;b_oakhollow;x
2507;110;209;238;b_high_plains;x
2508;28;198;244;b_kinshelm;x
2509;128;214;253;b_crest_hook;x
2510;55;204;239;b_purling_hall;x
2511;135;233;248;b_purling;x
2512;170;232;249;b_hayhead;x
2513;126;213;255;b_alsensward;x
2514;55;124;240;b_hearts_home;x
2515;65;146;237;b_creek_castle;x
2516;22;140;225;b_proud_town;x
2517;67;118;241;b_ravenstoft;x
2518;74;129;242;b_wing_pass;x
2519;44;133;239;b_hearts_hill;x
2520;14;122;209;b_bronzespear;x
2521;33;136;234;b_bronzemoore;x
2522;72;149;237;b_cleft;x
2523;68;148;224;b_bronzemont;x
2524;19;139;222;b_darkheight;x
2525;77;138;212;b_sledge_house;x
2526;39;133;202;b_brightstone;x
2527;78;113;216;b_grinport;x
2528;38;121;211;b_mauls_docks;x
2529;58;127;214;b_crackedstone;x
2530;68;119;215;b_hammerhill;x
2531;56;138;238;b_castle_rathmore;x
2532;19;132;233;b_coarse_stones;x
2533;39;147;232;b_spineburrow;x
2534;66;111;205;b_moonvale_pass;x
2535;35;148;225;b_old_shell_tower;x
2536;59;138;238;b_standish;x
2537;89;151;221;b_creekmore;x
2538;61;132;239;b_floodwood;x
2539;16;115;209;b_middlemill;x
2540;55;148;237;b_scritchway;x
2541;51;112;180;b_strongsong;x
2542;47;107;177;b_bellport;x
2543;38;90;161;b_bells_lake;x
2544;48;82;160;b_bronze_rings;x
2545;64;97;186;b_clapper_curve;x
2546;41;65;138;b_clifthaven;x
2547;73;120;200;b_vearnon_keep;x
2548;69;104;186;b_forgotten_hollow;x
2549;50;131;206;b_morning_star;x
2550;49;93;170;b_stars_teeth;x
2551;44;109;183;b_halfvale;x
2552;58;94;169;b_willowcreek;x
2553;64;135;213;b_wedge_keep;x
2554;42;117;183;b_timberwedge;x
2555;67;101;186;b_tightfield;x
2556;53;126;195;b_warridge;x
2557;58;108;185;b_warricks_watch;x
2558;46;83;156;b_clammath_keep;x
2559;63;131;209;b_clammath;x
2560;37;92;165;b_open_stone;x
2561;67;106;186;b_sawtooth;x
2562;44;116;183;b_dropvale;x
2563;74;107;196;b_burm;x
2564;40;65;147;b_topperpoole;x
2565;48;113;184;b_whetmont;x
2566;55;130;202;b_torndew;x
2567;54;106;188;b_falling_brook;x
2568;50;62;145;b_ledgestone;x
2569;69;148;218;b_belmont_hold;x
2570;64;120;188;b_gressitt;x
2571;65;112;180;b_carrmill;x
2572;75;126;199;b_pitchfork;x
2573;44;94;159;b_castle_vane;x
2574;45;94;160;b_bluewater_hold;x
2575;69;110;195;b_glimmerbrook;x
2576;64;141;218;b_brindleton;x
2577;49;109;179;b_placid_water;x
2578;52;118;194;b_pine_lake;x
2579;125;172;144;b_snakewood;x
2580;82;159;139;b_lynderport;x
2581;97;181;142;b_serpentyne;x
2582;114;177;147;b_woodvale;x
2583;112;179;144;b_three_seeds;x
2584;92;160;141;b_flatcrown;x
2585;84;181;142;b_sunken_castle;x
2586;90;172;143;b_greythorns;x
2587;105;174;145;b_coopers_wood;x
2588;69;160;137;b_bramblewood;x
2589;140;177;144;b_resterpine;x
2590;149;189;147;b_sunken_town;x
2591;78;172;140;b_hunger_keep;x
2592;78;157;137;b_hungerford;x
2593;89;160;140;b_potbelly;x
2594;81;162;138;b_maws_mead;x
2595;76;174;140;b_yearnwood;x
2596;113;174;145;b_hoardvale;x
2597;136;182;145;b_castle_at_harrowpool;x
2598;39;154;129;b_greater_harrowpool;x
2599;84;169;143;b_lesser_harrowpool;x
2600;48;158;131;b_harstrath;x
2601;83;160;138;b_harrowed_wood;x
2602;101;171;142;b_pools_hill;x
2603;88;185;146;b_willowspire;x
2604;118;182;147;b_grensallow;x
2605;119;180;147;b_sallocks;x
2606;82;160;139;b_weeps_fall;x
2607;105;179;145;b_oshermusk;x
2608;94;171;143;b_downwillow;x
2609;116;180;147;b_correll;x
2610;85;167;140;b_weepthorn;x
2611;123;181;145;b_latherleaf;x
2612;105;192;144;b_rainflower;x
2613;79;176;143;b_the_crying_tower;x
2614;95;187;151;b_rutley_hall;x
2615;80;153;136;b_misty_wood;x
2616;130;179;145;b_loatbush;x
2617;77;173;141;b_sloping_weald;x
2618;118;178;144;b_naked_wood;x
2619;69;141;239;b_secondstone;x
2620;76;179;245;b_stonewash;x
2621;73;164;237;b_darkmullet;x
2622;70;148;237;b_pinkstrath;x
2623;73;164;250;b_roundhill;x
2624;75;174;244;b_pink_spur;x
2625;75;173;246;b_gillstone;x
2626;74;166;248;b_midlors_fort;x
2627;66;130;231;b_barrentack;x
2628;63;117;220;b_midlor_rock;x
2629;72;161;234;b_longmoor;x
2630;85;170;237;b_moorhill;x
2631;75;172;241;b_dellrose;x
2632;75;174;234;b_moors_end;x
2633;74;170;241;b_knar;x
2634;71;156;236;b_the_shard;x
2635;72;156;244;b_midlor_hall;x
2636;71;155;236;b_bleakriver;x
2637;73;164;233;b_wormroot;x
2638;66;129;237;b_bystone;x
2639;72;157;239;b_rockseed;x
2640;71;152;240;b_trimpley;x
2641;75;170;250;b_hullbreach;x
2642;70;150;234;b_brownden;x
2643;72;159;244;b_old_mast;x
2644;75;177;229;b_papsview;x
2645;75;172;248;b_bommenstone;x
2646;77;185;248;b_widemouth;x
2647;76;182;234;b_bad_apple;x
2648;69;146;234;b_chimney;x
2649;72;158;246;b_sunken_isles;x
2650;4;54;113;b_newkeep;x
2651;6;68;152;b_silverplume;x
2652;4;75;158;b_roundwing;x
2653;5;74;157;b_hersys_hills;x
2654;5;82;161;b_chalice_town;x
2655;6;74;144;b_woodenbounds;x
2656;3;71;144;b_blackmoon;x
2657;6;86;158;b_sunbite;x
2658;6;64;148;b_bridgepebble;x
2659;4;69;138;b_far_pebble;x
2660;5;74;149;b_castle_eventide;x
2661;6;64;138;b_sinking_docks;x
2662;5;66;138;b_shattered_finger;x
2663;4;58;137;b_drowned_wish;x
2664;6;79;154;b_gales_watch;x
2665;6;77;158;b_portmouth;x
2666;4;74;146;b_anchorlight;x
2667;3;63;139;b_greendove;x
2668;6;66;149;b_doomed_sea;x
2669;5;64;138;b_castle_reckshaw;x
2670;6;65;141;b_twinbrook;x
2671;6;91;162;b_port_reckshaw;x
2672;5;81;159;b_dwindlers_ridge;x
2673;7;87;163;b_stolen_mill;x
2674;48;98;167;b_biteport;x
2675;4;71;148;b_blackholm;x
2676;6;84;160;b_darkcroft;x
2677;5;75;158;b_blackened_forest;x
2678;6;78;150;b_scarredusk;x
2679;3;74;153;b_shores_fort;x
2680;3;71;152;b_sunken_cavern;x
2681;4;84;155;b_archers_line;x
2682;3;66;140;b_starforge;x
2683;15;71;143;b_ash_coves;x
2684;6;73;141;b_strikeguard;x
2685;6;80;157;b_glaivelily;x
2686;6;67;147;b_quitters_well;x
2687;132;207;251;b_sunrise_keep;x
2688;90;201;248;b_greenmoor;x
2689;127;214;255;b_castlerise;x
2690;149;227;255;b_barrowdale;x
2691;144;207;255;b_dawn_hall;x
2692;129;223;251;b_sunset_height;x
2693;144;208;255;b_rockle;x
2694;123;206;250;b_rockledock;x
2695;138;208;254;b_portlick;x
2696;97;206;250;b_stonetime;x
2697;118;217;250;b_rivermarch;x
2698;95;204;248;b_bludden;x
2699;104;209;249;b_stars_mead;x
2700;99;209;253;b_slowmarch;x
2701;139;228;252;b_knockwood;x
2702;82;183;232;b_black_wave;x
2703;112;210;253;b_barren_rock;x
2704;116;214;254;b_crows_cove;x
2705;123;216;252;b_havenheath;x
2706;174;217;255;b_buckleburn;x
2707;144;224;252;b_moonsgarde;x
2708;94;198;244;b_toppsfall;x
2709;151;198;255;b_sunderland_hall;x
2710;136;226;251;b_rookmore;x
2711;129;206;236;b_sundkin_island;x
2712;123;173;241;b_seas_beacon;x
2713;127;195;243;b_birchmoor;x
2714;127;225;243;b_old_werfpoint;x
2715;148;197;238;b_breakwater_castle;x
2716;126;196;255;b_breakwater_watch;x
2717;122;184;241;b_dordon;x
2718;127;207;248;b_sisterton;x
2719;128;204;231;b_havenry;x
2720;67;205;232;b_polesworth;x
2721;154;196;223;b_sistercairn;x
2722;111;213;255;b_tormore_island;x
2723;70;101;90;b_pyke;x
2724;91;105;100;b_neverharrow;x
2725;101;116;110;b_krakenrock;x
2726;91;114;106;b_brodsworth;x
2727;131;152;112;b_lordsport_keep;x
2728;131;147;117;b_shoalstone;x
2729;136;154;121;b_lordsport;x
2730;143;163;156;b_iron_holt;x
2731;132;180;164;b_red_harbor;x
2732;133;164;154;b_moonport;x
2733;126;180;162;b_seagrave;x
2734;119;172;154;b_pigsmith;x
2735;131;179;179;b_bloatstone;x
2736;139;172;172;b_fetid_hold;x
2737;157;189;189;b_saltford;x
2738;186;186;186;b_serpents_mouth;x
2739;172;169;169;b_salt_end;x
2740;81;146;99;b_pebbleton_tower;x
2741;70;137;89;b_pebbleton;x
2742;108;181;140;b_mouldering;x
2743;102;186;139;b_herringby;x
2744;88;156;107;b_spoutside;x
2745;118;189;99;b_blackblood;x
2746;124;193;104;b_demons_bump;x
2747;139;202;121;b_sourgrain;x
2748;107;185;85;b_hoare_castle;x
2749;152;191;142;b_axfirth;x
2750;163;201;152;b_trenchwater;x
2751;147;188;135;b_riptooth;x
2752;105;177;85;b_fishbourne;x
2753;100;185;76;b_rankmarket;x
2754;103;177;135;b_tiller;x
2755;83;165;120;b_baftwood;x
2756;187;31;31;b_hammerhorn;x
2757;195;37;37;b_lurrkeep;x
2758;178;20;20;b_huskwell;x
2759;201;41;41;b_goldband;x
2760;181;18;18;b_baden;x
2761;209;73;73;b_blackbuke;x
2762;205;33;33;b_brothers_port;x
2763;203;74;101;b_downdelving;x
2764;224;73;105;b_down_quay;x
2765;207;94;118;b_leeward;x
2766;209;74;103;b_hornhaven;x
2767;237;31;31;b_cradlewatch;x
2768;252;36;36;b_woodkeel;x
2769;240;25;25;b_martingale;x
2770;243;39;39;b_tilted_river;x
2771;170;61;84;b_keep_of_corpses;x
2772;160;63;84;b_deadbranch;x
2773;182;71;94;b_colt_shallows;x
2774;194;113;130;b_deadlock;x
2775;187;108;124;b_dusk_keep;x
2776;202;104;125;b_stalkside;x
2777;225;20;20;b_crow_spike_keep;x
2778;244;31;31;b_blackvine;x
2779;245;26;26;b_hackwater;x
2780;240;16;16;b_sperry;x
2781;213;76;76;b_sealskin_point;x
2782;186;69;69;b_wynden;x
2783;206;71;71;b_broken_rookery;x
2784;193;78;78;b_sting_island;x
2785;182;54;54;b_far_oar;x
2786;233;122;122;b_harkaway;x
2787;232;136;136;b_dying_gull;x
2788;239;103;103;b_black_pearl;x
2789;235;96;96;b_ruddy_rose;x
2790;165;49;74;b_stone_chain;x
2791;169;55;79;b_black_chain;x
2792;137;42;62;b_link_rock;x
2793;134;169;189;b_drumm_tower;x
2794;141;177;197;b_port_lye;x
2795;129;160;178;b_naggas_hill;x
2796;130;173;197;b_yggs_spear;x
2797;182;206;162;b_shatterstone;x
2798;179;213;148;b_stonehouse;x
2799;177;213;144;b_cleft_tower;x
2800;225;179;146;b_coarse_lair;x
2801;213;187;168;b_morton;x
2802;174;194;149;b_nettlebank;x
2803;183;195;167;b_nettleton;x
2804;174;190;153;b_galleywood;x
2805;162;176;143;b_bloodleaf;x
2806;168;172;214;b_orkwatch;x
2807;161;162;179;b_pinehole;x
2808;183;185;204;b_oldwood;x
2809;183;170;146;b_iron_keep;x
2810;194;178;149;b_claychest;x
2811;201;187;162;b_codd_hall;x
2812;189;174;146;b_redhand_tomb;x
2813;136;136;174;b_trawling;x
2814;151;151;162;b_oaken_shore;x
2815;124;143;125;b_blacktyde_castle;x
2816;96;131;97;b_blackcove;x
2817;143;166;177;b_brinewick;x
2818;131;152;162;b_littleport;x
2819;101;123;113;b_ten_towers;x
2820;122;145;134;b_mockery;x
2821;112;139;127;b_kinscythe;x
2822;114;134;125;b_prowdocks;x
2823;128;144;136;b_harlaw_hall;x
2824;122;147;136;b_threshcroft;x
2825;112;116;121;b_ternehold;x
2826;120;126;135;b_grey_cove;x
2827;83;86;91;b_petrified_post;x
2828;120;129;144;b_lapidwell;x
2829;143;133;114;b_shieldrow;x
2830;151;141;123;b_scuttle;x
2831;151;138;115;b_glinting;x
2832;171;154;125;b_cloudstone;x
2833;131;126;117;b_volmark;x
2834;119;113;101;b_greatfast;x
2835;139;129;111;b_envy_well;x
2836;140;135;126;b_wreathscar;x
2837;146;141;132;b_twine_holt;x
2838;122;117;108;b_forecastle;x
2839;108;101;108;b_dule_tree;x
2840;125;113;125;b_wringby;x
2841;139;128;139;b_sway_hill;x
2842;121;111;121;b_myregate;x
2843;119;101;119;b_jolly_gallows;x
2844;101;119;104;b_tower_of_glimmering;x
2845;97;132;103;b_great_harbor;x
2846;120;131;121;b_low_streak;x
2847;128;149;131;b_grey_garden;x
2848;96;114;99;b_silvernest;x
2849;103;125;106;b_greyport;x
2850;114;127;116;b_preenmark;x
2851;125;139;127;b_harridan_hill;x
2852;115;134;118;b_teardrain;x
2853;119;132;121;b_drowned_crone;x
2854;197;141;141;b_lonely_light;x
2855;224;21;21;b_casterly_rock;x
2856;255;22;4;b_casterbridge;x
2857;225;14;45;b_crimson_field;x
2858;208;37;45;b_pridemane;x
2859;255;72;72;b_goldengate;x
2860;171;91;91;b_the_roar;x
2861;225;60;33;b_wynnewood;x
2862;225;29;62;b_lanniskeep;x
2863;225;45;30;b_lannisport;x
2864;225;38;4;b_brightwall;x
2865;225;22;40;b_lions_harbor;x
2866;225;3;4;b_debtors_docks;x
2867;225;24;18;b_cleganes_keep;x
2868;233;19;25;b_the_kennel;x
2869;225;84;0;b_fang_hill;x
2870;225;140;48;b_lanns_hall;x
2871;185;39;49;b_hetherfield_hall;x
2872;225;92;41;b_hillview;x
2873;238;56;83;b_oaklade;x
2874;225;14;40;b_dipple;x
2875;169;39;28;b_steaming_stream;x
2876;79;14;29;b_riverthorn;x
2877;159;63;44;b_foote_hill;x
2878;79;31;18;b_dropkeep;x
2879;79;10;26;b_dropside;x
2880;195;17;25;b_hadersly;x
2881;255;55;18;b_tenbury;x
2882;141;28;28;b_kilter;x
2883;225;53;40;b_cleverton;x
2884;70;9;9;b_crakehall;x
2885;148;13;30;b_crakeport;x
2886;160;24;24;b_aylmore;x
2887;186;10;26;b_borrun;x
2888;114;5;5;b_anvils;x
2889;117;20;20;b_brindlegard;x
2890;186;29;53;b_greenrust_keep;x
2891;153;29;44;b_greenrust_town;x
2892;168;57;75;b_oxbridge;x
2893;180;82;82;b_fieldsview;x
2894;139;47;47;b_hempstead;x
2895;242;3;3;b_patecross;x
2896;90;11;11;b_allfort;x
2897;131;0;0;b_hardwood;x
2898;103;15;31;b_bracebrook;x
2899;141;34;43;b_gravenhill;x
2900;161;10;10;b_blind_oak;x
2901;172;39;50;b_castle_haw;x
2902;172;12;13;b_biltmore;x
2903;172;51;119;b_bowgreave;x
2904;172;31;12;b_grasstown;x
2905;172;10;34;b_hopehill;x
2906;225;48;48;b_reamhaw;x
2907;186;0;16;b_stillkeep;x
2908;174;0;59;b_huntrich;x
2909;174;41;32;b_stilwood;x
2910;118;18;17;b_wild_ridge;x
2911;196;17;17;b_hunters_rest;x
2912;133;10;10;b_broughton;x
2913;102;25;25;b_digswell;x
2914;155;16;16;b_tyfield;x
2915;81;25;25;b_goodguard;x
2916;213;84;84;b_cornfield;x
2917;218;13;13;b_the_henhouse;x
2918;177;24;24;b_pastures;x
2919;149;40;40;b_kernstalk;x
2920;184;106;106;b_dawnrooster;x
2921;225;53;53;b_pullet;x
2922;136;18;18;b_the_bower;x
2923;234;38;38;b_greenfield;x
2924;232;79;79;b_chartren;x
2925;181;61;61;b_shuckle;x
2926;156;45;45;b_shearside;x
2927;230;68;68;b_sylford;x
2928;159;111;107;b_coppermine;x
2929;159;62;62;b_steepridge;x
2930;215;39;39;b_blanchland;x
2931;201;65;65;b_stone_arch;x
2932;164;27;27;b_castle_wellsmere;x
2933;148;101;101;b_fieldale;x
2934;203;87;87;b_settlers_hill;x
2935;238;24;24;b_wellsmere;x
2936;222;70;70;b_toll_tower;x
2937;186;28;28;b_woodentop;x
2938;209;24;24;b_blind_field;x
2939;170;49;49;b_glasspost;x
2940;211;30;30;b_ladybank;x
2941;132;72;67;b_roundtowers;x
2942;182;35;35;b_bentgreave;x
2943;202;39;39;b_uppermill;x
2944;173;48;37;b_prunehelm;x
2945;218;35;35;b_murbeck;x
2946;188;30;30;b_plumleaf;x
2947;166;93;91;b_manticores_keep;x
2948;233;74;72;b_prong;x
2949;189;69;67;b_split_tail;x
2950;223;60;58;b_highfaith;x
2951;169;63;14;b_kings_fall;x
2952;229;42;71;b_pleasant_hill;x
2953;194;29;30;b_fulgrave;x
2954;230;49;77;b_stonesdale;x
2955;153;45;43;b_pleasant_tree;x
2956;229;63;55;b_huskheights;x
2957;169;45;8;b_rushing_fork;x
2958;17;24;58;sea_province_528;x
2959;23;43;105;sea_province_volantis_bay;x
2960;30;21;63;thousand_island_sea_1;x
2961;120;31;5;b_silverhall;x
2962;147;43;26;b_brightfeather;x
2963;147;10;13;b_serrock;x
2964;120;21;30;b_sterling_pass;x
2965;155;30;42;b_argent_mine;x
2966;133;15;13;b_spalding;x
2967;110;24;25;b_featherhorn;x
2968;135;24;25;b_duplin;x
2969;133;7;7;b_whitmire;x
2970;124;46;21;b_canterlot;x
2971;110;14;4;b_lenore;x
2972;140;38;27;b_redbramble;x
2973;141;15;13;b_truss_hedge;x
2974;141;22;15;b_goodberry;x
2975;141;33;11;b_everbearing;x
2976;141;19;29;b_silverdale;x
2977;141;0;0;b_strawberry_fields;x
2978;127;31;24;b_drox_castle;x
2979;127;21;37;b_longbolt;x
2980;127;7;4;b_cross_creek;x
2981;127;9;16;b_derver;x
2982;127;41;26;b_bolts_tip;x
2983;140;47;64;b_lansdale_watch;x
2984;159;14;41;b_claggett;x
2985;127;21;12;b_berrygrove;x
2986;127;15;21;b_grenvale;x
2987;127;46;7;b_landover;x
2988;136;3;16;b_flameguard_keep;x
2989;127;3;16;b_grannet;x
2990;136;26;17;b_rockaway;x
2991;136;36;34;b_sourspring;x
2992;136;77;20;b_whiteridge;x
2993;123;10;20;b_pridefield;x
2994;136;24;41;b_gods_ghost;x
2995;136;21;20;b_rockford;x
2996;133;50;16;b_louth;x
2997;133;26;12;b_cooks_keep;x
2998;133;34;32;b_forsby;x
2999;176;25;16;b_deep_den;x
3000;221;25;7;b_settwood;x
3001;197;25;8;b_the_caverns;x
3002;202;25;83;b_martenmines;x
3003;252;25;41;b_peltmore;x
3004;252;25;22;b_rattelmont;x
3005;213;71;71;b_standground;x
3006;223;52;52;b_stayfell;x
3007;133;21;30;b_starcliffes;x
3008;120;12;9;b_pointridge;x
3009;229;69;69;b_peckledons_pass;x
3010;211;61;61;b_longscar;x
3011;229;12;12;b_ferrens_keep;x
3012;215;30;30;b_raddle;x
3013;206;45;52;b_minksway;x
3014;194;22;22;b_oakbury;x
3015;203;57;57;b_polecats_hill;x
3016;161;25;29;b_long_rock;x
3017;240;40;40;b_bristlebunch;x
3018;226;25;28;b_rockwood;x
3019;233;25;50;b_broomes_ridge;x
3020;237;27;27;b_brockryn;x
3021;193;47;47;b_hillsdale;x
3022;238;54;54;b_setts_gate;x
3023;207;25;73;b_payne_hall;x
3024;176;25;17;b_worthmarket;x
3025;236;25;44;b_sevens_ridge;x
3026;200;25;48;b_goldmont;x
3027;175;53;85;b_coin_keep;x
3028;192;25;24;b_riverspring;x
3029;238;25;15;b_hopes_town;x
3030;224;25;45;b_steelwell;x
3031;222;25;18;b_broken_sword;x
3032;222;25;41;b_kins_ward;x
3033;219;25;24;b_bramhope;x
3034;157;25;12;b_rose_hill;x
3035;236;13;24;b_cuffmarket;x
3036;173;13;3;b_four_ponds;x
3037;209;13;53;b_gallowstree;x
3038;246;25;25;b_brixhall;x
3039;195;25;15;b_shawfield;x
3040;239;48;48;b_grace_hill;x
3041;173;26;55;b_aldershot;x
3042;175;13;59;b_brixworth;x
3043;241;17;0;b_hornvale;x
3044;231;37;0;b_maidens_rest;x
3045;222;11;25;b_unicorns_pass;x
3046;243;48;25;b_hardline;x
3047;175;16;5;b_pates_mill;x
3048;216;67;5;b_clovenfield;x
3049;229;83;30;b_alderedge;x
3050;246;24;5;b_bressing;x
3051;212;11;5;b_toad_hall;x
3052;243;69;5;b_wendfire_ridge;x
3053;226;25;33;b_gronnwith;x
3054;230;70;56;b_the_folds;x
3055;222;22;25;b_deadwater;x
3056;192;46;35;b_dogbane;x
3057;188;25;25;b_gloat_peak;x
3058;245;22;25;b_shellworth;x
3059;209;63;25;b_milkweed;x
3060;216;12;25;b_kordrich;x
3061;236;42;25;b_castle_bymore;x
3062;204;21;25;b_bymore;x
3063;243;37;25;b_redhollow;x
3064;240;73;25;b_wild_falls;x
3065;206;61;34;b_shaffron;x
3066;172;31;23;b_helmsdale;x
3067;66;14;12;b_the_golden_tooth;x
3068;66;5;20;b_cerimore;x
3069;78;7;5;b_west_jaw;x
3070;66;5;17;b_boneroot;x
3071;78;14;20;b_plackment;x
3072;66;21;25;b_sagebrush;x
3073;66;0;15;b_broadhollow;x
3074;169;29;18;b_shelley;x
3075;169;17;13;b_kings_glaive;x
3076;169;99;30;b_watered_lands;x
3077;79;19;18;b_wildspire;x
3078;79;9;12;b_ruffell;x
3079;79;5;4;b_cats_tomb;x
3080;79;10;12;b_spotthelm;x
3081;66;15;20;b_claw_mark;x
3082;209;54;66;b_rivermont;x
3083;211;12;16;b_burned_ford;x
3084;240;12;29;b_bearbridge;x
3085;154;29;26;b_vellon;x
3086;208;37;43;b_lowell_hall;x
3087;255;84;92;b_lowell;x
3088;66;22;15;b_bellantine;x
3089;66;15;36;b_ruskdale;x
3090;66;39;42;b_yokewell;x
3091;169;67;30;b_the_rift;x
3092;169;10;11;b_ashemark;x
3093;169;9;26;b_asheton;x
3094;169;22;12;b_smoke_lake;x
3095;169;31;17;b_burntree;x
3096;169;29;30;b_tatterhall;x
3097;231;19;19;b_sarsfield;x
3098;205;55;55;b_arrow_town;x
3099;189;39;39;b_greenstroke;x
3100;248;43;43;b_roadwater;x
3101;182;47;47;b_longdowns;x
3102;242;29;29;b_norhawke;x
3103;233;29;22;b_oxcross_castle;x
3104;66;19;40;b_oxcross;x
3105;224;110;25;b_alynmill;x
3106;217;61;61;b_redpoints;x
3107;225;45;45;b_longsight;x
3108;209;25;25;b_silver_creek;x
3109;238;34;34;b_motley_house;x
3110;124;14;14;b_falwell;x
3111;229;41;41;b_fools_hill;x
3112;217;17;17;b_hareforth;x
3113;151;41;41;b_churlame;x
3114;198;24;12;b_lonmont;x
3115;231;10;25;b_sulford;x
3116;214;29;28;b_goldpall;x
3117;206;56;28;b_vantage;x
3118;225;22;25;b_cubs_brook;x
3119;169;33;17;b_nunns_deep;x
3120;169;29;22;b_heel_falls;x
3121;169;21;20;b_daggermere;x
3122;243;12;26;b_provence;x
3123;231;12;10;b_fodder;x
3124;219;12;14;b_goatport;x
3125;207;12;20;b_lost_helm;x
3126;205;12;41;b_birch_keep;x
3127;246;12;31;b_castle_algood;x
3128;197;12;14;b_burnbray;x
3129;208;37;44;b_underhill;x
3130;175;12;12;b_goodport;x
3131;180;12;22;b_deepen_hall;x
3132;172;26;35;b_handfast;x
3133;229;12;41;b_copperton;x
3134;195;12;10;b_darwater;x
3135;154;19;25;b_banefort;x
3136;154;10;16;b_cliffhead;x
3137;154;29;34;b_the_shadows;x
3138;154;48;18;b_hoodhill;x
3139;175;19;26;b_irongrave;x
3140;151;65;41;b_morgons_rise;x
3141;169;12;20;b_wyndhall;x
3142;243;12;10;b_hawk_hill;x
3143;205;12;17;b_graveltown;x
3144;154;45;27;b_gold_bay;x
3145;154;41;37;b_redds_wing;x
3146;201;28;32;b_wyndisle;x
3147;154;26;43;b_fearby;x
3148;207;41;63;b_dark_barrow;x
3149;154;10;33;b_windy_heights;x
3150;154;43;41;b_half_hill;x
3151;215;60;81;b_ruskstone;x
3152;178;12;22;b_westford;x
3153;207;12;16;b_oldwalls;x
3154;144;49;55;b_howling_ridge;x
3155;193;61;69;b_dark_dog_hills;x
3156;199;12;24;b_knowle;x
3157;154;38;8;b_highview;x
3158;154;27;17;b_rain_fort;x
3159;154;0;9;b_skullbreak;x
3160;154;15;13;b_thralder;x
3161;221;35;25;b_the_crag;x
3162;226;12;25;b_river_running;x
3163;204;22;25;b_sandcastle;x
3164;212;27;25;b_crags_bay;x
3165;191;31;40;b_seashell;x
3166;243;41;25;b_eldress;x
3167;154;22;12;b_spiceport;x
3168;154;67;51;b_gleamhollow;x
3169;154;50;46;b_deepway;x
3170;192;27;82;b_pepperpot;x
3171;255;53;39;b_latchford;x
3172;204;56;63;b_casterisle;x
3173;184;19;27;b_orstack;x
3174;226;16;25;b_castle_pendric;x
3175;211;18;25;b_balliwick;x
3176;163;47;44;b_garring;x
3177;154;36;35;b_spearcross;x
3178;169;41;25;b_goldboard;x
3179;169;15;30;b_fallen_hill;x
3180;255;99;81;b_castamere;x
3181;255;63;90;b_reynes_port;x
3182;169;14;15;b_meres_mine;x
3183;255;77;75;b_loreons_hill;x
3184;227;44;50;b_prides_keep;x
3185;245;17;25;b_forkrich;x
3186;255;89;34;b_tarbeck_hall;x
3187;255;51;64;b_gyronny_port;x
3188;255;39;56;b_pointwell;x
3189;255;48;44;b_tarford;x
3190;233;14;14;b_beckyng;x
3191;255;60;68;b_vikary_house;x
3192;255;53;89;b_twotail_wood;x
3193;255;50;60;b_borrenline;x
3194;255;79;20;b_bastards_dock;x
3195;169;39;41;b_goldburn;x
3196;217;46;76;b_strongboar;x
3197;225;12;21;b_wrexdale;x
3198;255;115;92;b_three_hills;x
3199;187;111;111;b_midvale;x
3200;240;17;25;b_pendric_hills;x
3201;156;29;13;b_feastfires;x
3202;156;31;39;b_springerstead;x
3203;156;21;30;b_lowmarket;x
3204;136;32;81;b_tireless_island;x
3205;156;26;26;b_kayce;x
3206;156;48;42;b_kayce_keep;x
3207;156;58;63;b_hornhurst;x
3208;156;41;25;b_herrock;x
3209;189;37;45;b_whoresons_isle;x
3210;156;46;81;b_kynhold;x
3211;156;45;48;b_hearday;x
3212;253;26;25;b_thornhill;x
3213;156;70;46;b_borrhurst;x
3214;194;33;38;b_eckerdean;x
3215;156;31;17;b_tremblestone;x
3216;156;19;35;b_trembley;x
3217;156;45;34;b_brace_hill;x
3218;255;110;47;b_redgloss;x
3219;255;89;63;b_leachton;x
3220;156;31;37;b_clever_keep;x
3221;156;38;47;b_westerport;x
3222;185;37;44;b_sowerby;x
3223;214;7;33;b_faircastle;x
3224;225;50;71;b_tidewell;x
3225;237;30;69;b_maston;x
3226;223;22;60;b_ashwater;x
3227;198;32;63;b_farshield;x
3228;225;24;37;b_windy_ferry;x
3229;255;9;39;b_the_beacon;x
3230;235;55;78;b_clifton;x
3231;217;33;56;b_highgreave;x
3232;240;11;40;b_balefire;x
3233;218;37;48;b_madgerich;x
3234;243;62;73;b_wayden;x
3235;233;12;26;b_willemore;x
3236;252;8;54;b_perish;x
3237;0;70;23;b_highgarden;x
3238;7;90;0;b_lush_town;x
3239;0;85;0;b_manders_grasp;x
3240;0;79;1;b_savorgarn;x
3241;0;91;4;b_rosebury;x
3242;0;82;11;b_castle_grennan;x
3243;21;97;13;b_mallock_heights;x
3244;0;70;24;b_castle_middlebury;x
3245;0;64;6;b_middlebury;x
3246;0;65;8;b_garthbend;x
3247;13;83;42;b_battleback;x
3248;0;82;0;b_gardens_crossing;x
3249;23;98;23;b_greenwall;x
3250;0;75;3;b_crennel;x
3251;9;89;9;b_mossy_brick;x
3252;0;90;0;b_springkeep;x
3253;0;101;6;b_bushdowns;x
3254;0;73;24;b_whitehand_castle;x
3255;0;74;11;b_wittenton;x
3256;0;80;4;b_alden_keep;x
3257;0;90;29;b_thornbush;x
3258;0;63;24;b_aldenley;x
3259;0;68;8;b_peatbridge;x
3260;0;64;17;b_manderside;x
3261;13;92;4;b_soapstone;x
3262;0;77;2;b_claymore;x
3263;0;78;3;b_swans_skin;x
3264;0;83;0;b_birchfield;x
3265;0;75;13;b_vinewarren;x
3266;0;80;17;b_orchard_lakes;x
3267;2;90;19;b_duskflower;x
3268;144;187;120;b_cider_hall;x
3269;181;177;119;b_waypress;x
3270;147;174;119;b_redgrove;x
3271;154;165;121;b_wickerkeep;x
3272;148;172;119;b_eldersfield;x
3273;166;179;121;b_foss_town;x
3274;127;175;121;b_new_barrel;x
3275;154;190;118;b_grennorchard;x
3276;178;199;121;b_stonebushel;x
3277;189;174;118;b_appleford;x
3278;176;174;116;b_newharvest;x
3279;158;172;102;b_hawcastle;x
3280;163;166;119;b_greygates;x
3281;181;157;120;b_appleton;x
3282;162;188;119;b_apple_row;x
3283;128;163;120;b_maids_orchard;x
3284;178;183;120;b_oldbasket;x
3285;183;189;116;b_rummand_hall;x
3286;164;172;125;b_sugarbush;x
3287;166;175;91;b_sweet_tree;x
3288;178;170;114;b_sourstake;x
3289;143;144;76;b_whitegrove;x
3290;139;149;61;b_marchward;x
3291;160;169;101;b_ardens_hill;x
3292;178;178;116;b_candybrook;x
3293;140;193;175;b_ashford_castle;x
3294;138;209;197;b_ashford;x
3295;177;213;207;b_ashford_meadow;x
3296;153;207;192;b_whitecrest;x
3297;198;228;215;b_orren;x
3298;166;223;206;b_fernhill_heath;x
3299;161;216;195;b_cockscombe;x
3300;136;189;169;b_featherington;x
3301;162;211;210;b_chardbrook;x
3302;166;219;211;b_bannisters_wood;x
3303;139;194;173;b_deepwell;x
3304;145;201;175;b_livenlet;x
3305;167;215;202;b_holyhall;x
3306;125;171;168;b_mothersford;x
3307;157;205;198;b_whiteriver;x
3308;173;226;209;b_point_farms;x
3309;143;212;192;b_larcrick;x
3310;145;200;188;b_hadgate;x
3311;158;207;198;b_banbury;x
3312;174;214;209;b_crackmore;x
3313;165;226;209;b_etterton;x
3314;125;183;165;b_ricemery;x
3315;146;216;209;b_endrick_castle;x
3316;135;191;173;b_endrick;x
3317;113;168;157;b_bluntstead;x
3318;184;226;220;b_winvane;x
3319;144;204;186;b_glanbrook;x
3320;100;130;71;b_starpike;x
3321;94;121;69;b_plenmeller;x
3322;89;118;62;b_millfield;x
3323;85;115;57;b_fools_approach;x
3324;104;135;76;b_marchrise;x
3325;81;109;55;b_rutmark;x
3326;120;152;107;b_torrentpeak;x
3327;90;143;43;b_new_colony;x
3328;119;152;104;b_neverest;x
3329;92;144;60;b_ant_hill;x
3330;92;141;81;b_marchyng;x
3331;101;145;81;b_crassmont;x
3332;97;157;51;b_leygood_keep;x
3333;99;131;72;b_estryck;x
3334;85;134;54;b_leysgarden;x
3335;92;131;75;b_bellcross_hill;x
3336;104;139;69;b_swellwood;x
3337;113;162;53;b_strikes_roll;x
3338;91;139;73;b_sunnypoint;x
3339;94;156;44;b_benton;x
3340;102;167;52;b_the_bendlets;x
3341;98;138;62;b_bentbrook;x
3342;84;161;70;b_castle_dywell;x
3343;96;152;76;b_bendtill_woods;x
3344;95;165;69;b_grandmercy;x
3345;85;149;55;b_green_key;x
3346;91;142;82;b_hystone;x
3347;105;161;38;b_fieldcrest;x
3348;79;132;70;b_glebecastle;x
3349;77;141;66;b_setton;x
3350;69;138;57;b_burkley;x
3351;86;148;75;b_archers_head;x
3352;66;134;54;b_crop_lodge;x
3353;80;148;68;b_pale_town;x
3354;63;211;199;b_horn_hill;x
3355;44;198;186;b_redmonton;x
3356;45;231;216;b_highwood;x
3357;10;190;176;b_bowmans_keep;x
3358;39;208;195;b_stride;x
3359;54;186;175;b_mount_ambit;x
3360;71;207;196;b_first_line;x
3361;130;222;212;b_cornerstone;x
3362;79;221;193;b_westmore;x
3363;133;225;168;b_medpeak;x
3364;101;224;186;b_rollcrest;x
3365;131;244;201;b_castle_russeting;x
3366;93;223;210;b_russeting;x
3367;123;209;186;b_bent_ridge;x
3368;136;245;198;b_sidestone;x
3369;97;223;213;b_drupe_hill;x
3370;112;255;213;b_bonetop;x
3371;118;228;213;b_cresthaven;x
3372;112;226;213;b_cresthaventon;x
3373;97;236;191;b_suns_descent;x
3374;101;230;191;b_risemight;x
3375;100;244;213;b_vernpeaks;x
3376;47;216;148;b_twin_eagles;x
3377;98;249;188;b_nateby;x
3378;49;216;169;b_grennwhyte;x
3379;84;244;198;b_blind_nest;x
3380;84;206;197;b_natepeak;x
3381;31;198;162;b_grave_ridge;x
3382;94;211;176;b_sunwatch;x
3383;155;228;192;b_torrentines_bend;x
3384;116;227;195;b_lostsong;x
3385;135;235;213;b_covennes_hollow;x
3386;132;219;213;b_hunts_end;x
3387;72;182;116;b_hillstone;x
3388;37;144;29;b_uplands;x
3389;51;169;42;b_swallowtail;x
3390;39;151;31;b_butterfly_house;x
3391;68;123;64;b_karner;x
3392;47;162;38;b_monarch;x
3393;56;132;51;b_flutterfield;x
3394;60;146;127;b_evening;x
3395;72;164;135;b_nightmarket;x
3396;62;146;134;b_morning;x
3397;57;172;149;b_dayfield;x
3398;53;166;140;b_daynesdown;x
3399;62;152;136;b_dawn_and_dusk;x
3400;33;134;28;b_echo_hill;x
3401;60;153;32;b_gloss_town;x
3402;30;129;27;b_recastle;x
3403;25;117;25;b_basemont;x
3404;25;118;25;b_drupeside;x
3405;48;138;29;b_workstone;x
3406;63;174;151;b_dersling_keep;x
3407;66;200;170;b_roxton;x
3408;56;165;139;b_dersling;x
3409;57;145;123;b_rune_mine;x
3410;53;166;136;b_cobble_pass;x
3411;47;134;38;b_millendale;x
3412;27;111;18;b_worn_mill;x
3413;34;153;22;b_old_dale;x
3414;63;138;55;b_millsfield;x
3415;34;124;25;b_lavenderne;x
3416;70;149;62;b_wallbridge;x
3417;58;190;175;b_hearts_ache;x
3418;61;165;151;b_neverrun;x
3419;54;152;141;b_strangers_love;x
3420;57;148;51;b_new_willows;x
3421;32;117;26;b_deep_blooms;x
3422;59;185;157;b_the_ring;x
3423;63;177;152;b_woodlink;x
3424;26;105;17;b_the_slabs;x
3425;48;194;162;b_barleycross;x
3426;71;172;150;b_blackbridge;x
3427;64;184;157;b_boningale;x
3428;55;167;115;b_pinkshield;x
3429;78;205;176;b_pelicans_watch;x
3430;69;173;125;b_dunnport;x
3431;80;192;140;b_rosemill;x
3432;96;176;139;b_two_beaks;x
3433;74;186;134;b_goodbunn;x
3434;25;174;141;b_freeridge;x
3435;27;188;152;b_brannonmark;x
3436;29;182;148;b_dalestone;x
3437;69;200;171;b_faithnest;x
3438;31;194;158;b_myland_hills;x
3439;65;195;166;b_dropping_bay;x
3440;50;158;40;b_swordcastle;x
3441;34;146;23;b_trueguard;x
3442;45;151;34;b_rosehelm;x
3443;45;141;36;b_rose_field;x
3444;40;155;29;b_sadstream;x
3445;41;130;29;b_bottle_house;x
3446;46;136;35;b_spirits;x
3447;34;121;23;b_tassbottom;x
3448;31;117;20;b_stockthorn;x
3449;39;126;27;b_stemware;x
3450;63;157;50;b_turrkeep;x
3451;58;152;45;b_turrellis;x
3452;65;161;53;b_south_run;x
3453;53;145;41;b_toyle;x
3454;48;139;37;b_drapehold;x
3455;140;200;44;b_three_towers;x
3456;182;221;45;b_whisper_isle;x
3457;142;182;53;b_winewalls;x
3458;168;180;51;b_blackenrose;x
3459;163;194;62;b_winebrook;x
3460;168;214;41;b_silvergrail;x
3461;145;232;92;b_sunflower_hall;x
3462;148;215;68;b_cuy;x
3463;140;208;58;b_taller_seed;x
3464;134;224;26;b_brightmarket;x
3465;124;204;28;b_southerton;x
3466;136;218;38;b_summer_seat;x
3467;128;185;85;b_beachcastle;x
3468;161;169;66;b_beach_hook;x
3469;123;168;64;b_fencefield;x
3470;176;188;50;b_tenby_island;x
3471;127;204;80;b_fair_arch;x
3472;142;194;80;b_mellington;x
3473;131;188;77;b_meadowport;x
3474;133;193;70;b_hickory_corner;x
3475;162;200;84;b_kinestead;x
3476;138;180;51;b_wandermere;x
3477;150;193;59;b_spring_harbor;x
3478;135;218;84;b_hermits_meadow;x
3479;128;217;74;b_shores_hold;x
3480;139;225;86;b_downwater;x
3481;117;212;60;b_winewell;x
3482;114;206;58;b_girlsbrook;x
3483;117;197;69;b_streamcross;x
3484;106;200;49;b_straights_tower;x
3485;131;203;67;b_meadowsmeet;x
3486;126;207;53;b_brewster;x
3487;139;205;81;b_tilbury_town;x
3488;134;211;66;b_oaklyn;x
3489;120;193;54;b_shetterly;x
3490;146;224;76;b_richglade_castle;x
3491;143;212;82;b_richglade_town;x
3492;157;230;92;b_bellmare;x
3493;74;104;68;b_the_hightower;x
3494;87;136;91;b_oldtown;x
3495;97;145;96;b_beaconbridge;x
3496;96;120;78;b_checkered_square;x
3497;69;110;71;b_seven_shrines;x
3498;70;111;61;b_thieves_market;x
3499;76;123;82;b_the_citadel;x
3500;105;152;102;b_the_starry_sept;x
3501;77;104;71;b_new_saw;x
3502;73;97;68;b_brightbrock;x
3503;87;117;80;b_littleton;x
3504;89;119;82;b_old_sawyers_rest;x
3505;79;112;72;b_heathmill;x
3506;74;100;69;b_beak_brook;x
3507;84;120;70;b_castle_rodden;x
3508;86;117;83;b_blooming_bush;x
3509;76;129;83;b_springbrook;x
3510;78;97;76;b_flowers_rush;x
3511;89;127;78;b_grainhorse;x
3512;83;104;80;b_washford;x
3513;88;116;82;b_leadenhall;x
3514;75;108;67;b_wineport;x
3515;82;116;75;b_knockturn_harbor;x
3516;73;118;62;b_gods_hollow;x
3517;71;105;62;b_swine_mead;x
3518;82;117;75;b_daughters_ridge;x
3519;99;141;91;b_sweet_fork;x
3520;79;115;72;b_amber_wells;x
3521;76;111;70;b_needle;x
3522;97;136;89;b_nectar_hall;x
3523;82;123;74;b_apiarry;x
3524;88;129;80;b_brushside;x
3525;80;112;72;b_castle_ashborne;x
3526;95;126;88;b_ashborne;x
3527;88;120;80;b_slowstream;x
3528;91;117;85;b_wellspring;x
3529;89;124;81;b_blackmare;x
3530;85;102;82;b_daresbury;x
3531;85;103;81;b_oakmere;x
3532;90;117;84;b_cheap_ale;x
3533;80;98;76;b_meadford;x
3534;35;144;152;b_blackcrown;x
3535;35;131;137;b_breakers_tower;x
3536;47;177;186;b_sandy_bed;x
3537;36;155;163;b_bloodhorn;x
3538;23;167;176;b_spite_town;x
3539;41;171;180;b_bonebarrow;x
3540;33;139;147;b_brownmell;x
3541;48;168;157;b_bandallon;x
3542;37;151;103;b_sunset_swell;x
3543;44;139;130;b_nightscore;x
3544;61;155;146;b_beer_house;x
3545;44;133;125;b_blackbar;x
3546;51;146;137;b_farport;x
3547;12;147;156;b_pruttand_square;x
3548;42;150;157;b_pruttand_town;x
3549;32;164;173;b_uthors_tree;x
3550;50;151;158;b_glenfinn;x
3551;39;156;164;b_rowes_point;x
3552;45;148;155;b_walnut_hall;x
3553;51;159;134;b_wayward_bride;x
3554;42;128;134;b_jug_cove;x
3555;39;118;123;b_pith;x
3556;44;131;137;b_goldback;x
3557;44;142;149;b_barrington;x
3558;50;137;126;b_ashridge;x
3559;50;150;137;b_silver_bridge;x
3560;51;154;141;b_colleak;x
3561;50;129;119;b_market_hill;x
3562;46;142;130;b_duttel;x
3563;41;137;125;b_bundle;x
3564;137;210;109;b_brightwater_keep;x
3565;121;198;91;b_brunner;x
3566;127;198;99;b_boldfield;x
3567;124;211;90;b_ringlet;x
3568;111;177;85;b_castle_florys;x
3569;118;184;92;b_reynard_hall;x
3570;113;201;78;b_bellflower_town;x
3571;135;212;94;b_denflower;x
3572;127;206;86;b_glovetree;x
3573;123;197;84;b_steeple;x
3574;117;209;69;b_fingerhut;x
3575;114;192;73;b_pommel;x
3576;123;207;79;b_firstblush;x
3577;115;173;122;b_whitewater_watch;x
3578;135;199;137;b_mandhaven;x
3579;106;158;112;b_manderdrain;x
3580;112;163;118;b_harvestport;x
3581;99;149;105;b_moorcrescent;x
3582;64;147;101;b_orbank_isle;x
3583;117;179;72;b_meadsport;x
3584;124;185;80;b_blind_bluff;x
3585;100;185;116;b_inviting_isle;x
3586;89;177;84;b_butcher_island;x
3587;86;181;68;b_slumberstone;x
3588;123;183;83;b_bloomfield;x
3589;130;175;101;b_hallright;x
3590;133;183;100;b_streamgarden;x
3591;123;177;87;b_small_bridge;x
3592;123;170;92;b_lakenell;x
3593;114;199;52;b_enfield;x
3594;135;215;77;b_festune;x
3595;120;205;58;b_pepperglen;x
3596;104;202;34;b_laurelridge;x
3597;105;190;45;b_darnley;x
3598;116;195;60;b_baxton_creek;x
3599;118;202;58;b_maycomb;x
3600;119;197;64;b_hanbridge;x
3601;169;254;14;b_honeyholt;x
3602;155;242;14;b_beesbury;x
3603;155;253;3;b_applebee;x
3604;140;248;0;b_three_hives;x
3605;139;248;0;b_pollenfields;x
3606;159;243;16;b_waxwell;x
3607;175;233;6;b_perrys_hold;x
3608;173;237;0;b_two_mills;x
3609;167;225;0;b_perrygate;x
3610;171;235;0;b_millers_tower;x
3611;165;224;0;b_keyler;x
3612;150;238;3;b_glenn_lake;x
3613;146;224;9;b_argoths_watch;x
3614;155;234;21;b_thrutchkeep;x
3615;171;236;0;b_bleakhost;x
3616;166;232;0;b_finecreek;x
3617;147;238;0;b_flatfield_wood;x
3618;148;227;12;b_barnet;x
3619;150;243;0;b_wakefield;x
3620;188;237;36;b_puddleby;x
3621;169;232;0;b_ivy_town;x
3622;173;226;1;b_barchester;x
3623;146;224;10;b_boardland;x
3624;153;251;0;b_greenaway;x
3625;160;238;32;b_sackwood;x
3626;151;243;2;b_loud_shield;x
3627;47;127;69;b_coldmoat;x
3628;47;113;65;b_horseshoe_hills;x
3629;50;107;66;b_lions_will;x
3630;46;110;64;b_wallbrand;x
3631;51;119;69;b_leafy_lake;x
3632;56;114;72;b_oakfair;x
3633;30;156;65;b_standfast;x
3634;24;151;59;b_chequy_field;x
3635;35;143;65;b_wats_wood;x
3636;54;148;80;b_wellwalk;x
3637;55;130;76;b_the_cobble;x
3638;22;160;60;b_little_dosk;x
3639;34;149;66;b_dosk;x
3640;26;168;65;b_worn_sole;x
3641;48;152;77;b_viewshore;x
3642;46;143;73;b_spinners_town;x
3643;46;136;71;b_quiet_brook;x
3644;45;156;76;b_shoremill;x
3645;66;158;92;b_windgrove;x
3646;49;163;80;b_stone_cave;x
3647;49;141;75;b_cavern_house;x
3648;50;155;78;b_slatemarch;x
3649;54;167;85;b_logbury;x
3650;51;133;74;b_harthistle;x
3651;57;136;79;b_highweave;x
3652;47;145;74;b_brandybottom;x
3653;58;152;84;b_florry;x
3654;43;158;75;b_grubfield;x
3655;205;177;47;b_red_lake;x
3656;189;164;44;b_heft_town;x
3657;200;177;66;b_clearmeadow;x
3658;211;182;45;b_flushmore;x
3659;191;170;72;b_redwater_wood;x
3660;217;189;58;b_barleysfield;x
3661;179;185;79;b_edgecastle;x
3662;162;167;84;b_barnwood;x
3663;162;167;79;b_wallow_dell;x
3664;167;171;94;b_berril_draw;x
3665;210;184;64;b_nunny;x
3666;187;164;54;b_bannerstead;x
3667;209;187;87;b_clayhelm;x
3668;207;181;60;b_dogberry;x
3669;214;188;70;b_carvewell;x
3670;194;168;41;b_yewcross;x
3671;191;176;72;b_harvest_keep;x
3672;193;167;45;b_harvestbury;x
3673;199;175;61;b_gardet;x
3674;188;163;43;b_cherrybrook;x
3675;200;173;46;b_wrightbrook;x
3676;189;166;57;b_mallet_keep;x
3677;195;173;65;b_maids_hill;x
3678;188;170;83;b_mariston;x
3679;199;179;82;b_chisel;x
3680;204;182;74;b_clovewood;x
3681;193;171;70;b_rilldene;x
3682;209;182;56;b_bedderton;x
3683;209;187;85;b_hope_creek;x
3684;185;213;32;b_goldengrove;x
3685;156;218;45;b_maplepress;x
3686;144;198;49;b_whitebeams;x
3687;163;221;62;b_sparkling_ford;x
3688;146;205;40;b_summerdale;x
3689;169;224;72;b_balmer_mill;x
3690;148;213;32;b_ayfenn;x
3691;171;235;57;b_coppercast;x
3692;152;216;39;b_smithyton;x
3693;156;222;39;b_saddlery;x
3694;175;234;72;b_nailfield;x
3695;152;206;56;b_lowmont;x
3696;172;230;69;b_breakover;x
3697;169;210;97;b_inchworth;x
3698;160;224;46;b_longlance;x
3699;172;215;97;b_crooked_tooth;x
3700;172;235;62;b_pitchford;x
3701;156;207;66;b_giant_oak;x
3702;166;230;53;b_deep_cut;x
3703;156;210;62;b_wetherkeep;x
3704;142;195;47;b_wetherton;x
3705;169;214;89;b_rutby;x
3706;152;202;64;b_fieldweather;x
3707;176;233;75;b_strapmott;x
3708;154;204;66;b_sherwood;x
3709;157;221;42;b_westbrook;x
3710;170;231;62;b_rhoadwater;x
3711;172;226;77;b_bankridge;x
3712;162;216;66;b_millhead;x
3713;162;214;68;b_highlock;x
3714;154;206;62;b_clusterbend;x
3715;131;173;58;b_castle_roundtree;x
3716;154;194;85;b_rosebeck;x
3717;144;184;74;b_white_pear;x
3718;141;180;73;b_seedstown;x
3719;159;212;65;b_longtress_hall;x
3720;157;210;62;b_tresston;x
3721;171;227;70;b_greentassel;x
3722;150;197;68;b_castle_cuttyng;x
3723;165;221;66;b_stringport;x
3724;141;198;39;b_applehill_castle;x
3725;152;212;43;b_garden_stones;x
3726;139;215;5;b_hamfruit;x
3727;155;218;42;b_rivalbrook;x
3728;146;207;38;b_collindown;x
3729;154;221;33;b_arrowhead;x
3730;98;163;95;b_old_oak;x
3731;128;183;126;b_merritbranch;x
3732;92;157;89;b_three_leaves;x
3733;117;182;113;b_johns_town;x
3734;114;173;111;b_oakenhill_fort;x
3735;112;213;119;b_rootshield;x
3736;117;180;114;b_oak_cove;x
3737;110;191;106;b_coral_harbor;x
3738;129;197;125;b_amber_beach;x
3739;111;201;106;b_briarwood;x
3740;107;176;104;b_angel_grove;x
3741;107;172;104;b_reefside;x
3742;117;193;114;b_pine_ridge;x
3743;109;167;106;b_new_grace_hall;x
3744;99;188;94;b_grace_town;x
3745;131;187;128;b_gallant_tree;x
3746;111;205;105;b_nearwell;x
3747;101;183;97;b_bonetree;x
3748;115;197;110;b_beechshore;x
3749;131;199;127;b_shrubbury;x
3750;92;161;88;b_acorn_cape;x
3751;117;182;114;b_silverbrace;x
3752;117;203;111;b_clicking_harbor;x
3753;105;165;102;b_bottlenose;x
3754;125;187;122;b_ballymote;x
3755;111;172;108;b_catkins;x
3756;118;198;114;b_wharfton;x
3757;106;169;103;b_pipkeep;x
3758;133;196;129;b_squirrels_forge;x
3759;107;190;101;b_acornholt;x
3760;107;205;101;b_hoardyng;x
3761;109;195;103;b_carthand;x
3762;88;181;82;b_lace_river;x
3763;129;203;125;b_chasehold;x
3764;118;185;114;b_showcastle;x
3765;121;195;117;b_adornmont;x
3766;96;163;92;b_frillmead;x
3767;103;188;99;b_brandyhouse;x
3768;76;94;121;b_hayholt;x
3769;67;87;117;b_erchester;x
3770;58;79;112;b_dragonbone_tower;x
3771;90;105;122;b_farewell;x
3772;82;100;127;b_kinswood;x
3773;73;91;118;b_flett;x
3774;58;119;123;b_warnstand;x
3775;54;99;102;b_thrithing;x
3776;60;107;110;b_hornsteer;x
3777;62;127;131;b_mistevale;x
3778;60;115;118;b_three_raven_tower;x
3779;53;99;102;b_witchs_wood;x
3780;62;91;118;b_rimmsgard;x
3781;63;99;133;b_engby;x
3782;73;103;131;b_mundmere;x
3783;57;93;126;b_narrowdark_river;x
3784;79;94;112;b_wealdhelm;x
3785;71;82;95;b_runchester;x
3786;67;76;87;b_hearthstead;x
3787;76;86;98;b_nail_fort;x
3788;76;90;107;b_greenwade;x
3789;43;72;75;b_the_oldheart;x
3790;42;78;82;b_dalchester;x
3791;51;88;92;b_flowering_hill;x
3792;38;118;50;b_wyverns_rest;x
3793;48;146;62;b_redlines;x
3794;45;120;56;b_dimmsdale;x
3795;63;128;73;b_paleclay;x
3796;66;155;78;b_wings_crossing;x
3797;45;124;57;b_castle_larcrick;x
3798;57;131;66;b_ivy_hall;x
3799;54;138;65;b_harbors_watch;x
3800;29;137;47;b_ashlerwell;x
3801;51;131;62;b_wolf_holt;x
3802;35;130;51;b_tangleroot_castle;x
3803;48;135;60;b_vine_port;x
3804;45;138;59;b_wellerwhent;x
3805;52;128;63;b_cairnmeadow;x
3806;46;132;58;b_bountywell;x
3807;39;142;55;b_windworth;x
3808;36;137;52;b_windworth_town;x
3809;49;147;63;b_steelflow;x
3810;51;135;63;b_ternstoke;x
3811;62;143;73;b_pewter_town;x
3812;61;152;73;b_greylinn;x
3813;44;138;58;b_castle_strathby;x
3814;53;125;62;b_harvestmeadow;x
3815;59;144;70;b_meremander_hold;x
3816;51;119;60;b_flatford;x
3817;66;143;77;b_heatherholt;x
3818;54;126;64;b_springvale;x
3819;50;135;62;b_rosemeade;x
3820;51;129;62;b_old_wheel;x
3821;49;146;63;b_daleford;x
3822;53;155;68;b_stonepact;x
3823;53;131;132;b_dunstonbury;x
3824;52;138;139;b_mermans_ruin;x
3825;31;106;107;b_merlord_town;x
3826;39;119;120;b_mandbrace;x
3827;40;126;127;b_woodyvine;x
3828;51;114;115;b_silver_basin;x
3829;61;132;133;b_grandseed_castle;x
3830;35;131;132;b_knarsview;x
3831;38;137;138;b_harmyng_hill;x
3832;53;135;136;b_crossleybrooke;x
3833;51;146;147;b_winespring;x
3834;40;152;153;b_hillglen;x
3835;24;129;130;b_averdyre_hall;x
3836;30;134;116;b_averdyres_town;x
3837;26;131;113;b_fallsguard;x
3838;30;118;119;b_lily_creek;x
3839;29;127;128;b_hattonwood;x
3840;28;131;132;b_rosewood_keep;x
3841;38;138;123;b_thornton;x
3842;37;135;136;b_rosebrook;x
3843;43;144;145;b_petals;x
3844;38;140;132;b_iron_and_oak;x
3845;34;131;123;b_greenhands;x
3846;24;137;128;b_prickwillow;x
3847;35;152;112;b_oakshell;x
3848;44;141;108;b_penhorn;x
3849;16;144;100;b_orchard_hall;x
3850;29;128;94;b_heartsmere;x
3851;25;138;99;b_fletchers_bend;x
3852;22;143;144;b_florynn;x
3853;44;133;134;b_bellona;x
3854;31;120;121;b_farburne;x
3855;47;125;126;b_mayfield;x
3856;39;145;146;b_nettleden;x
3857;38;130;131;b_vergebloom;x
3858;76;203;125;b_risley_glade;x
3859;78;225;135;b_risleyton;x
3860;113;231;159;b_pennyhorde;x
3861;128;238;171;b_bludehall;x
3862;111;233;158;b_old_lance;x
3863;120;225;161;b_mistedown;x
3864;121;231;109;b_barricade;x
3865;130;233;119;b_dead_bolt;x
3866;122;225;111;b_chainlocke;x
3867;96;227;82;b_andindale;x
3868;107;217;95;b_tannen_arm;x
3869;125;243;112;b_copperwell;x
3870;148;251;152;b_mandervale;x
3871;103;231;109;b_goadenbridge;x
3872;133;236;138;b_plummarket;x
3873;119;234;124;b_lydderburn;x
3874;133;246;138;b_werwell;x
3875;78;223;119;b_windflower_keep;x
3876;99;246;141;b_winflerdon;x
3877;93;239;135;b_cattonridge;x
3878;77;231;121;b_mayford;x
3879;90;238;132;b_oldlands;x
3880;145;247;183;b_lentshield;x
3881;134;240;173;b_bouldmeadow;x
3882;123;235;165;b_millmore;x
3883;133;244;174;b_daisyfield;x
3884;113;232;157;b_bessmill;x
3885;93;223;141;b_hazel_brook;x
3886;52;138;119;b_woodbine;x
3887;46;149;127;b_dirtdance;x
3888;36;142;121;b_brownhawk;x
3889;26;136;112;b_randerick;x
3890;45;149;126;b_liars_ridge;x
3891;45;127;109;b_jaderock;x
3892;34;142;119;b_olinger;x
3893;42;136;116;b_timberlane;x
3894;19;139;113;b_stashmill;x
3895;42;146;124;b_slanwick;x
3896;35;148;123;b_blandford;x
3897;12;132;106;b_shawforth;x
3898;35;153;127;b_arrowmouth;x
3899;13;148;118;b_drinkhand;x
3900;50;133;115;b_sommelfort;x
3901;38;135;114;b_sommelfield;x
3902;35;147;122;b_murrey;x
3903;26;131;108;b_gold_cask;x
3904;32;128;107;b_tanbricks;x
3905;62;141;124;b_pruning;x
3906;41;138;117;b_greenridge_hall;x
3907;49;151;129;b_greenharvest;x
3908;53;156;134;b_robbers_well;x
3909;44;153;129;b_willchance;x
3910;36;142;119;b_hallmill;x
3911;144;220;129;b_norcross_castle;x
3912;120;210;129;b_bunchmore;x
3913;115;178;129;b_goldmeadow;x
3914;164;238;130;b_strongwill;x
3915;108;167;129;b_stonewall;x
3916;116;182;128;b_orchid_hill;x
3917;144;198;128;b_wisemans_hill;x
3918;143;202;129;b_wysedale;x
3919;144;209;129;b_bowthorpe;x
3920;148;189;129;b_seedy_sept;x
3921;163;214;129;b_rye_rill;x
3922;146;188;128;b_sladmere;x
3923;126;200;129;b_battram;x
3924;101;212;128;b_holhorne;x
3925;135;205;129;b_kinemoor;x
3926;126;181;129;b_wickerley;x
3927;149;211;130;b_shadlingburne;x
3928;120;178;129;b_wystone;x
3929;119;193;130;b_wysteria;x
3930;143;179;128;b_castle_brooch;x
3931;120;160;129;b_brooking_meadow;x
3932;157;199;129;b_rillycke;x
3933;149;201;128;b_brennwater_keep;x
3934;157;183;129;b_brennwater;x
3935;122;194;128;b_rivers_host;x
3936;178;191;129;b_westbray;x
3937;153;187;128;b_herring;x
3938;109;144;88;b_wesselvare;x
3939;146;163;91;b_smallvare;x
3940;128;147;66;b_white_stout;x
3941;130;151;62;b_blueburn_grove;x
3942;123;142;59;b_pean;x
3943;130;146;79;b_varefield;x
3944;125;138;63;b_castle_hastwyck;x
3945;117;131;53;b_honors_town;x
3946;113;125;55;b_earnley;x
3947;108;121;48;b_old_olive;x
3948;124;138;57;b_candlerush;x
3949;115;127;60;b_gardenfields;x
3950;122;139;40;b_harmons_hold;x
3951;126;144;41;b_harmony_town;x
3952;132;154;28;b_teal_tower;x
3953;138;161;31;b_beastheric;x
3954;116;129;55;b_heckenridge;x
3955;106;117;54;b_steeldale;x
3956;111;122;60;b_bellberry;x
3957;100;111;50;b_naymore;x
3958;126;139;63;b_kildale;x
3959;122;135;62;b_kettleridge;x
3960;118;133;49;b_black_creek;x
3961;121;132;68;b_waydon;x
3962;121;131;72;b_gatekeep;x
3963;114;124;69;b_whetbrook;x
3964;108;119;56;b_poach_hold;x
3965;113;123;66;b_wishmeadows;x
3966;56;124;95;b_footly_hall;x
3967;24;130;84;b_tumbleton;x
3968;31;132;88;b_fork_footly;x
3969;42;146;101;b_treadlight;x
3970;20;121;77;b_caltrop_hill;x
3971;38;134;92;b_badgerclaw;x
3972;33;116;80;b_howestead;x
3973;61;162;118;b_catsclaw_keep;x
3974;35;147;98;b_catsclaw_town;x
3975;31;156;101;b_redmire;x
3976;57;130;99;b_slywick;x
3977;29;139;91;b_prayerton;x
3978;35;160;105;b_clarkwater;x
3979;34;141;94;b_tread_hill_hold;x
3980;27;129;84;b_bundell;x
3981;59;153;112;b_saddleback;x
3982;34;160;105;b_tear_dell;x
3983;18;152;94;b_bornhill;x
3984;34;165;107;b_wheatcombe;x
3985;59;145;108;b_bembridge;x
3986;26;152;97;b_crossfield;x
3987;56;163;116;b_windwood;x
3988;24;143;91;b_estaring;x
3989;30;114;77;b_fairmore;x
3990;18;107;68;b_milvert;x
3991;40;124;87;b_fair_mill;x
3992;30;125;83;b_tenny;x
3993;29;112;75;b_benfield;x
3994;63;175;126;b_northeridge;x
3995;36;144;97;b_bows_arch;x
3996;25;162;102;b_tell_rock;x
3997;14;153;93;b_arrowfall;x
3998;61;156;115;b_wiltmore;x
3999;33;122;84;b_lumpfield;x
4000;43;148;102;b_mandale;x
4001;46;160;110;b_brinston;x
4002;59;159;115;b_rosedale;x
4003;44;169;114;b_old_hollow;x
4004;52;161;113;b_manderwood;x
4005;85;200;104;b_caswell_keep;x
4006;123;192;134;b_bitterbridge;x
4007;116;203;130;b_rosemand;x
4008;77;194;97;b_bridgeside;x
4009;95;196;112;b_fordshield;x
4010;95;201;113;b_yellow_horse;x
4011;86;169;100;b_runnelweald;x
4012;64;186;84;b_pillicks_town;x
4013;77;166;92;b_charred_oak;x
4014;53;184;75;b_bloomenfield;x
4015;70;172;87;b_rosebridge;x
4016;80;187;98;b_bridgebury;x
4017;75;204;97;b_hammerhal;x
4018;69;185;88;b_goldenrod;x
4019;49;164;69;b_hazlewood;x
4020;32;183;58;b_kitestack;x
4021;58;177;78;b_bootbuckle;x
4022;68;186;88;b_bootbridge;x
4023;93;172;106;b_melney_castle;x
4024;91;189;108;b_melneyness;x
4025;53;164;72;b_pickwhite;x
4026;99;194;115;b_allriver;x
4027;67;178;86;b_grazemead;x
4028;61;165;79;b_marnstead;x
4029;86;188;103;b_bawnbrook_hold;x
4030;73;161;88;b_bawnbrook_town;x
4031;74;194;94;b_bawn_meadows;x
4032;89;178;104;b_crostfield;x
4033;45;195;69;b_cherlysh;x
4034;104;193;118;b_strings_meadow;x
4035;93;189;109;b_small_rindle;x
4036;39;190;64;b_hardswallow;x
4037;81;198;100;b_summerfell;x
4038;77;170;92;b_boldbrew;x
4039;39;191;64;b_last_hop;x
4040;79;183;96;b_manders_malt;x
4041;94;214;145;b_grassfield_keep;x
4042;109;206;150;b_grassy_vale;x
4043;106;218;154;b_bluebridge;x
4044;87;204;136;b_threeflowers;x
4045;108;208;150;b_apperly;x
4046;96;210;144;b_wellflower;x
4047;131;225;172;b_harps_head;x
4048;91;211;142;b_dwellon;x
4049;141;216;173;b_hassle;x
4050;129;213;165;b_pluckhold;x
4051;109;212;153;b_stringfields;x
4052;68;212;130;b_columns;x
4053;78;229;142;b_lissen_keep;x
4054;94;217;146;b_hatchbury;x
4055;93;231;152;b_darkroom;x
4056;82;214;138;b_dunsmile;x
4057;124;220;165;b_keep_staff;x
4058;93;204;140;b_stafford;x
4059;119;227;165;b_winterbloom;x
4060;97;227;153;b_maidenhair;x
4061;77;207;132;b_rosewatch;x
4062;83;217;140;b_roseford;x
4063;46;231;123;b_gardbarrel;x
4064;106;217;153;b_bluegrane;x
4065;83;218;140;b_watch_hill;x
4066;76;215;134;b_wantingcastle;x
4067;68;213;128;b_wantington;x
4068;64;226;131;b_baker_brook;x
4069;49;229;124;b_stonebudd;x
4070;60;195;117;b_midmeadow;x
4071;57;232;130;b_wantingfield;x
4072;71;93;107;b_longtable;x
4073;39;105;74;b_hornbridge;x
4074;75;99;96;b_bounty_hall;x
4075;46;96;80;b_leaktown;x
4076;91;92;102;b_fruits_hold;x
4077;67;92;102;b_appleroast;x
4078;40;105;91;b_esterrace;x
4079;40;100;105;b_surewick;x
4080;39;106;105;b_grainwater;x
4081;50;114;100;b_blue_woods;x
4082;52;99;87;b_merrilene;x
4083;45;102;92;b_lindenfelt;x
4084;40;103;82;b_bluegard_castle;x
4085;41;116;97;b_bluegarden;x
4086;40;107;90;b_croppshield;x
4087;56;109;88;b_harvestyne;x
4088;51;98;86;b_fullorchard;x
4089;55;102;95;b_garnerfield;x
4090;67;110;102;b_glean_hill;x
4091;42;103;69;b_blue_seam;x
4092;42;115;96;b_stalkvale;x
4093;54;111;102;b_brallentry;x
4094;55;116;100;b_cuttfield;x
4095;47;119;113;b_harebell;x
4096;64;109;94;b_cobblestone;x
4097;47;105;72;b_cobbs_town;x
4098;60;85;89;b_shuck_hill;x
4099;52;95;99;b_horseweave;x
4100;49;110;101;b_kernel;x
4101;64;104;109;b_cartcastle;x
4102;92;210;207;b_oakenshield_castle;x
4103;77;205;183;b_lord_hewetts_town;x
4104;124;217;215;b_oakenhaven;x
4105;200;243;242;b_owens_watch;x
4106;118;219;204;b_hewettsmark;x
4107;81;204;176;b_south_castle;x
4108;142;221;211;b_whiterose;x
4109;54;201;167;b_battle_beach;x
4110;131;224;216;b_serrys_isle;x
4111;71;207;191;b_grimston;x
4112;50;195;166;b_shieldport;x
4113;105;209;195;b_silverplate;x
4114;107;217;206;b_selkie_rock;x
4115;50;186;158;b_old_merling;x
4116;131;222;208;b_chesterfield;x
4117;112;214;207;b_torch_harbor;x
4118;85;207;194;b_galley_keep;x
4119;95;212;208;b_goldbluff;x
4120;88;209;199;b_greenwatch;x
4121;120;215;205;b_final_cover;x
4122;85;215;200;b_beacons_rock;x
4123;100;216;200;b_torch_tower;x
4124;77;189;190;b_wynegarde;x
4125;43;178;179;b_ryamsport;x
4126;60;200;201;b_stillhouse;x
4127;146;218;168;b_vinedocks;x
4128;148;195;130;b_albatross_isle;x
4129;149;233;172;b_orchard_watch;x
4130;161;233;166;b_witchs_mound;x
4131;104;220;148;b_starfish_keep;x
4132;112;243;162;b_starfish_harbor;x
4133;112;210;149;b_red_hall;x
4134;116;218;155;b_richgrain;x
4135;60;241;129;b_golden_vines;x
4136;73;217;128;b_vinetown;x
4137;26;219;99;b_winehouse;x
4138;72;224;130;b_grape_keep;x
4139;51;225;117;b_fair_point;x
4140;112;244;162;b_peachtree;x
4141;98;224;146;b_peach_port;x
4142;121;212;155;b_plume;x
4143;116;229;159;b_rushside;x
4144;84;202;129;b_stoneclaw;x
4145;92;214;139;b_wineblossom;x
4146;156;240;167;b_stonecrab_cay;x
4147;147;215;168;b_isle_of_pigs;x
4148;169;225;168;b_mermaids_palace;x
4149;170;237;102;b_horseshoe_rock;x
4150;142;215;150;b_bastards_cradle;x
4151;81;50;112;b_the_red_keep;x
4152;85;46;90;b_rhaenyss_hill;x
4153;97;51;104;b_visenyas_hill;x
4154;72;50;99;b_hookmarket;x
4155;98;54;102;b_goldguard_heights;x
4156;58;50;107;b_landingfield;x
4157;74;57;111;b_bramsfort;x
4158;72;54;113;b_rush_haven;x
4159;86;49;111;b_boldferry;x
4160;67;50;99;b_castle_rushbank;x
4161;85;49;107;b_shinebridge_hall;x
4162;75;43;101;b_threshdown;x
4163;96;56;110;b_carden;x
4164;90;48;109;b_rustford;x
4165;82;49;103;b_wings_pass;x
4166;77;49;103;b_fishdirt;x
4167;97;50;103;b_turnmouth;x
4168;93;50;107;b_merdost;x
4169;82;49;104;b_blackstripe_keep;x
4170;55;56;106;b_freelock;x
4171;103;54;103;b_clearwinch;x
4172;76;49;80;b_briarcrest;x
4173;81;47;113;b_ashcross;x
4174;84;57;102;b_riverline;x
4175;105;50;113;b_linefield;x
4176;92;55;112;b_sevenmoor;x
4177;158;71;214;b_hayford;x
4178;161;77;206;b_brickdale;x
4179;136;101;203;b_moorwyn;x
4180;158;101;214;b_summer_meadow;x
4181;180;83;214;b_wavy_rune;x
4182;181;99;212;b_awrey;x
4183;179;64;208;b_sows_horn;x
4184;91;67;200;b_dorrill;x
4185;56;68;207;b_fullmeadow;x
4186;85;74;202;b_gormey;x
4187;141;62;202;b_coinbridge;x
4188;136;55;208;b_spottspool;x
4189;143;66;209;b_brindlewood;x
4190;153;89;198;b_glassley;x
4191;131;46;203;b_hanberry;x
4192;152;77;209;b_wicked_wood;x
4193;140;85;200;b_yore;x
4194;179;65;216;b_losers_creek;x
4195;84;85;208;b_groveside;x
4196;95;76;208;b_standmail;x
4197;145;38;83;b_rosby;x
4198;140;45;77;b_hesperplate;x
4199;138;39;68;b_redpeak_field;x
4200;162;58;97;b_farmwell;x
4201;163;49;89;b_grainstead;x
4202;127;63;103;b_strongmead;x
4203;181;45;88;b_fillmore;x
4204;164;64;104;b_golden_goose;x
4205;127;27;82;b_greensward;x
4206;121;24;65;b_hedgemeadow;x
4207;150;18;87;b_needlefield;x
4208;142;54;94;b_edgers_hold;x
4209;201;62;104;b_edgerton;x
4210;138;33;82;b_burnwheel;x
4211;143;52;85;b_archester;x
4212;200;60;93;b_whiteplate;x
4213;144;44;98;b_farfield;x
4214;214;40;82;b_whitfield;x
4215;153;13;70;b_redbend;x
4216;191;28;103;b_dimpool;x
4217;172;103;60;b_castle_stokeworth;x
4218;226;133;74;b_faithfield;x
4219;158;99;56;b_lambs_hold;x
4220;207;118;67;b_woolstock;x
4221;213;110;73;b_worthbridge;x
4222;200;104;60;b_ornpasture;x
4223;167;100;36;b_grainkeep;x
4224;196;110;51;b_gravelton;x
4225;186;118;81;b_wheatmaiden;x
4226;187;75;29;b_fieldmaiden;x
4227;172;103;50;b_byrch_hall;x
4228;165;113;63;b_vonnfield;x
4229;162;125;66;b_estwing;x
4230;184;111;65;b_silverhead;x
4231;231;113;84;b_brancastle;x
4232;193;112;78;b_winfield;x
4233;171;108;77;b_loyalwood;x
4234;187;110;64;b_bentbranch_keep;x
4235;147;81;56;b_shady_bush;x
4236;219;124;84;b_chasefield;x
4237;152;82;35;b_farmingbend;x
4238;203;85;25;b_nessingkeep;x
4239;201;129;77;b_septons_sound;x
4240;200;105;67;b_nessfield;x
4241;171;85;134;b_dun_fort;x
4242;153;79;136;b_duskendale;x
4243;172;57;135;b_highley;x
4244;147;77;141;b_brickelburn;x
4245;150;71;136;b_darkhurst;x
4246;160;88;135;b_pick_hall;x
4247;166;67;135;b_mullcastle;x
4248;194;54;134;b_darkwood;x
4249;120;107;133;b_duskmull;x
4250;148;70;135;b_castle_hollard;x
4251;133;89;135;b_seamill;x
4252;178;77;136;b_threecrowns;x
4253;149;95;133;b_blackchief;x
4254;162;72;136;b_hammerhold;x
4255;174;83;141;b_smallhammer;x
4256;110;85;133;b_firsthammer;x
4257;182;82;134;b_sevenhill;x
4258;166;93;136;b_shadowshield;x
4259;134;86;136;b_woodhollow;x
4260;132;82;141;b_hardmarsh;x
4261;134;98;135;b_spinney;x
4262;178;76;133;b_broadleaf;x
4263;110;108;133;b_wretchfield;x
4264;120;75;135;b_leeklan;x
4265;95;103;139;b_yellowstar_towers;x
4266;149;81;136;b_mistfall;x
4267;129;102;134;b_windhaven;x
4268;139;84;136;b_rooks_rest;x
4269;110;91;134;b_cliffhook;x
4270;134;76;136;b_drabline;x
4271;124;80;139;b_checkton;x
4272;124;80;133;b_braddock;x
4273;158;84;136;b_langward_hall;x
4274;133;83;136;b_moremead;x
4275;183;62;136;b_drobben;x
4276;124;107;134;b_burgundosk;x
4277;159;100;135;b_pepper_fort;x
4278;128;109;132;b_fisherpool;x
4279;95;98;134;b_sootfield;x
4280;126;74;134;b_castle_argent;x
4281;132;78;134;b_clearbright;x
4282;158;83;135;b_silverwhite;x
4283;141;77;135;b_grundton;x
4284;78;63;84;b_dyre_den;x
4285;70;48;82;b_feeding_circle;x
4286;86;48;82;b_carriweald;x
4287;69;66;82;b_woodenpaw;x
4288;96;33;82;b_chargrove;x
4289;76;51;82;b_strongcliff;x
4290;100;43;85;b_whispers;x
4291;64;60;83;b_broken_barb;x
4292;99;50;84;b_redplate;x
4293;53;30;84;b_brushnook;x
4294;83;38;85;b_pointside;x
4295;62;72;77;b_fordswindle;x
4296;72;39;85;b_oak_range;x
4297;77;57;83;b_herecleft;x
4298;69;37;84;b_strongbox;x
4299;89;47;85;b_underweald;x
4300;67;39;85;b_anvil;x
4301;74;43;84;b_brownhollow_castle;x
4302;205;37;33;b_borrowed_keep;x
4303;88;42;86;b_hidden_nest;x
4304;70;59;82;b_plankside;x
4305;74;60;86;b_hazewood;x
4306;74;32;86;b_blurweald;x
4307;255;65;29;b_borrowmore;x
4308;64;33;82;b_greychamber;x
4309;59;62;86;b_balkrain;x
4310;74;45;86;b_bronzeholm;x
4311;57;50;84;b_seawater_pass;x
4312;103;38;82;b_mudport;x
4313;69;41;88;b_washweald;x
4314;61;27;83;b_needlewater;x
4315;83;34;86;b_coney_row;x
4316;62;57;80;b_birdmill;x
4317;70;60;83;b_grenpoint_bay;x
4318;129;87;88;b_antlers;x
4319;100;68;88;b_mull_hole;x
4320;141;90;110;b_barb_town;x
4321;127;90;108;b_proudrack;x
4322;112;82;91;b_vairs_head;x
4323;110;84;98;b_rellhalt;x
4324;118;82;96;b_fallowpoint;x
4325;136;90;108;b_maldell;x
4326;121;79;95;b_castle_brackworth;x
4327;90;66;78;b_bucks_call;x
4328;93;57;82;b_gruntfield;x
4329;93;57;71;b_bonebranch;x
4330;99;89;83;b_tusk_keep;x
4331;65;40;57;b_tuskford;x
4332;83;54;65;b_stags_rut;x
4333;133;107;114;b_point_square;x
4334;138;102;104;b_woodenglenn;x
4335;190;84;110;b_rollingford;x
4336;195;53;105;b_roundspout;x
4337;206;114;105;b_stoneroll;x
4338;250;70;109;b_fountainhead;x
4339;194;96;114;b_mergewater;x
4340;203;44;105;b_harps_tune;x
4341;188;82;110;b_bevy_town;x
4342;166;105;115;b_droven;x
4343;191;52;105;b_middlefort;x
4344;202;74;109;b_middleton;x
4345;185;115;111;b_sorewick;x
4346;253;89;110;b_pikemouth;x
4347;246;97;108;b_sickburn;x
4348;182;74;109;b_fort_neigh;x
4349;187;117;135;b_tarnscale;x
4350;191;53;113;b_darkwater_keep;x
4351;177;101;105;b_redgrass_field;x
4352;171;84;113;b_weeping_ridge;x
4353;245;105;113;b_rushbend;x
4354;168;79;151;b_the_gauntlet;x
4355;129;70;150;b_dallston;x
4356;161;45;146;b_lancemere;x
4357;141;47;146;b_faunchview;x
4358;108;40;148;b_stormsbrook;x
4359;151;46;149;b_bywater_watch;x
4360;185;59;151;b_woodlock;x
4361;149;58;145;b_baywaterston;x
4362;140;69;149;b_greyhelm;x
4363;170;64;148;b_attadale;x
4364;177;69;151;b_wedgewood;x
4365;171;47;148;b_bay_brake;x
4366;145;63;149;b_brushmill;x
4367;170;65;137;b_woodsaw_creek;x
4368;133;72;144;b_woolmouth;x
4369;198;82;96;b_greenpall_fort;x
4370;198;91;103;b_wendwood;x
4371;249;90;95;b_wendbridge;x
4372;230;97;96;b_seasons_forest;x
4373;200;98;98;b_castle_farring;x
4374;209;84;86;b_quarterpenny;x
4375;209;76;80;b_trackingway;x
4376;202;66;77;b_swordswood;x
4377;237;81;92;b_wine_shield;x
4378;183;99;111;b_lions_tail;x
4379;231;94;93;b_waterwood_post;x
4380;214;93;93;b_sealion_grove;x
4381;231;91;90;b_lords_thorns;x
4382;195;78;113;b_wendgrove;x
4383;175;105;106;b_darkstand;x
4384;221;94;93;b_ellerwood;x
4385;226;83;104;b_noblewood;x
4386;203;104;98;b_downtree;x
4387;152;59;43;b_blister_hill;x
4388;154;81;155;b_stonedance;x
4389;220;78;164;b_montspire;x
4390;192;70;174;b_triskell;x
4391;155;61;172;b_thirdpool;x
4392;173;69;162;b_maldon_peak;x
4393;173;83;142;b_sweet_bay;x
4394;192;54;151;b_kings_mountain;x
4395;150;53;150;b_sweetsong;x
4396;130;38;145;b_goldenhorn;x
4397;148;70;153;b_rambton;x
4398;168;62;140;b_horncrest;x
4399;197;71;151;b_rams_head;x
4400;172;62;149;b_seedskull_cove;x
4401;144;61;147;b_darnmill;x
4402;137;72;145;b_stonepulse;x
4403;174;48;154;b_wisewood;x
4404;155;68;147;b_gold_can;x
4405;162;17;148;b_silverbell;x
4406;146;74;150;b_simpleton;x
4407;157;58;148;b_starefall;x
4408;165;48;162;b_glasswater;x
4409;169;53;142;b_bendlet_rock;x
4410;150;43;146;b_grassover;x
4411;144;65;142;b_chyttering_brook;x
4412;160;41;149;b_benthill_dale;x
4413;130;54;158;b_brokenhelm;x
4414;143;76;142;b_gods_bite;x
4415;187;143;206;b_dragonstone;x
4416;181;143;222;b_gaemons_tower;x
4417;173;152;196;b_blackglass_port;x
4418;199;135;227;b_gargoyles_hook;x
4419;181;146;207;b_castle_driftmark;x
4420;192;140;203;b_hull;x
4421;169;153;202;b_brave_port;x
4422;177;149;203;b_shroud;x
4423;192;146;174;b_silverhorse;x
4424;185;143;209;b_high_tide;x
4425;199;136;213;b_spicetown;x
4426;212;130;210;b_blackhull;x
4427;190;142;206;b_berryport;x
4428;188;145;192;b_sharp_point;x
4429;183;142;217;b_swordpeaks;x
4430;202;134;211;b_frettymont;x
4431;199;132;228;b_waycastle;x
4432;199;138;201;b_gullet_tower;x
4433;181;145;209;b_sweetport;x
4434;177;148;208;b_tally_hill;x
4435;204;133;212;b_vallscale;x
4436;175;152;190;b_crabs_return;x
4437;183;142;219;b_brackyore;x
4438;190;143;196;b_gryphonrock;x
4439;225;192;66;b_storms_end;x
4440;235;195;58;b_sailmight;x
4441;231;203;66;b_furycrown;x
4442;217;192;63;b_elenwatch;x
4443;226;186;61;b_gate_durrandon;x
4444;207;177;71;b_durrans_town;x
4445;232;189;63;b_castle_seaface;x
4446;208;181;57;b_bronzegate;x
4447;238;191;62;b_buckleforge;x
4448;235;193;59;b_warkworth;x
4449;223;200;61;b_whiners_town;x
4450;225;189;66;b_andtacks;x
4451;210;188;66;b_qarlsfort;x
4452;231;188;66;b_horncross;x
4453;218;190;65;b_wensington;x
4454;215;184;66;b_sons_call;x
4455;208;171;65;b_morden;x
4456;233;205;77;b_buckskin;x
4457;242;207;82;b_halfwood;x
4458;201;168;69;b_shearfield;x
4459;227;187;62;b_butchers_block;x
4460;231;193;65;b_resistance;x
4461;224;180;58;b_dour_hall;x
4462;213;201;61;b_stags_den;x
4463;225;189;62;b_griefstower;x
4464;245;196;71;b_knifehandle;x
4465;215;165;65;b_canton;x
4466;215;174;66;b_giants_down;x
4467;224;196;65;b_godsgrief_mountain;x
4468;154;184;78;b_griffins_roost;x
4469;197;209;106;b_connington;x
4470;150;198;60;b_red_spire;x
4471;141;177;39;b_keythong_pass;x
4472;174;199;106;b_greatfeather;x
4473;144;187;30;b_middleshaw;x
4474;202;204;2;b_crows_nest;x
4475;176;178;1;b_talons_top;x
4476;203;205;2;b_gyrill;x
4477;197;200;1;b_stormgreens;x
4478;217;220;2;b_warfield;x
4479;239;241;2;b_greenflight;x
4480;174;216;84;b_castle_redwind;x
4481;149;187;78;b_feather_tower;x
4482;178;217;94;b_roaring_peak;x
4483;116;159;41;b_redwind_town;x
4484;188;221;95;b_mares_tail;x
4485;193;205;130;b_pennon_hall;x
4486;169;194;67;b_pennon;x
4487;186;212;103;b_galestone;x
4488;165;193;67;b_beaks_break;x
4489;172;219;116;b_pennrook;x
4490;127;165;28;b_lushfield;x
4491;166;202;41;b_highwind_hall;x
4492;149;176;41;b_highwind_ridge;x
4493;178;210;73;b_griffins_pass;x
4494;141;189;44;b_wind_coast;x
4495;152;145;0;b_grandview;x
4496;125;119;0;b_hightop;x
4497;144;137;0;b_lions_rest;x
4498;151;143;0;b_slumber_hall;x
4499;150;142;0;b_shuthouse;x
4500;142;135;0;b_small_sleep;x
4501;191;193;2;b_castle_doorlan;x
4502;229;231;2;b_roadhouse;x
4503;215;218;2;b_hucksley;x
4504;237;240;25;b_strange_hold;x
4505;196;199;2;b_otherside;x
4506;192;194;2;b_slaynefort;x
4507;214;217;2;b_slaynes_break;x
4508;203;205;5;b_pinknose;x
4509;233;236;7;b_pittermont;x
4510;220;222;2;b_pitterack;x
4511;212;214;2;b_slayne_town;x
4512;166;159;1;b_castle_scale;x
4513;147;140;0;b_fessor;x
4514;157;150;0;b_mascle;x
4515;164;156;0;b_staffpoint;x
4516;153;146;0;b_adderdell;x
4517;143;136;0;b_muchyre;x
4518;153;147;0;b_wallowmire;x
4519;160;153;1;b_fires_light;x
4520;149;142;0;b_two_times;x
4521;167;159;1;b_hillguard;x
4522;202;204;11;b_goring_hill;x
4523;210;212;2;b_red_ridge;x
4524;197;200;2;b_mill_rock;x
4525;227;229;17;b_the_bloody_pool;x
4526;236;247;182;b_gallowsgrey;x
4527;244;250;198;b_foes_end;x
4528;242;241;171;b_darknoose;x
4529;237;228;172;b_short_drop;x
4530;236;228;177;b_gibbet;x
4531;236;237;180;b_the_scaffold;x
4532;241;237;187;b_blackheart;x
4533;240;230;180;b_waitwood;x
4534;241;231;190;b_blossomtree;x
4535;255;244;191;b_mooncrest;x
4536;212;221;178;b_shrubs_couple;x
4537;234;207;186;b_marlbury;x
4538;242;234;184;b_wellwend_castle;x
4539;255;249;196;b_gloomdurn;x
4540;247;237;195;b_dimwood;x
4541;241;222;190;b_downpool;x
4542;238;234;187;b_wellwend_brook;x
4543;247;246;199;b_burbleton;x
4544;226;214;183;b_harrowfield;x
4545;255;236;188;b_downmeadow;x
4546;247;222;182;b_yewfence;x
4547;255;242;189;b_grimstack;x
4548;248;244;183;b_darcroft;x
4549;247;230;186;b_shady_glen;x
4550;242;239;185;b_harrow_hill;x
4551;255;248;198;b_happy_field;x
4552;197;145;53;b_seahold;x
4553;197;119;12;b_layers;x
4554;179;66;1;b_smugglers_docks;x
4555;177;99;6;b_slipland;x
4556;194;114;16;b_stagbark;x
4557;204;129;24;b_woodhall;x
4558;196;126;35;b_greenpools;x
4559;188;105;8;b_heathbury;x
4560;193;114;17;b_dampening;x
4561;195;109;28;b_sodden;x
4562;197;149;44;b_muckthicket;x
4563;147;61;0;b_grinstower;x
4564;207;152;68;b_grinsdale;x
4565;213;136;34;b_mossy_field;x
4566;197;130;32;b_woodenhorne;x
4567;193;96;7;b_morose_forest;x
4568;202;149;24;b_douse;x
4569;134;73;4;b_griffin_river_hold;x
4570;202;145;65;b_missing_heart;x
4571;198;134;17;b_somberfall;x
4572;201;139;56;b_mount_tear;x
4573;203;140;33;b_highcreeks;x
4574;247;206;87;b_tower_of_owls;x
4575;218;192;69;b_mistwood;x
4576;212;179;64;b_white_owls_hallow;x
4577;225;190;62;b_lakepool;x
4578;227;189;63;b_talonwood;x
4579;232;201;73;b_rorter_isle;x
4580;246;215;96;b_weeping_tower;x
4581;219;193;69;b_weeping_town;x
4582;239;200;74;b_whitehead_watch;x
4583;238;202;79;b_sevens_wail;x
4584;240;200;72;b_glenridding;x
4585;224;189;72;b_wailingkeep;x
4586;245;204;78;b_brownsport;x
4587;229;211;77;b_wrathcove;x
4588;223;184;62;b_marrton;x
4589;241;214;92;b_brown_hill;x
4590;231;195;62;b_coastlyn;x
4591;245;208;80;b_wrathrock;x
4592;229;192;67;b_darcross;x
4593;245;199;74;b_harchester;x
4594;231;198;64;b_smithsmark;x
4595;245;199;80;b_bronzeaxe;x
4596;226;185;66;b_woodwash;x
4597;226;201;60;b_hallstruck;x
4598;231;200;61;b_granted_keep;x
4599;219;188;63;b_damptree;x
4600;217;190;65;b_plotherwood;x
4601;232;181;63;b_armigan;x
4602;186;162;72;b_poolmark;x
4603;228;186;62;b_peakdurn;x
4604;238;195;63;b_wraths_shore;x
4605;244;234;167;b_rain_house;x
4606;243;227;165;b_wyldecove;x
4607;242;244;183;b_wreckwood;x
4608;255;255;200;b_ironrod;x
4609;247;242;190;b_tumult_point;x
4610;248;236;182;b_whirl;x
4611;255;254;200;b_bluegrove;x
4612;243;228;176;b_kellington;x
4613;245;240;189;b_wisomlock;x
4614;254;243;185;b_leatherbound;x
4615;248;235;170;b_kellingwood;x
4616;255;255;202;b_quills_tip;x
4617;255;255;198;b_amberly;x
4618;255;249;203;b_amber_woods;x
4619;251;240;181;b_lushmine;x
4620;255;244;195;b_shadows_growth;x
4621;247;247;181;b_castle_corwin;x
4622;255;249;191;b_brandshore;x
4623;251;243;180;b_paintwood;x
4624;243;235;188;b_layton;x
4625;237;239;184;b_mintspoon;x
4626;242;250;195;b_painted_grove;x
4627;247;240;179;b_eldergreen;x
4628;255;235;195;b_rains_neck_keep;x
4629;243;234;186;b_swullock;x
4630;249;253;196;b_swellforest;x
4631;199;143;20;b_greenstone;x
4632;213;117;14;b_pale_tower;x
4633;209;158;32;b_stowegard;x
4634;210;111;17;b_logs_head;x
4635;189;111;9;b_the_shell;x
4636;209;130;39;b_tudbury_hall;x
4637;161;78;14;b_shinys_hat;x
4638;199;140;20;b_shellpoint;x
4639;195;129;50;b_pikerock;x
4640;201;154;43;b_wastrell;x
4641;201;136;19;b_green_moor;x
4642;191;101;8;b_orlester;x
4643;198;167;65;b_inner_lester;x
4644;201;140;47;b_downlester;x
4645;251;232;157;b_stonehelm;x
4646;244;243;187;b_lockport;x
4647;243;244;182;b_twinflight;x
4648;243;246;184;b_driftpeak;x
4649;255;255;193;b_cobrise;x
4650;254;255;201;b_blackneck;x
4651;241;248;183;b_lonmouth_hall;x
4652;255;255;199;b_yeskell_ridge;x
4653;241;234;185;b_relliton;x
4654;255;248;206;b_skull_row;x
4655;255;253;207;b_lontower;x
4656;255;255;196;b_turnhill;x
4657;226;242;176;b_riskmarch;x
4658;255;254;204;b_markmont;x
4659;251;250;167;b_strewnstone;x
4660;219;233;157;b_steepmarch;x
4661;232;217;166;b_bayfall;x
4662;252;245;166;b_swellcrest;x
4663;244;240;164;b_the_curve;x
4664;255;246;198;b_marchdurn;x
4665;255;243;170;b_corningstone;x
4666;255;249;187;b_corpsetide;x
4667;253;253;189;b_deadcatch;x
4668;255;255;191;b_stormbird;x
4669;233;231;165;b_sever_watch;x
4670;255;251;131;b_orrport;x
4671;238;242;128;b_holfs_haven;x
4672;236;239;166;b_holf_of_man;x
4673;198;118;40;b_blackhaven;x
4674;194;136;42;b_longcove;x
4675;184;95;23;b_bonewatch;x
4676;213;131;25;b_harsh_river;x
4677;218;147;51;b_strykemont;x
4678;204;144;55;b_forkbolt;x
4679;208;150;39;b_maids_scar;x
4680;206;150;71;b_pellet;x
4681;191;130;60;b_scarlet_keep;x
4682;190;107;9;b_glenfield;x
4683;200;114;27;b_meadvale;x
4684;201;99;10;b_makers_hill;x
4685;199;154;31;b_deadmere;x
4686;183;77;17;b_luskan;x
4687;189;105;8;b_archwood;x
4688;200;125;61;b_raven_rock;x
4689;211;138;33;b_castle_greyhawk;x
4690;180;139;43;b_kinehold;x
4691;207;156;43;b_waterdeep;x
4692;204;174;73;b_hardby;x
4693;196;142;47;b_steamspring;x
4694;189;128;31;b_hobbtower;x
4695;153;77;1;b_shadow_plain;x
4696;204;149;58;b_toads_ward;x
4697;199;127;46;b_gloomrot;x
4698;187;108;31;b_filch_march;x
4699;191;214;88;b_harvest_hall;x
4700;161;196;89;b_threshbrook;x
4701;195;201;78;b_wheatstalk;x
4702;199;227;89;b_marcherbrook;x
4703;206;219;133;b_harvest_town;x
4704;149;186;67;b_boldingfield;x
4705;148;209;97;b_deaths_head;x
4706;155;195;66;b_skullsgrale;x
4707;176;211;125;b_hawkmoth;x
4708;157;206;86;b_dustrock;x
4709;143;187;41;b_merevale;x
4710;143;185;47;b_ressview;x
4711;148;187;41;b_shaker_hold;x
4712;148;180;36;b_ripped_hill;x
4713;169;211;94;b_sickle;x
4714;150;197;66;b_ryewing;x
4715;172;219;72;b_fieldmont;x
4716;163;200;78;b_speltrove;x
4717;189;216;67;b_spikelet;x
4718;193;219;86;b_lambdale;x
4719;155;176;35;b_spike_ridge;x
4720;219;241;193;b_nightsong;x
4721;240;239;189;b_nightingale;x
4722;255;255;217;b_melody;x
4723;231;239;173;b_sweetstraw;x
4724;241;244;179;b_sleepy_hollow;x
4725;251;241;186;b_gildfeather;x
4726;242;240;192;b_sour_hill;x
4727;242;255;193;b_leanseed;x
4728;247;242;186;b_roughacre;x
4729;230;207;150;b_blemish;x
4730;255;255;187;b_sadgrain;x
4731;218;214;171;b_cleavesmill;x
4732;222;219;171;b_nailstone;x
4733;245;230;209;b_nails_town;x
4734;248;247;196;b_harspeckle;x
4735;255;254;202;b_mayfair;x
4736;255;251;190;b_kingfeast;x
4737;225;216;151;b_thrushcastle;x
4738;238;236;165;b_thrushmont;x
4739;253;250;198;b_sparenote;x
4740;244;248;189;b_noteridge;x
4741;255;244;182;b_dead_rise_keep;x
4742;243;240;189;b_dirge;x
4743;255;251;196;b_griefside;x
4744;217;177;64;b_cafferen_castle;x
4745;196;158;65;b_fawnton;x
4746;200;175;64;b_white_tail;x
4747;221;187;63;b_pleasant_hills;x
4748;234;213;82;b_spencer;x
4749;208;182;57;b_deers_grove;x
4750;185;175;65;b_goodwreath;x
4751;216;182;64;b_the_pavilion;x
4752;197;186;65;b_silversword;x
4753;220;185;64;b_towberry;x
4754;230;188;61;b_shallow_brooks;x
4755;245;215;89;b_brockway;x
4756;253;190;65;b_buttonweed;x
4757;240;194;62;b_creekberry;x
4758;220;180;64;b_soothstream;x
4759;231;190;62;b_doe_trail;x
4760;210;178;64;b_yearner;x
4761;216;185;67;b_forkwhent;x
4762;219;190;64;b_nubbock_castle;x
4763;220;196;63;b_nubbock;x
4764;186;158;71;b_harwhent;x
4765;208;180;64;b_youngbuck;x
4766;234;211;83;b_meadowbrook;x
4767;231;186;67;b_harthwood_hall;x
4768;216;186;62;b_harthwood;x
4769;211;166;66;b_stubben;x
4770;236;196;63;b_harthsmere;x
4771;217;177;63;b_grainhearth;x
4772;161;211;105;b_broad_arch;x
4773;150;197;71;b_broadwood;x
4774;167;204;110;b_angor;x
4775;171;216;91;b_hearts_stab;x
4776;135;185;56;b_pierce_town;x
4777;180;201;110;b_blackflow;x
4778;210;219;83;b_clover_keep;x
4779;166;198;89;b_sorrelgrave;x
4780;152;197;72;b_greenbed;x
4781;150;187;82;b_blackleaf;x
4782;152;191;43;b_ryegrass;x
4783;169;209;80;b_white_clover;x
4784;197;237;112;b_trenchester;x
4785;148;187;63;b_smallhead;x
4786;139;185;69;b_largehead;x
4787;157;198;88;b_medford;x
4788;122;170;47;b_hornbrook;x
4789;97;151;50;b_dewhill_hold;x
4790;171;195;110;b_binnington;x
4791;139;187;94;b_tuberwart;x
4792;148;196;100;b_buckwheat;x
4793;137;187;97;b_sticky_leaf;x
4794;107;103;0;b_charred_hill;x
4795;155;148;0;b_summerfield;x
4796;137;131;0;b_stonestruck;x
4797;130;124;0;b_summerhall;x
4798;138;131;0;b_blackcherry;x
4799;118;112;0;b_fewflower;x
4800;154;147;0;b_leddans_hold;x
4801;158;152;0;b_yamstick;x
4802;134;128;0;b_leddan;x
4803;204;166;61;b_the_pod;x
4804;205;185;59;b_poddingfield;x
4805;201;176;62;b_peasebury;x
4806;191;169;58;b_porridge;x
4807;227;204;68;b_cropkeep;x
4808;212;202;61;b_twinebrush;x
4809;205;169;65;b_redcomb;x
4810;201;181;64;b_wranglebrook;x
4811;206;173;63;b_herston_hall;x
4812;175;169;58;b_herston;x
4813;214;208;68;b_lichfield;x
4814;243;194;65;b_goodtilth;x
4815;219;186;58;b_flockston;x
4816;198;186;64;b_cheatgrass;x
4817;225;188;62;b_glumefield;x
4818;210;187;57;b_chaffed_hill;x
4819;210;180;62;b_blythedurn;x
4820;198;163;59;b_pannage;x
4821;208;193;60;b_braydurn;x
4822;222;201;62;b_plows_bend;x
4823;211;207;61;b_grimble;x
4824;210;171;61;b_wetherstruck;x
4825;236;183;57;b_thimble;x
4826;216;181;58;b_stewpot;x
4827;217;182;62;b_mulchcroft;x
4828;207;186;68;b_dellgraze;x
4829;190;171;57;b_oldfield;x
4830;199;176;69;b_smulemead;x
4831;213;185;61;b_lithe_stream;x
4832;189;165;62;b_felwood_castle;x
4833;187;86;16;b_pinemill;x
4834;160;105;11;b_rollbluff;x
4835;170;76;15;b_mondell;x
4836;180;112;43;b_nockforest;x
4837;134;54;0;b_heatherwold;x
4838;178;98;18;b_murdren;x
4839;181;114;35;b_slenderbill;x
4840;181;149;66;b_collared_forest;x
4841;176;96;19;b_crows_well;x
4842;159;89;22;b_forriston;x
4843;168;95;19;b_hood_tower;x
4844;185;116;42;b_wormwood;x
4845;168;78;21;b_woodbore;x
4846;159;78;16;b_sweetgum;x
4847;187;107;21;b_hickory_hold;x
4848;195;116;36;b_treechester;x
4849;192;111;39;b_ashcanker;x
4850;173;84;19;b_rootvyne;x
4851;165;95;26;b_old_growth;x
4852;177;111;49;b_fordenmill;x
4853;194;99;25;b_gladewend;x
4854;185;105;23;b_standwatch;x
4855;180;100;7;b_woodstruck;x
4856;209;139;38;b_wendover;x
4857;201;173;56;b_wenton;x
4858;181;82;20;b_forestview;x
4859;186;101;24;b_logsward;x
4860;185;127;43;b_wooddurn;x
4861;171;83;38;b_timberlyn;x
4862;170;100;37;b_shady_pines;x
4863;164;93;28;b_splintspring;x
4864;123;55;3;b_aldercroft;x
4865;150;78;17;b_fallentree;x
4866;175;105;15;b_hollowhold;x
4867;188;137;64;b_missingwood;x
4868;185;107;8;b_crisp;x
4869;197;145;37;b_burntwarren;x
4870;131;67;12;b_holtorch;x
4871;191;125;38;b_blackmill;x
4872;210;144;23;b_hollows_edge;x
4873;201;116;32;b_glorys_grove;x
4874;172;90;28;b_trapwash;x
4875;225;217;193;b_haystack_hall;x
4876;224;229;185;b_reapers_rest;x
4877;255;249;192;b_bayfield;x
4878;228;224;179;b_grass_tower;x
4879;228;235;179;b_tablewheat;x
4880;249;255;208;b_bargrain;x
4881;214;213;176;b_hadlow_keep;x
4882;250;227;201;b_foul_end;x
4883;216;203;161;b_cotisbend;x
4884;244;225;184;b_graintop;x
4885;249;244;177;b_peckfield;x
4886;226;223;184;b_borderfield;x
4887;236;230;185;b_sunrise;x
4888;242;236;210;b_chandlers_tower;x
4889;225;227;182;b_hiltonvale;x
4890;223;219;169;b_steelprice;x
4891;249;239;185;b_tyneside;x
4892;225;227;176;b_strawcastle;x
4893;249;229;195;b_sheaf_brook;x
4894;232;219;173;b_feedfield;x
4895;243;236;202;b_strawbury;x
4896;166;92;7;b_parchments;x
4897;185;95;26;b_vellum;x
4898;183;92;20;b_deedharbor;x
4899;176;122;39;b_pens_point;x
4900;176;93;25;b_scrawl;x
4901;158;61;0;b_pelltruth_hold;x
4902;199;105;25;b_pelltruths_town;x
4903;192;135;29;b_scrollfall;x
4904;160;78;2;b_longroll;x
4905;198;102;42;b_notepost;x
4906;193;118;29;b_scribes_isle;x
4907;207;156;74;b_nevermore;x
4908;152;68;0;b_casken;x
4909;183;120;30;b_tellgale;x
4910;164;96;9;b_goldbug;x
4911;173;94;26;b_poinsett;x
4912;184;103;18;b_morlescent;x
4913;126;49;0;b_morella;x
4914;197;115;11;b_scudding;x
4915;178;107;16;b_thunderhead;x
4916;184;114;23;b_squallor;x
4917;219;179;62;b_evenfall_hall;x
4918;208;172;68;b_stormfleet;x
4919;215;186;63;b_sunnybrook;x
4920;222;203;62;b_straightsharbor;x
4921;202;176;64;b_hillwood;x
4922;240;197;71;b_galladons_peak;x
4923;203;185;65;b_brightmoor;x
4924;137;124;71;b_burwyn_falls;x
4925;211;169;62;b_brokenside;x
4926;227;199;63;b_spur;x
4927;177;155;70;b_morne;x
4928;211;180;61;b_sundown;x
4929;222;185;61;b_noones_cove;x
4930;232;185;64;b_castlestar;x
4931;167;141;71;b_sapphire_point;x
4932;187;171;63;b_mightpoint;x
4933;221;183;65;b_dawnbreak;x
4934;228;210;77;b_might_islands;x
4935;217;162;62;b_morningside_castle;x
4936;220;182;61;b_bright_tree;x
4937;237;113;59;b_sunspear;x
4938;249;128;74;b_isle_nymeros;x
4939;229;80;15;b_water_gardens;x
4940;233;116;65;b_the_shadow_city;x
4941;220;119;75;b_matchfort;x
4942;238;118;65;b_the_glare;x
4943;246;93;27;b_castle_deadglade;x
4944;231;152;117;b_sunshield;x
4945;206;136;105;b_plankytown;x
4946;209;128;92;b_bloods_way;x
4947;210;147;119;b_vipers_nest;x
4948;192;122;90;b_stonecrest;x
4949;221;137;101;b_boneshield;x
4950;243;175;145;b_serith_sands;x
4951;235;163;132;b_mussling;x
4952;254;158;116;b_broken_vase;x
4953;253;170;134;b_flatwell;x
4954;247;141;94;b_conchstale;x
4955;194;90;44;b_stinkwater;x
4956;208;117;76;b_greenwash;x
4957;188;83;36;b_shandystone;x
4958;213;86;29;b_pungence;x
4959;196;102;60;b_oldfume;x
4960;255;255;19;b_lemonwood;x
4961;226;226;38;b_sourton;x
4962;249;249;57;b_yellow_grove;x
4963;255;255;20;b_tanghelm;x
4964;241;241;56;b_woodrind;x
4965;242;242;18;b_millers_town;x
4966;255;255;104;b_sweetwater;x
4967;213;213;118;b_acidwash;x
4968;221;221;71;b_citron;x
4969;234;234;74;b_juice_sands;x
4970;232;232;126;b_zestrind;x
4971;233;233;50;b_sourmarket;x
4972;226;226;28;b_pip_shore;x
4973;239;239;100;b_pulp_beach;x
4974;255;255;0;b_sourpool;x
4975;246;246;82;b_old_sourkeep;x
4976;189;189;50;b_whitedrill;x
4977;234;234;20;b_red_drill;x
4978;235;235;106;b_red_whelk;x
4979;243;182;35;b_salt_shore;x
4980;241;193;77;b_stoutgrave;x
4981;244;178;19;b_roosters_point;x
4982;225;167;30;b_shoalwatch;x
4983;230;162;0;b_saltwell;x
4984;245;173;2;b_crowbane;x
4985;243;176;16;b_cockerels_nest;x
4986;249;182;23;b_brackhold;x
4987;213;152;6;b_blight_shore;x
4988;230;173;37;b_brackish;x
4989;243;171;0;b_kinglet_tower;x
4990;236;170;14;b_sandbrine;x
4991;240;180;37;b_white_stones;x
4992;249;175;0;b_scald_seat;x
4993;227;170;36;b_prides_call;x
4994;230;167;19;b_palebank;x
4995;237;171;14;b_grave_roll;x
4996;246;178;15;b_saltstone;x
4997;234;174;31;b_rocksalt;x
4998;255;180;1;b_saltkeep;x
4999;238;183;51;b_drywood;x
5000;217;156;11;b_petrified_shore;x
5001;235;177;38;b_dryshore;x
5002;177;193;41;b_godsgrace;x
5003;196;211;72;b_santon;x
5004;190;209;28;b_gore_guard;x
5005;199;210;109;b_stars_spine;x
5006;191;208;50;b_goldengrasp;x
5007;199;219;29;b_godsdune;x
5008;209;228;48;b_goldpeppers;x
5009;201;219;49;b_withered_lake;x
5010;194;213;28;b_plum_fork;x
5011;183;200;42;b_melloran;x
5012;190;209;29;b_sandplume;x
5013;172;187;45;b_hullhold;x
5014;176;194;22;b_orangewood;x
5015;203;221;52;b_blood_orchard;x
5016;188;208;21;b_strawpatch;x
5017;192;212;22;b_murkside;x
5018;189;200;91;b_nerandyn;x
5019;219;231;115;b_sardwyn;x
5020;199;217;43;b_aldodrin;x
5021;188;208;20;b_rhoynes_tear;x
5022;171;189;16;b_great_andal_keep;x
5023;190;208;32;b_vestor_hill;x
5024;187;206;23;b_maidenspring;x
5025;217;235;65;b_dryweir;x
5026;168;183;38;b_holt_castle;x
5027;198;219;17;b_latebloom;x
5028;209;225;73;b_dartanyvar;x
5029;186;202;52;b_olive_grove;x
5030;216;229;110;b_qerdrin;x
5031;203;219;70;b_jeparr;x
5032;213;145;111;b_spottswood;x
5033;216;142;101;b_leopard_hill;x
5034;208;142;110;b_pock_heap;x
5035;186;127;104;b_cats_perch;x
5036;221;161;129;b_axemoor;x
5037;217;148;112;b_stalkwater;x
5038;222;166;135;b_the_lantern;x
5039;210;143;110;b_torchspear;x
5040;194;138;116;b_brightridge;x
5041;217;145;106;b_port_hammer;x
5042;197;140;118;b_red_leaf;x
5043;209;160;138;b_green_leaf;x
5044;228;165;125;b_rockwell;x
5045;209;135;97;b_wrystone;x
5046;205;134;98;b_dustmeadow;x
5047;183;121;97;b_wrecksworth;x
5048;225;148;97;b_nymerias_point;x
5049;238;166;52;b_ghost_hill;x
5050;255;174;46;b_ghastly_cliffs;x
5051;244;183;86;b_scatterback;x
5052;231;161;51;b_shade_dunes;x
5053;248;187;89;b_hall_of_the_dead;x
5054;239;181;41;b_grimebarrow;x
5055;237;176;80;b_pale_island;x
5056;239;192;79;b_nymercairn;x
5057;238;170;8;b_brinepebble;x
5058;242;172;4;b_smiths_shore;x
5059;236;170;11;b_shinecrest;x
5060;229;187;86;b_wax_hills;x
5061;227;170;34;b_echo_keep;x
5062;235;173;26;b_faintkeep;x
5063;217;164;37;b_glassmelt;x
5064;198;159;66;b_sealed_pass;x
5065;249;185;31;b_redbailer;x
5066;186;141;33;b_finkton;x
5067;236;180;46;b_bonehead;x
5068;211;83;27;b_the_tor;x
5069;184;92;51;b_rigneyton;x
5070;208;95;46;b_midnight_tower;x
5071;191;74;22;b_siltplume;x
5072;187;75;26;b_draught;x
5073;177;80;37;b_gyldshore;x
5074;208;81;24;b_tallor;x
5075;184;78;31;b_andor;x
5076;224;93;35;b_absher;x
5077;212;89;35;b_murrandy;x
5078;193;82;34;b_lowgard;x
5079;198;82;31;b_madding;x
5080;221;94;38;b_buryhill;x
5081;220;89;32;b_stormlight;x
5082;219;76;14;b_mourns_vault;x
5083;203;88;37;b_feverstone;x
5084;227;103;48;b_keep_venture;x
5085;225;81;18;b_holts_brink;x
5086;212;83;27;b_seven_towers;x
5087;203;100;55;b_worlds_eye;x
5088;212;83;28;b_tarwins_gap;x
5089;206;85;32;b_barberry;x
5090;221;99;45;b_dagger_path;x
5091;107;106;3;b_the_bramble;x
5092;124;123;3;b_bravethorn;x
5093;117;120;7;b_bindweed;x
5094;129;135;16;b_bushmills;x
5095;148;168;51;b_hadmurk;x
5096;130;137;17;b_swordcrown;x
5097;136;141;21;b_maraside;x
5098;126;128;9;b_stedding;x
5099;123;127;9;b_tan_hall;x
5100;125;130;13;b_kings_row;x
5101;132;139;20;b_brayme_wood;x
5102;240;198;11;b_vaith;x
5103;214;180;26;b_chuffridge;x
5104;230;190;13;b_vaith_town;x
5105;248;206;21;b_wound;x
5106;202;177;63;b_pelt_wash;x
5107;225;196;64;b_lone_pile;x
5108;230;194;33;b_old_glory;x
5109;240;200;21;b_parch_creek;x
5110;222;188;34;b_tornpelt;x
5111;223;189;38;b_drainburne;x
5112;226;186;6;b_chicorywine;x
5113;211;178;31;b_hold_by_the_river;x
5114;248;207;24;b_brittlebush;x
5115;209;173;14;b_russet_heights;x
5116;210;180;49;b_sunvane;x
5117;231;195;34;b_bloodbend;x
5118;220;188;49;b_ruddle;x
5119;216;181;27;b_amarwell;x
5120;220;183;19;b_overwatch;x
5121;194;160;11;b_hellas_view;x
5122;205;173;31;b_buried_keep;x
5123;198;164;11;b_retribution;x
5124;225;186;11;b_skyline;x
5125;237;200;35;b_blind_watch;x
5126;198;164;15;b_trenchworks;x
5127;217;181;20;b_iron_line;x
5128;209;173;13;b_seigedance;x
5129;222;186;24;b_bonebreak;x
5130;213;178;21;b_dustpalace;x
5131;234;194;17;b_valley_vae;x
5132;225;192;43;b_the_drift;x
5133;233;195;27;b_blackgarden;x
5134;240;200;23;b_tharsis_shore;x
5135;225;111;35;b_hellholt;x
5136;234;120;44;b_lockburn;x
5137;221;108;33;b_fickle;x
5138;203;115;56;b_the_spearseat;x
5139;243;121;39;b_madness_tower;x
5140;202;105;40;b_fear_winds;x
5141;222;103;24;b_sulphur_hall;x
5142;235;123;48;b_the_boil;x
5143;215;108;37;b_sunridge;x
5144;233;113;33;b_perdition;x
5145;205;123;68;b_punishment;x
5146;238;121;43;b_fort_gramory;x
5147;218;105;30;b_jackals_den;x
5148;210;84;0;b_hellhound_town;x
5149;229;123;51;b_crimson_drip;x
5150;221;95;12;b_flame_coast;x
5151;218;105;29;b_dantellion;x
5152;202;97;28;b_bad_rock;x
5153;244;104;11;b_brimstone_hall;x
5154;236;97;5;b_fyrand;x
5155;246;120;37;b_hellgate_hall;x
5156;213;105;33;b_burntlight;x
5157;220;106;29;b_wrath_drop;x
5158;222;99;17;b_shattered_plains;x
5159;205;114;53;b_steamfall;x
5160;225;103;23;b_steamrift;x
5161;240;110;24;b_scorchor;x
5162;224;115;42;b_hellderness;x
5163;215;96;17;b_steam_shore;x
5164;209;111;46;b_last_rite;x
5165;220;110;36;b_castle_burndune;x
5166;213;108;37;b_scarbrook;x
5167;189;97;35;b_demons_cairn;x
5168;190;112;59;b_hells_heights;x
5169;208;125;69;b_dark_arch;x
5170;205;110;46;b_morbidmund;x
5171;237;101;11;b_desert_hearth;x
5172;228;115;39;b_torrid_drifts;x
5173;246;117;31;b_wicked_waste;x
5174;240;120;40;b_blood_dune;x
5175;221;102;23;b_bloodbridge;x
5176;195;116;62;b_stifling;x
5177;220;111;38;b_willburn;x
5178;216;117;51;b_judges_song;x
5179;219;102;24;b_skinfire;x
5180;225;92;4;b_orpyre;x
5181;212;96;19;b_flesh_and_bone;x
5182;223;92;4;b_smoldering;x
5183;168;134;53;b_first_well;x
5184;180;136;30;b_greendune;x
5185;182;148;66;b_bleak_dune;x
5186;209;150;10;b_whitesand;x
5187;186;144;44;b_morshold;x
5188;199;153;43;b_ashplain;x
5189;221;161;16;b_the_cistern;x
5190;193;151;52;b_white_rump;x
5191;175;132;29;b_reedhorn;x
5192;225;171;43;b_pronghorn;x
5193;209;152;16;b_narrock;x
5194;172;128;23;b_three_strings;x
5195;161;117;12;b_grit_ridge;x
5196;204;156;41;b_drybrush;x
5197;206;152;22;b_olyvars_oasis;x
5198;194;155;62;b_sinking_sands;x
5199;236;179;43;b_dustbowl_keep;x
5200;212;155;18;b_pale_sands;x
5201;203;145;5;b_saltbush;x
5202;214;155;14;b_stale_hill;x
5203;222;164;26;b_elland;x
5204;198;152;42;b_dustspine;x
5205;166;127;35;b_goodsprings;x
5206;207;150;11;b_shady_pass;x
5207;174;127;16;b_orryck_sands;x
5208;176;132;27;b_simmerbyrne;x
5209;208;155;28;b_underfoot;x
5210;196;142;12;b_dwellbush;x
5211;239;148;5;b_sandstone;x
5212;232;142;1;b_deathstalk;x
5213;243;166;46;b_spearwater;x
5214;245;161;30;b_needle_valley;x
5215;255;179;60;b_sandvenom;x
5216;212;130;0;b_dunestale;x
5217;221;147;29;b_stainwater;x
5218;221;136;2;b_dunespots;x
5219;205;136;27;b_brasscales;x
5220;236;147;7;b_splitgravel;x
5221;231;146;11;b_senter_hall;x
5222;245;161;29;b_parchwell;x
5223;240;159;30;b_rashpit;x
5224;225;143;14;b_whitedune_pass;x
5225;246;153;7;b_whitedune_flats;x
5226;233;149;16;b_dustwalk;x
5227;189;121;16;b_the_stingseat;x
5228;236;147;6;b_thicktail;x
5229;224;140;9;b_flat_cut;x
5230;199;125;10;b_burrow_dune;x
5231;206;141;40;b_white_hiss;x
5232;231;147;16;b_stinging_stones;x
5233;221;145;26;b_dreadsand;x
5234;239;157;29;b_brickmounds;x
5235;235;156;30;b_coarse_keep;x
5236;228;162;57;b_silence;x
5237;247;160;22;b_aurisand;x
5238;228;142;6;b_scarcrest;x
5239;244;151;4;b_barbmane;x
5240;241;161;36;b_steeds_route;x
5241;255;174;47;b_sandmare;x
5242;255;156;1;b_stable_shore;x
5243;231;148;17;b_truestable;x
5244;251;173;50;b_oldsands;x
5245;214;145;36;b_sandhorn;x
5246;223;141;12;b_holeside;x
5247;246;158;20;b_grainglass;x
5248;232;153;28;b_holyhead;x
5249;245;151;4;b_crushed_stone;x
5250;221;151;42;b_anchoran;x
5251;238;156;27;b_arnight_hall;x
5252;255;156;0;b_arnight_shore;x
5253;232;145;8;b_byerly;x
5254;250;155;6;b_dome_rock;x
5255;223;137;2;b_dawn_kiss;x
5256;232;150;22;b_sandy_run;x
5257;234;67;45;b_starfall;x
5258;249;126;109;b_the_starport;x
5259;245;97;78;b_starcrossing;x
5260;247;139;125;b_dawnlight;x
5261;242;115;98;b_suns_edge;x
5262;209;112;99;b_brighttail;x
5263;228;137;125;b_violet_rift;x
5264;233;155;144;b_high_hermitage;x
5265;231;128;113;b_vulture_watch;x
5266;235;80;59;b_silverlight;x
5267;220;126;113;b_amethyst_pool;x
5268;216;118;105;b_stars_edge;x
5269;233;131;118;b_six_hills;x
5270;231;167;159;b_reandle;x
5271;238;164;154;b_broken_elbow;x
5272;209;135;125;b_winding_dune;x
5273;223;148;138;b_sandance;x
5274;204;109;96;b_sunstop;x
5275;223;137;126;b_starryberth;x
5276;229;164;155;b_elbow_cove;x
5277;215;150;141;b_the_lighthouse;x
5278;210;111;97;b_altar_of_flame;x
5279;241;143;129;b_sunbreak_forge;x
5280;230;117;101;b_desert_edge;x
5281;203;154;147;b_radiant_sands;x
5282;246;103;103;b_dawnbrink;x
5283;209;89;89;b_late_mourning;x
5284;231;98;98;b_wythmail;x
5285;219;103;103;b_sandcourse;x
5286;199;107;107;b_nightfall;x
5287;238;79;79;b_scattering_sands;x
5288;239;96;96;b_suns_cross;x
5289;229;103;103;b_rippling_dunes;x
5290;241;119;119;b_burning_place;x
5291;249;105;105;b_the_gateway;x
5292;239;94;94;b_golden_oasis;x
5293;214;46;46;b_swirling_basin;x
5294;237;97;97;b_pariahs_refuge;x
5295;217;87;87;b_rocktop;x
5296;236;116;100;b_sand_crag;x
5297;222;134;122;b_astermine;x
5298;212;131;121;b_drywaste;x
5299;206;140;132;b_burnplain;x
5300;205;134;125;b_dustdrop;x
5301;222;135;124;b_duskwarren;x
5302;231;149;138;b_qorenswell;x
5303;236;189;77;b_yronwood;x
5304;249;185;30;b_blood_town;x
5305;236;177;34;b_postyrn;x
5306;254;200;70;b_inneryron;x
5307;238;195;92;b_clearfell;x
5308;254;191;39;b_cuttwood;x
5309;242;191;67;b_yronstones;x
5310;222;168;40;b_stoneway_gate;x
5311;224;178;69;b_pour_house;x
5312;236;177;37;b_sunkissed;x
5313;240;178;30;b_palmfrond;x
5314;242;191;69;b_the_vent;x
5315;223;178;72;b_drinkvane;x
5316;246;191;58;b_mugwell;x
5317;170;200;63;b_flatwater;x
5318;160;186;49;b_gateshoal;x
5319;165;193;56;b_dunebowl;x
5320;153;181;49;b_merlings_rest;x
5321;163;194;61;b_beachwort;x
5322;158;187;56;b_bushgrain;x
5323;246;187;45;b_first_sand;x
5324;246;181;24;b_dustcairn;x
5325;244;180;25;b_greatcrests;x
5326;255;180;0;b_empty_wells;x
5327;239;169;2;b_dead_rock;x
5328;241;175;17;b_battle_hill;x
5329;250;184;25;b_royalmarch;x
5330;246;185;40;b_roywood;x
5331;254;190;37;b_overdune;x
5332;232;164;0;b_mercy_spring;x
5333;235;174;28;b_sale_hill;x
5334;235;170;13;b_flametuffet;x
5335;152;174;36;b_the_scourge_hold;x
5336;157;180;38;b_dreardune;x
5337;162;186;45;b_sunreach;x
5338;152;173;33;b_scourgeside;x
5339;156;180;41;b_drywash;x
5340;162;188;50;b_scourge_hill;x
5341;231;171;29;b_wayguard;x
5342;237;181;49;b_blackgrill;x
5343;255;195;53;b_driftchain;x
5344;246;183;31;b_wellsand;x
5345;247;175;6;b_dune_trap;x
5346;251;189;37;b_bloodline;x
5347;225;165;19;b_heritage_keep;x
5348;235;177;33;b_warthog;x
5349;248;194;63;b_bluestone;x
5350;244;192;68;b_deathmatch;x
5351;243;174;10;b_no_mans_land;x
5352;226;203;52;b_skyreach;x
5353;227;201;30;b_falcons_pool;x
5354;238;213;50;b_spare_feather;x
5355;247;221;48;b_fowlers_ridge;x
5356;231;204;25;b_beltside;x
5357;248;224;66;b_feakridge;x
5358;217;189;1;b_widewatch;x
5359;229;201;13;b_pass_view;x
5360;239;213;37;b_girt_rocks;x
5361;240;209;0;b_widefence;x
5362;246;218;30;b_trapstone;x
5363;223;195;7;b_cadgemont;x
5364;238;209;14;b_stone_and_sky;x
5365;251;220;12;b_soar_stream;x
5366;241;216;45;b_mewmont;x
5367;221;197;32;b_falcons_way;x
5368;221;198;43;b_hoodridge_keep;x
5369;212;185;7;b_rufter;x
5370;225;201;37;b_cloaked_dune;x
5371;207;184;30;b_hoodside;x
5372;244;219;51;b_peregrine_sands;x
5373;229;201;12;b_thorntree;x
5374;219;193;20;b_sandmeadow;x
5375;238;208;11;b_thorn_mine;x
5376;233;209;50;b_thorn_sand;x
5377;249;217;0;b_drywattle;x
5378;241;210;0;b_bottleneck;x
5379;218;191;7;b_tower_of_joy;x
5380;222;203;78;b_princes_climb;x
5381;245;221;60;b_dead_mans_rise;x
5382;218;218;7;b_spears_end;x
5383;218;150;20;b_blackmont;x
5384;221;159;40;b_dark_wake;x
5385;233;170;48;b_putrid_hill;x
5386;216;155;36;b_vulture_town;x
5387;224;152;11;b_black_venue;x
5388;232;153;1;b_coalmolt;x
5389;240;180;66;b_baldcrest_river;x
5390;239;184;80;b_moltwater;x
5391;238;163;21;b_mineclutch;x
5392;241;171;37;b_baldcrest;x
5393;240;188;89;b_baldmarch;x
5394;235;157;6;b_crawls_keep;x
5395;241;167;24;b_charnelhome;x
5396;212;155;45;b_lappet_tower;x
5397;240;173;44;b_drownbeard;x
5398;224;167;56;b_pilferers_perch;x
5399;237;157;2;b_torrents_drip;x
5400;228;163;36;b_carrion_hall;x
5401;235;166;34;b_the_feeding_tower;x
5402;228;151;0;b_talon_scar;x
5403;243;162;5;b_the_decay;x
5404;244;175;41;b_fetid_flows;x
5405;248;183;58;b_mount_wake;x
5406;219;161;50;b_westroost;x
5407;238;179;65;b_blunt_talon;x
5408;249;179;42;b_whiteback;x
5409;228;160;29;b_trickledown;x
5410;236;156;1;b_corpse_wash;x
5411;247;168;14;b_mawk_peak;x
5412;229;130;13;b_kingsgrave;x
5413;250;148;26;b_black_hole;x
5414;217;131;30;b_morbid_ridge;x
5415;246;141;16;b_barebones;x
5416;237;136;16;b_albins_march;x
5417;251;154;38;b_breakneck;x
5418;228;154;67;b_glowstone;x
5419;224;146;54;b_dustblock;x
5420;238;146;37;b_pickwood;x
5421;215;144;59;b_red_torch;x
5422;245;153;44;b_stonemine;x
5423;242;143;27;b_mundane;x
5424;188;120;40;b_claret_hall;x
5425;230;163;83;b_mortberry;x
5426;197;118;25;b_tannin_tower;x
5427;212;142;59;b_mad_scar;x
5428;223;140;41;b_broken_crypts;x
5429;229;131;14;b_red_orchard;x
5430;230;145;45;b_strongwine;x
5431;242;136;10;b_redhare_vale;x
5432;219;128;21;b_bruttridge;x
5433;242;132;2;b_vinestream;x
5434;212;115;0;b_rusthook;x
5435;225;130;18;b_sour_side;x
5436;242;139;17;b_rustbarren;x
5437;223;121;1;b_bonemark;x
5438;221;128;18;b_lostgrave;x
5439;230;134;20;b_ochre;x
5440;255;138;0;b_wastewood;x
5441;203;229;31;b_wyl;x
5442;211;239;24;b_cavern_cliffs;x
5443;201;224;48;b_black_adder;x
5444;197;219;50;b_footway;x
5445;200;227;22;b_heelmouth;x
5446;207;237;8;b_feedtunnels;x
5447;186;209;30;b_fangside;x
5448;197;219;53;b_long_fang;x
5449;197;223;24;b_bonepath;x
5450;195;211;89;b_vipercrest;x
5451;186;200;91;b_scalerise;x
5452;193;219;22;b_brinkburn;x
5453;183;208;14;b_addersflow;x
5454;212;237;46;b_rocklure;x
5455;185;209;25;b_sliderock;x
5456;202;224;54;b_asp_hill;x
5457;191;212;49;b_slither;x
5458;203;231;13;b_highgrave;x
5459;174;194;36;b_hornridge;x
5460;222;255;0;b_barb_ridge;x
5461;201;225;36;b_carve;x
5462;196;223;14;b_denmont;x
5463;210;235;43;b_pitwater;x
5464;191;211;57;b_serpent_caves;x
5465;204;229;34;b_vultures_roost;x
5466;183;206;31;b_blackvein;x
5467;220;251;9;b_veins_clot;x
5468;206;230;48;b_deadmilk;x
5469;206;236;6;b_serpent_rock;x
5470;227;251;62;b_skullsgate;x
5471;223;241;100;b_darkscale;x
5472;183;156;113;b_ghaston_grey;x
5473;149;121;77;b_shrieks_harbor;x
5474;165;114;86;b_tun_vunag;x
5475;174;122;92;b_afskayl_cov;x
5476;172;121;89;b_thavryk;x
5477;173;122;90;b_locksgren;x
5478;177;125;95;b_magnaros_myag;x
5479;175;128;93;b_magnartyin;x
5480;162;105;77;b_srunmued;x
5481;166;116;82;b_srunos_cov;x
5482;164;110;77;b_kifhyskr;x
5483;166;113;80;b_chask;x
5484;167;121;86;b_yaykdeas;x
5485;166;121;91;b_krih;x
5486;173;120;93;b_erroykdeas;x
5487;182;137;108;b_vrunyk;x
5488;155;106;80;b_skeck_pal;x
5489;135;87;55;b_lisskel;x
5490;162;106;80;b_kelskam;x
5491;162;116;92;b_beltrch;x
5492;148;98;71;b_ndurmyt;x
5493;147;119;97;b_basortig;x
5494;185;148;126;b_vilender;x
5495;156;104;78;b_gerrask;x
5496;162;110;81;b_vesespir;x
5497;192;150;121;b_spursk;x
5498;162;113;92;b_voss_voln;x
5499;162;106;77;b_pursklysk;x
5500;166;113;82;b_saalkru;x
5501;167;111;78;b_distarag;x
5502;165;120;91;b_vark;x
5503;162;116;87;b_mavremr;x
5504;160;110;82;b_remskecks;x
5505;186;150;127;b_karik_prek;x
5506;149;95;71;b_yirkviss;x
5507;167;122;93;b_arergludak;x
5508;162;118;85;b_hyskern;x
5509;192;153;131;b_thevbelir;x
5510;185;149;127;b_mountains_end;x
5511;177;132;116;b_snowblind_ledge;x
5512;183;139;109;b_sheltered_grotto;x
5513;184;139;123;b_dakmyr;x
5514;182;150;110;b_lungcatch;x
5515;170;144;104;b_neargulch;x
5516;148;120;90;b_travelers_lodge;x
5517;156;124;94;b_pooldown;x
5518;163;139;101;b_greybanks;x
5519;194;157;137;b_faroff;x
5520;180;150;106;b_cragg_peaks;x
5521;103;65;54;b_bendburrow;x
5522;164;132;98;b_hollow_rise;x
5523;179;150;130;b_ramsledge;x
5524;177;131;116;b_keening_pass;x
5525;110;71;54;b_off_flow;x
5526;111;69;54;b_whistled_grooves;x
5527;121;74;63;b_rock_and_stone;x
5528;127;69;73;b_fukkarl;x
5529;126;72;65;b_weirrik;x
5530;130;78;70;b_horskes_fior;x
5531;155;124;94;b_radsygga;x
5532;103;65;60;b_glacierscar;x
5533;113;70;54;b_long_cavern;x
5534;121;76;80;b_talons_bluffs;x
5535;118;74;61;b_icebeaks_ridge;x
5536;121;77;71;b_glaciers_gateway;x
5537;122;71;68;b_feathered_crest;x
5538;121;76;62;b_owlet_fall;x
5539;131;77;72;b_eagle_heights;x
5540;133;81;69;b_crossed_streams;x
5541;126;72;71;b_rockside_freeze;x
5542;112;72;69;b_shaggy_home;x
5543;131;74;67;b_withered_rock;x
5544;129;81;70;b_mammoth_lows;x
5545;124;75;68;b_giants_grave;x
5546;125;71;68;b_thicktree_grove;x
5547;134;74;69;b_clubwood;x
5548;122;73;66;b_boulderfall;x
5549;123;71;66;b_axelodge;x
5550;131;75;61;b_flooded_thicket;x
5551;129;83;68;b_windswept_peak;x
5552;131;76;70;b_lone_mound;x
5553;129;74;67;b_skirling;x
5554;131;77;71;b_bladerest;x
5555;126;69;65;b_snowmelt_peak;x
5556;133;76;70;b_rockfall_riverside;x
5557;133;78;73;b_desolate_rocks;x
5558;137;77;71;b_eaglefall;x
5559;118;70;65;b_seer_peak;x
5560;122;72;68;b_frozen_slope;x
5561;126;77;68;b_vals_peak;x
5562;133;72;70;b_grim_valley;x
5563;135;82;80;b_frozen_path;x
5564;133;73;71;b_exile_heights;x
5565;133;82;69;b_tuskcairn;x
5566;133;79;67;b_mammoth_grave;x
5567;130;73;59;b_wooly_rocks;x
5568;111;70;55;b_tuskgrove;x
5569;136;87;70;b_hairy_mound;x
5570;132;74;67;b_calf_vale;x
5571;119;67;55;b_rotten_lodge;x
5572;116;66;54;b_carcass_grove;x
5573;114;72;52;b_corpsewood;x
5574;132;75;65;b_end_trail;x
5575;100;55;46;b_stankwood;x
5576;89;59;35;b_tripflow;x
5577;116;66;55;b_heelmont;x
5578;145;94;70;b_darkglass;x
5579;115;67;57;b_haftgrove;x
5580;111;62;51;b_south_prong;x
5581;101;60;47;b_watcher;x
5582;114;67;55;b_great_prong;x
5583;111;61;48;b_tine_valley;x
5584;88;56;34;b_shadowskin_lodge;x
5585;101;61;51;b_antler_ridge;x
5586;106;62;37;b_forkside;x
5587;111;65;57;b_topside;x
5588;106;63;51;b_swill_rock;x
5589;99;62;43;b_drunkwood;x
5590;180;148;122;b_milkgulp;x
5591;140;82;64;b_shattered_jaw;x
5592;154;99;80;b_stained_mountain;x
5593;151;102;76;b_fracture_pass;x
5594;99;63;48;b_blindstream;x
5595;111;65;49;b_gnarled_rock;x
5596;141;82;63;b_deadroot;x
5597;143;86;62;b_tornleg;x
5598;113;65;54;b_climbers_path;x
5599;141;85;63;b_ruddy_hall;x
5600;97;53;43;b_frostridge;x
5601;89;60;35;b_mount_taldr;x
5602;114;65;58;b_taldr_ledge;x
5603;145;95;87;b_ruddy_cliffs;x
5604;145;93;66;b_banewood;x
5605;141;88;66;b_napping_hills;x
5606;89;53;44;b_the_plunge;x
5607;112;65;52;b_thunder_pass;x
5608;111;67;55;b_duskrpeak;x
5609;113;77;62;b_wealdholm;x
5610;145;97;84;b_lowridge;x
5611;145;93;85;b_calengap;x
5612;89;67;35;b_wily_tree;x
5613;112;65;59;b_highridge;x
5614;145;99;84;b_giants_step;x
5615;145;82;70;b_tusk_spear;x
5616;145;93;68;b_brokebones;x
5617;144;88;66;b_giants_pasture;x
5618;144;91;61;b_blubber_point;x
5619;145;96;70;b_whitewood;x
5620;144;95;66;b_shaggy_mound;x
5621;144;92;69;b_tuskhal;x
5622;151;102;83;b_flipperwood;x
5623;150;95;77;b_permalin;x
5624;140;86;64;b_tuskclyff;x
5625;145;93;71;b_capewood;x
5626;91;54;50;b_maulnock_hold;x
5627;125;76;52;b_nockflat;x
5628;122;76;56;b_maulmelt;x
5629;114;69;55;b_midgap;x
5630;110;69;55;b_fangs_lip;x
5631;116;76;64;b_southgap;x
5632;99;58;49;b_whiteflap;x
5633;107;65;57;b_hightribe;x
5634;112;70;61;b_packledge;x
5635;121;72;69;b_winters_breach;x
5636;115;71;59;b_sheer_flats;x
5637;114;68;57;b_walkers_march;x
5638;112;70;60;b_whiteout_flats;x
5639;127;80;54;b_horkstone_hold;x
5640;124;77;52;b_fangridge;x
5641;122;76;48;b_horkhill;x
5642;117;80;51;b_icestone_ridge;x
5643;133;83;58;b_frost_gully;x
5644;126;75;54;b_mount_hork;x
5645;117;75;48;b_sheerstone;x
5646;145;99;94;b_whitetooth_hold;x
5647;140;94;78;b_rimefang;x
5648;128;80;54;b_tush_flat;x
5649;148;98;85;b_weeping_wall;x
5650;129;81;58;b_yaeger_huts;x
5651;122;75;51;b_hunters_lake;x
5652;130;79;57;b_white_hunt;x
5653;129;82;56;b_yaejyrflats;x
5654;135;89;60;b_hunt_ledge;x
5655;134;87;60;b_preylands;x
5656;126;76;56;b_frozennest;x
5657;120;74;48;b_white_winds;x
5658;128;77;55;b_white_bear_hold;x
5659;133;82;57;b_paw_print_flats;x
5660;145;99;88;b_slopefall;x
5661;89;69;35;b_polflats;x
5662;148;99;86;b_bear_ledge;x
5663;140;97;94;b_mauledlands;x
5664;126;78;53;b_skihold;x
5665;129;87;77;b_tumbleflats;x
5666;114;89;73;b_sliding;x
5667;99;77;64;b_skidders_ridge;x
5668;140;94;85;b_the_slope;x
5669;112;83;65;b_echoheights;x
5670;121;84;74;b_bleakflats;x
5671;115;82;66;b_mirror_sheets;x
5672;115;82;65;b_whispers_ledge;x
5673;140;99;92;b_screamers_flat;x
5674;141;91;76;b_ridgewatch;x
5675;120;84;67;b_dropped_hold;x
5676;123;88;69;b_frost_approach;x
5677;140;94;82;b_drops_edge;x
5678;132;82;57;b_sweat_lodge;x
5679;122;86;51;b_coldside;x
5680;115;79;66;b_underledge;x
5681;116;82;66;b_warmside;x
5682;116;71;59;b_feldhead;x
5683;112;70;63;b_meltedfeld;x
5684;111;70;46;b_icefeld;x
5685;123;75;52;b_blendfeld;x
5686;151;101;90;b_whitefeld;x
5687;119;71;61;b_the_empty;x
5688;119;75;50;b_brownfeld;x
5689;151;105;83;b_pulkwaters;x
5690;151;107;81;b_pulkledge;x
5691;152;101;92;b_whitepulk;x
5692;126;81;69;b_the_bush;x
5693;125;75;53;b_ledgebush;x
5694;110;77;61;b_herdwell;x
5695;99;71;58;b_slipbush;x
5696;125;87;77;b_iceflow;x
5697;116;83;71;b_drinkwall;x
5698;99;76;65;b_running_ridge;x
5699;119;82;67;b_faunaway;x
5700;99;76;64;b_herdlands;x
5701;150;102;92;b_lorns_rest;x
5702;143;95;77;b_gullfest;x
5703;142;94;78;b_skinners_bay;x
5704;150;98;82;b_shellcoast;x
5705;145;97;82;b_candleflow;x
5706;140;94;77;b_corpseflats;x
5707;149;99;86;b_coldfall;x
5708;141;93;78;b_putrid_pass;x
5709;143;95;79;b_gripstone;x
5710;126;90;66;b_rotten_shore;x
5711;141;91;75;b_voltussyk;x
5712;145;97;81;b_voltflats;x
5713;143;94;76;b_rokflats;x
5714;145;99;90;b_rokussyk;x
5715;143;96;82;b_deadfeld;x
5716;150;98;87;b_rollingflats;x
5717;142;96;84;b_lichen_wall;x
5718;148;98;91;b_lichfeld;x
5719;116;55;54;b_yellowgrass_hearth;x
5720;121;89;71;b_steamy_flats;x
5721;143;95;90;b_deadfield;x
5722;143;93;80;b_snowy_escape;x
5723;145;97;79;b_seal_point;x
5724;120;84;72;b_gravehold;x
5725;145;98;82;b_grassfields_demise;x
5726;113;90;72;b_desolate_field;x
5727;120;87;75;b_freezing_pass;x
5728;138;92;75;b_grazingfield;x
5729;132;82;69;b_deers_rain;x
5730;138;88;76;b_shrubsleet;x
5731;110;87;69;b_furswept;x
5732;107;80;66;b_snowy_pass;x
5733;110;77;59;b_deergrave_frore;x
5734;101;77;60;b_snowfield;x
5735;106;86;67;b_the_pods_flow;x
5736;121;85;71;b_red_guch;x
5737;127;63;62;b_broken_tusk_field;x
5738;115;83;68;b_fats_end;x
5739;119;84;71;b_tuskens_doom;x
5740;106;86;69;b_tuskwall;x
5741;110;91;67;b_piscis_rest;x
5742;106;72;57;b_icehome;x
5743;110;86;69;b_wancoast;x
5744;137;85;73;b_quarry_coast;x
5745;135;81;66;b_tuskpont;x
5746;121;84;69;b_meltin;x
5747;102;78;60;b_shadows_corpse;x
5748;105;77;65;b_selkie_sund;x
5749;116;80;71;b_whiteneck;x
5750;122;83;71;b_icewalk;x
5751;156;111;93;b_selkie_point;x
5752;133;105;88;b_whispers_wall;x
5753;112;83;69;b_peltwash;x
5754;117;77;67;b_shunfield;x
5755;125;86;71;b_riverhome;x
5756;105;79;68;b_heated_shore;x
5757;141;104;82;b_still_flats;x
5758;150;108;94;b_heavy_smell;x
5759;156;111;90;b_damplight;x
5760;98;72;56;b_bunched;x
5761;153;109;81;b_hairswept;x
5762;100;75;60;b_glintstone;x
5763;156;112;96;b_bonebroth;x
5764;119;83;65;b_sleetstone;x
5765;115;82;71;b_palecliff;x
5766;122;88;70;b_pine_point;x
5767;110;80;68;b_bleakridge;x
5768;111;76;60;b_cauldhouse;x
5769;107;79;65;b_brevelyk;x
5770;122;86;77;b_brightplain;x
5771;116;82;68;b_shine_path;x
5772;120;100;80;b_sunny_spot;x
5773;111;77;65;b_gravelark;x
5774;110;81;67;b_maradon;x
5775;127;91;78;b_the_lyk;x
5776;91;72;59;b_sheer_wall;x
5777;114;88;72;b_snowmound;x
5778;117;89;72;b_big_ice;x
5779;109;72;65;b_paleswept;x
5780;122;92;73;b_slickbare;x
5781;115;87;71;b_daara;x
5782;123;85;76;b_bad_waste;x
5783;166;123;103;b_good_web;x
5784;156;111;98;b_softsilk;x
5785;158;110;94;b_bad_path;x
5786;152;107;92;b_critterspot;x
5787;156;114;91;b_longleg;x
5788;156;113;88;b_webby_hollow;x
5789;156;109;88;b_blackhair;x
5790;122;85;73;b_bigwalruss_camp;x
5791;151;115;83;b_war_perch;x
5792;122;86;66;b_trap_den;x
5793;173;135;117;b_good_catch;x
5794;108;77;66;b_runningway;x
5795;155;110;84;b_bonebuild;x
5796;166;123;104;b_yarek;x
5797;111;86;66;b_the_drop;x
5798;141;101;80;b_levelhead;x
5799;150;106;80;b_fearfall;x
5800;120;83;73;b_shiny_doom;x
5801;113;96;68;b_reachout;x
5802;171;131;112;b_lookdown;x
5803;153;104;82;b_wide_sky;x
5804;165;121;102;b_gahurl_mag;x
5805;160;114;94;b_floatwell;x
5806;113;88;68;b_shallows;x
5807;143;102;75;b_sunder;x
5808;128;96;79;b_white_abyss;x
5809;156;114;94;b_riverswept;x
5810;147;100;77;b_deepcrack;x
5811;146;103;77;b_blue_thrush;x
5812;150;106;83;b_cracked_and_crumble;x
5813;160;117;92;b_lost_away;x
5814;183;148;122;b_mag_narkannih;x
5815;189;154;134;b_mags_stream;x
5816;183;147;125;b_mag_nariylk;x
5817;151;127;103;b_giants_slope;x
5818;130;83;67;b_cov_voss;x
5819;132;114;92;b_wunshal;x
5820;170;132;96;b_roveggih;x
5821;160;123;92;b_winters_wall;x
5822;184;148;122;b_roveggs_canal;x
5823;192;154;131;b_furthest_melt;x
5824;174;139;101;b_bone_ridge;x
5825;163;129;92;b_blizards_swell;x
5826;185;149;122;b_on_tun_degvoss;x
5827;185;149;124;b_basorflats;x
5828;160;123;94;b_last_wood;x
5829;189;154;129;b_treesend;x
5830;152;121;84;b_tunvoss;x
5831;160;123;89;b_snowsheet;x
5832;147;119;100;b_lastwater;x
5833;189;154;131;b_wud_monm;x
5834;185;149;126;b_littleridge;x
5835;188;152;128;b_wuns_head;x
5836;165;121;96;b_wightwell;x
5837;167;121;103;b_winterbite;x
5838;171;132;109;b_arek;x
5839;143;106;84;b_deadbrook;x
5840;171;135;98;b_sruhmonm_veg;x
5841;114;84;80;b_coldmont;x
5842;170;121;109;b_sheerlark;x
5843;161;123;105;b_snowcliff;x
5844;114;84;75;b_ice_stretch;x
5845;155;123;85;b_blizard_ridge;x
5846;161;123;91;b_elsas_cliff;x
5847;176;137;110;b_anmrud;x
5848;167;122;107;b_others_approach;x
5849;165;122;105;b_falan;x
5850;172;132;116;b_shatterbell;x
5851;157;115;101;b_hoarmot;x
5852;161;119;103;b_ain_haih;x
5853;127;92;74;b_weshoar;x
5854;121;94;75;b_frostblud;x
5855;114;85;69;b_iceblud;x
5856;185;146;122;b_bludhed;x
5857;158;124;88;b_kryn_prek;x
5858;144;107;91;b_shatterflats;x
5859;143;110;88;b_icepoint;x
5860;133;98;76;b_miahinyih;x
5861;144;105;89;b_voss_lysk_anag;x
5862;131;99;76;b_icemirror;x
5863;139;103;79;b_lyskeg;x
5864;135;99;81;b_black_ice;x
5865;152;120;92;b_ain_oslhak;x
5866;180;135;105;b_the_frozen_three;x
5867;138;101;84;b_vakaresk;x
5868;143;105;90;b_norvak;x
5869;128;90;74;b_trasdryn;x
5870;114;93;62;b_drynclyf;x
5871;146;110;89;b_gerlhark;x
5872;113;90;61;b_shiverclyf;x
5873;135;100;83;b_blue_ice;x
5874;140;108;83;b_the_white;x
5875;141;100;78;b_wiltmeat;x
5876;185;152;128;b_nkman_pin;x
5877;150;126;108;b_ain_dornk;x
5878;179;144;121;b_noreast;x
5879;178;147;125;b_gluhmyag;x
5880;141;105;88;b_frost_torch;x
5881;146;115;85;b_icy_peak_coast;x
5882;133;103;77;b_blizzardflats;x
5883;207;164;136;b_saltground_lodge;x
5884;200;162;132;b_mossy_beach;x
5885;143;117;89;b_darktree_forest;x
5886;200;161;127;b_muddy_flats;x
5887;186;151;119;b_coldforest_edge;x
5888;140;115;88;b_thicktree_logs;x
5889;207;164;132;b_shivering_thatch;x
5890;207;170;146;b_hopes_grave;x
5891;206;165;134;b_seagull_grounds;x
5892;143;116;88;b_the_scare;x
5893;140;113;86;b_the_demise;x
5894;208;172;143;b_gravepoint;x
5895;146;123;96;b_eagles_nest;x
5896;129;103;81;b_blacktree_thicket;x
5897;138;117;89;b_snowy_grove;x
5898;152;126;98;b_mans_escape;x
5899;138;113;94;b_freezewater_woods;x
5900;129;86;75;b_windy_forest;x
5901;150;123;98;b_frorefield;x
5902;146;119;99;b_shivering_timbers;x
5903;135;106;90;b_snowy_covet;x
5904;134;75;79;b_pinegrounds;x
5905;128;73;67;b_deers_end;x
5906;146;123;95;b_bonewoods;x
5907;140;113;88;b_snaremakers_woods;x
5908;141;116;88;b_hardwood_grove;x
5909;135;110;92;b_erroks_grave;x
5910;146;124;102;b_moonkissed_vale;x
5911;182;142;108;b_cold_hearth;x
5912;180;139;105;b_snowfall_flat;x
5913;185;146;116;b_riverside_freeze;x
5914;147;109;88;b_last_green;x
5915;146;108;91;b_suffering_sands;x
5916;185;146;110;b_darkwater_bay;x
5917;196;159;122;b_dying_pines;x
5918;193;153;118;b_low_water_edge;x
5919;192;152;117;b_forests_demise;x
5920;187;148;114;b_fireweed;x
5921;185;146;112;b_nights_embrace;x
5922;198;157;124;b_softground_edge;x
5923;185;147;115;b_lumber_grounds;x
5924;197;157;122;b_sorrow_wood;x
5925;123;103;79;b_silent_grove;x
5926;156;124;104;b_icy_shore;x
5927;189;154;135;b_frozen_grave;x
5928;174;134;102;b_flickering_light;x
5929;185;147;116;b_blackice_flats;x
5930;131;109;100;b_last_whisper;x
5931;146;124;119;b_foggy_hills;x
5932;180;144;105;b_quiet_pass;x
5933;146;124;108;b_galbarts_fall;x
5934;187;150;125;b_slippery_slope;x
5935;188;151;130;b_coldheart_vale;x
5936;108;88;71;b_mans_respite;x
5937;125;109;81;b_screaming_heights;x
5938;131;109;88;b_snarknest;x
5939;124;107;81;b_flooding_woods;x
5940;127;106;83;b_smalltree_pass;x
5941;143;116;89;b_darkwood_deep;x
5942;125;109;87;b_frosty_canopy;x
5943;133;107;95;b_ygons_lodge;x
5944;113;67;71;b_sorrowmound;x
5945;130;75;68;b_winters_wedge;x
5946;171;135;101;b_frorewoods;x
5947;171;136;101;b_the_hardwood;x
5948;178;144;104;b_horned_keep;x
5949;127;68;68;b_rawrun;x
5950;169;134;99;b_hexbarrow;x
5951;117;71;66;b_tread_ground;x
5952;173;139;101;b_spell_hills;x
5953;146;122;101;b_midforest_hearth;x
5954;139;110;93;b_gornes_bloodspill;x
5955;135;109;92;b_fogwood;x
5956;129;108;88;b_naghair;x
5957;188;152;131;b_charred_weald;x
5958;108;88;82;b_burned_hearth;x
5959;156;104;77;b_lost_pyre;x
5960;194;157;134;b_harsh_hills;x
5961;131;111;88;b_windswept_woods;x
5962;192;155;128;b_freezing_flats;x
5963;187;151;131;b_edgewood;x
5964;188;151;127;b_high_spear;x
5965;194;154;128;b_coldstone_heights;x
5966;161;128;96;b_owlwood;x
5967;187;150;128;b_deadly_grove;x
5968;188;153;129;b_withering_peaks;x
5969;153;85;67;b_flakemarsh;x
5970;146;89;77;b_rocky_shore;x
5971;153;87;73;b_freshwater_forest;x
5972;142;77;67;b_timberfall;x
5973;210;159;134;b_slopepoint;x
5974;142;84;73;b_shady_shoals;x
5975;218;165;139;b_harsh_coast;x
5976;154;88;69;b_deerwood;x
5977;153;85;76;b_frozen_forest;x
5978;202;169;148;b_copperhead;x
5979;158;93;76;b_flooded_grove;x
5980;152;88;73;b_rivers_turn;x
5981;146;122;94;b_sunshine_pines;x
5982;129;82;80;b_warmwind_woods;x
5983;158;85;75;b_clubmoss;x
5984;137;83;63;b_foggy_beach;x
5985;152;85;95;b_bears_den;x
5986;143;84;62;b_wolfs_barrow;x
5987;158;95;74;b_eaglepass;x
5988;152;91;68;b_deepgrove;x
5989;153;122;91;b_tusk_lodge;x
5990;137;107;80;b_mossy_shore;x
5991;148;108;84;b_lowground_thicket;x
5992;183;133;86;b_hulders_grove;x
5993;144;79;62;b_hopewood;x
5994;154;90;72;b_hulderlake;x
5995;107;66;60;b_red_eyed_grove;x
5996;154;89;60;b_ravenwood;x
5997;134;76;78;b_haggen;x
5998;151;121;99;b_blistered_tree;x
5999;129;82;70;b_headwater_forest;x
6000;136;97;84;b_sprucewood_grove;x
6001;142;94;85;b_sorens_rest;x
6002;146;117;95;b_warmwood;x
6003;157;127;106;b_smoking_peaks;x
6004;139;94;85;b_last_remorse;x
6005;133;76;71;b_fallwood_grove;x
6006;146;103;87;b_sweetforest;x
6007;141;115;92;b_stony_hills;x
6008;112;67;69;b_windy_grave;x
6009;131;75;71;b_corpsefall;x
6010;128;74;67;b_cold_vale;x
6011;123;68;65;b_hags_peak;x
6012;111;60;57;b_rockside_woods;x
6013;119;74;68;b_slopehill_woods;x
6014;153;87;74;b_childrens_thicket;x
6015;159;89;72;b_old_grove;x
6016;153;87;69;b_direwolfs_grounds;x
6017;155;100;77;b_frozen_sprucewood;x
6018;159;85;67;b_stagwood;x
6019;156;101;88;b_witchs_grove;x
6020;157;93;75;b_joramuns_end;x
6021;151;89;87;b_hidden_camp;x
6022;156;86;72;b_grumkins_heart;x
6023;153;86;81;b_freshdew;x
6024;111;54;35;b_flowater_lodge;x
6025;146;72;59;b_windy_woods;x
6026;127;79;71;b_bearwood;x
6027;154;86;77;b_redtree_grove;x
6028;119;56;47;b_fist_of_the_first_men;x
6029;154;91;72;b_bentbirch;x
6030;123;79;63;b_spikemoss;x
6031;146;85;75;b_dogwood;x
6032;149;90;72;b_rich_dell;x
6033;127;80;63;b_grithome;x
6034;155;100;94;b_silverpack;x
6035;154;82;78;b_roundleaf;x
6036;153;93;71;b_furshakes;x
6037;155;102;103;b_wag_rock;x
6038;153;87;67;b_goutweed_hall;x
6039;190;141;87;b_steel_thicket;x
6040;139;78;65;b_elders_tomb;x
6041;154;85;66;b_the_north_grove;x
6042;154;89;73;b_auldern;x
6043;147;86;68;b_folkwood;x
6044;155;82;69;b_jorhouse;x
6045;133;73;62;b_auld_forest;x
6046;154;87;80;b_sturdy_hall;x
6047;155;117;90;b_woundwort;x
6048;189;143;110;b_sweetsap;x
6049;190;144;87;b_wargwood;x
6050;166;121;93;b_fernleaf;x
6051;149;113;81;b_leafy_trail;x
6052;183;136;86;b_crasters_keep;x
6053;190;141;91;b_vile_run;x
6054;206;164;136;b_cold_cradle;x
6055;210;164;142;b_creekdrift;x
6056;178;128;97;b_snowdrift;x
6057;197;155;127;b_fairneck;x
6058;185;137;106;b_rangers_road;x
6059;153;88;78;b_wargs_hall;x
6060;144;107;84;b_pinkneck;x
6061;185;139;86;b_sturdy_oak;x
6062;153;85;70;b_catwood;x
6063;112;57;50;b_howling_stream;x
6064;192;141;87;b_curlap;x
6065;190;139;108;b_whitetree;x
6066;147;104;90;b_fellcut;x
6067;176;139;121;b_spare_branch;x
6068;191;141;106;b_foxtrap;x
6069;220;161;122;b_storrolds_fort;x
6070;213;159;111;b_hardhome;x
6071;198;149;103;b_the_screaming_caves;x
6072;219;162;119;b_searwood;x
6073;218;169;124;b_ghoul_rock;x
6074;219;169;129;b_shelter_bay;x
6075;218;169;133;b_blacksnow;x
6076;154;121;92;b_brokenwood;x
6077;144;104;82;b_treeling;x
6078;161;125;86;b_skulking_timbers;x
6079;158;121;86;b_rootworm;x
6080;141;105;90;b_redmoss;x
6081;146;111;84;b_crabeater;x
6082;145;115;76;b_kelp_shore;x
6083;213;160;118;b_softshell;x
6084;148;111;76;b_sagenap;x
6085;145;109;99;b_gnarled_oak;x
6086;154;122;85;b_trunkrot;x
6087;155;121;82;b_beaters_lodge;x
6088;218;167;133;b_stainrock;x
6089;211;168;141;b_splitskull;x
6090;218;171;144;b_pup_shore;x
6091;212;166;137;b_raftwater;x
6092;149;112;74;b_frenn;x
6093;160;119;88;b_bear_root_hill;x
6094;160;121;86;b_bough;x
6095;158;137;87;b_grizzled_walk;x
6096;166;125;96;b_burl;x
6097;161;125;90;b_cracked_chest;x
6098;137;101;70;b_clawmarks;x
6099;166;127;103;b_redvetch;x
6100;1;2;2;lands_of_always_winter;x
6101;2;3;3;mountain_plc_1;x
6102;3;4;4;mountain_plc_2;x
6103;4;5;5;mountain_plc_3;x
6104;5;6;6;mountain_plc_4;x
6105;6;7;7;mountain_plc_5;x
6106;7;8;8;mountain_plc_6;x
6107;8;9;9;mountain_plc_7;x
6108;9;10;10;mountain_plc_8;x
6109;10;11;11;mountain_plc_9;x
6110;11;12;12;mountain_plc_10;x
6111;12;13;13;mountain_plc_11;x
6112;13;14;14;mountain_plc_12;x
6113;14;15;15;mountain_plc_13;x
6114;15;16;16;mountain_plc_14;x
6115;16;17;17;mountain_plc_15;x
6116;17;18;18;mountain_plc_16;x
6117;18;19;19;mountain_plc_17;x
6118;19;20;20;mountain_plc_18;x
6119;20;21;21;mountain_plc_19;x
6120;21;22;22;mountain_plc_20;x
6121;22;23;23;mountain_plc_21;x
6122;23;24;24;mountain_plc_22;x
6123;24;25;25;mountain_plc_23;x
6124;27;28;28;mountain_plc_26;x
6125;28;29;29;mountain_plc_27;x
6126;31;32;32;mountain_plc_30;x
6127;32;33;33;mountain_plc_31;x
6128;33;34;34;mountain_plc_32;x
6129;34;35;35;mountain_plc_33;x
6130;35;36;36;mountain_plc_34;x
6131;36;37;37;mountain_plc_35;x
6132;37;38;38;mountain_plc_36;x
6133;38;39;39;mountain_plc_37;x
6134;39;40;40;mountain_plc_38;x
6135;40;41;41;mountain_plc_39;x
6136;41;42;42;mountain_plc_40;x
6137;42;43;43;mountain_plc_41;x
6138;43;44;44;mountain_plc_42;x
6139;44;45;45;mountain_plc_43;x
6140;45;46;46;mountain_plc_44;x
6141;46;47;47;mountain_plc_45;x
6142;47;48;48;mountain_plc_46;x
6143;48;49;49;mountain_plc_47;x
6144;49;50;50;mountain_plc_48;x
6145;50;51;51;mountain_plc_49;x
6146;51;52;52;mountain_plc_50;x
6147;52;53;53;mountain_plc_51;x
6148;53;54;54;mountain_plc_52;x
6149;54;55;55;mountain_plc_53;x
6150;55;56;56;mountain_plc_54;x
6151;56;57;57;mountain_plc_55;x
6152;57;58;58;mountain_plc_56;x
6153;58;59;59;mountain_plc_57;x
6154;59;60;60;mountain_plc_58;x
6155;60;61;61;mountain_plc_59;x
6156;61;62;62;mountain_plc_60;x
6157;62;63;63;mountain_plc_61;x
6158;63;64;64;mountain_plc_62;x
6159;64;65;65;mountain_plc_63;x
6160;65;66;66;mountain_plc_64;x
6161;66;67;67;mountain_plc_65;x
6162;67;68;68;mountain_plc_66;x
6163;68;69;69;mountain_plc_67;x
6164;69;70;70;mountain_plc_68;x
6165;70;71;71;mountain_plc_69;x
6166;71;72;72;isle_of_faces;x
6167;33;0;163;bay_of_ice;x
6168;43;35;160;bay_of_ice;x
6169;35;29;135;bay_of_ice;x
6170;48;43;132;bay_plc_1;x
6171;42;38;117;bay_plc_2;x
6172;34;29;114;bay_of_ice;x
6173;37;33;150;bay_of_ice;x
6174;49;45;147;bay_of_ice;x
6175;56;52;168;bay_of_ice;x
6176;46;43;140;bay_of_ice;x
6177;38;37;119;sea_dragon_point;x
6178;30;30;117;bear_bay;x
6179;43;43;114;sea_dragon_point;x
6180;31;31;112;bay_of_ice;x
6181;25;25;91;bay_of_ice;x
6182;43;43;102;bay_of_ice;x
6183;48;48;137;frozen_shore;x
6184;72;72;135;sea_dragon_point;x
6185;57;57;132;frozen_shore;x
6186;57;57;173;frozen_shore;x
6187;44;44;135;frozen_shore;x
6188;70;70;132;sea_province_22;x
6189;51;15;255;sea_province_23;x
6190;34;15;255;sea_dragon_point;x
6191;25;12;206;stony_shore;x
6192;25;12;176;stony_shore;x
6193;19;10;147;stony_shore;x
6194;37;31;145;stony_shore;x
6195;54;49;142;stony_shore;x
6196;80;74;211;stony_shore;x
6197;65;60;209;saltspear;x
6198;32;26;206;saltspear;x
6199;51;46;209;blazewater_bay;x
6200;31;26;175;blazewater_bay;x
6201;37;31;211;blazewater_bay;x
6202;94;97;255;blazewater_bay;x
6203;36;30;204;cape_kraken;x
6204;36;30;168;cape_kraken;x
6205;47;43;165;ironmans_bay;x
6206;39;37;140;ironmans_bay;x
6207;39;37;106;ironmans_bay;x
6208;49;48;137;ironmans_bay;x
6209;64;64;135;ironmans_bay;x
6210;25;25;132;ironmans_bay;x
6211;36;36;193;ironmans_bay;x
6212;59;59;191;ironmans_bay;x
6213;35;35;160;ironmans_bay;x
6214;63;63;158;ironmans_bay;x
6215;29;29;155;ironmans_bay;x
6216;42;42;153;ironmans_bay;x
6217;42;29;153;ironmans_bay;x
6218;56;45;153;ironmans_bay;x
6219;38;26;153;ironmans_bay;x
6220;68;61;153;ironmans_bay;x
6221;10;0;153;ironmans_bay;x
6222;8;0;175;ironmans_bay;x
6223;8;0;255;ironmans_bay;x
6224;2;0;142;ironmans_bay;x
6225;0;0;63;ironmans_bay;x
6226;0;0;130;ironmans_bay;x
6227;0;0;96;ironmans_bay;x
6228;0;0;240;ironmans_bay;x
6229;39;39;229;ironmans_bay;x
6230;59;59;226;ironmans_bay;x
6231;76;76;224;ironmans_bay;x
6232;33;33;221;ironmans_bay;x
6233;0;0;219;ironmans_bay;x
6234;26;26;216;ironmans_bay;x
6235;23;23;183;ironmans_bay;x
6236;18;18;145;ironmans_bay;x
6237;52;52;188;ironmans_bay;x
6238;76;76;186;ironmans_bay;x
6239;40;40;183;ironmans_bay;x
6240;56;56;181;rocky_coast;x
6241;45;45;145;coast_of_fair_isle;x
6242;68;68;175;coast_of_fair_isle;x
6243;80;80;206;coast_of_fair_isle;x
6244;38;38;204;coast_of_fair_isle;x
6245;53;53;204;coast_of_fair_isle;x
6246;43;43;165;coast_of_kayce;x
6247;7;16;145;coast_of_feastfires;x
6248;31;38;142;bay_of_lannisport;x
6249;37;45;168;boar_coast;x
6250;32;39;140;oak_coast;x
6251;63;70;168;shield_sea;x
6252;64;71;170;shield_sea;x
6253;46;51;122;shield_sea;x
6254;34;40;119;shield_sea;x
6255;22;30;117;shield_sea;x
6256;30;42;158;shield_sea;x
6257;37;53;198;shield_sea;x
6258;60;74;196;shield_sea;x
6259;19;29;114;sea_province_93;x
6260;26;42;158;sea_province_94;x
6261;32;54;193;coast_of_oldtown;x
6262;49;70;191;whispering_sound;x
6263;28;49;168;whispering_sound;x
6264;32;55;188;whispering_sound;x
6265;48;69;186;coast_of_oldtown;x
6266;76;99;191;coast_of_oldtown;x
6267;28;60;188;sea_province_101;x
6268;27;53;183;arbor_straits;x
6269;22;43;147;arbor_straits;x
6270;34;55;145;arbor_straits;x
6271;28;46;119;arbor_straits;x
6272;42;57;117;arbor_straits;x
6273;58;79;163;arbor_straits;x
6274;38;62;160;arbor_straits;x
6275;46;75;193;arbor_straits;x
6276;33;71;175;sunset_sea;x
6277;24;53;127;sunset_sea;x
6278;32;71;170;sunset_sea;x
6279;47;81;168;sunset_sea;x
6280;35;63;135;sunset_sea;x
6281;26;56;132;sunset_sea;x
6282;31;66;155;sunset_sea;x
6283;36;77;181;sunset_sea;x
6284;55;90;178;sunset_sea;x
6285;84;111;175;sunset_sea;x
6286;48;83;163;sunset_sea;x
6287;35;62;119;sunset_sea;x
6288;16;41;89;sunset_sea;x
6289;21;54;117;sunset_sea;x
6290;40;66;114;sunset_sea;x
6291;15;38;79;sunset_sea;x
6292;24;63;130;sunset_sea;x
6293;42;74;127;sunset_sea;x
6294;33;58;99;sunset_sea;x
6295;76;99;192;sunset_sea;x
6296;17;50;80;sunset_sea;x
6297;20;44;137;the_torrentine;x
6298;29;66;198;the_torrentine;x
6299;49;90;224;the_torrentine;x
6300;31;69;183;coast_of_dorne;x
6301;23;51;137;coast_of_dorne;x
6302;27;61;163;coast_of_dorne;x
6303;54;89;193;coast_of_dorne;x
6304;20;39;84;coast_of_dorne;x
6305;28;54;117;coast_of_dorne;x
6306;35;59;114;coast_of_dorne;x
6307;46;79;150;southern_sea_of_dorne;x
6308;12;36;84;southern_sea_of_dorne;x
6309;17;50;117;southern_sea_of_dorne;x
6310;17;47;81;summer_sea;x
6311;13;24;40;stepstone_sea;x
6312;5;18;91;stepstone_sea;x
6313;11;24;89;stepstone_sea;x
6314;21;37;114;stepstone_sea;x
6315;34;48;112;stepstone_sea;x
6316;39;66;133;stepstone_sea;x
6317;20;28;119;stepstone_sea;x
6318;43;61;140;stepstone_sea;x
6319;53;70;137;stepstone_sea;x
6320;37;50;96;stepstone_sea;x
6321;44;61;114;stepstone_sea;x
6322;33;53;112;stepstone_sea;x
6323;20;44;109;stepstone_sea;x
6324;27;59;142;stepstone_sea;x
6325;52;87;175;stepstone_sea;x
6326;39;66;130;stepstone_sea;x
6327;26;44;86;stepstone_sea;x
6328;0;27;183;stepstone_sea;x
6329;22;64;147;northern_sea_of_dorne;x
6330;26;59;119;northern_sea_of_dorne;x
6331;20;46;91;northern_sea_of_dorne;x
6332;12;28;56;estermont_straits;x
6333;23;43;76;estermont_straits;x
6334;36;54;84;estermont_straits;x
6335;42;74;124;estermont_straits;x
6336;0;23;155;estermont_straits;x
6337;25;51;198;rainwood_coast;x
6338;18;42;181;straits_of_tarth;x
6339;43;68;196;straits_of_tarth;x
6340;22;38;102;straits_of_tarth;x
6341;38;66;175;straits_of_tarth;x
6342;9;18;53;straits_of_tarth;x
6343;36;58;165;shipbreaker_bay;x
6344;26;44;122;shipbreaker_bay;x
6345;47;58;104;shipbreaker_bay;x
6346;34;58;155;vallum_sea;x
6347;9;18;54;vallum_sea;x
6348;5;27;124;sea_province_320;x
6349;23;44;130;sea_province_321;x
6350;12;30;104;sea_province_322;x
6351;12;30;134;masseys_coast;x
6352;7;19;86;sea_province_324;x
6353;5;21;99;the_gullet;x
6354;7;29;127;the_gullet;x
6355;7;38;127;the_gullet;x
6356;14;31;79;the_gullet;x
6357;18;40;102;blackwater_bay;x
6358;25;55;140;blackwater_bay;x
6359;0;36;137;blackwater_bay;x
6360;0;23;94;blackwater_bay;x
6361;0;30;122;blackwater_bay;x
6362;19;46;127;blackwater_bay;x
6363;34;0;137;blackwater_bay;x
6364;7;30;162;whispering_sea;x
6365;33;58;198;whispering_sea;x
6366;17;38;145;bay_of_crabs;x
6367;17;26;145;bay_of_gulltown;x
6368;22;34;201;bay_of_crabs;x
6369;39;53;198;bay_of_crabs;x
6370;20;33;147;bay_of_crabs;x
6371;20;33;150;rune_sea;x
6372;33;56;237;rune_sea;x
6373;33;41;237;rune_sea;x
6374;27;35;193;anchor_bay;x
6375;19;27;175;eastweald_shore;x
6376;32;42;188;eastweald_shore;x
6377;19;32;165;eastweald_shore;x
6378;29;42;163;eastweald_shore;x
6379;36;50;175;eastweald_shore;x
6380;0;23;204;drainland_shore;x
6381;0;29;255;stonefall_coast;x
6382;0;19;163;bronze_bay;x
6383;0;21;183;sea_of_fingers;x
6384;0;27;232;sea_of_fingers;x
6385;5;26;186;sea_of_fingers;x
6386;4;22;155;sea_of_fingers;x
6387;4;22;160;sea_of_fingers;x
6388;10;32;175;sea_of_fingers;x
6389;36;54;173;sea_of_fingers;x
6390;5;28;178;sea_of_fingers;x
6391;26;46;175;sea_of_fingers;x
6392;20;37;135;sea_of_fingers;x
6393;10;19;71;sea_of_fingers;x
6394;22;29;68;sea_of_fingers;x
6395;0;11;66;the_bite;x
6396;0;11;93;the_bite;x
6397;0;11;135;the_bite;x
6398;0;11;42;rockle_bay;x
6399;0;0;142;the_bite;x
6400;0;0;154;the_bite;x
6401;0;0;190;the_bite;x
6402;33;33;188;the_bite;x
6403;16;16;186;the_bite;x
6404;0;11;39;the_bite;x
6405;35;41;209;the_bite;x
6406;24;40;178;the_knifes_mouth;x
6407;5;33;132;port_of_white_harbor;x
6408;22;27;130;the_bite;x
6409;0;9;198;the_bite;x
6410;0;9;231;the_bite;x
6411;27;37;229;keyguard_shore;x
6412;38;49;255;keyguard_shore;x
6413;0;9;207;stonefall_bay;x
6414;18;27;206;widows_sea;x
6415;22;38;255;widows_sea;x
6416;18;34;209;widows_sea;x
6417;36;0;209;widows_sea;x
6418;24;0;147;broadmend_bay;x
6419;0;0;145;tawney_bay;x
6420;36;36;175;overton_shore;x
6421;44;44;211;weeping_bay;x
6422;4;4;234;overton_bay;x
6423;4;4;247;the_grey_sea;x
6424;43;43;255;the_grey_sea;x
6425;28;28;255;the_grey_sea;x
6426;5;5;255;the_grey_sea;x
6427;40;35;135;the_grey_sea;x
6428;12;12;209;bay_of_seals;x
6429;33;71;178;bay_of_seals;x
6430;18;40;99;bay_of_seals;x
6431;0;27;96;bay_of_seals;x
6432;4;4;239;shivering_shore;x
6433;18;40;108;shivering_shore;x
6434;18;40;147;shivering_shore;x
6435;32;32;178;shivering_shore;x
6436;4;4;209;shivering_shore;x
6437;9;9;155;straits_of_skagos;x
6438;9;9;212;straits_of_skagos;x
6439;18;40;120;straits_of_skagos;x
6440;4;16;247;straits_of_skagos;x
6441;0;11;87;straits_of_skagos;x
6442;4;40;252;straits_of_skagos;x
6443;38;32;153;straits_of_skagos;x
6444;49;49;237;straits_of_skagos;x
6445;0;27;105;straits_of_skagos;x
6446;12;12;242;straits_of_skagos;x
6447;48;48;229;straits_of_skagos;x
6448;4;40;247;shivering_sea;x
6449;49;61;237;shivering_sea;x
6450;5;12;198;shivering_sea;x
6451;38;52;255;shivering_sea;x
6452;6;30;232;shivering_sea;x
6453;14;42;99;shivering_sea;x
6454;14;42;153;shivering_sea;x
6455;4;22;148;shivering_sea;x
6456;0;59;164;shivering_sea;x
6457;3;11;63;shivering_sea;x
6458;14;39;195;shivering_sea;x
6459;13;24;49;straits_of_tyrosh;x
6460;14;39;94;straits_of_tyrosh;x
6461;18;42;187;sea_of_myrth;x
6462;44;61;117;sea_of_myrth;x
6463;27;62;142;sea_of_myrth;x
6464;0;35;155;sea_of_myrth;x
6465;32;47;122;shore_of_pentos;x
6466;0;35;158;shore_of_pentos;x
6467;13;38;186;shore_of_pentos;x
6468;13;30;49;shore_of_pentos;x
6469;11;52;140;shore_of_pentos;x
6470;0;35;167;shore_of_pentos;x
6471;3;45;143;shore_of_pentos;x
6472;58;87;178;shore_of_pentos;x
6473;27;63;102;shore_of_pentos;x
6474;9;18;69;bay_of_pentos;x
6475;12;48;143;bay_of_pentos;x
6476;15;29;167;shore_of_pentos;x
6477;9;18;75;shore_of_pentos;x
6478;20;47;201;shore_of_pentos;x
6479;0;41;155;shore_of_braavos;x
6480;33;59;237;shore_of_braavos;x
6481;25;41;160;narrow_sea;x
6482;22;47;102;narrow_sea;x
6483;24;42;190;narrow_sea;x
6484;9;24;54;narrow_sea;x
6485;0;30;68;narrow_sea;x
6486;18;30;134;narrow_sea;x
6487;4;59;102;narrow_sea;x
6488;0;44;191;narrow_sea;x
6489;20;33;195;narrow_sea;x
6490;22;22;201;narrow_sea;x
6491;36;50;166;narrow_sea;x
6492;14;27;99;narrow_sea;x
6493;9;21;183;straits_of_braavos;x
6494;32;48;188;straits_of_braavos;x
6495;6;47;155;straits_of_braavos;x
6496;9;61;194;straits_of_braavos;x
6497;0;41;164;braavosi_shore;x
6498;13;24;46;the_blackwater;x
6499;0;39;137;the_blackwater;x
6500;25;55;143;the_blackwater;x
6501;44;66;175;the_blackwater;x
6502;14;31;76;the_blackwater;x
6503;7;25;145;the_blackwater;x
6504;21;44;191;the_blackwater;x
6505;24;18;54;the_blackwater;x
6506;76;91;224;the_blackwater;x
6507;21;27;56;the_blackwater;x
6508;37;12;137;the_blackwater;x
6509;22;62;102;the_blackwater;x
6510;25;37;132;the_blackwater;x
6511;31;22;201;the_blackwater;x
6512;12;38;116;the_blackwater;x
6513;16;59;102;the_blackwater;x
6514;43;58;155;the_blackwater;x
6515;15;21;69;the_blackwater;x
6516;25;29;127;gods_eye;x
6517;25;44;127;the_trident;x
6518;33;62;237;the_trident;x
6519;41;26;153;the_trident;x
6520;29;53;201;the_trident;x
6521;48;92;163;the_trident;x
6522;26;30;147;the_trident;x
6523;19;56;124;the_red_fork;x
6524;25;20;133;the_red_fork;x
6525;9;18;81;the_red_fork;x
6526;0;0;237;the_red_fork;x
6527;22;31;201;the_red_fork;x
6528;41;38;157;the_red_fork;x
6529;64;58;135;the_red_fork;x
6530;8;15;255;the_red_fork;x
6531;0;15;63;the_red_fork;x
6532;42;45;145;the_red_fork;x
6533;26;32;216;the_red_fork;x
6534;17;35;216;the_red_fork;x
6535;9;33;69;the_blue_fork;x
6536;26;56;207;the_blue_fork;x
6537;0;12;237;the_blue_fork;x
6538;26;42;147;the_blue_fork;x
6539;40;53;135;the_blue_fork;x
6540;0;21;237;the_blue_fork;x
6541;33;64;198;the_blue_fork;x
6542;12;15;63;the_blue_fork;x
6543;25;28;132;the_blue_fork;x
6544;9;33;75;the_green_fork;x
6545;33;67;198;the_green_fork;x
6546;6;21;237;the_green_fork;x
6547;48;95;163;the_green_fork;x
6548;30;60;181;the_green_fork;x
6549;9;24;81;the_green_fork;x
6550;20;51;147;the_green_fork;x
6551;35;44;160;the_green_fork;x
6552;12;30;63;the_green_fork;x
6553;6;21;231;the_green_fork;x
6554;33;50;237;the_green_fork;x
6555;15;6;193;the_green_fork;x
6556;20;6;255;the_green_fork;x
6557;32;60;188;the_green_fork;x
6558;65;59;191;the_green_fork;x
6559;6;14;93;the_green_fork;x
6560;10;9;153;the_green_fork;x
6561;65;66;209;the_white_knife;x
6562;6;6;198;the_white_knife;x
6563;15;30;232;the_white_knife;x
6564;14;48;153;the_white_knife;x
6565;37;26;175;the_white_knife;x
6566;14;24;132;the_white_knife;x
6567;0;20;42;the_white_knife;x
6568;0;26;158;the_white_knife;x
6569;34;33;255;the_white_knife;x
6570;91;99;255;the_white_knife;x
6571;12;24;54;the_mander;x
6572;37;54;198;the_mander;x
6573;45;56;122;the_mander;x
6574;45;52;122;the_mander;x
6575;10;25;54;the_mander;x
6576;46;61;117;the_mander;x
6577;13;37;84;the_mander;x
6578;25;64;147;the_mander;x
6579;16;38;80;the_mander;x
6580;65;70;168;the_mander;x
6581;8;59;102;the_mander;x
6582;25;32;127;the_mander;x
6583;5;26;183;the_mander;x
6584;48;65;193;the_mander;x
6585;19;26;40;the_greenblood;x
6586;60;89;193;the_greenblood;x
6587;30;58;163;the_greenblood;x
6588;12;18;53;the_greenblood;x
6589;16;29;114;the_greenblood;x
6590;20;47;137;the_greenblood;x
6591;6;27;183;the_greenblood;x
6592;37;69;183;the_greenblood;x
6593;12;30;54;the_greenblood;x
6594;52;96;175;the_greenblood;x
6595;19;41;114;the_greenblood;x
6596;42;59;117;sea_province_949;x
6597;33;12;163;sea_province_950;x
6598;25;40;91;sea_province_951;x
6599;13;52;247;sea_province_952;x
6600;18;49;108;sea_province_953;x
6601;27;49;108;sea_province_954;x
6602;27;61;108;sea_province_955;x
6603;44;80;186;sea_province_956;x
6604;44;86;186;sea_province_957;x
6605;35;95;186;sea_province_958;x
6606;12;11;87;sea_province_959;x
6607;12;14;87;sea_province_960;x
6608;12;17;96;sea_province_961;x
6609;12;20;102;sea_province_962;x
6610;15;20;102;sea_province_963;x
6611;15;23;102;sea_province_964;x
6612;6;11;93;sea_province_965;x
6613;12;11;93;sea_province_966;x
6614;12;14;93;sea_province_967;x
6615;21;14;93;sea_province_968;x
6616;37;48;168;sea_province_969;x
6617;37;54;168;sea_province_970;x
6618;26;30;153;sea_province_971;x
6619;255;255;255;impassable_sea_1;x
6620;166;203;186;impassable_land;x
6621;17;47;80;sunset_sea;x
6622;31;70;183;sunset_sea;x
6623;55;89;193;sunset_sea;x
6624;54;95;193;summer_sea;x
6625;28;58;191;summer_sea;x
6626;28;58;192;summer_sea;x
6627;15;24;40;summer_sea;x
6628;76;99;203;summer_sea;x
6629;67;88;178;summer_sea;x
6630;55;73;145;summer_sea;x
6631;24;42;199;summer_sea;x
6632;0;35;164;summer_sea;x
6633;12;48;84;summer_sea;x
6634;34;67;192;summer_sea;x
6635;21;35;164;summer_sea;x
6636;29;57;137;summer_sea;x
6637;15;24;139;summer_sea;x
6638;67;97;178;summer_sea;x
6639;54;66;133;summer_sea;x
6640;27;50;142;summer_sea;x
6641;31;87;183;summer_sea;x
6642;6;35;170;summer_sea;x
6643;0;35;170;summer_sea;x
6644;23;45;137;summer_sea;x
6645;15;24;142;summer_sea;x
6646;31;102;183;summer_sea;x
6647;24;24;54;summer_sea;x
6648;40;48;112;summer_sea;x
6649;39;61;163;summer_sea;x
6650;46;48;112;summer_sea;x
6651;67;103;178;summer_sea;x
6652;22;45;136;summer_sea;x
6653;24;24;60;summer_sea;x
6654;28;64;191;summer_sea;x
6655;15;33;142;summer_sea;x
6656;9;24;75;summer_sea;x
6657;24;38;158;summer_sea;x
6658;58;90;178;summer_sea;x
6659;23;53;80;summer_sea;x
6660;21;30;133;summer_sea;x
6661;29;63;140;summer_sea;x
6662;55;82;145;summer_sea;x
6663;12;24;75;summer_sea;x
6664;61;93;181;summer_sea;x
6665;27;41;229;summer_sea;x
6666;26;36;175;summer_sea;x
6667;10;23;75;summer_sea;x
6668;38;62;163;summer_sea;x
6669;16;42;90;summer_sea;x
6670;15;25;142;summer_sea;x
6671;38;61;166;summer_sea;x
6672;7;29;232;summer_sea;x
6673;20;46;138;summer_sea;x
6674;11;22;54;summer_sea;x
6675;10;23;76;summer_sea;x
6676;55;83;145;summer_sea;x
6677;7;36;170;summer_sea;x
6678;9;27;75;summer_sea;x
6679;22;46;136;summer_sea;x
6680;26;40;175;summer_sea;x
6681;37;63;166;summer_sea;x
6682;4;35;170;summer_sea;x
6683;20;42;90;summer_sea;x
6684;27;42;229;summer_sea;x
6685;33;42;199;straits_of_summer;x
6686;20;47;84;straits_of_summer;x
6687;23;48;137;straits_of_summer;x
6688;51;21;255;straits_of_summer;x
6689;42;61;163;straits_of_summer;x
6690;21;38;164;straits_of_summer;x
6691;21;41;164;straits_of_summer;x
6692;24;27;60;straits_of_summer;x
6693;21;30;139;straits_of_summer;x
6694;30;39;133;straits_of_summer;x
6695;0;29;155;straits_of_summer;x
6696;15;36;142;straits_of_summer;x
6697;24;24;63;straits_of_summer;x
6698;27;42;199;straits_of_summer;x
6699;24;48;84;straits_of_summer;x
6700;55;85;157;straits_of_summer;x
6701;23;47;81;straits_of_summer;x
6702;12;29;155;indigo_straits;x
6703;27;30;133;indigo_straits;x
6704;17;47;84;indigo_straits;x
6705;25;31;132;indigo_straits;x
6706;20;36;195;indigo_straits;x
6707;29;44;137;indigo_straits;x
6708;21;36;133;straits_of_summer;x
6709;27;41;164;straits_of_summer;x
6710;7;16;148;straits_of_summer;x
6711;39;67;163;straits_of_summer;x
6712;32;63;140;straits_of_summer;x
6713;21;35;170;straits_of_summer;x
6714;6;35;155;straits_of_summer;x
6715;18;24;139;straits_of_summer;x
6716;30;45;199;straits_of_summer;x
6717;21;24;40;straits_of_summer;x
6718;29;66;146;straits_of_summer;x
6719;9;41;164;straits_of_summer;x
6720;58;99;178;straits_of_summer;x
6721;21;39;139;straits_of_summer;x
6722;3;35;164;straits_of_summer;x
6723;24;36;139;straits_of_summer;x
6724;24;53;164;straits_of_summer;x
6725;24;35;164;straits_of_summer;x
6726;15;27;145;straits_of_summer;x
6727;9;21;130;straits_of_summer;x
6728;8;30;138;straits_of_summer;x
6729;22;73;147;straits_of_summer;x
6730;6;0;63;straits_of_summer;x
6731;34;42;199;straits_of_summer;x
6732;32;66;140;straits_of_summer;x
6733;24;41;199;straits_of_summer;x
6734;19;37;195;straits_of_summer;x
6735;15;25;40;straits_of_summer;x
6736;20;24;139;straits_of_summer;x
6737;12;49;84;straits_of_summer;x
6738;7;2;255;straits_of_summer;x
6739;15;29;145;straits_of_summer;x
6740;67;89;178;straits_of_summer;x
6741;27;32;133;straits_of_summer;x
6742;26;44;137;straits_of_summer;x
6743;33;43;199;straits_of_summer;x
6744;6;4;63;straits_of_summer;x
6745;13;24;75;straits_of_summer;x
6746;21;37;164;straits_of_summer;x
6747;22;44;147;straits_of_summer;x
6748;39;63;163;straits_of_summer;x
6749;24;26;60;straits_of_summer;x
6750;56;82;145;straits_of_summer;x
6751;28;59;192;straits_of_summer;x
6752;3;35;155;straits_of_summer;x
6753;76;100;192;straits_of_summer;x
6754;3;35;170;straits_of_summer;x
6755;31;72;183;straits_of_summer;x
6756;8;12;198;straits_of_summer;x
6757;75;97;192;straits_of_summer;x
6758;12;23;75;straits_of_summer;x
6759;5;24;132;shivering_sea;x
6760;14;47;153;shivering_sea;x
6761;38;59;237;shivering_sea;x
6762;5;11;63;shivering_sea;x
6763;26;22;201;shivering_sea;x
6764;41;56;255;shivering_sea;x
6765;33;69;237;shivering_sea;x
6766;11;24;132;shivering_sea;x
6767;41;52;255;shivering_sea;x
6768;14;44;153;shivering_sea;x
6769;11;24;54;shivering_sea;x
6770;5;40;248;shivering_sea;x
6771;54;45;210;shivering_sea;x
6772;49;83;163;shivering_sea;x
6773;38;55;255;shivering_sea;x
6774;76;102;192;shivering_sea;x
6775;3;10;38;shivering_sea;x
6776;9;39;250;shivering_sea;x
6777;18;39;195;shivering_sea;x
6778;19;29;167;shivering_sea;x
6779;17;43;153;shivering_sea;x
6780;43;66;175;shivering_sea;x
6781;33;65;237;braavosi_shore;x
6782;14;30;99;braavosi_shore;x
6783;14;40;195;lorath_bay;x
6784;26;23;201;lorath_bay;x
6785;29;39;68;lorath_bay;x
6786;36;57;237;lorath_bay;x
6787;15;24;132;lorath_bay;x
6788;18;42;195;lorath_bay;x
6789;38;48;188;lorath_bay;x
6790;6;10;63;lorath_bay;x
6791;25;47;201;lorath_bay;x
6792;19;39;195;lorath_bay;x
6793;41;60;255;lorath_bay;x
6794;15;46;153;sea_province_504;x
6795;42;51;255;sea_province_505;x
6796;21;37;136;axe_shore;x
6797;27;23;197;axe_shore;x
6798;22;42;195;axe_shore;x
6799;10;10;63;axe_shore;x
6800;82;109;204;axe_shore;x
6801;20;30;99;axe_shore;x
6802;59;44;210;sea_province_512;x
6803;9;40;248;sea_province_513;x
6804;14;45;99;sea_province_514;x
6805;9;40;252;sea_province_515;x
6806;6;11;63;sea_province_516;x
6807;6;39;248;sea_province_517;x
6808;34;73;237;sea_province_518;x
6809;24;22;201;sea_province_519;x
6810;29;40;175;sea_province_520;x
6811;36;58;99;sea_province_521;x
6812;10;30;232;sea_province_522;x
6813;79;99;192;sea_province_523;x
6814;31;102;185;sea_province_524;x
6815;13;24;54;sea_province_525;x
6816;4;39;248;sea_province_526;x
6817;54;77;249;sea_province_527;x
6818;18;24;136;sea_province_529;x
6819;9;35;170;sea_province_530;x
6820;61;90;178;sea_province_531;x
6821;3;6;255;sea_province_532;x
6822;32;64;191;sea_province_533;x
6823;39;66;163;sea_province_534;x
6824;57;45;210;sea_province_535;x
6825;39;66;175;sea_province_536;x
6826;9;11;63;sea_province_537;x
6827;47;81;183;sea_province_538;x
6828;8;10;67;sea_province_539;x
6829;46;35;160;sea_province_540;x
6830;0;35;171;sea_province_541;x
6831;2;20;124;sea_province_542;x
6832;15;38;232;sea_province_543;x
6833;12;41;158;sea_province_544;x
6834;15;30;142;sea_province_545;x
6835;31;108;185;sea_province_546;x
6836;17;39;153;sea_province_547;x
6837;10;26;232;sea_province_548;x
6838;36;62;99;sea_province_549;x
6839;10;13;63;sea_province_550;x
6840;5;45;248;sea_province_551;x
6841;8;21;124;sea_province_552;x
6842;3;38;172;sea_province_553;x
6843;32;40;175;sea_province_554;x
6844;17;58;153;sea_province_555;x
6845;9;45;248;sea_province_556;x
6846;54;45;213;sea_province_557;x
6847;11;39;248;sea_province_558;x
6848;30;63;206;sea_province_559;x
6849;15;39;248;sea_province_560;x
6850;13;29;54;sea_province_561;x
6851;62;45;213;sea_province_562;x
6852;20;28;168;sea_province_563;x
6853;19;23;167;sea_province_564;x
6854;19;39;248;sea_province_565;x
6855;24;28;168;sea_province_566;x
6856;36;63;206;sea_province_567;x
6857;16;11;63;sea_province_568;x
6858;18;30;136;sea_province_569;x
6859;48;66;175;sea_province_570;x
6860;20;26;168;sea_province_571;x
6861;62;47;213;sea_province_572;x
6862;33;63;206;sea_province_573;x
6863;22;30;136;sea_province_574;x
6864;28;28;168;sea_province_575;x
6865;23;39;248;sea_province_576;x
6866;19;11;63;sea_province_577;x
6867;23;33;216;sea_province_578;x
6868;53;78;204;sea_province_579;x
6869;39;63;206;sea_province_580;x
6870;13;35;54;sea_province_581;x
6871;19;12;63;sea_province_582;x
6872;12;39;248;sea_province_583;x
6873;27;30;136;sea_province_584;x
6874;32;109;186;sea_province_585;x
6875;14;17;63;sea_province_586;x
6876;34;64;207;sea_province_587;x
6877;20;26;162;sea_province_588;x
6878;38;73;237;sea_province_589;x
6879;39;41;165;sea_province_590;x
6880;29;39;248;sea_province_591;x
6881;63;44;217;sea_province_592;x
6882;27;26;162;sea_province_593;x
6883;17;35;54;sea_province_594;x
6884;41;43;170;sea_province_595;x
6885;27;26;168;sea_province_596;x
6886;26;30;136;sea_province_597;x
6887;15;46;248;sea_province_598;x
6888;27;17;63;sea_province_599;x
6889;66;44;217;sea_province_600;x
6890;28;51;137;sea_province_601;x
6891;11;18;91;sea_province_602;x
6892;40;102;183;sea_province_603;x
6893;31;61;163;sea_province_604;x
6894;8;27;183;sea_province_605;x
6895;18;36;84;sea_province_606;x
6896;59;87;178;sea_province_607;x
6897;17;18;95;sea_province_608;x
6898;28;45;137;sea_province_609;x
6899;6;37;170;sea_province_610;x
6900;34;102;183;sea_province_611;x
6901;8;35;170;sea_province_612;x
6902;24;29;54;sea_province_613;x
6903;30;45;137;sea_province_614;x
6904;18;23;75;sea_province_615;x
6905;65;87;178;sea_province_616;x
6906;10;27;232;sea_province_617;x
6907;24;28;54;sea_province_618;x
6908;34;59;192;sea_province_619;x
6909;19;27;75;sea_province_620;x
6910;28;30;133;sea_province_621;x
6911;11;24;149;sea_province_622;x
6912;22;41;136;sea_province_623;x
6913;64;103;178;sea_province_624;x
6914;26;27;75;sea_province_625;x
6915;28;46;229;sea_province_626;x
6916;25;45;136;sea_province_627;x
6917;13;27;75;sea_province_628;x
6918;47;48;112;sea_province_629;x
6919;19;26;75;sea_province_630;x
6920;13;27;232;sea_province_631;x
6921;93;114;155;sea_province_632;x
6922;67;87;178;sea_province_633;x
6923;24;28;59;sea_province_634;x
6924;29;45;136;sea_province_635;x
6925;39;65;163;sea_province_636;x
6926;14;35;155;sea_province_637;x
6927;25;27;75;sea_province_638;x
6928;12;37;170;sea_province_639;x
6929;26;44;175;sea_province_640;x
6930;22;47;136;sea_province_641;x
6931;24;73;124;sea_province_642;x
6932;21;27;232;sea_province_643;x
6933;28;50;229;sea_province_644;x
6934;18;48;181;sea_province_645;x
6935;31;73;124;sea_province_646;x
6936;21;28;232;sea_province_647;x
6937;10;28;75;sea_province_648;x
6938;26;41;175;sea_province_649;x
6939;62;58;153;sea_province_650;x
6940;27;43;229;sea_province_651;x
6941;19;33;75;sea_province_652;x
6942;66;103;179;sea_province_653;x
6943;22;27;232;sea_province_654;x
6944;11;35;149;sea_province_655;x
6945;15;29;139;sea_province_656;x
6946;9;32;170;sea_province_657;x
6947;33;30;133;sea_province_658;x
6948;19;29;232;sea_province_659;x
6949;19;42;75;sea_province_660;x
6950;36;105;183;sea_province_661;x
6951;10;36;170;sea_province_662;x
6952;26;39;175;sea_province_663;x
6953;45;45;229;sea_province_664;x
6954;30;44;175;sea_province_665;x
6955;20;22;54;sea_province_666;x
6956;29;47;136;sea_province_667;x
6957;14;35;170;sea_province_668;x
6958;10;35;170;sea_province_669;x
6959;37;105;183;sea_province_670;x
6960;25;23;75;sea_province_671;x
6961;10;36;174;sea_province_672;x
6962;27;40;175;sea_province_673;x
6963;22;18;95;sea_province_674;x
6964;11;36;170;sea_province_675;x
6965;27;39;175;sea_province_676;x
6966;22;18;94;sea_province_677;x
6967;25;29;54;sea_province_678;x
6968;35;102;183;sea_province_679;x
6969;8;29;232;sea_province_680;x
6970;31;50;142;sea_province_681;x
6971;21;19;95;sea_province_682;x
6972;68;104;178;sea_province_683;x
6973;24;24;64;sea_province_684;x
6974;12;25;132;sea_province_685;x
6975;4;38;170;sea_province_686;x
6976;38;63;166;sea_province_687;x
6977;6;28;168;sea_province_688;x
6978;12;36;170;sea_province_689;x
6979;26;18;95;sea_province_690;x
6980;12;29;232;sea_province_691;x
6981;67;107;178;sea_province_692;x
6982;14;0;175;sea_province_693;x
6983;25;29;75;sea_province_694;x
6984;37;42;229;sea_province_695;x
6985;13;36;170;sea_province_696;x
6986;35;108;183;sea_province_697;x
6987;28;50;147;sea_province_698;x
6988;4;44;170;sea_province_699;x
6989;16;27;75;sea_province_700;x
6990;19;47;138;sea_province_701;x
6991;43;61;166;sea_province_702;x
6992;10;40;170;sea_province_703;x
6993;21;42;229;sea_province_704;x
6994;18;0;175;sea_province_705;x
6995;15;29;232;sea_province_706;x
6996;40;105;183;sea_province_707;x
6997;13;4;63;sea_province_708;x
6998;11;35;170;sea_province_709;x
6999;15;23;76;sea_province_710;x
7000;26;30;133;sea_province_711;x
7001;18;7;175;sea_province_712;x
7002;16;35;170;sea_province_713;x
7003;18;14;175;sea_province_714;x
7004;44;48;112;sea_province_715;x
7005;13;6;63;sea_province_716;x
7006;39;31;133;sea_province_717;x
7007;26;45;136;sea_province_718;x
7008;26;28;95;sea_province_719;x
7009;20;24;40;sea_province_720;x
7010;29;47;229;sea_province_721;x
7011;24;18;95;sea_province_722;x
7012;14;30;232;sea_province_723;x
7013;45;64;166;sea_province_724;x
7014;29;36;175;sea_province_725;x
7015;17;19;187;sea_province_726;x
7016;16;33;75;sea_province_727;x
7017;68;103;179;sea_province_728;x
7018;17;24;57;sea_province_729;x
7019;31;42;230;sea_province_730;x
7020;18;29;232;sea_province_731;x
7021;22;47;80;sea_province_732;x
7022;11;10;52;sea_province_733;x
7023;42;105;183;sea_province_734;x
7024;15;29;142;sea_province_735;x
7025;42;72;166;sea_province_736;x
7026;20;51;137;sea_province_737;x
7027;20;21;63;sea_province_738;x
7028;36;43;230;sea_province_739;x
7029;24;40;158;sea_province_740;x
7030;25;18;95;sea_province_741;x
7031;12;59;164;sea_province_742;x
7032;8;7;255;sea_province_743;x
7033;15;30;137;sea_province_744;x
7034;23;43;90;sea_province_745;x
7035;16;59;164;sea_province_746;x
7036;24;51;137;sea_province_747;x
7037;12;11;255;sea_province_748;x
7038;42;43;230;sea_province_749;x
7039;20;42;230;sea_province_750;x
7040;36;50;230;sea_province_751;x
7041;82;123;153;sea_province_752;x
7042;12;23;76;sea_province_753;x
7043;59;81;145;sea_province_754;x
7044;39;29;133;sea_province_755;x
7045;17;35;149;sea_province_756;x
7046;15;27;75;sea_province_757;x
7047;24;24;66;sea_province_758;x
7048;23;24;139;sea_province_759;x
7049;31;36;175;sea_province_760;x
7050;14;27;75;sea_province_761;x
7051;34;29;133;sea_province_762;x
7052;46;105;183;sea_province_763;x
7053;25;24;95;sea_province_764;x
7054;17;19;67;sea_province_765;x
7055;35;40;173;sea_province_766;x
7056;50;45;229;sea_province_767;x
7057;22;27;75;sea_province_768;x
7058;59;75;150;sea_province_769;x
7059;37;46;229;sea_province_770;x
7060;34;64;191;sea_province_771;x
7061;16;30;75;sea_province_772;x
7062;4;35;163;sea_province_773;x
7063;57;75;150;sea_province_774;x
7064;30;42;229;sea_province_775;x
7065;13;28;75;sea_province_776;x
7066;49;64;166;sea_province_777;x
7067;29;42;90;sea_province_778;x
7068;25;33;75;sea_province_779;x
7069;41;46;229;sea_province_780;x
7070;59;76;150;sea_province_781;x
7071;13;21;63;sea_province_782;x
7072;42;64;166;sea_province_783;x
7073;39;30;133;sea_province_784;x
7074;24;42;90;sea_province_785;x
7075;16;21;63;sea_province_786;x
7076;26;42;90;sea_province_787;x
7077;45;105;185;sea_province_788;x
7078;30;26;40;sea_province_789;x
7079;18;7;119;sea_province_790;x
7080;18;7;140;sea_province_791;x
7081;16;31;109;sea_province_792;x
7082;74;79;226;sea_province_793;x
7083;16;30;68;sea_province_794;x
7084;33;29;232;sea_province_795;x
7085;47;105;183;sea_province_796;x
7086;23;21;63;sea_province_797;x
7087;40;90;155;sea_province_798;x
7088;14;27;183;sea_province_799;x
7089;8;8;255;sea_province_800;x
7090;25;15;95;sea_province_801;x
7091;45;66;166;sea_province_802;x
7092;26;14;175;sea_province_803;x
7093;27;21;63;sea_province_804;x
7094;46;72;166;sea_province_805;x
7095;20;33;75;sea_province_806;x
7096;15;29;135;sea_province_807;x
7097;21;30;232;sea_province_808;x
7098;24;40;166;sea_province_809;x
7099;20;27;183;sea_province_810;x
7100;36;52;230;sea_province_811;x
7101;44;50;230;sea_province_812;x
7102;27;21;64;sea_province_813;x
7103;29;54;229;sea_province_814;x
7104;20;54;230;sea_province_815;x
7105;24;29;142;sea_province_816;x
7106;32;26;40;sea_province_817;x
7107;43;43;230;sea_province_818;x
7108;13;11;255;sea_province_819;x
7109;18;11;186;sea_province_820;x
7110;24;35;170;sea_province_821;x
7111;37;33;232;sea_province_822;x
7112;52;42;229;sea_province_823;x
7113;19;13;139;sea_province_824;x
7114;39;64;191;sea_province_825;x
7115;31;48;198;sea_province_826;x
7116;24;29;95;sea_province_827;x
7117;48;31;133;sea_province_828;x
7118;38;42;230;sea_province_829;x
7119;54;105;183;sea_province_830;x
7120;20;22;63;sea_province_831;x
7121;36;55;230;sea_province_832;x
7122;17;13;139;sea_province_833;x
7123;53;31;133;sea_province_834;x
7124;36;58;230;sea_province_835;x
7125;33;43;230;sea_province_836;x
7126;30;18;95;sea_province_837;x
7127;24;30;232;sea_province_838;x
7128;10;9;255;sea_province_839;x
7129;12;50;145;qhoyne;x
7130;12;18;79;qhoyne;x
7131;17;50;140;qhoyne;x
7132;26;28;100;qhoyne;x
7133;18;49;181;qhoyne;x
7134;11;28;168;qhoyne;x
7135;26;30;99;sea_province_846;x
7136;6;9;223;noyne;x
7137;19;28;164;noyne;x
7138;15;19;74;noyne;x
7139;9;9;224;noyne;x
7140;16;13;75;little_rhoyne;x
7141;38;42;192;little_rhoyne;x
7142;22;41;183;little_rhoyne;x
7143;11;40;248;rhoyne;x
7144;16;21;52;rhoyne;x
7145;26;42;91;rhoyne;x
7146;23;32;109;rhoyne;x
7147;15;41;252;rhoyne;x
7148;18;34;46;rhoyne;x
7149;25;39;109;rhoyne;x
7150;32;52;181;rhoyne;x
7151;19;27;79;dagger_lake;x
7152;20;39;93;rhoyne;x
7153;14;43;238;rhoyne;x
7154;15;37;170;rhoyne;x
7155;39;51;113;rhoyne;x
7156;17;29;225;rhoyne;x
7157;17;24;91;rhoyne;x
7158;28;29;232;rhoyne;x
7159;17;36;85;rhoyne;x
7160;47;47;116;rhoyne;x
7161;11;37;170;rhoynish_delta;x
7162;28;55;137;rhoynish_delta;x
7163;10;36;232;rhoynish_delta;x
7164;19;31;232;sea_province_875;x
7165;49;82;247;sea_province_876;x
7166;9;39;248;sea_province_877;x
7167;10;11;63;sea_province_878;x
7168;27;30;99;sea_province_879;x
7169;20;39;240;sea_province_880;x
7170;76;104;174;sea_province_881;x
7171;26;33;97;sea_province_882;x
7172;21;39;241;sea_province_883;x
7173;27;33;94;sea_province_884;x
7174;25;39;240;sea_province_885;x
7175;24;29;163;sea_province_886;x
7176;40;40;175;sea_province_887;x
7177;26;39;233;sea_province_888;x
7178;33;24;64;sea_province_889;x
7179;19;29;228;sea_province_890;x
7180;14;13;63;sea_province_891;x
7181;33;61;163;sea_province_892;x
7182;30;39;233;sea_province_893;x
7183;33;24;61;sea_province_894;x
7184;84;109;204;sea_province_895;x
7185;18;28;223;sea_province_896;x
7186;14;29;63;sea_province_897;x
7187;28;44;235;sea_province_898;x
7188;7;14;61;sea_province_899;x
7189;65;46;213;sea_province_900;x
7190;22;31;215;sea_province_901;x
7191;28;52;235;sea_province_902;x
7192;14;21;63;sea_province_903;x
7193;22;40;227;sea_province_904;x
7194;11;9;58;sea_province_905;x
7195;14;39;239;sea_province_906;x
7196;24;31;97;sea_province_907;x
7197;11;33;228;sea_province_908;x
7198;12;12;63;sea_province_909;x
7199;7;40;248;sea_province_910;x
7200;29;69;232;sea_province_911;x
7201;14;14;64;sea_province_912;x
7202;10;25;133;sea_province_913;x
7203;10;40;247;sea_province_914;x
7204;35;59;96;sea_province_915;x
7205;24;22;202;sea_province_916;x
7206;23;34;53;sea_province_917;x
7207;14;29;131;sea_province_918;x
7208;7;40;235;sea_province_919;x
7209;9;36;253;sea_province_920;x
7210;11;11;58;sea_province_921;x
7211;34;68;231;sea_province_922;x
7212;38;60;96;sea_province_923;x
7213;19;25;132;sea_province_924;x
7214;14;40;243;sea_province_925;x
7215;18;36;126;sea_province_926;x
7216;22;44;247;sea_province_927;x
7217;18;18;58;sea_province_928;x
7218;40;63;96;sea_province_929;x
7219;38;59;104;sea_province_930;x
7220;14;40;248;sea_province_931;x
7221;20;26;131;sea_province_932;x
7222;11;40;235;sea_province_933;x
7223;13;18;61;sea_province_934;x
7224;17;40;240;sea_province_935;x
7225;18;32;126;sea_province_936;x
7226;18;37;245;sea_province_937;x
7227;38;60;92;sea_province_938;x
7228;21;37;128;sea_province_939;x
7229;21;33;128;sea_province_940;x
7230;19;40;240;sea_province_941;x
7231;22;36;125;sea_province_942;x
7232;36;70;235;sea_province_943;x
7233;19;13;63;sea_province_944;x
7234;14;40;232;sea_province_945;x
7235;22;35;123;sea_province_946;x
7236;18;40;232;sea_province_947;x
7237;29;45;229;sea_province_948;x
7238;28;24;63;sea_province_949;x
7239;21;29;232;sea_province_950;x
7240;17;34;169;sea_province_951;x
7241;42;62;160;sea_province_952;x
7242;22;25;77;sea_province_953;x
7243;73;103;179;sea_province_954;x
7244;19;35;228;sea_province_955;x
7245;20;26;132;sea_province_956;x
7246;22;42;187;sea_province_957;x
7247;24;26;54;sea_province_958;x
7248;41;66;175;sea_province_959;x
7249;14;37;170;sea_province_960;x
7250;33;40;175;sea_province_961;x
7251;22;23;167;sea_province_962;x
7252;29;29;95;sea_province_963;x
7253;19;35;167;sea_province_964;x
7254;23;26;162;sea_province_965;x
7255;17;30;55;sea_province_966;x
7256;18;14;63;sea_province_967;x
7257;27;39;248;sea_province_968;x
7258;29;18;95;sea_province_969;x
7259;233;25;25;b_pullridge;x
7260;169;45;24;b_merchland;x
7261;196;62;59;b_brickwell;x
7262;202;45;45;b_blue_depths;x
7263;243;81;93;b_knights_bridge;x
7264;231;119;93;b_old_lordsgrove;x
7265;43;113;171;b_misty_isle;x
7266;86;89;90;b_mouse_rock;x
7267;78;126;169;wall_impassible;x
7268;26;24;24;sevenpoints_ridge;x
7269;6;30;131;darkwash;x
7270;20;31;78;darkwash;x
7271;6;47;221;darkwash;x
7272;28;36;70;darkwash;x
7273;7;44;200;darkwash;x
7274;22;33;75;darkwash;x
7275;8;24;93;darkwash;x
7276;30;41;91;darkwash;x
7277;7;33;150;noyne;x
7278;23;31;179;noyne;x
7279;14;19;95;noyne;x
7280;2;120;175;b_bryony;x
7281;0;161;225;b_hartle;x
7282;39;125;241;b_minstridge;x
7283;110;133;255;b_woodrush;x
7284;142;255;255;b_corings;x
7285;111;176;231;b_stenchpool;x
7286;152;199;239;b_marshview;x
7287;110;234;255;b_fake_port;x
7288;70;179;215;b_disputed_peak;x
7289;73;164;204;b_bloomridge;x
7290;66;178;227;b_broadstream;x
7291;159;122;112;b_ruins;x
7292;135;103;95;b_more_ruin;x
7293;175;140;130;b_the_most_ruin;x
7294;105;168;106;b_bloodstone_lair;x
7295;102;181;104;b_bloodstain;x
7296;100;194;103;b_riftguard;x
7297;107;164;108;b_sorrows_harbor;x
7298;60;164;63;b_blood_cover;x
7299;89;182;92;b_banefalter;x
7300;101;198;103;b_stillblood;x
7301;96;181;98;b_torment_point;x
7302;110;174;111;b_harmhaven;x
7303;80;175;84;b_sandsting;x
7304;90;195;94;b_final_footsteps;x
7305;58;154;61;b_vandals_run;x
7306;84;201;88;b_scorpions_rise;x
7307;87;188;91;b_sunstone_cover;x
7308;69;152;71;b_sackers_grotto;x
7309;55;158;58;b_gentlerock;x
7310;90;200;94;b_prowlers_finger;x
7311;49;165;52;b_daggerbreak;x
7312;98;162;99;b_somberys;x
7313;88;187;90;b_the_stash;x
7314;88;170;89;b_wreckstone_point;x
7315;97;177;98;b_downgrave;x
7316;84;172;85;b_gallow_cove;x
7317;100;184;101;b_scarlet_harm;x
7318;114;180;116;b_downseed;x
7319;95;156;97;b_rock_of_narin;x
7320;84;194;86;b_skullhammer;x
7321;58;156;60;b_fathers_bane;x
7322;58;171;60;b_hellbrace;x
7323;76;169;78;b_hammerchild;x
7324;63;161;65;b_sharp_shore;x
7325;114;175;115;b_lairwater;x
7326;53;168;56;b_blightskull;x
7327;108;197;110;b_driftskull;x
7328;92;146;92;b_thiefwater;x
7329;110;194;112;b_queensburden;x
7330;94;181;97;b_seasong;x
7331;63;172;65;b_morrefall;x
7332;94;154;95;b_almodwyn;x
7333;78;174;81;b_maidens_bed;x
7334;87;186;90;b_spoil_cove;x
7335;36;169;40;b_circle_of_skulls;x
7336;23;190;29;b_raidmaiden;x
7337;44;170;48;b_indigo_stand;x
7338;60;179;64;b_reckoners_regard;x
7339;66;173;69;b_striped_mask;x
7340;75;198;79;b_viridian_stay;x
7341;86;187;89;b_saamhars_spear;x
7342;46;174;50;b_tradesbane;x
7343;76;186;80;b_crimson_scar;x
7344;95;198;98;b_jade_run;x
7345;123;211;126;b_oledos_bounty;x
7346;141;214;143;b_goodmerchant;x
7347;131;199;133;b_howlhaven;x
7348;105;200;108;b_prendos_point;x
7349;83;197;87;b_looters_line;x
7350;106;204;109;b_smoking_serpent;x
7351;208;3;125;b_zobri_bastion;x
7352;171;46;122;b_quilt_harbor;x
7353;170;0;101;b_dye_district;x
7354;203;0;120;b_kerkosh;x
7355;153;0;91;b_soot_dorun;x
7356;156;0;92;b_the_bleeding_tower;x
7357;166;0;97;b_brandy_row;x
7358;205;0;120;b_temple_of_trios;x
7359;134;0;80;b_bleak_point;x
7360;151;0;88;b_snailery;x
7361;175;0;103;b_whelcastle;x
7362;197;0;116;b_dynelos;x
7363;176;43;127;b_little_tyrosh;x
7364;147;42;115;b_droplet_hold;x
7365;176;31;119;b_riroorys;x
7366;175;17;130;b_tean;x
7367;101;3;63;b_tarish;x
7368;191;34;147;b_tin_field;x
7369;176;76;147;b_tandaynish;x
7370;183;17;130;b_tanners_wood;x
7371;141;11;96;b_stramanosh;x
7372;153;12;108;b_straw_tower;x
7373;165;15;121;b_kylos;x
7374;156;13;117;b_kycastle;x
7375;190;32;141;b_old_kyland;x
7376;112;9;83;b_adoorys;x
7377;195;54;161;b_doorwood;x
7378;141;6;95;b_adaron_gates;x
7379;114;10;84;b_mersh;x
7380;198;6;119;b_brandarosh;x
7381;178;19;126;b_brand_grains;x
7382;108;10;80;b_vilibosh;x
7383;94;1;59;b_villains_gate;x
7384;168;14;125;b_quirron;x
7385;101;7;69;b_the_wilds;x
7386;125;10;89;b_the_step;x
7387;148;5;94;b_rutish;x
7388;233;226;232;b_lys;x
7389;200;195;199;b_temple_of_trade;x
7390;133;129;132;b_twilight_sanctuary;x
7391;229;214;226;b_street_of_tears;x
7392;205;196;203;b_radiant_harbor;x
7393;245;233;243;b_perfumed_garden;x
7394;229;223;228;b_tresser;x
7395;207;195;205;b_silver_mint;x
7396;175;162;173;b_lilac_markets;x
7397;175;173;175;b_drakes_rest;x
7398;204;198;203;b_myon;x
7399;137;133;136;b_lrar;x
7400;219;200;216;b_leisure;x
7401;167;161;166;b_bynne;x
7402;171;168;168;b_boeanare;x
7403;198;193;193;b_rorsarios;x
7404;231;223;223;b_silvered_bluff;x
7405;140;138;138;b_laraokten;x
7406;220;219;219;b_maesonis;x
7407;171;166;166;b_kornovear;x
7408;206;205;205;b_qeldlen;x
7409;225;221;221;b_aergantea;x
7410;210;203;203;b_aercadar;x
7411;207;203;203;b_unsareanos;x
7412;222;210;210;b_pagaenne;x
7413;186;185;185;b_cloenis;x
7414;238;230;230;b_rren;x
7415;228;215;215;b_prunyiha;x
7416;183;178;178;b_preceanos;x
7417;225;208;208;b_makseon;x
7418;106;105;105;b_orteohaes;x
7419;191;187;187;b_pillow_coast;x
7420;204;198;198;b_larr;x
7421;225;214;214;b_saees;x
7422;192;180;180;b_doronjistos;x
7423;175;165;165;b_orthas_endos;x
7424;199;190;190;b_slavers_port;x
7425;232;224;224;b_munnemmar;x
7426;221;210;210;b_ormaeqaer;x
7427;135;127;127;b_lerilksa;x
7428;139;126;22;b_ramynis_monne;x
7429;194;184;104;b_taala;x
7430;119;108;19;b_turis;x
7431;225;210;87;b_craembo;x
7432;166;150;15;b_benzynne;x
7433;177;162;41;b_nooris;x
7434;178;168;82;b_toraena;x
7435;217;193;0;b_maeo;x
7436;69;65;35;b_uhuyris;x
7437;168;156;63;b_volanryen;x
7438;176;164;68;b_nisario_estate;x
7439;222;215;153;b_roondytish;x
7440;118;107;19;b_pluckstand;x
7441;209;200;127;b_quoorys;x
7442;237;217;61;b_ritish;x
7443;210;189;34;b_ryzohar;x
7444;173;168;133;b_banthmyerys;x
7445;149;138;52;b_tihoris;x
7446;210;194;69;b_nutis;x
7447;177;161;41;b_rovio;x
7448;123;110;14;b_adahurys;x
7449;210;193;64;b_tambona;x
7450;164;149;44;b_noohutis;x
7451;147;139;84;b_orthythmans;x
7452;242;215;2;b_horahar;x
7453;169;153;28;b_pathmaenne;x
7454;120;109;23;b_maraembo;x
7455;153;141;46;b_paherios;x
7456;193;176;47;b_illolon;x
7457;145;135;64;b_soar;x
7458;229;210;65;b_ormyan;x
7459;235;211;13;b_tryres;x
7460;118;110;46;b_tarys;x
7461;178;172;121;b_myraar;x
7462;180;164;38;b_adorys;x
7463;145;132;34;b_nondito;x
7464;118;107;27;b_anotys;x
7465;103;95;36;b_toynis;x
7466;141;128;25;b_sathmens;x
7467;226;215;131;b_qhygandar;x
7468;100;96;58;b_calete;x
7469;214;190;0;b_hozaqos;x
7470;159;146;44;b_qymbar;x
7471;159;152;97;b_sens;x
7472;130;120;32;b_tree_of_crowns;x
7473;98;91;31;b_gilded_shore;x
7474;228;209;50;b_kinsblood;x
7475;216;203;92;b_last_exile;x
7476;154;149;104;b_bitterwalk;x
7477;102;95;37;b_vorys;x
7478;149;141;75;b_rothmyre;x
7479;242;224;74;b_daeen;x
7480;189;175;62;b_orthathmens;x
7481;223;192;108;b_ballaean;x
7482;167;143;79;b_thyo;x
7483;206;173;82;b_tootys;x
7484;190;144;14;b_paleonis;x
7485;208;187;131;b_taena;x
7486;161;149;49;b_hanzonne;x
7487;223;203;49;b_tananryen;x
7488;213;193;29;b_vedar;x
7489;188;182;135;b_bengotes;x
7490;140;129;44;b_trangon_fynties;x
7491;154;145;73;b_dreadhill;x
7492;164;154;72;b_vhynanrios;x
7493;118;109;28;b_syqos;x
7494;209;203;155;b_lozenar;x
7495;201;186;57;b_tattered_banner;x
7496;226;207;62;b_adahyris;x
7497;100;90;7;b_hare;x
7498;239;217;37;b_maer;x
7499;176;164;64;b_tronambeo;x
7500;197;176;3;b_hyar;x
7501;246;229;90;b_rens;x
7502;89;79;8;b_ormanre;x
7503;206;200;149;b_pendanne;x
7504;145;136;55;b_vygyr;x
7505;151;137;23;b_bellean;x
7506;186;165;17;b_baqas;x
7507;242;212;126;b_mandaon;x
7508;100;85;40;b_uhinditis;x
7509;224;188;84;b_haryan;x
7510;171;143;63;b_possar;x
7511;238;196;75;b_dyqynne;x
7512;174;136;31;b_vhenyrys;x
7513;140;108;25;b_oubeis;x
7514;166;143;82;b_sordnanis;x
7515;111;85;14;b_gaeetrear;x
7516;97;78;24;b_floeon;x
7517;151;122;45;b_torean;x
7518;109;82;9;b_qhanodar;x
7519;231;193;88;b_baegerys;x
7520;224;170;22;b_robean;x
7521;147;124;58;b_dylaon;x
7522;115;88;14;b_ormozenqos;x
7523;190;172;122;b_syna;x
7524;126;114;83;b_rrllren;x
7525;185;144;25;b_maenne;x
7526;241;201;87;b_prntaeen;x
7527;128;113;70;b_paear;x
7528;202;165;62;b_miviyaan;x
7529;199;155;34;b_edohyros;x
7530;226;178;47;b_pes;x
7531;157;130;54;b_motar;x
7532;184;159;89;b_poqar;x
7533;162;131;42;b_orthrqear;x
7534;73;55;6;b_mesylosh;x
7535;138;105;14;b_dyllen;x
7536;158;126;35;b_ormaeen;x
7537;138;104;11;b_dryna;x
7538;206;157;23;b_qaghes;x
7539;246;193;44;b_meroo;x
7540;146;118;39;b_tryrombo;x
7541;164;123;13;b_markaes;x
7542;146;116;32;b_bron;x
7543;124;99;30;b_qeres;x
7544;236;193;73;b_marambo;x
7545;198;160;55;b_castian;x
7546;214;169;44;b_toas;x
7547;125;97;19;b_grapotis;x
7548;223;191;103;b_crohaembo;x
7549;215;175;62;b_geon;x
7550;158;120;15;b_hes;x
7551;132;105;30;b_deon;x
7552;193;148;25;b_tohona;x
7553;187;151;50;b_tyhoo;x
7554;226;205;147;b_orthran;x
7555;143;112;26;b_dryhaesh;x
7556;41;153;73;b_southern_market;x
7557;17;180;63;b_lysayn;x
7558;7;127;41;b_antyne;x
7559;11;142;48;b_myr;x
7560;34;162;70;b_croryo;x
7561;35;179;76;b_sorela;x
7562;16;154;55;b_dyher;x
7563;22;128;52;b_thaesh;x
7564;100;214;132;b_foranar;x
7565;13;94;35;b_ennah;x
7566;18;137;52;b_essoris;x
7567;27;124;54;b_foraenor;x
7568;28;151;63;b_dynaris;x
7569;98;199;127;b_paenelion;x
7570;16;101;40;b_marel;x
7571;32;132;60;b_brenyl;x
7572;26;109;50;b_maeginar;x
7573;79;224;120;b_paenolis;x
7574;45;129;69;b_anerah;x
7575;114;232;147;b_ennys;x
7576;44;165;78;b_vollanar;x
7577;46;176;82;b_nahoris;x
7578;16;98;39;b_vynoran;x
7579;84;129;96;b_paenaar;x
7580;38;136;65;b_sanelar;x
7581;46;96;60;b_ennerion;x
7582;22;82;39;b_aaraan;x
7583;65;104;76;b_hestiros;x
7584;32;121;56;b_irnel;x
7585;37;159;71;b_hesterion;x
7586;33;101;52;b_foraan;x
7587;50;215;96;b_nahaenor;x
7588;15;88;36;b_marion;x
7589;14;115;43;b_irratis;x
7590;70;153;93;b_ahrios;x
7591;88;196;119;b_aneren;x
7592;75;185;106;b_eranerion;x
7593;14;116;43;b_tregillos;x
7594;46;218;95;b_dyaesar;x
7595;38;196;82;b_vyrario;x
7596;30;119;55;b_barynis;x
7597;104;153;118;b_drasagha;x
7598;44;210;91;b_tyso;x
7599;11;116;41;b_thymbagho;x
7600;48;217;95;b_taelas;x
7601;44;185;147;b_tallgrass;x
7602;19;113;45;b_trar;x
7603;44;185;82;b_qyr;x
7604;42;88;55;b_mosa;x
7605;22;198;72;b_ostelion;x
7606;149;225;170;b_qysh;x
7607;43;95;69;b_draerios;x
7608;49;195;114;b_tolnazar;x
7609;39;210;88;b_frosh;x
7610;24;221;79;b_saeloho;x
7611;57;141;80;b_crasaemba;x
7612;0;255;71;b_sygho;x
7613;48;137;73;b_qas;x
7614;59;219;104;b_qyso;x
7615;81;231;122;b_thos;x
7616;26;210;76;b_taeha;x
7617;93;212;126;b_qaeghas;x
7618;61;195;99;b_moghaer;x
7619;72;156;95;b_saeghosh;x
7620;56;221;102;b_thaeso;x
7621;22;173;65;b_flaeraenor;x
7622;74;162;99;b_iranonnis;x
7623;17;98;40;b_ennonis;x
7624;36;103;55;b_hestirah;x
7625;75;231;119;b_tychonno;x
7626;49;125;70;b_paenoris;x
7627;35;170;73;b_irrirah;x
7628;106;227;140;b_faenos;x
7629;55;213;99;b_anerel;x
7630;30;111;53;b_sanoran;x
7631;53;171;86;b_vogio;x
7632;19;95;41;b_sirala;x
7633;26;175;68;b_onalynea;x
7634;56;178;90;b_ahrosha;x
7635;32;89;48;b_vynerion;x
7636;82;235;125;b_phiranah;x
7637;63;105;75;b_hotaris;x
7638;44;137;70;b_taenaria;x
7639;66;172;94;b_arenissa;x
7640;43;161;76;b_aneriros;x
7641;16;156;55;b_sanaar;x
7642;24;165;61;b_naeranar;x
7643;79;160;101;b_faenatis;x
7644;32;95;48;b_forah;x
7645;10;143;107;b_tolgrevious;x
7646;33;162;127;b_tolrios;x
7647;27;107;49;b_innar;x
7648;13;160;54;b_arenosha;x
7649;96;197;125;b_stassyrion;x
7650;67;152;91;b_molymbo;x
7651;82;116;91;b_nakaro;x
7652;111;219;140;b_wenanea;x
7653;72;148;93;b_waereya;x
7654;21;99;43;b_laenerah;x
7655;57;225;104;b_wenysha;x
7656;31;93;48;b_iraniris;x
7657;29;133;58;b_nestaan;x
7658;2;145;43;b_sambaro;x
7659;11;101;37;b_trahaes;x
7660;48;178;85;b_croha;x
7661;106;230;142;b_maelaero;x
7662;112;196;135;b_tysaero;x
7663;51;175;86;b_sasyla;x
7664;64;158;90;b_drosh;x
7665;80;232;124;b_noronos;x
7666;52;130;74;b_fyllassar;x
7667;46;148;74;b_brenatis;x
7668;78;218;118;b_marenno;x
7669;27;91;45;b_maegassar;x
7670;45;117;65;b_vaera;x
7671;35;239;93;b_dilora;x
7672;28;171;69;b_norys;x
7673;64;249;117;b_vyrodos;x
7674;105;187;128;b_paenerion;x
7675;68;105;79;b_maegaenor;x
7676;44;119;65;b_naeratis;x
7677;77;204;113;b_feranea;x
7678;41;224;93;b_brenerion;x
7679;42;231;96;b_sanyris;x
7680;22;104;45;b_mor;x
7681;36;186;79;b_naeros;x
7682;56;144;81;b_nyessaro;x
7683;98;182;122;b_gylliros;x
7684;73;151;95;b_aenah;x
7685;133;243;165;b_dynos;x
7686;79;167;104;b_ostoyor;x
7687;52;236;104;b_aerenhor;x
7688;123;233;154;b_adaresso;x
7689;72;230;117;b_essen;x
7690;26;132;56;b_dilanea;x
7691;20;245;84;b_sallonos;x
7692;83;249;130;b_arodos;x
7693;25;112;50;b_brenerris;x
7694;122;236;154;b_daenissa;x
7695;73;211;112;b_vellesa;x
7696;79;226;121;b_ahryrion;x
7697;86;195;116;b_ennelion;x
7698;10;180;58;b_stallenhor;x
7699;27;226;83;b_dynonnis;x
7700;111;214;140;b_vaerynea;x
7701;75;151;96;b_phirona;x
7702;12;134;46;b_bahar;x
7703;20;183;66;b_faeniros;x
7704;12;151;51;b_ormoris;x
7705;112;167;128;b_anerassar;x
7706;10;114;39;b_helanah;x
7707;64;235;113;b_eranerah;x
7708;76;162;137;b_pentos;x
7709;69;177;146;b_sunset_bazaars;x
7710;76;161;162;b_sunrise_market;x
7711;70;186;187;b_cheesemongers_manse;x
7712;38;172;174;b_mummer_lane;x
7713;66;170;140;b_temple_of_rhllor;x
7714;75;159;135;b_palace_of_prosperity;x
7715;44;170;166;b_the_spice_exchange;x
7716;67;136;134;b_naqiedror;x
7717;108;210;206;b_geralonkion;x
7718;63;178;176;b_hienkos;x
7719;156;190;189;b_gerarae;x
7720;36;144;140;b_naqiege;x
7721;3;68;66;b_qelbartos;x
7722;36;193;188;b_gradoror;x
7723;128;167;166;b_gravonion;x
7724;44;138;135;b_rigaashis;x
7725;43;122;119;b_graninkion;x
7726;67;198;194;b_nivan;x
7727;92;164;163;b_illyera;x
7728;79;142;140;b_sentilys;x
7729;157;212;211;b_nidor;x
7730;9;125;121;b_vezsyl;x
7731;89;153;151;b_jelsyl;x
7732;18;136;131;b_ameanjel;x
7733;76;204;199;b_rhinkaviln;x
7734;87;164;161;b_mishin;x
7735;111;229;226;b_amenankion;x
7736;11;74;72;b_pengroz;x
7737;34;198;194;b_arasonkion;x
7738;20;85;83;b_naqelbar;x
7739;94;110;110;b_peninkion;x
7740;69;198;193;b_iemrios;x
7741;34;108;105;b_iemny;x
7742;6;139;134;b_ninkiot;x
7743;47;119;116;b_jaerios;x
7744;95;133;132;b_ninrios;x
7745;93;193;189;b_nihinon;x
7746;41;142;138;b_iemgroz;x
7747;39;136;132;b_daarilaro_aajon;x
7748;60;210;205;b_ozendyos;x
7749;148;207;205;b_tidrar;x
7750;46;130;128;b_heedris;x
7751;69;207;202;b_ozejaes;x
7752;53;119;117;b_ozehinun;x
7753;30;150;146;b_ozegrezior;x
7754;91;170;167;b_bedrylos;x
7755;72;125;123;b_bedrygos;x
7756;24;142;138;b_jaesabed;x
7757;66;218;218;b_bedrigues;x
7758;29;136;132;b_rylinon;x
7759;64;96;95;b_gerios;x
7760;50;169;165;b_hedys;x
7761;78;190;186;b_jelgios;x
7762;65;210;206;b_hedyjaes;x
7763;15;161;157;b_hedys_ninkion;x
7764;45;153;150;b_hedys_grozior;x
7765;20;119;116;b_endybaes;x
7766;73;218;214;b_endystia;x
7767;62;130;128;b_endyjaes;x
7768;161;212;211;b_guese_endystia;x
7769;119;187;185;b_guese_hinon;x
7770;38;195;191;b_tiderar;x
7771;11;156;152;b_doralbar;x
7772;81;224;220;b_doralja;x
7773;97;161;160;b_rihinu;x
7774;27;184;180;b_rhinka_guesin;x
7775;16;136;133;b_kyrhinon;x
7776;48;173;170;b_kyrstor;x
7777;87;167;165;b_jaekyr;x
7778;23;125;122;b_rhoan_drohe;x
7779;73;159;157;b_kyrkion;x
7780;63;119;117;b_vejinon;x
7781;83;156;154;b_endikyr;x
7782;74;136;134;b_dunrael;x
7783;66;187;183;b_dunbarra;x
7784;27;149;145;b_jaebarra;x
7785;82;195;192;b_raelatiam;x
7786;107;176;174;b_evortiam;x
7787;36;57;56;b_jaevortiam;x
7788;68;147;145;b_iemny_qelbar;x
7789;22;110;108;b_evorgroz;x
7790;111;184;182;b_braedykion;x
7791;39;164;160;b_velourael;x
7792;119;201;198;b_veloktion;x
7793;75;198;194;b_velouj;x
7794;55;164;161;b_rhinka_velour;x
7795;81;190;186;b_velbais;x
7796;59;235;229;b_keldios;x
7797;124;215;212;b_tikosaedar;x
7798;22;139;135;b_vaedar_anogrion;x
7799;44;122;119;b_vaedar_ninkion;x
7800;37;176;173;b_qelbar_grozior;x
7801;132;198;196;b_emmongrozior;x
7802;76;130;129;b_lantaqelbar;x
7803;111;193;190;b_vezoraenion;x
7804;56;119;117;b_vehinon;x
7805;97;190;188;b_urninkion;x
7806;24;210;206;b_jelinkion;x
7807;13;198;194;b_phasombion;x
7808;66;156;154;b_argion;x
7809;94;156;156;b_phagrozior;x
7810;6;88;86;b_phasinkion;x
7811;101;178;178;b_todonar;x
7812;70;167;167;b_toguesin;x
7813;57;184;184;b_naqinkion;x
7814;57;136;136;b_hinogrion;x
7815;104;130;130;b_togez;x
7816;124;156;155;b_tombion;x
7817;41;210;204;b_tovilinion;x
7818;52;139;139;b_vokgor;x
7819;111;221;221;b_kasguesin;x
7820;39;198;194;b_merpasom;x
7821;116;207;205;b_merpankion;x
7822;48;161;159;b_phasorinkion;x
7823;13;102;100;b_vezorinkion;x
7824;97;184;182;b_jelmorinkion;x
7825;50;144;142;b_valdrizombion;x
7826;103;207;204;b_hiorirosonkion;x
7827;96;201;199;b_rijiblion_valdrizes;x
7828;33;113;111;b_jelnuspes;x
7829;47;215;211;b_veznuspes;x
7830;99;173;171;b_naqaninkion;x
7831;158;198;197;b_kastajikagon;x
7832;47;116;114;b_tistonkion;x
7833;125;210;207;b_tistalion;x
7834;101;173;171;b_tistahinon;x
7835;23;127;124;b_guese_dorenka;x
7836;27;82;81;b_samdoro;x
7837;7;65;63;b_onhinion;x
7838;47;133;130;b_riolys;x
7839;114;221;217;b_logroz;x
7840;73;207;201;b_kastombion;x
7841;44;198;192;b_griapos;x
7842;137;164;163;b_levitsos;x
7843;38;157;153;b_rizmon_blinun;x
7844;78;210;209;b_vezonun;x
7845;78;142;140;b_vizgues;x
7846;23;91;89;b_eninkion;x
7847;34;181;177;b_hivez;x
7848;77;193;190;b_morgues;x
7849;65;221;216;b_tastavililion;x
7850;12;82;80;b_norgues;x
7851;23;178;178;b_glaesagyes;x
7852;58;215;213;b_endigues;x
7853;26;122;120;b_jelinun;x
7854;39;136;133;b_ar_kon;x
7855;58;207;203;b_konoktion;x
7856;86;176;173;b_aranogrion;x
7857;26;212;207;b_nagues;x
7858;68;229;225;b_arinun;x
7859;73;212;210;b_konigues;x
7860;88;167;166;b_arios;x
7861;100;221;217;b_qelbor_vilinion;x
7862;25;156;152;b_ringolion;x
7863;29;133;130;b_hinorijiblion;x
7864;10;122;119;b_konqelbor;x
7865;30;198;193;b_amenos;x
7866;38;127;124;b_amenogues;x
7867;59;119;117;b_menun;x
7868;84;147;145;b_hinikagon;x
7869;95;153;151;b_riolatus;x
7870;36;119;117;b_vejonedoror;x
7871;110;229;228;b_vejonkion;x
7872;84;204;201;b_dorenka_doros;x
7873;49;122;120;b_endiebinon;x
7874;98;207;204;b_jurnerys;x
7875;51;88;87;b_ozurne;x
7876;69;215;211;b_nyalla;x
7877;114;181;179;b_dagrozior;x
7878;21;105;102;b_hopihanin;x
7879;115;235;230;b_gaguesiers;x
7880;71;174;171;b_nonombion;x
7881;25;127;123;b_nontelos;x
7882;78;181;177;b_riostelos;x
7883;32;116;113;b_nonbaes;x
7884;31;156;152;b_dorios;x
7885;26;179;174;b_nonajon;x
7886;68;164;161;b_viigashos;x
7887;60;143;140;b_dhaen;x
7888;23;135;131;b_vedoros;x
7889;32;96;94;b_qelrios;x
7890;43;201;198;b_rhinarios;x
7891;76;144;143;b_vejogrion;x
7892;23;190;185;b_jelmor_vejguesin;x
7893;40;176;171;b_vezor_vejguesin;x
7894;23;204;198;b_guesidoror;x
7895;83;159;156;b_mylenos;x
7896;55;125;122;b_mylerios;x
7897;43;212;206;b_lenyrios;x
7898;133;212;210;b_manaqelbor;x
7899;116;170;168;b_naejitsos;x
7900;78;130;128;b_costoba;x
7901;24;119;116;b_kastaraen;x
7902;39;167;163;b_urnekas;x
7903;17;110;106;b_jelurne;x
7904;57;142;138;b_jurnemyr;x
7905;18;170;165;b_samaal;x
7906;68;210;205;b_samagues;x
7907;89;235;230;b_guesejurne;x
7908;41;130;128;b_endamire;x
7909;97;178;177;b_hinomire;x
7910;102;167;165;b_naqamire;x
7911;76;161;159;b_samahinon;x
7912;31;212;207;b_bosarios;x
7913;122;204;201;b_nonrios;x
7914;8;105;103;b_bosaguesin;x
7915;125;164;163;b_naqaguesin;x
7916;12;113;110;b_higuesin;x
7917;41;93;92;b_drammagon;x
7918;27;59;193;b_hugors_hill;x
7919;19;56;191;b_coronagues;x
7920;23;60;198;b_qelford;x
7921;11;48;207;b_hyligues;x
7922;52;81;202;b_corohold;x
7923;24;56;192;b_coronkion;x
7924;11;47;199;b_ridgues;x
7925;32;69;226;b_hukodale;x
7926;40;78;220;b_norofer;x
7927;12;47;177;b_wesahyls;x
7928;0;36;192;b_emtigale;x
7929;20;50;180;b_hylaus;x
7930;72;96;187;b_sufhyl;x
7931;32;66;209;b_sufofer;x
7932;35;73;213;b_chirchylle;x
7933;5;45;216;b_lowrycg;x
7934;25;59;201;b_hrycgold;x
7935;35;69;197;b_eahyll;x
7936;48;81;204;b_ausfold;x
7937;24;56;178;b_sofold;x
7938;30;68;209;b_medhyl;x
7939;26;61;193;b_onkin;x
7940;38;54;165;b_weshold;x
7941;19;44;228;b_vesfeld;x
7942;15;36;190;b_norfeld;x
7943;67;85;207;b_sunnan;x
7944;46;66;204;b_fenn_cepan;x
7945;72;89;205;b_fentun;x
7946;36;56;199;b_moorwud;x
7947;35;50;160;b_warwud;x
7948;14;46;178;b_crontoor;x
7949;46;72;182;b_hrycone;x
7950;14;37;195;b_nofwud;x
7951;29;47;172;b_feninwud;x
7952;22;52;179;b_deawud;x
7953;15;43;158;b_crontun;x
7954;66;88;242;b_andiwor;x
7955;51;71;211;b_waroftun;x
7956;25;41;151;b_godworf;x
7957;22;54;188;b_stanworf;x
7958;12;30;153;b_norotorr;x
7959;26;50;219;b_lastirycg;x
7960;11;32;172;b_wundiston;x
7961;48;71;238;b_wetorr;x
7962;25;48;216;b_emmon;x
7963;18;46;248;b_archirce;x
7964;54;71;198;b_eafeld;x
7965;20;45;224;b_duntorr;x
7966;18;40;196;b_duntun;x
7967;38;63;243;b_heahrycg;x
7968;13;34;184;b_heawud;x
7969;35;48;145;b_dunig;x
7970;68;86;216;b_ortorr;x
7971;53;69;184;b_hildtun;x
7972;33;57;229;b_wigchirche;x
7973;51;70;204;b_hrycghild;x
7974;5;24;159;b_beadu;x
7975;40;63;223;b_weshryc;x
7976;20;47;242;b_weshul;x
7977;58;79;232;b_westun;x
7978;19;38;174;b_wesuf;x
7979;38;61;223;b_twea;x
7980;44;65;212;b_eaton;x
7981;30;54;228;b_eanuf;x
7982;49;71;231;b_hrycgul;x
7983;18;41;202;b_bareyne;x
7984;22;62;231;b_caeriniot;x
7985;67;98;229;b_jeltun;x
7986;47;82;183;b_jechire;x
7987;49;56;187;b_creco;x
7988;10;23;190;b_bartock;x
7989;10;61;190;b_jelfold;x
7990;59;84;192;b_jaestorr;x
7991;21;60;219;b_riddetun;x
7992;37;69;189;b_suchirche;x
7993;26;26;192;b_riddermark;x
7994;10;49;212;b_jaeshyl;x
7995;14;57;236;b_maidenburh;x
7996;40;64;162;b_rhinkahrycg;x
7997;55;62;204;b_maegden;x
7998;6;48;224;b_claene;x
7999;38;48;245;b_destorr;x
8000;58;65;223;b_laestun;x
8001;48;56;221;b_heachirche;x
8002;64;72;232;b_stanefeld;x
8003;27;77;204;b_riddefeld;x
8004;73;82;249;b_eafold;x
8005;48;57;229;b_wintorr;x
8006;21;73;241;b_windanworf;x
8007;41;49;229;b_sherne;x
8008;6;58;227;b_hylindan;x
8009;69;75;230;b_aemtig;x
8010;54;71;157;b_hintorr;x
8011;30;45;123;b_hintum;x
8012;52;62;128;b_seodun;x
8013;37;51;188;b_himtaeg;x
8014;53;79;189;b_wudaeg;x
8015;95;105;166;b_giestorr;x
8016;60;59;164;b_tungaest;x
8017;77;97;197;b_seofohirche;x
8018;24;33;82;b_hyrcgaes;x
8019;54;65;128;b_gieshyl;x
8020;58;52;164;b_faetor;x
8021;39;35;100;b_vaetun;x
8022;27;20;137;b_dartholm;x
8023;74;69;148;b_hyrcgae;x
8024;51;80;208;b_moritorr;x
8025;63;89;199;b_hyrtun;x
8026;35;65;197;b_moriholm;x
8027;56;83;197;b_wudrycg;x
8028;29;54;159;b_hyjaes;x
8029;49;89;192;b_soetorr;x
8030;42;49;193;b_dunshae;x
8031;8;40;180;b_duchirche;x
8032;51;65;199;b_seofrith;x
8033;39;75;207;b_dunpas;x
8034;45;82;220;b_wudun;x
8035;42;73;193;b_duwud;x
8036;11;43;182;b_rhotorr;x
8037;15;52;210;b_rhohyl;x
8038;50;77;195;b_rhoae;x
8039;58;87;210;b_rhoford;x
8040;23;59;212;b_rhofeld;x
8041;55;88;212;b_hutorr;x
8042;35;67;187;b_fortun;x
8043;55;86;202;b_firche;x
8044;27;67;216;b_hurycg;x
8045;63;55;204;b_qetorr;x
8046;69;82;168;b_qelotun;x
8047;53;71;186;b_qeloford;x
8048;58;76;190;b_jeloford;x
8049;74;91;199;b_qelodun;x
8050;26;60;186;b_pacetorr;x
8051;66;85;209;b_grycidge;x
8052;49;79;191;b_gryrche;x
8053;55;87;204;b_grydun;x
8054;34;53;151;b_tikuvale;x
8055;35;49;187;b_eadun;x
8056;50;73;174;b_eavale;x
8057;57;64;208;b_tikuae;x
8058;65;81;185;b_tikudun;x
8059;35;55;160;b_hyriku;x
8060;186;174;177;b_minstrel_way;x
8061;229;228;228;b_morghemunja;x
8062;243;0;101;b_the_sealords_palace;x
8063;247;23;122;b_the_arsenal;x
8064;211;68;122;b_purple_harbor;x
8065;193;7;104;b_court_of_smiles;x
8066;213;81;138;b_isles_of_the_gods;x
8067;165;16;140;b_silty_town;x
8068;189;45;117;b_bright_towers;x
8069;163;18;77;b_fog_crossing;x
8070;190;9;86;b_patchwork_port;x
8071;201;9;105;b_drowned_town;x
8072;223;25;120;b_abberyn;x
8073;255;33;209;b_the_titan_of_braavos;x
8074;211;30;187;b_sellagoros_shield;x
8075;192;50;170;b_sellagoros_talon;x
8076;131;39;126;b_utheros_shield;x
8077;156;11;148;b_wreckshield;x
8078;156;55;151;b_the_bravos_arm;x
8079;184;19;88;b_ironport;x
8080;175;3;77;b_ironpoint;x
8081;192;27;96;b_noqoselis;x
8082;189;16;95;b_aegenkagon;x
8083;197;35;108;b_snailport;x
8084;212;13;126;b_aantyzel;x
8085;198;65;122;b_sweetwater_font;x
8086;171;44;97;b_dyrallalas;x
8087;143;33;80;b_zalezora;x
8088;173;35;97;b_nernos;x
8089;187;30;97;b_nabyspharos;x
8090;171;25;87;b_cogaren;x
8091;157;36;87;b_monesne;x
8092;173;20;85;b_vosto;x
8093;153;15;74;b_moonbridge;x
8094;180;16;85;b_harna_codyr;x
8095;189;43;105;b_elynesyr;x
8096;180;13;83;b_aantayn;x
8097;153;29;81;b_ancostyrbros;x
8098;199;40;107;b_hurarle;x
8099;142;34;50;b_freneros;x
8100;140;27;45;b_oranole;x
8101;152;28;52;b_bosel;x
8102;139;21;43;b_tesmor;x
8103;142;31;48;b_boto;x
8104;160;26;63;b_terysragon;x
8105;212;42;110;b_pelaberos;x
8106;157;12;43;b_masked_ridge;x
8107;147;2;33;b_ymo;x
8108;150;17;44;b_dorallephar;x
8109;172;38;65;b_botenar;x
8110;142;9;36;b_zelgo;x
8111;164;30;57;b_zelaan_garab;x
8112;157;17;46;b_garaboggos;x
8113;161;21;50;b_lochobo;x
8114;177;43;70;b_coynodor;x
8115;167;39;64;b_nodar;x
8116;182;52;78;b_revosghar;x
8117;153;29;53;b_grafton_point;x
8118;178;41;67;b_vorians_hook;x
8119;172;42;91;b_erasquo;x
8120;152;39;81;b_qosdar;x
8121;167;33;60;b_assago;x
8122;163;23;50;b_othoggos;x
8123;184;24;60;b_garpresdor;x
8124;179;27;109;b_rogbrusgo;x
8125;173;19;53;b_morihilivos;x
8126;167;27;56;b_tarwenleyn;x
8127;178;33;64;b_braael;x
8128;170;16;50;b_doronhyl;x
8129;166;22;83;b_byraabelmos;x
8130;208;38;109;b_nemordos;x
8131;196;24;96;b_ynohar;x
8132;193;15;89;b_nohardarsyr;x
8133;161;15;77;b_lanta_vale;x
8134;152;6;68;b_ezem_tyo;x
8135;214;50;119;b_free_mans_slope;x
8136;197;15;92;b_favored_forest;x
8137;186;38;100;b_songside;x
8138;200;30;101;b_moonstreams;x
8139;201;51;115;b_noery;x
8140;191;47;108;b_smallview;x
8141;226;62;131;b_tyqosery;x
8142;195;31;100;b_doreynios;x
8143;205;72;127;b_daerves_ridge;x
8144;219;41;115;b_smallbay;x
8145;153;32;83;b_permont;x
8146;164;42;93;b_numio;x
8147;150;17;74;b_umborys;x
8148;183;42;94;b_ary_tyo;x
8149;210;32;108;b_noqostyos;x
8150;186;22;91;b_orlyr;x
8151;182;12;83;b_laggary;x
8152;180;38;98;b_fremotessyr;x
8153;170;38;95;b_biarvyn_stones;x
8154;163;21;81;b_timpa;x
8155;185;20;88;b_nabne;x
8156;148;26;77;b_seltoggo;x
8157;130;12;62;b_yhartoggo;x
8158;175;22;86;b_moonbowl;x
8159;192;38;102;b_waxing_bend;x
8160;164;29;87;b_zelobet;x
8161;164;40;92;b_voseltos;x
8162;160;18;78;b_mound_of_mordyr;x
8163;199;23;96;b_moonhold;x
8164;183;30;95;b_erval;x
8165;161;58;101;b_phardeyis;x
8166;189;13;86;b_crescentwood;x
8167;187;13;84;b_grimald_vale;x
8168;143;40;83;b_bays_chair;x
8169;183;41;101;b_wanewood;x
8170;124;51;81;b_suns_guson;x
8171;124;38;73;b_naqio_flats;x
8172;151;46;89;b_narooth;x
8173;165;6;73;b_emergence;x
8174;202;15;94;b_her_bounds;x
8175;188;24;93;b_great_river_roots;x
8176;159;13;75;b_ruhurlion;x
8177;137;39;80;b_nyaanor;x
8178;131;45;80;b_merceyslide;x
8179;175;16;83;b_teneras;x
8180;142;63;95;b_selcoss;x
8181;139;53;90;b_drohon_point;x
8182;160;46;95;b_rogyansar;x
8183;133;15;65;b_murkmont;x
8184;145;23;74;b_ryqelbar_point;x
8185;135;23;71;b_gevos;x
8186;143;8;66;b_netesyna;x
8187;195;39;104;b_zaloth;x
8188;143;29;78;b_forkpoint;x
8189;119;9;56;b_tune_bluff;x
8190;134;13;64;b_baralla;x
8191;118;23;63;b_bognarten;x
8192;147;48;132;b_yrio;x
8193;114;16;57;b_aantor;x
8194;168;67;111;b_harynanei;x
8195;195;49;111;b_rogstay;x
8196;183;52;106;b_yansbo;x
8197;158;26;50;b_gezelvos;x
8198;165;53;101;b_bartenar;x
8199;154;57;98;b_zaldeybrus;x
8200;136;55;88;b_dolbar_point;x
8201;6;11;97;noyne;x
8202;24;32;139;noyne;x
8203;30;39;107;upper_rhoyne;x
8204;6;23;144;upper_rhoyne;x
8205;20;18;64;upper_rhoyne;x
8206;22;33;113;upper_rhoyne;x
8207;6;28;182;upper_rhoyne;x
8208;13;12;63;sea_province_559a;x
8209;38;48;213;sea_province_680a;x
8210;45;53;190;sea_province_756a;x
8211;31;21;124;sea_province_778a;x
8212;31;46;191;sea_province_617a;x
8213;56;101;195;sea_province_644a;x
8214;24;22;112;sea_province_751a;x
8215;30;106;197;summer_sea;x
8216;21;34;224;sea_province_636a;x
8217;34;56;162;sea_province_710a;x
8218;21;99;188;sea_province_623a;x
8219;159;122;111;b_unknown;x
8220;159;122;110;b_more_unknown;x
8221;159;122;109;b_the_most_unknown;x
8222;205;165;110;b_hardhome_2;x
8223;200;165;105;b_hardhome_3;x
8224;200;150;105;b_hardhome_4;x
8225;0;76;153;b_pool_hills;x
8226;190;180;230;b_blackiron_way;x
8227;246;244;244;b_impassable_sea_2;x
8228;245;243;243;b_impassable_sea_3;x
8229;251;247;247;b_impassable_sea_4;x
8230;246;241;241;b_impassable_sea_5;x
8231;247;247;247;b_impassable_sea_6;x
8232;90;50;95;b_flea_bottom;x
8233;133;51;171;b_asshai_1;x
8234;130;103;142;b_asshai_2;x
8235;89;45;109;b_asshai_3;x
8236;63;20;82;b_asshai_4;x
8237;195;129;226;b_asshai_5;x
8238;174;62;192;b_asshai_6;x
8239;75;18;84;b_asshai_7;x
8240;202;152;209;b_asshai_8;x
8241;194;117;235;b_asshai_9;x
8242;127;89;107;b_vhirak_1;x
8243;148;53;90;b_vhirak_2;x
8244;204;56;127;b_vhirak_3;x
8245;110;39;73;b_vhirak_4;x
8246;94;23;57;b_vhirak_5;x
8247;104;100;64;b_nymos_1;x
8248;133;126;62;b_nymos_2;x
8249;228;216;109;b_nymos_3;x
8250;213;207;152;b_nymos_4;x
8251;26;47;60;b_ashen_shore_1;x
8252;26;76;107;b_ashen_shore_2;x
8253;108;133;155;b_ashen_shore_3;x
8254;37;59;79;b_ashen_shore_4;x
8255;212;142;142;b_cursed_valley_1;x
8256;173;46;46;b_cursed_valley_2;x
8257;206;108;107;b_cursed_valley_3;x
8258;117;65;65;b_cursed_valley_4;x
8259;89;29;29;b_cursed_valley_5;x
8260;123;208;151;b_vashira_1;x
8261;38;69;48;b_vashira_2;x
8262;50;110;70;b_vashira_3;x
8263;63;137;87;b_vashira_4;x
8264;143;139;90;b_boglos_1;x
8265;100;96;38;b_boglos_2;x
8266;194;184;57;b_boglos_3;x
8267;189;185;133;b_boglos_4;x
8268;113;106;25;b_boglos_5;x
8269;110;80;136;b_saffar_1;x
8270;89;44;127;b_saffar_2;x
8271;158;118;192;b_saffar_3;x
8272;56;27;80;b_saffar_4;x
8273;185;121;240;b_saffar_5;x
8274;73;58;86;b_saffar_6;x
8275;94;126;46;b_ziphor_1;x
8276;147;190;83;b_ziphor_2;x
8277;96;133;41;b_ziphor_3;x
8278;204;239;152;b_ziphor_4;x
8279;65;79;44;b_ziphor_5;x
8280;12;41;131;b_aures_1;x
8281;34;48;94;b_aures_2;x
8282;95;122;206;b_aures_3;x
8283;58;85;170;b_aures_4;x
8284;23;73;231;b_aures_5;x
8285;144;165;233;b_aures_6;x
8286;77;113;228;b_aures_7;x
8287;119;81;137;b_velaza_1;x
8288;88;31;114;b_velaza_2;x
8289;136;69;167;b_velaza_3;x
8290;211;40;86;b_guzul_1;x
8291;167;75;100;b_guzul_2;x
8292;115;36;57;b_guzul_3;x
8293;214;109;138;b_guzul_4;x
8294;162;108;123;b_guzul_5;x
8295;121;126;33;b_turakaz_1;x
8296;178;183;75;b_turakaz_2;x
8297;203;208;94;b_turakaz_3;x
8298;206;213;43;b_turakaz_4;x
8299;18;151;121;b_shores_of_the_undying_1;x
8300;142;232;204;b_shores_of_the_undying_2;x
8301;22;162;118;b_shores_of_the_undying_3;x
8302;65;126;107;b_shores_of_the_undying_4;x
8303;100;181;163;b_shores_of_the_undying_5;x
8304;49;74;40;b_zhalor_1;x
8305;65;141;38;b_zhalor_2;x
8306;142;213;116;b_zhalor_3;x
8307;150;183;137;b_zhalor_4;x
8308;65;132;40;b_zhalor_5;x
8309;13;88;71;b_thalys_1;x
8310;38;142;119;b_thalys_2;x
8311;47;91;81;b_thalys_3;x
8312;54;156;133;b_thalys_4;x
8313;90;25;83;b_yarqen_1;x
8314;159;74;150;b_yarqen_2;x
8315;214;91;201;b_yarqen_3;x
8316;209;76;76;b_veskaz_1;x
8317;218;152;152;b_veskaz_2;x
8318;101;54;54;b_veskaz_3;x
8319;240;42;219;b_veskaz_4;x
8320;159;46;46;b_veskaz_5;x
8321;112;106;61;b_sakkur_1;x
8322;108;98;17;b_sakkur_2;x
8323;179;170;90;b_sakkur_3;x
8324;239;233;186;b_sakkur_4;x
8325;169;155;36;b_sakkur_5;x
8326;33;80;23;b_arrat_1;x
8327;74;121;64;b_arrat_2;x
8328;90;183;70;b_arrat_3;x
8329;118;173;107;b_arrat_4;x
8330;34;123;15;b_arrat_5;x
8331;198;100;199;b_venar_1;x
8332;136;47;137;b_venar_2;x
8333;90;20;91;b_venar_3;x
8334;67;43;67;b_venar_4;x
8335;132;108;207;b_stygai_3;x
8336;75;59;126;b_stygai_1;x
8337;114;78;225;b_stygai_2;x
8338;80;44;193;b_stygai_4;x
8339;177;157;239;b_stygai_5;x
8340;99;65;206;b_stygai_6;x
8341;95;188;206;b_zuba_1;x
8342;39;119;134;b_zuba_2;x
8343;92;176;193;b_zuba_3;x
8344;3;33;169;b_kator_1;x
8345;39;60;160;b_kator_2;x
8346;108;124;194;b_kator_3;x
8347;40;57;136;b_kator_4;x
8348;126;143;221;b_kator_5;x
8349;17;99;26;b_bubarai_1;x
8350;59;157;71;b_bubarai_2;x
8351;36;75;41;b_bubarai_3;x
8352;66;200;82;b_bubarai_4;x
8353;16;189;37;b_bubarai_5;x
8354;131;21;109;b_zufattar_1;x
8355;181;50;156;b_zufattar_2;x
8356;122;64;111;b_zufattar_3;x
8357;223;82;196;b_zufattar_4;x
8358;237;180;226;b_zufattar_5;x
8359;114;57;103;b_zufattar_6;x
8360;96;35;62;b_turatos_1;x
8361;179;0;80;b_turatos_2;x
8362;179;125;149;b_turatos_3;x
8363;233;63;139;b_turatos_4;x
8364;54;154;71;b_citos_1;x
8365;100;197;118;b_citos_2;x
8366;61;99;68;b_citos_3;x
8367;18;58;98;b_mouth_of_dread_1;x
8368;62;123;181;b_mouth_of_dread_2;x
8369;142;168;194;b_mouth_of_dread_3;x
8370;42;56;70;b_mouth_of_dread_4;x
8371;199;187;223;b_zikuri_1;x
8372;19;88;157;b_zikuri_2;x
8373;147;130;184;b_zikuri_3;x
8374;45;11;113;b_vale_of_whispers_1;x
8375;92;38;202;b_vale_of_whispers_2;x
8376;39;24;70;b_vale_of_whispers_3;x
8377;102;70;166;b_vale_of_whispers_4;x
8378;237;103;62;b_hattar_1;x
8379;221;131;104;b_hattar_2;x
8380;75;32;19;b_hattar_3;x
8381;126;78;63;b_hattar_4;x
8382;184;89;59;b_hattar_5;x
8383;203;126;102;b_hattar_6;x
8384;103;52;166;b_olmar_1;x
8385;148;100;207;b_olmar_2;x
8386;150;92;221;b_olmar_3;x
8387;116;88;150;b_olmar_4;x
8388;63;17;119;b_olmar_5;x
8389;56;164;143;b_farat_1;x
8390;44;100;89;b_farat_2;x
8391;91;174;158;b_farat_3;x
8392;23;136;114;b_farat_4;x
8393;51;212;180;b_farat_5;x
8394;56;110;207;b_eranos_1;x
8395;59;89;142;b_eranos_2;x
8396;52;107;206;b_eranos_3;x
8397;11;52;124;b_eranos_4;x
8398;51;184;106;b_vyrokh_1;x
8399;51;103;73;b_vyrokh_2;x
8400;42;164;93;b_vyrokh_3;x
8401;14;89;45;b_vyrokh_4;x
8402;70;117;90;b_vyrokh_5;x
8403;31;162;86;b_vyrokh_6;x
8404;142;31;208;b_ostar_1;x
8405;143;68;188;b_ostar_2;x
8406;114;68;141;b_ostar_3;x
8407;181;111;223;b_ostar_4;x
8408;134;150;56;b_lebat_1;x
8409;85;96;25;b_lebat_2;x
8410;178;203;52;b_lebat_3;x
8411;69;58;91;b_eranyr_1;x
8412;92;62;154;b_eranyr_2;x
8413;80;50;142;b_eranyr_3;x
8414;163;141;208;b_eranyr_4;x
8415;152;42;42;b_uzhor_1;x
8416;90;48;48;b_uzhor_2;x
8417;180;86;86;b_uzhor_3;x
8418;209;42;42;b_uzhor_4;x
8419;81;192;160;b_ostelar_1;x
8420;8;90;67;b_ostelar_2;x
8421;47;183;144;b_ostelar_3;x
8422;46;151;121;b_ostelar_4;x
8423;58;112;96;b_ostelar_5;x
8424;195;134;84;b_malior_1;x
8425;176;126;85;b_malior_2;x
8426;199;166;139;b_malior_3;x
8427;126;85;51;b_malior_4;x
8428;115;61;17;b_malior_5;x
8429;40;91;108;b_marghan_1;x
8430;51;166;206;b_marghan_2;x
8431;96;166;189;b_marghan_3;x
8432;133;11;11;b_lazyros_1;x
8433;221;84;84;b_lazyros_2;x
8434;147;20;20;b_lazyros_3;x
8435;183;40;40;b_lazyros_4;x
8436;197;102;102;b_lazyros_5;x
8437;115;51;51;b_lazyros_6;x
8438;208;131;207;b_gattar_1;x
8439;133;20;132;b_gattar_2;x
8440;225;113;223;b_gattar_3;x
8441;184;53;182;b_gattar_4;x
8442;124;200;46;b_razmai_1;x
8443;60;84;35;b_razmai_2;x
8444;98;155;39;b_razmai_3;x
8445;133;101;173;b_hestion_1;x
8446;45;20;76;b_hestion_2;x
8447;123;63;197;b_hestion_3;x
8448;95;63;136;b_hestion_4;x
8449;23;94;164;b_hartelion_1;x
8450;61;97;132;b_hartelion_2;x
8451;88;141;193;b_hartelion_3;x
8452;221;219;95;b_vynys_1;x
8453;143;142;26;b_vynys_2;x
8454;167;167;117;b_vynys_3;x
8455;199;197;90;b_vynys_4;x
8456;147;146;43;b_vynys_5;x
8457;178;214;47;b_maruza_1;x
8458;170;185;113;b_maruza_2;x
8459;113;133;41;b_maruza_3;x
8460;81;99;15;b_maruza_4;x
8461;51;156;161;b_orlyr_1;x
8462;93;208;213;b_orlyr_2;x
8463;58;106;108;b_orlyr_3;x
8464;106;157;160;b_orlyr_4;x
8465;146;70;221;b_nahel_1;x
8466;109;60;156;b_nahel_2;x
8467;64;21;105;b_nahel_3;x
8468;204;89;199;b_zefat_1;x
8469;175;51;169;b_zefat_2;x
8470;131;22;126;b_zefat_3;x
8471;89;41;87;b_zefat_4;x
8472;223;129;219;b_zefat_5;x
8473;198;54;191;b_zefat_6;x
8474;141;28;136;b_zefat_7;x
8475;79;51;206;b_ormin_1;x
8476;45;31;110;b_ormin_2;x
8477;97;77;190;b_ormin_3;x
8478;72;61;121;b_ormin_4;x
8479;35;26;76;b_ormin_5;x
8480;21;4;99;b_ormin_6;x
8481;96;93;198;b_ostiros_1;x
8482;57;55;119;b_ostiros_2;x
8483;24;22;79;b_ostiros_3;x
8484;64;60;184;b_ostiros_4;x
8485;45;44;74;b_ostiros_5;x
8486;65;141;193;b_stassar_1;x
8487;36;90;127;b_stassar_2;x
8488;56;86;79;b_stassar_3;x
8489;58;154;129;b_stassar_4;x
8490;15;99;78;b_stassar_5;x
8491;114;34;89;b_vogen_1;x
8492;175;67;141;b_vogen_2;x
8493;225;116;191;b_vogen_3;x
8494;55;21;44;b_vogen_4;x
8495;83;47;98;b_jaqor_1;x
8496;180;87;217;b_jaqor_2;x
8497;151;60;186;b_jaqor_3;x
8498;99;19;131;b_jaqor_4;x
8499;157;114;58;b_sanyr_1;x
8500;170;142;107;b_sanyr_2;x
8501;86;54;13;b_sanyr_3;x
8502;108;36;51;b_nuzat_1;x
8503;195;127;141;b_nuzat_2;x
8504;225;80;110;b_nuzat_3;x
8505;197;94;115;b_nuzat_4;x
8506;178;49;76;b_nuzat_5;x
8507;77;42;132;b_vehar_1;x
8508;120;78;186;b_vehar_2;x
8509;137;74;236;b_vehar_3;x
8510;54;24;101;b_vehar_4;x
8511;110;51;56;b_zanpur_1;x
8512;174;37;50;b_yovesh_1;x
8513;126;65;65;b_zonar_1;x
8514;193;18;18;b_zonar_2;x
8515;221;116;116;b_zonar_3;x
8516;208;54;54;b_zonar_4;x
8517;165;41;41;b_orlath_1;x
8518;105;31;31;b_orlath_2;x
8519;61;32;32;b_orlath_3;x
8520;180;96;96;b_orlath_4;x
8521;60;25;25;b_lirhai_1;x
8522;221;59;59;b_lirhai_2;x
8523;147;51;51;b_qinle_1;x
8524;74;16;16;b_qinle_2;x
8525;230;170;170;b_qinle_3;x
8526;216;78;78;b_qinle_4;x
8527;164;125;125;b_kaharim_1;x
8528;207;75;75;b_kaharim_2;x
8529;43;19;19;b_kaharim_3;x
8530;79;14;14;b_saolun_1;x
8531;131;39;39;b_saolun_2;x
8532;156;40;40;b_saolun_3;x
8533;204;74;74;b_vinet_1;x
8534;105;53;53;b_vinet_2;x
8535;91;11;11;b_vinet_3;x
8536;148;82;82;b_vinet_4;x
8537;165;82;82;b_xarhai_1;x
8538;176;27;27;b_xarhai_2;x
8539;57;16;16;b_xarhai_3;x
8540;209;45;45;b_nyrak_1;x
8541;61;45;45;b_nyrak_2;x
8542;55;16;16;b_nyrak_3;x
8543;156;10;10;b_nyrak_4;x
8544;33;95;27;b_manticore_isle_1;x
8545;53;109;48;b_manticore_isle_2;x
8546;62;175;51;b_manticore_isle_3;x
8547;39;82;34;b_manticore_isle_4;x
8548;104;184;135;b_maritani_1;x
8549;113;159;53;b_maritani_2;x
8550;40;181;137;b_maritani_3;x
8551;83;165;185;b_salkare_1;x
8552;52;121;99;b_salkare_2;x
8553;171;117;222;b_meereen_great_pyramid;x
8554;174;104;213;b_meereen;x
8555;178;101;209;b_meereen_harbor;x
8556;172;109;215;b_plaza_of_purification;x
8557;173;113;220;b_temple_of_graces;x
8558;173;121;224;b_yherizan_pyramid;x
8559;175;108;215;b_galare_pyramid;x
8560;173;106;211;b_loraq_pyramid;x
8561;170;109;207;b_rhazdar_pyramid;x
8562;81;22;137;b_meereen_no_mans_land;x
8563;78;24;140;b_zhakhar;x
8564;81;26;142;b_mermazan;x
8565;78;27;138;b_ghazkhan;x
8566;76;30;133;b_uldarak;x
8567;72;28;130;b_pahzani;x
8568;62;20;136;b_loryak;x
8569;64;25;134;b_quenaz;x
8570;62;28;135;b_razhkar;x
8571;69;22;137;b_yheldhaz;x
8572;70;27;135;b_khaqzir;x
8573;170;123;225;b_quazzar_pyramid;x
8574;167;124;227;b_kandaq_pyramid;x
8575;170;119;230;b_reznak_pyramid;x
8576;167;117;221;b_pahl_pyramid;x
8577;166;119;215;b_naqqan_pyramid;x
8578;164;119;217;b_dhazak_pyramid;x
8579;163;122;215;b_ghazeen_pyramid;x
8580;160;117;216;b_hazkar_pyramid;x
8581;159;118;215;b_merreq_pyramid;x
8582;151;74;201;b_green_gate;x
8583;151;88;189;b_zandhazdal;x
8584;147;91;184;b_mhysal_adhan;x
8585;146;76;198;b_egledeena;x
8586;143;81;196;b_kestysi;x
8587;147;86;193;b_omezhai;x
8588;148;89;191;b_askaraz;x
8589;151;91;189;b_pendegere;x
8590;136;70;194;b_demon_road;x
8591;138;75;191;b_dhramu;x
8592;140;79;187;b_matazdhan;x
8593;139;82;182;b_astanyr;x
8594;141;85;179;b_zeladrehn;x
8595;132;66;174;b_bhodhanyz;x
8596;129;70;171;b_samerdhi;x
8597;131;73;167;b_skazys;x
8598;128;77;164;b_deenadh;x
8599;159;82;198;b_purple_heights;x
8600;155;85;194;b_alazhai;x
8601;116;31;194;b_khyzai_pass;x
8602;111;30;196;b_yherak;x
8603;113;35;193;b_quasdar;x
8604;109;36;189;b_dhazaq;x
8605;105;33;184;b_loraqen;x
8606;100;36;179;b_mezhkar;x
8607;98;37;178;b_zhaqir;x
8608;99;35;176;b_meryak;x
8609;95;33;173;b_ghadzar;x
8610;94;35;171;b_rhazhen;x
8611;90;42;171;b_pahlaz;x
8612;93;38;178;b_uzekai;x
8613;91;44;180;b_yhazan;x
8614;94;49;181;b_dhorak;x
8615;93;37;169;b_kaldor;x
8616;149;69;183;b_malkai;x
8617;147;78;182;b_emalkeh;x
8618;144;80;181;b_narhaza;x
8619;146;74;183;b_zheriq;x
8620;144;70;181;b_malzhan;x
8621;142;72;178;b_khyzara;x
8622;139;73;176;b_haldorak;x
8623;89;51;174;b_khyzal;x
8624;94;52;172;b_kynzai;x
8625;99;50;168;b_nahrik;x
8626;102;47;166;b_lhazdar;x
8627;101;44;163;b_qhazar;x
8628;107;42;161;b_rhazik;x
8629;110;38;160;b_mekhzar;x
8630;113;35;156;b_dhurzan;x
8631;115;34;159;b_vhazra;x
8632;93;39;97;b_galzari;x
8633;91;40;96;b_merqaz;x
8634;94;37;94;b_khara;x
8635;98;41;95;b_quenrak;x
8636;96;33;93;b_lhazek;x
8637;92;32;88;b_tazhar;x
8638;88;29;91;b_mahrin;x
8639;85;28;90;b_uzhak;x
8640;172;34;231;b_yellow_pyramid;x
8641;171;35;239;b_yunkai;x
8642;168;36;237;b_yunkai_harbor;x
8643;174;36;226;b_plaza_of_ambition;x
8644;169;38;224;b_temple_of_yunkai;x
8645;128;35;205;b_east_yunkai;x
8646;123;38;199;b_iron_pyramid;x
8647;151;35;221;b_vhuzan;x
8648;153;30;217;b_harpys_gate;x
8649;155;26;211;b_maezalor;x
8650;147;105;205;b_yaros_isle1;x
8651;151;111;199;b_yaros_isle2;x
8652;189;65;193;b_maelk;x
8653;196;74;188;b_qhazai;x
8654;183;69;187;b_tazari;x
8655;187;73;181;b_lhazir;x
8656;189;71;176;b_malkor;x
8657;182;82;186;b_fhaliran;x
8658;178;93;190;b_zanduri;x
8659;232;82;205;b_yhalan;x
8660;225;74;198;b_uzhakar;x
8661;213;66;201;b_kurdoth;x
8662;209;70;198;b_varnash;x
8663;198;82;190;b_theskar;x
8664;163;78;155;b_vhazek;x
8665;156;76;158;b_zhenai;x
8666;152;74;153;b_qhalin;x
8667;155;69;152;b_zarhiz;x
8668;150;67;146;b_rhazari;x
8669;157;69;143;b_jhazrin;x
8670;158;75;139;b_kharzen;x
8671;161;77;145;b_hekzar;x
8672;194;70;221;b_vadhaahan;x
8673;120;28;170;b_the_rocky_pass;x
8674;174;85;217;b_astazdhan;x
8675;182;85;194;b_uqhaz;x
8676;178;93;174;b_mhazari;x
8677;163;74;155;b_merzai;x
8678;143;93;167;b_kyndar;x
8679;132;105;155;b_zhalin;x
8680;128;116;140;b_qhazael;x
8681;151;97;147;b_vhazhaan;x
8682;154;98;143;b_rhenak;x
8683;217;78;221;b_kaldeen;x
8684;209;89;209;b_tazhik;x
8685;190;101;194;b_uthari;x
8686;174;93;205;b_hekhal;x
8687;182;120;201;b_tazhal;x
8688;113;89;151;b_red_pyramid;x
8689;159;55;221;b_astapor;x
8690;151;82;217;b_temple_of_astapor;x
8691;133;58;170;b_plaza_of_pride;x
8692;121;71;163;b_plaza_of_punishment;x
8693;101;81;143;b_worm_pyramid;x
8694;117;109;132;b_blood_pyramid;x
8695;167;39;205;b_sytroseia;x
8696;163;51;217;b_yharzai;x
8697;167;55;209;b_narkhesh;x
8698;163;62;194;b_khazdoth;x
8699;140;55;198;b_slavers_road;x
8700;147;97;167;b_rhyzakar;x
8701;128;66;190;b_lurakhaz;x
8702;105;66;159;b_thakzari;x
8703;124;66;163;b_vhyrakos;x
8704;136;70;151;b_kharzith;x
8705;140;78;155;b_zharnok;x
8706;151;58;174;b_drazhen;x
8707;143;66;159;b_qelthar;x
8708;101;51;151;b_marghadhan;x
8709;93;55;159;b_zhulrath;x
8710;85;58;163;b_tharakai;x
8711;116;55;151;b_yitruios;x
8712;113;78;140;b_khezrith;x
8713;105;93;124;b_drakhan;x
8714;124;62;174;b_ghiscar_point;x
8715;132;74;173;b_vhalzari;x
8716;143;85;167;b_zarnokh;x
8717;136;84;163;b_jhiraz;x
8718;120;74;155;b_talzhan;x
8719;128;82;186;b_kirsadh;x
8720;105;58;143;b_vexhaza;x
8721;109;78;132;b_sarvash;x
8722;106;89;136;b_nalthir;x
8723;111;82;151;b_halarik;x
8724;97;85;151;b_malzara;x
8725;85;88;140;b_qalazar;x
8726;82;97;136;b_vyrkaza;x
8727;132;70;190;b_dhozai;x
8728;128;62;182;b_thalrakan;x
8729;132;62;170;b_qirzha;x
8730;120;66;151;b_nakhari;x
8731;109;78;163;b_dhazarro;x
8732;116;85;159;b_zalzun;x
8733;116;62;167;b_drazhiri;x
8734;97;70;174;b_kalthar;x
8735;120;43;167;b_zunhaza;x
8736;120;55;170;b_thuldhan;x
8737;136;97;163;b_khorvash;x
8738;124;93;170;b_fhrakaz;x
8739;128;113;159;b_sythari;x
8740;136;58;198;b_jharazil;x
8741;131;46;173;b_vharzel;x
8742;143;70;190;b_quirzai;x
8743;155;78;186;b_malthari;x
8744;167;93;178;b_neshqar;x
8745;124;101;170;b_zhazari;x
8746;118;70;164;b_kharzun;x
8747;109;73;160;b_zhazir;x
8748;147;55;201;b_asylios;x
8749;155;62;198;b_marzani;x
8750;163;78;186;b_rhazdoth;x
8751;140;47;155;b_rhaqith;x
8752;124;82;186;b_zelvakar;x
8753;128;109;182;b_yharnak;x
8754;140;113;174;b_brakhaz;x
8755;136;93;167;b_khazarim;x
8756;128;89;159;b_vuzhakar;x
8757;116;85;155;b_lorthani;x
8758;105;97;159;b_jhulir;x
8759;113;93;151;b_ghrakhan;x
8760;93;89;132;b_gadhis;x
8761;105;85;124;b_ketharim;x
8762;93;93;120;b_ghalakos;x
8763;85;105;124;b_uthakar;x
8764;97;113;147;b_zharniq;x
8765;101;105;143;b_rhalzun;x
8766;113;97;151;b_khazhera;x
8767;116;120;140;b_drakari;x
8768;128;120;151;b_maqzeth;x
8769;132;113;155;b_qalrith;x
8770;151;105;147;b_rhazorin;x
8771;124;66;170;b_horns_of_hazzat;x
8772;124;93;155;b_darakaz;x
8773;109;97;178;b_vhalin;x
8774;116;82;190;b_qhezar;x
8775;124;97;182;b_lurakha;x
8776;132;105;174;b_naxiri;x
8777;113;109;182;b_zandhor;x
8778;105;120;186;b_dromel;x
8779;97;132;163;b_thakri;x
8780;101;143;151;b_qulhazan;x
8781;113;124;136;b_hazrakan;x
8782;116;113;120;b_vyrzari;x
8783;117;83;61;b_new_ghis;x
8784;120;78;64;b_harpys_port;x
8785;124;85;58;b_iron_light;x
8786;128;70;70;b_ghaen;x
8787;116;62;68;b_hyrais;x
8788;105;66;70;b_numhazdan;x
8789;116;58;78;b_hazurhan;x
8790;113;77;83;b_rezyrnas;x
8791;117;75;86;b_pahurya;x
8792;121;65;76;b_aghaian;x
8793;124;58;74;b_green_wing;x
8794;136;43;85;b_skarez;x
8795;129;40;79;b_vaihyr;x
8796;178;62;213;b_baked_shore;x
8797;167;70;205;b_baked_shore_1;x
8798;170;97;178;b_baked_shore_2;x
8799;174;91;170;b_baked_shore_3;x
8800;169;85;164;b_baked_shore_4;x
8801;155;89;155;b_baked_shore_5;x
8802;163;101;174;b_baked_shore_6;x
8803;161;109;170;b_baked_shore_7;x
8804;155;120;167;b_baked_shore_8;x
8805;140;116;136;b_ghuron;x
8806;155;113;143;b_ghuron_1;x
8807;163;116;167;b_ghuron_2;x
8808;163;132;178;b_ghuron_3;x
8809;159;147;182;b_ghuron_4;x
8810;163;150;170;b_ghuron_5;x
8811;147;151;155;b_ghuron_6;x
8812;151;74;198;b_ghuron_7;x
8813;153;85;190;b_ghuron_8;x
8814;186;24;255;b_old_ghis;x
8815;174;28;251;b_old_ghis_1;x
8816;167;35;240;b_old_ghis_2;x
8817;174;31;225;b_old_ghis_3;x
8818;182;39;217;b_old_ghis_4;x
8819;186;24;209;b_old_ghis_5;x
8820;190;21;219;b_old_ghis_6;x
8821;194;16;228;b_old_ghis_7;x
8822;198;31;232;b_old_ghis_8;x
8823;174;35;116;b_sumbyar;x
8824;167;58;124;b_sumbyar_1;x
8825;151;35;213;b_grazan;x
8826;147;43;217;b_grazan_1;x
8827;163;55;201;b_grazan_2;x
8828;155;70;186;b_grazan_3;x
8829;174;51;174;b_grazan_4;x
8830;170;66;178;b_grazan_5;x
8831;167;58;167;b_grazan_6;x
8832;147;74;155;b_grazan_7;x
8833;159;89;151;b_grazan_8;x
8834;151;109;147;b_grazan_9;x
8835;104;46;47;b_atruskai;x
8836;116;35;58;b_atruskai_1;x
8837;101;47;70;b_atruskai_2;x
8838;89;58;39;b_atruskai_3;x
8839;89;55;43;b_atruskai_4;x
8840;82;66;47;b_atruskai_5;x
8841;66;78;35;b_atruskai_6;x
8842;62;39;39;b_atruskai_7;x
8843;74;43;62;b_atruskai_8;x
8844;82;47;78;b_atruskai_9;x
8845;78;51;78;b_atruskai_10;x
8846;193;38;193;b_mantarys;x
8847;191;40;193;b_mantarys1;x
8848;189;42;193;b_mantarys2;x
8849;187;44;193;b_mantarys3;x
8850;185;46;193;b_mantarys4;x
8851;183;48;193;b_mantarys5;x
8852;167;64;193;b_mantarys13;x
8853;165;66;193;b_mantarys14;x
8854;163;68;193;b_mantarys15;x
8855;175;56;193;b_mantarys9;x
8856;181;50;193;b_mantarys6;x
8857;179;52;193;b_mantarys7;x
8858;177;54;193;b_mantarys8;x
8859;173;58;193;b_mantarys10;x
8860;171;60;193;b_mantarys11;x
8861;169;62;193;b_mantarys12;x
8862;115;66;133;b_painted_valleys22;x
8863;113;66;132;b_painted_valleys23;x
8864;111;66;131;b_painted_valleys24;x
8865;109;66;130;b_painted_valleys25;x
8866;107;66;129;b_painted_valleys26;x
8867;105;66;128;b_painted_valleys27;x
8868;127;66;139;b_painted_valleys16;x
8869;137;66;144;b_painted_valleys11;x
8870;135;66;143;b_painted_valleys12;x
8871;133;66;142;b_painted_valleys13;x
8872;131;66;141;b_painted_valleys14;x
8873;129;66;140;b_painted_valleys15;x
8874;125;66;138;b_painted_valleys17;x
8875;123;66;137;b_painted_valleys18;x
8876;121;66;136;b_painted_valleys19;x
8877;119;66;135;b_painted_valleys20;x
8878;117;66;134;b_painted_valleys21;x
8879;145;66;148;b_painted_valleys7;x
8880;143;66;147;b_painted_valleys8;x
8881;141;66;146;b_painted_valleys9;x
8882;139;66;145;b_painted_valleys10;x
8883;159;66;155;b_painted_valleys;x
8884;157;66;154;b_painted_valleys1;x
8885;155;66;153;b_painted_valleys2;x
8886;153;66;152;b_painted_valleys3;x
8887;151;66;151;b_painted_valleys4;x
8888;149;66;150;b_painted_valleys5;x
8889;147;66;149;b_painted_valleys6;x
8890;87;66;119;b_painted_valleys36;x
8891;85;66;118;b_painted_valleys37;x
8892;83;66;117;b_painted_valleys38;x
8893;81;66;116;b_painted_valleys39;x
8894;79;66;115;b_painted_valleys40;x
8895;97;66;124;b_painted_valleys31;x
8896;103;66;127;b_painted_valleys28;x
8897;101;66;126;b_painted_valleys29;x
8898;99;66;125;b_painted_valleys30;x
8899;95;66;123;b_painted_valleys32;x
8900;93;66;122;b_painted_valleys33;x
8901;91;66;121;b_painted_valleys34;x
8902;89;66;120;b_painted_valleys35;x
8903;158;75;188;b_hushed_crossing;x
8904;161;71;190;b_shrieking_woods;x
8905;165;76;192;b_cadaver_hills;x
8906;161;80;194;b_demons_fork;x
8907;163;82;197;b_summers_exit;x
8908;159;85;200;b_dead_mans_post;x
8909;162;89;196;b_long_forlorn;x
8910;158;94;194;b_silent_shore;x
8911;156;100;189;b_burnt_flats;x
8912;143;74;170;b_twisted_road;x
8913;141;72;172;b_varkarios;x
8914;138;74;176;b_sinistrys;x
8915;136;70;181;b_kurion;x
8916;129;63;185;b_deslyros;x
8917;182;86;216;b_the_lights;x
8918;185;82;209;b_tuneri;x
8919;179;89;199;b_nolghir;x
8920;191;100;194;b_attalyos;x
8921;201;120;178;b_hazmyr;x
8922;191;121;183;b_dying_drake;x
8923;181;122;186;b_quietyr;x
8924;174;130;199;b_beasts_way;x
8925;173;118;193;b_deadlights;x
8926;143;62;201;b_tolos;x
8927;140;59;204;b_tenelion;x
8928;135;57;207;b_elarion;x
8929;130;60;212;b_azanael;x
8930;125;62;216;b_nuzatys;x
8931;122;64;219;b_ilvyrion;x
8932;140;82;194;b_olaerys;x
8933;145;83;197;b_mortanys;x
8934;148;88;199;b_bantisarys;x
8935;142;88;200;b_zobrastes;x
8936;144;93;192;b_aermysar;x
8937;132;62;151;b_black_cliffs;x
8938;128;59;147;b_rensylos;x
8939;123;57;144;b_maemerys;x
8940;121;56;149;b_lykerion;x
8941;118;59;152;b_rymion;x
8942;114;62;155;b_mourhyzar;x
8943;112;59;159;b_armaelys;x
8944;115;54;163;b_syvirys;x
8945;118;52;168;b_jelmysarys;x
8946;173;73;216;b_bhorash;x
8947;169;71;219;b_vythyma;x
8948;172;66;223;b_vastyr;x
8949;167;70;216;b_nessalion;x
8950;162;73;211;b_mylonos;x
8951;166;70;214;b_galronys;x
8952;159;66;217;b_sentyros;x
8953;156;70;223;b_hesnyr;x
8954;162;65;226;b_zardurie;x
8955;166;60;228;b_dosdyraos;x
8956;168;64;230;b_golmulos;x
8957;170;89;213;b_vezenkarys;x
8958;176;70;219;b_hostyres;x
8959;179;72;223;b_vaekar;x
8960;174;82;198;b_ghistalgrys;x
8961;169;84;195;b_kastraea;x
8962;136;55;182;b_gahajyr;x
8963;139;61;179;b_syaria;x
8964;141;66;174;b_alyryn;x
8965;220;15;57;b_draconys;x
8966;190;25;67;b_draconys10;x
8967;187;25;67;b_draconys11;x
8968;184;26;68;b_draconys12;x
8969;178;29;71;b_draconys14;x
8970;175;30;72;b_draconys15;x
8971;172;31;73;b_draconys16;x
8972;169;32;74;b_draconys17;x
8973;166;33;75;b_draconys18;x
8974;163;34;76;b_draconys19;x
8975;217;16;58;b_draconys1;x
8976;214;17;59;b_draconys2;x
8977;211;18;60;b_draconys3;x
8978;208;19;61;b_draconys4;x
8979;205;20;62;b_draconys5;x
8980;202;21;63;b_draconys6;x
8981;199;22;64;b_draconys7;x
8982;196;23;65;b_draconys8;x
8983;193;24;66;b_draconys9;x
8984;181;28;70;b_draconys13;x
8985;151;38;80;b_draconys23;x
8986;160;35;77;b_draconys20;x
8987;157;36;78;b_draconys21;x
8988;154;37;79;b_draconys22;x
8989;148;39;81;b_draconys24;x
8990;191;34;93;b_anogaria19;x
8991;193;35;93;b_anogaria18;x
8992;189;33;93;b_anogaria20;x
8993;187;32;93;b_anogaria21;x
8994;175;26;93;b_anogaria27;x
8995;185;31;93;b_anogaria22;x
8996;183;30;93;b_anogaria23;x
8997;181;29;93;b_anogaria24;x
8998;179;28;93;b_anogaria25;x
8999;177;27;93;b_anogaria26;x
9000;173;25;93;b_anogaria28;x
9001;171;24;93;b_anogaria29;x
9002;169;23;93;b_anogaria30;x
9003;167;22;93;b_anogaria31;x
9004;228;51;93;b_anogaria;x
9005;227;50;93;b_anogaria1;x
9006;225;49;93;b_anogaria2;x
9007;223;48;93;b_anogaria3;x
9008;221;47;93;b_anogaria4;x
9009;219;46;93;b_anogaria5;x
9010;217;45;93;b_anogaria6;x
9011;215;46;93;b_anogaria7;x
9012;213;45;93;b_anogaria8;x
9013;209;43;93;b_anogaria10;x
9014;199;38;93;b_anogaria15;x
9015;211;44;93;b_anogaria9;x
9016;207;42;93;b_anogaria11;x
9017;205;41;93;b_anogaria12;x
9018;203;40;93;b_anogaria13;x
9019;201;39;93;b_anogaria14;x
9020;197;37;93;b_anogaria16;x
9021;195;36;93;b_anogaria17;x
9022;165;21;93;b_anogaria32;x
9023;163;20;93;b_anogaria33;x
9024;228;82;105;b_elyria1;x
9025;227;81;104;b_elyria2;x
9026;161;62;219;b_ghozai;x
9027;151;78;209;b_ghozai_1;x
9028;159;58;194;b_ghozai_2;x
9029;155;62;182;b_ghozai_3;x
9030;151;66;175;b_ghozai_4;x
9031;159;93;217;b_elos;x
9032;163;89;207;b_elos_1;x
9033;152;113;206;b_velos;x
9034;147;105;198;b_velos_1;x
9035;140;113;194;b_velos_2;x
9036;145;105;191;b_velos_3;x
9037;128;116;178;b_velos_4;x
9038;109;109;155;b_velos_5;x
9039;190;90;90;b_palace_of_love;x
9040;189;87;86;b_wistful_walls;x
9041;186;85;85;b_somber_sands;x
9042;184;82;84;b_the_mourn;x
9043;183;81;81;b_sonorous_sands;x
9044;181;78;80;b_the_echoes;x
9045;178;76;79;b_whispering_stone;x
9046;177;74;76;b_sapsands;x
9047;175;73;73;b_temple_of_the_old_man;x
9048;205;101;97;b_nor_salis;x
9049;202;99;96;b_apparhlhu;x
9050;199;97;95;b_dholhina;x
9051;196;95;94;b_dazhyn;x
9052;193;93;93;b_indamos;x
9053;190;91;92;b_phalsina;x
9054;187;89;91;b_dyswasen;x
9055;209;116;78;b_ar_muhoy;x
9056;208;114;75;b_shusaro;x
9057;207;112;72;b_syrisaven;x
9058;206;110;69;b_dasgaham;x
9059;205;108;66;b_asmehdi;x
9060;204;106;63;b_sabahit;x
9061;203;104;60;b_orinstans;x
9062;202;102;57;b_skhanza;x
9063;201;100;54;b_ignatha;x
9064;174;85;109;b_rhoyne_vale;x
9065;172;82;108;b_tekhira;x
9066;170;79;107;b_khulikha;x
9067;168;76;106;b_tustha;x
9068;166;73;105;b_erymhul;x
9069;164;70;104;b_holhuru;x
9070;162;67;103;b_stalheys;x
9071;160;64;102;b_kholbys;x
9072;158;61;101;b_nysuhlhu;x
9073;156;58;100;b_lhonsum;x
9074;154;55;99;b_rayamos;x
9075;152;52;98;b_hakauts;x
9076;255;117;74;b_gloomy_gate;x
9077;252;114;71;b_sandy_graves;x
9078;249;111;68;b_shrouded_stone;x
9079;246;108;65;b_drowned_dragon;x
9080;243;105;62;b_sunken_spires;x
9081;240;102;59;b_weeping_winds;x
9082;237;99;56;b_melancholia;x
9083;234;96;53;b_foggy_open;x
9084;240;113;58;b_scorched_stone;x
9085;190;77;112;b_sobyrha;x
9086;193;83;121;b_isorhya;x
9087;192;81;118;b_abilhyn;x
9088;191;79;115;b_istaghar;x
9089;189;75;110;b_samauh;x
9090;188;73;107;b_dakhrhu;x
9091;176;49;72;b_ouban;x
9092;175;47;69;b_idbaha;x
9093;174;45;66;b_maynahl;x
9094;236;97;58;b_goldenbridge;x
9095;233;100;55;b_yellowing_boulder;x
9096;236;103;52;b_first_shine;x
9097;239;106;49;b_last_gleam;x
9098;232;90;74;b_yaruli;x
9099;229;92;73;b_toppamul;x
9100;232;89;70;b_ulumhu;x
9101;204;70;53;b_elinhys;x
9102;207;73;56;b_anbatha;x
9103;210;76;59;b_sabskha;x
9104;217;97;89;b_lhorulu;x
9105;218;99;92;b_huryos;x
9106;219;101;95;b_uhran;x
9107;220;103;98;b_althaul;x
9108;221;105;101;b_tayhir;x
9109;222;107;104;b_irenul;x
9110;223;109;107;b_minumose;x
9111;224;111;110;b_maratuhri;x
9112;225;113;113;b_lhonsay;x
9113;226;115;116;b_naylhona;x
9114;227;117;119;b_akhyson;x
9115;228;119;122;b_chromai;x
9116;228;105;85;b_northfields;x
9117;223;103;83;b_sorulhia;x
9118;219;101;78;b_tahamoy;x
9119;214;100;74;b_esmilhaya;x
9120;226;89;65;b_rajar;x
9121;222;94;70;b_isnakkhu;x
9122;219;99;73;b_ridnos;x
9123;216;102;77;b_baabir;x
9124;206;80;64;b_ayonus;x
9125;200;76;61;b_uronnah;x
9126;197;75;57;b_mintas;x
9127;181;77;100;b_garinoy;x
9128;176;75;97;b_genhile;x
9129;169;77;93;b_talhir;x
9130;166;79;88;b_nubahil;x
9131;163;90;85;b_lurusid;x
9132;178;55;71;b_naresys;x
9133;201;66;78;b_synares;x
9134;195;64;84;b_hutares;x
9135;191;66;80;b_perphuos;x
9136;188;62;77;b_uluhresys;x
9137;186;64;78;b_karanos;x
9138;216;91;69;b_nyssa;x
9139;213;93;63;b_nulbhanis;x
9140;209;95;58;b_meriamon;x
9141;204;99;55;b_obemhilos;x
9142;201;105;53;b_cormyle;x
9143;217;78;51;b_rhystyme;x
9144;219;84;54;b_amphekhos;x
9145;221;90;55;b_hilanses;x
9146;222;93;57;b_ulmila;x
9147;226;100;54;b_pynalis;x
9148;227;105;57;b_ramunses;x
9149;154;97;99;b_ar_noy;x
9150;139;87;94;b_ar_saym;x
9151;142;89;95;b_sayns_erdehr;x
9152;145;91;96;b_kayasm;x
9153;148;93;97;b_kaphap;x
9154;151;95;98;b_apharika;x
9155;157;99;100;b_dheley;x
9156;160;101;101;b_lheyom;x
9157;135;83;90;b_glohulu;x
9158;134;81;87;b_sisik;x
9159;133;79;84;b_arednis;x
9160;132;77;81;b_anehm;x
9161;131;75;78;b_siksena;x
9162;130;73;75;b_enday;x
9163;129;71;72;b_derdhel;x
9164;128;69;69;b_dekheya;x
9165;134;82;92;b_sar_erilidyes;x
9166;132;79;91;b_seysun_pise;x
9167;130;76;90;b_enpipolhu;x
9168;128;73;89;b_waranar;x
9169;126;70;88;b_kulheym;x
9170;125;68;85;b_lyohm;x
9171;124;66;82;b_seluer;x
9172;123;64;79;b_maehydi;x
9173;122;62;76;b_deyadha;x
9174;121;60;73;b_gehau;x
9175;191;99;119;b_nekhsos;x
9176;188;97;118;b_harunha;x
9177;185;95;117;b_dheshyr;x
9178;182;93;116;b_saiphara;x
9179;179;91;115;b_minish;x
9180;167;83;111;b_wysgehm;x
9181;164;81;110;b_lykhmha;x
9182;161;79;109;b_korshayon;x
9183;158;77;108;b_yughetys;x
9184;155;75;107;b_rhyplis;x
9185;152;73;106;b_tamhyol;x
9186;149;71;105;b_kathib;x
9187;131;59;99;b_leyhiji;x
9188;134;61;100;b_lesphysys;x
9189;128;57;98;b_aghym;x
9190;125;55;97;b_rinaphaits;x
9191;146;69;104;b_nes_hyakkhu;x
9192;143;67;103;b_enlhymb;x
9193;140;65;102;b_inkomperhys;x
9194;137;63;101;b_hamydh;x
9195;176;89;114;b_phulsyrkha;x
9196;173;87;113;b_inenormos;x
9197;170;85;112;b_hazgehms;x
9198;194;85;124;b_ar_selrys;x
9199;187;71;104;b_istahnl;x
9200;186;69;101;b_iphuohls;x
9201;185;67;98;b_nikhar;x
9202;184;65;95;b_tharsoy;x
9203;183;63;92;b_barhish;x
9204;182;61;89;b_harbahal;x
9205;181;59;87;b_samulyn;x
9206;180;57;84;b_itshan;x
9207;179;55;81;b_myanmurthin;x
9208;178;53;78;b_mayhuls;x
9209;177;51;75;b_nolhod;x
9210;143;97;73;b_kolaut;x
9211;149;100;82;b_boneghu;x
9212;147;99;79;b_endet;x
9213;145;98;76;b_hised;x
9214;141;96;70;b_tuakthaut;x
9215;139;95;67;b_akhtorim;x
9216;115;83;31;b_rotonohm;x
9217;113;82;28;b_kanserath;x
9218;111;81;25;b_dherbady;x
9219;194;101;120;b_dagger_lake;x
9220;192;98;119;b_karsalis;x
9221;190;95;118;b_alhosmidhu;x
9222;188;92;117;b_dhatsit;x
9223;186;89;116;b_lyshadhu;x
9224;184;86;115;b_bintekhin;x
9225;180;80;113;b_elesdhai;x
9226;168;64;107;b_mamemon;x
9227;182;83;114;b_sankhadis;x
9228;178;77;112;b_savrhu;x
9229;176;74;111;b_obaklys;x
9230;174;71;110;b_gonalhors;x
9231;172;68;109;b_hered;x
9232;170;67;108;b_pheloph;x
9233;151;82;113;b_nymeria_palace;x
9234;148;81;111;b_princess_way;x
9235;145;80;109;b_suns_rise;x
9236;142;79;107;b_dheilyas;x
9237;139;78;105;b_bytelhai;x
9238;136;77;103;b_sulharra;x
9239;133;76;101;b_pryellys;x
9240;130;75;99;b_gidabolhyu;x
9241;127;74;97;b_antelya;x
9242;124;73;95;b_temple_of_mother_rhoyne;x
9243;229;121;125;b_malabay;x
9244;152;85;115;b_sar_drea;x
9245;153;88;117;b_saydhalys;x
9246;154;91;119;b_dhyasope;x
9247;155;94;120;b_dahitmha;x
9248;156;97;122;b_bighatur;x
9249;157;100;124;b_sisimsel;x
9250;158;103;125;b_stambolakh;x
9251;159;106;126;b_wayavis;x
9252;153;83;116;b_ar_geryas;x
9253;155;84;119;b_ayadhtu;x
9254;157;85;122;b_bikhazda;x
9255;159;86;125;b_munstha;x
9256;161;87;128;b_kemhtu;x
9257;163;88;131;b_dhey;x
9258;165;89;134;b_ghajali;x
9259;167;90;137;b_pazdat;x
9260;178;74;82;b_sar_lhorulys;x
9261;176;71;81;b_lhara;x
9262;174;68;80;b_dromuhl;x
9263;172;65;79;b_pataly;x
9264;170;62;78;b_ombha;x
9265;168;59;77;b_tulyet;x
9266;166;56;76;b_konghir;x
9267;164;53;75;b_bedatnyt;x
9268;198;62;105;b_rhon_ty;x
9269;195;64;104;b_phaaren;x
9270;192;66;103;b_humenah;x
9271;189;68;102;b_hahurah;x
9272;186;70;101;b_ahm;x
9273;180;74;99;b_iksaneh;x
9274;177;76;98;b_anulhu;x
9275;174;78;97;b_alhay;x
9276;151;101;85;b_sar_rhoy;x
9277;137;94;64;b_tudhuso;x
9278;135;93;61;b_nyupor;x
9279;133;92;58;b_kaurhkor;x
9280;131;91;55;b_huduyusi;x
9281;129;90;52;b_hispli;x
9282;127;89;49;b_eksistini;x
9283;125;88;46;b_inkh_iblak;x
9284;123;87;43;b_ay_kuden;x
9285;121;86;40;b_savsel;x
9286;119;85;37;b_wasindem;x
9287;117;84;34;b_jaminbir;x
9288;240;79;88;b_velvet_march;x
9289;237;77;87;b_huzmion;x
9290;234;75;86;b_alcior;x
9291;231;73;85;b_itnama;x
9292;228;71;84;b_nathari;x
9293;225;69;83;b_nehma;x
9294;222;67;82;b_deynu;x
9295;219;65;81;b_kahinm;x
9296;216;63;80;b_hinmah;x
9297;213;61;79;b_oloy;x
9298;201;58;74;b_sar_hyus;x
9299;200;56;71;b_marhun;x
9300;199;54;68;b_besanha;x
9301;198;52;65;b_turayha;x
9302;197;50;62;b_agbunye;x
9303;196;48;59;b_itahayatt;x
9304;195;46;56;b_beliske;x
9305;194;44;53;b_kumhulre;x
9306;190;62;74;b_sar_moyhan;x
9307;192;65;75;b_mulumara;x
9308;194;68;76;b_lhaum;x
9309;196;71;77;b_huris;x
9310;198;74;78;b_yammel;x
9311;200;77;79;b_arhun;x
9312;202;80;80;b_kamiya;x
9313;204;83;81;b_hotappa;x
9314;221;70;93;b_ghoyan_drohe;x
9315;218;68;92;b_golys;x
9316;215;66;91;b_rhoyyun;x
9317;212;64;90;b_moyan;x
9318;209;62;89;b_draan;x
9319;206;60;88;b_tohrunmu;x
9320;203;58;87;b_madal;x
9321;200;56;86;b_mulman;x
9322;201;58;89;b_hurenhe;x
9323;202;60;92;b_ghyn;x
9324;170;66;97;b_golhuru;x
9325;171;68;100;b_olomos;x
9326;172;70;103;b_menon;x
9327;173;72;106;b_berul;x
9328;174;74;109;b_huluri;x
9329;194;70;88;b_ny_rhon_valley;x
9330;197;68;87;b_rhonos;x
9331;200;66;86;b_emhul;x
9332;203;64;85;b_othalu;x
9333;206;62;84;b_rhoylhmu;x
9334;209;60;83;b_nohubl;x
9335;212;58;82;b_hamsulan;x
9336;215;56;81;b_amapo;x
9337;218;54;80;b_hylura;x
9338;101;178;185;b_chen_1;x
9339;101;188;185;b_chen_2;x
9340;101;198;185;b_chen_3;x
9341;101;208;185;b_chen_4;x
9342;101;218;185;b_chen_5;x
9343;101;228;185;b_chen_6;x
9344;101;238;185;b_chen_7;x
9345;101;178;95;b_patli_1;x
9346;101;188;95;b_patli_2;x
9347;101;198;95;b_patli_3;x
9348;101;208;95;b_patli_4;x
9349;101;218;95;b_patli_5;x
9350;101;228;95;b_patli_6;x
9351;101;178;195;b_tlalli_1;x
9352;101;188;195;b_tlalli_2;x
9353;101;198;195;b_tlalli_3;x
9354;101;208;195;b_tlalli_4;x
9355;101;218;195;b_tlalli_5;x
9356;101;228;195;b_tlalli_6;x
9357;101;238;105;b_nacon_7;x
9358;101;188;105;b_nacon_2;x
9359;101;198;105;b_nacon_3;x
9360;101;208;105;b_nacon_4;x
9361;101;218;105;b_nacon_5;x
9362;101;228;105;b_nacon_6;x
9363;101;178;105;b_nacon_1;x
9364;101;178;25;b_nephrite_plains_1;x
9365;101;188;25;b_nephrite_plains_2;x
9366;101;198;25;b_nephrite_plains_3;x
9367;101;208;25;b_nephrite_plains_4;x
9368;101;218;25;b_nephrite_plains_5;x
9369;101;228;25;b_nephrite_plains_6;x
9370;101;178;135;b_rain_garden_1;x
9371;101;188;135;b_rain_garden_2;x
9372;101;198;135;b_rain_garden_3;x
9373;101;208;135;b_rain_garden_4;x
9374;101;218;135;b_rain_garden_5;x
9375;101;228;135;b_rain_garden_6;x
9376;101;178;35;b_light_falls_1;x
9377;101;188;35;b_light_falls_2;x
9378;101;198;35;b_light_falls_3;x
9379;101;208;35;b_light_falls_4;x
9380;101;218;35;b_light_falls_5;x
9381;101;208;45;b_the_maw_4;x
9382;101;188;45;b_the_maw_2;x
9383;101;198;45;b_the_maw_3;x
9384;101;178;45;b_the_maw_1;x
9385;101;218;45;b_the_maw_5;x
9386;101;228;45;b_the_maw_6;x
9387;101;178;145;b_graowl_1;x
9388;101;188;145;b_graowl_2;x
9389;101;198;145;b_graowl_3;x
9390;101;208;145;b_graowl_4;x
9391;101;218;145;b_graowl_5;x
9392;101;228;145;b_graowl_6;x
9393;101;238;145;b_graowl_7;x
9394;101;178;55;b_neewater_1;x
9395;101;188;55;b_neewater_2;x
9396;101;198;55;b_neewater_3;x
9397;101;208;55;b_neewater_4;x
9398;101;218;55;b_neewater_5;x
9399;101;228;155;b_lesser_valley_6;x
9400;101;188;155;b_lesser_valley_2;x
9401;101;198;155;b_lesser_valley_3;x
9402;101;208;155;b_lesser_valley_4;x
9403;101;218;155;b_lesser_valley_5;x
9404;101;178;155;b_lesser_valley_1;x
9405;101;238;155;b_lesser_valley_7;x
9406;101;178;65;b_dim_grove_1;x
9407;101;188;65;b_dim_grove_2;x
9408;101;198;65;b_dim_grove_3;x
9409;101;208;65;b_dim_grove_4;x
9410;101;218;65;b_dim_grove_5;x
9411;101;228;65;b_dim_grove_6;x
9412;101;178;165;b_ah_mun_1;x
9413;101;188;165;b_ah_mun_2;x
9414;101;198;165;b_ah_mun_3;x
9415;101;208;165;b_ah_mun_4;x
9416;101;218;165;b_ah_mun_5;x
9417;101;228;165;b_ah_mun_6;x
9418;101;238;165;b_ah_mun_7;x
9419;61;248;50;b_yeen_1;x
9420;61;238;50;b_yeen_2;x
9421;61;228;50;b_yeen_3;x
9422;61;218;50;b_yeen_4;x
9423;61;208;50;b_yeen_5;x
9424;61;198;50;b_yeen_6;x
9425;11;248;50;b_yaotl_1;x
9426;11;238;50;b_yaotl_2;x
9427;11;228;50;b_yaotl_3;x
9428;11;218;50;b_yaotl_4;x
9429;11;208;50;b_yaotl_5;x
9430;11;198;50;b_yaotl_6;x
9431;101;248;50;b_tenoch_1;x
9432;101;238;50;b_tenoch_2;x
9433;101;228;50;b_tenoch_3;x
9434;101;218;50;b_tenoch_4;x
9435;101;208;50;b_tenoch_5;x
9436;101;198;50;b_tenoch_6;x
9437;101;188;50;b_tenoch_7;x
9438;102;208;215;b_fleshcarvers_wreck_4;x
9439;102;198;215;b_fleshcarvers_wreck_3;x
9440;102;178;215;b_fleshcarvers_wreck_1;x
9441;102;188;215;b_fleshcarvers_wreck_2;x
9442;102;218;215;b_fleshcarvers_wreck_5;x
9443;102;228;215;b_fleshcarvers_wreck_6;x
9444;102;238;215;b_fleshcarvers_wreck_7;x
9445;16;238;70;b_ilsha_1;x
9446;16;228;70;b_ilsha_2;x
9447;16;218;70;b_ilsha_3;x
9448;16;208;70;b_ilsha_4;x
9449;16;198;70;b_ilsha_5;x
9450;16;188;70;b_ilsha_6;x
9451;16;178;70;b_ilsha_7;x
9452;101;228;31;b_hobnil_6;x
9453;101;178;31;b_hobnil_1;x
9454;101;188;31;b_hobnil_2;x
9455;101;198;31;b_hobnil_3;x
9456;101;208;31;b_hobnil_4;x
9457;101;218;31;b_hobnil_5;x
9458;101;238;31;b_hobnil_7;x
9459;102;198;195;b_hunaphu_3;x
9460;102;178;195;b_hunaphu_1;x
9461;102;188;195;b_hunaphu_2;x
9462;102;208;195;b_hunaphu_4;x
9463;102;218;195;b_hunaphu_5;x
9464;102;228;195;b_hunaphu_6;x
9465;102;238;195;b_hunaphu_7;x
9466;102;188;205;b_last_stop_2;x
9467;102;178;205;b_last_stop_1;x
9468;102;198;205;b_last_stop_3;x
9469;102;208;205;b_last_stop_4;x
9470;102;218;205;b_last_stop_5;x
9471;102;228;205;b_last_stop_6;x
9472;102;178;65;b_monkey_perch_1;x
9473;102;188;65;b_monkey_perch_2;x
9474;102;198;65;b_monkey_perch_3;x
9475;102;208;65;b_monkey_perch_4;x
9476;102;218;65;b_monkey_perch_5;x
9477;102;228;65;b_monkey_perch_6;x
9478;102;238;65;b_monkey_perch_7;x
9479;102;178;75;b_bloody_folly_1;x
9480;102;188;75;b_bloody_folly_2;x
9481;102;198;75;b_bloody_folly_3;x
9482;102;208;75;b_bloody_folly_4;x
9483;102;218;75;b_bloody_folly_5;x
9484;102;228;75;b_bloody_folly_6;x
9485;102;238;75;b_bloody_folly_7;x
9486;102;228;85;b_camazotz_6;x
9487;102;178;85;b_camazotz_1;x
9488;102;188;85;b_camazotz_2;x
9489;102;198;85;b_camazotz_3;x
9490;102;208;85;b_camazotz_4;x
9491;102;218;85;b_camazotz_5;x
9492;102;238;85;b_camazotz_7;x
9493;102;248;85;b_camazotz_8;x
9494;102;208;115;b_backlum_4;x
9495;102;178;115;b_backlum_1;x
9496;102;188;115;b_backlum_2;x
9497;102;198;115;b_backlum_3;x
9498;102;218;115;b_backlum_5;x
9499;102;228;115;b_backlum_6;x
9500;102;198;155;b_chamahez_3;x
9501;102;178;155;b_chamahez_1;x
9502;102;188;155;b_chamahez_2;x
9503;102;208;155;b_chamahez_4;x
9504;102;218;155;b_chamahez_5;x
9505;102;228;155;b_chamahez_6;x
9506;102;218;165;b_tepeu_5;x
9507;102;178;165;b_tepeu_1;x
9508;102;188;165;b_tepeu_2;x
9509;102;198;165;b_tepeu_3;x
9510;102;208;165;b_tepeu_4;x
9511;102;228;165;b_tepeu_6;x
9512;102;228;125;b_zipacna_6;x
9513;102;178;125;b_zipacna_1;x
9514;102;188;125;b_zipacna_2;x
9515;102;198;125;b_zipacna_3;x
9516;102;208;125;b_zipacna_4;x
9517;102;218;125;b_zipacna_5;x
9518;102;238;125;b_zipacna_7;x
9519;102;208;145;b_chamer_4;x
9520;102;178;145;b_chamer_1;x
9521;102;188;145;b_chamer_2;x
9522;102;198;145;b_chamer_3;x
9523;102;218;145;b_chamer_5;x
9524;102;228;145;b_chamer_6;x
9525;102;208;252;b_hapikern_4;x
9526;102;178;252;b_hapikern_1;x
9527;102;188;252;b_hapikern_2;x
9528;102;198;252;b_hapikern_3;x
9529;102;218;252;b_hapikern_5;x
9530;102;198;135;b_itzel_3;x
9531;102;178;135;b_itzel_1;x
9532;102;188;135;b_itzel_2;x
9533;102;208;135;b_itzel_4;x
9534;102;218;135;b_itzel_5;x
9535;102;228;135;b_itzel_6;x
9536;102;238;135;b_itzel_7;x
9537;102;198;12;b_biatol_3;x
9538;102;178;12;b_biatol_1;x
9539;102;188;12;b_biatol_2;x
9540;102;208;12;b_biatol_4;x
9541;102;218;12;b_biatol_5;x
9542;102;228;12;b_biatol_6;x
9543;102;218;185;b_kabil_5;x
9544;102;178;185;b_kabil_1;x
9545;102;188;185;b_kabil_2;x
9546;102;198;185;b_kabil_3;x
9547;102;208;185;b_kabil_4;x
9548;102;228;185;b_kabil_6;x
9549;102;238;185;b_kabil_7;x
9550;102;208;95;b_poxlom_4;x
9551;102;178;95;b_poxlom_1;x
9552;102;188;95;b_poxlom_2;x
9553;102;198;95;b_poxlom_3;x
9554;102;218;95;b_poxlom_5;x
9555;102;178;175;b_cabaguil_1;x
9556;102;188;175;b_cabaguil_2;x
9557;102;198;175;b_cabaguil_3;x
9558;102;208;175;b_cabaguil_4;x
9559;102;218;175;b_cabaguil_5;x
9560;102;228;175;b_cabaguil_6;x
9561;102;208;105;b_ah_tabai_4;x
9562;102;178;105;b_ah_tabai_1;x
9563;102;188;105;b_ah_tabai_2;x
9564;102;198;105;b_ah_tabai_3;x
9565;102;218;105;b_ah_tabai_5;x
9566;102;228;105;b_ah_tabai_6;x
9567;31;129;79;b_splinters_1;x
9568;31;129;78;b_splinters_2;x
9569;31;129;77;b_splinters_3;x
9570;31;129;76;b_splinters_4;x
9571;31;108;70;b_basilisk_point_1;x
9572;31;118;70;b_basilisk_point_2;x
9573;31;128;70;b_basilisk_point_3;x
9574;31;138;70;b_basilisk_point_4;x
9575;31;148;70;b_basilisk_point_5;x
9576;31;158;70;b_basilisk_point_6;x
9577;31;168;70;b_basilisk_point_7;x
9578;31;178;70;b_bile_point_1;x
9579;31;188;70;b_bile_point_2;x
9580;31;198;70;b_bile_point_3;x
9581;31;208;70;b_bile_point_4;x
9582;31;218;70;b_bile_point_5;x
9583;31;228;70;b_bile_point_6;x
9584;11;228;70;b_sickly_shore_1;x
9585;11;218;70;b_sickly_shore_2;x
9586;11;208;70;b_sickly_shore_3;x
9587;11;198;70;b_sickly_shore_4;x
9588;11;188;70;b_sickly_shore_5;x
9589;11;178;70;b_sickly_shore_6;x
9590;21;178;70;b_beach_of_prey_1;x
9591;21;188;70;b_beach_of_prey_2;x
9592;21;198;70;b_beach_of_prey_3;x
9593;21;208;70;b_beach_of_prey_4;x
9594;21;218;70;b_beach_of_prey_5;x
9595;21;228;70;b_beach_of_prey_6;x
9596;21;238;70;b_beach_of_prey_7;x
9597;41;198;70;b_basilisk_deeps_3;x
9598;41;188;70;b_basilisk_deeps_2;x
9599;41;178;70;b_basilisk_deeps_1;x
9600;41;208;70;b_basilisk_deeps_4;x
9601;41;218;70;b_basilisk_deeps_5;x
9602;41;228;70;b_basilisk_deeps_6;x
9603;41;238;70;b_basilisk_deeps_7;x
9604;51;238;70;b_wasting_cove__1;x
9605;51;228;70;b_wasting_cove__2;x
9606;51;218;70;b_wasting_cove__3;x
9607;51;208;70;b_wasting_cove__4;x
9608;51;198;70;b_wasting_cove__5;x
9609;51;188;70;b_wasting_cove__6;x
9610;61;208;70;b_ilsha_deeps_4;x
9611;61;188;70;b_ilsha_deeps_2;x
9612;61;198;70;b_ilsha_deeps_3;x
9613;61;178;70;b_ilsha_deeps_1;x
9614;61;218;70;b_ilsha_deeps_5;x
9615;61;228;70;b_ilsha_deeps_6;x
9616;61;238;70;b_ilsha_deeps_7;x
9617;51;188;10;b_thilsha_2;x
9618;51;178;10;b_thilsha_1;x
9619;51;198;10;b_thilsha_3;x
9620;51;208;10;b_thilsha_4;x
9621;51;218;10;b_thilsha_5;x
9622;51;228;10;b_thilsha_6;x
9623;51;238;10;b_thilsha_7;x
9624;51;248;10;b_thilsha_8;x
9625;101;228;41;b_huracan_6;x
9626;101;178;41;b_huracan_1;x
9627;101;188;41;b_huracan_2;x
9628;101;198;41;b_huracan_3;x
9629;101;208;41;b_huracan_4;x
9630;101;218;41;b_huracan_5;x
9631;101;238;41;b_huracan_7;x
9632;101;178;191;b_ajtzak_1;x
9633;101;188;191;b_ajtzak_2;x
9634;101;198;191;b_ajtzak_3;x
9635;101;208;191;b_ajtzak_4;x
9636;101;218;191;b_ajtzak_5;x
9637;101;228;191;b_ajtzak_6;x
9638;101;238;191;b_ajtzak_7;x
9639;101;178;51;b_ahulom_1;x
9640;101;188;51;b_ahulom_2;x
9641;101;198;51;b_ahulom_3;x
9642;101;208;51;b_ahulom_4;x
9643;101;218;51;b_ahulom_5;x
9644;101;228;51;b_ahulom_6;x
9645;61;238;160;b_spike_of_wishes_1;x
9646;61;228;160;b_spike_of_wishes_2;x
9647;61;218;160;b_spike_of_wishes_3;x
9648;61;208;160;b_spike_of_wishes_4;x
9649;61;198;160;b_spike_of_wishes_5;x
9650;61;188;160;b_spike_of_wishes_6;x
9651;61;178;160;b_spike_of_wishes_7;x
9652;71;188;70;b_laanas_lance_6;x
9653;71;238;70;b_laanas_lance_1;x
9654;71;228;70;b_laanas_lance_2;x
9655;71;218;70;b_laanas_lance_3;x
9656;71;208;70;b_laanas_lance_4;x
9657;71;198;70;b_laanas_lance_5;x
9658;71;178;70;b_laanas_lance_7;x
9659;51;178;150;b_isku_1;x
9660;51;188;150;b_isku_2;x
9661;51;198;150;b_isku_3;x
9662;51;208;150;b_isku_4;x
9663;51;218;150;b_isku_5;x
9664;51;228;150;b_isku_6;x
9665;51;128;70;b_atsi_1;x
9666;51;138;70;b_atsi_2;x
9667;51;148;70;b_atsi_3;x
9668;51;158;70;b_atsi_4;x
9669;51;168;70;b_atsi_5;x
9670;51;118;70;b_atsi_6;x
9671;61;248;10;b_zamettar_1;x
9672;61;238;10;b_zamettar_2;x
9673;61;228;10;b_zamettar_3;x
9674;61;218;10;b_zamettar_4;x
9675;61;208;10;b_zamettar_5;x
9676;61;198;10;b_zamettar_6;x
9677;61;198;20;b_amelttar_1;x
9678;61;208;20;b_amelttar_2;x
9679;61;218;20;b_amelttar_3;x
9680;61;228;20;b_amelttar_4;x
9681;61;238;20;b_amelttar_5;x
9682;61;248;20;b_amelttar_6;x
9683;61;248;30;b_zhoki_1;x
9684;61;238;30;b_zhoki_2;x
9685;61;228;30;b_zhoki_3;x
9686;61;218;30;b_zhoki_4;x
9687;61;208;30;b_zhoki_5;x
9688;61;198;30;b_zhoki_6;x
9689;101;178;205;b_tecuith_1;x
9690;101;188;205;b_tecuith_2;x
9691;101;198;205;b_tecuith_3;x
9692;101;208;205;b_tecuith_4;x
9693;101;218;205;b_tecuith_5;x
9694;101;228;205;b_tecuith_6;x
9695;101;178;115;b_colel_1;x
9696;101;188;115;b_colel_2;x
9697;101;198;115;b_colel_3;x
9698;101;208;115;b_colel_4;x
9699;101;218;115;b_colel_5;x
9700;101;228;115;b_colel_6;x
9701;101;178;215;b_ahulane_1;x
9702;101;188;215;b_ahulane_2;x
9703;101;198;215;b_ahulane_3;x
9704;101;208;215;b_ahulane_4;x
9705;101;218;215;b_ahulane_5;x
9706;101;228;215;b_ahulane_6;x
9707;61;198;40;b_saurattar_1;x
9708;61;208;40;b_saurattar_2;x
9709;61;218;40;b_saurattar_3;x
9710;61;228;40;b_saurattar_4;x
9711;61;238;40;b_saurattar_5;x
9712;61;248;40;b_saurattar_6;x
9713;61;188;40;b_saurattar_7;x
9714;101;178;75;b_eleuia_1;x
9715;101;188;75;b_eleuia_2;x
9716;101;198;75;b_eleuia_3;x
9717;101;208;75;b_eleuia_4;x
9718;101;218;75;b_eleuia_5;x
9719;101;228;75;b_eleuia_6;x
9720;101;178;175;b_meztli_1;x
9721;101;188;175;b_meztli_2;x
9722;101;198;175;b_meztli_3;x
9723;101;208;175;b_meztli_4;x
9724;101;218;175;b_meztli_5;x
9725;101;228;175;b_meztli_6;x
9726;101;238;175;b_meztli_7;x
9727;101;178;85;b_tohil_1;x
9728;101;188;85;b_tohil_2;x
9729;101;198;85;b_tohil_3;x
9730;101;208;85;b_tohil_4;x
9731;101;218;85;b_tohil_5;x
9732;101;178;125;b_voltan_1;x
9733;101;188;125;b_voltan_2;x
9734;101;198;125;b_voltan_3;x
9735;101;208;125;b_voltan_4;x
9736;101;218;125;b_voltan_5;x
9737;101;228;125;b_voltan_6;x
9738;101;178;225;b_metnal_1;x
9739;101;188;225;b_metnal_2;x
9740;101;198;225;b_metnal_3;x
9741;101;208;225;b_metnal_4;x
9742;101;218;225;b_metnal_5;x
9743;101;178;131;b_balam_1;x
9744;101;188;131;b_balam_2;x
9745;101;198;131;b_balam_3;x
9746;101;208;131;b_balam_4;x
9747;101;218;131;b_balam_5;x
9748;101;228;131;b_balam_6;x
9749;101;178;235;b_hozanek_1;x
9750;101;188;235;b_hozanek_2;x
9751;101;198;235;b_hozanek_3;x
9752;101;208;235;b_hozanek_4;x
9753;101;218;235;b_hozanek_5;x
9754;101;228;235;b_hozanek_6;x
9755;101;178;171;b_zac_kuk_1;x
9756;101;188;171;b_zac_kuk_2;x
9757;101;198;171;b_zac_kuk_3;x
9758;101;208;171;b_zac_kuk_4;x
9759;101;218;171;b_zac_kuk_5;x
9760;101;228;171;b_zac_kuk_6;x
9761;101;178;161;b_nelli_1;x
9762;101;188;161;b_nelli_2;x
9763;101;198;161;b_nelli_3;x
9764;101;208;161;b_nelli_4;x
9765;101;218;161;b_nelli_5;x
9766;101;228;161;b_nelli_6;x
9767;101;238;161;b_nelli_7;x
9768;101;178;181;b_hun_cane_1;x
9769;101;188;181;b_hun_cane_2;x
9770;101;198;181;b_hun_cane_3;x
9771;101;208;181;b_hun_cane_4;x
9772;101;218;181;b_hun_cane_5;x
9773;101;228;181;b_hun_cane_6;x
9774;101;178;245;b_caprakan_1;x
9775;101;188;245;b_caprakan_2;x
9776;101;198;245;b_caprakan_3;x
9777;101;208;245;b_caprakan_4;x
9778;101;218;245;b_caprakan_5;x
9779;101;228;245;b_caprakan_6;x
9780;101;238;245;b_caprakan_7;x
9781;101;178;21;b_zeltzin_1;x
9782;101;188;21;b_zeltzin_2;x
9783;101;198;21;b_zeltzin_3;x
9784;101;208;21;b_zeltzin_4;x
9785;101;218;21;b_zeltzin_5;x
9786;101;228;21;b_zeltzin_6;x
9787;101;178;151;b_usukan_1;x
9788;101;188;151;b_usukan_2;x
9789;101;198;151;b_usukan_3;x
9790;101;208;151;b_usukan_4;x
9791;101;218;151;b_usukan_5;x
9792;101;228;151;b_usukan_6;x
9793;101;188;60;b_green_gate_pass_1;x
9794;101;198;60;b_green_gate_pass_2;x
9795;101;208;60;b_green_gate_pass_3;x
9796;101;218;60;b_green_gate_pass_4;x
9797;101;178;70;b_east_green_gate_1;x
9798;101;188;70;b_east_green_gate_2;x
9799;101;198;70;b_east_green_gate_3;x
9800;101;208;70;b_east_green_gate_4;x
9801;101;178;80;b_west_green_gate_1;x
9802;101;188;80;b_west_green_gate_2;x
9803;101;198;80;b_west_green_gate_3;x
9804;101;208;80;b_west_green_gate_4;x
9805;101;178;90;b_south_green_gate_1;x
9806;101;188;90;b_south_green_gate_2;x
9807;101;198;90;b_south_green_gate_3;x
9808;101;208;90;b_south_green_gate_4;x
9809;101;218;90;b_south_green_gate_5;x
9810;101;228;90;b_south_green_gate_6;x
9811;101;178;100;b_sacnite_1;x
9812;101;188;100;b_sacnite_2;x
9813;101;198;100;b_sacnite_3;x
9814;101;208;100;b_sacnite_4;x
9815;101;218;100;b_sacnite_5;x
9816;101;228;100;b_sacnite_6;x
9817;101;178;110;b_the_wyvern_fields_1;x
9818;101;188;110;b_the_wyvern_fields_2;x
9819;101;198;110;b_the_wyvern_fields_3;x
9820;101;208;110;b_the_wyvern_fields_4;x
9821;101;218;110;b_the_wyvern_fields_5;x
9822;101;228;110;b_the_wyvern_fields_6;x
9823;101;238;110;b_the_wyvern_fields_7;x
9824;101;178;120;b_yun_cimil_1;x
9825;101;188;120;b_yun_cimil_2;x
9826;101;198;120;b_yun_cimil_3;x
9827;101;208;120;b_yun_cimil_4;x
9828;101;218;120;b_yun_cimil_5;x
9829;101;228;120;b_yun_cimil_6;x
9830;101;238;120;b_yun_cimil_7;x
9831;101;178;130;b_ah_ciliz_1;x
9832;101;188;130;b_ah_ciliz_2;x
9833;101;198;130;b_ah_ciliz_3;x
9834;101;208;130;b_ah_ciliz_4;x
9835;101;218;130;b_ah_ciliz_5;x
9836;101;228;130;b_ah_ciliz_6;x
9837;101;178;30;b_och_kan_1;x
9838;101;188;30;b_och_kan_2;x
9839;101;198;30;b_och_kan_3;x
9840;101;208;30;b_och_kan_4;x
9841;101;218;30;b_och_kan_5;x
9842;101;228;30;b_och_kan_6;x
9843;101;178;150;b_kianto_1;x
9844;101;188;150;b_kianto_2;x
9845;101;198;150;b_kianto_3;x
9846;101;208;150;b_kianto_4;x
9847;101;218;150;b_kianto_5;x
9848;101;228;150;b_kianto_6;x
9849;101;178;20;b_yaluka_1;x
9850;101;188;20;b_yaluka_2;x
9851;101;198;20;b_yaluka_3;x
9852;101;208;20;b_yaluka_4;x
9853;101;218;20;b_yaluka_5;x
9854;101;228;20;b_yaluka_6;x
9855;101;178;140;b_zyanya_1;x
9856;101;188;140;b_zyanya_2;x
9857;101;198;140;b_zyanya_3;x
9858;101;208;140;b_zyanya_4;x
9859;101;218;140;b_zyanya_5;x
9860;101;228;140;b_zyanya_6;x
9861;101;178;141;b_ah_kinchil_1;x
9862;101;188;141;b_ah_kinchil_2;x
9863;101;198;141;b_ah_kinchil_3;x
9864;101;208;141;b_ah_kinchil_4;x
9865;101;218;141;b_ah_kinchil_5;x
9866;101;228;141;b_ah_kinchil_6;x
9867;101;238;141;b_ah_kinchil_7;x
9868;101;178;40;b_coszcatl_1;x
9869;101;188;40;b_coszcatl_2;x
9870;101;198;40;b_coszcatl_3;x
9871;101;208;40;b_coszcatl_4;x
9872;101;218;40;b_coszcatl_5;x
9873;230;184;82;b_talon_1;x
9874;108;84;30;b_talon_2;x
9875;134;122;96;b_talon_3;x
9876;164;154;132;b_talon_4;x
9877;104;90;59;b_talon_5;x
9878;233;200;125;b_talon_6;x
9879;167;175;63;b_howling_bay_1;x
9880;203;208;144;b_howling_bay_2;x
9881;76;79;43;b_howling_bay_3;x
9882;118;126;19;b_howling_bay_4;x
9883;181;185;123;b_howling_bay_5;x
9884;94;141;56;b_strait_of_skulls_1;x
9885;135;141;66;b_strait_of_skulls_2;x
9886;60;82;43;b_strait_of_skulls_3;x
9887;124;69;128;b_coast_of_sorrows_1;x
9888;138;113;140;b_coast_of_sorrows_2;x
9889;139;43;147;b_coast_of_sorrows_3;x
9890;218;160;152;b_the_arm_1;x
9891;197;78;62;b_the_arm_2;x
9892;110;87;152;b_wraiths_rest_1;x
9893;92;48;171;b_wraiths_rest_2;x
9894;164;133;218;b_wraiths_rest_3;x
9895;42;25;74;b_wraiths_rest_4;x
9896;194;48;144;b_scoundrels_point_1;x
9897;105;64;91;b_scoundrels_point_2;x
9898;192;82;154;b_scoundrels_point_3;x
9899;49;101;71;b_treasure_island_1;x
9900;23;86;49;b_treasure_island_2;x
9901;61;134;92;b_treasure_island_3;x
9902;197;181;145;b_pirates_haven_1;x
9903;186;70;133;b_isle_of_toads_1;x
9904;109;51;82;b_isle_of_toads_2;x
9905;88;60;94;b_maggot_shore_1;x
9906;142;55;159;b_maggot_shore_2;x
9907;197;152;206;b_maggot_shore_3;x
9908;111;68;119;b_maggot_shore_4;x
9909;198;133;211;b_maggot_shore_5;x
9910;69;123;55;b_death_isle_1;x
9911;104;157;65;b_death_isle_2;x
9912;138;240;184;b_isle_of_flies_1;x
9913;71;162;112;b_isle_of_flies_2;x
9914;91;148;117;b_isle_of_flies_3;x
9915;60;100;78;b_isle_of_flies_4;x
9916;63;29;39;b_serpent_forest_1;x
9917;216;123;151;b_serpent_forest_2;x
9918;105;58;72;b_serpent_forest_3;x
9919;169;87;112;b_serpent_forest_4;x
9920;237;158;181;b_serpent_forest_5;x
9921;167;22;66;b_serpent_forest_6;x
9922;26;77;51;b_isle_of_lice_1;x
9923;73;200;134;b_isle_of_lice_2;x
9924;78;136;106;b_isle_of_lice_3;x
9925;8;89;46;b_isle_of_lice_4;x
9926;54;66;60;b_isle_of_lice_5;x
9927;214;181;95;b_gogossos_1;x
9928;203;189;154;b_gogossos_2;x
9929;157;118;18;b_gogossos_3;x
9930;173;142;66;b_gogossos_4;x
9931;121;106;70;b_gogossos_5;x
9932;122;171;157;b_haunted_reach_1;x
9933;78;150;129;b_haunted_reach_2;x
9934;25;94;74;b_haunted_reach_3;x
9935;48;118;98;b_haunted_reach_4;x
9936;97;228;191;b_haunted_reach_5;x
9937;83;49;104;b_bloody_marsh_1;x
9938;191;151;214;b_bloody_marsh_2;x
9939;147;62;198;b_bloody_marsh_3;x
9940;168;203;128;b_draezar_1;x
9941;85;115;49;b_draezar_2;x
9942;84;74;55;b_bleak_shore_1;x
9943;124;101;57;b_bleak_shore_2;x
9944;82;21;27;b_ax_isle_1;x
9945;214;46;61;b_ax_isle_2;x
9946;134;57;64;b_ax_isle_3;x
9947;75;125;151;b_isle_of_vines_1;x
9948;6;47;69;b_isle_of_vines_2;x
9949;44;90;114;b_isle_of_vines_3;x
9950;212;61;151;b_skull_island_1;x
9951;107;35;78;b_skull_island_2;x
9952;178;118;154;b_skull_island_3;x
9953;131;19;29;b_the_blade_1;x
9954;228;175;180;b_the_blade_2;x
9955;150;103;108;b_the_blade_3;x
9956;226;147;201;b_the_handle_1;x
9957;67;36;57;b_the_handle_2;x
9958;194;36;145;b_the_handle_3;x
9959;203;76;163;b_the_handle_4;x
9960;102;178;11;b_gorosh_1;x
9961;102;188;11;b_gorosh_2;x
9962;102;198;11;b_gorosh_3;x
9963;102;208;11;b_gorosh_4;x
9964;102;188;21;b_aft_gorosh_2;x
9965;102;178;21;b_aft_gorosh_1;x
9966;102;198;21;b_aft_gorosh_3;x
9967;102;208;21;b_aft_gorosh_4;x
9968;102;218;21;b_aft_gorosh_5;x
9969;102;178;31;b_arl_gorosh_1;x
9970;102;188;31;b_arl_gorosh_2;x
9971;102;198;31;b_arl_gorosh_3;x
9972;102;208;31;b_arl_gorosh_4;x
9973;102;218;31;b_arl_gorosh_5;x
9974;102;228;31;b_arl_gorosh_6;x
9975;102;178;41;b_sor_gorosh_1;x
9976;102;188;41;b_sor_gorosh_2;x
9977;102;198;41;b_sor_gorosh_3;x
9978;102;208;41;b_sor_gorosh_4;x
9979;102;218;41;b_sor_gorosh_5;x
9980;102;228;41;b_sor_gorosh_6;x
9981;102;238;41;b_sor_gorosh_7;x
9982;102;248;41;b_sor_gorosh_8;x
9983;102;218;225;b_kahiwi_1;x
9984;102;228;225;b_kahiwi_2;x
9985;102;238;225;b_kahiwi_3;x
9986;102;188;245;b_kahiwi_4;x
9987;102;198;245;b_kahiwi_5;x
9988;102;178;245;b_kaupekapeka_1;x
9989;102;208;245;b_kaupekapeka_2;x
9990;102;218;245;b_kaupekapeka_3;x
9991;102;228;245;b_kaupekapeka_4;x
9992;102;238;245;b_kaupekapeka_5;x
9993;102;178;225;b_monoku_1;x
9994;102;188;225;b_monoku_2;x
9995;102;198;225;b_monoku_3;x
9996;102;208;225;b_monoku_4;x
9997;102;178;235;b_wormwater_1;x
9998;102;198;235;b_wormwater_2;x
9999;102;208;235;b_wormwater_3;x
10000;102;218;235;b_wormwater_4;x
10001;102;228;235;b_wormwater_5;x
10002;102;238;235;b_wormwater_6;x
10003;102;198;55;b_leechbrook_3;x
10004;102;178;55;b_leechbrook_1;x
10005;102;188;55;b_leechbrook_2;x
10006;102;208;55;b_leechbrook_4;x
10007;102;218;55;b_leechbrook_5;x
10008;102;228;55;b_leechbrook_6;x
10009;102;178;45;b_pekanga_1;x
10010;102;188;45;b_pekanga_2;x
10011;102;198;45;b_pekanga_3;x
10012;102;208;45;b_pekanga_4;x
10013;102;218;45;b_pekanga_5;x
10014;102;228;45;b_pekanga_6;x
10015;102;238;45;b_pekanga_7;x
10016;102;178;255;b_flogg_1;x
10017;102;188;255;b_flogg_2;x
10018;102;198;255;b_flogg_3;x
10019;102;208;255;b_flogg_4;x
10020;102;218;255;b_flogg_5;x
10021;102;228;255;b_flogg_6;x
10022;102;178;35;b_kelpest_1;x
10023;102;188;35;b_kelpest_2;x
10024;102;198;35;b_kelpest_3;x
10025;102;208;35;b_kelpest_4;x
10026;102;218;35;b_kelpest_5;x
10027;102;228;35;b_kelpest_6;x
10028;102;208;25;b_mohito_4;x
10029;102;178;25;b_mohito_1;x
10030;102;188;25;b_mohito_2;x
10031;102;198;25;b_mohito_3;x
10032;102;218;25;b_mohito_5;x
10033;102;228;25;b_mohito_6;x
10034;102;188;221;b_puheke_2;x
10035;102;178;221;b_puheke_1;x
10036;102;198;221;b_puheke_3;x
10037;102;188;91;b_maringi_2;x
10038;102;178;91;b_maringi_1;x
10039;102;198;91;b_maringi_3;x
10040;102;208;91;b_maringi_4;x
10041;102;218;91;b_maringi_5;x
10042;102;178;201;b_urutapu_1;x
10043;102;188;201;b_urutapu_2;x
10044;102;198;201;b_urutapu_3;x
10045;102;208;201;b_urutapu_4;x
10046;102;218;201;b_urutapu_5;x
10047;102;218;211;b_mutunga_kore_5;x
10048;102;178;211;b_mutunga_kore_1;x
10049;102;188;211;b_mutunga_kore_2;x
10050;102;198;211;b_mutunga_kore_3;x
10051;102;208;211;b_mutunga_kore_4;x
10052;102;228;211;b_mutunga_kore_6;x
10053;102;238;211;b_mutunga_kore_7;x
10054;102;188;51;b_shore_of_thralls_2;x
10055;102;178;51;b_shore_of_thralls_1;x
10056;102;198;51;b_shore_of_thralls_3;x
10057;102;208;51;b_shore_of_thralls_4;x
10058;102;218;51;b_shore_of_thralls_5;x
10059;102;188;251;b_tuteiara_2;x
10060;102;178;251;b_tuteiara_1;x
10061;102;198;251;b_tuteiara_3;x
10062;102;208;251;b_tuteiara_4;x
10063;102;218;251;b_tuteiara_5;x
10064;102;228;251;b_tuteiara_6;x
10065;102;198;61;b_shore_of_tyrants_3;x
10066;102;178;61;b_shore_of_tyrants_1;x
10067;102;188;61;b_shore_of_tyrants_2;x
10068;102;208;61;b_shore_of_tyrants_4;x
10069;102;218;61;b_shore_of_tyrants_5;x
10070;102;178;241;b_wyverns_claw_1;x
10071;102;188;241;b_wyverns_claw_2;x
10072;102;198;241;b_wyverns_claw_3;x
10073;102;208;241;b_wyverns_claw_4;x
10074;102;218;241;b_wyverns_claw_5;x
10075;102;178;71;b_tirewa_1;x
10076;102;188;71;b_tirewa_2;x
10077;102;198;71;b_tirewa_3;x
10078;102;208;71;b_tirewa_4;x
10079;102;218;71;b_tirewa_5;x
10080;102;178;231;b_lesser_claw_1;x
10081;102;188;231;b_lesser_claw_2;x
10082;102;198;231;b_lesser_claw_3;x
10083;102;208;231;b_lesser_claw_4;x
10084;102;218;231;b_lesser_claw_5;x
10085;102;178;191;b_gimlet_1;x
10086;102;188;191;b_gimlet_2;x
10087;102;198;191;b_gimlet_3;x
10088;102;208;191;b_gimlet_4;x
10089;102;218;191;b_gimlet_5;x
10090;102;228;191;b_gimlet_6;x
10091;102;208;81;b_putanga_4;x
10092;102;178;81;b_putanga_1;x
10093;102;188;81;b_putanga_2;x
10094;102;198;81;b_putanga_3;x
10095;102;218;81;b_putanga_5;x
10096;102;228;81;b_putanga_6;x
10097;102;208;121;b_haemanga_4;x
10098;102;178;121;b_haemanga_1;x
10099;102;188;121;b_haemanga_2;x
10100;102;198;121;b_haemanga_3;x
10101;102;218;121;b_haemanga_5;x
10102;102;228;121;b_haemanga_6;x
10103;102;238;121;b_haemanga_7;x
10104;102;178;111;b_pukepuke_1;x
10105;102;188;111;b_pukepuke_2;x
10106;102;198;111;b_pukepuke_3;x
10107;102;208;111;b_pukepuke_4;x
10108;102;218;111;b_pukepuke_5;x
10109;102;228;111;b_pukepuke_6;x
10110;102;238;111;b_pukepuke_7;x
10111;102;178;101;b_maunga_1;x
10112;102;208;141;b_atete_4;x
10113;102;178;141;b_atete_1;x
10114;102;188;141;b_atete_2;x
10115;102;198;141;b_atete_3;x
10116;102;218;141;b_atete_5;x
10117;102;228;141;b_atete_6;x
10118;102;238;141;b_atete_7;x
10119;102;188;161;b_karapoti_2;x
10120;102;178;161;b_karapoti_1;x
10121;102;198;161;b_karapoti_3;x
10122;102;208;161;b_karapoti_4;x
10123;102;218;161;b_karapoti_5;x
10124;102;228;161;b_karapoti_6;x
10125;102;238;161;b_karapoti_7;x
10126;102;218;171;b_horopaki_5;x
10127;102;178;171;b_horopaki_1;x
10128;102;188;171;b_horopaki_2;x
10129;102;198;171;b_horopaki_3;x
10130;102;208;171;b_horopaki_4;x
10131;102;228;171;b_horopaki_6;x
10132;102;248;15;b_serpents_rift_8;x
10133;102;178;15;b_serpents_rift_1;x
10134;102;188;15;b_serpents_rift_2;x
10135;102;198;15;b_serpents_rift_3;x
10136;102;208;15;b_serpents_rift_4;x
10137;102;218;15;b_serpents_rift_5;x
10138;102;228;15;b_serpents_rift_6;x
10139;102;238;15;b_serpents_rift_7;x
10140;102;178;151;b_makini_1;x
10141;102;188;151;b_makini_2;x
10142;102;198;151;b_makini_3;x
10143;102;208;151;b_makini_4;x
10144;102;218;151;b_makini_5;x
10145;102;228;151;b_makini_6;x
10146;102;238;151;b_makini_7;x
10147;102;198;181;b_beach_betrayal_3;x
10148;102;178;181;b_beach_betrayal_1;x
10149;102;188;181;b_beach_betrayal_2;x
10150;102;208;181;b_beach_betrayal_4;x
10151;102;218;181;b_beach_betrayal_5;x
10152;102;228;181;b_beach_betrayal_6;x
10153;102;238;181;b_beach_betrayal_7;x
10154;102;178;131;b_koakawa_1;x
10155;102;188;131;b_koakawa_2;x
10156;102;198;131;b_koakawa_3;x
10157;102;208;131;b_koakawa_4;x
10158;102;218;131;b_koakawa_5;x
10159;102;228;131;b_koakawa_6;x
10160;214;85;85;b_aquos_dhaen_1;x
10161;107;33;33;b_aquos_dhaen_2;x
10162;145;104;104;b_aquos_dhaen_3;x
10163;157;52;52;b_aquos_dhaen_4;x
10164;240;60;60;b_aquos_dhaen_5;x
10165;204;121;121;b_aquos_dhaen_6;x
10166;231;178;178;b_aquos_dhaen_7;x
10167;113;74;74;b_aquos_dhaen_8;x
10168;255;12;12;b_qrinibroz_1;x
10169;213;116;116;b_qrinibroz_2;x
10170;221;173;173;b_qrinibroz_3;x
10171;235;165;230;b_ruklonos_1;x
10172;185;101;179;b_ruklonos_2;x
10173;216;62;204;b_ruklonos_3;x
10174;202;0;187;b_ruklonos_4;x
10175;96;50;93;b_ruklonos_5;x
10176;232;145;226;b_ruklonos_6;x
10177;132;78;128;b_ruklonos_7;x
10178;228;78;208;b_ruklonos_8;x
10179;167;33;33;b_valyria_5;x
10180;184;46;46;b_valyria_1;x
10181;233;92;92;b_valyria_2;x
10182;221;157;157;b_valyria_3;x
10183;146;98;98;b_valyria_4;x
10184;128;52;52;b_valyria_6;x
10185;231;51;51;b_valyria_7;x
10186;171;156;156;b_valyria_8;x
10187;237;168;97;b_iedradrys_1;x
10188;240;203;164;b_iedradrys_2;x
10189;175;132;87;b_iedradrys_3;x
10190;164;98;31;b_iedradrys_4;x
10191;103;74;45;b_iedradrys_5;x
10192;26;186;50;b_hills_of_nolos_1;x
10193;103;223;121;b_hills_of_nolos_2;x
10194;30;155;49;b_hills_of_nolos_3;x
10195;103;26;81;b_molrys_1;x
10196;162;89;142;b_molrys_2;x
10197;169;101;149;b_molrys_3;x
10198;232;30;175;b_molrys_4;x
10199;212;185;204;b_molrys_5;x
10200;194;152;82;b_dragonfields_1;x
10201;221;198;159;b_dragonfields_2;x
10202;255;225;175;b_dragonfields_3;x
10203;131;115;89;b_dragonfields_4;x
10204;152;116;54;b_dragonfields_5;x
10205;241;160;24;b_dragonfields_6;x
10206;94;166;81;b_tyria_1;x
10207;43;108;32;b_tyria_2;x
10208;115;199;100;b_tyria_3;x
10209;171;113;178;b_blenon_way_1;x
10210;223;99;237;b_blenon_way_2;x
10211;215;118;226;b_blenon_way_3;x
10212;118;51;126;b_blenon_way_4;x
10213;231;29;255;b_blenon_way_5;x
10214;128;36;138;b_blenon_way_6;x
10215;234;187;240;b_blenon_way_7;x
10216;186;98;197;b_blenon_way_8;x
10217;189;128;197;b_blenon_way_9;x
10218;208;88;222;b_blenon_way_10;x
10219;136;41;147;b_blenon_way_11;x
10220;188;63;63;b_tikunemio_1;x
10221;131;33;33;b_tikunemio_2;x
10222;211;83;83;b_tikunemio_3;x
10223;94;54;202;b_tikunemio_4;x
10224;67;53;25;b_jarqanor_1;x
10225;132;99;43;b_jarqanor_2;x
10226;213;218;97;b_ilvonys_1;x
10227;151;156;41;b_ilvonys_2;x
10228;103;105;64;b_ilvonys_3;x
10229;173;178;82;b_ilvonys_4;x
10230;207;217;122;b_dromon_hill_1;x
10231;169;183;49;b_dromon_hill_2;x
10232;203;212;129;b_gelios_1;x
10233;157;168;72;b_gelios_2;x
10234;160;162;134;b_gelios_3;x
10235;139;145;86;b_gelios_4;x
10236;91;100;15;b_gelios_5;x
10237;186;207;12;b_bane_coast;x
10238;227;233;169;b_urnebyria;x
10239;91;32;32;b_zorbazion_1;x
10240;175;33;33;b_zorbazion_2;x
10241;208;222;86;b_egrys_1;x
10242;188;192;153;b_egrys_2;x
10243;204;221;53;b_egrys_3;x
10244;139;143;105;b_egrys_4;x
10245;175;175;118;b_elenar_isle_1;x
10246;100;100;48;b_elenar_isle_2;x
10247;166;166;118;b_elenar_isle_3;x
10248;173;173;34;b_pyrys_1;x
10249;171;171;125;b_pyrys_2;x
10250;98;98;25;b_pyrys_3;x
10251;173;173;93;b_pyrys_4;x
10252;176;176;38;b_pyrys_5;x
10253;216;216;48;b_pyrys_6;x
10254;199;219;19;b_bianoros_1;x
10255;167;174;114;b_bianoros_2;x
10256;150;160;62;b_bianoros_3;x
10257;154;149;93;b_urnes_shore_1;x
10258;197;189;91;b_urnes_shore_2;x
10259;146;140;67;b_nuqiria_1;x
10260;164;160;121;b_nuqiria_2;x
10261;211;200;73;b_nuqiria_3;x
10262;199;117;227;b_mhysa_faer_1;x
10263;129;72;148;b_mhysa_faer_2;x
10264;170;48;212;b_mhysa_faer_3;x
10265;135;104;146;b_mhysa_faer_4;x
10266;174;93;202;b_mhysa_faer_5;x
10267;201;153;217;b_mhysa_faer_6;x
10268;197;66;241;b_mhysa_faer_7;x
10269;152;55;55;b_port_vaedar_1;x
10270;217;115;115;b_port_vaedar_2;x
10271;184;41;41;b_port_vaedar_3;x
10272;96;37;37;b_port_vaedar_4;x
10273;212;48;48;b_port_vaedar_5;x
10274;48;175;113;b_raqiros_1;x
10275;119;225;173;b_raqiros_2;x
10276;68;126;15;b_kastaryia_4;x
10277;134;200;74;b_kastaryia_1;x
10278;108;150;69;b_kastaryia_2;x
10279;129;175;87;b_kastaryia_3;x
10280;131;56;160;b_port_of_sighs_1;x
10281;141;7;194;b_port_of_sighs_2;x
10282;144;93;164;b_port_of_sighs_3;x
10283;94;28;121;b_port_of_sighs_4;x
10284;201;85;247;b_port_of_sighs_5;x
10285;184;117;211;b_port_of_sighs_6;x
10286;102;55;121;b_port_of_sighs_7;x
10287;147;4;145;b_xalvorin_1;x
10288;194;142;193;b_xalvorin_2;x
10289;203;110;202;b_xalvorin_3;x
10290;178;48;176;b_xalvorin_4;x
10291;155;146;74;b_rholvath_1;x
10292;127;125;8;b_rholvath_2;x
10293;110;100;16;b_rholvath_3;x
10294;126;120;77;b_rholvath_4;x
10295;178;172;125;b_rholvath_5;x
10296;132;120;17;b_rholvath_6;x
10297;133;87;98;b_iseralis_1;x
10298;127;24;48;b_iseralis_2;x
10299;109;24;44;b_iseralis_3;x
10300;209;79;110;b_iseralis_4;x
10301;214;47;87;b_iseralis_5;x
10302;219;159;174;b_iseralis_6;x
10303;104;53;65;b_iseralis_7;x
10304;207;111;134;b_iseralis_8;x
10305;47;141;95;b_syrenthis_1;x
10306;63;129;97;b_syrenthis_2;x
10307;19;115;68;b_syrenthis_3;x
10308;49;190;120;b_syrenthis_4;x
10309;81;129;129;b_zoglos_1;x
10310;50;198;200;b_zoglos_2;x
10311;33;144;146;b_zoglos_3;x
10312;47;174;176;b_zoglos_4;x
10313;58;111;112;b_zoglos_5;x
10314;7;109;110;b_zoglos_6;x
10315;169;77;206;b_cyrgothis_1;x
10316;152;77;181;b_cyrgothis_2;x
10317;86;19;113;b_cyrgothis_3;x
10318;93;64;105;b_cyrgothis_4;x
10319;191;147;208;b_cyrgothis_5;x
10320;62;176;65;b_tarnothar_1;x
10321;13;159;17;b_tarnothar_2;x
10322;54;103;57;b_vaekhra_1;x
10323;65;80;66;b_vaekhra_2;x
10324;64;178;71;b_vaekhra_3;x
10325;242;26;73;b_howling_bogs;x
10326;240;26;72;b_howling_bogs1;x
10327;238;26;71;b_howling_bogs2;x
10328;236;26;70;b_howling_bogs3;x
10329;234;26;69;b_howling_bogs4;x
10330;216;26;60;b_howling_bogs13;x
10331;214;26;59;b_howling_bogs14;x
10332;212;26;58;b_howling_bogs15;x
10333;208;26;56;b_howling_bogs17;x
10334;206;26;55;b_howling_bogs18;x
10335;230;26;67;b_howling_bogs6;x
10336;232;26;68;b_howling_bogs5;x
10337;228;26;66;b_howling_bogs7;x
10338;226;26;65;b_howling_bogs8;x
10339;224;26;64;b_howling_bogs9;x
10340;222;26;63;b_howling_bogs10;x
10341;220;26;62;b_howling_bogs11;x
10342;218;26;61;b_howling_bogs12;x
10343;210;26;57;b_howling_bogs16;x
10344;119;19;19;b_tirvalis_1;x
10345;181;63;63;b_tirvalis_2;x
10346;141;72;72;b_tirvalis_3;x
10347;242;89;89;b_tirvalis_4;x
10348;104;36;36;b_tirvalis_5;x
10349;198;42;42;b_tirvalis_6;x
10350;209;105;105;b_tirvalis_7;x
10351;140;39;39;b_tirvalis_8;x
10352;173;68;214;b_vharomar_1;x
10353;137;72;162;b_vharomar_2;x
10354;206;88;172;b_vharomar_3;x
10355;114;28;90;b_vharomar_4;x
10356;164;74;138;b_vharomar_5;x
10357;31;163;208;b_jaedys_1;x
10358;25;121;154;b_jaedys_2;x
10359;57;100;119;b_jaedys_3;x
10360;83;168;197;b_jaedys_4;x
10361;14;113;31;b_rhaegonath_1;x
10362;97;203;116;b_rhaegonath_2;x
10363;53;194;79;b_rhaegonath_3;x
10364;77;128;86;b_rhaegonath_4;x
10365;76;138;87;b_rhaegonath_5;x
10366;56;151;73;b_rhaegonath_6;x
10367;25;68;105;b_tyrmora_1;x
10368;48;107;159;b_tyrmora_2;x
10369;138;178;212;b_tyrmora_3;x
10370;51;134;206;b_tyrmora_4;x
10371;221;148;148;b_oreos_1;x
10372;137;35;35;b_oreos_2;x
10373;115;65;65;b_oreos_3;x
10374;240;105;105;b_oreos_4;x
10375;178;57;57;b_oreos_5;x
10376;155;28;28;b_oreos_6;x
10377;189;74;74;b_oreos_7;x
10378;147;144;170;b_mentis_1;x
10379;41;23;180;b_mentis_2;x
10380;67;52;180;b_mentis_3;x
10381;172;162;244;b_mentis_4;x
10382;76;70;121;b_mentis_5;x
10383;83;113;68;b_illysara_1;x
10384;83;173;39;b_illysara_2;x
10385;123;190;91;b_illysara_3;x
10386;33;80;11;b_illysara_4;x
10387;79;137;51;b_illysara_5;x
10388;148;142;109;b_seyrith_1;x
10389;250;228;121;b_seyrith_2;x
10390;218;190;51;b_seyrith_3;x
10391;127;108;13;b_seyrith_4;x
10392;195;186;140;b_seyrith_5;x
10393;160;143;56;b_seyrith_6;x
10394;218;196;83;b_seyrith_7;x
10395;140;11;160;b_ghalvanor_1;x
10396;106;27;118;b_ghalvanor_2;x
10397;189;118;200;b_ghalvanor_3;x
10398;152;46;169;b_ghalvanor_4;x
10399;140;79;150;b_ghalvanor_5;x
10400;156;57;171;b_ghalvanor_6;x
10401;101;61;61;b_dravathor_1;x
10402;173;58;58;b_dravathor_2;x
10403;199;99;99;b_dravathor_3;x
10404;128;44;44;b_dravathor_4;x
10405;146;14;14;b_dravathor_5;x
10406;173;78;78;b_dravathor_6;x
10407;137;37;37;b_dravathor_7;x
10408;190;49;49;b_dravathor_8;x
10409;95;31;31;b_oros_1;x
10410;85;52;52;b_oros_2;x
10411;72;17;17;b_oros_3;x
10412;63;28;28;b_oros_4;x
10413;58;41;41;b_oros_5;x
10414;174;46;189;b_kostozmar_1;x
10415;207;128;217;b_kostozmar_2;x
10416;144;70;152;b_kostozmar_3;x
10417;188;180;87;b_kostozmar_4;x
10418;131;127;78;b_kostozmar_5;x
10419;186;179;90;b_kostozmar_6;x
10420;200;124;124;b_lerzys_1;x
10421;185;137;137;b_lerzys_2;x
10422;138;81;81;b_lerzys_3;x
10423;143;113;113;b_lerzys_4;x
10424;241;83;83;b_lerzys_5;x
10425;134;53;53;b_lerzys_6;x
10426;192;94;94;b_lerzys_7;x
10427;151;21;21;b_lerzys_8;x
10428;32;131;159;b_endiha_1;x
10429;75;187;219;b_endiha_2;x
10430;105;204;231;b_endiha_3;x
10431;86;217;255;b_sombazbion_1;x
10432;19;121;151;b_sombazbion_2;x
10433;0;67;86;b_sombazbion_3;x
10434;97;137;148;b_sombazbion_4;x
10435;199;235;245;b_sombazbion_5;x
10436;46;158;189;b_sombazbion_6;x
10437;146;36;36;b_daervos_1;x
10438;241;49;49;b_daervos_2;x
10439;236;116;116;b_daervos_3;x
10440;194;106;106;b_daervos_4;x
10441;241;81;81;b_daervos_5;x
10442;179;16;16;b_daervos_6;x
10443;228;106;106;b_daervos_7;x
10444;192;59;59;b_daervos_8;x
10445;84;50;50;b_daervos_9;x
10446;189;58;58;b_daervos_10;x
10447;200;81;81;b_daervos_11;x
10448;101;38;38;b_tarval_1;x
10449;197;125;125;b_tarval_2;x
10450;180;29;29;b_tarval_3;x
10451;227;66;66;b_tarval_4;x
10452;101;30;30;b_tarval_5;x
10453;181;34;34;b_kheros_1;x
10454;175;112;112;b_kheros_2;x
10455;154;63;63;b_kheros_3;x
10456;202;72;72;b_kheros_4;x
10457;200;36;36;b_kheros_5;x
10458;178;155;155;b_kheros_6;x
10459;75;186;55;b_jelmazmar_1;x
10460;112;179;101;b_jelmazmar_2;x
10461;73;98;68;b_jelmazmar_3;x
10462;33;148;13;b_jelmazmar_4;x
10463;69;152;54;b_jelmazmar_5;x
10464;70;128;59;b_jelmazmar_6;x
10465;218;207;67;b_rizmor_1;x
10466;154;156;112;b_rizmor_2;x
10467;219;215;165;b_rizmor_3;x
10468;129;126;86;b_rizmor_4;x
10469;59;111;155;b_rizmor_5;x
10470;21;65;103;b_rizmor_6;x
10471;217;79;79;b_zegrys_1;x
10472;127;33;33;b_zegrys_2;x
10473;151;46;46;b_port_orbar_1;x
10474;244;157;157;b_port_orbar_2;x
10475;222;80;80;b_port_orbar_3;x
10476;197;98;98;b_port_orbar_4;x
10477;176;49;49;b_port_orbar_5;x
10478;176;101;101;b_port_orbar_6;x
10479;150;139;232;b_vulker_1;x
10480;99;86;189;b_vulker_2;x
10481;72;63;142;b_vulker_3;x
10482;97;80;221;b_vulker_4;x
10483;120;110;190;b_vulker_5;x
10484;194;126;207;b_rhyos_1;x
10485;193;73;217;b_rhyos_2;x
10486;123;65;134;b_rhyos_3;x
10487;205;141;217;b_rhyos_4;x
10488;144;68;159;b_rhyos_5;x
10489;116;88;122;b_rhyos_6;x
10490;82;79;85;b_old_volantis;x
10491;74;76;75;b_volantis;x
10492;78;66;82;b_fishermongers_square;x
10493;82;58;70;b_western_waterfront;x
10494;82;89;78;b_eastern_waterfront;x
10495;97;78;89;b_black_dragon_square;x
10496;86;91;89;b_the_great_plaza;x
10497;72;95;90;b_elephants_gate;x
10498;78;89;93;b_temple_of_the_lord_of_light;x
10499;70;85;66;b_henuzobrie;x
10500;82;78;78;b_dorosinkon;x
10501;71;91;84;b_qajal;x
10502;58;78;70;b_arlior_geron;x
10503;69;89;72;b_ygdarys;x
10504;64;84;69;b_drozylos;x
10505;59;86;65;b_qeldivilinion;x
10506;54;83;61;b_vermyarys;x
10507;43;85;82;b_ulumharys;x
10508;65;81;74;b_qelbarys;x
10509;68;85;79;b_ragaerys;x
10510;72;91;82;b_embenzar;x
10511;65;84;77;b_gerali;x
10512;77;87;85;b_malmaeron;x
10513;68;91;82;b_rystana;x
10514;77;93;78;b_elyavar;x
10515;82;98;74;b_ilvion;x
10516;78;104;94;b_narys;x
10517;71;94;100;b_virelion;x
10518;89;107;64;b_hemarhaeon;x
10519;87;101;71;b_ulenviri;x
10520;92;105;69;b_rhesynia;x
10521;83;104;59;b_neraemanys;x
10522;76;100;53;b_veredys;x
10523;71;93;50;b_mydaris;x
10524;31;129;80;b_maeza;x
10525;78;48;60;b_little_valyria;x
10526;76;68;87;b_drake_port;x
10527;79;64;91;b_wyvarhun;x
10528;83;60;87;b_shrykelios;x
10529;84;52;57;b_ankaryos;x
10530;73;45;65;b_embrysis;x
10531;86;55;83;b_morghos;x
10532;89;53;78;b_telerax;x
10533;91;48;76;b_pyramerys;x
10534;89;44;71;b_ynaryon;x
10535;93;42;67;b_ultyrios;x
10536;88;47;62;b_gelynyuzes;x
10537;47;47;78;b_zalmyzkes;x
10538;53;51;75;b_embamves;x
10539;58;55;70;b_tolmiryo;x
10540;63;58;67;b_naqa_egros;x
10541;67;53;71;b_eltyryen;x
10542;70;50;76;b_edruremio;x
10543;73;47;81;b_azantyria;x
10544;74;56;84;b_maegarys;x
10545;78;74;113;b_vasyugys;x
10546;81;79;115;b_vhassos;x
10547;76;83;108;b_malqaerys;x
10548;81;86;104;b_jelmonegalry;x
10549;84;82;98;b_grevenkar;x
10550;74;78;51;b_sar_mell;x
10551;78;75;55;b_melanoy;x
10552;81;82;57;b_arban;x
10553;83;90;72;b_gamrhuy;x
10554;80;94;75;b_lhoynuo;x
10555;78;95;64;b_thosaerys;x
10556;89;86;66;b_mestoy;x
10557;83;98;71;b_akulhnya;x
10558;84;78;63;b_ankolia;x
10559;89;75;65;b_nestyr;x
10560;93;77;70;b_nessan;x
10561;83;92;64;b_tomulbar;x
10562;81;95;68;b_skara;x
10563;82;86;52;b_ar_voleys;x
10564;85;82;50;b_aldurus;x
10565;88;80;53;b_gobis;x
10566;90;83;57;b_tulankha;x
10567;87;86;59;b_ulayan;x
10568;85;89;62;b_venneha;x
10569;62;63;55;b_selhorys;x
10570;65;61;60;b_novagyrios;x
10571;68;59;63;b_nyssos;x
10572;70;56;65;b_dovalgaer;x
10573;67;60;69;b_melarys;x
10574;63;63;72;b_uluzys;x
10575;67;61;69;b_menyryia;x
10576;74;58;58;b_barzarios;x
10577;66;58;55;b_tarendelys;x
10578;68;59;52;b_kunelion;x
10579;70;56;57;b_emporys;x
10580;71;51;61;b_henkarion;x
10581;66;67;58;b_selhoru;x
10582;69;69;60;b_selhoru1;x
10583;72;66;63;b_selhoru2;x
10584;70;63;66;b_selhoru3;x
10585;68;60;69;b_selhoru4;x
10586;65;57;71;b_selhoru5;x
10587;67;54;68;b_selhoru6;x
10588;64;56;65;b_selhoru7;x
10589;63;56;65;b_selhoru8;x
10590;59;64;57;b_selhoru9;x
10591;57;65;54;b_selhoru10;x
10592;52;57;36;b_selhoru18;x
10593;54;66;52;b_selhoru11;x
10594;55;63;50;b_selhoru12;x
10595;52;61;48;b_selhoru13;x
10596;54;59;45;b_selhoru14;x
10597;52;56;41;b_selhoru15;x
10598;53;57;39;b_selhoru16;x
10599;54;55;38;b_selhoru17;x
10600;54;56;35;b_selhoru19;x
10601;60;54;35;b_selhoru23;x
10602;55;56;34;b_selhoru20;x
10603;58;56;33;b_selhoru21;x
10604;59;55;34;b_selhoru22;x
10605;61;55;37;b_selhoru24;x
10606;62;57;38;b_selhoru25;x
10607;62;61;35;b_selhoru31;x
10608;61;58;39;b_selhoru26;x
10609;60;59;40;b_selhoru27;x
10610;61;60;38;b_selhoru28;x
10611;62;60;37;b_selhoru29;x
10612;63;59;36;b_selhoru30;x
10613;61;63;34;b_selhoru32;x
10614;62;64;33;b_selhoru33;x
10615;63;65;32;b_selhoru34;x
10616;65;63;31;b_selhoru35;x
10617;67;65;32;b_selhoru36;x
10618;67;72;54;b_death_swamps;x
10619;65;74;53;b_death_swamps1;x
10620;66;72;52;b_death_swamps2;x
10621;64;73;50;b_death_swamps3;x
10622;63;74;51;b_death_swamps4;x
10623;62;75;49;b_death_swamps5;x
10624;61;76;48;b_death_swamps6;x
10625;60;77;47;b_death_swamps7;x
10626;61;77;46;b_death_swamps8;x
10627;62;77;45;b_death_swamps9;x
10628;63;78;46;b_death_swamps10;x
10629;64;78;47;b_death_swamps11;x
10630;69;80;49;b_death_swamps18;x
10631;69;81;49;b_death_swamps19;x
10632;69;81;50;b_death_swamps20;x
10633;70;81;50;b_death_swamps21;x
10634;71;81;50;b_death_swamps22;x
10635;71;81;51;b_death_swamps23;x
10636;78;88;57;b_death_swamps43;x
10637;78;88;58;b_death_swamps44;x
10638;78;89;58;b_death_swamps45;x
10639;79;89;58;b_death_swamps46;x
10640;74;84;54;b_death_swamps32;x
10641;74;84;53;b_death_swamps31;x
10642;74;85;54;b_death_swamps33;x
10643;75;85;54;b_death_swamps34;x
10644;75;85;55;b_death_swamps35;x
10645;75;86;55;b_death_swamps36;x
10646;81;92;61;b_death_swamps54;x
10647;77;88;57;b_death_swamps42;x
10648;79;89;59;b_death_swamps47;x
10649;79;90;59;b_death_swamps48;x
10650;80;90;59;b_death_swamps49;x
10651;80;90;60;b_death_swamps50;x
10652;82;92;61;b_death_swamps55;x
10653;82;92;62;b_death_swamps56;x
10654;81;91;61;b_death_swamps53;x
10655;80;91;60;b_death_swamps51;x
10656;81;91;60;b_death_swamps52;x
10657;76;86;55;b_death_swamps37;x
10658;76;86;56;b_death_swamps38;x
10659;73;84;53;b_death_swamps30;x
10660;76;87;56;b_death_swamps39;x
10661;77;87;56;b_death_swamps40;x
10662;77;87;57;b_death_swamps41;x
10663;65;78;47;b_death_swamps12;x
10664;66;79;48;b_death_swamps13;x
10665;67;79;48;b_death_swamps14;x
10666;67;80;48;b_death_swamps15;x
10667;67;80;49;b_death_swamps16;x
10668;68;80;49;b_death_swamps17;x
10669;71;82;51;b_death_swamps24;x
10670;72;82;51;b_death_swamps25;x
10671;72;82;52;b_death_swamps26;x
10672;72;83;52;b_death_swamps27;x
10673;73;83;52;b_death_swamps28;x
10674;73;83;53;b_death_swamps29;x
10675;61;65;52;b_volaena;x
10676;58;63;51;b_volaena1;x
10677;55;62;50;b_volaena2;x
10678;52;60;49;b_volaena3;x
10679;49;58;48;b_volaena4;x
10680;46;56;47;b_volaena5;x
10681;47;56;47;b_volaena6;x
10682;47;57;47;b_volaena7;x
10683;47;57;48;b_volaena8;x
10684;48;57;48;b_volaena9;x
10685;48;58;48;b_volaena10;x
10686;50;60;51;b_volaena17;x
10687;48;58;49;b_volaena11;x
10688;49;58;49;b_volaena12;x
10689;49;59;49;b_volaena13;x
10690;49;59;50;b_volaena14;x
10691;50;59;50;b_volaena15;x
10692;50;60;50;b_volaena16;x
10693;51;60;51;b_volaena18;x
10694;51;61;51;b_volaena19;x
10695;51;61;52;b_volaena20;x
10696;52;61;52;b_volaena21;x
10697;53;63;53;b_volaena25;x
10698;55;64;55;b_volaena30;x
10699;52;62;52;b_volaena22;x
10700;52;62;53;b_volaena23;x
10701;53;62;53;b_volaena24;x
10702;53;63;54;b_volaena26;x
10703;54;63;54;b_volaena27;x
10704;54;64;54;b_volaena28;x
10705;54;64;55;b_volaena29;x
10706;55;65;55;b_volaena31;x
10707;55;65;56;b_volaena32;x
10708;56;65;56;b_volaena33;x
10709;56;66;56;b_volaena34;x
10710;56;66;57;b_volaena35;x
10711;57;66;57;b_volaena36;x
10712;57;67;57;b_volaena37;x
10713;57;67;58;b_volaena38;x
10714;58;67;58;b_volaena39;x
10715;58;68;58;b_volaena40;x
10716;58;68;59;b_volaena41;x
10717;59;68;59;b_volaena42;x
10718;59;69;59;b_volaena43;x
10719;61;70;61;b_volaena48;x
10720;60;69;60;b_volaena45;x
10721;59;69;60;b_volaena44;x
10722;60;70;60;b_volaena46;x
10723;60;70;61;b_volaena47;x
10724;73;64;56;b_vysyria;x
10725;70;62;55;b_vysyria1;x
10726;67;60;54;b_vysyria2;x
10727;64;58;53;b_vysyria3;x
10728;61;56;52;b_vysyria4;x
10729;58;54;51;b_vysyria5;x
10730;55;52;50;b_vysyria6;x
10731;52;50;49;b_vysyria7;x
10732;53;50;49;b_vysyria8;x
10733;53;51;49;b_vysyria9;x
10734;53;51;50;b_vysyria10;x
10735;54;51;50;b_vysyria11;x
10736;55;53;51;b_vysyria15;x
10737;54;52;50;b_vysyria12;x
10738;54;53;50;b_vysyria13;x
10739;54;53;51;b_vysyria14;x
10740;59;58;55;b_vysyria28;x
10741;55;54;51;b_vysyria16;x
10742;55;54;52;b_vysyria17;x
10743;56;54;52;b_vysyria18;x
10744;56;55;52;b_vysyria19;x
10745;56;55;53;b_vysyria20;x
10746;57;55;53;b_vysyria21;x
10747;58;57;55;b_vysyria26;x
10748;59;57;55;b_vysyria27;x
10749;59;58;56;b_vysyria29;x
10750;60;58;56;b_vysyria30;x
10751;60;59;56;b_vysyria31;x
10752;58;57;54;b_vysyria25;x
10753;57;56;53;b_vysyria22;x
10754;57;56;54;b_vysyria23;x
10755;58;56;54;b_vysyria24;x
10756;62;60;58;b_vysyria36;x
10757;62;61;58;b_vysyria37;x
10758;62;61;59;b_vysyria38;x
10759;63;61;59;b_vysyria39;x
10760;63;62;59;b_vysyria40;x
10761;65;63;61;b_vysyria45;x
10762;65;64;61;b_vysyria46;x
10763;63;62;60;b_vysyria41;x
10764;60;59;57;b_vysyria32;x
10765;61;59;57;b_vysyria33;x
10766;61;60;57;b_vysyria34;x
10767;61;60;58;b_vysyria35;x
10768;64;62;60;b_vysyria42;x
10769;64;63;60;b_vysyria43;x
10770;64;63;61;b_vysyria44;x
10771;91;81;79;b_sarhoy;x
10772;88;83;75;b_solon;x
10773;91;86;73;b_sabyria;x
10774;92;89;71;b_dunvoles;x
10775;91;91;69;b_tyrmenys;x
10776;89;93;71;b_revalys;x
10777;89;78;78;b_norhey;x
10778;105;78;82;b_jelsah;x
10779;102;76;80;b_hyderion;x
10780;105;74;83;b_gelionyr;x
10781;103;71;82;b_syntarys;x
10782;107;67;81;b_aetyanys;x
10783;113;61;85;b_baetarys;x
10784;115;60;88;b_tarantys;x
10785;117;59;90;b_saryzes;x
10786;59;73;66;b_volon_therys;x
10787;62;78;62;b_selentor;x
10788;66;81;60;b_qelvorys;x
10789;74;82;63;b_theromyn;x
10790;67;73;70;b_valysar;x
10791;76;79;67;b_valentor;x
10792;74;84;65;b_arlior_iedar;x
10793;77;81;70;b_tydarys;x
10794;93;85;66;b_mazenkar;x
10795;77;80;60;b_dynaelon;x
10796;79;77;55;b_unatyros;x
10797;82;75;53;b_nalavys;x
10798;77;80;50;b_vaend;x
10799;77;88;68;b_sarendia;x
10800;51;58;66;b_mavlys;x
10801;55;55;68;b_elynos;x
10802;74;78;82;b_valvyr;x
10803;71;76;77;b_vynea;x
10804;72;81;79;b_myenar;x
10805;68;84;76;b_sadrilys;x
10806;63;80;70;b_alyria;x
10807;55;77;67;b_volenys;x
10808;60;59;60;b_tristelys;x
10809;58;50;57;b_alythaea;x
10810;55;47;62;b_molinion;x
10811;60;74;72;b_marzaenion;x
10812;56;84;73;b_olvys_mell;x
10813;58;88;71;b_kastamisagon;x
10814;60;91;67;b_kastaraenion;x
10815;53;91;68;b_ovajel;x
10816;51;94;64;b_ovagun;x
10817;57;90;69;b_aethys;x
10818;49;91;55;b_nysanthys;x
10819;54;96;60;b_naelvar;x
10820;58;94;63;b_lyvision;x
10821;86;73;79;b_honors_port;x
10822;89;71;75;b_sunset_shore;x
10823;82;66;78;b_novalarys;x
10824;85;63;74;b_heraenys;x
10825;88;76;85;b_aeronion;x
10826;85;77;81;b_maelonys;x
10827;104;94;99;b_naqeos;x
10828;84;80;81;b_daerysos;x
10829;93;70;87;b_dynamyr;x
10830;99;88;79;b_vedys_lands;x
10831;101;85;83;b_vedys_raenion;x
10832;97;90;81;b_melqeldie_sands;x
10833;91;88;84;b_amberys;x
10834;87;91;80;b_clementos;x
10835;85;81;70;b_alanys;x
10836;84;86;77;b_aurelios;x
10837;82;70;61;b_courys;x
10838;78;74;66;b_jenav;x
10839;102;86;87;b_orange_fields;x
10840;105;81;90;b_verizmon;x
10841;97;85;83;b_myraenion;x
10842;55;89;82;b_naqa_mell;x
10843;59;93;78;b_saramys;x
10844;43;89;66;b_meljel;x
10845;45;91;61;b_maeysion;x
10846;47;93;58;b_narulon;x
10847;62;90;80;b_saerynion;x
10848;58;93;76;b_tyraenion;x
10849;62;66;70;b_valendia;x
10850;62;89;72;b_ajovys;x
10851;58;73;82;b_qalomyr;x
10852;69;71;73;b_dreos;x
10853;72;68;77;b_qhaenyrion;x
10854;66;67;70;b_sarvez;x
10855;78;64;66;b_selenys;x
10856;74;66;70;b_jeldre;x
10857;78;75;74;b_maenaq;x
10858;78;68;77;b_drakelys;x
10859;78;67;62;b_anyria;x
10860;83;61;61;b_angria;x
10861;80;63;65;b_noraelion;x
10862;91;74;83;b_tyverieae;x
10863;74;70;62;b_embelyon;x
10864;74;74;66;b_numerys;x
10865;83;86;76;b_lomberys;x
10866;87;82;79;b_lyonos;x
10867;89;79;78;b_vezanys;x
10868;82;73;84;b_anathaemes;x
10869;86;76;79;b_arlaenion;x
10870;91;80;88;b_belgaerys;x
10871;81;87;79;b_jelmazmes;x
10872;85;88;77;b_dreznyzes;x
10873;57;59;61;b_valon_sar;x
10874;60;55;65;b_sar_dynaea;x
10875;64;58;63;b_syzeria;x
10876;69;74;92;b_iorys;x
10877;74;75;85;b_kimyno;x
10878;71;79;89;b_tonari;x
10879;49;53;58;b_hylca;x
10880;43;47;51;b_endva;x
10881;85;62;85;b_ar_pharos;x
10882;79;64;82;b_sar_kalis;x
10883;82;61;78;b_gimiron;x
10884;84;58;82;b_paranth;x
10885;81;46;94;b_sar_mandos;x
10886;79;49;90;b_numelios;x
10887;82;53;85;b_syrenes;x
10888;76;41;90;b_sar_mira;x
10889;66;66;74;b_laboros;x
10890;70;61;77;b_westguard;x
10891;65;58;80;b_prynarys;x
10892;68;68;76;b_nalab;x
10893;72;65;79;b_naebyrion;x
10894;67;69;81;b_jelmaeron;x
10895;70;65;84;b_morunvys;x
10896;70;84;79;b_torynar;x
10897;73;82;83;b_malbys;x
10898;75;80;89;b_tenasyris;x
10899;73;86;86;b_syrelia;x
10900;77;89;83;b_apparys;x
10901;77;70;93;b_ygokoyzsi;x
10902;62;86;79;b_hypyris;x
10903;61;83;76;b_ybar_ikos;x
10904;61;78;73;b_vyremis;x
10905;65;81;76;b_kostyria;x
10906;60;85;78;b_kryzoris;x
10907;56;88;80;b_alyaemyrion;x
10908;52;89;82;b_tolypherys;x
10909;53;81;73;b_urharys;x
10910;55;86;76;b_mazmerion;x
10911;66;78;51;b_nor_meran;x
10912;74;76;50;b_sedeno;x
10913;79;74;52;b_seyna;x
10914;82;78;49;b_kyrah;x
10915;85;76;45;b_casand;x
10916;88;74;40;b_hammensa;x
10917;58;77;75;b_kaiphose;x
10918;56;75;80;b_wyrenar;x
10919;62;74;70;b_ar_mynar;x
10920;60;72;75;b_menehmos;x
10921;53;72;79;b_akamos;x
10922;51;68;70;b_karida;x
10923;43;66;78;b_razamy;x
10924;41;62;82;b_harasan;x
10925;39;60;87;b_tulthu;x
10926;41;54;90;b_gurhil;x
10927;44;60;84;b_omenhos;x
10928;47;56;77;b_amyria;x
10929;47;71;73;b_ilysera;x
10930;189;194;146;cv_impassable_terrain;x
10931;24;45;123;b_cv_sea_province_1;x
10932;22;50;155;b_cv_sea_province_2;x
10933;5;4;3;;x
10934;66;44;218;sea_province_cos_1;x
10935;67;44;218;zamoyos_province_cos_1;x
10936;160;44;218;zamoyos_province_cos_2;x
10937;68;44;218;zamoyos_province_cos_3;x
10938;161;44;218;zamoyos_province_cos_4;x
10939;69;44;218;zamoyos_province_cos_5;x
10940;162;44;218;zamoyos_province_cos_6;x
10941;70;44;218;zamoyos_province_cos_7;x
10942;163;44;218;zamoyos_province_cos_8;x
10943;71;44;218;zamoyos_province_cos_9;x
10944;164;44;218;zamoyos_province_cos_10;x
10945;72;44;218;zamoyos_province_cos_11;x
10946;178;151;73;R172G190B26;x
10947;123;131;66;R102G241B197;x
10948;133;149;116;R58G71B48;x
10949;114;149;100;R230G151B164;x
10950;193;202;79;R154G211B29;x
10951;170;194;93;R65G88B147;x
10952;117;147;110;R57G85B97;x
10953;178;146;99;R244G238B113;x
10954;203;207;104;R17G186B196;x
10955;205;157;180;R230G198B232;x
10956;160;141;187;R96G16B163;x
10957;97;111;97;R176G125B57;x
10958;209;186;127;R83G46B221;x
10959;180;149;91;R144G200B48;x
10960;167;121;177;R118G208B204;x
10961;141;148;158;R26G89B58;x
10962;196;127;89;R197G170B221;x
10963;208;165;73;R84G226B132;x
10964;114;145;126;R97G110B150;x
10965;170;152;125;R142G87B164;x
10966;137;183;85;R78G19B28;x
10967;174;172;102;R44G99B137;x
10968;66;158;85;R232G195B165;x
10969;213;220;102;R116G243B199;x
10970;135;164;160;R29G199B249;x
10971;179;165;99;R205G254B206;x
10972;193;161;125;R216G192B72;x
10973;158;161;97;R139G233B175;x
10974;213;155;165;R189G248B99;x
10975;196;171;140;R55G5B255;x
10976;169;184;139;R212G142B211;x
10977;167;168;82;R57G242B172;x
10978;224;139;105;R8G135B132;x
10979;216;181;79;R8G11B132;x
10980;219;172;136;R215G186B132;x
10981;115;133;94;R101G58B43;x
10982;202;168;109;R143G97B248;x
10983;94;142;120;R221G153B37;x
10984;199;176;112;R151G248B59;x
10985;240;148;98;R1G201B188;x
10986;213;207;89;R63G95B161;x
10987;216;145;66;R49G143B244;x
10988;77;133;105;R142G188B230;x
10989;189;136;113;R214G24B95;x
10990;56;94;71;R8G0B37;x
10991;218;167;78;R71G246B81;x
10992;175;143;158;R139G37B201;x
10993;204;178;82;R72G94B36;x
10994;71;154;72;R133G161B224;x
10995;217;181;83;R44G165B110;x
10996;217;192;125;R9G183B29;x
10997;185;132;130;R102G74B116;x
10998;208;157;98;R168G48B222;x
10999;178;137;170;R17G245B248;x
11000;95;145;102;R75G137B106;x
11001;161;148;99;R80G99B190;x
11002;166;185;79;R89G187B238;x
11003;196;120;76;R146G200B22;x
11004;156;133;105;R9G76B237;x
11005;158;144;132;R76G230B66;x
11006;205;147;155;R195G151B57;x
11007;214;173;108;R201G121B195;x
11008;130;111;167;R165G75B245;x
11009;233;150;70;R59G4B30;x
11010;222;196;112;R206G255B221;x
11011;90;172;81;R66G34B126;x
11012;155;211;79;R198G66B8;x
11013;158;161;88;R176G117B199;x
11014;193;198;152;R69G88B187;x
11015;94;171;82;R106G221B44;x
11016;148;115;164;R81G114B87;x
11017;191;122;58;R64G212B200;x
11018;73;108;100;R67G10B229;x
11019;204;159;67;R61G230B27;x
11020;210;169;96;R182G53B167;x
11021;172;161;63;R160G239B7;x
11022;181;143;93;R214G18B111;x
11023;226;140;77;R34G169B232;x
11024;100;173;94;R59G86B16;x
11025;226;144;127;R89G197B150;x
11026;168;139;146;R9G98B46;x
11027;189;168;111;R194G107B88;x
11028;209;181;75;R203G118B206;x
11029;196;170;137;R90G106B123;x
11030;187;144;95;R190G16B169;x
11031;182;170;104;R239G217B242;x
11032;174;105;79;R197G119B203;x
11033;162;198;134;R80G50B182;x
11034;184;144;109;R255G34B116;x
11035;105;123;125;R24G188B70;x
11036;187;166;150;R52G44B208;x
11037;197;146;65;R55G43B68;x
11038;178;154;99;R23G243B225;x
11039;231;145;79;R26G57B99;x
11040;72;113;82;R111G37B97;x
11041;174;162;145;R86G70B33;x
11042;149;162;57;R148G179B39;x
11043;160;220;118;R153G119B121;x
11044;80;148;97;R237G186B16;x
11045;146;175;130;R184G190B241;x
11046;208;223;92;R65G201B209;x
11047;131;149;124;R129G223B176;x
11048;204;135;104;R164G120B28;x
11049;165;170;124;R111G148B158;x
11050;214;156;85;R195G136B251;x
11051;199;194;135;R43G90B140;x
11052;186;164;68;R23G154B192;x
11053;218;163;69;R67G178B117;x
11054;157;200;191;R97G59B15;x
11055;137;173;160;R101G11B213;x
11056;217;188;129;R148G116B1;x
11057;227;201;99;R102G237B43;x
11058;92;121;92;R121G206B45;x
11059;198;217;108;R247G223B206;x
11060;93;73;89;R71G140B183;x
11061;150;135;136;R151G189B30;x
11062;189;183;105;R100G87B218;x
11063;164;175;182;R0G191B16;x
11064;154;179;144;R248G33B62;x
11065;91;114;79;R216G236B0;x
11066;220;146;100;R106G227B70;x
11067;27;140;83;R55G228B3;x
11068;110;119;102;R238G252B55;x
11069;152;133;179;R205G200B204;x
11070;197;183;71;R180G182B22;x
11071;83;142;105;R254G40B81;x
11072;132;183;124;R250G140B11;x
11073;167;173;189;R21G151B108;x
11074;181;142;72;R212G29B68;x
11075;227;175;100;R25G225B254;x
11076;176;163;103;R207G42B127;x
11077;98;135;57;R91G185B196;x
11078;199;158;97;R251G68B211;x
11079;114;165;120;R95G252B185;x
11080;178;144;168;R140G54B3;x
11081;199;142;78;R250G107B176;x
11082;180;142;102;R255G230B222;x
11083;185;188;100;R245G201B108;x
11084;186;157;75;R30G71B178;x
11085;146;212;91;R61G143B137;x
11086;199;141;152;R99G164B69;x
11087;180;186;72;R245G87B79;x
11088;240;180;50;R243G205B113;x
11089;217;203;135;R38G227B142;x
11090;200;139;107;R92G220B253;x
11091;146;159;89;R120G191B67;x
11092;226;160;135;R253G113B31;x
11093;198;136;117;R221G246B229;x
11094;209;153;75;R81G137B148;x
11095;204;161;121;R183G111B46;x
11096;215;189;114;R69G131B3;x
11097;227;142;74;R223G38B19;x
11098;146;153;137;R122G54B28;x
11099;197;162;112;R136G207B5;x
11100;211;164;119;R178G205B96;x
11101;168;145;77;R15G225B232;x
11102;60;138;66;R97G22B67;x
11103;166;166;104;R17G6B191;x
11104;195;205;122;R218G146B165;x
11105;146;150;127;R114G30B193;x
11106;72;135;94;R20G253B251;x
11107;85;123;133;R17G89B126;x
11108;204;170;84;R153G80B181;x
11109;214;179;83;R143G76B56;x
11110;153;179;99;R25G26B118;x
11111;177;123;100;R168G33B185;x
11112;70;157;73;R162G140B149;x
11113;184;209;103;R202G135B123;x
11114;162;159;135;R182G71B36;x
11115;119;122;171;R114G95B100;x
11116;220;150;154;R156G117B118;x
11117;194;167;163;R113G176B78;x
11118;195;161;122;R110G148B137;x
11119;169;129;158;R239G150B62;x
11120;141;187;97;R67G141B162;x
11121;198;111;95;R109G208B169;x
11122;87;96;78;R124G103B17;x
11123;83;166;102;R161G8B69;x
11124;100;159;87;R125G145B119;x
11125;200;184;90;R31G78B161;x
11126;206;153;162;R218G120B2;x
11127;193;185;105;R0G0B217;x
11128;215;209;93;R115G134B93;x
11129;112;160;105;R246G105B18;x
11130;180;177;98;R34G193B253;x
11131;154;176;90;R2G136B43;x
11132;192;164;85;R187G92B233;x
11133;202;195;92;R71G102B37;x
11134;169;168;103;R27G246B163;x
11135;198;127;154;R141G77B162;x
11136;202;142;141;R109G212B106;x
11137;73;100;101;R182G68B212;x
11138;240;226;79;R11G114B169;x
11139;189;180;157;R51G8B149;x
11140;207;199;124;R197G253B58;x
11141;210;165;103;R109G139B222;x
11142;165;168;142;R118G231B125;x
11143;215;204;71;R187G151B99;x
11144;191;165;121;R126G105B218;x
11145;175;162;117;R34G177B34;x
11146;189;143;92;R229G111B16;x
11147;187;165;112;R214G207B45;x
11148;221;178;94;R248G201B214;x
11149;197;185;96;R28G173B252;x
11150;212;226;107;R37G173B49;x
11151;232;126;126;R255G239B26;x
11152;201;148;76;R109G48B170;x
11153;115;158;97;R43G159B251;x
11154;158;188;68;R3G20B8;x
11155;211;167;52;R57G227B185;x
11156;188;137;79;R138G102B9;x
11157;200;139;59;R212G144B254;x
11158;135;157;156;R17G18B31;x
11159;149;132;148;R74G223B111;x
11160;189;154;102;R231G82B192;x
11161;163;160;119;R1G59B79;x
11162;216;180;59;R35G75B29;x
11163;223;191;99;R17G0B231;x
11164;185;141;113;R44G248B250;x
11165;199;149;96;R188G199B155;x
11166;191;180;102;R38G208B27;x
11167;95;123;87;R40G185B49;x
11168;230;145;62;R202G214B62;x
11169;171;155;120;R54G68B211;x
11170;215;170;41;R248G114B132;x
11171;226;174;73;R119G98B58;x
11172;210;165;129;R59G207B19;x
11173;177;167;109;R121G147B164;x
11174;210;199;74;R206G18B95;x
11175;146;173;130;R190G121B172;x
11176;138;173;136;R125G125B134;x
11177;154;126;135;R84G200B118;x
11178;215;162;88;R238G8B170;x
11179;204;153;157;R228G103B226;x
11180;148;162;141;R188G216B165;x
11181;174;158;135;R202G44B254;x
11182;187;174;115;R41G63B63;x
11183;106;117;115;R34G128B37;x
11184;207;140;64;R1G117B202;x
11185;183;147;131;R140G230B82;x
11186;116;163;116;R63G23B28;x
11187;190;148;73;R88G62B112;x
11188;76;136;115;R5G198B19;x
11189;107;140;116;R125G58B2;x
11190;211;206;87;R163G145B135;x
11191;183;113;76;R71G66B38;x
11192;89;146;92;R85G199B255;x
11193;175;209;148;R123G110B120;x
11194;195;177;114;R242G59B162;x
11195;119;147;78;R128G85B12;x
11196;156;192;168;R139G160B212;x
11197;212;178;54;R187G252B42;x
11198;170;159;135;R96G238B35;x
11199;173;151;76;R44G18B246;x
11200;141;149;157;R40G149B60;x
11201;129;173;145;R254G99B184;x
11202;197;142;135;R229G255B142;x
11203;175;178;75;R107G104B77;x
11204;182;176;99;R119G98B202;x
11205;233;220;113;R27G207B196;x
11206;186;187;75;R244G211B130;x
11207;187;181;126;R26G76B240;x
11208;145;189;74;R206G164B187;x
11209;192;185;143;R252G141B109;x
11210;219;170;92;R148G242B98;x
11211;204;164;86;R68G29B203;x
11212;172;211;108;R64G193B23;x
11213;211;151;76;R36G52B85;x
11214;91;137;104;R177G154B72;x
11215;171;177;182;R247G190B78;x
11216;193;152;139;R51G111B36;x
11217;99;106;99;R85G75B207;x
11218;126;176;109;R5G100B149;x
11219;67;160;75;R11G35B95;x
11220;174;199;92;R184G162B133;x
11221;158;163;90;R242G153B171;x
11222;167;185;100;R206G234B213;x
11223;200;142;58;R255G235B240;x
11224;174;154;185;R173G83B170;x
11225;240;154;40;R168G189B233;x
11226;175;137;101;R28G65B11;x
11227;182;180;50;R149G175B214;x
11228;190;159;85;R39G12B101;x
11229;163;211;112;R113G122B255;x
11230;164;174;142;R184G185B59;x
11231;168;160;84;R182G246B186;x
11232;161;149;160;R202G151B138;x
11233;175;110;88;R139G123B105;x
11234;127;196;137;R125G247B154;x
11235;207;197;103;R123G53B51;x
11236;186;195;80;R63G101B148;x
11237;138;191;136;R227G22B145;x
11238;159;194;89;R149G50B68;x
11239;204;159;110;R213G44B168;x
11240;127;182;173;R146G217B117;x
11241;111;145;54;R3G61B29;x
11242;157;153;172;R3G140B158;x
11243;216;161;123;R110G101B240;x
11244;240;196;134;R152G168B101;x
11245;212;181;132;R171G75B190;x
11246;214;198;95;R223G16B40;x
11247;190;139;83;R108G187B18;x
11248;76;110;70;R110G46B67;x
11249;160;205;101;R93G30B70;x
11250;215;182;57;R111G219B149;x
11251;82;147;118;R178G167B8;x
11252;184;142;88;R239G223B235;x
11253;169;135;136;R96G252B130;x
11254;213;162;58;R189G140B232;x
11255;175;213;64;R148G241B215;x
11256;173;130;70;R242G219B222;x
11257;167;113;81;R223G13B63;x
11258;179;131;81;R143G75B16;x
11259;216;173;65;R197G168B127;x
11260;136;159;175;R24G145B115;x
11261;199;179;165;R125G248B248;x
11262;231;166;108;R32G133B163;x
11263;174;160;104;R109G167B203;x
11264;132;205;119;R101G153B177;x
11265;98;121;175;R239G104B239;x
11266;125;156;168;R178G106B97;x
11267;60;150;84;R213G192B120;x
11268;154;153;145;R165G227B43;x
11269;165;154;99;R34G222B29;x
11270;171;168;120;R149G202B205;x
11271;129;139;70;R229G125B150;x
11272;125;154;107;R167G152B128;x
11273;167;203;63;R221G81B50;x
11274;165;179;115;R60G177B78;x
11275;196;161;112;R208G187B236;x
11276;234;234;122;R228G102B95;x
11277;137;175;139;R228G68B5;x
11278;191;140;124;R157G38B33;x
11279;225;157;100;R3G114B138;x
11280;123;148;67;R241G152B80;x
11281;148;164;96;R221G165B90;x
11282;204;158;71;R71G213B40;x
11283;154;121;86;R16G133B238;x
11284;222;196;76;R173G135B40;x
11285;172;162;96;R208G33B32;x
11286;195;167;143;R107G156B137;x
11287;108;107;81;R196G57B26;x
11288;186;135;72;R12G81B122;x
11289;131;167;195;R136G243B125;x
11290;240;172;108;R98G31B240;x
11291;212;127;86;R208G69B112;x
11292;174;183;127;R150G247B78;x
11293;144;118;174;R183G27B207;x
11294;174;150;155;R53G228B201;x
11295;202;174;157;R28G128B17;x
11296;186;193;136;R51G129B142;x
11297;219;164;88;R26G214B233;x
11298;185;167;154;R11G164B22;x
11299;192;165;104;R129G167B76;x
11300;171;163;42;R111G65B132;x
11301;205;189;149;R137G97B255;x
11302;102;136;123;R113G141B40;x
11303;203;148;107;R56G220B62;x
11304;176;160;132;R233G215B110;x
11305;178;135;148;R172G98B116;x
11306;210;143;77;R215G17B97;x
11307;93;117;154;R169G205B245;x
11308;220;155;89;R1G143B173;x
11309;185;165;113;R245G28B5;x
11310;159;152;178;R98G10B193;x
11311;184;208;106;R95G104B177;x
11312;213;151;115;R105G74B208;x
11313;179;181;113;R197G178B249;x
11314;163;164;147;R111G191B52;x
11315;153;172;132;R147G119B250;x
11316;170;204;94;R80G46B252;x
11317;215;120;145;R182G130B31;x
11318;206;189;104;R159G146B41;x
11319;208;185;91;R124G8B228;x
11320;233;198;107;R27G91B12;x
11321;192;199;114;R191G92B75;x
11322;194;176;84;R103G190B50;x
11323;189;136;48;R133G79B159;x
11324;193;177;105;R57G164B103;x
11325;199;178;68;R131G219B50;x
11326;154;195;85;R238G127B47;x
11327;176;143;75;R60G21B90;x
11328;201;142;108;R122G248B197;x
11329;194;161;145;R161G131B111;x
11330;83;100;74;R154G46B49;x
11331;195;189;169;R50G118B51;x
11332;119;167;53;R112G28B70;x
11333;145;123;191;R58G20B194;x
11334;182;205;39;R221G49B227;x
11335;199;180;112;R192G198B58;x
11336;163;151;174;R145G68B255;x
11337;128;135;113;R91G64B74;x
11338;185;191;160;R151G148B180;x
11339;179;186;75;R104G216B155;x
11340;162;170;118;R14G212B153;x
11341;191;205;126;R62G230B253;x
11342;202;149;54;R109G235B2;x
11343;121;129;74;R151G31B216;x
11344;192;136;109;R51G47B226;x
11345;185;196;91;R15G59B74;x
11346;115;134;116;R109G143B211;x
11347;173;130;129;R56G196B215;x
11348;186;161;134;R222G1B129;x
11349;231;152;167;R249G35B131;x
11350;107;142;107;R108G214B215;x
11351;199;128;122;R23G32B36;x
11352;86;100;152;R142G215B72;x
11353;157;184;123;R159G208B24;x
11354;240;191;105;R190G75B131;x
11355;180;172;110;R230G214B27;x
11356;83;115;124;R89G60B228;x
11357;172;161;166;R179G61B85;x
11358;230;143;94;R105G44B114;x
11359;174;141;142;R212G161B245;x
11360;167;152;135;R205G39B80;x
11361;60;171;88;R21G86B59;x
11362;222;166;85;R150G209B149;x
11363;207;139;93;R25G108B39;x
11364;154;184;153;R175G190B107;x
11365;152;126;159;R120G127B215;x
11366;62;110;99;R211G1B212;x
11367;206;231;89;R65G153B181;x
11368;165;138;119;R47G96B202;x
11369;120;124;169;R11G212B245;x
11370;64;161;84;R48G224B255;x
11371;219;128;98;R16G161B14;x
11372;208;152;100;R31G79B74;x
11373;221;181;30;R33G104B252;x
11374;203;123;93;R220G166B252;x
11375;214;185;136;R73G71B228;x
11376;172;147;99;R28G89B109;x
11377;177;196;135;R141G166B210;x
11378;91;132;107;R190G197B96;x
11379;97;125;122;R139G80B159;x
11380;188;139;103;R124G192B61;x
11381;239;194;62;R123G177B249;x
11382;132;131;161;R7G141B18;x
11383;80;114;47;R19G200B74;x
11384;83;147;80;R115G42B80;x
11385;177;183;132;R206G49B99;x
11386;154;165;122;R58G4B8;x
11387;185;181;119;R64G109B79;x
11388;128;187;148;R21G181B180;x
11389;124;152;131;R144G126B30;x
11390;177;204;121;R187G9B157;x
11391;164;200;85;R248G192B248;x
11392;129;192;142;R104G169B164;x
11393;226;163;62;R243G162B147;x
11394;138;211;81;R254G23B210;x
11395;207;148;139;R106G96B142;x
11396;171;152;156;R207G234B255;x
11397;238;141;111;R173G201B87;x
11398;101;134;45;R116G55B198;x
11399;219;172;106;R132G87B117;x
11400;160;145;79;R237G127B91;x
11401;175;184;75;R101G11B113;x
11402;165;165;152;R124G116B131;x
11403;95;166;106;R213G29B108;x
11404;183;156;118;R102G99B130;x
11405;185;107;115;R49G143B190;x
11406;180;157;163;R210G188B153;x
11407;152;161;110;R204G32B181;x
11408;190;185;76;R248G217B58;x
11409;171;169;67;R173G113B81;x
11410;86;130;169;R11G150B59;x
11411;212;160;153;R215G117B87;x
11412;47;129;69;R135G186B229;x
11413;186;120;179;R193G154B201;x
11414;157;210;79;R56G222B214;x
11415;208;182;145;R66G206B106;x
11416;237;126;57;R76G17B123;x
11417;121;166;48;R205G99B142;x
11418;178;90;124;R10G193B180;x
11419;196;165;147;R110G88B38;x
11420;149;170;72;R71G35B85;x
11421;211;158;158;R243G154B106;x
11422;166;169;174;R1G250B153;x
11423;221;150;135;R224G86B13;x
11424;203;141;129;R62G59B195;x
11425;108;131;85;R210G13B99;x
11426;208;191;128;R180G17B5;x
11427;216;168;98;R42G51B124;x
11428;102;157;98;R244G224B153;x
11429;208;166;124;R188G153B10;x
11430;190;153;156;R15G86B163;x
11431;210;168;149;R4G93B20;x
11432;127;127;69;R60G49B181;x
11433;62;143;67;R39G136B209;x
11434;80;139;117;R83G146B86;x
11435;171;199;109;R210G160B152;x
11436;195;181;67;R201G138B66;x
11437;201;133;87;R12G245B206;x
11438;155;150;95;R133G19B158;x
11439;127;166;158;R45G221B235;x
11440;163;142;176;R5G160B109;x
11441;189;214;114;R102G200B207;x
11442;222;139;92;R137G36B175;x
11443;182;144;122;R16G8B195;x
11444;162;175;99;R114G131B184;x
11445;153;184;73;R114G140B5;x
11446;228;135;122;R57G39B112;x
11447;175;188;121;R170G126B213;x
11448;164;203;99;R127G197B34;x
11449;176;190;127;R169G46B11;x
11450;203;108;110;R20G180B75;x
11451;136;184;170;R105G253B76;x
11452;175;182;61;R187G35B200;x
11453;174;174;105;R101G130B31;x
11454;191;140;120;R146G8B177;x
11455;152;186;132;R8G47B210;x
11456;121;117;98;R232G133B174;x
11457;227;149;77;R227G151B168;x
11458;218;131;50;R76G185B179;x
11459;198;168;71;R129G14B131;x
11460;196;144;157;R96G223B227;x
11461;52;136;90;R224G102B165;x
11462;240;195;127;R79G252B132;x
11463;177;162;114;R187G22B205;x
11464;237;140;107;R161G162B240;x
11465;68;139;78;R12G11B110;x
11466;118;119;113;R238G146B104;x
11467;104;170;116;R226G246B147;x
11468;118;147;107;R218G111B227;x
11469;159;164;132;R238G201B71;x
11470;94;137;77;R92G153B27;x
11471;201;194;96;R195G150B63;x
11472;99;104;74;R207G229B132;x
11473;183;191;122;R65G57B134;x
11474;172;187;95;R95G235B95;x
11475;184;140;53;R212G147B14;x
11476;203;174;112;R103G124B90;x
11477;209;168;99;R215G137B5;x
11478;179;169;42;R178G123B200;x
11479;228;181;92;R198G197B68;x
11480;194;198;129;R168G96B229;x
11481;215;219;67;R16G126B73;x
11482;180;160;110;R160G9B47;x
11483;184;139;148;R96G202B53;x
11484;68;125;77;R97G167B196;x
11485;184;155;76;R188G1B85;x
11486;76;157;87;R141G255B204;x
11487;181;137;124;R52G24B88;x
11488;119;182;82;R219G76B84;x
11489;196;188;94;R72G82B80;x
11490;148;112;147;R41G61B73;x
11491;137;142;85;R202G176B181;x
11492;85;97;66;R216G6B95;x
11493;232;158;88;R124G228B89;x
11494;167;166;91;R231G94B166;x
11495;170;208;103;R17G23B58;x
11496;193;169;94;R125G34B139;x
11497;143;132;176;R171G128B129;x
11498;140;126;117;R84G71B206;x
11499;152;183;132;R127G227B146;x
11500;133;148;140;R199G26B41;x
11501;188;181;127;R187G5B101;x
11502;194;213;121;R113G70B244;x
11503;208;131;74;R124G21B40;x
11504;222;176;175;R167G120B222;x
11505;150;198;147;R247G102B38;x
11506;102;135;156;R49G86B62;x
11507;186;192;115;R27G25B86;x
11508;209;172;70;R96G175B219;x
11509;222;166;133;R145G162B242;x
11510;234;180;103;R229G235B160;x
11511;143;146;148;R27G111B95;x
11512;157;153;103;R13G123B61;x
11513;104;145;126;R238G115B170;x
11514;232;144;96;R0G184B226;x
11515;110;150;123;R8G92B213;x
11516;112;149;101;R232G180B79;x
11517;216;213;129;R26G85B78;x
11518;97;118;110;R221G76B61;x
11519;120;143;125;R110G14B97;x
11520;191;176;97;R41G25B174;x
11521;210;184;119;R240G211B250;x
11522;166;202;142;R70G52B205;x
11523;208;197;101;R170G222B96;x
11524;157;198;195;R67G218B195;x
11525;221;180;84;R142G13B228;x
11526;138;124;153;R166G9B115;x
11527;208;144;136;R10G150B186;x
11528;202;148;109;R24G183B148;x
11529;186;141;137;R90G156B216;x
11530;175;187;89;R178G43B15;x
11531;218;130;116;R55G233B230;x
11532;228;195;79;R232G208B24;x
11533;125;116;138;R120G125B46;x
11534;147;173;116;R52G158B131;x
11535;211;126;51;R162G246B158;x
11536;203;147;154;R180G239B136;x
11537;82;164;181;R84G186B113;x
11538;233;209;130;R30G192B227;x
11539;240;166;66;R187G93B50;x
11540;157;192;101;R76G167B129;x
11541;195;135;113;R193G107B76;x
11542;122;149;91;R234G116B66;x
11543;164;137;134;R246G89B150;x
11544;113;190;144;R115G2B118;x
11545;100;141;147;R62G95B24;x
11546;194;199;110;R1G109B197;x
11547;147;165;120;R193G135B1;x
11548;159;137;129;R166G121B159;x
11549;167;166;93;R251G77B174;x
11550;146;131;136;R52G112B129;x
11551;108;149;141;R253G77B15;x
11552;177;140;132;R2G180B94;x
11553;209;160;65;R126G153B211;x
11554;178;192;82;R55G2B78;x
11555;194;202;42;R102G23B241;x
11556;236;176;61;R132G144B229;x
11557;154;170;113;R57G114B207;x
11558;178;165;125;R103G4B47;x
11559;157;156;95;R175G167B242;x
11560;106;145;103;R245G197B57;x
11561;57;97;48;R108G42B151;x
11562;201;165;139;R221G71B56;x
11563;195;198;114;R247G177B171;x
11564;50;106;70;R175G69B198;x
11565;145;158;128;R209G193B133;x
11566;171;208;100;R67G146B49;x
11567;215;200;105;R217G192B87;x
11568;175;217;112;R174G11B66;x
11569;174;182;129;R111G6B219;x
11570;167;164;111;R26G238B76;x
11571;213;194;72;R59G134B207;x
11572;189;95;117;R6G217B198;x
11573;208;128;65;R241G85B119;x
11574;196;135;126;R41G190B201;x
11575;187;165;171;R243G139B114;x
11576;163;141;168;R25G243B11;x
11577;71;87;40;R176G221B82;x
11578;215;222;111;R132G38B173;x
11579;64;119;80;R232G116B154;x
11580;201;190;111;R214G69B219;x
11581;167;210;106;R162G195B1;x
11582;194;181;90;R156G207B248;x
11583;164;158;95;R181G21B28;x
11584;179;162;91;R73G6B62;x
11585;184;119;145;R101G162B25;x
11586;209;164;73;R112G147B134;x
11587;126;155;96;R245G196B25;x
11588;165;161;175;R16G251B206;x
11589;234;209;116;R127G214B241;x
11590;158;156;173;R231G186B134;x
11591;184;172;96;R129G90B151;x
11592;164;180;107;R190G238B152;x
11593;195;216;115;R233G142B17;x
11594;174;157;128;R117G188B1;x
11595;165;183;100;R70G210B177;x
11596;150;176;74;R1G182B232;x
11597;152;153;112;R144G142B133;x
11598;220;182;154;R84G122B214;x
11599;122;146;82;R159G147B200;x
11600;158;173;147;R31G94B30;x
11601;174;170;83;R108G167B176;x
11602;166;140;58;R68G43B252;x
11603;149;175;74;R14G237B176;x
11604;101;133;80;R37G126B251;x
11605;180;225;76;R85G243B222;x
11606;208;170;102;R11G229B106;x
11607;210;187;105;R140G225B80;x
11608;168;176;147;R208G228B2;x
11609;207;150;101;R55G182B162;x
11610;158;124;141;R87G34B146;x
11611;171;191;116;R127G108B21;x
11612;231;188;71;R23G178B244;x
11613;203;198;95;R167G51B160;x
11614;209;171;78;R247G230B211;x
11615;187;186;91;R42G217B54;x
11616;193;135;152;R137G13B238;x
11617;179;173;178;R19G223B144;x
11618;128;136;88;R252G180B88;x
11619;123;109;128;R40G141B29;x
11620;182;155;127;R113G250B94;x
11621;215;208;98;R243G118B186;x
11622;90;164;114;R252G90B7;x
11623;163;180;78;R168G248B90;x
11624;131;112;197;R5G207B181;x
11625;225;131;66;R81G231B166;x
11626;85;124;117;R142G81B156;x
11627;190;148;119;R174G111B207;x
11628;197;187;120;R216G33B249;x
11629;131;107;191;R101G44B55;x
11630;223;165;130;R186G249B13;x
11631;184;143;70;R26G2B116;x
11632;172;163;105;R87G221B95;x
11633;152;191;119;R201G236B107;x
11634;200;130;85;R18G81B221;x
11635;183;195;85;R132G231B205;x
11636;191;158;76;R53G75B56;x
11637;66;130;57;R49G36B53;x
11638;96;132;95;R62G88B37;x
11639;136;189;76;R192G131B115;x
11640;123;146;125;R77G176B84;x
11641;211;130;128;R76G44B139;x
11642;78;160;113;R111G91B147;x
11643;145;128;137;R199G100B110;x
11644;198;173;66;R93G15B167;x
11645;207;164;109;R65G39B76;x
11646;181;175;121;R55G142B209;x
11647;117;169;173;R11G24B206;x
11648;97;154;108;R233G214B218;x
11649;179;152;207;R102G166B103;x
11650;199;192;110;R179G139B178;x
11651;118;100;154;R200G115B49;x
11652;101;93;95;R135G108B71;x
11653;167;159;130;R6G194B51;x
11654;212;205;74;R227G2B147;x
11655;203;169;81;R97G63B169;x
11656;150;173;161;R100G176B170;x
11657;109;167;112;R75G58B24;x
11658;197;144;101;R144G213B243;x
11659;204;166;85;R68G3B109;x
11660;138;177;180;R111G91B167;x
11661;129;123;124;R207G100B118;x
11662;192;169;84;R174G191B122;x
11663;171;147;124;R196G5B38;x
11664;119;139;87;R202G156B106;x
11665;172;171;50;R121G139B223;x
11666;129;174;125;R157G127B26;x
11667;172;165;96;R251G107B149;x
11668;170;206;116;R234G104B127;x
11669;188;180;107;R162G212B34;x
11670;200;156;106;R88G222B87;x
11671;99;145;160;R194G142B247;x
11672;100;141;99;R60G46B69;x
11673;131;186;122;R62G90B207;x
11674;99;140;79;R58G116B162;x
11675;219;160;78;R204G249B22;x
11676;145;151;93;R24G254B62;x
11677;140;137;150;R206G182B158;x
11678;146;199;86;R82G116B255;x
11679;195;147;135;R184G201B236;x
11680;190;130;56;R201G45B156;x
11681;231;160;131;R134G100B130;x
11682;158;110;141;R80G141B78;x
11683;230;143;54;R196G74B112;x
11684;192;142;177;R154G28B13;x
11685;205;173;78;R160G184B68;x
11686;190;175;102;R235G156B127;x
11687;210;176;116;R53G57B25;x
11688;75;82;83;R184G83B96;x
11689;200;172;90;R55G199B117;x
11690;83;157;126;R187G218B160;x
11691;78;112;175;R222G253B15;x
11692;125;148;68;R59G5B232;x
11693;176;164;175;R222G70B65;x
11694;173;187;134;R29G163B239;x
11695;199;173;112;R157G209B222;x
11696;195;164;100;R81G254B87;x
11697;189;188;126;R42G24B200;x
11698;166;179;94;R23G248B216;x
11699;167;205;76;R226G201B113;x
11700;186;159;89;R30G97B39;x
11701;192;173;86;R40G155B160;x
11702;221;168;113;R162G49B50;x
11703;167;174;81;R89G124B208;x
11704;165;162;60;R189G173B67;x
11705;207;143;96;R16G191B6;x
11706;119;137;156;R252G65B77;x
11707;197;119;65;R98G239B111;x
11708;63;182;113;R86G214B131;x
11709;170;165;148;R158G220B79;x
11710;176;180;104;R79G35B110;x
11711;171;138;166;R118G170B59;x
11712;201;182;86;R23G24B213;x
11713;176;183;89;R118G62B245;x
11714;218;178;96;R43G234B45;x
11715;165;141;75;R91G145B102;x
11716;194;165;107;R250G210B198;x
11717;232;156;83;R9G238B184;x
11718;171;195;102;R115G4B244;x
11719;159;164;95;R230G239B78;x
11720;210;195;120;R74G158B215;x
11721;221;155;82;R21G10B87;x
11722;166;193;166;R187G234B250;x
11723;175;221;116;R173G177B125;x
11724;89;134;193;R228G169B71;x
11725;186;169;81;R74G154B110;x
11726;119;153;129;R31G108B60;x
11727;161;186;147;R163G242B75;x
11728;186;170;96;R125G11B206;x
11729;97;114;111;R52G68B181;x
11730;163;186;151;R127G6B6;x
11731;194;149;162;R16G206B208;x
11732;171;193;183;R28G237B209;x
11733;111;152;65;R200G186B13;x
11734;176;149;144;R34G168B0;x
11735;157;172;120;R30G23B175;x
11736;207;114;161;R215G32B176;x
11737;212;162;82;R23G87B42;x
11738;225;169;149;R136G17B144;x
11739;217;176;74;R138G11B224;x
11740;205;205;90;R211G78B30;x
11741;204;164;98;R196G16B185;x
11742;189;113;155;R164G229B129;x
11743;133;123;74;R199G87B80;x
11744;137;165;108;R199G113B170;x
11745;198;150;101;R3G194B140;x
11746;172;133;53;R235G124B210;x
11747;133;146;84;R80G129B49;x
11748;216;130;62;R59G228B25;x
11749;211;138;104;R166G116B54;x
11750;171;118;91;R77G161B46;x
11751;205;143;50;R61G213B25;x
11752;92;132;86;R82G41B91;x
11753;172;200;177;R21G57B193;x
11754;165;145;184;R43G19B104;x
11755;64;160;62;R133G169B230;x
11756;185;202;93;R147G92B185;x
11757;199;147;108;R109G22B166;x
11758;177;168;138;R132G30B220;x
11759;224;166;75;R57G217B236;x
11760;212;175;119;R111G227B24;x
11761;196;146;183;R107G250B220;x
11762;214;172;115;R252G210B233;x
11763;198;195;85;R128G114B41;x
11764;138;145;152;R78G178B177;x
11765;186;155;89;R142G177B121;x
11766;167;173;104;R75G7B227;x
11767;106;143;125;R239G242B48;x
11768;209;130;75;R238G243B170;x
11769;173;155;85;R217G171B226;x
11770;181;164;126;R174G180B127;x
11771;101;154;100;R244G161B167;x
11772;78;123;101;R242G103B104;x
11773;161;145;135;R148G28B12;x
11774;112;142;64;R64G172B74;x
11775;191;176;112;R205G0B124;x
11776;159;202;95;R46G224B71;x
11777;128;153;153;R90G165B250;x
11778;160;170;141;R25G211B112;x
11779;190;158;81;R246G226B247;x
11780;190;158;83;R167G202B188;x
11781;207;194;121;R44G225B26;x
11782;240;132;104;R123G164B126;x
11783;181;177;153;R54G135B154;x
11784;107;140;171;R221G79B47;x
11785;187;165;128;R123G84B75;x
11786;209;159;102;R114G3B43;x
11787;191;178;107;R45G127B129;x
11788;142;190;92;R53G139B84;x
11789;232;167;97;R158G87B120;x
11790;155;181;67;R131G51B216;x
11791;96;145;92;R255G222B236;x
11792;175;156;155;R26G164B128;x
11793;163;140;138;R34G165B229;x
11794;186;207;101;R231G227B113;x
11795;105;115;28;R194G74B77;x
11796;237;226;142;R167G56B16;x
11797;178;164;95;R236G217B97;x
11798;117;169;90;R207G73B224;x
11799;196;175;59;R62G200B135;x
11800;192;183;61;R53G116B70;x
11801;196;127;158;R60G191B220;x
11802;194;121;77;R102G233B54;x
11803;181;162;112;R110G174B39;x
11804;174;157;168;R180G17B150;x
11805;186;161;100;R188G51B190;x
11806;206;139;61;R25G228B185;x
11807;56;152;87;R31G56B107;x
11808;211;185;98;R182G105B70;x
11809;151;167;119;R99G65B218;x
11810;195;213;116;R244G201B2;x
11811;160;188;156;R213G37B51;x
11812;190;164;153;R210G242B137;x
11813;237;150;93;R85G153B88;x
11814;157;210;102;R206G8B201;x
11815;154;177;109;R41G39B134;x
11816;101;176;140;R219G158B212;x
11817;214;154;92;R35G204B147;x
11818;161;197;183;R168G181B172;x
11819;138;164;148;R197G120B248;x
11820;190;168;152;R201G226B151;x
11821;238;156;123;R117G248B209;x
11822;218;160;98;R124G53B185;x
11823;194;164;76;R147G99B48;x
11824;96;120;66;R168G53B198;x
11825;115;182;174;R176G107B76;x
11826;113;158;126;R40G210B101;x
11827;185;137;135;R69G122B77;x
11828;168;137;136;R230G145B196;x
11829;220;154;103;R11G188B84;x
11830;189;182;147;R201G254B214;x
11831;200;168;101;R172G136B46;x
11832;84;140;125;R191G200B34;x
11833;121;131;107;R16G210B249;x
11834;203;200;83;R122G74B148;x
11835;187;204;135;R36G136B100;x
11836;198;163;89;R101G184B137;x
11837;208;194;82;R179G18B68;x
11838;182;134;189;R73G227B145;x
11839;178;164;91;R116G70B119;x
11840;198;177;89;R220G143B94;x
11841;184;149;102;R98G210B220;x
11842;167;177;149;R87G126B208;x
11843;109;175;159;R79G63B96;x
11844;98;171;97;R69G180B227;x
11845;157;168;78;R186G143B6;x
11846;160;128;135;R139G142B37;x
11847;120;160;203;R220G240B16;x
11848;200;151;91;R144G186B196;x
11849;52;160;61;R232G152B242;x
11850;194;153;124;R102G167B46;x
11851;155;144;73;R179G71B117;x
11852;172;165;150;R118G69B80;x
11853;217;149;57;R147G131B223;x
11854;186;154;58;R152G170B200;x
11855;184;144;104;R185G252B233;x
11856;135;125;128;R120G234B80;x
11857;216;135;81;R81G63B194;x
11858;169;143;136;R74G208B151;x
11859;240;181;95;R57G129B107;x
11860;109;172;178;R51G114B46;x
11861;209;153;105;R222G248B115;x
11862;224;130;114;R170G123B96;x
11863;197;184;76;R37G117B195;x
11864;181;151;142;R70G110B205;x
11865;78;130;54;R52G209B96;x
11866;187;193;98;R242G32B114;x
11867;194;186;116;R251G141B180;x
11868;159;170;106;R238G96B86;x
11869;146;143;149;R184G50B102;x
11870;181;148;112;R172G82B42;x
11871;230;148;124;R83G5B190;x
11872;205;200;110;R140G118B148;x
11873;101;151;163;R11G232B77;x
11874;192;125;112;R241G85B44;x
11875;212;201;88;R255G190B73;x
11876;185;141;62;R208G31B101;x
11877;107;146;93;R180G121B97;x
11878;199;187;93;R41G1B209;x
11879;197;140;75;R67G133B123;x
11880;200;148;143;R226G217B136;x
11881;160;180;55;R221G157B32;x
11882;149;186;85;R209G208B175;x
11883;156;171;110;R218G79B119;x
11884;147;191;105;R200G62B63;x
11885;195;192;103;R70G166B227;x
11886;103;191;172;R196G75B253;x
11887;162;156;151;R137G114B103;x
11888;214;197;90;R213G100B124;x
11889;209;211;112;R24G131B81;x
11890;193;158;101;R188G64B147;x
11891;208;196;93;R178G254B41;x
11892;115;143;162;R205G130B254;x
11893;170;198;97;R42G120B130;x
11894;180;141;96;R196G96B87;x
11895;201;185;123;R8G182B41;x
11896;98;121;152;R231G0B0;x
11897;132;144;201;R33G140B160;x
11898;125;137;121;R160G201B26;x
11899;135;188;134;R101G157B25;x
11900;212;142;140;R27G64B134;x
11901;196;185;91;R174G20B89;x
11902;179;145;121;R87G153B245;x
11903;169;163;136;R79G52B145;x
11904;202;137;78;R21G144B77;x
11905;195;117;111;R60G100B234;x
11906;167;170;134;R209G209B190;x
11907;235;190;119;R186G102B76;x
11908;109;124;99;R95G240B88;x
11909;151;190;136;R65G64B169;x
11910;186;141;127;R240G8B219;x
11911;98;123;93;R217G67B186;x
11912;136;172;152;R235G46B84;x
11913;201;209;102;R176G56B15;x
11914;191;168;75;R145G175B132;x
11915;201;187;134;R119G4B67;x
11916;240;168;109;R236G7B118;x
11917;240;158;86;R171G160B214;x
11918;189;125;82;R12G188B23;x
11919;176;202;73;R158G212B172;x
11920;157;144;94;R228G6B86;x
11921;190;164;61;R223G76B35;x
11922;219;204;86;R59G122B45;x
11923;220;182;95;R198G101B46;x
11924;211;140;102;R43G248B16;x
11925;136;175;144;R168G161B254;x
11926;201;175;64;R109G127B1;x
11927;172;194;63;R44G11B110;x
11928;145;196;134;R188G82B29;x
11929;95;117;78;R112G229B238;x
11930;89;162;91;R234G191B159;x
11931;102;159;71;R24G141B0;x
11932;217;188;102;R109G218B136;x
11933;215;184;139;R13G57B216;x
11934;115;109;138;R32G3B42;x
11935;163;113;80;R208G115B89;x
11936;193;184;112;R131G124B164;x
11937;206;176;54;R63G177B130;x
11938;164;177;91;R4G181B104;x
11939;101;161;176;R160G240B102;x
11940;161;177;159;R219G2B181;x
11941;240;176;84;R195G143B86;x
11942;175;159;157;R234G112B151;x
11943;226;191;75;R177G249B9;x
11944;180;186;83;R198G72B42;x
11945;74;150;96;R152G167B36;x
11946;161;182;98;R119G227B77;x
11947;195;129;58;R228G234B30;x
11948;226;192;70;R74G103B149;x
11949;177;192;64;R31G204B237;x
11950;150;162;132;R183G125B195;x
11951;190;161;71;R130G228B92;x
11952;104;181;75;R175G82B114;x
11953;194;159;111;R223G107B246;x
11954;213;128;61;R74G80B117;x
11955;160;150;87;R252G78B228;x
11956;193;151;96;R223G146B155;x
11957;151;177;86;R28G136B61;x
11958;168;131;114;R198G40B218;x
11959;53;109;93;R38G28B95;x
11960;206;172;151;R206G128B230;x
11961;186;144;102;R171G237B157;x
11962;195;206;70;R71G88B176;x
11963;140;159;126;R157G33B35;x
11964;195;148;129;R133G130B163;x
11965;191;136;108;R144G200B35;x
11966;205;180;134;R208G208B21;x
11967;224;181;122;R69G13B252;x
11968;173;139;151;R27G55B214;x
11969;223;184;147;R51G161B72;x
11970;211;163;75;R80G97B40;x
11971;208;138;105;R113G223B251;x
11972;209;137;104;R178G88B156;x
11973;89;150;109;R222G75B96;x
11974;183;197;59;R202G150B230;x
11975;197;116;124;R97G55B59;x
11976;145;147;158;R35G61B108;x
11977;174;189;135;R203G76B149;x
11978;114;172;197;R226G114B224;x
11979;146;156;132;R43G54B115;x
11980;141;151;156;R53G61B210;x
11981;200;176;93;R253G40B242;x
11982;104;100;122;R214G174B189;x
11983;219;191;64;R90G129B106;x
11984;97;137;62;R18G168B238;x
11985;195;129;102;R210G55B209;x
11986;159;149;102;R167G179B118;x
11987;180;177;87;R170G105B197;x
11988;182;184;137;R42G89B222;x
11989;161;167;121;R96G202B145;x
11990;193;135;89;R169G167B133;x
11991;227;170;128;R81G145B176;x
11992;182;154;154;R245G86B67;x
11993;87;143;53;R249G17B180;x
11994;183;132;73;R215G137B31;x
11995;168;169;63;R230G123B16;x
11996;141;174;105;R11G173B248;x
11997;194;180;110;R108G187B232;x
11998;92;146;153;R130G46B222;x
11999;195;186;66;R171G166B215;x
12000;188;201;126;R249G1B168;x
12001;144;160;153;R208G229B6;x
12002;228;155;72;R53G255B200;x
12003;123;170;108;R83G200B14;x
12004;190;174;133;R55G170B54;x
12005;166;196;90;R147G70B178;x
12006;70;135;175;R197G153B67;x
12007;122;182;94;R181G40B171;x
12008;222;158;87;R227G62B34;x
12009;186;162;134;R46G36B31;x
12010;121;138;137;R207G138B165;x
12011;176;153;126;R144G1B204;x
12012;196;166;64;R145G167B212;x
12013;203;170;92;R93G97B168;x
12014;176;201;124;R213G101B250;x
12015;180;199;77;R86G130B222;x
12016;236;171;99;R131G210B186;x
12017;157;125;147;R221G208B63;x
12018;170;137;109;R213G135B156;x
12019;196;155;170;R215G209B180;x
12020;201;102;83;R60G154B9;x
12021;166;187;123;R206G232B74;x
12022;109;153;95;R208G207B112;x
12023;103;157;140;R144G253B78;x
12024;203;135;76;R195G97B165;x
12025;169;148;88;R183G177B32;x
12026;210;199;85;R93G197B136;x
12027;225;135;102;R110G218B87;x
12028;200;140;117;R170G87B62;x
12029;100;153;175;R14G75B99;x
12030;157;129;154;R5G54B13;x
12031;146;149;139;R144G73B217;x
12032;157;189;112;R112G250B37;x
12033;182;179;76;R63G200B255;x
12034;199;138;104;R103G210B8;x
12035;194;165;105;R77G8B218;x
12036;186;184;86;R58G137B226;x
12037;207;200;75;R248G193B197;x
12038;164;97;78;R47G164B209;x
12039;75;151;73;R120G239B81;x
12040;97;147;77;R86G194B242;x
12041;91;177;175;R77G98B2;x
12042;165;194;124;R135G115B13;x
12043;188;133;85;R20G150B30;x
12044;175;175;151;R112G227B111;x
12045;168;150;138;R96G72B224;x
12046;234;155;110;R180G115B88;x
12047;82;110;60;R35G196B67;x
12048;200;169;85;R250G31B231;x
12049;84;153;65;R116G117B61;x
12050;200;149;61;R169G0B213;x
12051;193;172;87;R227G40B75;x
12052;178;176;80;R181G98B96;x
12053;169;158;76;R128G163B249;x
12054;192;137;82;R120G43B172;x
12055;199;159;168;R62G133B30;x
12056;174;179;37;R229G3B97;x
12057;212;138;163;R196G233B67;x
12058;164;155;151;R22G74B49;x
12059;128;147;168;R76G144B1;x
12060;167;179;158;R139G162B143;x
12061;217;183;98;R60G135B150;x
12062;211;123;90;R6G131B58;x
12063;147;160;113;R113G100B103;x
12064;203;137;106;R169G123B63;x
12065;88;150;59;R180G171B222;x
12066;204;171;161;R107G138B164;x
12067;168;161;109;R212G25B69;x
12068;195;134;93;R183G9B33;x
12069;230;172;87;R228G136B235;x
12070;182;154;148;R95G56B60;x
12071;96;178;119;R4G233B185;x
12072;106;147;78;R171G202B212;x
12073;192;127;142;R91G41B186;x
12074;210;143;134;R193G251B227;x
12075;231;154;58;R229G136B235;x
12076;128;155;116;R179G214B243;x
12077;69;120;94;R182G162B185;x
12078;189;158;65;R157G29B116;x
12079;228;171;64;R92G147B49;x
12080;92;146;124;R56G108B197;x
12081;193;145;103;R150G32B19;x
12082;184;150;80;R158G133B58;x
12083;186;183;82;R107G195B10;x
12084;181;167;73;R3G205B23;x
12085;190;174;85;R41G3B82;x
12086;175;178;109;R87G113B254;x
12087;224;165;81;R220G226B138;x
12088;160;177;144;R36G62B208;x
12089;152;140;120;R213G174B140;x
12090;184;143;166;R104G255B160;x
12091;112;103;198;R92G238B244;x
12092;229;159;98;R137G138B61;x
12093;164;134;160;R235G117B150;x
12094;177;206;124;R119G226B86;x
12095;229;140;83;R226G156B125;x
12096;180;154;74;R17G187B189;x
12097;218;139;81;R156G120B136;x
12098;156;198;88;R182G36B56;x
12099;214;174;94;R212G122B215;x
12100;172;159;141;R192G147B240;x
12101;182;195;152;R107G164B73;x
12102;168;126;105;R136G103B46;x
12103;193;197;134;R193G144B57;x
12104;235;148;116;R75G140B106;x
12105;216;214;82;R182G245B190;x
12106;213;125;61;R140G127B143;x
12107;214;176;108;R228G121B50;x
12108;213;162;70;R128G161B10;x
12109;222;136;97;R138G47B254;x
12110;201;170;80;R124G25B253;x
12111;152;167;130;R76G89B162;x
12112;171;144;110;R130G70B3;x
12113;148;179;122;R107G11B133;x
12114;185;134;130;R62G128B144;x
12115;184;198;118;R176G141B85;x
12116;131;146;185;R244G10B32;x
12117;181;217;86;R173G204B76;x
12118;133;168;131;R164G161B137;x
12119;175;148;103;R148G199B185;x
12120;240;183;66;R177G224B121;x
12121;198;117;125;R230G179B89;x
12122;204;151;61;R100G171B196;x
12123;185;167;120;R109G42B217;x
12124;158;197;93;R30G37B25;x
12125;218;131;81;R6G216B130;x
12126;147;193;71;R77G112B53;x
12127;188;167;157;R209G79B158;x
12128;240;162;106;R118G12B5;x
12129;103;172;96;R73G44B115;x
12130;175;202;79;R89G225B19;x
12131;209;175;119;R41G170B225;x
12132;198;175;160;R58G170B118;x
12133;123;132;66;R141G192B34;x
12134;111;138;148;R9G243B253;x
12135;185;192;119;R124G253B254;x
12136;208;166;102;R49G137B164;x
12137;196;193;138;R152G175B129;x
12138;202;174;104;R23G114B252;x
12139;101;124;148;R176G32B26;x
12140;44;155;114;R41G145B81;x
12141;141;135;107;R29G166B232;x
12142;180;154;91;R149G101B32;x
12143;121;133;76;R211G2B18;x
12144;207;143;54;R105G159B100;x
12145;202;188;87;R7G88B28;x
12146;191;140;165;R97G161B65;x
12147;90;128;44;R46G173B174;x
12148;223;199;79;R125G129B215;x
12149;214;179;131;R224G170B196;x
12150;104;173;204;R118G44B42;x
12151;198;172;78;R49G23B26;x
12152;214;172;67;R6G226B157;x
12153;195;171;134;R176G106B13;x
12154;187;187;191;R203G188B233;x
12155;180;142;169;R18G126B111;x
12156;170;167;120;R7G53B26;x
12157;176;207;129;R145G77B77;x
12158;168;182;120;R102G44B61;x
12159;194;191;120;R79G55B32;x
12160;174;201;61;R134G25B12;x
12161;209;150;71;R102G69B170;x
12162;174;163;111;R175G163B46;x
12163;97;156;79;R241G237B112;x
12164;136;153;147;R250G36B11;x
12165;194;198;121;R151G114B108;x
12166;167;202;68;R21G32B109;x
12167;170;177;122;R34G219B7;x
12168;170;152;137;R54G237B180;x
12169;217;177;107;R206G110B55;x
12170;146;114;121;R244G225B60;x
12171;160;177;133;R203G20B177;x
12172;194;179;88;R46G243B14;x
12173;182;175;99;R64G43B13;x
12174;188;184;184;R142G181B34;x
12175;223;161;94;R248G172B78;x
12176;137;167;119;R226G48B113;x
12177;157;207;105;R23G121B39;x
12178;204;158;140;R159G47B56;x
12179;138;151;136;R136G227B37;x
12180;182;170;83;R203G184B194;x
12181;210;152;171;R41G94B210;x
12182;189;179;137;R196G83B145;x
12183;219;190;101;R252G223B7;x
12184;201;151;94;R92G110B90;x
12185;236;177;71;R28G205B245;x
12186;189;190;68;R0G181B76;x
12187;203;176;81;R175G40B175;x
12188;190;197;103;R88G250B76;x
12189;151;200;118;R107G152B228;x
12190;80;151;108;R171G25B150;x
12191;123;146;110;R75G15B24;x
12192;126;105;154;R27G99B243;x
12193;208;137;81;R26G165B221;x
12194;164;172;100;R163G83B43;x
12195;73;145;71;R237G169B4;x
12196;192;147;112;R37G204B174;x
12197;143;188;68;R13G177B209;x
12198;167;151;161;R110G105B221;x
12199;148;148;189;R36G145B245;x
12200;133;111;91;R192G16B189;x
12201;213;164;80;R214G189B172;x
12202;149;148;146;R63G133B73;x
12203;163;148;119;R17G145B247;x
12204;200;168;110;R63G214B255;x
12205;209;133;113;R42G58B8;x
12206;157;183;104;R78G151B87;x
12207;202;121;85;R199G3B206;x
12208;210;172;145;R80G21B221;x
12209;107;125;115;R70G208B226;x
12210;160;158;145;R217G249B86;x
12211;174;162;128;R251G56B169;x
12212;160;181;83;R141G49B159;x
12213;197;163;105;R238G230B10;x
12214;178;176;83;R151G139B172;x
12215;176;165;115;R94G27B110;x
12216;101;119;94;R42G210B245;x
12217;146;155;138;R144G142B231;x
12218;197;122;117;R152G122B64;x
12219;192;148;61;R198G75B99;x
12220;192;158;103;R117G198B89;x
12221;189;153;115;R254G26B201;x
12222;203;137;159;R101G135B133;x
12223;240;211;124;R235G177B102;x
12224;233;194;79;R196G173B254;x
12225;193;156;108;R214G253B21;x
12226;188;179;91;R27G21B210;x
12227;80;101;84;R65G186B236;x
12228;81;108;106;R80G230B91;x
12229;33;157;91;R141G79B127;x
12230;179;203;76;R245G244B104;x
12231;167;173;86;R125G76B150;x
12232;96;116;100;R126G206B84;x
12233;223;148;59;R69G137B75;x
12234;194;163;103;R232G87B10;x
12235;162;180;83;R151G7B130;x
12236;167;167;156;R53G10B84;x
12237;214;192;87;R30G42B120;x
12238;183;105;174;R103G251B191;x
12239;184;176;108;R32G124B14;x
12240;197;166;59;R184G255B148;x
12241;192;187;116;R48G78B79;x
12242;163;149;131;R164G42B188;x
12243;194;109;131;R217G215B104;x
12244;153;161;63;R226G66B80;x
12245;151;165;143;R212G253B65;x
12246;209;191;144;R92G217B194;x
12247;214;141;107;R198G169B94;x
12248;177;184;178;R58G94B78;x
12249;70;151;81;R133G125B205;x
12250;185;158;100;R118G216B254;x
12251;237;184;112;R43G80B206;x
12252;186;158;187;R128G128B10;x
12253;217;178;61;R57G201B254;x
12254;201;162;147;R18G207B77;x
12255;187;162;84;R0G1B198;x
12256;75;141;61;R64G199B77;x
12257;174;198;93;R232G216B121;x
12258;143;191;136;R159G212B187;x
12259;206;209;136;R108G120B242;x
12260;216;160;86;R73G196B54;x
12261;196;141;133;R208G19B159;x
12262;190;163;102;R249G7B160;x
12263;188;175;105;R233G70B111;x
12264;117;131;127;R2G133B248;x
12265;209;206;88;R17G43B81;x
12266;147;107;186;R252G167B251;x
12267;185;179;106;R151G75B107;x
12268;240;205;85;R167G56B196;x
12269;180;188;168;R132G217B189;x
12270;180;179;116;R223G89B233;x
12271;205;178;138;R128G212B182;x
12272;173;163;85;R131G138B250;x
12273;198;233;110;R150G233B211;x
12274;200;201;115;R143G78B97;x
12275;156;144;55;R55G88B145;x
12276;195;147;80;R194G65B58;x
12277;50;137;117;R103G123B113;x
12278;78;138;91;R165G111B6;x
12279;178;144;137;R230G79B31;x
12280;118;152;140;R23G166B3;x
12281;156;105;131;R142G41B167;x
12282;197;126;76;R84G225B12;x
12283;216;164;80;R93G84B203;x
12284;177;165;64;R221G167B138;x
12285;181;164;97;R50G121B182;x
12286;177;178;144;R13G101B38;x
12287;121;138;148;R179G242B168;x
12288;236;192;87;R70G235B57;x
12289;148;152;150;R90G177B88;x
12290;106;133;68;R177G31B204;x
12291;206;173;89;R42G123B61;x
12292;118;143;57;R42G117B181;x
12293;146;220;103;R89G212B232;x
12294;141;179;152;R49G236B4;x
12295;158;129;110;R103G33B119;x
12296;187;153;74;R105G54B251;x
12297;123;186;148;R231G145B47;x
12298;163;152;144;R12G106B225;x
12299;130;156;147;R152G244B147;x
12300;198;200;55;R23G242B18;x
12301;183;156;170;R125G163B148;x
12302;196;178;86;R140G17B29;x
12303;200;144;137;R133G227B223;x
12304;183;182;149;R81G158B251;x
12305;204;163;104;R115G80B108;x
12306;196;203;76;R149G240B40;x
12307;103;140;83;R130G44B227;x
12308;120;139;159;R170G175B204;x
12309;159;187;105;R142G214B99;x
12310;197;170;138;R75G140B198;x
12311;165;142;159;R78G245B63;x
12312;112;175;121;R100G79B202;x
12313;202;151;107;R245G82B77;x
12314;192;150;151;R59G87B12;x
12315;170;203;99;R51G89B187;x
12316;82;106;83;R115G252B63;x
12317;186;178;98;R187G222B58;x
12318;135;143;153;R147G124B254;x
12319;153;165;116;R115G145B26;x
12320;113;150;60;R212G162B69;x
12321;170;175;75;R225G209B33;x
12322;196;183;82;R236G134B220;x
12323;163;129;167;R196G143B247;x
12324;220;149;110;R70G162B220;x
12325;183;186;118;R172G125B196;x
12326;55;157;114;R221G166B144;x
12327;167;190;79;R28G229B221;x
12328;176;182;159;R19G231B248;x
12329;191;155;112;R161G93B177;x
12330;169;121;161;R50G139B10;x
12331;108;124;41;R135G81B34;x
12332;123;184;93;R223G189B104;x
12333;140;156;120;R160G135B38;x
12334;160;172;134;R207G59B201;x
12335;58;154;91;R167G15B251;x
12336;206;232;115;R136G219B171;x
12337;196;132;96;R44G1B126;x
12338;190;185;86;R3G31B118;x
12339;207;192;77;R111G167B96;x
12340;187;165;49;R8G69B145;x
12341;181;177;142;R185G231B4;x
12342;178;115;132;R112G193B251;x
12343;179;177;97;R107G148B208;x
12344;201;149;130;R131G48B124;x
12345;214;157;76;R102G203B176;x
12346;218;158;70;R80G201B38;x
12347;209;155;127;R222G253B66;x
12348;79;149;67;R161G5B66;x
12349;208;186;114;R63G98B25;x
12350;164;136;160;R145G63B21;x
12351;207;180;109;R253G80B183;x
12352;138;124;186;R135G196B70;x
12353;226;139;75;R224G215B15;x
12354;209;131;71;R185G116B170;x
12355;215;189;106;R45G23B149;x
12356;86;166;103;R105G10B100;x
12357;219;139;73;R123G194B28;x
12358;189;133;94;R208G44B166;x
12359;215;179;91;R28G99B62;x
12360;153;174;125;R20G163B111;x
12361;187;155;148;R220G3B142;x
12362;204;166;87;R74G43B228;x
12363;86;154;82;R52G185B64;x
12364;201;126;61;R233G62B80;x
12365;236;146;94;R161G216B157;x
12366;165;204;97;R2G226B234;x
12367;107;124;90;R220G178B38;x
12368;163;205;84;R18G61B125;x
12369;148;119;153;R20G138B151;x
12370;224;150;123;R64G255B185;x
12371;67;151;138;R228G158B193;x
12372;193;197;85;R92G150B214;x
12373;227;177;99;R216G211B209;x
12374;230;149;80;R246G4B190;x
12375;146;149;155;R233G117B134;x
12376;181;168;106;R241G246B129;x
12377;177;131;168;R125G145B226;x
12378;161;172;176;R93G78B106;x
12379;113;124;118;R193G100B251;x
12380;235;180;121;R45G219B177;x
12381;170;160;156;R176G43B226;x
12382;140;173;111;R179G149B223;x
12383;167;156;161;R129G109B214;x
12384;203;131;107;R170G135B187;x
12385;196;178;79;R237G135B59;x
12386;147;189;104;R87G161B148;x
12387;123;154;96;R254G153B88;x
12388;219;156;111;R220G2B88;x
12389;180;161;109;R0G185B104;x
12390;76;123;107;R71G38B166;x
12391;166;156;76;R59G6B188;x
12392;208;133;127;R57G86B229;x
12393;180;135;91;R149G137B85;x
12394;188;189;54;R104G247B95;x
12395;190;172;92;R217G255B161;x
12396;165;119;76;R235G48B41;x
12397;183;160;82;R103G251B51;x
12398;146;175;111;R136G124B120;x
12399;187;121;146;R183G47B230;x
12400;90;133;72;R147G19B255;x
12401;222;158;96;R185G57B209;x
12402;224;125;58;R57G91B84;x
12403;194;191;114;R50G208B167;x
12404;206;173;106;R17G209B52;x
12405;96;122;85;R71G230B37;x
12406;196;160;103;R90G57B163;x
12407;196;187;115;R243G165B76;x
12408;237;176;93;R121G193B98;x
12409;192;139;78;R222G130B186;x
12410;203;172;83;R114G226B120;x
12411;127;178;112;R213G146B214;x
12412;173;150;137;R1G228B176;x
12413;158;204;90;R171G104B11;x
12414;231;192;114;R202G226B42;x
12415;149;163;86;R240G66B243;x
12416;114;100;129;R139G33B182;x
12417;217;210;103;R131G126B42;x
12418;160;185;173;R119G151B205;x
12419;160;179;121;R95G97B177;x
12420;196;186;115;R22G249B208;x
12421;211;181;105;R123G170B251;x
12422;203;157;60;R252G14B117;x
12423;231;155;98;R74G213B255;x
12424;168;181;131;R40G31B103;x
12425;201;135;155;R238G105B45;x
12426;128;169;122;R249G145B19;x
12427;105;171;159;R160G70B147;x
12428;171;208;78;R41G7B237;x
12429;174;162;125;R154G166B163;x
12430;179;153;122;R125G163B201;x
12431;200;168;117;R94G17B216;x
12432;205;115;174;R241G159B140;x
12433;146;174;110;R231G200B19;x
12434;195;119;114;R149G34B166;x
12435;184;167;171;R120G240B93;x
12436;203;152;136;R241G210B179;x
12437;178;180;143;R191G92B25;x
12438;203;172;93;R107G190B46;x
12439;202;160;142;R127G87B166;x
12440;158;212;141;R2G129B6;x
12441;186;123;184;R233G88B59;x
12442;225;198;77;R224G165B231;x
12443;214;179;110;R123G207B56;x
12444;170;175;88;R30G19B182;x
12445;203;206;70;R193G195B45;x
12446;158;159;126;R210G81B147;x
12447;225;181;104;R60G103B155;x
12448;130;179;185;R236G136B140;x
12449;191;169;109;R135G72B92;x
12450;58;116;65;R244G21B41;x
12451;214;177;152;R45G200B57;x
12452;142;128;145;R232G118B114;x
12453;236;142;84;R189G80B193;x
12454;174;180;117;R239G68B228;x
12455;182;129;78;R77G132B78;x
12456;172;150;117;R83G8B76;x
12457;197;173;93;R20G189B148;x
12458;168;148;133;R209G105B188;x
12459;191;142;96;R181G7B106;x
12460;189;178;130;R240G30B229;x
12461;190;126;95;R154G129B23;x
12462;167;185;118;R33G40B135;x
12463;171;168;85;R52G22B16;x
12464;220;169;162;R22G160B88;x
12465;196;155;100;R124G82B107;x
12466;211;163;129;R200G101B171;x
12467;193;138;71;R194G220B144;x
12468;188;175;143;R254G139B93;x
12469;86;135;92;R196G233B250;x
12470;178;172;77;R212G74B215;x
12471;138;174;156;R166G252B240;x
12472;183;135;117;R178G216B67;x
12473;188;163;129;R9G24B208;x
12474;160;202;95;R154G130B218;x
12475;126;174;120;R159G154B192;x
12476;226;197;83;R82G34B235;x
12477;203;153;113;R242G226B223;x
12478;172;129;163;R14G146B128;x
12479;191;186;108;R56G182B57;x
12480;97;130;101;R161G32B41;x
12481;170;181;117;R206G195B255;x
12482;170;185;110;R1G167B226;x
12483;194;212;105;R78G65B153;x
12484;197;191;135;R58G147B63;x
12485;180;167;157;R37G136B128;x
12486;160;154;115;R196G86B175;x
12487;91;141;109;R151G147B145;x
12488;200;139;32;R129G78B153;x
12489;206;171;93;R123G156B198;x
12490;160;135;107;R226G89B32;x
12491;120;151;76;R140G90B95;x
12492;137;119;83;R222G24B58;x
12493;224;184;75;R254G144B11;x
12494;172;178;121;R187G214B111;x
12495;225;197;83;R131G146B215;x
12496;198;132;122;R177G64B154;x
12497;170;153;91;R134G40B249;x
12498;180;162;119;R73G156B130;x
12499;160;131;56;R131G213B134;x
12500;220;193;104;R178G157B160;x
12501;187;137;94;R128G146B84;x
12502;174;173;170;R91G186B141;x
12503;150;102;160;R163G194B45;x
12504;98;165;127;R206G188B202;x
12505;167;168;149;R138G152B179;x
12506;169;207;91;R98G171B87;x
12507;156;223;102;R125G70B215;x
12508;86;135;82;R93G173B196;x
12509;224;182;66;R124G255B149;x
12510;164;115;122;R242G214B225;x
12511;192;157;142;R164G84B249;x
12512;96;121;181;R228G21B138;x
12513;191;119;135;R32G168B242;x
12514;99;99;148;R27G91B164;x
12515;163;185;136;R239G92B79;x
12516;228;190;145;R214G94B43;x
12517;102;143;90;R240G37B240;x
12518;222;177;82;R132G188B4;x
12519;200;159;125;R67G132B50;x
12520;187;198;99;R132G28B109;x
12521;204;130;97;R0G12B174;x
12522;66;126;57;R203G216B187;x
12523;240;136;136;R92G102B145;x
12524;138;173;112;R241G52B227;x
12525;148;167;155;R196G52B17;x
12526;205;173;132;R231G90B116;x
12527;178;161;135;R12G34B9;x
12528;180;135;133;R245G110B131;x
12529;167;170;180;R43G47B72;x
12530;216;204;115;R99G43B179;x
12531;149;187;88;R121G123B75;x
12532;192;132;87;R61G75B202;x
12533;176;162;143;R30G52B67;x
12534;206;173;131;R222G78B144;x
12535;205;167;98;R250G134B119;x
12536;143;188;152;R93G235B207;x
12537;195;149;141;R253G255B169;x
12538;100;114;102;R35G56B137;x
12539;147;131;125;R33G161B159;x
12540;190;140;160;R75G45B20;x
12541;196;129;113;R49G8B151;x
12542;202;196;78;R42G241B5;x
12543;229;167;67;R244G239B185;x
12544;148;146;164;R218G58B251;x
12545;207;196;133;R60G55B173;x
12546;195;188;127;R238G7B56;x
12547;84;105;38;R65G204B122;x
12548;179;119;171;R89G249B175;x
12549;74;99;117;R132G56B233;x
12550;194;171;174;R253G39B221;x
12551;154;159;140;R246G246B199;x
12552;200;156;101;R233G23B196;x
12553;207;158;77;R198G210B90;x
12554;111;190;169;R74G182B28;x
12555;205;149;110;R40G60B127;x
12556;186;125;84;R217G255B150;x
12557;157;169;153;R53G48B21;x
12558;187;134;140;R225G143B84;x
12559;172;178;132;R132G92B210;x
12560;156;155;97;R24G124B243;x
12561;207;147;86;R249G79B139;x
12562;168;186;181;R114G28B37;x
12563;152;120;159;R159G104B82;x
12564;161;150;146;R6G202B37;x
12565;210;146;60;R29G243B29;x
12566;180;180;95;R239G85B189;x
12567;200;173;57;R154G130B164;x
12568;207;196;93;R51G154B112;x
12569;166;185;68;R57G122B83;x
12570;213;163;117;R228G105B189;x
12571;125;114;154;R105G205B138;x
12572;173;157;44;R246G15B241;x
12573;149;166;130;R140G121B157;x
12574;174;155;143;R78G177B156;x
12575;88;115;87;R120G135B70;x
12576;142;127;146;R203G171B181;x
12577;197;171;89;R231G24B133;x
12578;82;155;82;R175G222B52;x
12579;141;177;177;R6G4B27;x
12580;179;195;42;R104G213B84;x
12581;175;157;171;R156G243B122;x
12582;102;136;155;R57G215B69;x
12583;185;196;166;R38G2B243;x
12584;187;191;127;R70G165B6;x
12585;109;99;161;R177G91B157;x
12586;160;178;104;R77G32B50;x
12587;207;126;82;R97G107B127;x
12588;213;234;132;R171G52B183;x
12589;91;148;95;R11G168B113;x
12590;186;189;72;R87G69B27;x
12591;190;129;155;R228G113B224;x
12592;177;194;96;R249G72B255;x
12593;130;162;117;R8G81B240;x
12594;144;141;86;R225G123B61;x
12595;176;160;54;R42G123B161;x
12596;174;116;107;R226G117B139;x
12597;186;181;76;R85G100B18;x
12598;180;183;145;R57G131B127;x
12599;240;175;56;R33G94B113;x
12600;213;212;101;R97G163B229;x
12601;145;163;126;R154G41B195;x
12602;208;184;107;R213G73B80;x
12603;112;164;123;R140G4B93;x
12604;110;114;149;R194G137B243;x
12605;168;175;66;R15G145B137;x
12606;177;151;170;R117G154B146;x
12607;221;138;67;R75G246B204;x
12608;159;180;90;R26G237B202;x
12609;155;156;167;R184G150B182;x
12610;190;183;109;R50G155B160;x
12611;211;169;73;R60G29B67;x
12612;95;173;153;R229G177B213;x
12613;92;151;37;R64G121B18;x
12614;79;167;153;R189G153B221;x
12615;49;112;95;R168G184B53;x
12616;176;160;152;R140G172B14;x
12617;162;149;139;R0G232B182;x
12618;240;154;100;R111G171B137;x
12619;197;185;118;R5G224B177;x
12620;153;165;122;R25G139B221;x
12621;176;199;129;R167G191B116;x
12622;184;160;132;R89G167B12;x
12623;108;86;140;R0G241B42;x
12624;226;192;139;R128G83B140;x
12625;203;172;100;R61G87B103;x
12626;237;180;49;R148G61B62;x
12627;135;165;101;R225G230B241;x
12628;154;183;160;R223G45B228;x
12629;94;110;91;R9G80B152;x
12630;200;182;70;R152G44B126;x
12631;181;182;162;R129G115B182;x
12632;145;166;123;R224G202B94;x
12633;203;183;133;R186G167B38;x
12634;93;135;131;R46G207B172;x
12635;87;158;113;R36G25B181;x
12636;134;196;117;R179G169B190;x
12637;184;147;84;R90G24B179;x
12638;235;228;99;R232G88B8;x
12639;114;188;124;R92G23B156;x
12640;79;166;178;R23G76B213;x
12641;69;133;62;R210G138B245;x
12642;209;173;101;R118G123B139;x
12643;160;169;63;R152G141B56;x
12644;71;134;66;R232G218B154;x
12645;181;134;97;R239G99B219;x
12646;104;152;99;R217G125B219;x
12647;229;208;105;R11G0B251;x
12648;197;206;119;R31G4B216;x
12649;184;172;156;R177G23B168;x
12650;200;232;150;R47G226B132;x
12651;193;176;113;R239G44B61;x
12652;197;177;116;R189G213B55;x
12653;223;157;102;R147G41B27;x
12654;192;166;179;R238G139B16;x
12655;183;141;64;R78G201B123;x
12656;66;156;79;R2G89B85;x
12657;137;172;189;R252G26B115;x
12658;209;142;84;R183G91B165;x
12659;202;199;77;R255G84B143;x
12660;207;157;89;R35G171B152;x
12661;145;194;72;R18G200B49;x
12662;201;173;141;R202G76B46;x
12663;187;184;74;R121G68B151;x
12664;92;152;42;R236G112B219;x
12665;161;116;168;R93G221B141;x
12666;88;169;76;R240G64B235;x
12667;134;181;136;R146G150B83;x
12668;223;130;101;R1G103B33;x
12669;204;124;81;R23G254B172;x
12670;88;139;95;R26G204B85;x
12671;143;182;141;R13G231B54;x
12672;96;113;106;R135G105B121;x
12673;128;181;150;R99G179B169;x
12674;200;184;135;R255G145B148;x
12675;179;167;91;R84G58B83;x
12676;118;136;75;R251G3B168;x
12677;83;115;98;R12G253B111;x
12678;114;122;156;R109G233B68;x
12679;217;162;120;R78G188B41;x
12680;206;206;85;R81G152B152;x
12681;138;168;131;R91G229B50;x
12682;197;127;98;R40G129B243;x
12683;196;160;97;R92G244B195;x
12684;209;150;121;R150G154B34;x
12685;180;161;117;R73G52B171;x
12686;227;154;75;R11G132B98;x
12687;196;160;126;R41G44B226;x
12688;230;176;112;R248G33B224;x
12689;195;190;138;R212G236B227;x
12690;107;142;114;R181G219B29;x
12691;182;97;85;R168G27B97;x
12692;87;125;103;R68G254B125;x
12693;147;135;153;R186G222B195;x
12694;190;132;104;R163G250B224;x
12695;190;162;103;R88G226B171;x
12696;240;220;93;R214G102B88;x
12697;202;145;135;R181G40B234;x
12698;197;106;142;R209G62B162;x
12699;205;187;85;R139G8B201;x
12700;181;164;59;R51G13B36;x
12701;240;136;104;R246G115B207;x
12702;165;163;101;R207G136B103;x
12703;172;144;112;R90G194B3;x
12704;155;146;164;R10G10B25;x
12705;87;142;49;R101G184B200;x
12706;204;159;84;R201G18B136;x
12707;212;185;67;R188G207B58;x
12708;100;162;120;R166G213B155;x
12709;163;173;132;R84G87B229;x
12710;181;162;101;R126G223B144;x
12711;232;195;113;R137G106B0;x
12712;86;150;88;R105G250B193;x
12713;170;169;134;R40G134B173;x
12714;178;157;141;R67G7B175;x
12715;217;172;83;R38G2B87;x
12716;56;138;105;R94G165B35;x
12717;197;141;165;R250G139B12;x
12718;80;114;84;R215G97B130;x
12719;222;138;87;R81G41B18;x
12720;169;174;125;R10G247B252;x
12721;157;146;97;R113G83B72;x
12722;84;108;90;R180G37B199;x
12723;161;211;121;R154G196B28;x
12724;198;222;109;R152G61B224;x
12725;239;148;59;R41G238B2;x
12726;233;162;111;R237G68B153;x
12727;173;118;143;R4G88B190;x
12728;187;149;73;R217G207B239;x
12729;224;184;87;R89G15B129;x
12730;192;172;113;R238G159B56;x
12731;158;180;91;R138G154B122;x
12732;155;157;125;R102G236B172;x
12733;165;145;144;R123G199B4;x
12734;191;209;129;R164G162B140;x
12735;207;190;100;R26G113B165;x
12736;184;124;49;R24G220B148;x
12737;109;105;78;R238G23B216;x
12738;187;189;114;R14G128B68;x
12739;228;177;82;R142G109B129;x
12740;134;152;185;R163G177B26;x
12741;164;197;150;R69G189B191;x
12742;208;194;98;R12G251B11;x
12743;167;144;153;R252G94B5;x
12744;77;141;96;R37G217B14;x
12745;168;144;164;R186G107B91;x
12746;97;104;41;R237G102B149;x
12747;115;135;140;R145G98B34;x
12748;205;178;102;R35G91B72;x
12749;92;165;84;R252G76B192;x
12750;238;199;152;R115G64B134;x
12751;183;144;85;R145G100B191;x
12752;219;158;105;R43G187B94;x
12753;224;180;104;R242G68B246;x
12754;156;180;130;R151G106B67;x
12755;136;124;161;R153G118B111;x
12756;124;138;185;R19G78B128;x
12757;197;183;117;R57G144B60;x
12758;158;126;126;R153G252B83;x
12759;101;128;78;R139G170B200;x
12760;233;156;102;R128G110B39;x
12761;207;205;82;R238G133B131;x
12762;213;133;131;R131G163B161;x
12763;188;178;82;R196G69B62;x
12764;175;159;66;R141G223B169;x
12765;84;175;92;R17G192B161;x
12766;154;152;57;R191G91B165;x
12767;162;153;147;R119G196B4;x
12768;175;187;124;R124G247B15;x
12769;95;101;68;R37G119B150;x
12770;117;160;155;R184G242B213;x
12771;220;195;132;R45G21B16;x
12772;228;178;112;R97G246B179;x
12773;216;150;137;R255G241B225;x
12774;206;162;64;R56G37B198;x
12775;192;135;147;R57G76B163;x
12776;155;178;167;R239G70B227;x
12777;96;134;87;R200G81B184;x
12778;179;166;119;R176G251B167;x
12779;186;113;123;R15G150B221;x
12780;206;166;92;R174G77B241;x
12781;54;140;61;R112G246B195;x
12782;196;155;63;R38G35B111;x
12783;206;145;70;R96G108B119;x
12784;224;126;132;R238G80B237;x
12785;183;152;108;R185G6B255;x
12786;107;144;196;R164G130B37;x
12787;199;163;99;R118G134B126;x
12788;189;173;99;R158G99B97;x
12789;202;135;77;R141G191B159;x
12790;222;166;93;R109G59B10;x
12791;177;223;86;R200G163B49;x
12792;175;215;100;R120G27B71;x
12793;207;136;82;R169G158B57;x
12794;108;133;100;R0G0B117;x
12795;151;157;138;R123G134B12;x
12796;77;117;109;R33G89B154;x
12797;203;149;171;R132G48B18;x
12798;224;218;87;R17G253B223;x
12799;203;155;101;R255G115B192;x
12800;75;97;101;R230G38B140;x
12801;182;140;80;R161G88B134;x
12802;128;143;106;R213G21B232;x
12803;120;142;77;R163G70B9;x
12804;81;111;94;R25G185B75;x
12805;157;175;124;R254G168B41;x
12806;195;221;153;R107G127B224;x
12807;91;147;73;R25G143B77;x
12808;228;187;88;R195G236B35;x
12809;185;180;157;R209G109B233;x
12810;212;210;104;R106G39B153;x
12811;82;126;112;R171G124B60;x
12812;209;181;81;R32G1B249;x
12813;181;135;93;R196G135B74;x
12814;119;139;56;R110G19B60;x
12815;188;167;113;R47G163B160;x
12816;216;191;95;R16G237B191;x
12817;118;125;127;R213G34B252;x
12818;67;161;76;R165G112B190;x
12819;83;169;88;R41G255B254;x
12820;168;166;96;R102G144B53;x
12821;164;153;143;R167G6B154;x
12822;231;200;116;R50G126B43;x
12823;200;152;123;R21G117B195;x
12824;206;210;95;R32G142B133;x
12825;185;185;152;R243G218B199;x
12826;94;105;48;R108G109B232;x
12827;229;192;114;R213G93B222;x
12828;160;132;130;R124G115B89;x
12829;225;167;47;R21G212B166;x
12830;158;170;139;R177G244B118;x
12831;166;139;158;R172G68B183;x
12832;202;169;106;R19G246B40;x
12833;167;150;167;R218G221B239;x
12834;191;164;166;R250G82B202;x
12835;49;152;77;R40G225B47;x
12836;155;147;126;R53G252B209;x
12837;209;146;135;R153G226B92;x
12838;187;173;101;R138G88B144;x
12839;140;111;169;R138G155B172;x
12840;172;160;69;R149G45B244;x
12841;168;149;160;R79G156B121;x
12842;161;124;96;R199G161B167;x
12843;208;165;94;R207G185B148;x
12844;72;133;106;R94G60B122;x
12845;196;136;113;R110G171B48;x
12846;202;164;85;R21G62B54;x
12847;188;221;100;R214G192B232;x
12848;174;159;65;R181G77B153;x
12849;169;211;100;R57G36B180;x
12850;175;125;158;R220G232B221;x
12851;90;146;91;R137G51B29;x
12852;185;116;128;R198G106B99;x
12853;214;158;112;R99G232B89;x
12854;165;137;160;R59G5B47;x
12855;167;179;188;R192G70B63;x
12856;200;114;68;R26G199B126;x
12857;172;131;58;R128G20B99;x
12858;230;170;135;R30G221B210;x
12859;72;160;93;R213G138B16;x
12860;135;199;95;R160G237B222;x
12861;171;137;170;R248G130B123;x
12862;123;165;106;R97G46B199;x
12863;143;145;154;R139G36B150;x
12864;208;148;110;R29G100B72;x
12865;229;209;123;R183G243B150;x
12866;214;152;102;R226G121B196;x
12867;183;159;149;R178G69B94;x
12868;98;166;69;R39G187B106;x
12869;120;165;124;R221G140B68;x
12870;232;147;71;R211G49B65;x
12871;216;195;102;R92G154B53;x
12872;223;171;100;R221G168B206;x
12873;89;144;112;R164G97B62;x
12874;156;130;74;R188G55B57;x
12875;166;152;145;R155G7B49;x
12876;240;160;93;R215G82B27;x
12877;212;133;146;R239G27B199;x
12878;145;188;138;R172G212B59;x
12879;131;149;170;R146G50B217;x
12880;203;195;144;R27G38B76;x
12881;198;131;164;R85G46B55;x
12882;170;113;120;R50G12B254;x
12883;219;178;85;R186G100B227;x
12884;171;155;135;R124G117B133;x
12885;122;144;107;R12G240B178;x
12886;133;193;74;R165G90B129;x
12887;209;149;107;R26G102B248;x
12888;191;183;56;R105G176B24;x
12889;85;116;37;R255G164B178;x
12890;165;148;168;R191G143B56;x
12891;104;89;109;R137G184B167;x
12892;173;190;140;R88G250B16;x
12893;158;130;184;R227G152B73;x
12894;170;212;100;R169G169B226;x
12895;171;182;135;R116G196B199;x
12896;224;185;125;R134G201B249;x
12897;203;157;86;R155G105B130;x
12898;184;142;109;R147G11B64;x
12899;230;140;99;R114G48B4;x
12900;209;133;104;R234G217B64;x
12901;177;157;90;R57G141B48;x
12902;168;167;56;R44G12B233;x
12903;148;191;132;R174G48B3;x
12904;220;161;111;R81G1B32;x
12905;204;189;80;R251G213B39;x
12906;103;149;160;R99G237B218;x
12907;216;198;52;R245G72B2;x
12908;167;175;175;R62G73B140;x
12909;230;188;91;R151G182B4;x
12910;190;182;99;R173G226B214;x
12911;201;126;95;R8G176B162;x
12912;120;149;169;R14G66B28;x
12913;217;141;80;R248G229B27;x
12914;158;181;105;R40G175B62;x
12915;197;148;73;R18G18B38;x
12916;162;178;181;R64G33B45;x
12917;158;174;144;R161G188B47;x
12918;184;155;85;R12G42B10;x
12919;197;156;72;R49G135B153;x
12920;169;152;119;R30G153B135;x
12921;174;144;126;R133G194B22;x
12922;108;147;163;R164G88B177;x
12923;140;180;95;R69G143B142;x
12924;37;136;86;R196G20B214;x
12925;204;227;114;R127G69B5;x
12926;143;182;59;R246G33B163;x
12927;228;147;124;R93G104B27;x
12928;212;175;66;R244G222B37;x
12929;193;160;146;R49G134B136;x
12930;157;145;139;R230G5B6;x
12931;156;169;129;R229G176B232;x
12932;64;122;94;R174G252B2;x
12933;186;177;118;R115G72B71;x
12934;204;189;65;R14G109B236;x
12935;142;170;144;R252G177B153;x
12936;163;171;125;R162G59B238;x
12937;195;197;88;R158G245B153;x
12938;145;137;164;R84G175B126;x
12939;181;155;141;R36G106B203;x
12940;199;138;94;R53G164B71;x
12941;192;178;91;R127G211B96;x
12942;212;189;98;R154G46B234;x
12943;70;146;111;R212G118B212;x
12944;80;101;98;R251G120B66;x
12945;194;172;135;R236G14B246;x
12946;203;166;65;R228G181B25;x
12947;165;169;84;R121G176B110;x
12948;189;178;106;R187G132B140;x
12949;134;194;92;R174G12B111;x
12950;213;179;100;R49G188B195;x
12951;210;176;92;R207G10B33;x
12952;49;107;79;R65G206B216;x
12953;216;158;113;R201G79B83;x
12954;176;137;125;R101G252B78;x
12955;89;122;102;R70G130B53;x
12956;164;133;165;R88G242B92;x
12957;224;196;86;R0G213B179;x
12958;158;145;125;R97G35B38;x
12959;172;164;74;R77G166B176;x
12960;176;154;126;R171G69B226;x
12961;207;206;109;R237G25B174;x
12962;179;116;102;R8G11B200;x
12963;154;198;107;R15G186B146;x
12964;137;119;150;R12G170B113;x
12965;187;192;107;R150G4B215;x
12966;183;166;56;R61G181B189;x
12967;231;186;128;R122G174B23;x
12968;184;154;90;R61G121B254;x
12969;193;209;97;R59G51B89;x
12970;137;153;145;R26G14B34;x
12971;180;118;159;R73G113B137;x
12972;180;151;126;R193G222B153;x
12973;215;166;138;R246G224B8;x
12974;194;153;61;R104G85B214;x
12975;172;173;91;R193G112B68;x
12976;204;224;116;R41G135B228;x
12977;142;114;147;R1G41B157;x
12978;159;149;157;R154G23B155;x
12979;215;140;166;R246G40B118;x
12980;123;169;84;R105G252B131;x
12981;111;127;73;R192G138B63;x
12982;152;169;193;R17G87B126;x
12983;197;214;49;R130G69B181;x
12984;157;164;145;R80G27B90;x
12985;111;156;111;R204G238B73;x
12986;210;138;130;R243G106B26;x
12987;224;201;99;R0G14B254;x
12988;190;162;75;R38G221B128;x
12989;196;154;108;R250G58B118;x
12990;79;114;160;R157G247B243;x
12991;211;211;103;R155G117B155;x
12992;110;135;95;R151G194B14;x
12993;90;160;68;R95G164B102;x
12994;209;139;130;R200G207B80;x
12995;147;124;177;R164G77B186;x
12996;221;147;97;R131G50B27;x
12997;219;182;66;R192G136B191;x
12998;205;128;80;R207G160B17;x
12999;177;214;86;R253G164B73;x
13000;205;159;145;R49G163B124;x
13001;149;170;118;R63G201B7;x
13002;156;113;112;R170G155B102;x
13003;221;171;116;R38G109B56;x
13004;137;182;86;R66G129B88;x
13005;163;214;84;R105G216B181;x
13006;178;173;152;R96G178B39;x
13007;212;169;101;R174G117B179;x
13008;179;212;113;R7G220B209;x
13009;163;137;137;R174G1B72;x
13010;161;170;192;R84G67B72;x
13011;175;180;113;R64G152B187;x
13012;233;153;56;R91G87B97;x
13013;171;209;87;R179G25B225;x
13014;162;179;143;R61G127B163;x
13015;199;179;93;R55G171B23;x
13016;109;123;105;R24G112B236;x
13017;208;149;97;R48G69B251;x
13018;100;119;87;R78G55B133;x
13019;190;168;155;R122G59B156;x
13020;166;169;161;R60G69B194;x
13021;174;161;70;R53G207B46;x
13022;217;173;124;R249G199B86;x
13023;121;143;135;R107G182B220;x
13024;173;129;106;R22G58B233;x
13025;140;155;152;R228G191B143;x
13026;161;166;164;R58G153B253;x
13027;211;151;123;R134G122B62;x
13028;117;102;78;R9G207B209;x
13029;191;187;115;R228G111B10;x
13030;208;133;71;R110G221B53;x
13031;77;124;95;R241G42B221;x
13032;187;141;151;R159G61B8;x
13033;219;143;105;R157G132B29;x
13034;174;195;92;R54G104B214;x
13035;129;130;134;R219G12B55;x
13036;187;181;98;R192G226B111;x
13037;206;185;167;R50G246B214;x
13038;159;150;101;R35G79B243;x
13039;168;157;109;R120G160B226;x
13040;185;155;111;R145G46B218;x
13041;170;151;124;R248G132B18;x
13042;240;185;115;R111G190B164;x
13043;228;198;72;R151G255B6;x
13044;225;124;130;R31G180B25;x
13045;171;208;94;R197G115B183;x
13046;179;101;172;R205G210B217;x
13047;170;154;91;R45G100B91;x
13048;187;198;142;R20G211B51;x
13049;204;156;173;R202G140B51;x
13050;207;181;80;R164G55B2;x
13051;72;139;82;R203G55B41;x
13052;185;168;101;R177G65B3;x
13053;155;165;123;R209G133B198;x
13054;183;159;135;R39G245B218;x
13055;204;157;51;R176G157B147;x
13056;185;142;157;R24G150B213;x
13057;77;137;56;R50G219B135;x
13058;134;194;53;R204G141B61;x
13059;210;155;88;R83G18B67;x
13060;158;165;148;R57G35B95;x
13061;186;176;121;R248G86B168;x
13062;162;180;88;R137G43B105;x
13063;238;157;52;R197G151B186;x
13064;161;170;76;R204G189B113;x
13065;181;206;101;R243G89B197;x
13066;135;187;165;R219G124B244;x
13067;193;162;111;R151G161B114;x
13068;150;187;121;R147G25B185;x
13069;132;141;95;R82G63B166;x
13070;172;150;98;R23G58B187;x
13071;147;161;33;R43G61B24;x
13072;203;172;75;R14G60B129;x
13073;201;161;122;R132G75B169;x
13074;179;167;70;R101G242B94;x
13075;201;207;74;R249G239B14;x
13076;148;162;113;R87G100B234;x
13077;209;150;73;R226G47B253;x
13078;84;170;85;R240G105B42;x
13079;218;147;93;R80G181B211;x
13080;128;136;148;R205G136B138;x
13081;240;221;111;R86G70B0;x
13082;179;195;84;R126G179B65;x
13083;172;147;150;R220G187B56;x
13084;137;140;135;R165G78B49;x
13085;194;155;47;R51G84B169;x
13086;157;183;87;R226G19B26;x
13087;180;184;129;R184G107B183;x
13088;182;126;45;R131G98B95;x
13089;202;164;87;R158G7B52;x
13090;88;111;104;R131G236B112;x
13091;165;203;83;R54G237B9;x
13092;155;162;125;R92G110B200;x
13093;97;129;171;R248G205B241;x
13094;88;140;46;R215G205B132;x
13095;209;192;121;R83G171B43;x
13096;93;155;67;R50G168B91;x
13097;127;182;133;R106G119B241;x
13098;172;203;108;R244G208B37;x
13099;189;175;130;R235G21B136;x
13100;185;180;108;R106G154B57;x
13101;171;174;85;R219G44B134;x
13102;192;181;87;R236G205B235;x
13103;55;171;102;R95G149B208;x
13104;232;170;105;R144G69B25;x
13105;87;143;159;R0G119B118;x
13106;198;133;129;R225G60B178;x
13107;209;145;141;R14G45B33;x
13108;219;147;72;R153G142B92;x
13109;89;132;124;R9G220B144;x
13110;217;168;118;R216G69B1;x
13111;197;157;87;R96G135B22;x
13112;162;207;122;R190G187B155;x
13113;65;117;68;R110G202B90;x
13114;223;178;74;R0G35B54;x
13115;229;158;93;R242G56B70;x
13116;179;172;85;R209G131B168;x
13117;213;170;100;R157G142B114;x
13118;148;115;157;R222G84B204;x
13119;188;138;102;R156G201B6;x
13120;76;148;89;R142G21B178;x
13121;194;159;78;R95G84B178;x
13122;208;176;79;R54G235B102;x
13123;216;228;103;R90G209B176;x
13124;127;124;174;R207G148B149;x
13125;101;139;113;R111G72B125;x
13126;197;198;160;R139G101B92;x
13127;78;154;108;R180G238B223;x
13128;68;134;105;R201G58B91;x
13129;174;183;76;R17G121B128;x
13130;67;100;78;R155G59B51;x
13131;172;161;129;R186G231B98;x
13132;225;177;87;R200G223B17;x
13133;194;183;125;R15G150B190;x
13134;196;115;114;R128G77B85;x
13135;64;141;103;R181G58B253;x
13136;131;110;121;R159G1B151;x
13137;177;174;102;R146G177B129;x
13138;208;179;166;R182G143B100;x
13139;240;142;74;R38G182B139;x
13140;208;151;119;R111G196B165;x
13141;161;203;86;R123G7B25;x
13142;167;156;78;R168G146B223;x
13143;214;173;51;R58G106B7;x
13144;214;151;127;R137G80B77;x
13145;170;168;101;R231G44B91;x
13146;52;126;81;R103G229B52;x
13147;161;140;156;R13G233B142;x
13148;175;147;99;R20G252B97;x
13149;94;202;122;R24G84B114;x
13150;143;161;150;R150G125B220;x
13151;110;179;110;R4G98B217;x
13152;176;130;43;R252G193B157;x
13153;110;171;172;R227G252B212;x
13154;207;110;104;R200G190B255;x
13155;163;153;144;R159G41B12;x
13156;196;216;76;R193G243B1;x
13157;133;127;142;R115G141B159;x
13158;197;140;122;R8G112B4;x
13159;218;186;108;R61G37B23;x
13160;185;151;114;R150G226B217;x
13161;68;114;115;R5G138B79;x
13162;182;150;34;R167G77B187;x
13163;202;161;124;R181G24B23;x
13164;179;133;154;R98G42B197;x
13165;179;160;92;R185G243B210;x
13166;184;136;165;R144G29B234;x
13167;219;188;92;R140G89B27;x
13168;158;147;123;R36G198B197;x
13169;56;148;76;R3G188B79;x
13170;191;186;72;R83G142B7;x
13171;108;164;81;R141G0B162;x
13172;197;180;123;R126G96B106;x
13173;219;170;59;R125G18B113;x
13174;188;198;85;R6G183B192;x
13175;240;146;91;R137G24B3;x
13176;181;159;71;R233G130B140;x
13177;197;188;96;R213G176B224;x
13178;55;133;85;R173G156B47;x
13179;151;158;165;R67G221B113;x
13180;27;136;89;R117G116B216;x
13181;208;187;122;R193G63B86;x
13182;160;158;176;R229G112B230;x
13183;121;114;133;R93G127B187;x
13184;200;165;116;R200G235B239;x
13185;226;157;109;R176G53B72;x
13186;204;190;116;R228G251B105;x
13187;92;109;66;R237G206B169;x
13188;204;155;69;R115G199B130;x
13189;201;172;64;R77G146B65;x
13190;215;186;107;R198G212B120;x
13191;122;110;92;R68G214B99;x
13192;166;141;167;R251G80B195;x
13193;113;153;194;R131G224B29;x
13194;214;181;166;R146G111B229;x
13195;204;175;112;R34G185B185;x
13196;204;176;110;R158G162B189;x
13197;166;137;167;R131G77B13;x
13198;157;176;72;R33G192B94;x
13199;74;142;106;R188G123B4;x
13200;200;134;134;R129G177B215;x
13201;158;163;95;R184G49B4;x
13202;207;166;85;R60G48B72;x
13203;165;167;88;R185G109B46;x
13204;181;177;67;R163G247B14;x
13205;156;123;159;R27G129B213;x
13206;149;197;116;R58G166B225;x
13207;182;162;169;R135G99B175;x
13208;139;139;111;R153G77B5;x
13209;143;168;163;R138G188B233;x
13210;99;144;95;R235G144B7;x
13211;78;105;66;R21G16B248;x
13212;103;113;75;R119G167B214;x
13213;220;138;38;R89G85B234;x
13214;161;180;78;R233G46B202;x
13215;185;144;95;R194G52B246;x
13216;175;167;133;R134G150B105;x
13217;45;132;63;R28G255B180;x
13218;146;157;160;R222G22B19;x
13219;178;178;150;R65G92B214;x
13220;44;154;75;R87G130B154;x
13221;204;163;87;R200G20B194;x
13222;222;169;88;R44G205B128;x
13223;159;215;81;R24G21B76;x
13224;188;147;155;R241G64B49;x
13225;192;138;77;R164G168B231;x
13226;191;171;97;R182G51B29;x
13227;186;142;112;R172G24B196;x
13228;211;163;107;R131G60B144;x
13229;216;188;124;R73G193B144;x
13230;205;180;116;R69G34B84;x
13231;206;142;138;R24G144B110;x
13232;214;173;100;R100G202B246;x
13233;176;179;83;R136G15B62;x
13234;198;168;144;R98G221B157;x
13235;172;89;84;R135G130B76;x
13236;162;151;67;R159G52B90;x
13237;193;154;85;R119G240B114;x
13238;169;171;100;R26G112B44;x
13239;125;158;88;R78G153B150;x
13240;203;157;93;R6G34B241;x
13241;186;133;97;R182G122B110;x
13242;182;123;127;R222G111B244;x
13243;197;191;71;R25G129B246;x
13244;206;192;109;R86G178B118;x
13245;183;195;76;R188G33B241;x
13246;142;188;140;R179G116B250;x
13247;79;142;112;R206G187B250;x
13248;162;182;137;R246G234B11;x
13249;65;148;105;R85G59B220;x
13250;221;195;129;R82G115B76;x
13251;193;142;88;R138G0B124;x
13252;191;157;91;R161G178B76;x
13253;106;155;87;R77G71B114;x
13254;83;167;60;R116G81B147;x
13255;163;152;156;R73G35B183;x
13256;169;138;130;R46G182B35;x
13257;240;175;90;R90G52B145;x
13258;198;192;166;R2G6B64;x
13259;214;194;67;R39G72B243;x
13260;233;151;90;R24G213B49;x
13261;169;170;100;R52G19B134;x
13262;164;139;149;R172G175B155;x
13263;94;167;172;R161G186B99;x
13264;96;137;72;R48G166B136;x
13265;193;111;78;R190G31B1;x
13266;224;189;103;R248G125B165;x
13267;174;195;95;R167G158B200;x
13268;87;141;112;R27G228B67;x
13269;124;175;156;R9G180B108;x
13270;169;184;79;R53G135B114;x
13271;192;157;120;R68G17B208;x
13272;171;166;86;R216G19B252;x
13273;189;173;65;R211G119B154;x
13274;58;127;86;R12G174B244;x
13275;215;178;114;R82G125B208;x
13276;167;165;123;R169G26B45;x
13277;228;162;114;R177G129B72;x
13278;172;185;154;R64G226B78;x
13279;177;171;118;R45G246B56;x
13280;110;128;108;R247G41B66;x
13281;185;186;88;R70G3B249;x
13282;92;171;189;R231G39B68;x
13283;155;128;176;R10G2B43;x
13284;195;178;133;R179G61B182;x
13285;134;129;93;R183G44B133;x
13286;164;138;147;R164G69B25;x
13287;207;204;75;R160G159B231;x
13288;193;164;44;R87G214B246;x
13289;189;183;147;R199G10B235;x
13290;214;194;92;R70G30B79;x
13291;137;175;103;R142G85B138;x
13292;134;146;92;R177G228B221;x
13293;174;136;121;R5G200B198;x
13294;203;142;155;R141G38B39;x
13295;150;191;95;R213G146B208;x
13296;160;122;122;R117G228B202;x
13297;130;186;86;R179G0B237;x
13298;219;147;122;R229G84B118;x
13299;167;181;101;R175G23B249;x
13300;110;110;195;R170G94B51;x
13301;164;165;148;R188G29B50;x
13302;177;145;82;R26G177B248;x
13303;196;138;97;R117G159B24;x
13304;156;197;128;R203G128B66;x
13305;142;172;191;R221G7B21;x
13306;230;137;80;R122G142B54;x
13307;199;196;98;R119G126B248;x
13308;189;147;81;R124G255B98;x
13309;162;194;93;R12G214B222;x
13310;159;197;112;R43G224B165;x
13311;182;192;87;R152G191B244;x
13312;200;168;67;R20G177B245;x
13313;184;182;91;R205G107B5;x
13314;211;195;159;R87G172B167;x
13315;167;194;98;R3G210B57;x
13316;237;189;69;R214G208B129;x
13317;151;198;80;R15G25B37;x
13318;154;149;139;R70G71B77;x
13319;190;151;158;R171G255B163;x
13320;203;203;97;R103G220B105;x
13321;98;144;73;R48G65B104;x
13322;197;185;189;R221G87B247;x
13323;126;145;79;R54G253B197;x
13324;165;173;101;R237G85B182;x
13325;223;166;97;R111G134B166;x
13326;201;162;104;R177G225B53;x
13327;173;153;160;R251G154B222;x
13328;164;165;175;R180G234B179;x
13329;143;192;134;R63G199B167;x
13330;68;162;82;R223G42B240;x
13331;182;134;72;R16G217B219;x
13332;99;118;71;R41G65B42;x
13333;170;140;171;R131G21B41;x
13334;195;156;121;R155G202B183;x
13335;200;163;79;R219G73B41;x
13336;186;181;104;R60G16B44;x
13337;193;227;113;R38G117B59;x
13338;240;160;72;R167G108B104;x
13339;189;189;91;R7G2B121;x
13340;191;168;97;R73G183B26;x
13341;79;124;126;R97G202B138;x
13342;195;127;126;R214G149B93;x
13343;111;123;120;R200G71B8;x
13344;222;162;94;R127G251B108;x
13345;150;177;123;R120G76B212;x
13346;110;136;110;R98G56B142;x
13347;168;189;149;R70G227B73;x
13348;162;172;61;R233G156B127;x
13349;199;157;58;R91G21B92;x
13350;113;154;81;R140G58B101;x
13351;169;188;98;R186G147B160;x
13352;178;199;112;R110G136B247;x
13353;185;195;102;R210G36B199;x
13354;157;192;90;R101G194B181;x
13355;66;155;86;R136G24B248;x
13356;203;202;97;R100G36B41;x
13357;93;125;182;R183G30B193;x
13358;100;140;78;R238G135B33;x
13359;176;126;88;R154G191B41;x
13360;83;136;64;R232G45B17;x
13361;178;181;156;R1G2B78;x
13362;136;159;80;R189G131B161;x
13363;190;193;105;R15G22B237;x
13364;179;152;138;R167G10B108;x
13365;84;115;88;R187G94B85;x
13366;197;150;108;R124G111B5;x
13367;240;152;87;R171G13B245;x
13368;147;184;105;R121G67B72;x
13369;170;159;112;R16G110B171;x
13370;164;136;196;R131G101B12;x
13371;172;184;82;R104G222B46;x
13372;212;171;148;R83G110B172;x
13373;145;177;109;R181G139B222;x
13374;176;166;87;R39G87B140;x
13375;80;113;78;R129G49B100;x
13376;81;159;105;R247G254B128;x
13377;180;105;171;R56G12B124;x
13378;145;118;119;R173G168B159;x
13379;225;176;80;R95G1B236;x
13380;190;184;53;R197G49B30;x
13381;112;157;98;R52G246B22;x
13382;188;127;118;R212G43B194;x
13383;192;186;109;R45G141B44;x
13384;204;174;68;R29G36B107;x
13385;178;159;115;R54G96B18;x
13386;145;166;167;R121G162B63;x
13387;176;151;139;R64G187B184;x
13388;173;207;173;R212G134B241;x
13389;177;153;59;R88G95B135;x
13390;134;158;72;R7G249B21;x
13391;230;188;87;R128G220B144;x
13392;194;209;142;R106G71B66;x
13393;222;170;75;R109G247B125;x
13394;162;148;111;R54G21B181;x
13395;202;133;112;R207G4B167;x
13396;188;168;108;R219G183B111;x
13397;156;187;116;R4G46B14;x
13398;203;160;72;R241G74B177;x
13399;207;178;133;R215G194B84;x
13400;101;138;103;R55G36B211;x
13401;167;179;117;R32G140B223;x
13402;206;182;100;R138G203B83;x
13403;125;163;108;R26G241B141;x
13404;232;140;75;R33G15B144;x
13405;200;196;102;R73G15B223;x
13406;114;124;46;R127G127B179;x
13407;111;134;152;R171G103B248;x
13408;85;163;127;R154G170B95;x
13409;164;148;113;R57G128B110;x
13410;151;171;136;R204G59B137;x
13411;216;157;94;R139G97B46;x
13412;174;199;91;R244G193B223;x
13413;65;139;104;R82G108B73;x
13414;186;171;100;R158G236B211;x
13415;139;181;121;R63G87B80;x
13416;184;167;121;R87G1B6;x
13417;187;115;73;R101G161B60;x
13418;138;134;112;R246G101B242;x
13419;135;133;151;R212G152B244;x
13420;101;130;185;R216G127B35;x
13421;164;144;169;R29G65B113;x
13422;202;166;90;R44G125B222;x
13423;204;189;64;R140G166B64;x
13424;216;205;145;R45G167B209;x
13425;204;194;83;R48G25B239;x
13426;204;192;127;R128G241B242;x
13427;196;168;77;R85G83B82;x
13428;89;142;102;R162G109B80;x
13429;181;174;47;R188G9B3;x
13430;157;192;70;R236G146B237;x
13431;139;125;144;R94G226B246;x
13432;203;195;109;R118G154B20;x
13433;191;184;125;R22G244B39;x
13434;161;139;161;R137G206B17;x
13435;230;174;154;R20G127B162;x
13436;171;218;101;R31G137B112;x
13437;174;181;122;R213G235B205;x
13438;204;173;38;R122G79B191;x
13439;86;174;84;R54G254B129;x
13440;86;133;118;R204G122B174;x
13441;206;165;98;R99G131B213;x
13442;148;102;116;R31G138B72;x
13443;159;191;114;R150G97B34;x
13444;174;156;110;R158G43B171;x
13445;202;141;167;R61G145B64;x
13446;209;165;121;R245G206B67;x
13447;185;126;139;R154G55B180;x
13448;237;169;99;R168G35B119;x
13449;179;172;141;R98G232B11;x
13450;166;107;88;R66G39B110;x
13451;145;143;126;R42G204B143;x
13452;163;171;64;R124G7B21;x
13453;106;109;149;R64G192B78;x
13454;138;200;114;R195G57B56;x
13455;185;156;131;R14G151B243;x
13456;189;167;88;R115G131B201;x
13457;183;168;157;R95G106B93;x
13458;229;172;127;R184G102B31;x
13459;199;171;116;R23G236B32;x
13460;164;161;145;R118G21B63;x
13461;209;154;165;R10G132B94;x
13462;232;196;66;R204G138B160;x
13463;201;136;165;R78G111B186;x
13464;199;129;111;R48G97B48;x
13465;153;107;131;R202G159B25;x
13466;141;113;103;R112G226B77;x
13467;203;181;101;R44G150B212;x
13468;182;156;90;R146G179B80;x
13469;146;208;71;R225G211B44;x
13470;133;106;113;R67G82B194;x
13471;185;180;107;R48G147B240;x
13472;157;194;70;R0G68B194;x
13473;218;208;126;R7G158B115;x
13474;125;155;147;R159G164B0;x
13475;220;163;99;R141G79B68;x
13476;204;169;115;R203G244B185;x
13477;213;172;141;R46G248B49;x
13478;178;160;99;R228G155B104;x
13479;168;164;199;R97G185B246;x
13480;187;156;134;R68G184B26;x
13481;198;167;119;R147G100B9;x
13482;205;188;102;R176G71B65;x
13483;212;174;91;R74G43B83;x
13484;195;182;90;R66G185B136;x
13485;74;170;93;R219G226B215;x
13486;194;189;122;R239G148B165;x
13487;201;171;75;R16G136B42;x
13488;164;151;164;R209G64B99;x
13489;105;150;88;R139G232B14;x
13490;60;160;65;R218G85B18;x
13491;205;114;102;R172G204B61;x
13492;168;143;164;R172G35B115;x
13493;125;147;178;R126G144B56;x
13494;177;208;111;R240G214B50;x
13495;174;156;138;R185G40B113;x
13496;150;149;151;R19G230B177;x
13497;183;208;91;R121G161B234;x
13498;199;181;133;R158G125B187;x
13499;172;162;86;R171G82B231;x
13500;117;146;128;R217G195B47;x
13501;232;184;131;R72G33B237;x
13502;218;160;82;R112G76B30;x
13503;234;203;70;R227G40B109;x
13504;172;162;93;R185G98B51;x
13505;199;194;133;R34G75B163;x
13506;156;185;126;R136G142B151;x
13507;185;157;116;R188G10B30;x
13508;182;162;141;R101G28B131;x
13509;155;206;79;R59G234B96;x
13510;83;147;111;R44G177B52;x
13511;156;137;176;R161G155B134;x
13512;120;144;184;R2G83B232;x
13513;133;169;98;R96G27B160;x
13514;197;200;103;R122G142B215;x
13515;166;163;188;R109G126B125;x
13516;207;153;103;R208G67B181;x
13517;179;132;131;R162G64B198;x
13518;214;136;91;R125G242B179;x
13519;106;129;173;R117G191B145;x
13520;191;145;102;R95G11B37;x
13521;173;141;58;R184G24B224;x
13522;91;158;75;R186G196B50;x
13523;212;157;121;R7G125B25;x
13524;138;148;152;R186G68B164;x
13525;194;117;78;R138G250B64;x
13526;66;131;107;R155G164B231;x
13527;168;103;87;R107G199B119;x
13528;191;138;112;R130G194B184;x
13529;202;185;96;R10G186B214;x
13530;146;173;104;R100G148B38;x
13531;186;122;136;R153G210B140;x
13532;89;130;77;R114G76B152;x
13533;144;150;114;R28G84B163;x
13534;178;182;131;R36G5B109;x
13535;233;205;101;R186G220B55;x
13536;200;195;111;R120G219B14;x
13537;90;181;134;R188G161B118;x
13538;95;125;85;R156G247B80;x
13539;94;115;92;R160G183B217;x
13540;197;186;107;R102G140B111;x
13541;225;137;54;R36G63B229;x
13542;66;121;93;R203G150B22;x
13543;179;177;94;R12G245B201;x
13544;140;109;128;R187G19B239;x
13545;208;174;84;R59G137B68;x
13546;197;166;120;R38G3B245;x
13547;179;223;77;R156G103B192;x
13548;121;128;90;R200G72B61;x
13549;131;128;133;R157G163B202;x
13550;154;153;174;R10G209B228;x
13551;171;151;147;R193G180B46;x
13552;157;192;120;R238G23B145;x
13553;201;137;147;R84G128B11;x
13554;183;140;165;R119G209B97;x
13555;182;197;127;R16G90B126;x
13556;194;166;81;R40G208B108;x
13557;214;142;127;R225G253B176;x
13558;218;174;131;R168G211B123;x
13559;239;152;47;R101G100B6;x
13560;212;184;97;R66G99B246;x
13561;195;157;149;R129G215B218;x
13562;160;190;96;R28G242B28;x
13563;200;143;101;R65G45B212;x
13564;205;188;103;R192G116B183;x
13565;149;125;137;R158G149B100;x
13566;213;175;82;R255G183B120;x
13567;176;174;182;R237G246B154;x
13568;190;169;80;R127G169B187;x
13569;77;129;89;R45G48B194;x
13570;212;186;118;R18G31B254;x
13571;185;205;80;R88G165B2;x
13572;199;153;143;R66G127B103;x
13573;214;150;83;R84G205B224;x
13574;201;145;109;R130G197B23;x
13575;231;172;78;R141G40B250;x
13576;202;150;87;R195G142B210;x
13577;108;108;164;R215G224B176;x
13578;71;136;124;R105G103B42;x
13579;179;174;93;R225G46B187;x
13580;92;168;131;R46G36B104;x
13581;80;111;124;R65G138B194;x
13582;204;200;82;R98G69B77;x
13583;198;176;92;R202G219B135;x
13584;157;161;145;R89G61B225;x
13585;240;140;57;R116G16B174;x
13586;140;206;101;R54G133B67;x
13587;163;188;121;R18G147B83;x
13588;180;169;134;R242G216B50;x
13589;169;179;123;R71G152B72;x
13590;195;135;47;R155G17B119;x
13591;171;201;86;R77G133B149;x
13592;226;195;108;R129G237B212;x
13593;83;113;118;R127G4B94;x
13594;164;147;159;R163G215B104;x
13595;91;134;101;R55G6B74;x
13596;189;148;134;R113G222B69;x
13597;194;97;117;R114G128B38;x
13598;101;131;44;R89G213B118;x
13599;189;178;102;R232G33B75;x
13600;122;130;107;R66G12B69;x
13601;134;178;108;R89G68B165;x
13602;165;159;141;R26G176B249;x
13603;98;134;84;R187G166B219;x
13604;200;146;155;R164G225B106;x
13605;144;160;112;R133G180B133;x
13606;162;140;84;R199G15B31;x
13607;105;149;69;R179G155B198;x
13608;197;139;73;R31G79B145;x
13609;99;111;81;R255G104B199;x
13610;176;174;78;R10G138B148;x
13611;201;158;162;R134G171B156;x
13612;185;185;82;R203G14B217;x
13613;207;161;74;R129G243B104;x
13614;217;157;85;R29G13B209;x
13615;213;140;76;R107G135B39;x
13616;138;165;111;R165G165B18;x
13617;216;142;56;R38G69B53;x
13618;178;179;110;R221G35B44;x
13619;55;122;60;R43G94B2;x
13620;108;135;173;R138G143B220;x
13621;236;167;77;R54G46B194;x
13622;95;131;57;R227G142B4;x
13623;226;177;83;R84G160B87;x
13624;199;159;142;R225G230B164;x
13625;184;153;118;R53G45B139;x
13626;75;120;105;R15G220B232;x
13627;181;206;133;R170G17B67;x
13628;163;190;86;R242G135B43;x
13629;196;141;128;R170G23B146;x
13630;169;128;137;R145G8B132;x
13631;123;89;154;R98G177B67;x
13632;167;186;103;R51G239B143;x
13633;165;172;62;R170G24B130;x
13634;218;174;130;R254G248B16;x
13635;171;173;130;R103G59B84;x
13636;210;175;115;R17G255B235;x
13637;179;202;112;R42G192B230;x
13638;195;214;79;R48G245B220;x
13639;114;122;94;R207G139B226;x
13640;190;216;85;R15G43B109;x
13641;196;136;157;R90G163B175;x
13642;201;139;88;R226G183B226;x
13643;220;176;85;R173G80B217;x
13644;177;180;116;R217G164B43;x
13645;223;182;62;R253G155B246;x
13646;150;188;65;R31G251B121;x
13647;99;150;102;R4G12B45;x
13648;189;202;97;R202G64B230;x
13649;173;132;129;R183G66B59;x
13650;197;180;54;R79G167B76;x
13651;210;195;66;R63G5B0;x
13652;101;129;200;R234G158B161;x
13653;174;169;51;R134G202B121;x
13654;164;163;97;R0G243B197;x
13655;173;144;137;R11G15B189;x
13656;189;183;133;R29G227B10;x
13657;146;188;80;R72G110B28;x
13658;167;140;70;R253G21B179;x
13659;74;142;91;R96G150B2;x
13660;172;179;168;R11G75B123;x
13661;207;156;148;R187G208B107;x
13662;169;176;96;R91G227B96;x
13663;177;164;128;R44G50B81;x
13664;146;216;79;R174G26B196;x
13665;215;197;102;R43G231B101;x
13666;219;144;130;R20G45B155;x
13667;114;125;168;R206G90B135;x
13668;143;160;117;R221G84B215;x
13669;151;180;138;R0G167B227;x
13670;159;172;109;R149G83B46;x
13671;96;162;103;R222G237B205;x
13672;189;150;82;R38G30B25;x
13673;234;167;119;R9G21B125;x
13674;180;204;79;R45G126B145;x
13675;213;200;101;R105G195B131;x
13676;77;141;101;R39G129B63;x
13677;166;141;141;R79G14B116;x
13678;178;164;159;R174G123B144;x
13679;217;164;126;R242G189B38;x
13680;215;187;88;R224G13B93;x
13681;195;150;134;R100G237B40;x
13682;139;143;162;R234G42B241;x
13683;173;172;152;R64G99B222;x
13684;178;144;66;R188G155B28;x
13685;171;218;155;R70G9B177;x
13686;158;217;68;R0G86B232;x
13687;223;154;108;R95G123B233;x
13688;112;183;113;R225G127B157;x
13689;238;205;129;R86G163B107;x
13690;106;162;102;R183G191B184;x
13691;90;192;142;R7G7B31;x
13692;229;172;97;R64G170B79;x
13693;163;174;173;R10G108B180;x
13694;221;116;127;R11G188B38;x
13695;182;117;139;R21G254B155;x
13696;186;159;106;R122G80B31;x
13697;114;171;105;R169G238B11;x
13698;199;127;84;R114G68B75;x
13699;195;160;106;R176G106B119;x
13700;91;133;73;R119G188B128;x
13701;88;114;119;R15G86B107;x
13702;160;162;160;R244G93B245;x
13703;174;194;188;R46G17B224;x
13704;222;118;43;R134G63B51;x
13705;168;158;99;R48G34B4;x
13706;226;159;110;R121G166B60;x
13707;140;132;167;R144G237B2;x
13708;226;145;101;R226G34B228;x
13709;209;181;97;R236G2B20;x
13710;175;154;76;R74G153B25;x
13711;226;153;93;R187G154B6;x
13712;213;180;52;R93G106B141;x
13713;227;176;106;R57G34B235;x
13714;135;150;177;R16G8B193;x
13715;115;161;151;R214G131B117;x
13716;87;158;122;R46G196B92;x
13717;163;148;110;R231G21B68;x
13718;222;151;147;R112G162B43;x
13719;197;106;92;R223G169B216;x
13720;193;146;90;R204G240B173;x
13721;166;145;162;R87G218B39;x
13722;207;112;79;R246G53B246;x
13723;165;186;94;R67G111B64;x
13724;223;201;106;R67G235B25;x
13725;235;171;113;R20G203B49;x
13726;209;133;131;R211G69B122;x
13727;140;147;123;R254G201B253;x
13728;240;157;119;R24G121B196;x
13729;121;157;95;R209G9B208;x
13730;161;182;181;R75G124B29;x
13731;109;134;110;R136G193B146;x
13732;220;165;81;R126G196B230;x
13733;170;156;136;R183G117B85;x
13734;72;116;158;R4G122B17;x
13735;103;139;88;R143G243B161;x
13736;212;141;103;R99G201B234;x
13737;206;196;109;R128G163B62;x
13738;189;168;94;R142G43B251;x
13739;193;175;174;R0G177B67;x
13740;105;117;95;R156G67B164;x
13741;187;196;126;R213G168B83;x
13742;82;121;112;R152G177B16;x
13743;86;142;80;R190G243B91;x
13744;171;187;103;R58G75B129;x
13745;196;154;141;R243G94B229;x
13746;189;182;136;R240G127B17;x
13747;160;127;80;R23G113B170;x
13748;159;136;126;R104G98B211;x
13749;204;111;66;R36G137B119;x
13750;196;231;120;R254G149B168;x
13751;147;170;105;R157G247B147;x
13752;131;155;174;R91G117B17;x
13753;231;153;65;R7G66B124;x
13754;176;197;100;R61G71B183;x
13755;203;175;63;R155G113B207;x
13756;236;200;93;R91G154B125;x
13757;180;164;83;R20G42B28;x
13758;86;163;94;R65G247B157;x
13759;143;126;127;R27G237B9;x
13760;198;148;134;R180G184B183;x
13761;187;171;127;R161G68B203;x
13762;140;143;52;R102G32B220;x
13763;75;125;29;R91G37B50;x
13764;82;108;105;R95G190B243;x
13765;149;150;127;R99G223B238;x
13766;211;130;58;R70G148B162;x
13767;223;175;80;R131G230B133;x
13768;187;133;63;R212G193B83;x
13769;175;143;148;R113G172B239;x
13770;69;174;82;R114G158B47;x
13771;224;141;60;R137G122B98;x
13772;220;172;125;R76G137B81;x
13773;145;136;141;R90G229B244;x
13774;198;149;114;R187G195B10;x
13775;206;166;96;R199G109B86;x
13776;188;158;68;R36G211B16;x
13777;184;151;176;R225G108B32;x
13778;207;131;68;R140G78B239;x
13779;191;177;94;R239G242B144;x
13780;108;166;204;R46G243B91;x
13781;204;175;144;R18G43B90;x
13782;171;140;152;R26G41B94;x
13783;127;166;161;R82G73B150;x
13784;155;145;166;R153G78B108;x
13785;119;147;67;R215G108B58;x
13786;110;143;145;R178G98B180;x
13787;201;173;118;R213G69B100;x
13788;116;130;80;R180G109B75;x
13789;177;167;127;R167G205B171;x
13790;221;147;102;R212G75B16;x
13791;136;108;133;R177G146B141;x
13792;158;195;162;R249G108B97;x
13793;157;209;94;R72G126B51;x
13794;186;127;141;R36G153B29;x
13795;196;181;111;R194G38B18;x
13796;100;133;173;R157G16B4;x
13797;119;191;144;R89G247B111;x
13798;148;188;169;R57G189B213;x
13799;173;132;144;R38G19B164;x
13800;202;171;75;R126G179B248;x
13801;209;169;121;R182G187B9;x
13802;180;152;104;R111G90B15;x
13803;182;114;149;R49G114B147;x
13804;111;154;164;R87G20B201;x
13805;166;183;115;R10G139B157;x
13806;193;177;117;R173G129B77;x
13807;186;164;176;R59G10B22;x
13808;214;148;99;R176G54B132;x
13809;191;151;101;R178G51B152;x
13810;231;183;104;R178G208B114;x
13811;61;145;109;R118G209B114;x
13812;127;210;124;R92G172B160;x
13813;212;153;68;R125G72B225;x
13814;233;151;67;R91G153B212;x
13815;219;140;114;R92G60B4;x
13816;184;166;125;R237G183B32;x
13817;173;150;135;R62G82B128;x
13818;120;176;141;R41G233B193;x
13819;106;156;92;R185G52B239;x
13820;191;134;71;R152G100B177;x
13821;114;119;78;R21G137B58;x
13822;176;186;159;R211G247B159;x
13823;161;166;87;R15G161B242;x
13824;128;182;152;R74G41B59;x
13825;123;141;66;R198G41B31;x
13826;201;181;104;R41G81B113;x
13827;160;137;88;R106G153B138;x
13828;200;201;103;R7G218B11;x
13829;216;158;135;R88G21B63;x
13830;183;146;121;R22G192B155;x
13831;189;172;148;R178G205B232;x
13832;94;117;55;R255G225B13;x
13833;183;125;102;R24G246B18;x
13834;208;136;136;R171G115B82;x
13835;219;153;128;R82G30B48;x
13836;89;145;133;R17G61B183;x
13837;171;121;98;R56G224B208;x
13838;191;142;174;R67G145B80;x
13839;161;156;89;R87G2B106;x
13840;184;143;104;R65G87B106;x
13841;96;175;109;R68G101B74;x
13842;75;121;119;R110G84B43;x
13843;207;190;108;R212G169B74;x
13844;208;161;100;R176G122B242;x
13845;209;147;58;R92G123B75;x
13846;216;152;97;R97G241B151;x
13847;111;149;72;R77G1B200;x
13848;87;176;91;R14G141B33;x
13849;197;124;169;R112G198B92;x
13850;132;160;103;R119G36B240;x
13851;67;134;77;R66G12B53;x
13852;176;109;65;R249G68B104;x
13853;193;187;53;R239G112B53;x
13854;184;156;147;R101G227B89;x
13855;199;151;86;R199G94B114;x
13856;171;103;139;R123G87B65;x
13857;167;122;167;R48G217B180;x
13858;217;181;51;R88G129B13;x
13859;191;134;66;R223G212B232;x
13860;102;120;86;R182G248B105;x
13861;185;180;136;R97G203B153;x
13862;174;168;119;R97G191B150;x
13863;212;154;82;R235G51B164;x
13864;222;176;99;R116G174B254;x
13865;83;108;97;R53G173B168;x
13866;100;130;67;R48G15B87;x
13867;203;145;92;R238G45B49;x
13868;114;138;93;R171G206B237;x
13869;199;163;97;R248G163B193;x
13870;136;164;124;R51G123B178;x
13871;188;157;56;R245G167B162;x
13872;111;163;142;R143G41B150;x
13873;150;195;151;R85G211B126;x
13874;202;164;108;R59G234B244;x
13875;219;166;95;R196G177B132;x
13876;133;117;147;R244G203B135;x
13877;176;205;60;R189G5B49;x
13878;162;158;114;R56G138B230;x
13879;169;182;73;R141G71B214;x
13880;154;185;90;R245G209B84;x
13881;122;148;136;R140G174B182;x
13882;183;148;148;R51G125B78;x
13883;188;147;149;R36G28B146;x
13884;238;188;81;R180G204B233;x
13885;108;140;76;R105G179B183;x
13886;199;176;76;R208G45B81;x
13887;201;143;49;R54G146B71;x
13888;199;177;79;R117G102B69;x
13889;199;158;85;R97G210B169;x
13890;211;196;115;R109G60B170;x
13891;167;123;174;R172G149B251;x
13892;194;187;86;R1G11B2;x
13893;228;153;105;R198G252B224;x
13894;176;206;89;R9G24B183;x
13895;149;182;158;R220G130B242;x
13896;157;174;157;R101G118B103;x
13897;211;192;56;R4G182B147;x
13898;220;157;127;R0G136B31;x
13899;181;188;168;R19G32B9;x
13900;230;149;100;R249G31B82;x
13901;88;108;59;R231G107B216;x
13902;191;154;77;R122G64B75;x
13903;158;146;131;R201G162B212;x
13904;199;137;68;R172G91B75;x
13905;200;183;99;R82G22B200;x
13906;108;169;110;R250G164B99;x
13907;185;190;143;R14G101B132;x
13908;131;133;182;R223G104B90;x
13909;182;144;127;R50G74B180;x
13910;194;200;182;R45G24B243;x
13911;196;146;103;R202G186B244;x
13912;175;138;78;R65G20B67;x
13913;194;157;138;R30G95B198;x
13914;225;156;77;R46G173B233;x
13915;187;157;74;R115G129B242;x
13916;121;100;62;R139G86B95;x
13917;91;113;82;R28G229B62;x
13918;211;139;91;R181G231B111;x
13919;179;161;116;R98G25B173;x
13920;171;191;101;R244G13B126;x
13921;81;135;110;R134G149B172;x
13922;207;141;130;R230G167B52;x
13923;163;208;138;R226G71B185;x
13924;183;150;99;R130G135B152;x
13925;108;148;105;R65G55B76;x
13926;191;127;162;R111G253B209;x
13927;184;126;180;R83G23B147;x
13928;207;166;108;R4G22B36;x
13929;217;104;126;R135G64B68;x
13930;211;164;117;R201G188B204;x
13931;106;159;91;R234G218B42;x
13932;112;203;108;R127G79B146;x
13933;197;138;103;R143G40B41;x
13934;167;165;157;R110G58B11;x
13935;69;147;93;R211G15B167;x
13936;176;116;139;R92G211B251;x
13937;192;173;87;R66G220B9;x
13938;156;139;88;R25G139B116;x
13939;176;225;105;R245G191B64;x
13940;180;215;103;R136G11B166;x
13941;177;148;87;R254G186B73;x
13942;168;133;176;R243G252B66;x
13943;189;164;79;R124G222B41;x
13944;182;142;135;R65G86B174;x
13945;188;190;110;R222G249B69;x
13946;201;154;94;R180G58B248;x
13947;171;178;109;R159G67B101;x
13948;70;160;87;R123G162B73;x
13949;207;178;96;R250G167B173;x
13950;206;194;129;R236G79B124;x
13951;166;193;129;R98G66B109;x
13952;211;207;126;R187G253B106;x
13953;177;167;156;R45G95B15;x
13954;189;150;91;R174G67B239;x
13955;169;176;166;R103G36B128;x
13956;145;155;113;R129G44B244;x
13957;106;144;119;R165G177B167;x
13958;173;131;117;R96G249B214;x
13959;191;197;165;R75G86B135;x
13960;156;174;80;R149G101B108;x
13961;164;119;126;R187G2B211;x
13962;143;196;119;R141G207B92;x
13963;134;154;114;R58G119B60;x
13964;188;187;162;R81G112B58;x
13965;215;193;103;R138G167B121;x
13966;166;144;111;R129G47B133;x
13967;147;136;155;R62G167B105;x
13968;187;206;129;R145G23B77;x
13969;201;150;93;R14G34B61;x
13970;170;159;94;R138G234B33;x
13971;210;170;146;R64G51B237;x
13972;173;140;107;R117G236B67;x
13973;162;185;120;R28G169B163;x
13974;201;205;114;R231G138B109;x
13975;219;175;126;R137G209B115;x
13976;74;162;129;R168G86B209;x
13977;165;175;171;R231G203B15;x
13978;205;196;138;R218G203B24;x
13979;219;142;80;R170G145B52;x
13980;135;170;114;R37G4B28;x
13981;117;111;60;R29G235B61;x
13982;135;155;115;R125G127B180;x
13983;183;173;84;R93G43B123;x
13984;90;137;80;R243G111B64;x
13985;150;170;121;R185G203B35;x
13986;200;186;68;R95G111B135;x
13987;191;157;164;R249G115B57;x
13988;151;144;155;R22G90B8;x
13989;230;133;116;R222G196B6;x
13990;202;167;89;R169G181B212;x
13991;210;149;97;R215G134B187;x
13992;57;169;86;R40G17B61;x
13993;173;149;101;R238G75B187;x
13994;188;202;89;R239G118B157;x
13995;207;191;73;R243G162B173;x
13996;171;142;63;R18G23B240;x
13997;181;182;112;R17G184B221;x
13998;142;188;127;R13G106B125;x
13999;147;164;115;R127G2B62;x
14000;198;187;67;R207G71B10;x
14001;183;178;144;R87G77B253;x
14002;193;148;44;R5G184B220;x
14003;177;209;116;R110G210B97;x
14004;197;167;90;R243G6B174;x
14005;79;139;72;R108G230B158;x
14006;152;189;115;R20G215B173;x
14007;216;146;83;R171G44B51;x
14008;95;136;196;R193G173B26;x
14009;198;210;82;R216G247B158;x
14010;203;166;112;R229G95B166;x
14011;166;165;162;R125G243B167;x
14012;67;159;107;R156G149B188;x
14013;192;198;83;R173G171B249;x
14014;165;184;135;R218G220B205;x
14015;178;159;93;R139G27B22;x
14016;96;124;97;R181G12B219;x
14017;143;167;172;R64G174B148;x
14018;188;115;97;R162G149B99;x
14019;211;199;107;R241G223B127;x
14020;102;169;193;R223G88B239;x
14021;102;116;52;R216G81B171;x
14022;166;108;120;R222G219B63;x
14023;155;142;172;R162G149B226;x
14024;154;198;75;R227G223B107;x
14025;173;145;186;R241G148B25;x
14026;195;176;77;R95G204B33;x
14027;179;173;68;R83G253B87;x
14028;126;161;119;R12G143B167;x
14029;213;157;105;R177G114B123;x
14030;165;142;154;R226G20B54;x
14031;91;159;105;R155G225B162;x
14032;168;203;105;R160G174B37;x
14033;74;132;89;R78G213B133;x
14034;73;155;97;R223G167B156;x
14035;210;174;66;R7G229B148;x
14036;201;131;101;R219G169B32;x
14037;75;120;83;R1G200B25;x
14038;106;135;105;R72G238B122;x
14039;240;167;79;R0G226B53;x
14040;214;139;101;R130G118B227;x
14041;57;132;81;R52G188B204;x
14042;171;164;138;R119G36B210;x
14043;158;130;151;R190G12B246;x
14044;88;132;83;R70G156B226;x
14045;240;205;101;R30G3B86;x
14046;169;129;166;R9G183B183;x
14047;198;135;133;R114G74B242;x
14048;97;118;120;R141G152B96;x
14049;187;157;90;R159G253B248;x
14050;173;175;114;R202G247B118;x
14051;230;169;103;R228G211B121;x
14052;173;234;90;R87G236B248;x
14053;196;174;102;R194G149B210;x
14054;183;155;164;R156G31B152;x
14055;219;183;37;R171G145B146;x
14056;202;186;127;R48G50B28;x
14057;219;161;88;R216G226B118;x
14058;121;172;137;R113G102B150;x
14059;175;177;82;R214G138B187;x
14060;143;127;113;R6G67B100;x
14061;97;141;95;R35G212B129;x
14062;167;187;88;R150G176B194;x
14063;194;171;77;R213G158B225;x
14064;167;167;125;R91G152B95;x
14065;64;137;71;R54G185B24;x
14066;230;146;102;R194G250B50;x
14067;191;161;33;R222G20B206;x
14068;102;206;154;R38G185B216;x
14069;205;171;94;R31G26B142;x
14070;206;183;86;R250G85B55;x
14071;109;125;115;R45G140B32;x
14072;195;182;167;R95G145B238;x
14073;175;181;187;R255G250B64;x
14074;72;121;90;R229G154B207;x
14075;207;198;154;R180G214B93;x
14076;166;155;173;R183G48B229;x
14077;229;147;83;R90G99B163;x
14078;196;175;91;R28G71B76;x
14079;171;152;78;R243G211B44;x
14080;237;153;122;R166G198B3;x
14081;206;151;115;R146G144B83;x
14082;193;181;108;R225G46B33;x
14083;182;166;98;R250G36B220;x
14084;168;163;155;R153G114B42;x
14085;188;157;146;R31G68B164;x
14086;207;202;101;R62G100B190;x
14087;218;152;101;R143G253B43;x
14088;121;122;47;R156G215B141;x
14089;198;173;91;R250G188B164;x
14090;151;167;181;R188G112B46;x
14091;180;155;108;R86G125B138;x
14092;170;161;153;R217G226B65;x
14093;166;195;97;R156G216B179;x
14094;177;186;119;R73G108B26;x
14095;218;201;148;R92G94B138;x
14096;178;179;168;R148G153B23;x
14097;154;184;140;R158G70B93;x
14098;95;104;97;R60G35B235;x
14099;189;172;123;R38G112B61;x
14100;192;149;83;R107G1B14;x
14101;215;169;99;R159G201B115;x
14102;212;135;140;R120G91B212;x
14103;153;145;135;R81G174B142;x
14104;135;142;150;R24G135B130;x
14105;215;167;128;R161G235B129;x
14106;204;200;98;R34G55B44;x
14107;168;102;121;R161G19B99;x
14108;84;142;115;R75G149B136;x
14109;208;206;132;R125G157B26;x
14110;197;178;114;R91G16B240;x
14111;186;143;98;R92G51B130;x
14112;190;183;100;R79G36B74;x
14113;182;176;149;R76G188B130;x
14114;164;145;134;R173G84B98;x
14115;240;225;73;R3G71B32;x
14116;172;186;129;R238G229B181;x
14117;179;206;75;R206G155B57;x
14118;125;170;109;R248G229B122;x
14119;201;204;120;R210G175B189;x
14120;170;194;139;R12G6B214;x
14121;233;173;142;R82G28B188;x
14122;184;131;135;R210G168B186;x
14123;182;157;120;R190G183B230;x
14124;148;167;143;R26G232B231;x
14125;179;200;162;R50G183B72;x
14126;178;182;118;R178G112B144;x
14127;166;208;85;R173G105B37;x
14128;167;196;185;R1G47B193;x
14129;200;160;70;R139G167B226;x
14130;211;162;84;R250G253B222;x
14131;134;114;79;R99G13B12;x
14132;164;117;106;R159G211B94;x
14133;138;167;118;R149G238B248;x
14134;200;208;119;R246G252B189;x
14135;193;122;84;R140G120B27;x
14136;206;162;85;R152G4B197;x
14137;171;141;177;R154G49B180;x
14138;103;139;102;R113G108B119;x
14139;222;181;115;R164G174B58;x
14140;177;146;152;R154G205B136;x
14141;200;155;124;R145G17B107;x
14142;181;177;161;R3G89B154;x
14143;165;145;83;R102G28B122;x
14144;160;148;156;R200G0B156;x
14145;122;172;167;R236G118B183;x
14146;137;144;153;R227G168B230;x
14147;164;193;86;R190G149B14;x
14148;225;157;142;R248G119B142;x
14149;191;153;139;R103G236B202;x
14150;198;151;169;R182G117B155;x
14151;193;137;84;R63G140B157;x
14152;161;105;140;R118G45B64;x
14153;155;183;111;R105G94B184;x
14154;165;198;69;R28G211B83;x
14155;200;195;94;R246G92B51;x
14156;188;163;133;R65G240B204;x
14157;215;130;119;R101G4B62;x
14158;178;171;103;R101G107B196;x
14159;208;167;149;R71G124B98;x
14160;192;172;94;R61G73B238;x
14161;187;171;74;R36G148B42;x
14162;189;184;142;R240G82B170;x
14163;204;181;135;R230G77B144;x
14164;132;149;131;R235G134B139;x
14165;88;124;89;R210G57B127;x
14166;165;138;133;R39G53B232;x
14167;218;150;73;R194G13B29;x
14168;226;121;90;R54G113B24;x
14169;79;110;98;R16G100B50;x
14170;121;159;122;R207G121B65;x
14171;175;140;144;R75G63B161;x
14172;185;143;151;R39G44B225;x
14173;217;170;95;R215G101B27;x
14174;139;153;132;R215G134B199;x
14175;207;156;80;R64G17B40;x
14176;171;190;99;R234G123B195;x
14177;227;190;64;R194G245B189;x
14178;128;159;122;R227G231B78;x
14179;185;193;80;R86G61B251;x
14180;90;117;78;R173G82B223;x
14181;173;125;155;R139G231B0;x
14182;110;161;156;R136G237B97;x
14183;206;128;125;R160G178B13;x
14184;192;194;99;R243G245B129;x
14185;159;150;178;R181G101B60;x
14186;165;170;49;R216G66B91;x
14187;191;161;130;R221G81B58;x
14188;172;210;100;R140G177B241;x
14189;215;185;89;R12G91B211;x
14190;173;176;170;R93G86B159;x
14191;86;144;94;R233G65B1;x
14192;62;142;77;R156G149B210;x
14193;226;152;104;R89G171B48;x
14194;209;140;101;R215G180B121;x
14195;92;109;84;R24G67B241;x
14196;207;118;35;R42G208B114;x
14197;112;146;80;R32G193B6;x
14198;97;141;103;R221G244B151;x
14199;165;138;172;R222G28B79;x
14200;193;139;84;R41G176B231;x
14201;65;165;70;R101G36B13;x
14202;165;178;57;R19G240B155;x
14203;168;167;159;R82G168B196;x
14204;194;159;158;R159G183B221;x
14205;178;191;80;R217G54B57;x
14206;144;179;157;R252G113B125;x
14207;148;186;120;R237G24B158;x
14208;168;173;86;R164G58B69;x
14209;56;127;113;R107G163B155;x
14210;204;190;101;R70G21B63;x
14211;69;126;104;R125G228B239;x
14212;222;162;51;R63G176B192;x
14213;221;152;127;R140G16B250;x
14214;103;121;62;R160G85B217;x
14215;116;168;123;R155G224B111;x
14216;197;106;109;R31G159B7;x
14217;212;137;127;R165G172B56;x
14218;194;135;165;R212G54B6;x
14219;202;164;91;R152G219B125;x
14220;217;200;124;R165G225B184;x
14221;171;221;129;R136G130B73;x
14222;97;165;96;R162G78B177;x
14223;190;157;103;R233G222B169;x
14224;166;166;106;R106G144B5;x
14225;191;173;102;R32G254B92;x
14226;188;132;103;R209G102B93;x
14227;168;177;97;R6G202B107;x
14228;200;162;119;R129G243B37;x
14229;171;179;70;R39G13B156;x
14230;133;150;144;R185G59B240;x
14231;97;102;55;R209G187B129;x
14232;174;194;135;R189G248B82;x
14233;224;193;41;R253G5B201;x
14234;195;190;127;R132G10B191;x
14235;88;167;68;R30G172B132;x
14236;107;176;92;R91G36B146;x
14237;79;145;74;R36G196B18;x
14238;130;153;205;R70G41B166;x
14239;186;161;80;R102G81B103;x
14240;206;158;45;R231G191B178;x
14241;81;130;92;R4G39B75;x
14242;191;191;138;R3G8B66;x
14243;190;152;107;R92G29B226;x
14244;172;128;77;R108G241B20;x
14245;189;192;109;R163G43B42;x
14246;226;152;109;R2G251B24;x
14247;170;136;124;R75G50B72;x
14248;82;134;167;R187G152B193;x
14249;165;179;121;R21G121B181;x
14250;180;172;92;R149G131B238;x
14251;213;110;147;R97G198B206;x
14252;201;195;169;R242G66B197;x
14253;194;175;127;R28G29B203;x
14254;130;179;61;R186G113B194;x
14255;239;181;114;R144G156B244;x
14256;149;158;138;R172G151B196;x
14257;97;145;60;R253G31B144;x
14258;83;153;79;R185G179B173;x
14259;79;84;90;R136G141B163;x
14260;181;129;147;R155G186B159;x
14261;177;131;101;R227G66B133;x
14262;168;190;81;R91G47B244;x
14263;65;132;69;R60G139B97;x
14264;189;187;90;R70G101B77;x
14265;212;134;67;R72G248B163;x
14266;214;149;108;R69G143B118;x
14267;175;173;152;R244G20B218;x
14268;181;158;148;R190G165B8;x
14269;211;183;59;R139G75B76;x
14270;188;188;118;R168G208B184;x
14271;109;137;78;R180G253B37;x
14272;186;132;115;R59G153B70;x
14273;211;205;82;R98G252B178;x
14274;231;188;130;R84G208B66;x
14275;192;201;119;R35G85B40;x
14276;181;170;132;R208G26B165;x
14277;217;138;94;R208G3B58;x
14278;184;203;146;R91G19B23;x
14279;198;194;124;R68G73B221;x
14280;90;133;96;R70G146B249;x
14281;200;209;105;R239G70B68;x
14282;193;177;103;R118G81B23;x
14283;61;125;100;R95G223B78;x
14284;193;115;99;R245G28B118;x
14285;118;144;123;R132G10B162;x
14286;187;169;95;R164G172B173;x
14287;224;207;121;R183G216B92;x
14288;76;147;82;R252G14B3;x
14289;160;169;175;R86G213B104;x
14290;199;172;51;R233G183B61;x
14291;198;151;102;R93G10B13;x
14292;203;147;114;R80G90B88;x
14293;155;166;154;R56G80B3;x
14294;61;130;97;R3G154B165;x
14295;206;200;124;R172G218B14;x
14296;144;190;148;R55G139B47;x
14297;221;148;117;R22G91B43;x
14298;92;129;195;R102G210B37;x
14299;196;161;77;R54G246B166;x
14300;218;151;125;R119G151B223;x
14301;173;170;70;R3G97B8;x
14302;112;141;176;R9G49B185;x
14303;207;207;61;R110G238B196;x
14304;164;184;83;R109G46B176;x
14305;190;180;112;R146G60B3;x
14306;171;115;167;R104G35B134;x
14307;225;167;148;R121G104B181;x
14308;178;113;111;R217G86B168;x
14309;175;113;128;R113G201B127;x
14310;106;110;77;R220G63B168;x
14311;90;129;111;R73G38B3;x
14312;153;167;115;R176G74B250;x
14313;214;126;137;R146G196B72;x
14314;163;180;131;R140G45B14;x
14315;158;152;118;R93G74B182;x
14316;221;146;128;R192G202B238;x
14317;204;154;72;R21G103B149;x
14318;117;160;136;R17G86B119;x
14319;192;153;93;R194G217B188;x
14320;175;192;160;R94G221B81;x
14321;108;99;74;R202G10B236;x
14322;144;144;147;R254G56B198;x
14323;132;156;60;R141G75B139;x
14324;210;163;96;R72G212B90;x
14325;235;136;94;R6G154B208;x
14326;114;136;77;R72G84B212;x
14327;189;163;122;R83G221B125;x
14328;174;150;115;R48G148B166;x
14329;142;176;111;R7G186B181;x
14330;100;140;89;R220G154B50;x
14331;184;173;72;R46G168B104;x
14332;44;116;78;R168G31B194;x
14333;232;163;56;R249G105B30;x
14334;180;147;91;R191G23B86;x
14335;66;150;71;R1G62B99;x
14336;177;141;156;R186G104B253;x
14337;206;147;169;R33G244B133;x
14338;152;188;149;R233G164B28;x
14339;150;128;165;R241G123B7;x
14340;233;162;70;R13G27B122;x
14341;238;147;75;R22G232B46;x
14342;178;128;138;R5G191B125;x
14343;202;178;110;R0G171B91;x
14344;197;155;158;R58G66B190;x
14345;132;179;134;R110G13B63;x
14346;158;176;80;R26G201B154;x
14347;199;143;91;R125G241B40;x
14348;170;180;159;R79G57B253;x
14349;91;161;122;R224G47B45;x
14350;207;164;92;R129G213B182;x
14351;181;131;93;R87G209B94;x
14352;92;165;76;R109G154B84;x
14353;125;172;168;R146G6B90;x
14354;190;170;103;R29G40B165;x
14355;224;141;59;R58G238B173;x
14356;196;171;74;R26G70B217;x
14357;213;135;101;R5G155B189;x
14358;212;167;115;R37G11B52;x
14359;190;156;60;R250G244B233;x
14360;156;199;130;R82G54B207;x
14361;116;123;81;R12G31B113;x
14362;224;183;127;R84G177B215;x
14363;180;164;165;R205G235B55;x
14364;174;199;80;R186G223B99;x
14365;174;155;84;R39G114B66;x
14366;92;127;152;R153G64B84;x
14367;172;170;104;R133G88B222;x
14368;230;181;115;R105G93B68;x
14369;177;209;120;R26G27B166;x
14370;181;150;154;R39G10B56;x
14371;191;178;79;R78G94B131;x
14372;191;180;89;R169G213B130;x
14373;88;124;67;R235G1B61;x
14374;184;173;159;R92G201B232;x
14375;188;117;95;R163G149B40;x
14376;177;125;147;R50G77B94;x
14377;158;205;117;R87G238B89;x
14378;167;183;121;R227G0B192;x
14379;167;152;161;R6G180B15;x
14380;178;182;164;R166G81B100;x
14381;209;120;111;R96G63B243;x
14382;231;183;108;R233G238B158;x
14383;193;130;169;R188G196B66;x
14384;184;140;123;R77G89B210;x
14385;100;143;121;R120G136B181;x
14386;155;180;136;R180G16B27;x
14387;240;176;55;R37G5B83;x
14388;186;166;81;R71G90B198;x
14389;188;121;152;R151G98B73;x
14390;213;127;96;R199G143B11;x
14391;199;162;120;R10G168B22;x
14392;210;189;143;R204G231B18;x
14393;139;158;154;R204G219B162;x
14394;181;152;70;R218G89B20;x
14395;130;118;94;R208G42B128;x
14396;203;138;83;R37G127B191;x
14397;146;199;99;R161G219B105;x
14398;206;194;144;R170G67B208;x
14399;78;132;119;R254G44B241;x
14400;116;147;138;R63G167B90;x
14401;187;153;76;R29G165B19;x
14402;189;159;96;R100G85B197;x
14403;161;183;105;R45G184B198;x
14404;145;134;145;R129G194B44;x
14405;211;201;98;R107G208B225;x
14406;115;173;88;R131G67B189;x
14407;168;148;164;R58G90B175;x
14408;163;215;87;R70G252B20;x
14409;173;169;107;R220G24B246;x
14410;103;168;57;R193G92B35;x
14411;208;166;67;R96G130B68;x
14412;72;140;91;R215G254B214;x
14413;219;178;134;R231G76B9;x
14414;162;133;119;R219G234B249;x
14415;144;153;122;R89G113B49;x
14416;201;162;57;R20G190B233;x
14417;143;132;116;R139G193B64;x
14418;180;147;86;R198G54B205;x
14419;233;207;127;R60G135B71;x
14420;138;124;109;R132G131B195;x
14421;204;175;100;R179G232B48;x
14422;187;206;84;R253G101B216;x
14423;92;112;179;R23G210B81;x
14424;190;208;106;R75G168B209;x
14425;195;175;106;R27G197B124;x
14426;109;138;74;R75G118B105;x
14427;150;125;152;R185G106B187;x
14428;190;170;90;R232G90B218;x
14429;176;107;74;R54G224B180;x
14430;162;172;87;R220G213B55;x
14431;240;168;123;R193G27B51;x
14432;225;151;128;R82G208B80;x
14433;191;187;101;R188G145B154;x
14434;176;138;40;R125G64B106;x
14435;214;129;88;R72G144B139;x
14436;166;150;108;R151G42B122;x
14437;166;190;82;R252G201B134;x
14438;163;178;134;R128G85B126;x
14439;197;131;127;R127G160B212;x
14440;181;164;129;R117G196B107;x
14441;210;167;60;R49G251B248;x
14442;176;167;112;R83G168B250;x
14443;192;165;85;R97G53B89;x
14444;218;165;103;R43G153B69;x
14445;171;151;110;R193G220B106;x
14446;155;125;116;R11G117B57;x
14447;195;210;64;R179G162B119;x
14448;82;130;86;R71G151B210;x
14449;211;187;90;R80G1B112;x
14450;169;203;124;R216G39B53;x
14451;149;202;89;R173G224B63;x
14452;72;104;81;R91G155B34;x
14453;78;161;93;R45G159B164;x
14454;107;94;70;R207G16B98;x
14455;75;120;76;R245G155B218;x
14456;237;148;78;R129G171B183;x
14457;81;117;96;R182G4B205;x
14458;230;138;81;R54G245B255;x
14459;198;182;126;R211G127B56;x
14460;179;145;113;R3G191B139;x
14461;177;185;98;R42G79B188;x
14462;192;198;121;R18G222B133;x
14463;196;178;91;R253G170B148;x
14464;183;183;98;R211G82B54;x
14465;218;145;102;R240G179B114;x
14466;169;171;158;R104G191B93;x
14467;217;169;157;R153G81B220;x
14468;189;213;83;R199G185B211;x
14469;55;145;67;R123G236B176;x
14470;209;165;93;R96G157B70;x
14471;149;158;122;R134G54B25;x
14472;145;153;87;R141G7B79;x
14473;168;178;58;R136G110B165;x
14474;172;152;100;R30G149B5;x
14475;160;169;133;R8G183B101;x
14476;182;184;84;R117G188B189;x
14477;173;141;89;R78G210B25;x
14478;175;154;78;R32G198B252;x
14479;86;168;103;R19G132B39;x
14480;195;131;118;R135G188B237;x
14481;160;152;127;R237G118B231;x
14482;206;173;143;R108G38B219;x
14483;188;161;106;R153G164B70;x
14484;191;159;52;R195G27B34;x
14485;109;127;121;R232G124B173;x
14486;191;189;62;R194G239B166;x
14487;219;148;113;R130G22B164;x
14488;194;129;150;R21G196B185;x
14489;167;152;138;R143G59B242;x
14490;122;150;153;R168G143B172;x
14491;150;179;103;R196G90B248;x
14492;184;155;159;R18G232B29;x
14493;125;187;167;R50G199B206;x
14494;221;208;141;R30G228B189;x
14495;206;157;102;R251G58B198;x
14496;163;182;150;R242G117B7;x
14497;196;197;129;R175G4B171;x
14498;167;218;114;R144G119B235;x
14499;67;103;90;R206G28B244;x
14500;197;189;173;R135G208B165;x
14501;95;143;170;R42G123B181;x
14502;185;163;121;R26G117B232;x
14503;177;176;75;R110G180B137;x
14504;167;211;113;R129G33B62;x
14505;172;164;152;R106G234B23;x
14506;138;152;85;R87G115B13;x
14507;201;168;139;R175G118B237;x
14508;181;108;108;R79G34B138;x
14509;122;205;138;R14G92B89;x
14510;235;167;74;R66G192B126;x
14511;89;125;65;R222G37B8;x
14512;192;170;118;R192G88B153;x
14513;215;147;91;R116G103B51;x
14514;110;96;190;R56G56B65;x
14515;236;154;75;R29G191B7;x
14516;204;171;138;R170G219B4;x
14517;229;174;83;R124G125B154;x
14518;180;189;76;R48G70B252;x
14519;189;195;99;R111G231B239;x
14520;55;123;122;R136G85B114;x
14521;106;142;90;R235G176B179;x
14522;219;171;115;R250G200B239;x
14523;195;169;171;R248G124B154;x
14524;212;171;110;R164G15B180;x
14525;200;154;99;R2G149B53;x
14526;210;135;129;R203G159B166;x
14527;169;109;84;R43G212B13;x
14528;164;151;132;R195G32B51;x
14529;183;124;92;R49G127B45;x
14530;201;176;103;R12G195B60;x
14531;207;182;102;R225G187B158;x
14532;148;154;176;R75G216B214;x
14533;193;182;86;R11G102B206;x
14534;111;155;136;R90G254B218;x
14535;193;140;132;R244G50B149;x
14536;176;190;170;R130G138B86;x
14537;214;146;117;R26G155B29;x
14538;214;203;126;R240G77B4;x
14539;172;197;64;R145G154B42;x
14540;179;218;62;R32G126B173;x
14541;156;150;125;R218G233B28;x
14542;163;156;119;R56G118B78;x
14543;195;138;78;R233G176B51;x
14544;150;139;180;R20G164B201;x
14545;185;113;116;R146G177B185;x
14546;174;190;164;R38G143B5;x
14547;143;127;131;R68G150B10;x
14548;194;182;101;R62G3B151;x
14549;144;203;102;R88G119B23;x
14550;221;175;89;R91G44B139;x
14551;197;144;92;R251G205B199;x
14552;179;179;114;R95G243B139;x
14553;87;103;59;R54G105B125;x
14554;211;203;129;R144G65B178;x
14555;87;162;123;R227G23B149;x
14556;145;168;105;R23G118B163;x
14557;179;178;172;R104G82B94;x
14558;208;135;68;R150G125B138;x
14559;197;154;72;R136G98B20;x
14560;184;129;136;R56G73B196;x
14561;181;179;56;R133G170B96;x
14562;115;112;86;R178G98B1;x
14563;203;161;97;R191G69B238;x
14564;210;172;103;R164G161B183;x
14565;227;141;76;R176G199B131;x
14566;200;157;128;R39G56B174;x
14567;123;144;183;R181G217B159;x
14568;220;191;105;R184G139B223;x
14569;150;156;157;R131G93B207;x
14570;211;137;116;R76G119B99;x
14571;160;115;123;R43G212B232;x
14572;172;190;86;R241G32B41;x
14573;157;137;168;R4G163B181;x
14574;195;154;156;R114G99B224;x
14575;134;193;90;R180G119B218;x
14576;175;151;172;R82G164B198;x
14577;204;164;77;R107G181B74;x
14578;186;181;134;R156G82B171;x
14579;94;159;123;R11G37B71;x
14580;161;119;167;R225G94B238;x
14581;184;168;154;R235G35B155;x
14582;99;129;82;R106G226B88;x
14583;224;164;79;R75G130B35;x
14584;98;126;50;R91G124B95;x
14585;149;166;66;R92G161B24;x
14586;219;151;104;R174G55B128;x
14587;189;193;100;R74G251B26;x
14588;183;132;77;R238G194B51;x
14589;185;182;116;R85G50B208;x
14590;80;153;85;R25G172B185;x
14591;177;133;109;R173G78B107;x
14592;176;160;91;R119G196B105;x
14593;209;148;160;R14G247B247;x
14594;151;167;149;R172G203B5;x
14595;139;141;135;R248G21B207;x
14596;207;161;84;R248G128B186;x
14597;194;178;81;R218G25B190;x
14598;143;185;176;R227G61B70;x
14599;165;182;157;R254G204B216;x
14600;230;152;139;R92G95B235;x
14601;202;170;139;R170G33B205;x
14602;151;183;124;R31G80B144;x
14603;232;167;176;R98G24B4;x
14604;143;127;54;R10G104B246;x
14605;186;172;113;R123G148B223;x
14606;169;184;80;R253G80B219;x
14607;185;175;77;R63G196B45;x
14608;89;118;191;R42G103B29;x
14609;156;176;147;R204G140B60;x
14610;183;171;64;R59G243B48;x
14611;187;168;149;R191G49B140;x
14612;187;154;169;R12G194B48;x
14613;157;161;171;R62G230B136;x
14614;166;150;131;R199G235B72;x
14615;174;130;130;R73G195B48;x
14616;170;190;88;R110G65B177;x
14617;196;138;139;R97G211B233;x
14618;198;129;134;R172G82B209;x
14619;181;156;108;R53G5B16;x
14620;182;183;115;R164G58B192;x
14621;179;136;102;R105G163B204;x
14622;205;169;102;R190G57B91;x
14623;192;132;131;R45G109B129;x
14624;213;178;142;R233G15B84;x
14625;181;181;116;R251G63B230;x
14626;155;187;142;R87G12B234;x
14627;186;142;102;R110G26B253;x
14628;165;200;143;R240G103B124;x
14629;148;148;138;R15G32B26;x
14630;85;147;103;R142G103B97;x
14631;192;131;128;R165G132B55;x
14632;224;161;119;R87G248B8;x
14633;226;150;67;R230G73B1;x
14634;134;169;67;R92G166B44;x
14635;183;209;108;R52G71B203;x
14636;88;147;106;R146G163B255;x
14637;215;153;76;R87G71B218;x
14638;178;167;157;R203G221B25;x
14639;211;140;51;R177G4B103;x
14640;124;164;140;R127G83B22;x
14641;97;134;65;R71G33B250;x
14642;123;116;55;R225G118B66;x
14643;132;205;78;R9G190B60;x
14644;196;134;147;R99G75B122;x
14645;205;173;123;R251G128B32;x
14646;165;174;148;R146G167B73;x
14647;196;194;85;R151G31B17;x
14648;191;172;128;R249G47B86;x
14649;167;184;87;R224G23B220;x
14650;210;172;109;R65G132B75;x
14651;195;166;114;R6G240B168;x
14652;211;172;119;R250G142B255;x
14653;200;143;82;R8G126B166;x
14654;172;157;178;R186G25B186;x
14655;206;165;117;R68G253B169;x
14656;81;177;108;R91G121B183;x
14657;225;162;130;R18G55B187;x
14658;165;174;114;R183G51B222;x
14659;195;126;61;R21G198B158;x
14660;190;181;109;R162G90B68;x
14661;135;150;84;R34G44B179;x
14662;207;180;92;R124G239B211;x
14663;131;101;87;R86G202B167;x
14664;152;145;127;R197G83B144;x
14665;162;168;94;R251G77B202;x
14666;196;168;82;R44G112B208;x
14667;86;154;74;R186G93B135;x
14668;178;166;140;R100G197B73;x
14669;205;182;58;R189G236B55;x
14670;216;132;87;R227G57B27;x
14671;114;192;122;R199G215B8;x
14672;186;204;93;R254G62B28;x
14673;51;120;89;R193G250B17;x
14674;200;146;88;R145G214B248;x
14675;197;151;86;R128G86B89;x
14676;222;146;132;R8G123B185;x
14677;193;177;113;R68G201B222;x
14678;153;170;119;R1G197B75;x
14679;183;148;132;R161G18B102;x
14680;172;187;172;R152G191B138;x
14681;197;159;87;R168G177B207;x
14682;80;116;70;R22G147B35;x
14683;185;157;49;R227G16B88;x
14684;182;165;98;R135G67B120;x
14685;136;162;151;R167G210B246;x
14686;141;202;113;R13G136B130;x
14687;165;128;177;R71G198B12;x
14688;221;177;98;R182G78B103;x
14689;162;150;158;R51G54B27;x
14690;164;145;150;R109G141B117;x
14691;181;188;92;R62G164B232;x
14692;161;107;115;R5G237B189;x
14693;194;139;54;R163G204B52;x
14694;178;182;158;R27G181B199;x
14695;186;154;91;R76G178B233;x
14696;185;162;63;R244G29B51;x
14697;98;103;66;R148G33B82;x
14698;200;184;63;R150G100B166;x
14699;166;169;75;R48G173B166;x
14700;198;195;179;R71G5B181;x
14701;190;145;99;R197G174B244;x
14702;173;167;157;R240G31B243;x
14703;209;162;60;R170G185B182;x
14704;150;172;162;R196G18B146;x
14705;224;143;117;R45G229B138;x
14706;152;175;141;R197G37B119;x
14707;218;177;93;R130G210B69;x
14708;175;190;124;R95G62B112;x
14709;147;162;77;R252G172B143;x
14710;231;146;86;R68G136B234;x
14711;189;190;182;R122G120B97;x
14712;98;134;103;R176G64B90;x
14713;225;154;76;R153G22B42;x
14714;103;140;113;R142G246B164;x
14715;213;86;90;R125G135B28;x
14716;180;140;132;R159G129B60;x
14717;240;209;140;R29G126B92;x
14718;175;165;175;R30G227B225;x
14719;126;151;120;R17G204B75;x
14720;170;161;117;R53G217B112;x
14721;72;126;121;R27G139B246;x
14722;199;171;125;R51G163B189;x
14723;218;193;110;R198G229B101;x
14724;198;179;75;R12G235B243;x
14725;122;157;123;R212G141B169;x
14726;153;202;189;R18G162B102;x
14727;178;160;139;R184G149B65;x
14728;203;151;66;R244G67B32;x
14729;220;127;71;R190G88B76;x
14730;168;173;190;R119G131B60;x
14731;191;143;166;R137G130B112;x
14732;115;161;172;R91G240B223;x
14733;218;157;115;R218G184B171;x
14734;190;152;143;R252G16B18;x
14735;99;167;106;R182G245B123;x
14736;86;140;105;R166G127B251;x
14737;180;213;81;R253G5B128;x
14738;191;200;85;R126G10B105;x
14739;190;165;55;R209G80B200;x
14740;154;179;110;R61G28B147;x
14741;167;166;179;R185G58B178;x
14742;162;212;84;R109G89B7;x
14743;57;138;66;R16G72B25;x
14744;191;138;129;R40G19B93;x
14745;172;184;112;R147G23B74;x
14746;199;162;183;R135G150B151;x
14747;202;143;93;R185G61B110;x
14748;190;193;120;R44G208B250;x
14749;134;115;180;R33G5B155;x
14750;190;172;96;R192G98B115;x
14751;98;169;82;R123G57B84;x
14752;218;175;110;R81G7B199;x
14753;208;151;115;R236G86B69;x
14754;239;143;121;R175G163B14;x
14755;139;173;139;R177G237B41;x
14756;97;146;84;R100G164B71;x
14757;191;188;186;R178G17B85;x
14758;211;120;81;R141G151B10;x
14759;190;147;118;R68G13B1;x
14760;211;152;115;R100G245B52;x
14761;233;155;79;R129G163B52;x
14762;189;182;142;R91G105B40;x
14763;131;184;102;R251G139B75;x
14764;194;166;133;R22G227B60;x
14765;194;164;109;R234G60B27;x
14766;224;144;168;R0G147B164;x
14767;205;153;138;R239G36B23;x
14768;180;193;64;R100G124B54;x
14769;177;170;142;R163G55B61;x
14770;153;212;95;R59G241B121;x
14771;181;171;126;R8G157B0;x
14772;214;144;81;R168G134B32;x
14773;150;187;161;R220G7B142;x
14774;211;192;126;R81G0B228;x
14775;224;176;101;R214G120B156;x
14776;68;129;77;R201G88B196;x
14777;153;105;179;R193G101B156;x
14778;182;186;108;R217G218B125;x
14779;188;178;128;R137G145B107;x
14780;130;181;144;R118G102B56;x
14781;202;210;90;R58G232B197;x
14782;190;172;90;R45G119B45;x
14783;219;149;85;R94G98B155;x
14784;177;120;111;R173G221B156;x
14785;200;162;39;R158G160B78;x
14786;201;150;147;R252G98B234;x
14787;188;203;83;R159G177B80;x
14788;89;182;126;R218G245B127;x
14789;186;196;139;R216G183B121;x
14790;90;112;144;R236G28B164;x
14791;193;148;79;R138G92B155;x
14792;160;183;95;R80G72B192;x
14793;183;148;124;R94G147B196;x
14794;156;152;161;R165G0B175;x
14795;163;150;151;R211G208B169;x
14796;154;185;193;R57G179B57;x
14797;177;173;120;R117G141B198;x
14798;181;175;79;R101G148B246;x
14799;180;188;157;R77G100B157;x
14800;192;164;150;R195G147B242;x
14801;172;212;97;R179G86B85;x
14802;141;131;178;R107G213B114;x
14803;124;203;137;R252G205B128;x
14804;175;135;148;R241G117B114;x
14805;156;175;151;R4G6B145;x
14806;160;151;142;R114G12B14;x
14807;189;110;118;R94G228B80;x
14808;123;123;118;R56G186B28;x
14809;158;154;154;R135G72B169;x
14810;166;182;116;R166G21B100;x
14811;68;130;125;R245G36B243;x
14812;214;200;118;R154G16B197;x
14813;197;148;151;R64G145B118;x
14814;174;166;118;R167G72B99;x
14815;193;137;86;R173G213B94;x
14816;204;155;111;R231G73B124;x
14817;98;151;81;R191G248B39;x
14818;183;134;147;R218G25B164;x
14819;168;180;125;R87G61B94;x
14820;194;158;100;R92G148B84;x
14821;167;197;100;R49G226B91;x
14822;94;129;93;R134G40B84;x
14823;151;205;118;R187G156B183;x
14824;212;126;104;R132G217B185;x
14825;114;148;73;R87G89B195;x
14826;169;165;121;R253G196B41;x
14827;183;192;118;R166G171B70;x
14828;151;141;141;R85G78B18;x
14829;164;169;93;R199G116B127;x
14830;177;155;86;R232G179B63;x
14831;87;165;203;R103G207B83;x
14832;171;212;65;R178G235B129;x
14833;127;140;152;R149G217B129;x
14834;183;170;66;R79G203B128;x
14835;165;174;190;R40G27B22;x
14836;152;201;171;R239G254B22;x
14837;99;146;136;R233G124B178;x
14838;203;192;90;R182G205B141;x
14839;186;143;49;R121G105B208;x
14840;168;167;124;R14G23B162;x
14841;203;185;69;R8G64B242;x
14842;173;219;88;R191G6B183;x
14843;208;181;163;R190G78B18;x
14844;207;147;68;R132G198B155;x
14845;171;171;145;R221G124B150;x
14846;211;191;90;R63G229B115;x
14847;182;174;117;R20G153B177;x
14848;75;151;32;R71G70B13;x
14849;172;125;57;R13G129B247;x
14850;188;170;99;R125G202B70;x
14851;225;152;77;R194G205B37;x
14852;90;97;73;R40G1B187;x
14853;213;222;129;R141G119B78;x
14854;90;140;89;R122G34B201;x
14855;131;123;73;R228G146B145;x
14856;198;177;105;R0G50B126;x
14857;178;194;124;R59G194B195;x
14858;210;159;43;R143G172B223;x
14859;185;142;85;R46G98B27;x
14860;141;165;88;R154G61B238;x
14861;106;147;177;R235G26B224;x
14862;97;95;77;R137G77B6;x
14863;189;183;141;R100G156B101;x
14864;202;135;164;R18G63B252;x
14865;157;189;143;R234G186B52;x
14866;77;90;86;R227G212B249;x
14867;69;180;92;R103G48B29;x
14868;129;181;157;R8G3B149;x
14869;225;144;98;R184G163B227;x
14870;73;166;87;R30G251B187;x
14871;207;168;98;R142G154B0;x
14872;151;142;161;R73G100B221;x
14873;177;184;98;R247G203B250;x
14874;180;157;116;R19G107B171;x
14875;80;116;48;R88G56B6;x
14876;55;144;75;R145G255B153;x
14877;195;149;113;R99G192B16;x
14878;165;173;142;R156G199B99;x
14879;185;177;142;R73G144B85;x
14880;51;126;67;R77G156B111;x
14881;75;111;83;R69G157B41;x
14882;209;155;102;R248G0B234;x
14883;173;151;96;R123G150B79;x
14884;139;160;191;R168G85B12;x
14885;186;147;75;R180G240B110;x
14886;101;133;82;R103G10B105;x
14887;218;193;65;R189G222B104;x
14888;77;91;74;R182G56B68;x
14889;219;181;102;R197G187B109;x
14890;211;165;61;R236G16B70;x
14891;135;153;140;R246G21B126;x
14892;159;218;93;R165G132B114;x
14893;214;201;87;R85G248B255;x
14894;201;211;82;R43G245B120;x
14895;190;154;71;R211G149B11;x
14896;97;151;56;R178G173B133;x
14897;217;127;74;R18G217B98;x
14898;163;165;170;R40G61B16;x
14899;185;177;82;R250G14B4;x
14900;168;150;116;R119G177B164;x
14901;180;206;107;R12G69B153;x
14902;189;163;117;R52G111B29;x
14903;164;151;191;R42G61B10;x
14904;230;175;109;R11G250B157;x
14905;204;199;116;R217G18B103;x
14906;218;186;111;R71G175B145;x
14907;186;173;85;R132G176B114;x
14908;157;163;140;R24G122B85;x
14909;96;129;109;R41G75B244;x
14910;213;181;76;R112G92B57;x
14911;187;145;130;R50G36B31;x
14912;188;137;75;R243G130B166;x
14913;197;192;120;R210G44B161;x
14914;83;157;110;R228G143B231;x
14915;172;193;143;R196G226B248;x
14916;182;190;106;R78G14B29;x
14917;213;176;104;R58G217B22;x
14918;162;207;75;R175G237B236;x
14919;120;170;76;R161G96B237;x
14920;115;121;84;R113G144B15;x
14921;240;159;96;R251G236B54;x
14922;63;142;58;R113G157B224;x
14923;238;184;115;R48G40B203;x
14924;82;136;48;R13G72B136;x
14925;180;155;44;R4G121B79;x
14926;154;205;111;R137G97B161;x
14927;180;160;112;R205G141B20;x
14928;156;159;159;R27G228B243;x
14929;197;199;112;R41G180B221;x
14930;181;179;69;R173G199B106;x
14931;223;163;82;R99G30B146;x
14932;162;170;80;R213G15B166;x
14933;192;145;77;R184G119B184;x
14934;85;154;112;R242G108B93;x
14935;141;112;123;R132G172B170;x
14936;61;96;67;R158G152B72;x
14937;211;127;58;R234G83B208;x
14938;235;180;78;R14G235B36;x
14939;188;192;79;R101G193B120;x
14940;170;176;87;R222G106B35;x
14941;158;188;112;R242G216B155;x
14942;185;129;85;R93G152B203;x
14943;140;136;110;R122G157B138;x
14944;103;142;200;R152G34B84;x
14945;73;144;106;R242G214B83;x
14946;184;142;136;R136G84B2;x
14947;136;130;82;R222G93B237;x
14948;194;167;140;R46G77B96;x
14949;161;171;65;R247G246B240;x
14950;176;147;142;R189G197B78;x
14951;125;118;156;R48G154B163;x
14952;194;181;157;R131G128B179;x
14953;156;124;138;R7G247B187;x
14954;223;159;156;R217G57B206;x
14955;177;191;102;R28G27B244;x
14956;216;162;105;R85G134B255;x
14957;154;133;125;R238G141B120;x
14958;103;133;157;R200G134B142;x
14959;80;134;97;R63G71B65;x
14960;176;127;136;R186G173B106;x
14961;202;145;103;R17G233B247;x
14962;183;147;56;R195G4B255;x
14963;213;222;109;R82G79B171;x
14964;189;87;114;R76G78B176;x
14965;208;211;162;R53G114B250;x
14966;175;123;123;R161G92B192;x
14967;56;115;121;R29G194B240;x
14968;185;173;88;R235G136B174;x
14969;60;173;111;R131G10B90;x
14970;194;183;96;R143G102B117;x
14971;156;160;166;R252G38B161;x
14972;189;191;65;R176G132B224;x
14973;199;179;67;R55G206B197;x
14974;224;157;113;R180G59B81;x
14975;225;154;119;R29G145B32;x
14976;197;189;71;R254G14B166;x
14977;136;149;113;R66G249B218;x
14978;189;133;84;R161G82B172;x
14979;90;117;66;R170G175B80;x
14980;121;165;77;R198G214B94;x
14981;233;148;140;R44G252B78;x
14982;233;207;98;R224G36B84;x
14983;75;110;92;R175G230B22;x
14984;97;163;167;R185G105B116;x
14985;200;167;75;R242G151B165;x
14986;174;155;112;R185G107B174;x
14987;85;119;172;R251G132B161;x
14988;188;177;115;R229G140B25;x
14989;140;202;97;R60G65B205;x
14990;86;140;74;R198G111B154;x
14991;164;129;139;R220G81B48;x
14992;139;190;142;R253G83B14;x
14993;208;152;148;R226G93B205;x
14994;201;163;74;R195G117B227;x
14995;165;172;116;R111G146B146;x
14996;188;206;128;R121G104B82;x
14997;224;134;87;R223G86B191;x
14998;222;197;76;R61G253B83;x
14999;162;164;133;R171G123B137;x
15000;122;177;158;R6G55B59;x
15001;179;193;125;R38G75B29;x
15002;186;153;70;R151G6B107;x
15003;240;176;70;R69G158B196;x
15004;148;178;116;R252G184B210;x
15005;114;108;181;R218G84B231;x
15006;89;125;71;R3G129B205;x
15007;218;209;86;R155G182B57;x
15008;203;133;87;R3G26B120;x
15009;125;133;175;R55G29B29;x
15010;219;182;114;R21G207B184;x
15011;240;166;88;R22G7B194;x
15012;161;160;124;R179G220B242;x
15013;240;143;96;R245G217B157;x
15014;223;147;66;R13G11B71;x
15015;188;143;73;R227G100B225;x
15016;171;130;161;R230G103B201;x
15017;196;161;91;R127G52B73;x
15018;225;151;43;R194G176B30;x
15019;207;136;100;R219G246B89;x
15020;194;189;89;R157G205B212;x
15021;55;142;81;R210G119B103;x
15022;224;171;82;R116G160B127;x
15023;183;164;122;R122G166B132;x
15024;219;158;75;R41G227B240;x
15025;151;160;161;R85G134B90;x
15026;175;207;73;R132G141B131;x
15027;199;219;103;R96G130B95;x
15028;196;135;151;R65G254B254;x
15029;100;146;99;R82G120B170;x
15030;191;133;71;R156G144B28;x
15031;123;110;171;R69G66B195;x
15032;157;182;141;R182G11B255;x
15033;190;195;99;R53G214B31;x
15034;168;123;153;R68G158B139;x
15035;212;164;171;R47G214B24;x
15036;213;170;103;R169G90B74;x
15037;168;130;131;R176G190B203;x
15038;163;114;79;R0G185B207;x
15039;218;165;107;R41G38B206;x
15040;108;137;96;R201G10B107;x
15041;230;159;51;R87G2B221;x
15042;183;183;129;R199G87B149;x
15043;196;148;117;R45G113B130;x
15044;155;168;144;R88G150B234;x
15045;188;165;74;R37G91B216;x
15046;182;146;99;R251G8B23;x
15047;176;176;84;R240G109B102;x
15048;159;115;43;R125G21B72;x
15049;229;139;64;R123G150B8;x
15050;128;162;155;R246G85B94;x
15051;188;143;157;R195G116B127;x
15052;207;171;135;R74G219B24;x
15053;115;134;68;R162G61B25;x
15054;74;159;99;R121G106B76;x
15055;160;163;104;R114G218B199;x
15056;178;173;116;R14G255B208;x
15057;214;211;83;R185G162B158;x
15058;96;123;65;R14G59B188;x
15059;206;143;116;R58G237B145;x
15060;183;142;153;R205G86B94;x
15061;165;135;139;R204G97B12;x
15062;201;204;84;R16G167B45;x
15063;173;190;97;R177G115B85;x
15064;166;154;116;R103G42B59;x
15065;151;197;149;R119G105B66;x
15066;156;158;76;R221G147B10;x
15067;175;162;160;R38G74B249;x
15068;214;156;99;R134G176B116;x
15069;178;168;145;R169G126B174;x
15070;159;159;145;R102G251B137;x
15071;122;176;73;R237G42B225;x
15072;176;167;172;R67G37B156;x
15073;205;139;91;R194G238B231;x
15074;208;171;80;R155G150B52;x
15075;207;179;87;R209G149B76;x
15076;180;189;103;R203G193B76;x
15077;63;90;103;R74G182B118;x
15078;239;171;88;R12G60B138;x
15079;66;102;66;R197G23B86;x
15080;92;120;99;R37G58B156;x
15081;207;178;152;R69G225B170;x
15082;141;154;116;R254G66B231;x
15083;189;207;115;R36G69B234;x
15084;178;169;105;R243G159B209;x
15085;146;197;160;R107G132B215;x
15086;162;154;97;R76G108B173;x
15087;216;125;126;R28G248B64;x
15088;192;170;132;R106G103B153;x
15089;187;162;138;R253G12B60;x
15090;203;201;83;R121G62B206;x
15091;178;134;118;R104G248B2;x
15092;161;143;135;R12G79B248;x
15093;191;139;104;R145G2B228;x
15094;134;105;145;R246G227B121;x
15095;178;156;132;R115G124B141;x
15096;204;135;107;R254G209B26;x
15097;123;158;82;R156G156B29;x
15098;172;161;135;R87G47B176;x
15099;195;135;85;R101G211B25;x
15100;68;121;145;R38G74B134;x
15101;221;162;95;R32G176B218;x
15102;173;181;149;R32G114B190;x
15103;224;148;129;R151G114B54;x
15104;62;164;103;R217G32B17;x
15105;94;132;113;R227G211B11;x
15106;130;175;124;R112G166B143;x
15107;179;202;178;R129G159B133;x
15108;209;150;147;R24G232B105;x
15109;195;179;132;R128G59B231;x
15110;232;174;55;R143G73B239;x
15111;115;168;102;R209G72B66;x
15112;199;184;113;R164G65B147;x
15113;207;134;127;R81G63B102;x
15114;187;148;49;R130G208B243;x
15115;124;140;200;R5G113B27;x
15116;165;173;89;R65G134B36;x
15117;187;135;90;R203G229B166;x
15118;174;126;141;R93G97B13;x
15119;216;191;139;R191G101B88;x
15120;125;107;141;R38G22B74;x
15121;210;178;106;R116G204B226;x
15122;184;177;97;R54G51B173;x
15123;218;183;125;R81G24B186;x
15124;192;132;97;R70G242B54;x
15125;175;176;132;R71G49B165;x
15126;225;161;95;R150G178B96;x
15127;74;120;78;R17G161B74;x
15128;91;131;201;R164G13B159;x
15129;164;207;57;R238G53B127;x
15130;74;157;60;R132G31B149;x
15131;173;184;140;R247G97B62;x
15132;145;133;132;R226G105B213;x
15133;213;127;169;R143G105B85;x
15134;78;116;149;R181G195B87;x
15135;159;133;137;R55G57B89;x
15136;229;166;109;R6G255B222;x
15137;151;187;141;R105G18B35;x
15138;240;186;129;R216G143B198;x
15139;211;160;162;R183G250B209;x
15140;208;168;83;R254G234B181;x
15141;184;161;77;R164G75B98;x
15142;153;160;150;R252G50B179;x
15143;188;187;142;R235G122B57;x
15144;222;174;40;R82G5B110;x
15145;130;208;89;R142G88B23;x
15146;167;129;63;R167G99B219;x
15147;63;109;76;R222G13B78;x
15148;206;159;113;R86G169B107;x
15149;216;159;115;R0G62B184;x
15150;163;178;149;R221G22B36;x
15151;136;178;139;R93G254B56;x
15152;113;146;74;R3G224B188;x
15153;53;154;55;R53G111B139;x
15154;189;182;126;R36G47B232;x
15155;190;171;133;R24G77B203;x
15156;161;119;152;R197G74B155;x
15157;155;186;159;R169G154B94;x
15158;139;152;135;R54G78B24;x
15159;211;174;75;R48G54B50;x
15160;199;178;70;R59G51B51;x
15161;201;189;108;R206G14B193;x
15162;204;170;51;R55G217B131;x
15163;156;146;132;R3G7B164;x
15164;80;142;65;R113G130B17;x
15165;192;181;108;R95G32B101;x
15166;237;171;50;R172G7B204;x
15167;86;133;111;R243G32B222;x
15168;149;196;98;R172G95B192;x
15169;193;177;83;R175G1B71;x
15170;224;163;73;R80G81B102;x
15171;164;198;99;R29G235B86;x
15172;186;186;122;R155G127B182;x
15173;156;152;107;R90G175B194;x
15174;190;174;145;R214G118B145;x
15175;170;180;117;R230G20B30;x
15176;181;156;115;R16G169B127;x
15177;205;177;125;R94G242B211;x
15178;173;164;95;R196G161B190;x
15179;203;169;131;R161G7B102;x
15180;173;212;85;R82G246B138;x
15181;206;193;114;R56G143B213;x
15182;240;125;94;R214G58B87;x
15183;181;185;106;R129G63B60;x
15184;162;181;90;R77G240B245;x
15185;179;142;90;R24G28B10;x
15186;139;163;93;R45G100B27;x
15187;182;189;122;R148G211B159;x
15188;126;161;154;R103G140B151;x
15189;203;135;74;R77G125B158;x
15190;212;153;94;R229G104B135;x
15191;142;159;146;R124G110B97;x
15192;219;187;111;R96G141B200;x
15193;164;149;66;R154G106B231;x
15194;210;176;98;R87G144B143;x
15195;184;146;54;R58G56B19;x
15196;193;180;123;R151G147B140;x
15197;215;183;103;R131G78B139;x
15198;192;193;82;R210G112B171;x
15199;193;206;120;R128G41B247;x
15200;207;125;117;R234G5B138;x
15201;185;153;86;R26G104B28;x
15202;75;118;108;R157G52B199;x
15203;159;127;175;R140G172B127;x
15204;58;141;65;R138G232B151;x
15205;195;147;84;R181G215B234;x
15206;94;122;81;R113G10B162;x
15207;206;123;77;R130G178B170;x
15208;210;205;61;R199G201B1;x
15209;185;205;126;R6G171B117;x
15210;205;192;135;R44G14B226;x
15211;218;156;121;R165G53B92;x
15212;184;174;94;R138G209B133;x
15213;78;133;87;R6G180B111;x
15214;132;122;104;R102G81B110;x
15215;181;198;185;R109G191B9;x
15216;217;170;130;R10G123B155;x
15217;229;202;62;R9G53B167;x
15218;203;183;134;R23G9B87;x
15219;83;125;90;R30G200B48;x
15220;224;198;139;R192G180B128;x
15221;207;161;107;R78G5B87;x
15222;176;173;115;R108G224B206;x
15223;214;161;143;R226G41B85;x
15224;166;159;184;R49G89B18;x
15225;206;160;121;R186G144B250;x
15226;128;180;181;R12G222B21;x
15227;208;151;132;R127G182B214;x
15228;174;147;150;R230G178B14;x
15229;106;148;117;R91G129B235;x
15230;224;211;117;R151G38B209;x
15231;212;185;178;R70G166B133;x
15232;222;191;78;R176G75B109;x
15233;213;161;100;R205G26B95;x
15234;170;195;158;R98G137B115;x
15235;192;125;153;R17G209B253;x
15236;90;126;103;R21G230B116;x
15237;95;158;68;R192G69B29;x
15238;170;163;47;R113G215B226;x
15239;172;181;186;R52G210B209;x
15240;123;151;194;R164G98B116;x
15241;190;139;112;R220G1B6;x
15242;110;115;118;R120G63B116;x
15243;72;120;129;R154G62B68;x
15244;189;137;168;R71G194B230;x
15245;197;142;98;R20G68B208;x
15246;57;142;60;R126G198B116;x
15247;191;176;98;R16G224B26;x
15248;189;159;68;R77G225B52;x
15249;194;205;106;R214G146B110;x
15250;208;171;88;R97G38B196;x
15251;184;180;118;R215G58B85;x
15252;200;174;147;R46G189B99;x
15253;199;142;164;R151G53B125;x
15254;205;158;180;R144G45B246;x
15255;144;176;165;R28G18B141;x
15256;145;160;84;R236G53B51;x
15257;204;189;103;R66G67B165;x
15258;202;147;129;R175G92B111;x
15259;207;131;73;R146G222B96;x
15260;134;160;114;R82G170B157;x
15261;165;184;99;R173G144B180;x
15262;166;177;183;R253G148B162;x
15263;236;192;71;R206G148B130;x
15264;240;184;102;R239G86B66;x
15265;202;154;165;R237G29B166;x
15266;154;154;133;R60G51B203;x
15267;213;205;116;R222G228B52;x
15268;100;164;69;R69G186B165;x
15269;182;163;133;R17G174B44;x
15270;228;155;103;R16G7B60;x
15271;80;130;128;R29G232B241;x
15272;195;171;127;R5G81B113;x
15273;54;107;87;R101G1B241;x
15274;184;161;146;R163G253B64;x
15275;172;161;34;R89G47B186;x
15276;110;124;90;R215G87B67;x
15277;66;142;57;R107G145B45;x
15278;205;143;76;R167G178B168;x
15279;165;165;93;R103G19B34;x
15280;84;110;102;R143G225B248;x
15281;144;192;95;R188G22B37;x
15282;217;189;87;R49G80B145;x
15283;197;146;91;R245G220B100;x
15284;95;120;105;R103G93B187;x
15285;217;166;110;R128G255B133;x
15286;167;170;145;R224G30B5;x
15287;200;153;88;R50G97B225;x
15288;237;135;92;R22G243B28;x
15289;215;157;113;R243G251B254;x
15290;143;212;102;R128G228B57;x
15291;228;208;160;R53G22B64;x
15292;232;167;109;R164G174B104;x
15293;204;214;106;R166G205B31;x
15294;219;210;107;R128G73B65;x
15295;175;162;106;R72G26B122;x
15296;96;111;100;R79G51B53;x
15297;169;168;172;R16G246B140;x
15298;156;115;86;R70G227B175;x
15299;209;126;57;R197G156B123;x
15300;175;134;49;R156G173B20;x
15301;158;180;75;R112G173B225;x
15302;162;224;95;R16G133B7;x
15303;222;184;84;R103G135B222;x
15304;165;137;155;R253G237B232;x
15305;165;153;143;R197G60B197;x
15306;169;169;167;R81G165B94;x
15307;143;172;132;R133G237B42;x
15308;143;131;174;R232G204B1;x
15309;102;90;147;R148G75B245;x
15310;186;170;129;R255G18B190;x
15311;194;153;101;R245G123B182;x
15312;136;165;169;R78G163B249;x
15313;210;196;95;R223G79B117;x
15314;168;165;117;R214G232B140;x
15315;127;140;156;R200G63B208;x
15316;147;179;146;R156G30B77;x
15317;97;143;169;R149G169B184;x
15318;163;169;129;R50G124B81;x
15319;186;182;90;R189G115B154;x
15320;216;128;111;R94G226B226;x
15321;164;182;124;R30G154B52;x
15322;186;135;108;R185G68B183;x
15323;203;167;85;R176G240B60;x
15324;222;192;125;R2G226B148;x
15325;197;201;122;R176G178B47;x
15326;195;190;174;R178G21B77;x
15327;150;182;115;R86G12B216;x
15328;219;163;125;R201G108B150;x
15329;130;115;83;R41G94B173;x
15330;178;115;79;R154G83B76;x
15331;161;117;136;R10G139B136;x
15332;169;136;167;R71G129B50;x
15333;202;198;126;R230G206B230;x
15334;187;215;114;R81G25B138;x
15335;227;139;87;R34G131B222;x
15336;140;153;151;R0G172B32;x
15337;152;192;138;R176G128B99;x
15338;108;140;79;R252G41B203;x
15339;197;217;87;R149G13B242;x
15340;173;135;126;R195G151B180;x
15341;204;162;80;R123G121B4;x
15342;108;129;94;R207G247B140;x
15343;234;153;80;R69G169B232;x
15344;177;158;90;R62G220B33;x
15345;240;180;75;R13G227B20;x
15346;174;128;107;R30G14B34;x
15347;232;146;121;R229G57B77;x
15348;185;202;88;R68G243B227;x
15349;222;149;106;R84G39B128;x
15350;183;154;76;R179G104B77;x
15351;188;153;105;R110G114B64;x
15352;166;194;179;R32G78B148;x
15353;150;177;152;R151G74B211;x
15354;216;173;165;R190G206B104;x
15355;181;200;103;R57G9B25;x
15356;134;140;163;R75G172B63;x
15357;164;161;80;R42G106B78;x
15358;215;158;46;R69G112B133;x
15359;146;157;153;R157G191B246;x
15360;216;149;141;R229G219B251;x
15361;204;195;133;R141G187B55;x
15362;184;152;120;R24G224B161;x
15363;185;153;69;R226G209B13;x
15364;79;120;82;R132G4B79;x
15365;187;176;101;R176G217B178;x
15366;116;171;168;R169G129B55;x
15367;195;161;130;R243G82B151;x
15368;205;154;97;R48G115B118;x
15369;193;171;85;R11G60B235;x
15370;182;145;133;R94G49B188;x
15371;196;221;101;R73G36B124;x
15372;108;142;87;R50G136B244;x
15373;161;170;116;R76G252B223;x
15374;181;161;175;R225G228B143;x
15375;215;152;55;R102G40B129;x
15376;210;158;122;R34G220B40;x
15377;205;174;77;R252G75B191;x
15378;199;141;99;R25G130B224;x
15379;195;182;66;R158G16B240;x
15380;191;135;105;R70G25B104;x
15381;138;113;135;R58G197B133;x
15382;157;182;68;R160G152B174;x
15383;189;184;77;R31G151B185;x
15384;180;166;179;R252G177B65;x
15385;150;121;129;R82G59B86;x
15386;181;168;152;R194G149B128;x
15387;159;189;77;R56G31B121;x
15388;66;166;86;R127G73B82;x
15389;235;150;104;R32G40B149;x
15390;194;129;161;R84G104B32;x
15391;196;175;95;R235G192B171;x
15392;224;142;39;R226G55B114;x
15393;195;195;73;R12G147B170;x
15394;209;165;104;R58G12B35;x
15395;112;154;161;R61G212B61;x
15396;124;174;126;R215G36B132;x
15397;114;146;75;R44G76B43;x
15398;109;106;196;R92G160B153;x
15399;208;160;74;R209G118B176;x
15400;185;176;110;R61G222B84;x
15401;214;148;71;R147G56B243;x
15402;97;129;107;R210G1B187;x
15403;181;169;115;R117G43B240;x
15404;102;139;178;R176G31B220;x
15405;191;137;71;R37G57B113;x
15406;189;208;120;R229G115B193;x
15407;172;157;80;R234G146B101;x
15408;179;170;82;R26G254B193;x
15409;170;144;154;R150G178B38;x
15410;202;173;98;R197G161B233;x
15411;182;166;145;R194G37B69;x
15412;229;155;89;R220G32B94;x
15413;167;141;58;R227G185B220;x
15414;199;159;97;R208G148B157;x
15415;240;180;131;R151G250B93;x
15416;197;154;98;R77G42B3;x
15417;201;164;90;R96G229B6;x
15418;168;150;184;R82G223B5;x
15419;223;138;88;R160G66B46;x
15420;192;163;132;R29G193B118;x
15421;201;152;81;R131G250B175;x
15422;195;158;144;R244G162B69;x
15423;171;134;159;R42G145B145;x
15424;128;168;127;R122G4B102;x
15425;160;173;64;R160G237B21;x
15426;84;126;87;R134G130B116;x
15427;206;185;100;R254G114B174;x
15428;78;128;69;R57G110B253;x
15429;77;92;72;R255G167B79;x
15430;206;123;129;R3G37B4;x
15431;212;170;89;R27G110B135;x
15432;209;214;94;R182G251B146;x
15433;205;175;96;R239G202B235;x
15434;188;134;108;R173G177B130;x
15435;57;119;108;R122G169B217;x
15436;130;184;150;R130G70B15;x
15437;105;139;111;R131G11B192;x
15438;72;130;63;R154G80B152;x
15439;166;169;125;R221G174B53;x
15440;96;151;58;R4G79B47;x
15441;74;123;103;R105G18B87;x
15442;172;166;121;R32G143B219;x
15443;138;138;164;R34G202B52;x
15444;167;190;105;R150G107B166;x
15445;112;166;78;R9G30B166;x
15446;83;168;85;R224G3B232;x
15447;129;171;159;R125G243B121;x
15448;213;148;54;R40G149B19;x
15449;208;167;88;R16G99B182;x
15450;62;107;98;R45G59B178;x
15451;183;192;86;R73G35B204;x
15452;175;150;86;R56G182B25;x
15453;94;135;39;R225G32B220;x
15454;229;165;81;R149G67B135;x
15455;216;125;55;R85G54B171;x
15456;209;194;131;R160G233B212;x
15457;170;128;124;R33G34B235;x
15458;192;195;99;R110G216B174;x
15459;136;156;138;R30G160B197;x
15460;99;166;59;R143G98B121;x
15461;164;175;92;R251G159B149;x
15462;165;163;173;R46G116B127;x
15463;131;180;67;R23G145B192;x
15464;218;167;90;R155G10B117;x
15465;207;185;63;R176G246B19;x
15466;186;98;53;R98G163B146;x
15467;154;188;146;R228G167B224;x
15468;209;146;151;R15G123B255;x
15469;137;114;156;R241G31B69;x
15470;239;146;126;R180G251B109;x
15471;199;138;95;R34G174B40;x
15472;107;117;124;R16G105B191;x
15473;134;186;96;R105G117B252;x
15474;204;211;84;R104G246B69;x
15475;139;199;79;R135G147B86;x
15476;90;133;97;R117G46B254;x
15477;131;184;85;R139G76B87;x
15478;177;152;130;R162G242B203;x
15479;129;192;153;R120G249B123;x
15480;128;184;133;R212G134B224;x
15481;157;189;125;R90G95B208;x
15482;159;148;185;R194G165B220;x
15483;147;159;168;R15G163B71;x
15484;226;145;88;R28G173B56;x
15485;179;195;110;R237G173B228;x
15486;202;170;50;R25G31B203;x
15487;177;181;110;R166G171B230;x
15488;131;146;99;R149G78B156;x
15489;92;164;127;R87G244B97;x
15490;171;208;80;R138G16B14;x
15491;240;158;83;R148G113B76;x
15492;201;153;117;R221G232B94;x
15493;67;136;111;R162G209B2;x
15494;102;125;119;R190G132B14;x
15495;178;141;163;R188G114B142;x
15496;168;137;163;R142G234B84;x
15497;209;184;88;R25G107B65;x
15498;188;132;73;R239G196B98;x
15499;190;184;83;R176G7B28;x
15500;61;126;88;R71G40B93;x
15501;144;179;117;R225G10B92;x
15502;108;113;78;R144G210B244;x
15503;213;167;92;R149G74B196;x
15504;158;159;173;R158G250B59;x
15505;129;146;102;R115G76B84;x
15506;171;209;132;R123G34B132;x
15507;127;157;123;R73G100B207;x
15508;149;176;96;R59G203B119;x
15509;179;126;105;R12G115B222;x
15510;151;160;143;R69G116B165;x
15511;179;142;140;R8G31B44;x
15512;177;139;169;R27G41B108;x
15513;216;229;94;R220G123B26;x
15514;234;163;43;R30G241B141;x
15515;200;131;93;R109G215B4;x
15516;204;161;108;R204G154B149;x
15517;205;196;84;R197G136B43;x
15518;169;158;119;R240G22B175;x
15519;140;163;113;R213G56B91;x
15520;124;155;175;R48G101B94;x
15521;209;158;70;R2G76B231;x
15522;211;159;85;R199G52B225;x
15523;208;192;101;R171G160B252;x
15524;183;160;179;R40G188B229;x
15525;197;189;51;R76G12B186;x
15526;83;134;65;R243G112B87;x
15527;188;126;132;R24G219B37;x
15528;176;108;150;R208G225B25;x
15529;72;122;60;R47G172B184;x
15530;183;167;70;R175G34B187;x
15531;144;199;144;R26G28B60;x
15532;137;190;93;R135G184B170;x
15533;229;164;98;R254G22B250;x
15534;198;178;82;R128G28B84;x
15535;88;128;99;R85G52B141;x
15536;170;173;92;R151G124B87;x
15537;162;111;149;R228G41B119;x
15538;199;140;119;R203G221B102;x
15539;212;196;114;R87G4B142;x
15540;130;179;150;R141G199B172;x
15541;162;130;117;R96G222B13;x
15542;168;122;92;R64G222B212;x
15543;142;187;137;R13G30B140;x
15544;110;167;80;R37G187B211;x
15545;161;140;64;R82G80B9;x
15546;216;166;92;R15G158B252;x
15547;214;202;141;R247G180B184;x
15548;239;218;121;R113G131B221;x
15549;200;190;98;R41G78B79;x
15550;195;207;97;R118G76B84;x
15551;145;163;167;R245G28B168;x
15552;135;175;44;R104G10B69;x
15553;159;163;88;R123G100B86;x
15554;223;145;54;R40G119B170;x
15555;171;167;84;R166G140B9;x
15556;180;185;85;R49G191B199;x
15557;203;216;101;R238G211B135;x
15558;84;122;87;R3G176B7;x
15559;172;175;68;R116G152B11;x
15560;165;138;87;R152G191B209;x
15561;240;143;61;R6G177B151;x
15562;181;137;72;R254G119B25;x
15563;205;119;160;R155G248B116;x
15564;161;163;116;R123G129B96;x
15565;113;163;89;R170G102B225;x
15566;223;172;89;R107G208B176;x
15567;108;141;100;R25G67B245;x
15568;200;156;163;R140G174B112;x
15569;214;221;147;R63G125B99;x
15570;63;123;110;R175G52B226;x
15571;187;141;159;R69G80B157;x
15572;184;159;144;R11G52B255;x
15573;139;150;112;R109G232B15;x
15574;199;133;153;R197G241B102;x
15575;91;165;96;R195G73B184;x
15576;154;171;164;R111G96B176;x
15577;94;155;66;R195G84B86;x
15578;183;184;119;R103G115B151;x
15579;184;171;110;R171G86B158;x
15580;161;122;135;R69G165B241;x
15581;128;145;76;R18G5B112;x
15582;152;160;73;R195G216B74;x
15583;217;170;68;R191G214B189;x
15584;189;162;125;R227G58B202;x
15585;104;115;162;R215G5B204;x
15586;209;165;126;R176G206B101;x
15587;178;168;152;R236G173B209;x
15588;203;206;102;R228G77B254;x
15589;94;162;71;R162G178B112;x
15590;197;181;111;R160G137B98;x
15591;120;148;89;R83G13B100;x
15592;201;189;94;R173G51B144;x
15593;232;174;84;R186G50B183;x
15594;170;197;82;R224G214B161;x
15595;162;147;105;R207G8B99;x
15596;217;184;123;R3G181B41;x
15597;180;146;129;R225G34B112;x
15598;219;178;140;R148G88B84;x
15599;223;168;114;R114G111B23;x
15600;207;185;86;R29G249B161;x
15601;193;158;124;R23G240B54;x
15602;217;194;183;R205G176B130;x
15603;135;149;148;R85G44B9;x
15604;191;140;125;R53G217B136;x
15605;193;149;118;R75G139B250;x
15606;212;149;61;R10G3B160;x
15607;144;159;140;R251G15B54;x
15608;124;145;112;R17G131B224;x
15609;155;174;152;R148G14B169;x
15610;167;144;133;R144G101B168;x
15611;213;167;120;R84G140B237;x
15612;206;128;95;R69G99B202;x
15613;130;136;105;R51G17B30;x
15614;168;201;83;R20G85B154;x
15615;153;197;128;R103G24B254;x
15616;188;180;83;R252G222B177;x
15617;146;173;63;R44G86B116;x
15618;161;180;180;R244G35B114;x
15619;119;184;179;R21G0B109;x
15620;151;157;151;R84G240B7;x
15621;223;176;85;R247G202B85;x
15622;101;120;103;R252G193B211;x
15623;204;187;107;R199G252B192;x
15624;167;193;174;R13G6B150;x
15625;128;131;135;R93G218B236;x
15626;186;171;51;R93G89B234;x
15627;219;180;88;R42G104B104;x
15628;146;192;117;R56G84B14;x
15629;154;131;121;R5G61B159;x
15630;106;113;95;R137G72B128;x
15631;160;189;99;R160G49B46;x
15632;186;148;81;R96G192B118;x
15633;145;137;113;R204G249B17;x
15634;73;103;82;R46G254B79;x
15635;213;150;110;R0G138B157;x
15636;113;163;143;R49G215B55;x
15637;234;142;139;R26G82B163;x
15638;209;129;87;R8G161B58;x
15639;167;157;116;R179G191B91;x
15640;179;169;105;R8G239B122;x
15641;217;184;78;R111G226B199;x
15642;198;118;98;R13G172B172;x
15643;169;175;105;R246G102B198;x
15644;84;172;77;R243G232B232;x
15645;179;190;126;R212G229B112;x
15646;170;177;130;R164G247B87;x
15647;164;194;91;R95G199B185;x
15648;160;193;107;R168G234B3;x
15649;214;158;109;R222G223B246;x
15650;134;124;129;R75G170B3;x
15651;189;123;123;R183G238B233;x
15652;189;171;99;R161G192B177;x
15653;160;153;136;R7G123B10;x
15654;186;195;155;R197G47B83;x
15655;216;165;110;R245G159B191;x
15656;190;134;68;R24G128B67;x
15657;159;209;137;R79G89B102;x
15658;159;187;79;R238G180B152;x
15659;202;166;82;R166G33B235;x
15660;131;182;145;R145G200B20;x
15661;192;145;168;R5G142B148;x
15662;184;157;140;R225G36B236;x
15663;144;133;141;R142G56B25;x
15664;120;176;119;R84G107B89;x
15665;211;175;80;R49G218B18;x
15666;214;127;95;R201G129B250;x
15667;197;174;130;R162G18B0;x
15668;181;184;99;R233G65B104;x
15669;101;137;70;R214G149B6;x
15670;197;152;89;R54G71B158;x
15671;82;107;79;R67G95B81;x
15672;197;183;76;R230G151B250;x
15673;129;175;122;R174G211B248;x
15674;201;178;68;R225G48B227;x
15675;128;196;106;R43G55B250;x
15676;188;182;89;R101G129B254;x
15677;135;145;52;R252G122B216;x
15678;101;134;94;R248G227B138;x
15679;75;157;82;R146G216B22;x
15680;221;184;67;R129G88B237;x
15681;204;158;81;R92G213B189;x
15682;189;160;118;R240G27B47;x
15683;190;199;178;R233G174B200;x
15684;164;149;93;R183G183B208;x
15685;173;161;70;R12G102B133;x
15686;186;166;128;R5G212B106;x
15687;201;155;70;R124G20B38;x
15688;135;185;121;R190G213B79;x
15689;169;195;93;R84G135B158;x
15690;205;188;111;R65G243B154;x
15691;185;168;97;R144G141B162;x
15692;169;133;174;R21G202B238;x
15693;113;166;98;R14G125B181;x
15694;37;139;115;R39G114B172;x
15695;176;183;159;R237G64B109;x
15696;174;122;178;R136G48B50;x
15697;223;172;96;R130G53B31;x
15698;213;152;83;R165G87B103;x
15699;184;186;138;R71G109B194;x
15700;215;180;95;R1G211B119;x
15701;238;177;115;R86G18B114;x
15702;185;168;70;R213G169B69;x
15703;205;202;80;R41G252B74;x
15704;105;117;100;R174G10B220;x
15705;157;190;97;R130G176B144;x
15706;191;169;102;R251G118B159;x
15707;195;144;128;R155G202B96;x
15708;210;185;123;R157G73B147;x
15709;148;175;142;R0G212B17;x
15710;192;141;132;R56G138B97;x
15711;230;174;62;R35G71B254;x
15712;216;231;120;R32G37B179;x
15713;208;166;121;R203G28B95;x
15714;174;145;129;R119G54B208;x
15715;189;178;93;R166G213B208;x
15716;159;152;92;R42G87B34;x
15717;144;148;174;R91G75B161;x
15718;205;165;75;R195G48B186;x
15719;195;221;116;R107G75B22;x
15720;178;113;149;R126G144B170;x
15721;188;161;75;R100G214B202;x
15722;202;170;117;R91G16B77;x
15723;185;167;92;R110G51B65;x
15724;113;157;80;R37G168B183;x
15725;217;153;74;R2G81B12;x
15726;202;207;129;R125G199B198;x
15727;174;172;113;R172G190B226;x
15728;74;142;95;R246G241B75;x
15729;112;150;206;R211G39B179;x
15730;85;140;57;R17G138B82;x
15731;194;192;114;R92G101B17;x
15732;114;129;100;R62G36B160;x
15733;109;132;132;R116G106B164;x
15734;212;172;76;R169G196B63;x
15735;186;212;87;R60G83B222;x
15736;191;165;153;R82G207B168;x
15737;93;127;96;R179G129B2;x
15738;180;177;118;R7G214B192;x
15739;192;162;106;R117G42B191;x
15740;139;173;117;R23G53B84;x
15741;216;186;102;R71G45B130;x
15742;159;153;76;R6G128B11;x
15743;100;126;92;R76G253B131;x
15744;196;190;119;R76G105B177;x
15745;173;155;61;R125G125B106;x
15746;202;145;81;R60G200B139;x
15747;178;184;54;R83G120B91;x
15748;118;129;189;R124G190B217;x
15749;183;176;172;R241G81B233;x
15750;162;169;121;R46G169B201;x
15751;61;95;108;R151G46B255;x
15752;204;182;152;R248G144B116;x
15753;183;143;123;R175G10B211;x
15754;69;158;111;R238G14B123;x
15755;188;160;81;R104G25B158;x
15756;186;164;127;R118G225B30;x
15757;192;158;137;R220G248B151;x
15758;185;139;163;R53G231B21;x
15759;157;181;136;R27G25B84;x
15760;107;149;93;R228G175B190;x
15761;215;147;94;R129G138B31;x
15762;187;143;172;R145G197B222;x
15763;55;148;82;R236G242B152;x
15764;186;175;110;R218G205B138;x
15765;120;140;152;R25G145B115;x
15766;170;102;129;R163G134B153;x
15767;174;159;95;R231G201B85;x
15768;202;202;91;R204G235B140;x
15769;216;143;54;R22G13B154;x
15770;200;195;129;R131G25B157;x
15771;240;222;122;R2G95B162;x
15772;173;113;144;R253G149B227;x
15773;159;142;147;R217G25B170;x
15774;95;167;186;R83G179B37;x
15775;202;144;74;R197G113B140;x
15776;175;168;122;R126G6B79;x
15777;169;102;131;R8G240B48;x
15778;74;133;117;R20G50B62;x
15779;156;171;82;R22G74B98;x
15780;165;188;124;R234G144B19;x
15781;164;119;124;R9G254B130;x
15782;184;178;78;R216G8B143;x
15783;228;146;97;R191G19B81;x
15784;159;184;170;R243G145B189;x
15785;169;151;165;R175G162B247;x
15786;82;123;142;R147G79B1;x
15787;190;148;85;R19G0B200;x
15788;137;173;153;R213G148B185;x
15789;161;115;149;R109G132B52;x
15790;210;178;51;R29G200B119;x
15791;122;135;175;R217G86B211;x
15792;195;220;107;R135G201B73;x
15793;137;173;133;R242G43B1;x
15794;180;165;78;R111G105B128;x
15795;233;172;104;R28G3B136;x
15796;129;168;138;R175G171B31;x
15797;140;185;151;R88G96B17;x
15798;148;190;125;R74G94B214;x
15799;150;205;111;R120G93B232;x
15800;176;145;142;R216G153B110;x
15801;225;206;96;R105G14B56;x
15802;177;172;158;R35G175B16;x
15803;79;122;72;R103G40B161;x
15804;90;168;82;R75G202B14;x
15805;236;198;103;R37G233B67;x
15806;173;130;153;R185G44B58;x
15807;79;118;80;R128G65B119;x
15808;160;175;139;R161G55B29;x
15809;144;173;134;R187G189B125;x
15810;161;152;136;R149G79B218;x
15811;204;157;68;R198G132B46;x
15812;195;186;78;R183G34B16;x
15813;190;188;96;R233G44B153;x
15814;153;174;162;R151G161B17;x
15815;178;171;104;R101G25B86;x
15816;132;182;152;R0G91B251;x
15817;86;149;111;R68G190B72;x
15818;177;174;127;R231G97B113;x
15819;171;175;116;R71G9B77;x
15820;226;188;128;R100G168B248;x
15821;213;142;105;R244G179B175;x
15822;188;148;45;R246G55B107;x
15823;125;167;111;R37G235B230;x
15824;179;179;79;R6G239B154;x
15825;138;131;134;R25G222B158;x
15826;218;160;130;R47G48B201;x
15827;164;210;151;R130G115B156;x
15828;182;180;153;R93G160B134;x
15829;189;169;118;R34G24B230;x
15830;146;165;95;R34G232B45;x
15831;169;163;134;R186G167B211;x
15832;126;182;86;R84G207B116;x
15833;205;185;135;R224G101B199;x
15834;220;176;37;R204G172B65;x
15835;91;123;61;R231G104B71;x
15836;166;167;129;R140G90B20;x
15837;158;138;126;R8G24B186;x
15838;101;118;93;R149G36B200;x
15839;171;114;116;R134G80B197;x
15840;213;158;147;R162G54B0;x
15841;215;145;55;R22G127B104;x
15842;163;163;77;R68G37B255;x
15843;225;135;56;R2G228B61;x
15844;233;163;73;R216G82B52;x
15845;102;114;77;R196G29B207;x
15846;136;174;152;R45G193B7;x
15847;214;155;46;R100G26B60;x
15848;134;190;131;R2G43B233;x
15849;208;161;123;R7G73B83;x
15850;200;160;78;R106G56B34;x
15851;183;203;77;R234G115B116;x
15852;156;169;134;R70G112B229;x
15853;123;161;95;R152G65B247;x
15854;228;197;100;R152G39B0;x
15855;174;202;93;R134G96B207;x
15856;150;191;78;R9G2B223;x
15857;160;172;144;R177G115B98;x
15858;227;143;78;R1G42B23;x
15859;221;209;163;R251G29B60;x
15860;184;163;85;R223G151B228;x
15861;211;118;113;R191G49B152;x
15862;178;141;86;R196G194B94;x
15863;167;211;84;R61G182B159;x
15864;139;164;121;R40G246B115;x
15865;66;150;79;R15G19B128;x
15866;170;206;87;R147G113B63;x
15867;203;127;119;R162G10B170;x
15868;167;149;150;R64G232B49;x
15869;183;178;117;R72G43B81;x
15870;190;170;86;R247G37B25;x
15871;160;154;110;R118G182B75;x
15872;181;189;115;R155G100B36;x
15873;103;163;133;R163G55B155;x
15874;159;160;173;R63G241B9;x
15875;172;155;103;R100G165B248;x
15876;63;142;67;R239G231B175;x
15877;188;181;122;R189G85B58;x
15878;142;215;78;R224G166B131;x
15879;210;191;81;R188G127B40;x
15880;187;159;126;R245G217B240;x
15881;94;131;93;R151G11B203;x
15882;81;146;59;R185G40B250;x
15883;203;154;91;R85G230B120;x
15884;194;190;101;R25G197B60;x
15885;203;161;110;R193G226B33;x
15886;188;174;114;R186G8B169;x
15887;75;173;99;R199G127B14;x
15888;175;169;63;R16G215B94;x
15889;184;194;96;R96G212B229;x
15890;142;183;99;R46G202B255;x
15891;168;210;80;R134G163B3;x
15892;109;100;78;R14G95B50;x
15893;185;189;97;R163G141B14;x
15894;96;180;167;R67G16B213;x
15895;182;176;101;R103G3B86;x
15896;173;136;114;R159G213B142;x
15897;118;137;87;R179G213B240;x
15898;204;163;72;R65G125B87;x
15899;115;154;106;R48G208B190;x
15900;172;149;94;R245G205B30;x
15901;160;205;120;R23G231B245;x
15902;69;148;73;R230G5B83;x
15903;106;142;72;R215G176B86;x
15904;164;173;115;R178G160B198;x
15905;191;204;184;R150G202B169;x
15906;182;160;133;R72G211B71;x
15907;199;180;146;R167G36B210;x
15908;162;126;74;R201G172B39;x
15909;239;192;123;R173G238B2;x
15910;172;160;160;R92G204B150;x
15911;215;125;91;R25G195B170;x
15912;164;157;176;R131G161B240;x
15913;168;192;105;R2G65B198;x
15914;130;171;105;R222G251B148;x
15915;165;196;146;R60G26B192;x
15916;125;167;98;R149G219B72;x
15917;161;121;136;R233G91B130;x
15918;109;155;81;R26G48B255;x
15919;206;201;123;R6G41B223;x
15920;80;125;89;R45G209B92;x
15921;204;189;88;R53G30B73;x
15922;195;168;93;R165G11B126;x
15923;212;155;157;R107G244B234;x
15924;217;180;99;R254G56B225;x
15925;239;212;131;R99G75B41;x
15926;166;113;99;R221G128B39;x
15927;198;195;79;R219G3B72;x
15928;88;137;97;R143G189B169;x
15929;119;147;110;R238G231B120;x
15930;163;158;157;R209G71B142;x
15931;172;147;134;R4G233B17;x
15932;212;166;104;R27G202B161;x
15933;187;173;72;R42G73B91;x
15934;119;174;112;R27G222B118;x
15935;144;142;168;R29G60B42;x
15936;191;168;166;R88G245B213;x
15937;202;189;171;R210G59B142;x
15938;189;184;150;R183G149B242;x
15939;159;180;160;R154G245B230;x
15940;215;226;123;R134G55B179;x
15941;175;213;102;R187G75B151;x
15942;210;161;134;R216G240B172;x
15943;183;187;132;R237G146B213;x
15944;157;197;118;R209G20B54;x
15945;168;152;150;R195G127B169;x
15946;172;92;95;R124G223B241;x
15947;231;155;95;R13G110B140;x
15948;153;164;50;R251G255B211;x
15949;168;170;144;R3G124B185;x
15950;128;189;123;R224G177B238;x
15951;179;158;84;R29G131B55;x
15952;156;165;126;R253G214B252;x
15953;191;182;106;R120G206B58;x
15954;224;175;94;R155G189B194;x
15955;152;180;132;R104G143B172;x
15956;211;148;73;R157G218B29;x
15957;145;190;140;R46G217B214;x
15958;107;184;142;R174G5B172;x
15959;89;165;108;R168G160B206;x
15960;184;172;111;R128G142B159;x
15961;178;144;153;R224G154B13;x
15962;170;138;174;R35G224B195;x
15963;192;183;123;R241G175B84;x
15964;184;147;107;R24G68B57;x
15965;193;186;89;R208G14B185;x
15966;136;186;132;R169G125B26;x
15967;148;114;170;R143G32B233;x
15968;187;133;111;R213G103B119;x
15969;215;143;51;R145G214B150;x
15970;198;192;129;R124G86B202;x
15971;137;120;168;R188G131B58;x
15972;213;172;43;R128G248B155;x
15973;152;191;72;R128G31B214;x
15974;123;156;50;R190G25B87;x
15975;205;172;95;R130G117B255;x
15976;130;149;128;R34G36B49;x
15977;116;133;89;R85G34B173;x
15978;166;130;75;R66G112B250;x
15979;193;208;108;R41G73B185;x
15980;156;173;143;R192G188B33;x
15981;201;143;96;R151G60B126;x
15982;216;191;126;R152G153B248;x
15983;169;154;74;R36G142B65;x
15984;109;120;64;R161G82B43;x
15985;189;178;134;R108G175B41;x
15986;112;140;99;R188G58B45;x
15987;163;197;81;R61G115B220;x
15988;90;140;73;R15G226B190;x
15989;170;156;135;R153G108B85;x
15990;226;178;88;R94G190B174;x
15991;210;146;70;R106G61B70;x
15992;165;199;102;R58G122B3;x
15993;211;145;117;R240G135B91;x
15994;194;162;110;R17G155B77;x
15995;213;144;97;R140G115B86;x
15996;217;174;106;R112G116B24;x
15997;99;147;101;R18G53B185;x
15998;222;145;59;R239G183B190;x
15999;196;115;133;R225G214B229;x
16000;199;162;118;R102G246B212;x
16001;153;179;143;R82G55B148;x
16002;195;174;169;R152G179B229;x
16003;155;176;127;R49G111B81;x
16004;207;206;63;R60G183B139;x
16005;199;187;131;R179G132B91;x
16006;166;172;118;R133G124B122;x
16007;133;176;63;R93G53B92;x
16008;175;176;97;R158G225B35;x
16009;225;145;61;R52G168B122;x
16010;96;183;82;R167G83B235;x
16011;187;118;107;R47G209B191;x
16012;185;147;148;R125G74B12;x
16013;74;134;86;R151G138B88;x
16014;199;168;81;R191G113B37;x
16015;126;151;106;R72G178B151;x
16016;133;187;138;R176G165B247;x
16017;207;146;111;R250G47B195;x
16018;188;159;134;R67G249B78;x
16019;210;185;117;R24G228B138;x
16020;132;189;118;R247G70B136;x
16021;235;147;124;R195G225B229;x
16022;188;129;106;R254G126B140;x
16023;167;162;137;R166G109B194;x
16024;196;197;122;R227G129B43;x
16025;189;138;136;R28G118B194;x
16026;185;177;87;R74G200B112;x
16027;196;142;99;R218G220B240;x
16028;193;172;80;R121G27B154;x
16029;218;118;92;R25G192B128;x
16030;194;131;68;R81G139B102;x
16031;195;172;158;R193G207B243;x
16032;141;150;157;R175G223B60;x
16033;183;179;177;R186G124B82;x
16034;211;131;84;R139G99B96;x
16035;172;208;120;R204G197B43;x
16036;200;161;110;R149G252B58;x
16037;158;141;176;R153G34B184;x
16038;171;159;130;R148G200B12;x
16039;70;167;115;R59G136B74;x
16040;153;173;83;R63G106B209;x
16041;151;173;155;R147G38B25;x
16042;160;149;158;R115G158B28;x
16043;158;186;89;R192G252B249;x
16044;151;154;92;R57G76B169;x
16045;228;167;108;R163G70B152;x
16046;178;155;91;R195G185B162;x
16047;190;171;92;R131G84B26;x
16048;207;155;99;R126G243B198;x
16049;166;135;139;R148G203B156;x
16050;161;205;161;R140G69B249;x
16051;147;159;102;R233G111B0;x
16052;151;145;156;R146G199B98;x
16053;162;140;64;R121G164B87;x
16054;182;164;142;R10G91B180;x
16055;200;125;65;R39G58B38;x
16056;149;135;137;R4G29B143;x
16057;167;150;112;R180G65B141;x
16058;166;165;83;R211G31B221;x
16059;164;159;140;R72G71B119;x
16060;184;190;122;R252G251B218;x
16061;184;163;63;R205G254B68;x
16062;159;152;132;R28G192B75;x
16063;228;179;129;R161G241B5;x
16064;205;152;85;R109G129B120;x
16065;169;157;151;R157G138B255;x
16066;220;149;133;R84G29B177;x
16067;181;140;143;R182G225B79;x
16068;182;163;121;R10G120B129;x
16069;177;168;105;R205G32B95;x
16070;189;169;105;R54G107B115;x
16071;193;171;113;R65G222B225;x
16072;183;171;180;R235G224B193;x
16073;180;200;63;R1G63B143;x
16074;202;131;59;R190G240B177;x
16075;139;171;107;R79G94B212;x
16076;101;148;51;R33G71B50;x
16077;209;145;102;R24G73B160;x
16078;224;136;69;R54G106B234;x
16079;161;160;135;R2G136B148;x
16080;199;152;131;R173G92B47;x
16081;177;171;123;R68G138B113;x
16082;187;177;130;R154G95B217;x
16083;128;140;135;R113G37B214;x
16084;96;114;54;R183G170B20;x
16085;134;202;76;R178G70B250;x
16086;87;123;72;R192G107B226;x
16087;209;132;74;R186G178B103;x
16088;207;170;107;R153G89B188;x
16089;217;197;93;R212G32B117;x
16090;184;177;113;R89G105B147;x
16091;158;199;111;R226G87B78;x
16092;155;160;129;R211G59B225;x
16093;183;181;111;R195G215B19;x
16094;165;156;121;R138G198B56;x
16095;196;189;65;R217G72B134;x
16096;132;151;191;R24G145B139;x
16097;158;111;96;R173G248B244;x
16098;197;173;79;R159G165B182;x
16099;222;148;79;R10G233B155;x
16100;144;152;160;R101G150B167;x
16101;190;138;132;R242G65B127;x
16102;139;135;165;R4G219B182;x
16103;240;189;146;R96G137B201;x
16104;211;152;123;R76G141B228;x
16105;203;167;107;R164G18B145;x
16106;140;150;154;R136G165B215;x
16107;166;127;143;R249G31B138;x
16108;190;204;69;R215G107B57;x
16109;195;165;90;R240G32B74;x
16110;159;147;84;R88G17B50;x
16111;123;140;79;R207G107B165;x
16112;70;116;76;R249G48B204;x
16113;178;149;117;R187G7B35;x
16114;189;178;65;R216G18B110;x
16115;200;133;78;R126G141B56;x
16116;234;192;120;R37G102B50;x
16117;113;100;139;R195G114B132;x
16118;218;178;135;R193G24B50;x
16119;113;162;157;R81G18B87;x
16120;196;123;81;R30G95B200;x
16121;166;201;103;R106G173B132;x
16122;159;152;156;R199G9B111;x
16123;214;198;79;R221G168B43;x
16124;145;166;85;R62G97B236;x
16125;196;165;178;R85G219B97;x
16126;199;188;131;R63G219B11;x
16127;217;211;96;R183G71B122;x
16128;190;147;167;R25G29B86;x
16129;204;125;129;R222G11B172;x
16130;84;139;49;R132G38B255;x
16131;167;183;91;R196G116B24;x
16132;197;173;180;R178G13B84;x
16133;80;161;79;R121G81B218;x
16134;58;111;78;R232G249B175;x
16135;150;159;157;R185G102B23;x
16136;177;139;87;R69G250B134;x
16137;137;169;165;R113G158B169;x
16138;166;204;73;R140G144B97;x
16139;185;174;126;R231G34B151;x
16140;113;130;141;R192G140B229;x
16141;187;131;92;R176G139B134;x
16142;223;177;96;R60G77B43;x
16143;219;151;78;R202G2B209;x
16144;86;127;178;R46G189B241;x
16145;175;157;136;R219G53B212;x
16146;198;127;134;R143G37B147;x
16147;168;205;106;R9G134B158;x
16148;102;136;98;R93G85B114;x
16149;83;134;70;R90G102B73;x
16150;213;188;146;R239G48B142;x
16151;212;147;39;R213G243B40;x
16152;175;152;123;R242G229B50;x
16153;196;161;107;R4G147B72;x
16154;206;210;102;R240G28B51;x
16155;68;158;85;R125G20B162;x
16156;100;153;159;R98G215B17;x
16157;180;200;90;R241G8B118;x
16158;179;202;102;R161G113B165;x
16159;195;203;81;R108G78B237;x
16160;149;174;146;R16G178B221;x
16161;183;150;130;R244G213B164;x
16162;80;126;51;R176G139B88;x
16163;169;192;58;R32G77B164;x
16164;171;212;86;R184G250B206;x
16165;205;172;78;R32G216B55;x
16166;189;110;75;R183G228B128;x
16167;224;210;145;R29G252B234;x
16168;205;157;102;R111G114B166;x
16169;168;189;58;R22G112B53;x
16170;183;158;74;R209G161B226;x
16171;102;160;88;R237G141B114;x
16172;164;162;87;R109G164B225;x
16173;172;130;107;R135G67B139;x
16174;208;167;98;R225G210B235;x
16175;179;160;173;R180G60B192;x
16176;93;133;166;R155G103B4;x
16177;132;166;71;R76G138B106;x
16178;83;158;90;R199G111B73;x
16179;173;148;123;R94G163B67;x
16180;169;201;60;R27G47B197;x
16181;231;157;96;R7G11B245;x
16182;176;169;86;R194G200B9;x
16183;240;191;112;R88G108B99;x
16184;106;182;148;R64G96B118;x
16185;218;186;88;R69G78B99;x
16186;200;179;150;R53G148B73;x
16187;93;149;115;R82G196B126;x
16188;197;132;77;R60G173B16;x
16189;200;162;118;R98G237B227;x
16190;153;191;133;R234G70B25;x
16191;224;151;74;R4G59B152;x
16192;236;143;99;R27G49B110;x
16193;174;156;65;R178G138B156;x
16194;211;166;88;R159G59B96;x
16195;191;119;100;R52G111B122;x
16196;90;154;90;R132G61B235;x
16197;209;171;84;R49G70B91;x
16198;173;180;103;R206G149B84;x
16199;173;226;85;R102G23B3;x
16200;141;139;154;R104G144B2;x
16201;171;167;141;R22G234B248;x
16202;200;180;165;R216G123B141;x
16203;220;142;109;R237G105B236;x
16204;105;166;114;R146G175B2;x
16205;232;155;72;R107G134B141;x
16206;191;150;102;R131G57B222;x
16207;167;163;91;R211G23B184;x
16208;75;110;115;R79G22B248;x
16209;212;163;115;R212G138B55;x
16210;140;152;133;R97G127B102;x
16211;166;214;79;R29G163B156;x
16212;211;156;125;R67G209B77;x
16213;98;120;128;R155G114B31;x
16214;202;175;143;R31G40B66;x
16215;206;132;103;R61G90B101;x
16216;165;154;111;R137G150B94;x
16217;106;138;62;R39G89B205;x
16218;207;150;82;R232G100B251;x
16219;164;178;147;R203G105B91;x
16220;166;188;154;R24G107B7;x
16221;230;146;56;R37G162B131;x
16222;192;149;94;R0G19B206;x
16223;133;152;123;R138G103B74;x
16224;193;189;109;R152G76B84;x
16225;208;187;91;R253G120B83;x
16226;191;198;103;R26G82B140;x
16227;184;165;101;R166G161B32;x
16228;178;145;68;R14G251B59;x
16229;169;169;96;R235G122B123;x
16230;160;176;175;R86G5B122;x
16231;203;157;131;R90G144B146;x
16232;173;177;127;R174G30B153;x
16233;71;124;71;R57G133B70;x
16234;159;190;102;R213G197B195;x
16235;99;165;113;R3G234B23;x
16236;223;184;82;R216G225B82;x
16237;179;196;126;R69G28B187;x
16238;183;176;158;R136G42B44;x
16239;154;154;153;R213G15B251;x
16240;228;151;143;R26G119B40;x
16241;129;126;127;R66G48B178;x
16242;177;179;116;R199G57B114;x
16243;213;148;135;R96G31B65;x
16244;84;166;127;R235G217B234;x
16245;162;157;123;R177G31B242;x
16246;204;183;132;R158G123B16;x
16247;191;186;90;R12G221B49;x
16248;113;108;159;R1G238B88;x
16249;161;124;156;R93G84B254;x
16250;234;148;93;R239G167B27;x
16251;176;186;89;R51G69B180;x
16252;208;219;78;R188G137B91;x
16253;190;159;174;R189G197B116;x
16254;203;131;85;R100G154B1;x
16255;236;175;82;R97G56B81;x
16256;179;164;156;R16G77B146;x
16257;235;222;141;R30G90B36;x
16258;220;189;99;R135G180B48;x
16259;209;170;132;R4G163B53;x
16260;170;171;138;R114G99B35;x
16261;78;151;89;R122G119B204;x
16262;110;158;68;R53G240B106;x
16263;174;109;176;R112G236B158;x
16264;195;143;143;R117G179B218;x
16265;192;185;138;R174G181B112;x
16266;173;165;102;R159G108B243;x
16267;229;166;84;R128G242B103;x
16268;221;182;102;R67G165B172;x
16269;218;146;101;R195G225B118;x
16270;199;146;163;R144G126B206;x
16271;221;192;61;R27G9B98;x
16272;122;159;84;R64G128B202;x
16273;133;126;78;R29G73B191;x
16274;141;178;91;R29G212B54;x
16275;171;178;111;R98G228B195;x
16276;117;134;97;R179G146B76;x
16277;223;173;105;R0G96B179;x
16278;182;134;135;R86G206B38;x
16279;233;165;86;R118G57B108;x
16280;164;179;164;R146G253B4;x
16281;161;186;111;R4G221B112;x
16282;66;122;78;R149G254B8;x
16283;162;164;125;R41G80B22;x
16284;193;155;123;R54G108B57;x
16285;139;210;97;R89G228B32;x
16286;159;142;117;R41G184B202;x
16287;178;144;124;R165G58B31;x
16288;139;121;65;R198G225B100;x
16289;172;132;138;R90G152B195;x
16290;206;210;153;R97G139B5;x
16291;111;111;65;R231G175B182;x
16292;190;186;190;R85G112B63;x
16293;229;166;156;R81G223B119;x
16294;124;180;167;R241G152B170;x
16295;171;135;65;R1G165B220;x
16296;169;162;166;R63G13B87;x
16297;197;152;95;R1G11B139;x
16298;161;175;114;R36G252B210;x
16299;143;137;89;R99G52B146;x
16300;227;184;84;R181G56B166;x
16301;209;149;93;R152G165B45;x
16302;225;127;98;R48G255B243;x
16303;96;141;192;R254G190B120;x
16304;118;144;70;R112G125B13;x
16305;195;178;80;R71G174B251;x
16306;197;156;134;R74G179B76;x
16307;172;185;156;R158G163B215;x
16308;162;211;77;R191G175B76;x
16309;170;159;124;R54G32B95;x
16310;181;218;145;R116G197B174;x
16311;191;131;145;R88G76B67;x
16312;150;181;88;R151G248B239;x
16313;236;182;120;R105G201B224;x
16314;111;138;126;R47G47B40;x
16315;189;184;138;R31G131B249;x
16316;94;129;67;R112G146B154;x
16317;194;126;103;R252G26B80;x
16318;213;135;81;R49G91B122;x
16319;197;172;84;R254G32B103;x
16320;150;137;163;R205G85B125;x
16321;207;122;73;R35G198B23;x
16322;226;169;113;R249G118B51;x
16323;160;179;153;R205G142B114;x
16324;195;180;86;R248G244B4;x
16325;213;172;102;R139G50B205;x
16326;179;178;156;R8G24B40;x
16327;213;187;146;R57G36B48;x
16328;189;182;52;R52G232B233;x
16329;220;159;61;R247G67B112;x
16330;209;155;177;R154G242B225;x
16331;221;149;91;R144G41B248;x
16332;193;176;136;R164G229B112;x
16333;176;157;141;R101G87B125;x
16334;163;176;166;R210G237B25;x
16335;230;153;93;R22G38B114;x
16336;81;125;104;R54G184B87;x
16337;175;123;116;R159G136B91;x
16338;199;211;105;R83G34B208;x
16339;203;154;87;R62G20B197;x
16340;169;165;74;R87G121B233;x
16341;189;157;102;R231G175B212;x
16342;172;142;81;R169G112B63;x
16343;188;125;80;R23G87B222;x
16344;227;210;129;R160G17B85;x
16345;159;202;191;R78G59B136;x
16346;206;164;68;R6G109B62;x
16347;171;182;148;R52G65B66;x
16348;114;172;113;R72G31B118;x
16349;177;186;163;R67G169B254;x
16350;161;136;135;R105G248B131;x
16351;217;171;96;R196G173B63;x
16352;215;151;149;R212G253B133;x
16353;148;157;144;R52G217B13;x
16354;195;177;82;R139G185B57;x
16355;96;141;33;R208G228B48;x
16356;216;126;118;R195G182B186;x
16357;139;151;86;R29G234B22;x
16358;166;176;149;R218G213B229;x
16359;178;132;121;R147G191B173;x
16360;157;154;149;R243G47B167;x
16361;194;163;86;R73G187B138;x
16362;193;141;97;R55G232B131;x
16363;187;192;131;R7G125B164;x
16364;189;174;116;R48G68B209;x
16365;172;127;123;R158G62B19;x
16366;187;135;65;R133G58B127;x
16367;224;158;74;R61G33B49;x
16368;164;182;77;R223G194B45;x
16369;221;142;138;R105G116B166;x
16370;59;153;108;R121G183B95;x
16371;189;178;139;R60G234B173;x
16372;223;145;94;R94G23B56;x
16373;178;157;106;R104G160B2;x
16374;163;152;142;R41G14B248;x
16375;145;124;113;R63G47B125;x
16376;201;221;97;R56G163B226;x
16377;148;151;115;R161G251B123;x
16378;129;136;177;R158G200B238;x
16379;238;153;102;R161G180B116;x
16380;118;125;113;R201G215B226;x
16381;186;90;74;R11G34B151;x
16382;170;181;125;R120G4B179;x
16383;195;161;111;R249G241B129;x
16384;46;132;70;R122G49B102;x
16385;80;110;183;R119G44B21;x
16386;93;133;177;R157G197B88;x
16387;228;143;123;R223G90B224;x
16388;181;115;109;R56G146B79;x
16389;164;171;109;R242G138B15;x
16390;188;157;167;R29G187B40;x
16391;183;123;139;R241G192B207;x
16392;217;190;114;R249G155B177;x
16393;167;158;102;R3G3B248;x
16394;229;162;146;R2G13B138;x
16395;166;142;111;R241G241B223;x
16396;156;183;102;R195G33B37;x
16397;152;192;81;R208G142B99;x
16398;97;141;137;R156G250B59;x
16399;197;151;68;R201G160B227;x
16400;101;140;104;R131G112B16;x
16401;196;177;83;R224G187B211;x
16402;200;188;68;R224G198B195;x
16403;213;169;125;R140G4B167;x
16404;76;131;182;R150G137B236;x
16405;87;161;176;R31G57B199;x
16406;197;134;81;R109G207B36;x
16407;179;165;81;R161G183B112;x
16408;190;189;90;R48G58B1;x
16409;177;234;89;R113G11B107;x
16410;210;173;60;R193G220B75;x
16411;116;170;101;R233G117B239;x
16412;149;185;150;R195G246B139;x
16413;168;136;138;R80G125B170;x
16414;165;198;113;R3G238B14;x
16415;153;138;132;R84G248B247;x
16416;122;176;101;R4G119B193;x
16417;102;134;151;R144G4B6;x
16418;124;97;75;R37G193B6;x
16419;137;151;104;R30G234B56;x
16420;190;159;136;R57G139B83;x
16421;75;146;63;R220G255B189;x
16422;233;135;51;R221G150B232;x
16423;164;200;49;R196G49B245;x
16424;240;198;88;R119G152B6;x
16425;169;115;133;R30G177B204;x
16426;208;193;78;R177G231B200;x
16427;202;194;120;R224G145B225;x
16428;139;166;134;R147G136B207;x
16429;111;148;189;R82G186B140;x
16430;94;129;76;R39G196B83;x
16431;168;134;64;R24G151B212;x
16432;211;206;150;R202G151B87;x
16433;195;172;120;R17G123B83;x
16434;223;137;156;R127G219B66;x
16435;193;169;115;R180G199B238;x
16436;196;170;95;R196G32B38;x
16437;201;130;129;R69G137B106;x
16438;218;151;103;R82G87B232;x
16439;210;165;150;R199G27B150;x
16440;176;203;157;R98G196B124;x
16441;192;208;117;R197G141B6;x
16442;224;146;85;R203G180B173;x
16443;194;185;112;R241G91B220;x
16444;143;150;148;R179G160B216;x
16445;203;180;61;R40G172B49;x
16446;192;210;166;R61G208B62;x
16447;117;138;193;R85G199B197;x
16448;175;149;145;R135G110B246;x
16449;165;153;137;R167G163B116;x
16450;201;176;100;R158G157B12;x
16451;223;183;109;R10G154B224;x
16452;145;122;131;R127G236B101;x
16453;175;166;117;R62G165B25;x
16454;163;180;71;R156G75B178;x
16455;187;187;95;R53G194B233;x
16456;214;169;104;R153G184B8;x
16457;172;232;114;R222G26B71;x
16458;208;106;108;R194G71B68;x
16459;207;145;94;R171G71B193;x
16460;75;109;103;R182G53B205;x
16461;199;175;180;R236G239B255;x
16462;170;173;109;R27G170B35;x
16463;240;174;116;R158G78B229;x
16464;215;198;39;R161G6B123;x
16465;120;114;65;R42G178B238;x
16466;203;153;128;R144G121B15;x
16467;167;196;157;R123G249B114;x
16468;169;154;115;R146G116B175;x
16469;178;184;96;R148G73B21;x
16470;184;156;103;R181G242B219;x
16471;104;119;194;R119G143B148;x
16472;214;121;150;R72G8B136;x
16473;191;200;83;R148G51B104;x
16474;204;185;108;R46G244B183;x
16475;207;163;75;R110G158B6;x
16476;162;113;159;R231G210B156;x
16477;166;150;88;R160G8B222;x
16478;185;164;117;R151G227B123;x
16479;145;140;128;R58G170B208;x
16480;162;200;125;R217G192B26;x
16481;190;171;89;R84G11B177;x
16482;209;173;63;R56G162B79;x
16483;159;182;114;R139G153B15;x
16484;206;155;100;R211G156B217;x
16485;94;123;45;R30G169B49;x
16486;174;166;89;R129G206B176;x
16487;191;132;164;R168G207B28;x
16488;216;155;60;R227G13B210;x
16489;188;154;103;R158G211B238;x
16490;152;141;145;R27G144B116;x
16491;120;129;173;R236G48B71;x
16492;109;126;110;R227G205B90;x
16493;209;141;64;R192G195B254;x
16494;165;191;87;R216G163B238;x
16495;175;165;166;R54G59B203;x
16496;172;167;134;R119G157B94;x
16497;156;173;122;R246G28B228;x
16498;140;122;90;R17G224B29;x
16499;102;122;76;R48G243B254;x
16500;145;140;148;R250G47B29;x
16501;214;171;140;R7G249B225;x
16502;190;164;167;R152G220B89;x
16503;153;198;72;R161G23B39;x
16504;177;157;60;R55G66B141;x
16505;219;158;166;R166G167B156;x
16506;211;145;70;R22G199B12;x
16507;187;161;99;R65G108B66;x
16508;209;122;91;R167G14B186;x
16509;175;156;161;R71G235B205;x
16510;192;165;114;R38G195B139;x
16511;205;168;86;R70G87B165;x
16512;188;133;165;R20G131B139;x
16513;116;105;99;R164G8B96;x
16514;160;107;87;R17G171B153;x
16515;157;138;159;R141G100B87;x
16516;208;164;74;R94G19B216;x
16517;177;128;52;R92G67B140;x
16518;171;163;153;R92G40B65;x
16519;194;169;75;R123G32B72;x
16520;171;129;108;R112G79B74;x
16521;198;183;83;R218G186B33;x
16522;201;118;128;R41G180B101;x
16523;192;189;92;R253G199B218;x
16524;192;165;173;R121G190B75;x
16525;94;157;51;R219G235B202;x
16526;145;179;98;R158G27B96;x
16527;149;133;149;R202G82B111;x
16528;182;130;74;R139G129B167;x
16529;154;136;147;R54G198B48;x
16530;182;170;98;R20G112B67;x
16531;137;125;159;R130G141B218;x
16532;198;183;62;R141G190B169;x
16533;149;127;53;R61G19B161;x
16534;113;136;122;R35G205B166;x
16535;103;118;56;R201G67B27;x
16536;195;193;94;R172G14B108;x
16537;203;173;180;R12G53B168;x
16538;188;196;85;R175G131B41;x
16539;96;168;106;R183G114B218;x
16540;120;133;179;R58G224B204;x
16541;106;126;109;R109G13B252;x
16542;166;173;166;R197G231B66;x
16543;139;152;120;R18G57B63;x
16544;124;187;90;R11G181B18;x
16545;189;195;133;R211G146B232;x
16546;156;161;130;R91G160B21;x
16547;228;167;130;R248G92B91;x
16548;213;135;78;R198G20B170;x
16549;98;100;82;R55G105B183;x
16550;193;185;133;R67G19B54;x
16551;182;153;152;R47G217B201;x
16552;188;166;110;R138G247B156;x
16553;96;117;65;R44G83B25;x
16554;191;186;99;R217G175B251;x
16555;165;203;102;R129G20B158;x
16556;131;141;158;R13G223B77;x
16557;173;166;134;R228G192B207;x
16558;178;150;129;R228G129B126;x
16559;163;175;138;R213G188B179;x
16560;152;172;106;R100G146B70;x
16561;138;181;172;R155G50B217;x
16562;202;205;98;R77G56B238;x
16563;105;156;110;R91G117B194;x
16564;207;114;101;R41G66B26;x
16565;135;175;101;R87G35B90;x
16566;212;137;53;R127G186B214;x
16567;166;164;103;R186G138B14;x
16568;172;172;90;R86G75B114;x
16569;59;164;95;R71G166B69;x
16570;199;202;118;R108G73B214;x
16571;200;114;151;R220G66B219;x
16572;72;159;115;R8G201B215;x
16573;184;192;144;R68G205B121;x
16574;39;131;67;R178G101B166;x
16575;216;145;121;R217G208B92;x
16576;175;157;154;R224G191B126;x
16577;199;166;59;R87G225B243;x
16578;153;177;137;R135G166B11;x
16579;173;169;122;R41G201B88;x
16580;209;156;106;R35G175B27;x
16581;76;149;76;R17G40B13;x
16582;147;163;99;R197G54B133;x
16583;183;157;127;R225G201B221;x
16584;200;136;129;R70G31B87;x
16585;197;165;85;R242G141B147;x
16586;186;173;76;R90G222B217;x
16587;171;192;91;R213G58B127;x
16588;162;172;168;R1G193B28;x
16589;209;174;136;R186G242B107;x
16590;199;148;171;R255G105B120;x
16591;210;175;88;R41G35B154;x
16592;210;155;96;R215G118B237;x
16593;184;112;158;R165G210B95;x
16594;180;200;89;R18G116B248;x
16595;176;192;77;R71G73B186;x
16596;210;160;142;R252G184B86;x
16597;76;164;106;R82G84B96;x
16598;184;203;98;R65G113B95;x
16599;206;179;87;R174G142B75;x
16600;206;202;100;R197G22B45;x
16601;211;182;127;R129G206B245;x
16602;184;144;98;R50G207B164;x
16603;84;110;126;R120G193B164;x
16604;165;165;88;R216G164B60;x
16605;118;140;186;R240G121B174;x
16606;198;123;71;R183G185B164;x
16607;133;203;129;R64G12B188;x
16608;176;208;135;R110G88B56;x
16609;188;185;110;R43G35B9;x
16610;144;182;118;R191G98B239;x
16611;191;201;61;R72G63B219;x
16612;154;164;93;R151G30B181;x
16613;176;149;55;R237G71B107;x
16614;141;171;91;R201G145B236;x
16615;203;208;126;R89G230B71;x
16616;68;132;160;R66G61B207;x
16617;180;152;64;R175G42B41;x
16618;191;165;85;R156G249B218;x
16619;166;166;167;R153G158B99;x
16620;176;142;139;R22G160B217;x
16621;164;150;136;R134G82B8;x
16622;173;162;108;R94G121B78;x
16623;172;207;119;R206G189B124;x
16624;187;146;83;R27G117B216;x
16625;125;162;136;R44G194B101;x
16626;133;150;167;R206G38B254;x
16627;155;187;130;R91G136B73;x
16628;205;164;153;R211G42B221;x
16629;203;170;84;R195G241B119;x
16630;129;151;93;R146G237B74;x
16631;200;114;138;R25G166B104;x
16632;156;200;90;R166G45B5;x
16633;64;136;92;R42G190B249;x
16634;145;165;100;R36G213B163;x
16635;172;141;137;R249G43B156;x
16636;161;188;106;R169G119B27;x
16637;227;204;137;R211G154B156;x
16638;173;179;166;R223G58B232;x
16639;215;162;65;R120G141B105;x
16640;142;170;157;R229G154B158;x
16641;96;161;107;R150G214B137;x
16642;192;142;111;R131G92B42;x
16643;190;165;105;R67G54B205;x
16644;212;165;75;R71G109B220;x
16645;196;187;163;R53G211B111;x
16646;194;137;143;R155G170B102;x
16647;190;177;139;R217G78B8;x
16648;92;141;63;R195G236B181;x
16649;172;182;112;R157G109B52;x
16650;212;186;92;R227G239B157;x
16651;117;142;117;R66G184B1;x
16652;214;139;92;R98G160B237;x
16653;138;187;148;R99G106B253;x
16654;170;161;116;R3G46B243;x
16655;175;155;162;R176G104B3;x
16656;187;145;168;R166G216B65;x
16657;193;204;126;R196G176B65;x
16658;218;178;101;R226G250B204;x
16659;201;173;78;R33G84B16;x
16660;193;115;73;R141G143B156;x
16661;240;165;97;R205G4B80;x
16662;105;147;73;R219G59B59;x
16663;163;162;162;R163G103B125;x
16664;199;184;100;R149G58B101;x
16665;153;129;92;R172G65B154;x
16666;159;129;136;R104G143B130;x
16667;184;154;92;R201G218B139;x
16668;204;209;96;R136G177B40;x
16669;140;147;156;R139G211B119;x
16670;189;143;61;R194G86B45;x
16671;185;155;139;R92G55B178;x
16672;115;134;73;R91G199B108;x
16673;191;150;123;R151G98B59;x
16674;210;133;132;R11G143B188;x
16675;185;198;103;R6G96B109;x
16676;188;160;161;R120G2B127;x
16677;211;134;66;R181G33B87;x
16678;216;163;53;R229G210B89;x
16679;204;217;94;R138G244B97;x
16680;64;97;113;R159G22B129;x
16681;217;152;90;R98G234B7;x
16682;195;201;96;R75G227B114;x
16683;231;142;79;R160G18B176;x
16684;156;194;91;R40G253B5;x
16685;172;189;105;R135G49B23;x
16686;189;202;126;R251G50B1;x
16687;196;109;127;R167G120B76;x
16688;179;164;145;R19G102B156;x
16689;66;111;84;R138G174B109;x
16690;129;152;118;R209G153B216;x
16691;125;175;129;R50G64B122;x
16692;225;162;60;R114G18B222;x
16693;209;147;106;R222G225B88;x
16694;240;147;73;R99G40B136;x
16695;215;198;88;R22G98B45;x
16696;94;116;101;R113G205B127;x
16697;134;149;108;R129G159B168;x
16698;167;136;149;R114G232B170;x
16699;118;139;129;R122G7B218;x
16700;142;175;170;R57G100B37;x
16701;181;170;153;R65G107B38;x
16702;196;220;118;R123G116B213;x
16703;230;169;78;R153G75B4;x
16704;191;159;127;R183G188B121;x
16705;227;172;64;R4G214B131;x
16706;187;148;133;R183G208B120;x
16707;177;167;155;R57G219B112;x
16708;185;201;134;R11G19B213;x
16709;180;160;86;R220G233B73;x
16710;173;227;102;R180G26B210;x
16711;128;148;107;R108G139B121;x
16712;51;118;78;R175G5B115;x
16713;90;141;121;R220G126B138;x
16714;189;138;174;R78G161B208;x
16715;109;178;126;R81G75B48;x
16716;176;135;120;R114G172B0;x
16717;94;123;95;R29G156B247;x
16718;228;194;73;R123G253B144;x
16719;171;170;160;R53G223B124;x
16720;108;136;60;R44G16B35;x
16721;233;164;44;R165G149B228;x
16722;80;151;122;R253G105B149;x
16723;119;138;57;R43G15B233;x
16724;158;159;47;R94G35B118;x
16725;104;173;201;R104G60B167;x
16726;191;164;119;R141G127B3;x
16727;210;139;123;R211G75B15;x
16728;131;146;134;R246G32B14;x
16729;118;182;94;R210G69B68;x
16730;179;161;72;R240G251B57;x
16731;119;134;101;R178G22B56;x
16732;160;159;85;R76G100B147;x
16733;180;190;84;R45G177B226;x
16734;211;174;130;R175G169B116;x
16735;187;189;105;R186G208B7;x
16736;194;150;150;R193G97B6;x
16737;194;166;92;R105G253B11;x
16738;62;145;82;R253G35B202;x
16739;204;135;168;R132G30B18;x
16740;212;152;163;R141G217B223;x
16741;201;155;103;R226G59B158;x
16742;44;124;57;R250G117B70;x
16743;214;173;109;R192G244B75;x
16744;167;130;128;R47G98B68;x
16745;183;154;111;R54G95B62;x
16746;188;222;133;R192G125B219;x
16747;177;216;93;R105G206B147;x
16748;72;106;79;R187G191B152;x
16749;190;196;113;R19G127B237;x
16750;103;116;159;R80G63B111;x
16751;195;178;137;R91G142B5;x
16752;117;130;127;R157G144B140;x
16753;173;142;120;R144G116B250;x
16754;181;153;101;R133G245B86;x
16755;134;137;107;R251G161B138;x
16756;178;140;131;R45G81B188;x
16757;133;150;132;R180G17B188;x
16758;161;175;135;R216G51B176;x
16759;110;155;120;R203G252B171;x
16760;89;97;49;R248G142B66;x
16761;209;203;112;R65G170B156;x
16762;186;126;104;R200G90B150;x
16763;209;99;100;R69G32B140;x
16764;203;174;95;R153G123B8;x
16765;191;167;80;R32G11B71;x
16766;83;119;124;R159G234B167;x
16767;87;122;67;R220G105B149;x
16768;170;125;184;R141G93B147;x
16769;240;164;82;R246G99B27;x
16770;209;158;69;R118G111B11;x
16771;104;143;129;R244G177B203;x
16772;221;156;88;R115G43B86;x
16773;191;201;120;R155G91B77;x
16774;189;214;84;R8G92B3;x
16775;79;123;65;R76G180B173;x
16776;86;122;79;R208G237B64;x
16777;66;159;72;R218G162B16;x
16778;166;152;142;R233G5B183;x
16779;232;154;57;R154G50B194;x
16780;157;168;91;R153G22B196;x
16781;157;163;159;R154G246B34;x
16782;216;161;57;R56G31B250;x
16783;144;138;142;R17G73B60;x
16784;169;147;137;R156G140B88;x
16785;179;224;122;R34G83B166;x
16786;183;168;90;R31G91B65;x
16787;190;148;157;R197G132B140;x
16788;173;218;104;R14G184B79;x
16789;91;176;111;R164G120B109;x
16790;190;142;112;R45G148B240;x
16791;232;168;73;R21G52B230;x
16792;200;168;94;R8G252B226;x
16793;168;221;84;R119G60B115;x
16794;182;175;103;R176G217B232;x
16795;215;159;112;R117G129B243;x
16796;127;166;113;R238G154B126;x
16797;174;149;129;R210G36B214;x
16798;91;130;70;R159G194B212;x
16799;145;164;142;R63G244B155;x
16800;178;158;84;R57G160B134;x
16801;159;193;116;R58G80B108;x
16802;195;151;91;R211G110B50;x
16803;180;169;87;R124G139B110;x
16804;185;207;129;R161G229B176;x
16805;128;146;82;R107G93B218;x
16806;144;184;135;R72G71B245;x
16807;212;175;151;R32G251B235;x
16808;91;147;94;R111G182B217;x
16809;147;123;141;R72G146B64;x
16810;171;147;155;R62G42B250;x
16811;199;123;115;R144G187B18;x
16812;214;180;79;R84G230B112;x
16813;211;189;99;R6G167B16;x
16814;199;217;78;R177G135B104;x
16815;197;170;105;R201G153B171;x
16816;210;155;144;R133G80B241;x
16817;159;186;106;R10G180B165;x
16818;184;179;108;R213G41B74;x
16819;57;122;113;R70G239B121;x
16820;103;135;161;R118G94B215;x
16821;100;153;54;R215G229B77;x
16822;202;166;89;R2G201B213;x
16823;177;170;162;R68G33B48;x
16824;173;156;157;R249G132B50;x
16825;196;190;75;R141G96B161;x
16826;185;187;125;R41G104B103;x
16827;217;177;65;R97G246B122;x
16828;208;166;103;R133G241B54;x
16829;240;174;63;R255G201B231;x
16830;193;181;121;R206G27B93;x
16831;202;192;96;R57G242B17;x
16832;68;138;93;R130G135B236;x
16833;204;159;74;R201G55B235;x
16834;159;138;136;R23G13B74;x
16835;211;166;96;R32G27B117;x
16836;178;221;101;R28G14B217;x
16837;165;136;170;R249G149B138;x
16838;208;150;97;R209G209B57;x
16839;223;157;126;R228G102B116;x
16840;181;203;102;R90G68B15;x
16841;167;179;156;R182G58B172;x
16842;111;166;145;R52G255B25;x
16843;189;186;135;R43G134B120;x
16844;180;236;115;R213G185B11;x
16845;162;136;77;R26G80B249;x
16846;204;200;95;R170G174B219;x
16847;101;142;117;R66G217B202;x
16848;117;118;185;R239G221B177;x
16849;135;171;138;R174G28B205;x
16850;202;140;59;R250G144B52;x
16851;197;131;117;R28G94B18;x
16852;109;139;96;R8G25B11;x
16853;74;130;104;R99G161B79;x
16854;198;177;119;R199G1B144;x
16855;169;193;135;R182G1B62;x
16856;126;141;129;R48G115B76;x
16857;163;148;79;R143G60B30;x
16858;188;178;104;R68G169B248;x
16859;152;154;83;R99G218B54;x
16860;138;154;138;R123G77B171;x
16861;240;190;79;R3G112B58;x
16862;113;165;171;R217G187B235;x
16863;211;156;82;R165G200B98;x
16864;200;208;69;R19G102B107;x
16865;188;190;30;R236G174B242;x
16866;115;167;153;R173G61B29;x
16867;107;116;78;R99G56B190;x
16868;186;200;97;R91G33B74;x
16869;128;187;152;R58G30B180;x
16870;27;119;116;R151G109B0;x
16871;212;123;127;R30G179B13;x
16872;171;169;156;R102G123B151;x
16873;176;120;168;R88G173B186;x
16874;174;164;100;R128G85B53;x
16875;206;187;88;R81G160B244;x
16876;218;170;86;R129G224B184;x
16877;153;161;128;R29G19B207;x
16878;205;157;66;R132G13B59;x
16879;185;151;111;R9G117B32;x
16880;197;197;112;R174G54B51;x
16881;207;132;79;R182G183B62;x
16882;186;162;171;R175G120B76;x
16883;180;164;84;R8G182B119;x
16884;145;158;130;R163G0B236;x
16885;202;139;60;R74G52B65;x
16886;203;178;122;R96G38B49;x
16887;195;144;103;R4G140B35;x
16888;218;169;92;R191G131B237;x
16889;218;192;130;R34G82B34;x
16890;162;174;174;R142G49B16;x
16891;191;175;56;R152G132B249;x
16892;150;191;57;R115G254B222;x
16893;192;204;83;R181G244B167;x
16894;180;185;142;R130G204B190;x
16895;152;208;174;R113G183B33;x
16896;140;162;113;R21G26B148;x
16897;191;153;125;R188G249B84;x
16898;176;216;94;R210G94B60;x
16899;136;104;136;R146G173B6;x
16900;164;186;116;R22G153B179;x
16901;115;156;188;R100G50B127;x
16902;188;210;145;R240G170B219;x
16903;207;158;115;R16G76B186;x
16904;205;149;92;R93G104B209;x
16905;217;191;134;R8G222B21;x
16906;161;101;135;R42G46B160;x
16907;123;165;129;R216G86B104;x
16908;165;105;83;R210G235B162;x
16909;154;137;98;R224G25B234;x
16910;200;190;129;R46G81B211;x
16911;100;128;105;R142G47B15;x
16912;73;139;118;R109G81B85;x
16913;131;170;180;R31G145B138;x
16914;208;122;66;R235G122B211;x
16915;174;159;156;R6G5B226;x
16916;218;168;49;R102G240B255;x
16917;189;181;77;R106G78B94;x
16918;176;141;105;R106G110B87;x
16919;219;165;100;R128G105B33;x
16920;182;169;173;R248G149B215;x
16921;197;144;57;R65G195B195;x
16922;165;152;167;R83G81B9;x
16923;224;165;66;R63G133B20;x
16924;202;176;142;R211G145B254;x
16925;98;113;57;R19G226B172;x
16926;182;174;155;R20G164B240;x
16927;166;144;162;R32G177B145;x
16928;203;219;121;R106G3B23;x
16929;223;149;118;R11G207B13;x
16930;223;148;49;R43G243B3;x
16931;210;138;48;R252G17B139;x
16932;194;161;65;R15G3B73;x
16933;195;161;135;R241G165B166;x
16934;181;165;115;R147G45B251;x
16935;169;138;136;R98G56B178;x
16936;202;170;95;R30G227B66;x
16937;208;215;101;R63G204B132;x
16938;171;140;94;R170G189B133;x
16939;205;149;40;R169G125B93;x
16940;70;145;42;R105G32B22;x
16941;170;196;117;R250G51B203;x
16942;170;194;54;R69G192B128;x
16943;162;186;90;R88G195B29;x
16944;168;157;101;R74G147B239;x
16945;194;188;92;R232G168B3;x
16946;168;180;163;R77G107B56;x
16947;120;136;99;R216G172B114;x
16948;217;161;109;R209G112B74;x
16949;237;150;84;R31G167B118;x
16950;226;199;144;R154G101B227;x
16951;182;167;111;R37G0B181;x
16952;181;142;130;R106G208B54;x
16953;176;163;101;R249G65B103;x
16954;156;175;124;R16G117B244;x
16955;164;177;109;R25G24B83;x
16956;125;196;113;R44G98B15;x
16957;144;178;140;R124G17B87;x
16958;174;106;79;R114G3B56;x
16959;204;177;117;R51G127B194;x
16960;157;145;188;R25G127B40;x
16961;199;176;122;R169G51B25;x
16962;65;129;94;R204G42B144;x
16963;105;130;70;R233G7B191;x
16964;218;154;89;R15G38B51;x
16965;197;204;97;R219G150B195;x
16966;190;155;99;R78G21B237;x
16967;191;189;115;R120G212B72;x
16968;136;159;127;R137G58B248;x
16969;186;172;93;R246G249B79;x
16970;169;173;72;R118G106B212;x
16971;169;188;151;R215G8B59;x
16972;192;189;96;R170G37B170;x
16973;190;179;171;R36G240B128;x
16974;235;142;73;R64G42B199;x
16975;131;202;71;R219G159B164;x
16976;184;159;95;R71G180B13;x
16977;151;140;151;R39G35B247;x
16978;177;191;63;R172G90B237;x
16979;187;128;128;R208G88B56;x
16980;119;152;151;R251G135B221;x
16981;166;153;87;R180G197B177;x
16982;58;147;85;R111G204B150;x
16983;59;129;58;R255G29B14;x
16984;233;136;109;R167G63B20;x
16985;151;175;105;R64G100B130;x
16986;179;171;110;R214G25B182;x
16987;201;123;99;R22G165B57;x
16988;131;121;175;R190G251B126;x
16989;200;135;84;R178G90B80;x
16990;222;116;72;R248G140B185;x
16991;173;206;110;R170G27B40;x
16992;96;127;97;R67G234B137;x
16993;236;168;121;R181G97B111;x
16994;82;133;92;R210G149B173;x
16995;160;193;163;R12G63B253;x
16996;156;138;127;R138G198B218;x
16997;205;184;105;R149G72B118;x
16998;198;170;163;R212G137B67;x
16999;100;97;87;R138G245B123;x
17000;219;153;82;R6G87B98;x
17001;194;117;72;R147G3B188;x
17002;112;167;109;R87G45B243;x
17003;176;160;104;R30G32B11;x
17004;65;137;112;R90G149B93;x
17005;171;134;125;R128G175B214;x
17006;82;104;111;R152G98B87;x
17007;214;136;113;R59G105B101;x
17008;160;194;103;R27G75B227;x
17009;173;196;111;R238G176B182;x
17010;91;153;111;R174G78B240;x
17011;146;196;98;R205G166B176;x
17012;198;168;78;R38G69B113;x
17013;189;125;116;R85G35B228;x
17014;191;153;176;R224G14B159;x
17015;204;141;156;R7G157B150;x
17016;201;164;113;R163G60B217;x
17017;172;195;76;R33G1B105;x
17018;234;151;123;R8G53B23;x
17019;63;116;109;R140G171B34;x
17020;164;182;123;R156G218B174;x
17021;227;135;64;R85G43B175;x
17022;95;138;95;R181G95B179;x
17023;187;146;127;R214G83B63;x
17024;141;97;166;R69G195B64;x
17025;219;144;120;R110G25B30;x
17026;240;125;92;R236G21B219;x
17027;61;117;98;R132G88B141;x
17028;223;140;53;R34G207B183;x
17029;182;152;133;R148G225B79;x
17030;179;194;130;R202G212B252;x
17031;199;125;76;R54G46B205;x
17032;140;119;119;R45G142B24;x
17033;65;141;104;R218G52B224;x
17034;148;144;74;R37G6B166;x
17035;187;141;71;R154G106B174;x
17036;190;168;68;R93G144B204;x
17037;191;127;169;R81G244B7;x
17038;124;151;139;R76G4B217;x
17039;141;200;123;R254G9B100;x
17040;111;151;109;R157G198B109;x
17041;231;179;120;R218G106B155;x
17042;125;141;84;R115G16B184;x
17043;178;119;134;R106G99B166;x
17044;100;134;129;R190G39B165;x
17045;204;184;75;R85G212B119;x
17046;116;134;97;R26G116B125;x
17047;198;150;140;R57G185B97;x
17048;108;157;145;R5G104B113;x
17049;172;163;158;R114G46B241;x
17050;95;165;111;R189G198B57;x
17051;181;180;87;R121G170B153;x
17052;227;167;74;R134G74B89;x
17053;172;203;94;R25G112B227;x
17054;234;136;89;R56G55B125;x
17055;196;162;74;R202G15B111;x
17056;76;162;76;R141G161B167;x
17057;206;190;120;R182G85B19;x
17058;166;169;99;R232G244B188;x
17059;184;188;87;R211G18B202;x
17060;170;191;103;R198G35B194;x
17061;62;140;61;R212G172B91;x
17062;180;146;96;R130G120B13;x
17063;176;154;134;R69G176B125;x
17064;209;208;103;R250G188B73;x
17065;185;196;92;R206G112B69;x
17066;134;165;55;R68G177B247;x
17067;173;216;78;R239G203B203;x
17068;183;170;136;R44G219B79;x
17069;175;184;106;R102G153B216;x
17070;226;134;92;R148G82B160;x
17071;85;123;42;R153G213B61;x
17072;214;148;104;R247G161B69;x
17073;183;232;122;R178G89B151;x
17074;181;213;111;R100G122B7;x
17075;191;204;124;R61G179B38;x
17076;198;167;63;R124G133B46;x
17077;173;151;165;R2G95B156;x
17078;186;197;119;R137G149B205;x
17079;144;182;120;R145G177B200;x
17080;199;190;74;R140G209B81;x
17081;197;197;98;R42G112B50;x
17082;195;159;109;R247G121B242;x
17083;210;159;33;R135G239B40;x
17084;235;234;141;R113G160B103;x
17085;155;132;122;R196G32B63;x
17086;163;150;171;R15G137B133;x
17087;183;176;137;R103G11B24;x
17088;132;176;116;R134G136B240;x
17089;149;180;157;R242G84B162;x
17090;84;107;146;R183G177B12;x
17091;185;188;119;R133G197B104;x
17092;240;176;47;R145G138B135;x
17093;105;143;67;R107G101B191;x
17094;225;132;107;R240G174B81;x
17095;204;152;125;R250G53B62;x
17096;174;136;95;R55G135B89;x
17097;157;220;98;R148G141B222;x
17098;204;155;93;R192G34B20;x
17099;225;134;115;R10G6B7;x
17100;191;123;174;R132G216B199;x
17101;176;171;98;R79G156B162;x
17102;162;163;118;R217G161B85;x
17103;228;172;99;R231G189B192;x
17104;159;176;137;R188G247B79;x
17105;196;169;96;R65G247B87;x
17106;206;178;85;R231G237B190;x
17107;171;140;120;R239G208B121;x
17108;215;173;103;R122G235B222;x
17109;227;165;100;R231G105B155;x
17110;135;182;116;R129G243B91;x
17111;206;119;105;R163G13B105;x
17112;177;179;107;R172G83B173;x
17113;239;123;83;R44G175B183;x
17114;150;193;84;R228G186B111;x
17115;95;126;92;R79G160B8;x
17116;198;157;91;R250G164B176;x
17117;141;156;160;R232G101B222;x
17118;199;156;122;R243G156B54;x
17119;194;166;147;R146G105B19;x
17120;195;174;112;R127G201B13;x
17121;182;169;181;R79G27B1;x
17122;138;140;113;R162G20B137;x
17123;147;158;160;R241G97B126;x
17124;223;198;110;R64G93B208;x
17125;223;187;90;R90G201B171;x
17126;170;161;146;R219G113B1;x
17127;222;178;88;R158G26B188;x
17128;212;153;134;R245G199B234;x
17129;205;158;78;R79G174B115;x
17130;196;173;129;R249G195B233;x
17131;208;191;98;R254G97B5;x
17132;199;133;146;R171G91B103;x
17133;170;160;112;R250G60B236;x
17134;227;154;110;R237G243B160;x
17135;201;174;95;R116G181B195;x
17136;97;165;63;R115G16B95;x
17137;207;171;58;R204G99B43;x
17138;131;187;157;R66G3B58;x
17139;182;114;170;R142G31B226;x
17140;216;210;119;R224G29B186;x
17141;217;145;82;R82G121B58;x
17142;221;146;85;R174G37B154;x
17143;207;150;81;R211G56B243;x
17144;218;168;84;R86G129B41;x
17145;161;204;94;R193G176B97;x
17146;189;203;124;R156G244B21;x
17147;85;135;167;R35G26B190;x
17148;205;107;78;R185G221B220;x
17149;218;190;94;R223G136B161;x
17150;205;204;111;R195G162B83;x
17151;152;148;132;R9G119B36;x
17152;157;152;88;R218G218B84;x
17153;157;154;84;R59G47B175;x
17154;198;191;104;R152G75B252;x
17155;181;184;54;R65G74B187;x
17156;180;132;153;R31G34B54;x
17157;68;148;51;R239G252B79;x
17158;208;153;90;R191G86B43;x
17159;154;170;121;R94G189B144;x
17160;163;194;154;R214G149B48;x
17161;178;176;62;R98G71B228;x
17162;155;195;127;R157G135B3;x
17163;216;172;125;R3G65B5;x
17164;159;139;172;R188G137B87;x
17165;194;198;131;R5G197B246;x
17166;165;166;163;R80G138B47;x
17167;145;157;138;R9G119B214;x
17168;200;155;81;R214G218B64;x
17169;164;200;91;R166G199B230;x
17170;189;188;98;R58G76B156;x
17171;195;148;112;R221G100B4;x
17172;215;157;112;R190G115B45;x
17173;177;185;116;R159G24B153;x
17174;171;157;71;R199G110B179;x
17175;187;151;60;R81G35B105;x
17176;203;188;103;R59G198B61;x
17177;161;188;124;R229G102B85;x
17178;218;180;80;R164G242B85;x
17179;67;124;65;R135G61B143;x
17180;151;159;76;R253G180B76;x
17181;212;143;100;R124G31B211;x
17182;186;215;108;R222G209B167;x
17183;99;116;61;R141G220B33;x
17184;138;184;61;R230G141B212;x
17185;226;152;119;R181G118B131;x
17186;165;176;172;R152G22B205;x
17187;192;163;142;R78G232B18;x
17188;152;151;129;R133G207B2;x
17189;205;141;76;R114G231B17;x
17190;193;139;106;R66G79B192;x
17191;183;147;170;R60G174B30;x
17192;82;166;97;R249G157B148;x
17193;90;152;75;R112G24B41;x
17194;216;120;144;R9G180B90;x
17195;83;121;74;R81G135B100;x
17196;178;172;155;R147G217B223;x
17197;220;185;53;R192G47B200;x
17198;212;173;162;R140G21B158;x
17199;208;159;71;R144G152B221;x
17200;158;173;148;R43G247B51;x
17201;212;198;94;R129G241B169;x
17202;165;175;168;R250G65B58;x
17203;177;164;124;R19G107B168;x
17204;126;164;97;R62G56B172;x
17205;202;212;116;R101G203B205;x
17206;119;157;156;R67G7B135;x
17207;157;155;167;R86G2B157;x
17208;193;171;54;R196G5B160;x
17209;210;161;175;R126G156B181;x
17210;208;121;80;R202G115B241;x
17211;146;147;138;R22G176B167;x
17212;163;210;123;R146G158B126;x
17213;225;190;122;R248G58B254;x
17214;139;196;82;R102G251B236;x
17215;190;168;191;R39G42B152;x
17216;179;191;171;R208G233B226;x
17217;115;169;155;R43G2B175;x
17218;186;186;75;R109G175B68;x
17219;159;152;138;R177G188B41;x
17220;176;198;111;R14G10B71;x
17221;218;129;63;R58G240B106;x
17222;121;119;66;R136G214B176;x
17223;176;128;132;R199G88B66;x
17224;78;136;61;R76G33B115;x
17225;185;166;120;R244G212B239;x
17226;195;181;103;R179G194B196;x
17227;131;156;165;R81G156B254;x
17228;188;148;111;R194G69B180;x
17229;207;221;102;R54G155B156;x
17230;231;169;99;R80G85B227;x
17231;203;171;76;R28G64B239;x
17232;212;207;126;R48G190B88;x
17233;181;195;95;R203G185B51;x
17234;159;202;131;R192G100B220;x
17235;208;210;148;R103G25B41;x
17236;191;181;142;R86G151B103;x
17237;194;155;60;R83G51B252;x
17238;226;154;90;R158G62B121;x
17239;182;184;97;R81G58B155;x
17240;173;181;143;R229G137B249;x
17241;170;180;92;R162G151B4;x
17242;98;172;68;R221G203B31;x
17243;188;172;72;R175G247B85;x
17244;159;178;148;R148G233B142;x
17245;86;117;56;R82G234B175;x
17246;206;179;70;R30G195B39;x
17247;171;195;96;R141G71B160;x
17248;182;197;107;R161G209B100;x
17249;94;132;56;R255G6B30;x
17250;167;172;122;R133G206B128;x
17251;94;113;70;R243G87B248;x
17252;208;178;165;R242G233B129;x
17253;94;179;101;R196G70B195;x
17254;200;139;86;R80G239B158;x
17255;157;132;144;R191G114B11;x
17256;160;175;145;R248G16B9;x
17257;133;147;125;R180G77B195;x
17258;202;205;58;R7G82B182;x
17259;205;176;49;R94G123B207;x
17260;65;125;50;R158G93B67;x
17261;191;203;96;R171G205B215;x
17262;183;146;70;R11G83B168;x
17263;239;227;121;R32G217B37;x
17264;206;138;137;R55G97B62;x
17265;201;151;82;R139G233B128;x
17266;125;176;178;R171G248B206;x
17267;138;136;98;R57G161B249;x
17268;85;126;66;R161G253B50;x
17269;194;139;64;R117G83B135;x
17270;192;188;105;R99G173B201;x
17271;176;133;138;R100G11B222;x
17272;187;117;117;R214G194B154;x
17273;72;88;152;R168G98B120;x
17274;172;150;73;R115G9B118;x
17275;96;158;59;R215G208B24;x
17276;159;151;103;R166G27B184;x
17277;162;114;160;R57G66B252;x
17278;60;155;128;R126G3B191;x
17279;126;135;130;R185G247B174;x
17280;169;180;104;R157G253B161;x
17281;227;169;70;R121G59B29;x
17282;219;151;108;R207G59B252;x
17283;192;195;130;R13G15B118;x
17284;90;96;73;R157G135B101;x
17285;179;206;83;R215G65B21;x
17286;109;185;111;R96G145B207;x
17287;48;169;83;R146G136B133;x
17288;90;137;103;R73G60B131;x
17289;180;159;102;R104G29B141;x
17290;209;156;157;R188G9B228;x
17291;187;184;129;R234G146B122;x
17292;90;137;101;R36G254B203;x
17293;88;117;94;R253G158B71;x
17294;194;134;71;R50G168B186;x
17295;73;125;87;R240G119B93;x
17296;132;160;137;R52G92B167;x
17297;194;184;110;R150G220B237;x
17298;203;188;57;R234G51B4;x
17299;218;167;75;R8G96B187;x
17300;189;196;105;R114G190B190;x
17301;177;203;126;R157G101B122;x
17302;109;102;105;R28G18B31;x
17303;162;129;145;R48G53B134;x
17304;162;166;94;R157G251B60;x
17305;213;201;124;R66G80B208;x
17306;134;133;80;R3G190B37;x
17307;179;191;140;R10G39B161;x
17308;234;192;84;R109G60B233;x
17309;190;126;103;R106G149B106;x
17310;222;170;112;R46G207B237;x
17311;193;120;147;R46G25B86;x
17312;189;147;166;R0G149B239;x
17313;159;144;144;R199G179B43;x
17314;81;96;108;R171G41B227;x
17315;202;167;90;R153G27B85;x
17316;100;160;108;R172G128B174;x
17317;195;168;181;R122G33B101;x
17318;180;170;94;R56G240B57;x
17319;190;129;121;R232G82B41;x
17320;137;175;115;R133G125B229;x
17321;81;156;81;R166G216B149;x
17322;167;132;140;R172G176B221;x
17323;157;207;84;R210G10B213;x
17324;164;176;81;R111G72B109;x
17325;204;163;80;R171G101B248;x
17326;210;206;116;R255G46B95;x
17327;193;214;85;R10G32B144;x
17328;200;138;146;R242G61B59;x
17329;189;156;153;R195G202B65;x
17330;219;194;78;R215G89B77;x
17331;202;170;104;R220G196B213;x
17332;171;205;111;R48G153B127;x
17333;77;156;85;R57G190B161;x
17334;199;158;51;R102G107B202;x
17335;128;117;157;R98G62B55;x
17336;93;147;98;R52G146B122;x
17337;232;159;90;R196G210B235;x
17338;167;194;116;R240G130B73;x
17339;204;173;102;R208G30B95;x
17340;146;181;149;R28G65B79;x
17341;207;206;101;R157G175B142;x
17342;105;80;181;R156G28B188;x
17343;200;203;77;R244G60B249;x
17344;229;184;86;R37G231B212;x
17345;135;185;138;R84G249B115;x
17346;199;177;146;R126G142B202;x
17347;126;147;152;R214G182B59;x
17348;192;167;97;R180G36B247;x
17349;202;173;164;R233G190B36;x
17350;196;115;71;R80G11B228;x
17351;184;124;83;R223G74B133;x
17352;200;164;84;R90G94B62;x
17353;139;182;115;R202G189B250;x
17354;171;212;108;R188G61B173;x
17355;216;183;143;R20G54B31;x
17356;116;147;136;R11G91B147;x
17357;201;186;62;R164G124B111;x
17358;189;161;161;R117G183B13;x
17359;190;171;102;R220G226B244;x
17360;194;209;117;R184G62B86;x
17361;235;157;104;R158G134B22;x
17362;47;121;121;R12G179B31;x
17363;203;187;111;R40G7B181;x
17364;139;178;85;R72G24B178;x
17365;154;175;81;R1G164B57;x
17366;139;187;109;R22G235B235;x
17367;121;129;168;R151G17B185;x
17368;214;161;116;R221G77B31;x
17369;81;172;95;R89G116B85;x
17370;186;167;105;R101G215B167;x
17371;76;126;71;R127G106B127;x
17372;171;166;122;R22G166B122;x
17373;199;182;85;R95G171B212;x
17374;173;128;134;R29G192B122;x
17375;158;152;135;R46G19B56;x
17376;212;181;155;R107G35B155;x
17377;119;187;145;R31G226B63;x
17378;201;151;147;R227G140B69;x
17379;179;179;145;R51G37B8;x
17380;96;111;92;R180G14B20;x
17381;183;176;126;R209G37B72;x
17382;187;175;87;R109G106B80;x
17383;185;178;146;R227G66B57;x
17384;184;173;120;R115G47B177;x
17385;104;129;87;R192G187B9;x
17386;111;143;123;R19G134B109;x
17387;169;145;130;R88G41B44;x
17388;182;184;162;R161G117B129;x
17389;56;123;43;R16G38B44;x
17390;179;144;58;R96G172B229;x
17391;153;102;92;R124G192B255;x
17392;187;200;102;R151G177B91;x
17393;180;183;97;R208G5B73;x
17394;169;152;93;R139G132B38;x
17395;177;151;99;R44G44B12;x
17396;181;181;79;R67G106B251;x
17397;171;165;79;R216G110B27;x
17398;199;171;126;R222G245B206;x
17399;148;196;142;R195G47B216;x
17400;188;152;132;R176G91B105;x
17401;151;196;120;R138G30B195;x
17402;214;143;113;R101G205B6;x
17403;98;129;85;R74G7B246;x
17404;166;153;113;R184G196B29;x
17405;127;164;98;R223G1B221;x
17406;223;159;55;R226G49B203;x
17407;178;143;79;R7G252B105;x
17408;190;213;150;R142G134B223;x
17409;122;192;125;R203G147B173;x
17410;158;131;152;R180G230B220;x
17411;74;151;76;R252G103B18;x
17412;182;178;155;R250G8B123;x
17413;150;169;152;R103G255B74;x
17414;224;154;55;R158G84B8;x
17415;202;149;124;R13G73B188;x
17416;172;185;122;R153G244B58;x
17417;107;109;60;R19G20B85;x
17418;182;195;154;R131G195B19;x
17419;196;129;115;R239G157B221;x
17420;206;194;100;R168G44B193;x
17421;225;176;71;R193G19B27;x
17422;192;198;100;R120G213B231;x
17423;87;142;178;R138G211B3;x
17424;198;172;70;R255G56B242;x
17425;209;160;108;R215G41B36;x
17426;161;141;146;R121G195B205;x
17427;204;182;80;R171G97B151;x
17428;182;180;120;R29G129B148;x
17429;175;143;163;R25G234B175;x
17430;87;114;102;R251G93B251;x
17431;176;145;158;R207G39B142;x
17432;179;146;51;R127G210B118;x
17433;108;120;93;R135G216B196;x
17434;103;148;87;R45G174B15;x
17435;112;134;85;R204G175B239;x
17436;191;169;62;R210G250B197;x
17437;213;148;150;R222G52B169;x
17438;192;137;143;R206G206B147;x
17439;76;126;95;R77G233B194;x
17440;72;111;107;R224G124B142;x
17441;155;170;150;R169G127B46;x
17442;189;183;59;R42G211B70;x
17443;197;109;90;R55G120B82;x
17444;169;152;109;R196G70B203;x
17445;206;162;53;R192G239B208;x
17446;186;204;159;R107G82B188;x
17447;83;139;125;R30G67B95;x
17448;73;157;95;R92G196B193;x
17449;218;178;84;R29G153B219;x
17450;183;145;140;R58G120B184;x
17451;95;123;76;R134G192B180;x
17452;166;169;171;R113G237B45;x
17453;116;130;49;R85G36B42;x
17454;142;183;191;R222G208B123;x
17455;221;136;104;R47G41B109;x
17456;202;173;166;R124G19B54;x
17457;105;176;148;R61G95B42;x
17458;195;167;160;R106G163B101;x
17459;122;204;155;R30G151B210;x
17460;209;192;114;R228G163B16;x
17461;152;178;136;R235G163B14;x
17462;199;191;65;R209G21B228;x
17463;169;109;152;R218G142B139;x
17464;197;171;132;R83G190B223;x
17465;86;101;51;R82G199B77;x
17466;189;131;122;R243G36B79;x
17467;204;190;63;R37G244B88;x
17468;237;179;87;R220G172B132;x
17469;194;200;128;R176G72B116;x
17470;208;155;106;R72G211B117;x
17471;209;146;119;R107G36B88;x
17472;226;218;97;R11G36B108;x
17473;186;170;75;R236G100B210;x
17474;197;173;129;R221G113B232;x
17475;87;136;169;R24G54B245;x
17476;180;177;105;R3G99B17;x
17477;189;208;161;R199G85B7;x
17478;232;155;90;R242G82B202;x
17479;224;188;118;R13G81B156;x
17480;170;185;86;R59G209B151;x
17481;172;182;124;R172G34B59;x
17482;91;101;113;R158G46B217;x
17483;72;155;113;R126G190B106;x
17484;191;161;119;R153G125B113;x
17485;183;159;57;R59G128B195;x
17486;208;184;119;R144G39B223;x
17487;164;154;116;R105G240B122;x
17488;188;128;138;R77G148B162;x
17489;195;158;93;R194G244B235;x
17490;197;139;129;R106G38B128;x
17491;181;189;89;R99G192B120;x
17492;117;180;137;R236G199B166;x
17493;165;116;112;R157G48B244;x
17494;210;172;59;R62G255B158;x
17495;233;177;121;R163G130B206;x
17496;205;177;97;R78G204B166;x
17497;176;181;97;R102G255B162;x
17498;184;164;99;R63G82B71;x
17499;204;150;92;R197G139B21;x
17500;138;181;167;R211G55B249;x
17501;133;152;193;R125G145B103;x
17502;81;157;74;R191G78B208;x
17503;53;127;76;R146G56B186;x
17504;89;160;106;R167G67B111;x
17505;194;214;117;R118G18B91;x
17506;190;156;101;R213G105B48;x
17507;174;192;65;R252G127B148;x
17508;199;144;92;R148G89B5;x
17509;121;119;74;R204G182B12;x
17510;113;160;85;R212G248B45;x
17511;82;157;112;R77G119B37;x
17512;207;151;105;R133G162B98;x
17513;151;132;117;R140G83B155;x
17514;197;184;70;R34G111B130;x
17515;69;149;122;R57G217B178;x
17516;209;132;82;R35G227B32;x
17517;199;169;109;R230G98B208;x
17518;218;198;81;R184G45B100;x
17519;169;164;184;R242G98B190;x
17520;159;159;127;R125G197B9;x
17521;169;137;130;R167G26B196;x
17522;170;159;111;R82G197B189;x
17523;202;159;76;R110G200B189;x
17524;108;127;110;R40G20B16;x
17525;79;141;123;R226G141B4;x
17526;80;163;110;R38G254B221;x
17527;228;128;128;R113G154B196;x
17528;178;148;110;R254G62B182;x
17529;198;169;155;R141G250B159;x
17530;138;165;168;R246G142B10;x
17531;232;183;128;R230G70B240;x
17532;159;162;150;R169G83B1;x
17533;171;127;88;R218G181B148;x
17534;112;182;164;R249G196B195;x
17535;194;207;71;R192G243B88;x
17536;214;158;129;R253G143B44;x
17537;214;157;152;R208G36B50;x
17538;199;217;101;R169G70B20;x
17539;202;136;87;R144G5B167;x
17540;170;167;140;R131G4B239;x
17541;170;144;157;R59G207B150;x
17542;153;141;127;R51G147B23;x
17543;176;170;91;R90G182B75;x
17544;175;142;122;R12G220B100;x
17545;198;151;149;R70G95B87;x
17546;164;169;128;R148G29B147;x
17547;91;147;83;R155G97B46;x
17548;230;154;60;R145G161B247;x
17549;164;153;175;R147G13B24;x
17550;240;220;87;R76G179B47;x
17551;178;170;141;R25G135B106;x
17552;146;119;146;R151G201B159;x
17553;197;178;103;R36G139B145;x
17554;164;122;108;R216G53B144;x
17555;182;185;94;R235G75B77;x
17556;114;154;195;R197G144B185;x
17557;163;161;149;R240G196B91;x
17558;202;135;78;R71G241B77;x
17559;236;211;120;R65G181B248;x
17560;220;167;82;R34G86B178;x
17561;187;138;155;R56G119B132;x
17562;76;106;113;R143G108B76;x
17563;158;158;73;R38G210B110;x
17564;214;202;142;R36G118B155;x
17565;188;130;83;R241G216B79;x
17566;200;137;76;R220G194B30;x
17567;101;166;125;R187G134B179;x
17568;157;188;134;R67G217B21;x
17569;201;161;99;R24G207B133;x
17570;171;166;96;R90G237B76;x
17571;76;130;93;R248G22B141;x
17572;198;166;86;R220G40B28;x
17573;189;214;91;R84G32B129;x
17574;190;184;130;R140G105B189;x
17575;62;129;108;R1G253B85;x
17576;207;173;97;R169G147B210;x
17577;188;165;67;R171G178B2;x
17578;185;200;120;R84G11B203;x
17579;189;117;114;R68G162B205;x
17580;202;162;101;R118G49B221;x
17581;211;146;115;R69G84B217;x
17582;103;95;49;R247G215B133;x
17583;210;202;86;R173G222B43;x
17584;133;145;96;R118G216B18;x
17585;121;147;144;R83G80B22;x
17586;183;182;94;R139G48B151;x
17587;217;196;91;R188G59B36;x
17588;192;152;131;R31G193B142;x
17589;181;174;49;R74G142B55;x
17590;149;167;111;R140G30B141;x
17591;137;191;104;R109G137B75;x
17592;192;156;78;R62G71B30;x
17593;202;179;111;R254G79B97;x
17594;221;195;102;R38G54B230;x
17595;187;172;69;R236G71B139;x
17596;197;171;98;R166G179B242;x
17597;204;169;101;R70G43B9;x
17598;203;172;61;R204G193B80;x
17599;154;145;151;R6G28B83;x
17600;171;173;114;R196G64B134;x
17601;127;131;87;R245G14B244;x
17602;182;119;92;R138G199B108;x
17603;154;156;111;R3G180B155;x
17604;165;193;104;R184G235B107;x
17605;216;164;64;R202G149B178;x
17606;196;191;65;R241G143B190;x
17607;148;170;114;R155G60B188;x
17608;206;171;105;R104G17B110;x
17609;114;150;141;R124G203B64;x
17610;195;146;78;R67G117B58;x
17611;178;145;120;R48G146B106;x
17612;99;140;64;R197G154B253;x
17613;128;149;46;R251G22B77;x
17614;201;190;71;R192G34B226;x
17615;211;128;74;R238G6B103;x
17616;221;130;107;R213G16B254;x
17617;183;205;88;R199G39B160;x
17618;157;195;88;R88G194B99;x
17619;157;202;117;R81G94B118;x
17620;212;167;86;R30G3B46;x
17621;189;162;106;R89G183B140;x
17622;70;104;39;R136G170B189;x
17623;227;134;93;R158G220B159;x
17624;207;182;103;R175G35B169;x
17625;169;133;149;R142G106B109;x
17626;222;177;67;R146G120B58;x
17627;181;153;96;R160G16B44;x
17628;113;142;172;R143G253B232;x
17629;187;212;108;R194G215B84;x
17630;206;124;93;R165G72B18;x
17631;208;162;32;R114G233B53;x
17632;181;163;123;R113G70B238;x
17633;218;157;94;R216G21B83;x
17634;196;216;101;R51G192B236;x
17635;194;186;100;R229G39B154;x
17636;171;156;135;R110G198B183;x
17637;198;164;81;R94G0B200;x
17638;185;115;137;R43G138B209;x
17639;187;199;88;R66G153B122;x
17640;101;139;79;R248G138B118;x
17641;157;175;145;R169G199B198;x
17642;178;116;118;R255G22B175;x
17643;118;139;80;R128G42B97;x
17644;200;192;76;R163G31B235;x
17645;208;189;119;R146G103B152;x
17646;187;151;94;R242G92B19;x
17647;147;185;89;R152G248B150;x
17648;86;135;122;R83G239B178;x
17649;204;144;67;R27G216B18;x
17650;140;164;135;R194G6B0;x
17651;209;184;71;R198G200B54;x
17652;60;184;96;R217G100B94;x
17653;190;153;131;R49G171B96;x
17654;137;130;135;R60G164B246;x
17655;92;131;82;R135G97B4;x
17656;78;133;76;R155G73B224;x
17657;229;128;71;R183G144B80;x
17658;55;93;68;R190G120B66;x
17659;229;159;103;R251G136B163;x
17660;180;187;60;R97G234B84;x
17661;207;153;53;R181G77B193;x
17662;173;169;157;R233G36B223;x
17663;165;157;144;R254G72B210;x
17664;141;211;105;R26G119B142;x
17665;203;146;70;R118G48B62;x
17666;124;158;38;R31G209B58;x
17667;96;173;158;R29G106B152;x
17668;145;146;70;R119G162B91;x
17669;213;92;95;R135G223B60;x
17670;240;153;59;R38G108B31;x
17671;138;148;172;R24G196B82;x
17672;132;175;140;R23G65B41;x
17673;190;154;72;R217G17B166;x
17674;226;175;85;R81G73B110;x
17675;200;144;107;R4G12B160;x
17676;194;162;103;R160G64B96;x
17677;172;160;171;R104G54B106;x
17678;195;198;69;R175G3B244;x
17679;185;180;151;R236G101B116;x
17680;186;131;77;R75G68B163;x
17681;195;150;105;R25G156B28;x
17682;189;165;115;R118G53B88;x
17683;213;190;114;R202G111B12;x
17684;205;159;154;R2G41B252;x
17685;129;192;144;R89G25B43;x
17686;174;133;129;R60G179B221;x
17687;175;190;111;R99G39B166;x
17688;186;147;105;R92G42B137;x
17689;211;149;106;R171G231B173;x
17690;205;134;44;R89G45B26;x
17691;197;162;70;R202G68B34;x
17692;223;132;94;R107G26B130;x
17693;103;154;100;R0G77B221;x
17694;55;116;65;R160G58B75;x
17695;193;164;68;R93G235B116;x
17696;184;156;122;R115G255B228;x
17697;174;155;89;R37G12B178;x
17698;138;106;158;R66G142B23;x
17699;127;144;91;R129G46B27;x
17700;185;162;140;R160G228B85;x
17701;167;120;75;R247G86B136;x
17702;209;154;74;R124G141B229;x
17703;214;146;112;R89G242B124;x
17704;189;150;93;R235G71B12;x
17705;207;172;83;R56G181B82;x
17706;97;120;64;R169G88B185;x
17707;120;143;156;R224G37B50;x
17708;142;174;86;R88G156B202;x
17709;209;168;73;R117G39B161;x
17710;117;152;87;R93G166B84;x
17711;144;205;75;R233G229B129;x
17712;83;101;105;R118G45B21;x
17713;205;142;157;R203G94B36;x
17714;179;156;120;R220G207B33;x
17715;180;172;124;R75G149B194;x
17716;228;199;80;R193G157B193;x
17717;149;164;140;R62G136B51;x
17718;207;176;68;R235G132B61;x
17719;175;211;132;R133G108B232;x
17720;72;167;82;R201G6B244;x
17721;176;127;155;R244G162B26;x
17722;152;161;151;R148G145B244;x
17723;182;184;121;R106G240B225;x
17724;205;156;105;R129G182B30;x
17725;196;200;148;R65G142B186;x
17726;209;157;87;R194G44B128;x
17727;87;122;137;R8G47B121;x
17728;138;194;71;R166G133B202;x
17729;212;188;94;R80G179B222;x
17730;153;133;127;R207G255B228;x
17731;73;158;86;R86G68B80;x
17732;199;124;70;R245G50B166;x
17733;124;128;96;R187G108B40;x
17734;193;162;87;R45G218B41;x
17735;73;135;92;R190G185B215;x
17736;159;187;102;R244G234B188;x
17737;164;166;165;R69G71B30;x
17738;202;118;80;R216G129B253;x
17739;210;132;86;R138G212B202;x
17740;183;132;107;R214G174B231;x
17741;195;151;113;R110G129B88;x
17742;178;168;161;R108G128B144;x
17743;65;162;123;R175G161B198;x
17744;167;159;124;R189G233B133;x
17745;169;149;146;R206G92B44;x
17746;172;172;53;R41G64B19;x
17747;193;128;111;R212G56B25;x
17748;136;176;135;R131G135B109;x
17749;71;121;144;R223G117B20;x
17750;207;157;141;R77G202B117;x
17751;185;150;74;R101G109B157;x
17752;141;158;115;R93G255B143;x
17753;73;126;66;R137G248B210;x
17754;229;153;116;R13G109B227;x
17755;207;159;89;R210G79B209;x
17756;160;202;147;R5G78B118;x
17757;220;194;78;R75G20B236;x
17758;180;152;162;R33G243B39;x
17759;157;150;182;R153G77B70;x
17760;144;195;114;R188G188B34;x
17761;195;188;87;R94G244B159;x
17762;180;201;105;R169G62B59;x
17763;213;152;73;R27G88B85;x
17764;208;163;108;R29G73B78;x
17765;179;184;99;R39G212B132;x
17766;54;167;88;R14G104B194;x
17767;120;132;155;R232G28B255;x
17768;201;169;140;R120G4B124;x
17769;112;146;76;R39G241B118;x
17770;213;183;112;R204G117B126;x
17771;158;179;121;R40G80B45;x
17772;194;182;143;R74G122B108;x
17773;80;119;75;R187G103B122;x
17774;159;210;92;R163G202B234;x
17775;219;204;128;R82G153B23;x
17776;171;200;106;R4G170B211;x
17777;181;152;92;R60G84B179;x
17778;210;183;145;R235G69B203;x
17779;154;145;118;R187G153B80;x
17780;193;155;106;R251G252B254;x
17781;179;193;106;R89G110B230;x
17782;105;147;124;R90G231B105;x
17783;198;205;107;R100G31B235;x
17784;167;160;71;R208G161B43;x
17785;181;180;93;R116G207B198;x
17786;121;183;100;R71G37B117;x
17787;189;190;106;R82G22B8;x
17788;199;211;91;R122G164B140;x
17789;157;109;99;R165G101B126;x
17790;191;185;65;R41G34B234;x
17791;160;105;97;R167G40B82;x
17792;190;194;119;R137G74B148;x
17793;91;153;207;R182G242B113;x
17794;217;175;103;R50G81B11;x
17795;144;159;126;R90G39B182;x
17796;144;171;141;R253G92B251;x
17797;199;196;62;R214G42B36;x
17798;182;173;91;R143G139B212;x
17799;167;146;134;R218G171B244;x
17800;89;147;98;R114G22B249;x
17801;105;117;164;R55G228B6;x
17802;126;157;94;R116G252B186;x
17803;147;187;148;R233G148B130;x
17804;200;192;85;R12G188B255;x
17805;224;133;103;R110G212B147;x
17806;230;181;104;R101G38B225;x
17807;194;166;70;R47G130B231;x
17808;198;167;101;R160G100B55;x
17809;196;197;69;R186G217B103;x
17810;154;159;122;R16G237B188;x
17811;61;105;137;R27G34B94;x
17812;128;176;172;R127G36B46;x
17813;188;182;53;R51G92B246;x
17814;202;157;67;R113G86B170;x
17815;162;172;150;R111G153B203;x
17816;233;156;34;R61G4B8;x
17817;118;94;157;R35G27B50;x
17818;176;181;146;R70G60B157;x
17819;226;166;96;R145G59B8;x
17820;219;176;96;R18G107B42;x
17821;170;155;99;R205G22B182;x
17822;99;125;90;R203G222B223;x
17823;227;191;120;R243G156B19;x
17824;201;196;90;R128G105B21;x
17825;173;161;151;R32G149B17;x
17826;168;157;131;R97G115B132;x
17827;179;158;170;R7G138B105;x
17828;233;140;113;R42G145B223;x
17829;84;100;94;R54G4B218;x
17830;92;120;60;R53G245B0;x
17831;107;106;119;R124G129B212;x
17832;197;148;174;R178G140B189;x
17833;143;182;166;R88G167B6;x
17834;150;142;169;R143G99B153;x
17835;136;181;82;R203G61B220;x
17836;189;226;120;R148G252B138;x
17837;115;178;78;R27G84B91;x
17838;219;172;128;R24G67B70;x
17839;184;156;82;R148G208B208;x
17840;92;152;60;R22G213B99;x
17841;168;183;130;R195G55B68;x
17842;171;187;119;R202G177B9;x
17843;150;141;147;R12G191B16;x
17844;165;188;127;R121G9B234;x
17845;185;223;158;R20G44B187;x
17846;114;128;134;R10G235B106;x
17847;179;158;130;R226G73B54;x
17848;206;167;117;R129G110B162;x
17849;172;115;122;R221G151B209;x
17850;201;140;104;R252G237B46;x
17851;216;181;65;R101G250B139;x
17852;177;184;133;R56G222B110;x
17853;190;195;122;R114G206B102;x
17854;120;168;192;R69G177B226;x
17855;145;152;145;R104G57B13;x
17856;165;170;101;R191G217B119;x
17857;205;154;91;R46G215B38;x
17858;140;168;113;R37G16B231;x
17859;153;207;87;R207G7B190;x
17860;123;141;82;R88G26B231;x
17861;190;131;140;R101G19B51;x
17862;196;175;138;R213G29B17;x
17863;213;200;89;R36G99B65;x
17864;183;157;161;R67G179B43;x
17865;170;170;121;R124G81B35;x
17866;136;153;66;R252G147B249;x
17867;184;144;97;R39G44B120;x
17868;170;169;79;R37G101B239;x
17869;80;130;108;R22G34B193;x
17870;116;145;68;R190G154B159;x
17871;213;159;119;R113G132B57;x
17872;227;207;111;R131G144B211;x
17873;162;181;72;R22G64B94;x
17874;175;158;115;R89G138B15;x
17875;167;115;71;R142G21B115;x
17876;200;210;130;R149G84B205;x
17877;221;138;114;R235G119B150;x
17878;196;154;46;R179G62B86;x
17879;200;146;126;R255G132B15;x
17880;142;211;114;R61G148B43;x
17881;78;135;95;R197G20B249;x
17882;117;124;100;R212G231B52;x
17883;224;123;100;R225G235B204;x
17884;142;155;137;R25G183B96;x
17885;167;147;119;R252G42B51;x
17886;115;140;133;R216G39B246;x
17887;175;223;111;R187G224B217;x
17888;180;176;102;R88G223B30;x
17889;88;160;55;R172G182B90;x
17890;93;95;59;R59G56B22;x
17891;188;148;54;R47G177B132;x
17892;203;158;88;R229G213B61;x
17893;165;136;75;R53G217B190;x
17894;213;172;86;R183G139B125;x
17895;145;199;139;R151G91B102;x
17896;170;175;138;R138G20B76;x
17897;193;175;118;R117G145B126;x
17898;143;215;69;R235G158B196;x
17899;206;206;103;R168G108B27;x
17900;186;174;122;R146G64B255;x
17901;171;187;52;R111G210B218;x
17902;148;148;144;R119G248B86;x
17903;179;177;110;R185G9B125;x
17904;175;153;80;R222G172B155;x
17905;192;127;135;R73G164B139;x
17906;239;181;61;R101G187B111;x
17907;172;177;71;R94G208B64;x
17908;145;175;152;R36G41B203;x
17909;200;144;142;R63G93B71;x
17910;204;153;85;R87G175B21;x
17911;175;152;99;R118G144B136;x
17912;192;162;153;R165G230B42;x
17913;230;163;107;R215G101B49;x
17914;178;123;97;R107G134B77;x
17915;122;152;203;R3G57B202;x
17916;195;225;116;R118G23B60;x
17917;181;193;68;R142G112B252;x
17918;196;172;122;R250G49B217;x
17919;188;142;150;R204G44B200;x
17920;165;172;76;R148G91B74;x
17921;187;164;134;R214G230B52;x
17922;157;207;122;R108G27B3;x
17923;92;128;115;R93G38B128;x
17924;218;168;80;R168G242B10;x
17925;189;200;82;R198G245B68;x
17926;90;151;68;R142G223B229;x
17927;167;114;100;R161G74B67;x
17928;130;122;177;R241G226B125;x
17929;214;137;76;R19G168B126;x
17930;86;142;28;R125G181B102;x
17931;224;162;103;R64G46B172;x
17932;127;183;165;R243G98B28;x
17933;172;177;76;R254G167B10;x
17934;72;137;126;R35G151B131;x
17935;189;177;168;R43G57B123;x
17936;201;110;91;R27G103B155;x
17937;226;158;94;R15G138B245;x
17938;164;158;122;R236G129B245;x
17939;203;196;133;R173G108B19;x
17940;208;152;70;R84G22B22;x
17941;231;119;97;R61G224B52;x
17942;217;191;66;R38G251B38;x
17943;119;156;125;R239G170B100;x
17944;95;91;105;R43G54B225;x
17945;208;169;54;R241G61B127;x
17946;111;182;111;R34G160B239;x
17947;68;125;61;R67G234B46;x
17948;98;122;168;R203G97B123;x
17949;162;133;179;R202G65B234;x
17950;170;166;117;R18G11B156;x
17951;187;191;163;R192G158B62;x
17952;178;185;133;R10G46B90;x
17953;115;121;201;R147G22B202;x
17954;201;150;80;R141G82B4;x
17955;208;147;74;R58G39B37;x
17956;223;183;141;R196G156B183;x
17957;91;164;104;R233G127B179;x
17958;177;139;162;R100G83B134;x
17959;208;140;103;R109G31B2;x
17960;194;190;135;R123G211B216;x
17961;223;193;137;R238G54B128;x
17962;213;201;88;R204G55B172;x
17963;72;132;37;R127G167B183;x
17964;171;161;123;R30G37B84;x
17965;180;145;186;R68G216B154;x
17966;87;131;67;R164G28B198;x
17967;203;157;34;R17G204B216;x
17968;160;195;133;R187G217B155;x
17969;107;115;107;R98G127B126;x
17970;148;119;116;R189G13B216;x
17971;188;143;145;R111G71B147;x
17972;198;117;145;R23G13B110;x
17973;191;122;121;R168G27B184;x
17974;79;171;109;R222G254B37;x
17975;128;135;207;R22G42B1;x
17976;180;123;122;R220G11B51;x
17977;184;181;77;R197G50B239;x
17978;189;156;159;R74G204B36;x
17979;201;163;118;R169G199B172;x
17980;98;140;83;R219G22B171;x
17981;217;178;93;R87G226B153;x
17982;168;108;118;R95G220B111;x
17983;154;168;190;R184G177B255;x
17984;178;168;61;R19G179B2;x
17985;188;146;134;R103G241B37;x
17986;103;150;84;R179G245B66;x
17987;210;133;90;R106G229B44;x
17988;226;149;71;R227G227B87;x
17989;203;172;82;R9G226B118;x
17990;114;162;141;R115G120B226;x
17991;127;127;180;R156G254B203;x
17992;212;103;90;R169G46B81;x
17993;182;136;83;R200G180B47;x
17994;145;185;120;R145G21B180;x
17995;148;157;166;R126G14B113;x
17996;206;122;87;R241G249B166;x
17997;199;152;93;R92G200B251;x
17998;170;119;156;R176G184B9;x
17999;184;141;111;R60G188B229;x
18000;133;207;88;R205G244B217;x
18001;145;115;155;R112G252B91;x
18002;191;158;124;R31G108B6;x
18003;217;182;107;R55G242B71;x
18004;70;114;121;R124G99B202;x
18005;204;141;111;R250G99B58;x
18006;70;98;153;R0G135B168;x
18007;221;168;41;R172G251B213;x
18008;154;157;56;R103G158B199;x
18009;167;180;130;R169G100B192;x
18010;212;201;101;R155G139B203;x
18011;95;139;82;R20G163B6;x
18012;82;143;74;R126G3B216;x
18013;216;172;42;R119G247B252;x
18014;115;117;70;R154G89B220;x
18015;156;156;177;R92G170B204;x
18016;151;190;135;R144G164B45;x
18017;219;179;142;R98G9B110;x
18018;213;198;102;R26G222B255;x
18019;97;127;117;R29G186B223;x
18020;155;193;161;R175G94B47;x
18021;175;117;115;R233G135B143;x
18022;61;111;78;R118G169B109;x
18023;199;213;103;R150G126B199;x
18024;121;159;94;R163G61B227;x
18025;176;148;181;R168G76B34;x
18026;169;197;81;R255G152B232;x
18027;111;143;157;R66G161B28;x
18028;223;173;111;R175G195B76;x
18029;206;145;101;R138G245B119;x
18030;170;120;93;R206G87B7;x
18031;189;179;71;R196G147B68;x
18032;180;199;52;R233G156B8;x
18033;162;152;143;R93G21B255;x
18034;164;126;136;R198G86B100;x
18035;205;152;91;R161G239B195;x
18036;225;161;49;R42G20B234;x
18037;141;221;66;R179G81B251;x
18038;170;145;139;R69G69B68;x
18039;183;182;135;R17G77B21;x
18040;225;162;91;R91G44B112;x
18041;107;166;147;R197G205B197;x
18042;78;150;95;R202G199B94;x
18043;189;149;163;R171G52B117;x
18044;128;157;132;R103G168B219;x
18045;152;168;164;R30G13B224;x
18046;173;177;74;R118G41B187;x
18047;222;124;51;R107G177B146;x
18048;208;177;117;R225G173B249;x
18049;116;142;93;R196G183B7;x
18050;146;171;103;R139G116B120;x
18051;130;147;168;R97G107B236;x
18052;211;149;105;R197G52B42;x
18053;132;134;104;R84G92B67;x
18054;203;130;44;R161G28B236;x
18055;181;165;88;R35G178B60;x
18056;166;162;97;R184G123B237;x
18057;168;209;90;R247G169B175;x
18058;208;146;87;R173G192B189;x
18059;133;170;131;R96G51B72;x
18060;160;196;128;R0G172B84;x
18061;120;129;170;R104G128B70;x
18062;194;165;113;R63G249B134;x
18063;121;136;115;R143G236B66;x
18064;98;101;206;R83G5B29;x
18065;219;137;115;R58G118B95;x
18066;85;144;66;R221G44B229;x
18067;90;110;103;R174G137B148;x
18068;103;125;169;R232G169B93;x
18069;101;137;183;R196G162B203;x
18070;157;159;148;R63G49B208;x
18071;171;178;147;R9G194B73;x
18072;181;184;81;R234G224B208;x
18073;195;177;117;R87G109B36;x
18074;188;182;73;R7G51B134;x
18075;65;143;93;R185G38B199;x
18076;160;178;79;R3G234B235;x
18077;168;179;88;R48G225B6;x
18078;188;157;82;R215G108B127;x
18079;74;114;87;R112G98B245;x
18080;215;202;75;R61G25B87;x
18081;210;208;129;R176G171B69;x
18082;202;191;114;R108G98B52;x
18083;216;172;90;R22G145B72;x
18084;144;160;109;R40G220B242;x
18085;195;189;123;R4G247B39;x
18086;147;177;184;R229G135B212;x
18087;139;166;81;R252G177B162;x
18088;161;174;118;R196G59B185;x
18089;182;160;83;R240G177B129;x
18090;151;138;146;R11G163B150;x
18091;105;150;122;R195G213B143;x
18092;180;174;160;R89G29B137;x
18093;187;186;92;R116G139B209;x
18094;232;144;47;R122G149B178;x
18095;140;180;131;R205G239B127;x
18096;172;135;138;R166G12B166;x
18097;178;121;126;R254G204B176;x
18098;118;147;77;R44G95B177;x
18099;142;205;67;R120G1B250;x
18100;140;149;124;R131G215B25;x
18101;144;160;74;R111G70B115;x
18102;159;182;92;R93G81B139;x
18103;209;177;81;R3G177B177;x
18104;108;168;121;R156G125B145;x
18105;202;192;126;R117G134B50;x
18106;88;162;98;R151G77B153;x
18107;118;169;104;R148G56B230;x
18108;195;152;161;R57G7B137;x
18109;170;188;138;R63G198B97;x
18110;179;195;137;R89G190B155;x
18111;207;166;49;R169G171B128;x
18112;197;157;107;R204G148B183;x
18113;195;145;135;R111G2B184;x
18114;192;168;94;R43G39B41;x
18115;192;182;140;R187G58B226;x
18116;159;167;85;R179G245B230;x
18117;154;156;125;R98G229B136;x
18118;78;144;98;R103G115B7;x
18119;206;167;143;R203G86B44;x
18120;173;135;140;R102G101B239;x
18121;107;125;194;R43G184B162;x
18122;134;150;151;R59G158B230;x
18123;98;146;79;R232G12B124;x
18124;147;194;102;R209G8B222;x
18125;217;206;148;R58G49B214;x
18126;114;145;91;R91G172B0;x
18127;192;106;74;R132G138B219;x
18128;168;176;106;R63G223B2;x
18129;109;150;68;R134G92B251;x
18130;190;182;70;R151G208B101;x
18131;137;114;134;R40G155B208;x
18132;160;215;99;R194G49B152;x
18133;212;146;144;R74G188B58;x
18134;240;145;78;R116G16B21;x
18135;232;153;94;R232G133B170;x
18136;231;110;80;R43G151B12;x
18137;119;144;121;R56G73B3;x
18138;187;187;116;R115G170B165;x
18139;164;166;121;R109G254B22;x
18140;160;173;181;R39G0B120;x
18141;184;152;73;R149G12B239;x
18142;141;100;157;R155G110B74;x
18143;131;148;194;R97G251B114;x
18144;178;133;81;R80G72B9;x
18145;128;160;60;R100G147B110;x
18146;148;157;162;R10G92B115;x
18147;120;153;167;R69G72B124;x
18148;137;125;97;R164G41B25;x
18149;216;194;108;R14G93B231;x
18150;231;174;117;R219G237B244;x
18151;212;150;76;R114G56B114;x
18152;164;173;93;R52G131B163;x
18153;118;147;135;R151G72B212;x
18154;148;181;129;R206G181B126;x
18155;209;206;85;R60G44B6;x
18156;181;153;52;R19G59B211;x
18157;193;155;75;R142G87B246;x
18158;162;229;97;R162G19B154;x
18159;210;153;100;R52G235B98;x
18160;225;175;81;R9G221B172;x
18161;189;197;96;R253G104B201;x
18162;193;157;129;R150G158B191;x
18163;184;120;130;R131G194B193;x
18164;111;128;74;R4G124B91;x
18165;203;186;66;R7G247B254;x
18166;119;119;72;R243G57B146;x
18167;214;148;117;R197G247B238;x
18168;183;166;171;R99G37B72;x
18169;75;108;109;R85G174B174;x
18170;212;163;114;R65G255B76;x
18171;145;135;113;R210G96B209;x
18172;109;104;81;R165G154B118;x
18173;215;155;177;R66G86B11;x
18174;181;217;93;R205G55B158;x
18175;229;201;103;R105G197B160;x
18176;116;111;110;R95G66B167;x
18177;191;181;116;R65G247B192;x
18178;178;145;76;R41G237B167;x
18179;125;183;141;R176G148B142;x
18180;207;161;65;R18G186B168;x
18181;182;131;74;R222G68B83;x
18182;170;207;82;R162G194B194;x
18183;187;115;96;R93G250B141;x
18184;192;176;59;R17G110B235;x
18185;111;149;71;R128G247B230;x
18186;195;175;140;R93G47B19;x
18187;213;193;67;R78G207B215;x
18188;151;200;103;R213G89B97;x
18189;183;126;174;R23G24B28;x
18190;193;131;73;R28G62B75;x
18191;191;174;113;R146G30B5;x
18192;199;166;149;R255G189B64;x
18193;183;210;76;R154G199B207;x
18194;174;158;124;R255G20B21;x
18195;169;166;104;R17G155B227;x
18196;165;164;187;R216G115B116;x
18197;181;150;119;R149G140B99;x
18198;145;195;108;R114G97B52;x
18199;83;172;88;R104G115B30;x
18200;133;139;56;R127G172B177;x
18201;190;152;113;R33G194B181;x
18202;177;198;117;R179G144B154;x
18203;120;109;180;R211G96B196;x
18204;224;162;93;R229G220B142;x
18205;164;147;111;R251G125B77;x
18206;169;120;123;R91G172B226;x
18207;209;177;121;R112G138B184;x
18208;180;176;147;R29G55B172;x
18209;208;182;96;R54G229B16;x
18210;172;147;171;R61G75B101;x
18211;191;188;128;R168G52B94;x
18212;180;176;156;R45G162B139;x
18213;183;194;143;R72G163B139;x
18214;155;137;169;R121G27B122;x
18215;222;198;110;R89G192B249;x
18216;202;186;52;R7G11B2;x
18217;193;135;90;R220G200B182;x
18218;120;155;130;R119G184B15;x
18219;106;169;123;R12G54B96;x
18220;178;179;63;R105G107B224;x
18221;112;137;109;R179G36B40;x
18222;183;115;140;R186G116B246;x
18223;160;196;77;R105G249B30;x
18224;189;143;102;R124G88B62;x
18225;136;135;82;R105G223B184;x
18226;149;162;163;R1G200B83;x
18227;184;199;114;R84G238B76;x
18228;67;171;96;R181G250B183;x
18229;70;90;101;R52G62B227;x
18230;184;197;121;R85G78B104;x
18231;194;155;78;R35G116B13;x
18232;100;145;94;R224G155B64;x
18233;133;213;96;R118G193B198;x
18234;214;148;164;R11G96B47;x
18235;171;134;98;R110G140B7;x
18236;190;154;147;R153G47B99;x
18237;212;151;78;R20G215B217;x
18238;158;141;130;R83G44B231;x
18239;174;166;146;R95G93B195;x
18240;169;171;117;R28G239B112;x
18241;179;159;96;R222G138B27;x
18242;210;177;168;R242G211B248;x
18243;175;190;74;R65G8B42;x
18244;57;99;111;R53G209B94;x
18245;204;180;162;R100G46B136;x
18246;154;148;182;R163G10B187;x
18247;112;138;68;R63G166B144;x
18248;197;135;96;R179G57B242;x
18249;215;110;152;R220G119B157;x
18250;184;154;115;R7G180B177;x
18251;222;142;132;R131G163B81;x
18252;160;189;160;R100G69B140;x
18253;182;147;83;R126G31B183;x
18254;195;119;121;R224G253B199;x
18255;153;135;127;R23G193B65;x
18256;227;156;121;R48G30B69;x
18257;167;176;158;R94G1B35;x
18258;214;178;99;R200G35B12;x
18259;166;208;64;R147G40B48;x
18260;96;163;105;R37G194B198;x
18261;164;132;60;R194G152B183;x
18262;182;163;129;R227G27B150;x
18263;155;152;181;R95G188B73;x
18264;193;187;89;R26G198B103;x
18265;166;107;112;R224G168B219;x
18266;215;182;113;R216G219B225;x
18267;113;165;149;R68G97B227;x
18268;159;166;133;R168G247B128;x
18269;149;180;130;R134G127B68;x
18270;231;176;102;R217G69B48;x
18271;124;177;95;R225G149B138;x
18272;202;177;151;R127G161B118;x
18273;214;130;82;R156G73B196;x
18274;189;154;74;R35G226B70;x
18275;240;140;90;R226G196B125;x
18276;180;165;156;R130G141B189;x
18277;170;131;136;R179G190B224;x
18278;209;182;121;R146G7B19;x
18279;217;175;114;R109G148B13;x
18280;187;162;123;R126G180B215;x
18281;161;204;130;R101G65B170;x
18282;206;153;83;R35G237B119;x
18283;60;112;108;R75G200B169;x
18284;167;173;137;R141G218B167;x
18285;88;133;77;R248G121B19;x
18286;203;113;96;R128G201B48;x
18287;99;121;101;R203G93B35;x
18288;128;151;182;R164G135B120;x
18289;152;171;185;R9G83B90;x
18290;122;176;120;R51G245B100;x
18291;160;142;145;R99G229B32;x
18292;214;176;84;R226G145B62;x
18293;195;124;99;R100G244B16;x
18294;123;193;91;R28G10B245;x
18295;211;193;141;R209G220B76;x
18296;209;176;164;R165G85B76;x
18297;204;117;84;R186G214B254;x
18298;191;145;69;R147G100B215;x
18299;66;127;72;R212G71B65;x
18300;175;146;134;R4G227B194;x
18301;181;142;76;R251G240B51;x
18302;240;153;104;R116G120B131;x
18303;204;147;61;R86G52B48;x
18304;186;137;137;R61G190B115;x
18305;210;171;109;R149G179B191;x
18306;239;188;96;R235G245B162;x
18307;143;156;146;R86G21B111;x
18308;80;76;65;R192G196B47;x
18309;177;171;129;R216G17B5;x
18310;217;172;130;R180G107B205;x
18311;237;131;81;R11G154B94;x
18312;223;207;77;R30G202B102;x
18313;219;151;70;R250G67B115;x
18314;164;180;127;R90G140B83;x
18315;101;131;142;R227G87B126;x
18316;220;148;88;R78G201B165;x
18317;198;191;96;R142G89B38;x
18318;163;185;76;R217G146B48;x
18319;81;178;157;R16G188B138;x
18320;179;131;98;R117G156B217;x
18321;231;169;118;R166G77B134;x
18322;75;103;113;R155G6B105;x
18323;201;200;147;R109G150B82;x
18324;93;121;80;R253G17B19;x
18325;209;188;112;R147G129B32;x
18326;195;157;78;R44G150B205;x
18327;222;179;103;R128G179B82;x
18328;197;155;111;R142G159B112;x
18329;140;128;89;R85G218B195;x
18330;156;161;72;R149G9B208;x
18331;148;172;123;R51G116B75;x
18332;212;227;86;R81G187B205;x
18333;122;115;132;R160G248B171;x
18334;191;186;77;R10G223B145;x
18335;175;159;140;R127G210B56;x
18336;211;189;135;R139G216B149;x
18337;211;175;69;R36G230B78;x
18338;169;186;116;R99G71B175;x
18339;208;161;86;R206G165B117;x
18340;186;162;102;R99G107B21;x
18341;205;149;73;R146G216B71;x
18342;68;134;73;R3G88B163;x
18343;206;103;92;R8G217B104;x
18344;186;177;107;R43G145B28;x
18345;198;127;128;R166G68B32;x
18346;205;178;173;R182G82B59;x
18347;187;183;169;R111G217B103;x
18348;187;162;121;R194G119B226;x
18349;60;114;73;R152G128B9;x
18350;95;142;206;R206G89B34;x
18351;191;130;94;R5G18B224;x
18352;155;180;105;R181G199B85;x
18353;195;191;90;R8G46B47;x
18354;236;181;100;R72G210B97;x
18355;185;170;121;R50G186B8;x
18356;109;94;53;R140G4B252;x
18357;202;164;73;R128G137B249;x
18358;81;148;84;R239G77B172;x
18359;198;169;158;R180G232B195;x
18360;214;126;78;R230G67B182;x
18361;181;114;167;R132G148B131;x
18362;177;127;177;R16G146B95;x
18363;230;145;92;R104G218B198;x
18364;123;103;32;R66G99B201;x
18365;125;151;138;R39G215B136;x
18366;208;177;77;R176G254B232;x
18367;215;208;107;R225G134B243;x
18368;97;134;110;R146G37B73;x
18369;135;138;81;R35G128B17;x
18370;158;161;132;R164G183B126;x
18371;216;208;155;R210G180B98;x
18372;78;171;117;R97G185B254;x
18373;189;177;99;R148G184B219;x
18374;193;161;171;R98G132B12;x
18375;141;161;150;R98G218B216;x
18376;158;152;130;R130G223B66;x
18377;179;169;158;R225G98B106;x
18378;187;147;111;R119G251B172;x
18379;178;160;102;R229G28B119;x
18380;210;160;95;R206G234B117;x
18381;196;193;94;R191G235B21;x
18382;76;118;97;R230G211B50;x
18383;182;189;80;R20G32B244;x
18384;219;157;108;R202G233B242;x
18385;221;154;95;R174G22B42;x
18386;80;129;110;R228G188B55;x
18387;201;174;83;R203G68B21;x
18388;194;219;109;R240G156B35;x
18389;135;210;62;R60G87B94;x
18390;177;155;154;R119G111B59;x
18391;222;129;140;R86G3B201;x
18392;167;111;99;R170G71B4;x
18393;179;115;86;R77G119B154;x
18394;91;140;121;R219G162B185;x
18395;205;144;138;R76G231B10;x
18396;163;127;128;R33G219B188;x
18397;173;220;110;R21G67B211;x
18398;120;191;161;R168G54B145;x
18399;174;175;114;R208G131B35;x
18400;186;153;118;R144G208B39;x
18401;207;166;86;R165G141B172;x
18402;209;153;86;R176G244B116;x
18403;188;177;88;R151G194B117;x
18404;148;169;179;R209G164B87;x
18405;94;102;129;R41G75B15;x
18406;141;114;169;R134G92B123;x
18407;75;121;125;R151G208B34;x
18408;182;145;135;R238G155B30;x
18409;73;113;92;R133G165B76;x
18410;223;145;86;R169G133B142;x
18411;183;146;135;R125G165B16;x
18412;155;178;126;R69G149B169;x
18413;139;170;92;R157G169B125;x
18414;116;119;85;R211G44B143;x
18415;203;170;80;R58G93B161;x
18416;161;161;138;R53G197B195;x
18417;183;156;69;R92G170B181;x
18418;111;104;97;R226G164B97;x
18419;135;179;110;R45G213B0;x
18420;176;171;96;R6G73B119;x
18421;184;203;81;R91G230B96;x
18422;224;160;106;R83G145B81;x
18423;153;175;76;R152G226B178;x
18424;217;178;56;R56G230B36;x
18425;159;192;74;R221G31B214;x
18426;48;146;92;R118G243B28;x
18427;169;174;108;R181G187B117;x
18428;131;166;142;R102G48B121;x
18429;240;149;78;R209G241B245;x
18430;117;143;190;R108G225B44;x
18431;74;133;89;R27G36B193;x
18432;208;179;117;R219G68B62;x
18433;169;152;69;R102G188B226;x
18434;221;171;94;R193G200B72;x
18435;219;174;79;R67G110B6;x
18436;175;194;89;R252G107B33;x
18437;49;146;86;R114G234B35;x
18438;147;140;116;R105G131B204;x
18439;235;168;59;R206G190B91;x
18440;195;179;113;R53G29B139;x
18441;66;119;113;R151G35B232;x
18442;171;156;98;R210G58B30;x
18443;205;171;74;R7G71B161;x
18444;225;166;61;R67G189B197;x
18445;152;187;113;R187G255B234;x
18446;162;216;79;R192G252B204;x
18447;217;125;115;R59G76B90;x
18448;160;164;156;R27G146B140;x
18449;193;185;107;R115G48B184;x
18450;175;129;149;R205G107B166;x
18451;181;138;158;R9G172B26;x
18452;106;170;87;R99G110B139;x
18453;194;167;76;R185G43B219;x
18454;191;174;105;R6G247B139;x
18455;180;134;145;R40G59B64;x
18456;198;171;119;R179G249B252;x
18457;66;118;111;R87G4B90;x
18458;188;142;73;R117G199B214;x
18459;109;153;77;R98G174B103;x
18460;122;188;115;R122G233B80;x
18461;130;169;71;R222G182B239;x
18462;203;139;106;R144G148B29;x
18463;96;145;112;R27G122B92;x
18464;107;161;128;R223G37B176;x
18465;174;183;68;R59G230B71;x
18466;193;168;84;R223G81B54;x
18467;189;169;68;R141G109B198;x
18468;157;118;108;R69G79B185;x
18469;198;169;81;R140G36B204;x
18470;188;151;113;R16G14B167;x
18471;205;158;122;R12G253B168;x
18472;128;139;109;R43G233B41;x
18473;201;192;87;R175G56B226;x
18474;164;153;108;R211G137B157;x
18475;110;127;110;R95G211B11;x
18476;212;129;104;R134G110B234;x
18477;148;148;166;R30G81B74;x
18478;153;161;135;R194G143B221;x
18479;129;156;182;R101G158B23;x
18480;174;102;98;R249G120B88;x
18481;140;174;142;R30G74B161;x
18482;162;151;81;R197G0B55;x
18483;189;187;63;R156G144B150;x
18484;163;201;188;R233G66B171;x
18485;186;155;100;R100G163B131;x
18486;162;170;126;R64G163B47;x
18487;199;134;120;R224G171B190;x
18488;240;192;104;R203G2B223;x
18489;173;176;94;R87G111B19;x
18490;141;152;187;R189G195B238;x
18491;201;212;103;R126G41B25;x
18492;203;150;134;R146G193B99;x
18493;169;123;177;R107G168B80;x
18494;166;172;81;R250G5B191;x
18495;166;142;96;R147G8B146;x
18496;164;151;140;R153G61B101;x
18497;143;214;99;R197G144B115;x
18498;227;174;55;R252G196B137;x
18499;172;143;180;R146G217B31;x
18500;95;135;58;R239G61B248;x
18501;129;150;152;R163G100B174;x
18502;195;167;107;R252G231B95;x
18503;148;188;150;R33G59B66;x
18504;215;237;140;R150G139B42;x
18505;212;181;114;R17G25B74;x
18506;158;149;116;R134G3B159;x
18507;106;153;60;R47G167B55;x
18508;189;196;103;R114G197B38;x
18509;220;114;105;R15G8B118;x
18510;146;143;109;R173G53B12;x
18511;110;109;76;R146G129B245;x
18512;153;166;128;R113G184B138;x
18513;94;171;91;R12G42B174;x
18514;192;162;140;R169G135B103;x
18515;192;165;82;R162G41B9;x
18516;196;151;100;R205G217B17;x
18517;139;158;139;R234G187B183;x
18518;183;131;129;R109G114B252;x
18519;233;196;95;R113G108B66;x
18520;185;188;128;R110G174B52;x
18521;194;158;70;R186G17B173;x
18522;160;147;142;R88G39B234;x
18523;203;161;84;R110G224B216;x
18524;168;198;83;R208G37B211;x
18525;240;152;61;R32G124B121;x
18526;182;210;116;R174G255B221;x
18527;217;168;103;R221G98B32;x
18528;176;131;72;R84G147B175;x
18529;176;172;96;R200G124B12;x
18530;152;141;83;R67G175B48;x
18531;195;162;116;R228G104B135;x
18532;127;136;154;R16G160B218;x
18533;202;151;149;R186G94B200;x
18534;197;157;126;R204G125B135;x
18535;157;153;78;R192G230B176;x
18536;199;188;75;R171G47B53;x
18537;214;182;117;R188G43B180;x
18538;144;150;174;R110G253B114;x
18539;197;183;92;R231G165B252;x
18540;173;152;184;R38G217B148;x
18541;203;193;111;R119G149B169;x
18542;190;161;115;R245G117B139;x
18543;199;180;103;R239G206B38;x
18544;89;110;73;R6G203B225;x
18545;168;140;151;R212G137B21;x
18546;240;171;105;R86G245B201;x
18547;110;143;196;R228G191B4;x
18548;109;129;111;R132G153B145;x
18549;182;192;111;R0G230B245;x
18550;201;169;110;R173G175B79;x
18551;169;181;103;R235G60B39;x
18552;111;157;119;R212G241B1;x
18553;220;160;95;R74G91B25;x
18554;154;173;149;R57G186B6;x
18555;104;131;65;R137G214B175;x
18556;218;176;121;R42G230B195;x
18557;175;152;82;R195G19B127;x
18558;145;197;113;R128G217B24;x
18559;207;146;92;R114G33B82;x
18560;190;193;96;R227G224B194;x
18561;172;133;155;R138G47B149;x
18562;191;184;56;R154G25B104;x
18563;154;166;97;R19G189B141;x
18564;166;161;128;R234G159B57;x
18565;173;138;105;R122G162B205;x
18566;191;143;66;R77G197B141;x
18567;227;174;78;R246G122B161;x
18568;169;191;170;R137G239B98;x
18569;185;167;75;R153G132B81;x
18570;165;179;60;R157G160B229;x
18571;86;144;84;R253G152B210;x
18572;213;163;156;R30G221B72;x
18573;224;163;100;R73G138B23;x
18574;207;166;138;R123G245B133;x
18575;219;151;115;R109G245B63;x
18576;192;187;100;R158G113B100;x
18577;209;177;106;R75G148B120;x
18578;203;193;88;R176G112B105;x
18579;163;154;135;R49G21B195;x
18580;195;157;102;R174G206B33;x
18581;174;175;113;R150G41B187;x
18582;178;196;63;R40G241B34;x
18583;137;216;95;R159G3B47;x
18584;203;205;97;R160G197B133;x
18585;122;148;96;R203G212B224;x
18586;168;141;136;R67G96B214;x
18587;155;175;98;R33G252B147;x
18588;180;149;183;R119G186B209;x
18589;193;136;87;R17G122B96;x
18590;181;193;146;R169G121B102;x
18591;196;150;91;R52G11B229;x
18592;206;126;141;R127G226B14;x
18593;175;151;155;R223G204B3;x
18594;207;184;113;R186G253B203;x
18595;128;117;81;R173G141B238;x
18596;95;131;87;R188G36B225;x
18597;149;170;74;R45G110B73;x
18598;130;136;141;R198G191B33;x
18599;170;167;146;R180G213B168;x
18600;71;144;83;R52G11B168;x
18601;220;197;117;R197G226B239;x
18602;117;160;79;R69G128B36;x
18603;114;129;93;R206G211B92;x
18604;240;174;72;R86G240B161;x
18605;172;198;134;R220G46B148;x
18606;219;170;52;R242G154B224;x
18607;201;156;99;R114G124B105;x
18608;214;132;122;R137G243B216;x
18609;172;177;85;R147G253B22;x
18610;206;193;82;R207G15B190;x
18611;182;155;98;R2G139B231;x
18612;157;159;67;R180G241B225;x
18613;170;111;120;R165G155B62;x
18614;179;194;56;R197G75B145;x
18615;108;135;72;R92G68B45;x
18616;213;185;93;R164G22B59;x
18617;186;168;152;R107G128B126;x
18618;179;167;121;R179G199B65;x
18619;199;159;137;R135G18B5;x
18620;52;124;58;R19G11B80;x
18621;102;132;131;R215G48B68;x
18622;108;188;120;R247G35B4;x
18623;217;132;37;R21G250B200;x
18624;202;143;117;R244G254B126;x
18625;200;156;92;R120G62B172;x
18626;139;199;71;R134G6B30;x
18627;175;171;74;R172G64B200;x
18628;208;146;77;R89G30B26;x
18629;155;152;146;R76G163B34;x
18630;99;123;83;R203G147B192;x
18631;169;151;144;R118G230B76;x
18632;187;135;86;R131G219B205;x
18633;170;217;79;R216G127B74;x
18634;87;126;125;R231G65B245;x
18635;194;185;150;R200G177B217;x
18636;116;139;79;R5G83B26;x
18637;127;160;108;R222G205B193;x
18638;140;150;140;R254G25B172;x
18639;178;199;102;R245G245B143;x
18640;98;113;157;R14G1B93;x
18641;162;204;158;R8G131B68;x
18642;205;165;78;R123G32B171;x
18643;102;171;118;R150G79B58;x
18644;169;185;88;R187G6B175;x
18645;196;129;64;R106G86B235;x
18646;168;153;124;R2G135B1;x
18647;182;211;107;R22G55B175;x
18648;193;132;124;R22G43B1;x
18649;133;137;72;R125G33B51;x
18650;182;204;129;R127G66B254;x
18651;96;146;63;R113G183B158;x
18652;126;118;102;R123G26B78;x
18653;217;167;116;R16G109B48;x
18654;170;134;86;R242G85B91;x
18655;211;156;115;R192G252B36;x
18656;87;182;89;R235G76B66;x
18657;188;123;33;R63G50B165;x
18658;166;212;121;R207G0B147;x
18659;109;151;147;R254G92B119;x
18660;65;154;114;R100G224B204;x
18661;232;201;92;R88G57B203;x
18662;183;175;82;R144G249B122;x
18663;187;159;135;R152G182B153;x
18664;192;135;132;R223G224B168;x
18665;153;134;151;R245G247B85;x
18666;214;170;114;R86G133B38;x
18667;77;149;94;R3G211B108;x
18668;172;197;115;R133G230B240;x
18669;84;130;83;R144G37B210;x
18670;185;143;82;R190G252B220;x
18671;155;159;139;R34G104B88;x
18672;190;142;145;R121G100B23;x
18673;155;145;60;R220G235B72;x
18674;208;152;127;R171G45B165;x
18675;186;161;147;R41G200B227;x
18676;202;183;105;R32G190B135;x
18677;151;171;143;R96G217B187;x
18678;189;180;115;R15G225B19;x
18679;148;172;126;R87G22B162;x
18680;164;204;151;R193G26B100;x
18681;198;172;167;R211G209B238;x
18682;125;176;170;R21G82B123;x
18683;204;136;65;R0G23B41;x
18684;179;178;133;R48G68B34;x
18685;72;119;77;R64G62B100;x
18686;136;120;107;R220G150B170;x
18687;216;132;111;R197G211B73;x
18688;184;186;161;R8G10B207;x
18689;219;171;110;R72G36B4;x
18690;186;149;179;R188G22B133;x
18691;225;235;111;R241G80B116;x
18692;177;119;103;R46G92B44;x
18693;186;191;66;R251G128B114;x
18694;69;116;69;R174G167B104;x
18695;113;160;138;R147G55B81;x
18696;216;184;89;R105G17B99;x
18697;116;127;157;R124G169B50;x
18698;132;153;199;R187G202B54;x
18699;146;158;153;R18G9B53;x
18700;163;160;136;R232G62B101;x
18701;185;205;70;R73G230B200;x
18702;240;212;120;R1G29B181;x
18703;39;154;74;R174G59B92;x
18704;186;170;125;R44G45B211;x
18705;112;156;171;R224G138B230;x
18706;185;205;78;R156G23B180;x
18707;174;187;172;R134G204B132;x
18708;215;164;83;R47G111B95;x
18709;197;169;136;R207G19B22;x
18710;212;196;98;R227G241B68;x
18711;182;140;128;R211G173B107;x
18712;188;165;75;R127G171B35;x
18713;156;163;109;R233G0B159;x
18714;176;185;136;R211G168B102;x
18715;63;136;55;R20G53B235;x
18716;134;107;145;R157G147B194;x
18717;158;185;117;R82G202B125;x
18718;233;149;84;R61G11B190;x
18719;154;203;97;R216G196B130;x
18720;189;199;157;R59G193B195;x
18721;199;213;91;R107G214B223;x
18722;105;123;42;R231G50B180;x
18723;89;108;167;R199G80B50;x
18724;193;153;112;R193G200B45;x
18725;144;186;132;R113G110B147;x
18726;194;163;123;R239G183B219;x
18727;186;148;70;R123G214B219;x
18728;95;166;99;R23G18B252;x
18729;179;180;171;R174G171B26;x
18730;109;124;113;R120G190B176;x
18731;234;141;85;R167G73B76;x
18732;169;162;125;R206G120B156;x
18733;215;127;91;R5G104B141;x
18734;165;184;105;R58G46B150;x
18735;179;204;107;R42G182B47;x
18736;186;173;89;R69G124B159;x
18737;212;128;81;R110G181B238;x
18738;182;146;153;R106G236B89;x
18739;233;157;105;R174G239B147;x
18740;173;180;108;R201G46B52;x
18741;95;124;129;R9G116B193;x
18742;194;143;120;R145G119B246;x
18743;142;103;76;R199G202B148;x
18744;63;153;109;R191G33B245;x
18745;159;168;98;R167G134B63;x
18746;199;204;106;R105G177B99;x
18747;164;132;141;R141G33B50;x
18748;189;141;157;R77G34B214;x
18749;179;124;134;R168G224B1;x
18750;173;179;89;R129G177B7;x
18751;195;170;62;R216G49B50;x
18752;206;199;94;R10G240B94;x
18753;136;164;90;R153G118B160;x
18754;202;121;130;R53G78B184;x
18755;207;155;92;R33G52B242;x
18756;165;127;120;R177G148B79;x
18757;235;168;91;R151G76B176;x
18758;196;147;149;R125G138B60;x
18759;196;177;80;R144G221B181;x
18760;190;157;149;R37G230B8;x
18761;152;192;151;R78G101B245;x
18762;176;178;167;R153G232B193;x
18763;114;136;76;R219G25B94;x
18764;191;161;125;R12G47B64;x
18765;227;143;96;R113G253B66;x
18766;230;147;93;R178G179B52;x
18767;223;109;111;R123G19B247;x
18768;67;117;69;R71G9B164;x
18769;180;222;138;R190G168B19;x
18770;115;208;113;R150G255B15;x
18771;171;151;131;R254G50B156;x
18772;90;148;94;R163G222B126;x
18773;84;113;103;R131G236B183;x
18774;185;163;103;R232G237B183;x
18775;191;219;106;R59G114B229;x
18776;203;179;101;R149G104B160;x
18777;151;125;138;R152G14B85;x
18778;96;174;63;R28G109B227;x
18779;160;174;98;R133G61B1;x
18780;224;153;79;R48G72B251;x
18781;220;151;66;R43G211B133;x
18782;207;206;123;R72G150B126;x
18783;175;161;100;R37G123B119;x
18784;224;155;74;R221G3B160;x
18785;171;166;95;R115G217B108;x
18786;176;206;74;R221G111B40;x
18787;180;186;144;R187G223B70;x
18788;220;183;95;R63G4B161;x
18789;202;137;85;R100G87B244;x
18790;83;127;80;R204G191B91;x
18791;234;181;75;R51G137B252;x
18792;192;219;69;R171G147B233;x
18793;135;137;134;R227G38B93;x
18794;105;177;131;R5G190B218;x
18795;181;121;100;R234G35B173;x
18796;161;160;140;R34G84B227;x
18797;189;149;67;R142G209B43;x
18798;89;124;89;R105G124B59;x
18799;231;172;129;R41G205B0;x
18800;164;174;123;R158G143B179;x
18801;233;171;102;R134G134B201;x
18802;210;144;82;R99G131B42;x
18803;73;110;115;R9G138B61;x
18804;160;215;123;R102G117B125;x
18805;168;169;164;R15G236B140;x
18806;166;148;119;R10G5B38;x
18807;150;169;105;R185G40B193;x
18808;97;144;82;R179G230B64;x
18809;132;173;154;R1G225B242;x
18810;197;177;124;R9G250B125;x
18811;220;180;117;R174G70B145;x
18812;139;132;149;R202G195B249;x
18813;175;196;150;R110G31B132;x
18814;125;127;98;R14G221B156;x
18815;175;132;109;R100G106B136;x
18816;203;183;118;R146G36B187;x
18817;187;152;74;R228G66B37;x
18818;195;141;100;R144G57B215;x
18819;76;110;53;R61G137B231;x
18820;84;125;64;R145G231B209;x
18821;106;168;119;R73G209B175;x
18822;166;169;148;R60G214B129;x
18823;137;173;189;R194G192B132;x
18824;186;172;149;R71G37B26;x
18825;186;162;165;R252G22B15;x
18826;192;197;174;R220G208B125;x
18827;176;183;134;R220G165B231;x
18828;215;180;119;R0G87B218;x
18829;98;119;62;R25G55B199;x
18830;150;174;91;R123G173B250;x
18831;236;190;122;R95G91B191;x
18832;161;168;103;R93G4B196;x
18833;218;204;109;R132G219B149;x
18834;98;116;74;R163G137B62;x
18835;83;148;113;R231G179B56;x
18836;192;156;114;R127G233B193;x
18837;173;169;163;R103G160B88;x
18838;174;123;114;R11G244B159;x
18839;118;156;95;R219G120B86;x
18840;174;179;157;R87G206B201;x
18841;118;137;111;R115G251B157;x
18842;112;137;76;R35G228B105;x
18843;221;185;52;R30G164B102;x
18844;177;180;65;R202G45B115;x
18845;183;169;81;R175G134B217;x
18846;70;172;111;R22G97B21;x
18847;166;192;147;R173G43B131;x
18848;105;126;121;R7G15B42;x
18849;115;142;187;R88G27B70;x
18850;221;203;103;R56G222B133;x
18851;232;148;93;R36G206B188;x
18852;202;151;96;R100G21B175;x
18853;212;194;92;R135G168B227;x
18854;164;161;121;R37G205B131;x
18855;188;159;141;R52G135B206;x
18856;205;132;85;R78G51B100;x
18857;183;174;89;R172G232B229;x
18858;140;131;139;R95G83B2;x
18859;193;156;113;R133G97B139;x
18860;148;142;123;R100G181B119;x
18861;178;201;154;R160G176B173;x
18862;189;171;131;R235G114B11;x
18863;197;130;101;R245G200B60;x
18864;164;138;75;R107G6B186;x
18865;192;140;104;R28G246B124;x
18866;183;216;78;R119G251B158;x
18867;203;160;78;R89G28B120;x
18868;119;153;140;R43G194B50;x
18869;189;172;55;R72G204B90;x
18870;222;175;126;R116G11B208;x
18871;66;150;65;R145G98B130;x
18872;230;143;95;R227G91B42;x
18873;162;127;172;R233G204B86;x
18874;217;173;114;R104G41B179;x
18875;210;178;136;R132G213B90;x
18876;207;119;68;R57G107B227;x
18877;180;208;92;R76G132B79;x
18878;96;121;170;R163G198B8;x
18879;223;173;95;R194G118B187;x
18880;218;159;60;R8G60B40;x
18881;231;161;94;R52G63B48;x
18882;145;113;164;R143G118B122;x
18883;178;181;101;R219G98B60;x
18884;166;135;95;R64G215B84;x
18885;163;166;104;R149G52B207;x
18886;202;171;68;R119G252B167;x
18887;201;125;109;R127G102B169;x
18888;177;197;118;R255G134B231;x
18889;81;132;62;R214G1B93;x
18890;154;192;104;R149G51B8;x
18891;197;121;101;R204G2B22;x
18892;204;203;87;R153G217B62;x
18893;139;161;129;R73G163B4;x
18894;156;157;90;R1G249B100;x
18895;224;163;91;R192G232B103;x
18896;120;132;77;R81G43B169;x
18897;103;117;171;R48G39B209;x
18898;89;127;112;R239G48B19;x
18899;201;174;87;R151G243B18;x
18900;165;156;94;R33G57B131;x
18901;220;133;54;R150G43B2;x
18902;202;161;177;R54G33B186;x
18903;217;163;67;R171G232B121;x
18904;185;187;110;R167G21B47;x
18905;173;135;95;R135G34B52;x
18906;187;155;96;R104G204B254;x
18907;67;122;101;R239G75B84;x
18908;132;142;103;R59G232B16;x
18909;177;158;113;R109G245B150;x
18910;214;143;109;R60G113B11;x
18911;113;94;81;R69G152B200;x
18912;195;159;99;R194G205B88;x
18913;171;162;156;R66G1B206;x
18914;168;185;189;R156G11B5;x
18915;143;129;154;R109G178B197;x
18916;71;130;72;R92G15B185;x
18917;191;190;122;R120G5B85;x
18918;137;178;157;R145G52B145;x
18919;226;172;100;R135G116B195;x
18920;188;200;65;R60G51B226;x
18921;186;155;138;R76G228B164;x
18922;172;185;86;R10G126B234;x
18923;207;162;180;R187G133B121;x
18924;170;166;101;R144G137B231;x
18925;189;179;127;R243G109B64;x
18926;179;175;183;R13G91B35;x
18927;177;188;63;R242G120B170;x
18928;196;193;123;R142G208B105;x
18929;129;170;104;R55G137B190;x
18930;197;190;81;R38G187B195;x
18931;188;218;122;R203G58B216;x
18932;232;192;112;R85G213B248;x
18933;202;174;116;R121G249B127;x
18934;111;163;154;R70G120B164;x
18935;97;140;160;R33G120B104;x
18936;224;148;35;R220G154B180;x
18937;101;137;104;R106G168B66;x
18938;73;113;38;R50G167B125;x
18939;205;144;118;R32G223B78;x
18940;184;137;133;R134G230B168;x
18941;181;177;168;R48G187B24;x
18942;187;145;147;R58G38B92;x
18943;208;224;105;R156G224B152;x
18944;166;207;146;R213G73B146;x
18945;177;132;157;R136G4B43;x
18946;162;138;75;R115G17B17;x
18947;181;109;121;R83G213B63;x
18948;187;165;106;R161G61B171;x
18949;219;191;103;R120G0B230;x
18950;240;215;60;R206G150B127;x
18951;202;181;100;R104G111B37;x
18952;201;136;164;R255G213B35;x
18953;185;189;189;R87G149B184;x
18954;204;164;72;R116G181B102;x
18955;145;182;121;R57G16B63;x
18956;202;207;91;R6G239B93;x
18957;206;158;141;R255G222B142;x
18958;168;180;111;R22G164B167;x
18959;166;180;85;R17G61B126;x
18960;189;207;102;R162G224B181;x
18961;171;188;134;R109G125B138;x
18962;192;154;153;R231G168B158;x
18963;150;143;151;R249G13B0;x
18964;170;129;142;R73G127B57;x
18965;95;123;98;R82G147B254;x
18966;202;216;95;R81G88B83;x
18967;170;148;153;R67G117B132;x
18968;96;157;79;R28G146B33;x
18969;186;154;85;R213G66B147;x
18970;216;183;48;R243G235B191;x
18971;159;137;79;R34G235B134;x
18972;201;171;92;R156G121B56;x
18973;200;145;105;R148G145B115;x
18974;162;146;131;R44G240B75;x
18975;114;98;97;R5G26B15;x
18976;192;149;119;R47G25B20;x
18977;139;144;163;R14G7B150;x
18978;108;125;68;R31G12B179;x
18979;176;125;83;R116G234B175;x
18980;126;157;138;R166G71B124;x
18981;156;144;124;R191G63B89;x
18982;138;200;64;R12G148B26;x
18983;199;136;38;R25G130B7;x
18984;164;199;97;R0G16B14;x
18985;166;193;140;R84G61B241;x
18986;170;148;128;R134G102B160;x
18987;156;162;127;R153G136B221;x
18988;72;138;112;R69G46B99;x
18989;173;126;141;R2G236B73;x
18990;96;125;161;R245G191B137;x
18991;196;175;105;R154G11B252;x
18992;217;180;125;R177G46B133;x
18993;157;189;148;R165G68B67;x
18994;205;164;162;R225G104B201;x
18995;203;152;91;R218G38B15;x
18996;207;169;57;R104G160B59;x
18997;198;162;85;R91G14B35;x
18998;106;141;61;R248G211B48;x
18999;61;137;68;R15G196B72;x
19000;240;170;58;R87G199B121;x
19001;226;183;43;R172G154B98;x
19002;176;171;84;R168G200B184;x
19003;176;199;109;R81G96B37;x
19004;158;223;96;R189G240B195;x
19005;171;172;173;R228G60B73;x
19006;186;191;121;R38G199B240;x
19007;231;120;107;R3G76B84;x
19008;197;181;65;R85G2B76;x
19009;232;179;125;R222G91B8;x
19010;158;187;138;R181G98B153;x
19011;158;131;128;R242G163B180;x
19012;147;172;148;R31G135B34;x
19013;173;157;114;R165G253B236;x
19014;148;194;69;R86G75B136;x
19015;202;172;119;R35G166B91;x
19016;178;182;113;R17G113B33;x
19017;103;140;103;R60G110B98;x
19018;154;155;102;R207G13B55;x
19019;211;150;94;R226G43B157;x
19020;213;142;111;R85G137B219;x
19021;170;173;176;R32G119B98;x
19022;148;182;129;R235G252B243;x
19023;112;142;124;R139G78B64;x
19024;161;179;165;R176G224B205;x
19025;54;122;128;R81G161B213;x
19026;197;133;147;R222G141B221;x
19027;176;173;85;R81G38B253;x
19028;152;155;79;R93G90B178;x
19029;79;121;122;R240G214B242;x
19030;196;191;87;R57G40B202;x
19031;161;152;150;R112G230B183;x
19032;203;127;109;R143G15B90;x
19033;67;135;95;R35G11B201;x
19034;184;194;125;R103G16B240;x
19035;162;106;87;R149G75B214;x
19036;157;148;171;R19G228B101;x
19037;125;132;103;R172G196B14;x
19038;182;208;83;R8G57B47;x
19039;198;162;121;R156G153B97;x
19040;62;118;120;R158G22B152;x
19041;172;137;81;R86G220B161;x
19042;150;117;100;R107G179B148;x
19043;166;118;102;R16G161B52;x
19044;144;138;162;R187G79B124;x
19045;117;148;116;R195G80B10;x
19046;151;178;140;R187G80B81;x
19047;172;154;131;R142G96B142;x
19048;196;143;79;R135G242B217;x
19049;112;131;91;R252G195B92;x
19050;196;136;132;R66G219B139;x
19051;183;165;136;R49G173B49;x
19052;123;180;86;R126G215B110;x
19053;142;143;151;R169G112B197;x
19054;221;139;94;R139G87B223;x
19055;224;235;125;R254G121B209;x
19056;194;156;93;R38G253B120;x
19057;159;159;101;R154G53B68;x
19058;190;182;111;R92G199B230;x
19059;161;167;162;R42G16B69;x
19060;180;177;85;R232G177B226;x
19061;215;168;91;R32G19B18;x
19062;237;170;109;R120G167B173;x
19063;204;177;33;R42G163B238;x
19064;163;209;95;R65G23B15;x
19065;127;157;126;R153G2B176;x
19066;94;126;56;R242G83B223;x
19067;145;193;148;R182G59B128;x
19068;173;113;95;R188G157B37;x
19069;205;150;113;R53G126B145;x
19070;216;218;125;R36G211B240;x
19071;179;155;169;R33G108B217;x
19072;170;161;61;R2G206B83;x
19073;211;210;103;R218G145B217;x
19074;141;149;161;R230G164B152;x
19075;211;118;178;R180G93B8;x
19076;111;110;68;R224G145B222;x
19077;202;149;111;R45G136B105;x
19078;198;183;87;R230G134B88;x
19079;164;152;58;R7G67B244;x
19080;202;180;156;R106G210B150;x
19081;231;138;84;R79G14B158;x
19082;151;206;115;R242G123B121;x
19083;187;142;98;R64G69B186;x
19084;118;145;170;R210G215B171;x
19085;167;159;117;R61G40B247;x
19086;208;185;103;R149G46B32;x
19087;148;156;165;R200G140B18;x
19088;211;201;104;R7G123B187;x
19089;103;110;66;R79G47B206;x
19090;99;152;88;R16G67B113;x
19091;171;142;151;R115G192B4;x
19092;181;179;140;R172G167B191;x
19093;169;95;122;R203G171B77;x
19094;175;166;85;R183G24B41;x
19095;188;203;117;R16G254B29;x
19096;205;158;62;R81G198B75;x
19097;228;170;77;R104G34B94;x
19098;143;118;107;R153G182B138;x
19099;190;152;114;R247G190B26;x
19100;145;171;129;R27G111B78;x
19101;202;143;72;R183G123B85;x
19102;177;211;135;R111G207B17;x
19103;194;151;78;R64G59B60;x
19104;200;181;124;R125G201B203;x
19105;141;172;124;R123G87B90;x
19106;72;128;81;R158G217B137;x
19107;191;180;151;R163G165B143;x
19108;129;192;107;R75G33B89;x
19109;191;158;68;R228G254B108;x
19110;193;184;90;R247G30B82;x
19111;97;117;115;R172G7B74;x
19112;169;172;88;R47G32B71;x
19113;190;132;95;R22G167B173;x
19114;109;106;81;R187G103B60;x
19115;219;168;86;R191G202B49;x
19116;222;159;85;R64G17B180;x
19117;170;201;81;R2G123B69;x
19118;151;161;154;R0G37B183;x
19119;172;178;140;R145G220B34;x
19120;109;151;97;R21G213B72;x
19121;84;136;130;R72G121B17;x
19122;201;151;119;R226G169B5;x
19123;207;144;87;R88G214B173;x
19124;172;163;133;R252G248B30;x
19125;237;171;76;R133G39B210;x
19126;240;135;73;R81G134B25;x
19127;211;143;75;R227G69B2;x
19128;231;155;120;R100G41B230;x
19129;76;145;122;R4G221B99;x
19130;206;142;57;R123G254B129;x
19131;139;148;101;R102G4B72;x
19132;163;164;143;R224G149B42;x
19133;206;196;100;R110G243B252;x
19134;207;149;90;R232G171B12;x
19135;136;165;126;R90G114B0;x
19136;182;171;153;R122G38B228;x
19137;201;209;71;R48G96B102;x
19138;239;174;96;R139G174B134;x
19139;186;106;120;R250G107B130;x
19140;168;193;134;R91G230B198;x
19141;218;178;66;R95G145B144;x
19142;196;162;87;R35G250B194;x
19143;155;213;134;R97G226B192;x
19144;206;185;134;R151G200B222;x
19145;87;172;97;R211G194B110;x
19146;190;200;97;R134G220B232;x
19147;165;187;104;R24G19B132;x
19148;215;163;89;R255G247B188;x
19149;210;146;152;R98G73B40;x
19150;156;191;138;R96G110B125;x
19151;163;137;150;R145G69B98;x
19152;129;128;125;R165G229B71;x
19153;234;139;74;R202G85B143;x
19154;101;128;82;R92G236B94;x
19155;196;116;127;R174G11B203;x
19156;135;138;82;R117G6B154;x
19157;192;167;73;R110G10B31;x
19158;203;145;101;R37G48B183;x
19159;185;152;75;R168G111B12;x
19160;97;142;78;R148G85B110;x
19161;176;143;91;R74G24B249;x
19162;129;157;130;R222G56B19;x
19163;172;178;107;R188G11B214;x
19164;198;209;122;R20G114B114;x
19165;183;171;118;R0G218B120;x
19166;206;150;124;R141G51B203;x
19167;201;137;78;R11G242B129;x
19168;209;162;90;R98G59B133;x
19169;204;140;128;R129G117B169;x
19170;193;128;37;R127G230B58;x
19171;178;180;182;R56G201B15;x
19172;106;123;116;R154G45B224;x
19173;213;183;72;R239G38B104;x
19174;199;161;120;R78G86B48;x
19175;186;183;128;R221G255B166;x
19176;168;161;78;R38G248B36;x
19177;166;185;174;R11G171B139;x
19178;199;123;79;R10G152B6;x
19179;123;139;84;R117G171B184;x
19180;188;191;100;R89G236B35;x
19181;217;167;70;R202G113B16;x
19182;181;172;114;R225G188B173;x
19183;190;150;103;R49G170B53;x
19184;240;157;69;R87G58B37;x
19185;199;125;155;R3G189B153;x
19186;64;151;79;R218G127B119;x
19187;240;214;86;R238G61B63;x
19188;196;161;96;R215G194B41;x
19189;240;162;52;R109G36B175;x
19190;181;201;121;R2G0B240;x
19191;152;187;86;R9G194B46;x
19192;102;132;82;R180G224B88;x
19193;144;140;87;R98G25B67;x
19194;94;150;128;R112G13B143;x
19195;163;212;110;R229G205B133;x
19196;217;163;98;R1G7B173;x
19197;182;178;161;R198G182B5;x
19198;152;150;183;R237G4B105;x
19199;190;159;81;R227G251B22;x
19200;205;178;61;R216G196B6;x
19201;158;155;165;R179G193B170;x
19202;159;153;100;R105G230B19;x
19203;202;109;128;R248G221B43;x
19204;66;137;104;R242G22B140;x
19205;86;114;55;R40G228B50;x
19206;191;155;139;R33G102B168;x
19207;195;172;162;R112G42B219;x
19208;220;128;128;R148G63B73;x
19209;181;132;117;R107G182B93;x
19210;228;149;122;R236G58B54;x
19211;178;187;69;R90G211B194;x
19212;187;184;99;R22G216B145;x
19213;77;147;68;R35G144B247;x
19214;201;196;111;R225G128B102;x
19215;193;169;69;R222G139B139;x
19216;154;119;60;R83G169B92;x
19217;201;198;122;R88G216B67;x
19218;81;127;136;R205G116B239;x
19219;172;103;109;R101G239B45;x
19220;216;188;112;R176G156B126;x
19221;204;179;131;R135G215B121;x
19222;171;120;175;R248G190B169;x
19223;177;149;55;R48G73B249;x
19224;172;206;101;R122G58B98;x
19225;177;154;131;R0G247B68;x
19226;202;211;157;R156G47B77;x
19227;122;137;94;R214G221B184;x
19228;152;170;107;R153G154B116;x
19229;123;191;135;R72G46B39;x
19230;199;147;85;R180G82B240;x
19231;114;169;128;R66G149B50;x
19232;195;153;115;R33G31B181;x
19233;190;198;100;R115G27B154;x
19234;164;131;164;R218G156B2;x
19235;193;144;82;R179G43B217;x
19236;90;137;112;R81G219B1;x
19237;205;139;80;R86G227B174;x
19238;208;214;90;R2G188B124;x
19239;95;166;171;R217G128B152;x
19240;203;203;91;R110G123B88;x
19241;195;105;134;R11G61B144;x
19242;175;166;125;R53G124B33;x
19243;200;150;119;R224G21B110;x
19244;199;169;95;R255G112B164;x
19245;137;164;84;R95G195B78;x
19246;115;119;63;R197G85B118;x
19247;176;157;153;R57G150B105;x
19248;171;131;90;R123G249B4;x
19249;177;174;175;R150G116B140;x
19250;206;161;91;R235G1B62;x
19251;161;176;145;R74G201B41;x
19252;66;162;70;R181G145B250;x
19253;109;154;75;R255G30B167;x
19254;196;107;143;R195G215B222;x
19255;210;191;133;R136G198B93;x
19256;173;180;50;R98G180B169;x
19257;221;166;82;R135G217B122;x
19258;181;201;67;R157G103B208;x
19259;181;222;91;R13G70B112;x
19260;203;122;126;R158G141B75;x
19261;156;179;86;R68G166B37;x
19262;98;141;88;R176G119B245;x
19263;186;148;97;R93G220B69;x
19264;175;174;71;R173G109B37;x
19265;172;148;112;R92G15B193;x
19266;186;187;83;R232G5B219;x
19267;214;151;75;R48G84B62;x
19268;188;143;78;R80G173B177;x
19269;161;205;95;R186G197B214;x
19270;141;151;160;R67G152B231;x
19271;89;138;99;R47G105B251;x
19272;208;171;104;R118G131B151;x
19273;159;141;106;R229G132B225;x
19274;207;175;128;R223G120B0;x
19275;201;152;144;R198G86B130;x
19276;189;158;179;R37G239B199;x
19277;107;169;163;R96G28B219;x
19278;197;160;148;R112G244B242;x
19279;195;168;105;R247G66B185;x
19280;75;114;83;R79G39B173;x
19281;234;184;145;R92G210B146;x
19282;222;142;123;R193G178B182;x
19283;205;138;115;R170G135B112;x
19284;163;195;74;R163G135B167;x
19285;150;159;139;R209G53B243;x
19286;194;147;134;R26G121B242;x
19287;150;189;156;R35G53B225;x
19288;187;165;122;R114G149B76;x
19289;198;173;150;R244G127B122;x
19290;135;168;143;R85G73B106;x
19291;181;197;159;R141G4B231;x
19292;128;147;156;R185G187B188;x
19293;188;179;141;R176G136B87;x
19294;213;109;91;R25G128B162;x
19295;165;168;120;R171G251B5;x
19296;98;114;112;R39G180B130;x
19297;163;126;127;R154G227B123;x
19298;99;127;88;R180G68B172;x
19299;105;94;157;R120G6B164;x
19300;188;126;129;R148G36B60;x
19301;145;171;77;R156G126B195;x
19302;80;128;123;R96G33B243;x
19303;99;152;60;R194G124B158;x
19304;86;129;107;R235G83B22;x
19305;196;172;176;R174G153B153;x
19306;187;165;169;R106G98B70;x
19307;70;102;128;R142G117B3;x
19308;104;162;146;R100G156B144;x
19309;201;133;116;R168G63B178;x
19310;92;128;198;R23G222B172;x
19311;220;152;114;R125G52B85;x
19312;200;139;148;R58G236B129;x
19313;217;156;66;R137G79B229;x
19314;221;191;45;R88G124B95;x
19315;103;156;125;R192G207B106;x
19316;138;127;69;R113G221B14;x
19317;220;147;74;R186G56B245;x
19318;216;168;112;R14G147B120;x
19319;160;181;60;R129G96B87;x
19320;201;136;75;R42G208B151;x
19321;109;135;90;R2G193B155;x
19322;210;128;135;R181G200B36;x
19323;193;135;126;R146G134B65;x
19324;100;162;100;R106G27B248;x
19325;177;160;159;R127G106B133;x
19326;162;170;91;R162G166B96;x
19327;134;154;170;R23G147B158;x
19328;221;182;57;R2G78B38;x
19329;163;179;98;R129G158B222;x
19330;127;188;150;R10G112B78;x
19331;177;159;131;R160G185B71;x
19332;193;185;120;R198G230B192;x
19333;233;195;82;R97G59B65;x
19334;194;139;156;R57G11B174;x
19335;87;142;115;R159G12B178;x
19336;198;151;137;R235G234B239;x
19337;195;167;79;R182G17B106;x
19338;227;194;93;R55G79B64;x
19339;100;108;90;R186G152B2;x
19340;99;97;98;R17G75B155;x
19341;198;146;112;R224G44B11;x
19342;193;167;125;R188G3B137;x
19343;165;175;94;R87G235B246;x
19344;203;182;105;R122G163B235;x
19345;112;134;77;R241G119B10;x
19346;49;122;80;R112G10B82;x
19347;185;164;85;R8G180B239;x
19348;150;179;112;R80G149B205;x
19349;190;171;72;R255G19B30;x
19350;178;174;106;R244G17B128;x
19351;179;163;108;R204G179B214;x
19352;192;121;93;R150G135B170;x
19353;113;185;145;R167G15B221;x
19354;53;139;68;R204G219B40;x
19355;185;159;130;R54G89B40;x
19356;157;156;133;R179G130B97;x
19357;190;161;140;R229G172B96;x
19358;105;174;154;R136G182B115;x
19359;196;154;98;R54G0B247;x
19360;89;123;113;R210G218B170;x
19361;195;161;109;R118G191B11;x
19362;203;121;96;R202G245B203;x
19363;119;151;149;R66G215B166;x
19364;141;169;125;R196G72B51;x
19365;56;146;109;R18G219B44;x
19366;116;161;129;R168G205B140;x
19367;186;164;30;R81G109B1;x
19368;206;156;53;R175G39B174;x
19369;184;136;149;R124G146B179;x
19370;192;159;91;R143G2B74;x
19371;142;144;132;R76G103B68;x
19372;205;139;102;R20G232B116;x
19373;182;216;117;R54G131B53;x
19374;142;115;147;R96G4B20;x
19375;79;151;37;R106G97B126;x
19376;98;162;168;R194G131B250;x
19377;227;151;75;R162G236B202;x
19378;85;119;96;R69G127B212;x
19379;170;161;184;R216G27B1;x
19380;220;128;92;R131G222B22;x
19381;141;165;131;R241G172B189;x
19382;222;144;87;R187G158B253;x
19383;224;174;131;R27G12B109;x
19384;237;139;89;R112G98B221;x
19385;175;154;113;R13G25B3;x
19386;184;115;41;R129G75B200;x
19387;165;176;134;R161G140B91;x
19388;224;163;71;R155G201B11;x
19389;203;189;111;R104G211B242;x
19390;181;158;164;R110G228B21;x
19391;193;179;58;R33G26B40;x
19392;204;173;103;R141G145B72;x
19393;93;167;101;R57G110B135;x
19394;161;159;128;R83G167B211;x
19395;151;188;127;R205G205B56;x
19396;144;140;129;R52G151B97;x
19397;197;189;114;R135G143B66;x
19398;138;107;131;R124G40B49;x
19399;202;148;106;R9G96B32;x
19400;158;165;62;R7G224B51;x
19401;80;113;60;R148G71B47;x
19402;178;162;124;R124G99B198;x
19403;68;154;113;R34G99B89;x
19404;158;181;82;R168G151B71;x
19405;142;143;90;R223G119B179;x
19406;208;137;98;R127G70B166;x
19407;178;147;103;R55G113B6;x
19408;220;140;107;R147G162B186;x
19409;145;194;161;R26G215B144;x
19410;179;94;119;R131G56B241;x
19411;110;157;81;R158G225B217;x
19412;142;167;147;R200G168B106;x
19413;163;162;127;R180G171B83;x
19414;85;150;177;R161G138B221;x
19415;207;209;89;R58G133B254;x
19416;225;137;74;R9G187B144;x
19417;195;148;96;R122G104B1;x
19418;91;116;52;R200G116B228;x
19419;203;166;121;R57G133B91;x
19420;180;143;123;R119G197B223;x
19421;196;155;131;R246G254B8;x
19422;122;151;147;R226G250B214;x
19423;188;136;121;R205G84B108;x
19424;208;174;139;R108G135B160;x
19425;119;174;76;R19G35B43;x
19426;141;177;157;R116G50B73;x
19427;96;107;118;R31G138B40;x
19428;193;158;118;R86G97B67;x
19429;186;180;135;R197G171B227;x
19430;183;143;147;R169G76B77;x
19431;217;149;164;R211G38B42;x
19432;73;121;79;R193G30B96;x
19433;167;151;148;R235G115B165;x
19434;171;140;98;R176G158B33;x
19435;209;199;93;R138G206B70;x
19436;144;183;103;R152G161B51;x
19437;205;174;151;R41G223B176;x
19438;199;122;113;R149G72B238;x
19439;203;156;124;R228G137B206;x
19440;196;175;126;R224G21B90;x
19441;206;206;68;R167G112B4;x
19442;120;135;129;R112G19B190;x
19443;214;138;106;R68G71B247;x
19444;167;171;96;R87G131B203;x
19445;199;167;118;R36G194B27;x
19446;193;123;110;R49G118B12;x
19447;123;148;101;R223G30B133;x
19448;82;146;59;R133G151B62;x
19449;116;127;116;R24G61B33;x
19450;183;202;82;R158G238B122;x
19451;196;137;148;R174G78B158;x
19452;191;158;87;R105G166B205;x
19453;189;162;93;R122G205B152;x
19454;172;173;85;R179G209B80;x
19455;175;169;101;R154G18B161;x
19456;153;134;131;R39G145B100;x
19457;210;197;114;R198G234B143;x
19458;230;178;100;R234G219B101;x
19459;97;99;96;R39G253B193;x
19460;177;137;102;R132G135B234;x
19461;97;152;84;R202G147B180;x
19462;182;164;123;R211G168B47;x
19463;174;204;181;R38G53B107;x
19464;147;176;171;R64G15B192;x
19465;179;131;129;R182G205B124;x
19466;87;159;109;R163G105B17;x
19467;160;199;164;R22G27B197;x
19468;216;225;90;R92G98B232;x
19469;93;128;75;R84G113B40;x
19470;98;134;57;R44G104B74;x
19471;209;195;103;R245G16B96;x
19472;185;226;155;R232G103B28;x
19473;219;156;101;R226G208B148;x
19474;227;183;107;R108G177B182;x
19475;204;192;97;R57G27B190;x
19476;166;180;107;R192G64B78;x
19477;204;204;80;R231G246B31;x
19478;122;115;133;R64G229B191;x
19479;169;188;138;R39G31B130;x
19480;156;145;167;R143G79B123;x
19481;218;184;140;R182G72B242;x
19482;172;155;85;R174G7B33;x
19483;187;147;134;R87G76B187;x
19484;193;150;87;R26G10B86;x
19485;177;176;80;R33G216B115;x
19486;159;194;86;R99G226B200;x
19487;184;158;105;R130G68B65;x
19488;171;184;132;R68G138B103;x
19489;161;148;125;R198G95B233;x
19490;206;185;126;R181G29B206;x
19491;203;173;91;R224G35B91;x
19492;184;140;84;R179G248B78;x
19493;172;150;109;R49G177B129;x
19494;103;130;47;R136G145B51;x
19495;171;156;112;R37G216B248;x
19496;227;150;56;R138G218B78;x
19497;150;150;174;R57G143B96;x
19498;185;171;96;R14G172B65;x
19499;180;167;178;R60G4B21;x
19500;221;171;93;R80G105B199;x
19501;208;167;73;R93G245B92;x
19502;164;157;142;R112G81B35;x
19503;82;111;74;R117G171B165;x
19504;185;170;107;R75G236B51;x
19505;217;138;108;R133G253B203;x
19506;240;146;98;R235G11B120;x
19507;158;171;99;R177G128B10;x
19508;240;133;106;R33G43B20;x
19509;174;181;131;R155G199B59;x
19510;176;187;58;R125G226B216;x
19511;83;155;74;R3G144B194;x
19512;203;145;64;R121G64B37;x
19513;189;206;131;R36G152B47;x
19514;194;151;169;R162G31B117;x
19515;198;175;65;R195G197B30;x
19516;189;149;136;R210G102B113;x
19517;197;179;101;R19G32B239;x
19518;97;145;111;R213G31B254;x
19519;197;149;123;R16G3B160;x
19520;195;195;61;R94G147B207;x
19521;184;179;102;R251G0B67;x
19522;185;169;156;R77G100B138;x
19523;112;109;113;R125G147B231;x
19524;96;121;173;R90G10B19;x
19525;202;150;96;R215G88B106;x
19526;193;154;64;R6G129B89;x
19527;159;175;111;R93G80B244;x
19528;77;141;65;R31G4B119;x
19529;90;132;76;R143G23B95;x
19530;203;187;93;R180G158B136;x
19531;156;172;134;R49G246B113;x
19532;167;141;148;R68G17B109;x
19533;158;153;148;R178G19B167;x
19534;205;133;94;R100G203B35;x
19535;182;133;133;R59G165B54;x
19536;121;163;107;R156G49B78;x
19537;150;175;116;R155G72B249;x
19538;118;161;156;R152G189B228;x
19539;131;142;144;R200G225B225;x
19540;160;147;149;R187G60B12;x
19541;192;172;82;R75G81B44;x
19542;171;185;103;R25G117B168;x
19543;141;136;63;R118G22B214;x
19544;137;146;161;R200G44B222;x
19545;146;148;128;R72G211B166;x
19546;208;191;87;R189G36B204;x
19547;176;182;98;R134G160B126;x
19548;169;191;118;R77G114B170;x
19549;173;171;78;R15G44B138;x
19550;167;197;92;R128G149B252;x
19551;70;125;105;R28G179B165;x
19552;112;135;81;R140G231B135;x
19553;186;139;154;R247G91B101;x
19554;84;150;62;R99G212B206;x
19555;204;203;125;R12G48B175;x
19556;200;193;111;R80G13B88;x
19557;179;148;158;R17G141B3;x
19558;182;142;97;R97G28B125;x
19559;192;86;65;R29G50B70;x
19560;173;173;120;R127G124B167;x
19561;163;195;90;R51G185B37;x
19562;182;122;136;R174G244B252;x
19563;170;126;54;R205G158B9;x
19564;219;178;87;R215G8B217;x
19565;159;177;143;R78G37B20;x
19566;126;107;55;R69G120B187;x
19567;198;155;102;R186G226B44;x
19568;143;159;127;R137G34B13;x
19569;174;172;146;R110G232B52;x
19570;186;164;141;R138G15B173;x
19571;155;184;96;R45G33B196;x
19572;94;122;134;R91G98B111;x
19573;138;123;147;R107G215B245;x
19574;214;212;92;R153G118B205;x
19575;121;132;105;R239G78B199;x
19576;217;169;118;R133G152B59;x
19577;208;170;92;R165G77B230;x
19578;188;127;158;R194G4B41;x
19579;172;121;177;R111G93B150;x
19580;99;155;137;R204G79B14;x
19581;211;196;139;R193G130B95;x
19582;149;171;123;R63G192B92;x
19583;176;203;63;R76G63B31;x
19584;80;170;113;R159G70B96;x
19585;206;168;159;R168G49B122;x
19586;199;193;122;R173G80B80;x
19587;79;137;104;R19G164B203;x
19588;146;214;91;R207G183B188;x
19589;186;158;117;R98G150B37;x
19590;198;186;170;R172G7B92;x
19591;161;158;127;R19G32B34;x
19592;112;137;102;R7G31B64;x
19593;182;154;116;R228G15B124;x
19594;202;201;114;R123G21B129;x
19595;178;189;65;R53G122B72;x
19596;169;162;157;R126G113B161;x
19597;215;202;57;R86G84B174;x
19598;233;161;72;R105G57B124;x
19599;201;176;93;R223G251B2;x
19600;156;202;160;R139G140B156;x
19601;96;157;63;R27G117B243;x
19602;200;240;114;R162G194B221;x
19603;112;155;147;R211G250B181;x
19604;205;166;68;R28G66B204;x
19605;173;181;170;R215G73B111;x
19606;60;146;114;R65G216B225;x
19607;188;133;149;R124G34B193;x
19608;210;183;80;R235G142B170;x
19609;232;171;68;R173G48B6;x
19610;181;181;161;R143G31B20;x
19611;185;201;110;R39G191B8;x
19612;177;148;78;R252G167B123;x
19613;102;155;163;R151G75B216;x
19614;195;173;66;R225G56B226;x
19615;190;170;139;R3G77B201;x
19616;97;134;64;R20G192B149;x
19617;108;140;125;R113G225B143;x
19618;194;164;131;R230G26B121;x
19619;219;148;109;R216G87B14;x
19620;196;188;60;R244G167B45;x
19621;74;164;60;R118G27B149;x
19622;156;147;130;R10G162B183;x
19623;203;160;95;R156G165B140;x
19624;143;196;177;R178G215B20;x
19625;133;172;135;R72G104B1;x
19626;127;154;119;R80G168B126;x
19627;169;159;133;R125G59B90;x
19628;178;105;75;R195G67B159;x
19629;179;162;101;R207G218B186;x
19630;186;143;110;R208G165B194;x
19631;227;191;107;R219G111B249;x
19632;157;149;151;R165G251B49;x
19633;173;171;74;R13G192B169;x
19634;197;173;60;R82G243B178;x
19635;89;148;96;R183G67B170;x
19636;180;136;109;R146G114B116;x
19637;174;148;112;R215G150B90;x
19638;112;146;117;R237G93B189;x
19639;162;205;92;R44G163B205;x
19640;175;184;71;R30G211B82;x
19641;240;154;83;R14G144B83;x
19642;214;167;79;R65G182B60;x
19643;142;167;159;R132G14B32;x
19644;210;180;127;R96G197B180;x
19645;163;153;105;R192G84B135;x
19646;196;198;92;R249G77B92;x
19647;198;122;146;R182G252B7;x
19648;74;115;163;R193G248B125;x
19649;121;136;85;R201G157B88;x
19650;207;215;118;R207G120B252;x
19651;112;171;131;R43G118B118;x
19652;176;186;147;R0G42B242;x
19653;192;173;89;R112G31B65;x
19654;193;149;98;R67G185B145;x
19655;106;109;118;R144G84B161;x
19656;190;128;127;R244G237B235;x
19657;120;130;104;R42G10B35;x
19658;145;170;75;R94G248B181;x
19659;178;161;85;R91G123B193;x
19660;184;177;104;R12G87B23;x
19661;132;209;131;R74G207B172;x
19662;181;184;114;R112G145B33;x
19663;165;159;125;R54G168B136;x
19664;98;124;100;R240G111B43;x
19665;232;198;124;R51G165B191;x
19666;169;155;88;R3G65B72;x
19667;73;136;78;R14G137B37;x
19668;202;176;98;R252G233B123;x
19669;229;171;58;R18G90B216;x
19670;203;117;110;R103G76B171;x
19671;204;165;172;R18G234B254;x
19672;210;165;81;R245G67B2;x
19673;151;174;137;R141G118B140;x
19674;147;169;156;R228G102B68;x
19675;194;188;113;R186G68B125;x
19676;146;176;76;R120G250B66;x
19677;176;175;149;R84G88B139;x
19678;118;138;173;R173G239B206;x
19679;181;188;59;R231G76B24;x
19680;214;165;90;R145G234B55;x
19681;162;106;67;R250G237B132;x
19682;163;187;97;R166G214B55;x
19683;93;135;200;R197G188B61;x
19684;175;151;146;R104G178B78;x
19685;192;183;98;R193G229B185;x
19686;111;164;145;R250G29B253;x
19687;178;114;92;R146G85B23;x
19688;180;198;106;R134G188B17;x
19689;196;141;95;R108G136B156;x
19690;197;166;113;R34G72B223;x
19691;128;125;147;R167G95B223;x
19692;105;141;146;R38G95B69;x
19693;190;169;83;R187G93B49;x
19694;176;185;74;R138G167B235;x
19695;152;139;159;R69G47B49;x
19696;183;167;107;R140G159B220;x
19697;188;171;61;R218G126B128;x
19698;204;178;108;R180G37B48;x
19699;133;178;167;R124G196B9;x
19700;190;108;118;R215G217B203;x
19701;193;173;162;R145G71B140;x
19702;229;191;143;R252G105B97;x
19703;232;211;105;R31G157B15;x
19704;80;139;118;R31G12B91;x
19705;195;143;107;R196G234B23;x
19706;205;193;104;R154G167B149;x
19707;179;173;130;R3G15B30;x
19708;207;212;90;R55G115B51;x
19709;218;163;79;R84G54B85;x
19710;202;80;84;R251G219B206;x
19711;193;160;74;R37G207B228;x
19712;216;118;129;R24G167B174;x
19713;197;183;97;R110G227B165;x
19714;104;136;114;R195G236B182;x
19715;229;145;112;R43G109B205;x
19716;226;134;107;R131G139B159;x
19717;208;137;75;R77G147B91;x
19718;201;130;97;R83G106B3;x
19719;139;157;175;R69G78B48;x
19720;191;206;97;R91G148B172;x
19721;158;126;124;R32G144B148;x
19722;81;163;119;R107G122B211;x
19723;169;149;129;R75G5B113;x
19724;239;163;111;R206G230B137;x
19725;190;196;83;R66G203B181;x
19726;184;134;159;R114G1B251;x
19727;139;186;145;R47G107B41;x
19728;194;179;86;R191G112B105;x
19729;168;107;96;R60G67B105;x
19730;179;150;110;R53G104B40;x
19731;122;121;99;R230G206B196;x
19732;169;166;159;R237G25B84;x
19733;177;136;159;R236G11B233;x
19734;201;195;119;R155G210B82;x
19735;203;166;102;R156G160B232;x
19736;132;143;136;R18G246B45;x
19737;152;181;150;R207G15B252;x
19738;144;167;175;R110G139B118;x
19739;195;198;102;R79G201B184;x
19740;84;114;53;R66G251B75;x
19741;212;148;124;R97G178B157;x
19742;220;130;92;R211G199B124;x
19743;132;191;116;R134G82B29;x
19744;166;178;81;R28G121B9;x
19745;162;142;156;R83G145B172;x
19746;212;158;85;R242G226B222;x
19747;108;143;117;R156G146B63;x
19748;165;195;108;R180G66B4;x
19749;111;153;90;R149G25B12;x
19750;167;148;118;R115G187B50;x
19751;184;141;103;R219G84B48;x
19752;193;122;155;R42G195B106;x
19753;105;166;102;R190G95B104;x
19754;138;99;149;R28G109B25;x
19755;171;129;135;R113G61B177;x
19756;162;177;119;R67G160B67;x
19757;133;164;127;R205G140B119;x
19758;159;161;123;R47G209B140;x
19759;161;132;120;R99G74B95;x
19760;203;147;111;R56G150B4;x
19761;171;163;131;R243G155B143;x
19762;142;138;85;R108G207B68;x
19763;187;139;116;R62G53B130;x
19764;145;194;157;R146G127B219;x
19765;198;160;164;R22G173B64;x
19766;186;163;125;R126G17B111;x
19767;168;177;131;R156G223B233;x
19768;202;129;88;R198G174B202;x
19769;173;156;116;R49G97B174;x
19770;173;194;77;R193G221B125;x
19771;201;204;108;R24G152B88;x
19772;190;208;122;R157G135B112;x
19773;126;181;123;R221G65B82;x
19774;76;138;111;R67G253B171;x
19775;147;142;174;R209G111B224;x
19776;169;112;175;R68G247B172;x
19777;177;151;95;R87G7B75;x
19778;240;147;118;R62G138B136;x
19779;183;123;88;R115G19B72;x
19780;240;160;43;R212G121B45;x
19781;222;151;46;R94G193B37;x
19782;74;142;70;R187G48B18;x
19783;218;185;62;R192G91B119;x
19784;193;148;155;R160G62B248;x
19785;206;153;112;R194G86B102;x
19786;179;171;134;R218G55B75;x
19787;171;157;123;R66G163B243;x
19788;185;157;91;R13G231B250;x
19789;137;148;111;R15G105B193;x
19790;109;167;152;R168G195B32;x
19791;178;118;119;R130G115B142;x
19792;161;198;138;R97G160B60;x
19793;193;154;90;R201G0B197;x
19794;117;134;133;R192G104B175;x
19795;209;135;135;R232G56B194;x
19796;205;160;128;R175G95B176;x
19797;205;207;126;R19G111B255;x
19798;137;147;144;R132G139B66;x
19799;167;185;75;R228G117B55;x
19800;212;198;55;R3G32B21;x
19801;178;140;130;R57G255B208;x
19802;208;140;108;R127G112B115;x
19803;186;132;111;R12G195B100;x
19804;206;162;177;R241G187B87;x
19805;220;148;103;R154G56B127;x
19806;143;183;171;R177G211B139;x
19807;201;155;147;R210G178B59;x
19808;195;172;63;R207G41B51;x
19809;178;171;156;R6G83B129;x
19810;210;161;71;R64G99B159;x
19811;212;138;87;R238G155B79;x
19812;175;129;138;R127G165B120;x
19813;185;179;113;R69G169B41;x
19814;208;160;78;R20G220B234;x
19815;203;148;80;R38G207B153;x
19816;195;157;100;R235G169B234;x
19817;197;135;138;R174G168B242;x
19818;60;153;41;R129G31B22;x
19819;83;117;40;R239G219B167;x
19820;196;153;81;R219G167B93;x
19821;129;125;175;R160G93B238;x
19822;124;181;80;R16G137B37;x
19823;187;177;125;R250G109B72;x
19824;226;129;51;R135G89B50;x
19825;150;142;122;R76G36B111;x
19826;190;143;136;R18G142B17;x
19827;202;138;97;R58G78B55;x
19828;168;141;107;R87G14B245;x
19829;175;176;71;R109G139B145;x
19830;190;173;111;R240G231B210;x
19831;48;166;67;R194G163B59;x
19832;198;184;64;R72G231B187;x
19833;200;137;163;R179G83B80;x
19834;138;164;98;R38G137B161;x
19835;164;174;122;R130G25B220;x
19836;177;212;117;R236G77B181;x
19837;168;194;110;R202G98B188;x
19838;163;202;106;R13G53B206;x
19839;156;177;103;R76G65B205;x
19840;117;200;112;R160G79B226;x
19841;186;127;142;R203G90B247;x
19842;178;145;153;R131G218B44;x
19843;211;171;123;R188G141B75;x
19844;127;185;157;R161G114B224;x
19845;162;184;135;R18G52B210;x
19846;161;190;111;R132G246B78;x
19847;127;151;140;R32G203B54;x
19848;71;180;67;R98G125B63;x
19849;154;138;60;R122G250B123;x
19850;91;86;194;R253G132B57;x
19851;208;176;72;R1G168B171;x
19852;180;155;192;R50G217B159;x
19853;209;111;106;R48G253B233;x
19854;167;141;80;R183G33B103;x
19855;188;177;118;R51G86B64;x
19856;147;176;131;R212G213B225;x
19857;200;147;80;R1G203B96;x
19858;107;99;177;R173G127B112;x
19859;223;145;96;R114G139B154;x
19860;204;166;56;R11G209B169;x
19861;195;173;100;R62G2B149;x
19862;195;184;117;R98G213B65;x
19863;129;123;88;R186G79B30;x
19864;227;170;78;R173G126B142;x
19865;220;176;77;R218G195B132;x
19866;195;181;130;R6G191B167;x
19867;203;156;104;R92G85B253;x
19868;151;127;162;R169G40B67;x
19869;213;144;56;R50G6B130;x
19870;131;122;115;R50G232B252;x
19871;154;142;168;R26G135B81;x
19872;173;197;102;R65G103B173;x
19873;228;175;98;R51G126B151;x
19874;171;117;86;R167G247B184;x
19875;86;130;115;R229G249B39;x
19876;206;139;171;R143G96B43;x
19877;71;134;76;R182G20B141;x
19878;129;160;120;R183G9B208;x
19879;157;158;159;R142G136B133;x
19880;104;118;76;R244G100B121;x
19881;84;115;105;R150G1B103;x
19882;240;164;78;R229G179B89;x
19883;188;182;113;R45G213B97;x
19884;190;187;143;R60G73B29;x
19885;60;133;82;R123G162B213;x
19886;199;138;146;R146G167B4;x
19887;187;195;126;R45G31B112;x
19888;213;195;116;R206G83B41;x
19889;110;114;42;R5G115B127;x
19890;156;212;110;R196G82B162;x
19891;183;134;144;R187G117B239;x
19892;78;104;57;R220G130B68;x
19893;107;132;169;R1G118B27;x
19894;118;160;132;R184G126B110;x
19895;99;144;117;R121G185B173;x
19896;131;202;114;R68G232B97;x
19897;202;148;88;R74G99B170;x
19898;187;159;106;R228G231B247;x
19899;190;154;189;R159G11B169;x
19900;221;139;102;R177G152B119;x
19901;186;141;101;R247G37B219;x
19902;186;159;76;R114G182B152;x
19903;173;207;50;R132G172B163;x
19904;175;185;167;R44G152B233;x
19905;106;126;153;R221G47B3;x
19906;96;159;90;R227G207B151;x
19907;185;169;152;R232G163B37;x
19908;191;158;110;R35G91B52;x
19909;145;145;105;R164G76B224;x
19910;119;138;161;R92G144B86;x
19911;190;152;135;R248G194B62;x
19912;91;132;79;R13G30B0;x
19913;142;178;88;R61G187B85;x
19914;199;183;75;R240G128B195;x
19915;182;162;127;R165G169B40;x
19916;161;122;146;R236G28B107;x
19917;233;130;97;R220G92B19;x
19918;191;169;133;R56G204B118;x
19919;170;200;87;R166G171B8;x
19920;171;162;101;R177G78B151;x
19921;168;199;105;R214G60B190;x
19922;153;186;106;R23G27B255;x
19923;108;167;105;R211G36B99;x
19924;154;208;69;R167G180B237;x
19925;179;130;139;R89G227B229;x
19926;156;150;146;R153G38B229;x
19927;142;193;136;R0G170B48;x
19928;164;128;133;R101G236B52;x
19929;181;203;93;R50G137B251;x
19930;169;169;162;R71G177B187;x
19931;212;218;148;R123G165B96;x
19932;139;163;136;R241G177B225;x
19933;240;189;94;R153G17B172;x
19934;185;136;158;R57G201B97;x
19935;87;145;159;R108G207B113;x
19936;194;179;120;R156G53B32;x
19937;199;197;110;R2G163B199;x
19938;169;201;118;R1G103B24;x
19939;194;164;107;R37G254B125;x
19940;184;137;155;R0G112B43;x
19941;210;196;76;R87G181B160;x
19942;107;127;96;R50G42B106;x
19943;204;147;97;R169G147B67;x
19944;198;184;100;R201G178B130;x
19945;206;159;128;R241G151B205;x
19946;216;163;92;R136G149B76;x
19947;119;117;139;R16G163B10;x
19948;96;125;105;R131G75B150;x
19949;189;171;135;R0G192B42;x
19950;152;185;144;R226G185B140;x
19951;66;153;101;R133G34B124;x
19952;206;146;133;R153G16B60;x
19953;192;170;90;R106G47B50;x
19954;221;151;163;R87G217B35;x
19955;190;175;162;R156G71B179;x
19956;119;129;89;R112G211B26;x
19957;158;133;164;R203G52B147;x
19958;177;167;142;R76G104B230;x
19959;185;138;178;R6G208B125;x
19960;193;161;94;R126G121B235;x
19961;199;139;99;R183G253B221;x
19962;152;146;165;R231G39B240;x
19963;192;154;155;R50G2B189;x
19964;203;165;90;R19G13B77;x
19965;175;191;90;R3G179B165;x
19966;129;136;104;R185G209B14;x
19967;124;141;92;R61G54B107;x
19968;211;168;61;R41G57B162;x
19969;193;143;145;R143G123B15;x
19970;110;174;105;R204G31B35;x
19971;184;121;129;R148G49B67;x
19972;148;178;128;R221G120B105;x
19973;78;96;79;R229G18B197;x
19974;185;166;76;R37G135B46;x
19975;176;186;118;R201G49B62;x
19976;190;173;102;R20G110B42;x
19977;160;175;160;R244G253B66;x
19978;137;174;121;R177G25B159;x
19979;171;109;118;R74G195B75;x
19980;207;151;61;R95G31B90;x
19981;205;146;64;R250G95B163;x
19982;200;172;78;R234G229B171;x
19983;146;144;125;R208G227B105;x
19984;207;160;134;R219G136B243;x
19985;190;158;77;R74G42B31;x
19986;177;143;84;R75G35B49;x
19987;121;165;103;R176G34B178;x
19988;195;191;106;R104G166B55;x
19989;191;185;70;R196G239B49;x
19990;220;192;62;R75G218B145;x
19991;111;140;57;R51G29B16;x
19992;182;127;82;R86G167B137;x
19993;113;143;182;R255G231B43;x
19994;224;135;89;R141G53B197;x
19995;164;131;73;R63G65B41;x
19996;172;149;130;R218G1B1;x
19997;196;184;123;R80G155B67;x
19998;68;140;97;R151G225B185;x
19999;118;147;167;R242G38B31;x
20000;114;123;144;R246G112B175;x
20001;209;116;112;R78G97B49;x
20002;223;192;60;R141G59B54;x
20003;124;160;170;R211G99B138;x
20004;132;140;184;R160G181B214;x
20005;160;188;82;R132G232B142;x
20006;184;192;120;R93G227B101;x
20007;153;168;94;R250G238B64;x
20008;225;138;92;R81G198B47;x
20009;97;134;185;R80G34B115;x
20010;134;151;59;R52G230B123;x
20011;82;103;116;R143G103B161;x
20012;194;160;123;R134G226B234;x
20013;111;128;191;R59G106B74;x
20014;101;121;104;R209G126B209;x
20015;206;198;127;R58G75B237;x
20016;130;153;171;R155G94B2;x
20017;172;139;78;R25G47B131;x
20018;142;137;128;R9G215B7;x
20019;179;165;62;R133G162B141;x
20020;195;107;89;R162G83B125;x
20021;201;119;101;R44G91B127;x
20022;189;149;101;R31G22B53;x
20023;227;167;61;R15G234B178;x
20024;211;196;106;R67G73B39;x
20025;100;162;94;R44G96B103;x
20026;173;150;94;R181G38B158;x
20027;226;157;92;R53G226B99;x
20028;230;195;145;R106G32B147;x
20029;137;173;82;R122G125B126;x
20030;221;169;46;R135G202B17;x
20031;216;172;87;R49G161B96;x
20032;204;181;105;R99G205B246;x
20033;190;135;71;R237G195B132;x
20034;100;110;67;R5G201B65;x
20035;120;139;198;R246G231B195;x
20036;164;133;128;R154G151B254;x
20037;212;145;52;R189G27B7;x
20038;63;120;61;R104G72B35;x
20039;90;118;51;R95G99B41;x
20040;193;146;138;R42G157B49;x
20041;205;152;158;R76G130B92;x
20042;69;124;71;R41G86B129;x
20043;138;143;127;R64G169B64;x
20044;194;184;64;R41G82B191;x
20045;179;145;96;R58G159B226;x
20046;98;134;73;R118G2B197;x
20047;178;118;96;R150G69B95;x
20048;162;106;163;R126G67B55;x
20049;135;182;138;R62G132B52;x
20050;158;215;95;R141G114B39;x
20051;211;176;110;R196G172B208;x
20052;213;133;93;R214G24B235;x
20053;171;160;167;R144G0B92;x
20054;202;189;81;R4G102B192;x
20055;209;181;89;R25G132B25;x
20056;163;136;99;R88G160B141;x
20057;77;168;114;R228G238B123;x
20058;84;154;87;R134G26B235;x
20059;142;131;137;R50G151B113;x
20060;240;192;149;R176G235B56;x
20061;218;141;93;R137G5B173;x
20062;189;181;88;R32G114B170;x
20063;218;189;97;R111G114B22;x
20064;194;184;86;R246G112B161;x
20065;161;169;186;R98G97B98;x
20066;150;169;159;R142G147B125;x
20067;138;154;154;R30G96B198;x
20068;194;184;112;R239G210B233;x
20069;173;148;112;R68G248B0;x
20070;171;162;123;R112G23B4;x
20071;119;133;97;R116G164B25;x
20072;123;110;176;R237G113B182;x
20073;169;160;124;R108G22B166;x
20074;182;161;117;R27G176B227;x
20075;197;135;157;R237G40B182;x
20076;190;192;90;R237G78B166;x
20077;166;114;173;R236G68B203;x
20078;193;208;112;R55G118B73;x
20079;101;144;137;R183G18B236;x
20080;126;202;103;R128G107B10;x
20081;131;113;107;R3G50B254;x
20082;112;117;147;R183G136B210;x
20083;116;121;165;R134G242B31;x
20084;192;206;152;R201G177B164;x
20085;224;162;136;R121G97B85;x
20086;179;173;125;R230G109B222;x
20087;107;128;151;R183G1B147;x
20088;138;178;150;R205G225B100;x
20089;173;141;120;R187G146B173;x
20090;211;208;91;R215G112B210;x
20091;198;137;77;R13G179B173;x
20092;94;117;93;R219G229B150;x
20093;202;199;122;R165G129B181;x
20094;114;160;197;R147G250B29;x
20095;206;127;89;R18G110B99;x
20096;205;166;121;R160G57B151;x
20097;211;171;95;R63G105B49;x
20098;148;168;116;R127G163B163;x
20099;95;171;138;R122G77B92;x
20100;187;161;161;R74G222B214;x
20101;182;117;118;R177G26B232;x
20102;146;176;115;R126G241B24;x
20103;188;113;68;R93G151B144;x
20104;185;155;125;R203G237B246;x
20105;110;141;129;R182G24B80;x
20106;202;173;68;R29G64B29;x
20107;226;187;154;R161G208B189;x
20108;97;146;110;R247G175B7;x
20109;121;143;101;R20G80B164;x
20110;72;133;63;R34G162B141;x
20111;173;128;159;R206G117B9;x
20112;221;187;112;R148G28B114;x
20113;125;179;133;R76G172B95;x
20114;172;174;106;R46G104B76;x
20115;240;177;56;R215G92B147;x
20116;172;133;38;R32G46B146;x
20117;104;126;106;R60G162B26;x
20118;158;146;145;R133G65B22;x
20119;178;125;115;R233G173B177;x
20120;226;148;88;R170G103B247;x
20121;65;150;32;R133G140B130;x
20122;182;139;76;R69G129B126;x
20123;172;171;139;R63G58B155;x
20124;169;115;168;R48G77B134;x
20125;202;156;104;R105G26B60;x
20126;73;141;104;R50G1B217;x
20127;214;140;83;R239G235B170;x
20128;188;155;141;R73G115B69;x
20129;163;159;125;R84G250B251;x
20130;224;186;98;R220G80B144;x
20131;148;190;114;R167G178B87;x
20132;70;124;115;R25G19B95;x
20133;219;175;117;R239G133B246;x
20134;207;184;91;R211G49B191;x
20135;62;144;112;R40G154B255;x
20136;113;133;104;R19G112B217;x
20137;96;139;93;R15G155B228;x
20138;172;103;132;R144G215B190;x
20139;152;207;86;R37G212B103;x
20140;118;173;100;R141G84B81;x
20141;212;167;52;R26G7B57;x
20142;169;112;128;R216G36B71;x
20143;151;161;141;R127G54B26;x
20144;166;140;138;R151G165B153;x
20145;128;189;118;R240G57B230;x
20146;75;141;115;R57G201B219;x
20147;236;210;142;R224G207B156;x
20148;149;140;167;R26G29B164;x
20149;160;142;157;R42G149B183;x
20150;97;126;167;R45G79B106;x
20151;166;171;114;R77G180B129;x
20152;189;152;142;R226G127B228;x
20153;96;142;175;R172G13B20;x
20154;74;129;88;R99G133B43;x
20155;134;165;175;R221G153B81;x
20156;195;176;82;R31G248B193;x
20157;192;147;120;R132G89B207;x
20158;170;204;98;R162G214B245;x
20159;143;179;86;R50G244B177;x
20160;138;138;146;R246G70B36;x
20161;93;138;159;R25G115B177;x
20162;185;153;119;R93G154B104;x
20163;156;177;81;R146G230B161;x
20164;107;165;163;R187G35B110;x
20165;149;132;161;R177G130B251;x
20166;143;132;102;R186G160B121;x
20167;194;197;108;R69G90B255;x
20168;227;178;91;R116G166B119;x
20169;184;139;71;R173G215B94;x
20170;69;152;92;R196G26B124;x
20171;214;156;142;R29G107B100;x
20172;197;138;150;R86G140B94;x
20173;146;195;109;R92G159B77;x
20174;174;111;74;R177G30B93;x
20175;164;163;90;R124G83B9;x
20176;186;183;92;R133G79B203;x
20177;215;165;92;R49G164B120;x
20178;202;193;71;R205G139B141;x
20179;104;141;136;R183G39B178;x
20180;66;169;112;R153G162B82;x
20181;204;175;149;R169G251B79;x
20182;201;181;131;R21G184B67;x
20183;231;153;118;R125G242B66;x
20184;95;160;159;R223G191B155;x
20185;197;154;100;R146G23B61;x
20186;149;197;92;R30G184B60;x
20187;164;162;158;R231G88B150;x
20188;210;160;99;R54G97B9;x
20189;97;101;97;R218G107B200;x
20190;159;174;128;R108G166B69;x
20191;73;130;164;R4G231B245;x
20192;189;150;138;R0G75B15;x
20193;81;178;80;R83G58B58;x
20194;137;140;156;R144G37B130;x
20195;201;154;121;R30G252B119;x
20196;153;148;187;R58G40B42;x
20197;225;158;100;R196G4B156;x
20198;86;108;138;R18G89B1;x
20199;93;162;70;R15G186B176;x
20200;185;175;107;R72G170B205;x
20201;165;176;111;R111G92B123;x
20202;145;184;100;R3G94B194;x
20203;161;154;160;R213G223B37;x
20204;203;143;78;R121G80B167;x
20205;186;166;69;R176G12B79;x
20206;130;143;191;R99G184B171;x
20207;151;168;95;R200G46B190;x
20208;111;140;126;R171G82B28;x
20209;151;163;117;R143G195B128;x
20210;177;116;72;R8G181B88;x
20211;151;181;119;R187G184B56;x
20212;158;144;175;R215G126B120;x
20213;184;145;110;R74G63B46;x
20214;155;129;172;R44G138B80;x
20215;216;177;102;R224G47B244;x
20216;187;155;82;R123G213B12;x
20217;204;158;107;R152G237B154;x
20218;240;163;64;R43G146B209;x
20219;183;153;127;R247G144B122;x
20220;93;154;91;R150G248B24;x
20221;194;161;97;R36G11B83;x
20222;202;175;67;R245G66B46;x
20223;98;118;125;R178G43B24;x
20224;206;141;171;R89G233B181;x
20225;166;154;130;R87G20B221;x
20226;208;126;49;R146G139B149;x
20227;184;128;99;R254G145B84;x
20228;82;120;75;R190G172B92;x
20229;171;178;93;R29G228B235;x
20230;62;140;50;R216G112B85;x
20231;183;206;115;R230G197B50;x
20232;230;189;73;R235G32B244;x
20233;204;132;104;R117G47B153;x
20234;149;119;87;R231G191B114;x
20235;166;132;135;R132G39B164;x
20236;220;149;82;R96G8B144;x
20237;193;168;75;R178G99B114;x
20238;216;196;125;R97G247B114;x
20239;189;141;117;R159G173B9;x
20240;191;142;125;R254G19B237;x
20241;221;145;106;R16G131B208;x
20242;191;182;89;R247G80B209;x
20243;213;155;107;R118G104B71;x
20244;187;159;85;R120G140B16;x
20245;173;165;127;R77G27B25;x
20246;183;172;118;R4G104B35;x
20247;198;169;113;R139G96B237;x
20248;89;130;82;R223G140B241;x
20249;173;160;98;R16G237B24;x
20250;173;125;86;R67G34B154;x
20251;184;204;101;R239G244B155;x
20252;79;129;109;R69G64B71;x
20253;145;182;69;R95G128B86;x
20254;146;163;131;R189G111B68;x
20255;183;171;136;R44G31B51;x
20256;184;149;90;R114G113B112;x
20257;142;155;139;R24G44B169;x
20258;201;161;78;R242G115B123;x
20259;97;132;131;R62G192B45;x
20260;182;148;135;R44G29B170;x
20261;188;179;127;R2G145B194;x
20262;187;194;155;R158G180B22;x
20263;117;174;178;R224G129B31;x
20264;156;146;164;R24G132B217;x
20265;219;153;105;R190G254B131;x
20266;206;185;71;R192G106B27;x
20267;214;136;61;R201G220B60;x
20268;172;105;142;R172G197B12;x
20269;110;124;131;R96G188B93;x
20270;181;156;168;R149G252B111;x
20271;140;183;115;R163G34B221;x
20272;210;144;84;R23G52B47;x
20273;188;163;114;R100G128B91;x
20274;202;210;120;R47G241B117;x
20275;189;195;104;R25G197B211;x
20276;150;120;135;R95G226B204;x
20277;127;121;104;R153G12B123;x
20278;207;134;119;R99G246B115;x
20279;173;178;114;R202G189B55;x
20280;202;181;93;R22G61B70;x
20281;107;126;139;R19G210B11;x
20282;182;132;58;R154G176B208;x
20283;128;148;157;R60G166B57;x
20284;184;155;106;R29G135B162;x
20285;227;155;85;R204G65B99;x
20286;171;166;75;R57G79B47;x
20287;132;163;137;R14G156B54;x
20288;57;139;84;R11G147B82;x
20289;96;148;95;R195G102B231;x
20290;93;139;111;R16G14B108;x
20291;207;133;141;R2G253B249;x
20292;228;164;130;R128G189B78;x
20293;84;156;65;R61G241B246;x
20294;233;127;59;R79G185B156;x
20295;155;201;73;R3G60B59;x
20296;186;165;172;R42G193B161;x
20297;178;171;147;R211G24B139;x
20298;160;118;154;R214G6B66;x
20299;101;144;91;R192G160B224;x
20300;91;111;82;R26G190B141;x
20301;228;191;117;R137G181B144;x
20302;183;178;90;R165G198B18;x
20303;208;187;112;R201G122B53;x
20304;156;140;146;R123G9B241;x
20305;143;146;150;R204G64B197;x
20306;170;192;144;R104G94B211;x
20307;175;157;77;R16G97B119;x
20308;202;158;60;R179G95B101;x
20309;148;150;174;R77G119B215;x
20310;199;152;90;R193G162B234;x
20311;179;180;159;R219G75B246;x
20312;201;147;92;R152G48B127;x
20313;78;110;98;R173G85B117;x
20314;147;145;134;R240G6B38;x
20315;220;178;111;R192G20B180;x
20316;70;165;87;R225G93B254;x
20317;216;168;64;R53G11B76;x
20318;171;105;118;R7G20B125;x
20319;188;158;167;R44G171B39;x
20320;210;178;57;R153G154B157;x
20321;176;174;162;R58G46B207;x
20322;147;157;149;R16G182B94;x
20323;172;130;57;R61G112B229;x
20324;123;143;115;R20G47B241;x
20325;209;151;104;R231G109B142;x
20326;105;156;112;R150G19B148;x
20327;184;186;59;R41G83B36;x
20328;191;184;104;R133G181B49;x
20329;193;187;116;R66G158B57;x
20330;69;124;78;R196G26B204;x
20331;174;205;150;R125G107B169;x
20332;203;151;171;R123G76B250;x
20333;208;148;183;R18G18B191;x
20334;195;185;72;R154G33B85;x
20335;234;171;73;R210G48B29;x
20336;222;153;95;R82G153B96;x
20337;142;128;97;R146G170B95;x
20338;190;135;128;R13G16B100;x
20339;177;164;133;R110G151B168;x
20340;145;183;78;R2G195B43;x
20341;100;158;134;R62G15B233;x
20342;200;142;159;R53G137B186;x
20343;143;143;138;R144G55B44;x
20344;189;120;106;R151G95B158;x
20345;198;197;135;R33G63B109;x
20346;125;186;120;R213G48B91;x
20347;133;129;193;R162G207B94;x
20348;195;122;102;R171G225B116;x
20349;198;167;138;R162G78B24;x
20350;141;156;108;R227G222B255;x
20351;174;138;144;R5G108B201;x
20352;167;187;82;R126G6B137;x
20353;199;142;80;R108G240B61;x
20354;203;145;59;R45G154B162;x
20355;120;124;125;R215G134B27;x
20356;228;168;95;R104G17B199;x
20357;126;131;86;R30G203B165;x
20358;206;153;116;R109G153B0;x
20359;189;143;59;R32G216B158;x
20360;61;154;50;R189G228B67;x
20361;206;125;116;R134G48B6;x
20362;202;122;75;R244G177B95;x
20363;90;121;101;R107G43B6;x
20364;151;183;84;R238G11B32;x
20365;178;126;83;R135G134B118;x
20366;127;133;127;R228G113B7;x
20367;200;176;114;R55G72B109;x
20368;239;199;109;R146G117B105;x
20369;116;141;138;R45G196B8;x
20370;199;172;117;R107G11B234;x
20371;214;184;66;R136G128B225;x
20372;188;177;95;R91G57B122;x
20373;139;163;119;R78G199B12;x
20374;214;160;63;R41G252B77;x
20375;190;160;67;R72G10B25;x
20376;205;196;103;R144G164B210;x
20377;106;147;123;R44G9B220;x
20378;101;83;83;R18G178B30;x
20379;80;123;79;R57G169B99;x
20380;197;161;159;R142G228B12;x
20381;162;164;161;R137G90B200;x
20382;230;159;69;R166G254B71;x
20383;147;170;116;R128G154B150;x
20384;193;178;106;R147G32B216;x
20385;166;169;143;R174G31B67;x
20386;194;169;146;R113G93B207;x
20387;203;148;105;R169G43B34;x
20388;171;160;111;R225G215B91;x
20389;185;97;64;R240G178B10;x
20390;178;196;130;R241G149B198;x
20391;218;153;84;R108G129B10;x
20392;194;161;160;R46G108B58;x
20393;182;190;113;R127G52B1;x
20394;156;172;100;R82G176B68;x
20395;197;191;155;R228G22B74;x
20396;144;178;158;R56G0B73;x
20397;221;141;78;R153G22B90;x
20398;73;116;63;R46G246B156;x
20399;161;171;132;R123G71B88;x
20400;193;116;151;R157G213B195;x
20401;206;172;175;R232G105B25;x
20402;217;157;72;R219G197B241;x
20403;186;153;77;R253G246B14;x
20404;238;177;132;R124G201B205;x
20405;193;138;133;R83G85B187;x
20406;103;157;130;R240G186B207;x
20407;220;146;126;R112G88B61;x
20408;180;98;81;R6G199B165;x
20409;65;104;131;R51G140B138;x
20410;167;189;131;R193G197B77;x
20411;99;115;164;R212G146B181;x
20412;215;183;131;R16G18B127;x
20413;156;168;142;R1G29B211;x
20414;166;128;57;R178G59B143;x
20415;201;189;117;R54G213B41;x
20416;178;179;95;R208G119B209;x
20417;240;182;119;R222G156B180;x
20418;207;201;78;R6G51B98;x
20419;202;139;124;R160G120B188;x
20420;143;154;124;R109G172B239;x
20421;165;150;143;R254G38B159;x
20422;175;195;96;R122G232B220;x
20423;170;182;176;R163G247B25;x
20424;208;155;103;R69G129B18;x
20425;227;128;61;R23G58B80;x
20426;111;134;66;R53G61B97;x
20427;200;194;79;R91G40B218;x
20428;63;146;116;R52G178B22;x
20429;165;194;84;R60G77B194;x
20430;184;139;137;R224G2B46;x
20431;76;123;147;R103G49B184;x
20432;240;189;81;R150G114B21;x
20433;67;144;95;R228G158B148;x
20434;203;184;101;R190G150B66;x
20435;173;175;110;R152G207B163;x
20436;167;157;173;R75G237B55;x
20437;72;133;88;R105G24B167;x
20438;149;144;180;R202G194B160;x
20439;203;189;127;R3G170B223;x
20440;91;135;95;R159G94B224;x
20441;83;109;91;R53G167B13;x
20442;200;197;132;R253G169B33;x
20443;203;211;110;R84G108B108;x
20444;203;166;128;R151G232B154;x
20445;233;146;77;R235G61B147;x
20446;217;144;86;R41G188B118;x
20447;156;149;107;R88G26B3;x
20448;216;154;78;R109G19B64;x
20449;125;141;194;R238G173B10;x
20450;230;124;100;R156G1B172;x
20451;196;198;84;R0G191B221;x
20452;191;211;93;R114G33B75;x
20453;225;147;77;R225G224B119;x
20454;131;104;133;R125G83B66;x
20455;161;197;195;R111G93B155;x
20456;197;167;97;R150G79B96;x
20457;218;190;114;R47G6B74;x
20458;109;174;153;R92G110B178;x
20459;219;159;133;R108G205B108;x
20460;104;211;148;R108G149B173;x
20461;190;159;144;R148G139B94;x
20462;199;210;87;R54G85B167;x
20463;171;120;149;R213G244B32;x
20464;84;95;177;R54G12B67;x
20465;183;138;113;R156G172B83;x
20466;111;129;98;R10G200B164;x
20467;216;171;90;R134G92B173;x
20468;195;204;97;R99G208B4;x
20469;240;150;119;R252G83B16;x
20470;179;171;118;R178G79B33;x
20471;95;152;192;R46G142B228;x
20472;190;143;98;R238G22B84;x
20473;184;186;151;R244G60B51;x
20474;156;180;109;R49G231B82;x
20475;217;240;84;R57G145B161;x
20476;188;197;74;R32G198B202;x
20477;223;180;71;R111G132B79;x
20478;162;180;78;R224G116B60;x
20479;152;161;122;R199G85B26;x
20480;216;138;76;R224G82B200;x
20481;227;176;115;R210G109B0;x
20482;69;134;89;R221G169B238;x
20483;169;149;94;R17G172B91;x
20484;158;180;163;R101G94B228;x
20485;220;162;88;R200G219B192;x
20486;213;199;81;R166G129B70;x
20487;174;218;168;R220G16B18;x
20488;159;159;66;R244G181B10;x
20489;170;208;117;R12G16B214;x
20490;185;193;117;R13G85B188;x
20491;190;110;128;R8G70B58;x
20492;225;134;99;R40G55B91;x
20493;176;174;125;R147G239B132;x
20494;239;131;106;R86G88B12;x
20495;171;166;78;R228G83B132;x
20496;147;181;122;R76G31B254;x
20497;218;135;88;R147G49B41;x
20498;194;161;87;R240G26B56;x
20499;163;142;165;R208G67B168;x
20500;160;198;105;R72G64B175;x
20501;201;189;35;R41G134B96;x
20502;199;189;106;R235G149B41;x
20503;120;138;191;R1G221B51;x
20504;148;127;146;R85G24B5;x
20505;83;152;88;R185G106B98;x
20506;195;163;87;R34G90B204;x
20507;221;160;102;R87G44B69;x
20508;167;135;158;R134G5B224;x
20509;159;150;120;R175G240B94;x
20510;128;131;98;R22G224B238;x
20511;125;150;130;R119G21B254;x
20512;240;144;132;R202G130B90;x
20513;171;148;84;R121G58B75;x
20514;180;152;166;R155G217B202;x
20515;190;133;183;R219G191B181;x
20516;85;119;100;R179G63B86;x
20517;190;173;82;R11G252B15;x
20518;185;146;70;R161G14B234;x
20519;213;140;52;R69G31B102;x
20520;89;119;74;R93G35B159;x
20521;206;146;140;R192G94B1;x
20522;184;184;129;R35G17B244;x
20523;138;190;153;R29G53B15;x
20524;140;195;132;R244G97B39;x
20525;191;171;75;R148G87B251;x
20526;231;140;58;R155G95B197;x
20527;84;150;131;R235G71B14;x
20528;109;130;88;R172G181B228;x
20529;176;194;97;R177G128B50;x
20530;177;201;109;R209G43B191;x
20531;75;134;92;R249G39B112;x
20532;162;161;102;R14G254B103;x
20533;140;167;132;R179G202B135;x
20534;188;161;140;R253G121B110;x
20535;207;169;90;R82G179B152;x
20536;198;152;161;R53G83B209;x
20537;86;157;100;R246G45B92;x
20538;140;150;110;R236G94B13;x
20539;134;108;73;R13G185B111;x
20540;216;144;150;R23G192B187;x
20541;130;168;165;R105G143B24;x
20542;132;126;116;R247G76B178;x
20543;180;199;104;R94G74B20;x
20544;215;151;88;R62G128B20;x
20545;213;176;67;R8G141B113;x
20546;155;165;109;R146G186B205;x
20547;181;183;107;R193G68B122;x
20548;199;233;127;R55G224B104;x
20549;171;176;142;R43G167B146;x
20550;151;134;88;R140G189B11;x
20551;58;138;80;R110G217B190;x
20552;140;101;186;R218G133B81;x
20553;121;118;46;R85G123B168;x
20554;222;177;155;R220G99B142;x
20555;197;156;97;R237G35B228;x
20556;210;148;78;R19G62B203;x
20557;189;142;63;R231G196B188;x
20558;196;176;104;R50G23B59;x
20559;135;147;130;R189G248B20;x
20560;119;173;118;R185G5B139;x
20561;178;183;81;R83G146B240;x
20562;203;160;64;R6G160B160;x
20563;203;154;89;R20G114B246;x
20564;211;188;56;R8G218B255;x
20565;153;145;92;R55G35B9;x
20566;188;148;123;R62G122B67;x
20567;177;142;154;R36G255B32;x
20568;237;172;112;R55G38B209;x
20569;179;164;136;R200G230B206;x
20570;227;197;78;R214G191B45;x
20571;197;115;134;R105G181B214;x
20572;240;160;82;R250G6B183;x
20573;181;214;103;R188G248B99;x
20574;210;181;112;R70G167B119;x
20575;162;114;161;R174G7B181;x
20576;207;168;137;R159G76B203;x
20577;78;137;169;R7G250B87;x
20578;193;187;82;R238G138B38;x
20579;86;154;55;R59G179B110;x
20580;71;126;100;R69G65B108;x
20581;168;181;87;R188G45B106;x
20582;226;185;124;R34G106B194;x
20583;197;186;137;R228G224B70;x
20584;101;109;80;R193G57B234;x
20585;171;201;134;R242G235B246;x
20586;201;126;135;R231G89B67;x
20587;139;125;195;R160G228B174;x
20588;166;168;71;R185G86B185;x
20589;97;108;74;R248G137B122;x
20590;101;132;125;R146G61B189;x
20591;169;160;110;R73G138B127;x
20592;203;191;93;R11G245B41;x
20593;169;205;110;R82G213B82;x
20594;114;122;73;R89G47B52;x
20595;196;194;112;R75G87B26;x
20596;191;115;65;R173G249B89;x
20597;174;163;83;R127G16B152;x
20598;218;137;109;R211G123B112;x
20599;168;152;97;R7G231B244;x
20600;178;164;179;R230G37B150;x
20601;92;134;89;R18G168B37;x
20602;172;169;104;R68G55B113;x
20603;203;234;127;R155G247B217;x
20604;194;117;99;R214G145B238;x
20605;160;128;143;R109G92B87;x
20606;104;111;59;R248G10B8;x
20607;179;160;122;R44G68B243;x
20608;143;159;120;R134G246B220;x
20609;173;149;155;R153G247B2;x
20610;77;128;117;R218G61B180;x
20611;198;169;93;R19G154B229;x
20612;192;147;144;R212G186B161;x
20613;112;148;133;R51G192B76;x
20614;172;134;186;R165G39B36;x
20615;224;178;83;R158G70B41;x
20616;187;161;145;R212G35B5;x
20617;152;136;131;R248G64B122;x
20618;180;121;93;R237G38B189;x
20619;162;204;88;R63G210B205;x
20620;168;183;95;R24G88B232;x
20621;194;169;104;R235G119B119;x
20622;137;166;167;R49G62B159;x
20623;208;170;44;R83G200B92;x
20624;201;174;98;R83G170B67;x
20625;195;144;131;R163G190B95;x
20626;185;143;87;R177G231B81;x
20627;147;164;112;R146G145B156;x
20628;218;215;143;R4G148B133;x
20629;240;159;95;R217G146B254;x
20630;173;122;135;R236G188B214;x
20631;234;172;66;R207G148B76;x
20632;202;141;96;R221G72B231;x
20633;140;181;75;R65G89B180;x
20634;90;154;165;R123G112B154;x
20635;206;181;67;R26G107B245;x
20636;89;119;81;R175G38B47;x
20637;199;188;104;R76G214B143;x
20638;164;169;95;R72G96B244;x
20639;186;154;170;R152G62B136;x
20640;204;179;128;R209G70B213;x
20641;87;167;84;R72G85B246;x
20642;68;112;112;R74G48B145;x
20643;175;176;119;R132G73B246;x
20644;67;149;84;R9G18B206;x
20645;213;124;111;R44G79B122;x
20646;77;106;110;R167G194B8;x
20647;199;174;160;R118G132B236;x
20648;145;150;130;R73G130B151;x
20649;212;170;70;R25G112B66;x
20650;209;215;117;R130G55B143;x
20651;200;167;123;R25G83B3;x
20652;188;195;142;R73G21B116;x
20653;120;102;163;R142G254B102;x
20654;192;211;74;R236G202B28;x
20655;91;161;135;R71G191B139;x
20656;116;149;124;R153G231B106;x
20657;81;147;91;R35G1B184;x
20658;238;156;63;R42G57B103;x
20659;160;196;86;R106G69B163;x
20660;182;139;108;R146G235B163;x
20661;183;149;85;R115G153B127;x
20662;240;223;83;R196G12B206;x
20663;171;189;110;R69G192B139;x
20664;176;147;139;R14G195B158;x
20665;181;120;150;R10G39B86;x
20666;152;152;117;R163G60B105;x
20667;136;142;113;R65G1B173;x
20668;86;125;79;R147G245B151;x
20669;176;146;145;R199G37B45;x
20670;168;173;133;R71G22B105;x
20671;166;196;92;R253G58B29;x
20672;80;132;98;R88G145B200;x
20673;167;143;93;R218G120B251;x
20674;152;120;69;R202G0B173;x
20675;197;162;148;R39G50B2;x
20676;129;133;195;R71G208B232;x
20677;207;196;123;R65G251B237;x
20678;169;126;150;R68G136B152;x
20679;232;170;108;R198G120B0;x
20680;192;148;162;R244G120B154;x
20681;202;109;108;R9G52B135;x
20682;172;168;87;R170G4B250;x
20683;159;189;113;R15G141B221;x
20684;185;153;133;R147G184B241;x
20685;218;180;88;R47G206B2;x
20686;196;147;122;R95G75B195;x
20687;213;160;86;R106G8B112;x
20688;108;94;172;R183G95B149;x
20689;121;134;96;R236G255B106;x
20690;205;161;66;R89G246B60;x
20691;214;211;100;R117G1B227;x
20692;170;135;123;R167G221B5;x
20693;145;146;100;R65G140B78;x
20694;172;160;157;R95G137B99;x
20695;171;161;126;R183G107B82;x
20696;236;150;56;R113G96B220;x
20697;155;116;139;R204G176B191;x
20698;113;116;108;R109G74B189;x
20699;155;179;181;R118G170B134;x
20700;203;153;83;R245G24B67;x
20701;165;164;141;R179G170B180;x
20702;165;176;118;R115G126B204;x
20703;211;167;138;R16G119B94;x
20704;200;157;113;R137G28B229;x
20705;167;162;97;R192G34B95;x
20706;133;147;150;R52G6B135;x
20707;216;200;78;R39G108B228;x
20708;210;142;75;R138G2B76;x
20709;132;156;100;R64G61B126;x
20710;123;161;73;R160G62B146;x
20711;221;151;78;R206G86B169;x
20712;226;208;114;R90G255B60;x
20713;154;197;121;R140G186B188;x
20714;187;160;122;R129G80B162;x
20715;220;126;95;R39G124B209;x
20716;191;173;104;R216G9B86;x
20717;104;133;94;R40G250B207;x
20718;96;132;98;R98G248B52;x
20719;78;168;56;R204G243B104;x
20720;179;185;110;R116G119B20;x
20721;222;154;116;R39G36B205;x
20722;226;178;122;R138G172B251;x
20723;163;186;130;R198G204B165;x
20724;213;161;97;R84G239B156;x
20725;198;129;111;R46G122B28;x
20726;138;168;114;R191G31B235;x
20727;181;205;96;R174G31B252;x
20728;192;168;181;R111G93B9;x
20729;138;162;199;R178G79B30;x
20730;205;152;99;R200G142B17;x
20731;200;162;141;R212G138B190;x
20732;78;108;169;R179G127B112;x
20733;183;159;80;R240G127B196;x
20734;188;131;143;R157G113B81;x
20735;159;197;117;R110G182B131;x
20736;100;151;192;R30G180B178;x
20737;79;146;65;R93G129B137;x
20738;139;171;143;R103G106B135;x
20739;149;148;125;R120G214B111;x
20740;154;198;122;R131G56B19;x
20741;215;167;103;R58G225B221;x
20742;103;129;72;R194G96B91;x
20743;215;184;112;R247G58B74;x
20744;115;116;90;R59G253B16;x
20745;117;106;85;R44G95B150;x
20746;124;193;128;R14G1B114;x
20747;193;151;116;R30G131B250;x
20748;107;150;122;R232G52B162;x
20749;147;161;130;R65G34B105;x
20750;156;137;164;R1G24B71;x
20751;203;122;129;R114G146B122;x
20752;92;105;102;R143G238B240;x
20753;222;171;109;R164G16B114;x
20754;205;181;90;R153G165B119;x
20755;198;111;170;R66G221B78;x
20756;208;153;139;R66G194B194;x
20757;189;150;37;R71G58B88;x
20758;181;161;88;R107G93B230;x
20759;144;154;113;R144G71B2;x
20760;187;141;89;R211G107B228;x
20761;214;189;84;R183G184B68;x
20762;209;172;82;R139G182B242;x
20763;196;182;80;R168G250B34;x
20764;180;194;156;R117G248B232;x
20765;180;158;116;R86G53B234;x
20766;72;141;109;R148G175B36;x
20767;146;157;182;R49G234B137;x
20768;135;127;159;R24G45B214;x
20769;166;151;108;R112G162B250;x
20770;216;153;131;R213G169B134;x
20771;105;128;90;R119G252B193;x
20772;159;189;109;R155G102B244;x
20773;146;189;122;R78G30B163;x
20774;194;138;166;R23G197B160;x
20775;180;179;149;R183G190B252;x
20776;199;129;82;R219G239B57;x
20777;173;187;99;R4G200B157;x
20778;155;173;109;R214G104B119;x
20779;54;163;35;R151G76B134;x
20780;165;110;118;R105G138B214;x
20781;152;187;105;R246G181B183;x
20782;131;201;58;R8G124B19;x
20783;153;135;156;R28G47B38;x
20784;211;168;108;R189G221B216;x
20785;171;162;153;R96G128B147;x
20786;158;158;176;R104G137B104;x
20787;150;130;167;R139G29B218;x
20788;158;144;124;R4G247B144;x
20789;191;192;108;R211G135B17;x
20790;96;146;79;R35G21B141;x
20791;229;149;60;R92G10B131;x
20792;171;148;127;R249G92B121;x
20793;204;155;99;R32G114B135;x
20794;143;196;131;R125G114B187;x
20795;106;163;131;R196G204B31;x
20796;167;166;154;R8G147B204;x
20797;203;140;140;R19G148B182;x
20798;213;148;89;R100G128B96;x
20799;162;190;71;R89G241B171;x
20800;57;133;36;R161G241B74;x
20801;162;208;93;R67G129B240;x
20802;211;164;90;R120G54B8;x
20803;191;173;47;R3G35B100;x
20804;140;197;76;R250G18B253;x
20805;216;158;106;R0G81B23;x
20806;183;195;105;R35G139B0;x
20807;184;179;129;R148G83B53;x
20808;89;158;109;R58G127B42;x
20809;234;201;116;R182G253B156;x
20810;173;132;108;R10G85B244;x
20811;210;163;57;R187G108B18;x
20812;213;162;112;R49G218B119;x
20813;185;182;127;R147G129B76;x
20814;210;202;141;R84G150B193;x
20815;174;166;115;R18G99B190;x
20816;64;92;134;R118G183B217;x
20817;189;127;56;R189G248B191;x
20818;115;119;145;R47G5B237;x
20819;172;175;153;R93G126B121;x
20820;167;152;126;R160G99B163;x
20821;141;134;144;R232G219B220;x
20822;211;188;63;R229G193B168;x
20823;168;133;90;R179G106B150;x
20824;137;146;134;R105G142B35;x
20825;103;128;50;R108G188B198;x
20826;140;121;147;R122G148B130;x
20827;209;163;72;R160G126B13;x
20828;101;124;72;R79G233B129;x
20829;193;150;88;R96G0B70;x
20830;104;139;129;R27G70B25;x
20831;214;148;91;R239G169B166;x
20832;203;149;98;R114G80B78;x
20833;171;218;93;R166G94B60;x
20834;140;159;148;R136G133B130;x
20835;198;127;58;R148G215B90;x
20836;84;145;69;R96G44B217;x
20837;185;155;85;R133G3B230;x
20838;199;177;150;R149G41B185;x
20839;169;158;134;R9G111B225;x
20840;194;127;155;R115G7B111;x
20841;186;131;121;R161G162B50;x
20842;187;165;55;R8G11B135;x
20843;176;177;106;R113G186B168;x
20844;227;167;52;R1G134B209;x
20845;145;212;67;R45G101B30;x
20846;176;153;105;R252G50B196;x
20847;176;208;117;R237G122B253;x
20848;208;180;74;R85G129B97;x
20849;203;126;134;R1G90B11;x
20850;226;170;109;R155G238B21;x
20851;223;201;81;R222G200B73;x
20852;196;204;117;R118G52B114;x
20853;142;183;89;R211G254B160;x
20854;178;210;75;R190G180B76;x
20855;181;175;104;R183G193B60;x
20856;183;187;166;R204G94B165;x
20857;95;160;78;R162G121B198;x
20858;214;163;128;R90G197B179;x
20859;143;176;133;R91G216B8;x
20860;164;109;138;R127G134B46;x
20861;212;189;59;R57G1B246;x
20862;192;178;101;R208G101B40;x
20863;161;210;119;R88G12B108;x
20864;202;182;134;R215G104B237;x
20865;167;168;154;R104G58B95;x
20866;106;130;98;R161G219B161;x
20867;176;156;75;R186G67B246;x
20868;64;122;118;R36G12B30;x
20869;95;156;93;R35G128B167;x
20870;186;172;154;R16G183B100;x
20871;166;129;173;R3G44B132;x
20872;202;182;112;R5G253B244;x
20873;128;134;166;R232G11B34;x
20874;170;190;90;R169G122B38;x
20875;204;198;129;R150G73B249;x
20876;140;190;144;R50G6B89;x
20877;95;106;99;R20G232B61;x
20878;194;219;121;R92G131B247;x
20879;142;161;140;R116G56B184;x
20880;173;164;93;R135G71B156;x
20881;184;166;130;R124G189B149;x
20882;229;183;51;R65G249B225;x
20883;116;190;151;R30G104B193;x
20884;188;174;73;R243G60B26;x
20885;82;132;127;R27G97B254;x
20886;203;185;167;R172G161B184;x
20887;223;185;94;R253G215B38;x
20888;206;201;135;R158G58B39;x
20889;211;118;111;R44G47B135;x
20890;143;183;77;R165G61B103;x
20891;182;204;112;R39G8B194;x
20892;172;186;107;R164G197B231;x
20893;154;196;121;R197G108B29;x
20894;138;128;179;R231G134B171;x
20895;233;133;79;R224G49B69;x
20896;204;172;134;R154G64B186;x
20897;32;145;92;R25G226B57;x
20898;157;193;135;R85G88B216;x
20899;173;125;129;R28G253B134;x
20900;216;175;116;R255G201B14;x
20901;211;185;80;R172G27B20;x
20902;205;158;143;R178G166B43;x
20903;215;180;86;R107G115B212;x
20904;179;94;108;R247G158B91;x
20905;154;153;111;R119G132B43;x
20906;170;136;135;R221G132B122;x
20907;198;181;96;R140G232B221;x
20908;109;131;179;R53G147B176;x
20909;192;165;190;R187G58B165;x
20910;208;120;100;R237G245B155;x
20911;183;153;154;R235G113B202;x
20912;140;196;71;R251G186B255;x
20913;193;189;121;R1G130B5;x
20914;101;150;73;R250G64B109;x
20915;208;177;111;R64G162B16;x
20916;208;218;149;R30G73B23;x
20917;172;138;122;R170G118B180;x
20918;179;207;88;R88G12B95;x
20919;193;157;144;R241G104B106;x
20920;101;108;58;R103G134B179;x
20921;180;152;182;R213G49B11;x
20922;170;153;158;R198G214B249;x
20923;195;190;78;R226G252B211;x
20924;70;146;63;R139G208B79;x
20925;126;136;166;R61G3B2;x
20926;189;172;117;R29G153B117;x
20927;167;162;76;R54G120B85;x
20928;54;173;101;R229G152B221;x
20929;77;162;45;R118G13B180;x
20930;64;138;78;R209G217B222;x
20931;109;100;161;R97G19B214;x
20932;184;151;128;R117G21B75;x
20933;144;122;99;R203G134B1;x
20934;191;182;68;R157G121B19;x
20935;202;165;103;R15G115B126;x
20936;109;132;71;R161G134B105;x
20937;189;189;77;R71G165B208;x
20938;209;154;62;R161G153B86;x
20939;180;185;136;R47G160B118;x
20940;130;207;86;R245G100B217;x
20941;210;128;94;R121G67B205;x
20942;197;225;91;R138G110B151;x
20943;196;141;88;R195G41B234;x
20944;191;193;155;R13G235B71;x
20945;190;209;71;R211G95B225;x
20946;195;158;189;R238G183B19;x
20947;203;164;128;R161G72B53;x
20948;173;168;70;R75G161B230;x
20949;188;202;110;R107G49B50;x
20950;215;139;86;R200G42B108;x
20951;154;159;185;R81G143B213;x
20952;161;174;95;R43G124B221;x
20953;206;161;63;R103G1B139;x
20954;192;140;73;R223G193B27;x
20955;112;150;75;R105G14B170;x
20956;193;184;74;R151G175B40;x
20957;178;176;98;R173G16B29;x
20958;228;171;149;R246G215B190;x
20959;186;164;159;R121G96B134;x
20960;139;137;114;R213G64B233;x
20961;204;194;90;R174G96B150;x
20962;170;168;146;R180G178B148;x
20963;162;161;125;R189G77B219;x
20964;151;165;171;R126G52B111;x
20965;165;156;90;R116G14B233;x
20966;240;190;105;R26G165B94;x
20967;188;156;78;R133G83B150;x
20968;205;132;86;R107G205B30;x
20969;220;176;62;R248G211B183;x
20970;187;158;171;R161G196B182;x
20971;182;107;142;R61G163B64;x
20972;206;172;95;R200G145B67;x
20973;195;176;94;R97G88B39;x
20974;202;146;57;R19G149B207;x
20975;213;155;101;R195G45B27;x
20976;119;100;141;R35G152B150;x
20977;215;147;114;R30G41B204;x
20978;208;225;89;R34G1B200;x
20979;169;126;138;R207G203B137;x
20980;119;176;95;R47G27B212;x
20981;173;204;131;R59G84B2;x
20982;185;146;137;R105G131B36;x
20983;210;159;136;R30G190B115;x
20984;225;190;85;R89G189B206;x
20985;212;159;81;R123G83B227;x
20986;113;195;131;R113G121B47;x
20987;77;150;121;R114G251B67;x
20988;83;115;91;R184G18B133;x
20989;201;153;157;R106G205B171;x
20990;236;177;87;R94G177B218;x
20991;212;152;79;R204G103B146;x
20992;163;205;92;R141G232B229;x
20993;191;135;99;R186G177B220;x
20994;166;160;99;R171G223B60;x
20995;195;157;113;R222G36B249;x
20996;184;158;63;R97G42B13;x
20997;197;147;36;R25G93B24;x
20998;200;236;112;R140G123B106;x
20999;155;188;100;R18G81B91;x
21000;125;150;108;R176G231B148;x
21001;175;183;76;R103G35B252;x
21002;167;163;115;R75G218B131;x
21003;124;191;98;R239G29B166;x
21004;206;167;80;R143G95B78;x
21005;222;185;115;R85G175B240;x
21006;135;177;132;R215G140B172;x
21007;178;210;141;R102G93B0;x
21008;174;139;167;R55G61B75;x
21009;187;182;77;R201G84B22;x
21010;134;112;127;R12G255B26;x
21011;198;188;108;R130G54B7;x
21012;180;171;81;R11G191B19;x
21013;173;147;120;R206G223B44;x
21014;192;192;168;R55G202B19;x
21015;179;168;66;R169G65B176;x
21016;111;126;120;R98G21B213;x
21017;129;195;134;R5G44B110;x
21018;215;179;114;R191G57B58;x
21019;171;155;157;R229G143B77;x
21020;173;181;94;R100G84B227;x
21021;76;140;111;R116G149B101;x
21022;170;127;135;R105G251B99;x
21023;211;194;124;R244G56B50;x
21024;208;189;125;R78G71B1;x
21025;215;126;127;R250G239B168;x
21026;147;123;135;R154G70B144;x
21027;189;156;160;R18G155B98;x
21028;189;193;119;R178G221B16;x
21029;177;208;98;R206G162B226;x
21030;177;150;140;R140G237B204;x
21031;171;175;117;R95G218B167;x
21032;154;205;86;R138G197B192;x
21033;149;199;153;R22G56B84;x
21034;233;143;82;R191G123B31;x
21035;172;204;109;R155G191B89;x
21036;201;164;152;R50G191B129;x
21037;122;103;65;R43G253B146;x
21038;181;152;93;R5G63B11;x
21039;104;149;98;R53G184B115;x
21040;46;139;56;R230G178B68;x
21041;208;165;96;R31G129B231;x
21042;178;142;124;R62G126B45;x
21043;167;146;129;R0G237B170;x
21044;199;165;129;R207G66B207;x
21045;208;136;119;R105G215B6;x
21046;190;143;90;R161G98B213;x
21047;196;136;96;R96G123B112;x
21048;168;183;112;R156G121B127;x
21049;222;138;90;R226G145B152;x
21050;240;194;95;R216G244B170;x
21051;155;185;175;R84G114B83;x
21052;217;160;59;R158G90B168;x
21053;131;126;102;R10G180B242;x
21054;184;145;127;R187G41B43;x
21055;45;150;70;R44G59B143;x
21056;185;182;117;R177G161B196;x
21057;211;174;76;R214G205B95;x
21058;183;167;101;R230G41B37;x
21059;153;129;49;R2G145B237;x
21060;209;128;129;R8G180B207;x
21061;147;186;82;R16G149B4;x
21062;186;148;143;R137G147B186;x
21063;201;202;89;R9G114B105;x
21064;183;185;193;R84G100B73;x
21065;140;154;139;R184G65B184;x
21066;197;178;68;R237G103B93;x
21067;224;138;75;R179G166B43;x
21068;86;133;66;R73G81B60;x
21069;155;176;169;R67G89B155;x
21070;111;151;62;R205G156B234;x
21071;159;149;143;R162G157B101;x
21072;154;139;119;R248G114B37;x
21073;89;129;165;R21G98B91;x
21074;183;149;106;R184G99B112;x
21075;186;162;118;R86G139B97;x
21076;165;154;119;R94G153B59;x
21077;213;134;111;R68G66B18;x
21078;213;149;79;R169G249B54;x
21079;202;178;174;R21G216B40;x
21080;159;165;133;R196G250B244;x
21081;127;153;177;R125G240B25;x
21082;172;129;111;R105G188B73;x
21083;189;196;112;R186G154B71;x
21084;203;134;86;R13G140B53;x
21085;201;191;63;R250G81B48;x
21086;176;168;132;R24G23B113;x
21087;195;160;124;R41G84B181;x
21088;149;187;130;R140G63B21;x
21089;211;139;98;R47G198B189;x
21090;214;170;100;R4G222B113;x
21091;183;139;101;R97G102B107;x
21092;212;135;83;R151G170B20;x
21093;195;169;149;R233G134B106;x
21094;189;204;110;R14G21B192;x
21095;203;185;95;R182G84B165;x
21096;192;179;182;R217G121B212;x
21097;89;161;97;R86G43B51;x
21098;183;169;56;R253G161B42;x
21099;108;139;162;R185G53B176;x
21100;240;186;66;R67G233B237;x
21101;228;163;70;R73G104B149;x
21102;159;129;117;R110G54B192;x
21103;167;202;120;R145G55B39;x
21104;102;147;41;R74G157B245;x
21105;78;115;109;R7G194B119;x
21106;210;158;87;R178G196B156;x
21107;148;176;148;R166G109B96;x
21108;189;175;124;R119G129B148;x
21109;171;215;116;R35G110B136;x
21110;182;121;30;R3G171B111;x
21111;153;145;75;R102G8B234;x
21112;163;181;83;R52G87B26;x
21113;176;175;99;R7G31B33;x
21114;142;128;169;R174G15B130;x
21115;220;149;92;R91G169B180;x
21116;167;166;122;R116G200B205;x
21117;164;186;118;R19G72B183;x
21118;66;161;107;R224G173B31;x
21119;214;204;110;R145G101B217;x
21120;85;124;105;R85G250B124;x
21121;82;100;116;R133G126B194;x
21122;161;165;181;R241G179B106;x
21123;182;205;106;R114G189B179;x
21124;168;184;124;R87G13B27;x
21125;183;165;101;R190G155B224;x
21126;170;133;108;R168G69B92;x
21127;181;141;93;R93G167B169;x
21128;201;177;120;R89G121B106;x
21129;167;143;76;R71G43B93;x
21130;122;199;139;R104G211B92;x
21131;152;156;100;R218G228B172;x
21132;158;200;158;R36G66B124;x
21133;171;153;187;R134G185B195;x
21134;184;168;89;R214G90B198;x
21135;112;175;109;R51G68B157;x
21136;181;179;130;R178G12B236;x
21137;187;201;125;R155G100B17;x
21138;156;170;171;R81G55B234;x
21139;160;164;87;R9G29B39;x
21140;202;155;115;R212G235B196;x
21141;94;140;75;R183G29B145;x
21142;188;177;65;R184G207B201;x
21143;65;151;110;R148G45B166;x
21144;172;150;173;R57G90B245;x
21145;167;195;109;R206G222B46;x
21146;162;113;102;R215G162B161;x
21147;184;166;93;R45G159B70;x
21148;178;174;95;R187G16B111;x
21149;197;141;100;R5G243B215;x
21150;198;148;140;R149G133B245;x
21151;183;154;113;R81G253B166;x
21152;183;130;101;R177G243B156;x
21153;93;176;173;R52G173B69;x
21154;185;125;155;R160G221B196;x
21155;237;149;62;R69G70B60;x
21156;121;155;123;R174G61B194;x
21157;174;134;110;R161G66B72;x
21158;203;184;108;R45G211B214;x
21159;129;146;175;R116G58B49;x
21160;185;169;100;R148G195B124;x
21161;167;118;121;R48G75B108;x
21162;227;183;78;R186G26B123;x
21163;127;161;165;R180G127B220;x
21164;182;158;120;R149G201B18;x
21165;199;163;92;R0G7B189;x
21166;149;177;138;R7G200B26;x
21167;216;178;109;R228G30B174;x
21168;229;163;116;R195G25B11;x
21169;222;164;145;R79G223B61;x
21170;223;149;131;R150G60B174;x
21171;200;166;118;R187G155B217;x
21172;169;115;173;R20G95B30;x
21173;152;187;91;R64G49B111;x
21174;158;187;133;R124G128B189;x
21175;154;142;127;R205G193B182;x
21176;152;183;134;R104G218B223;x
21177;209;190;97;R184G99B14;x
21178;174;141;138;R18G139B184;x
21179;203;198;124;R81G145B78;x
21180;207;180;95;R177G86B89;x
21181;184;140;134;R32G25B79;x
21182;199;176;168;R93G209B132;x
21183;215;143;79;R132G126B41;x
21184;220;197;144;R234G81B241;x
21185;227;184;73;R201G247B222;x
21186;183;169;125;R99G157B219;x
21187;188;185;99;R224G196B160;x
21188;205;162;134;R105G209B144;x
21189;205;136;67;R229G150B162;x
21190;129;183;125;R181G65B69;x
21191;93;139;113;R241G77B59;x
21192;64;116;55;R21G108B100;x
21193;193;163;88;R105G230B185;x
21194;186;126;121;R68G221B227;x
21195;191;183;93;R119G126B128;x
21196;125;175;77;R236G255B107;x
21197;115;96;154;R187G246B19;x
21198;217;162;124;R123G141B51;x
21199;163;177;164;R149G96B148;x
21200;215;167;74;R50G120B67;x
21201;100;144;109;R101G80B23;x
21202;109;131;168;R148G244B88;x
21203;171;154;175;R13G106B115;x
21204;190;188;83;R171G2B69;x
21205;171;163;154;R100G175B89;x
21206;166;144;88;R18G138B105;x
21207;175;197;129;R90G251B79;x
21208;187;150;64;R174G226B131;x
21209;212;168;145;R230G186B99;x
21210;64;114;110;R242G108B27;x
21211;163;171;105;R48G172B56;x
21212;190;185;113;R103G32B102;x
21213;211;181;75;R142G119B114;x
21214;131;104;149;R122G152B137;x
21215;158;139;126;R94G203B234;x
21216;158;157;148;R170G25B174;x
21217;140;168;180;R66G157B52;x
21218;174;144;158;R48G178B248;x
21219;199;205;130;R89G21B21;x
21220;231;173;100;R33G30B187;x
21221;186;165;94;R147G51B166;x
21222;88;108;101;R203G190B130;x
21223;150;188;68;R201G151B102;x
21224;209;169;94;R68G69B85;x
21225;184;163;84;R38G223B24;x
21226;195;154;141;R48G26B122;x
21227;235;180;89;R200G195B76;x
21228;156;178;143;R69G179B28;x
21229;162;144;125;R217G149B143;x
21230;190;162;64;R201G17B119;x
21231;210;128;122;R214G105B200;x
21232;182;218;143;R156G1B224;x
21233;206;144;94;R232G191B91;x
21234;160;156;155;R80G81B209;x
21235;176;189;79;R51G235B163;x
21236;115;155;75;R78G107B101;x
21237;182;181;90;R170G14B85;x
21238;80;141;81;R215G81B101;x
21239;155;172;120;R255G221B62;x
21240;195;135;105;R0G60B249;x
21241;211;140;111;R170G175B59;x
21242;179;163;98;R208G214B168;x
21243;191;155;101;R63G232B175;x
21244;101;143;113;R23G77B163;x
21245;166;176;97;R93G56B94;x
21246;193;166;65;R17G85B145;x
21247;198;191;103;R159G254B212;x
21248;126;145;69;R251G28B155;x
21249;124;161;64;R132G214B215;x
21250;61;136;106;R170G208B40;x
21251;214;158;106;R121G193B137;x
21252;182;154;109;R144G130B180;x
21253;150;149;33;R76G94B216;x
21254;226;194;98;R125G121B212;x
21255;194;186;127;R227G179B30;x
21256;192;141;96;R180G145B3;x
21257;115;133;197;R79G176B162;x
21258;170;177;64;R110G176B85;x
21259;169;162;60;R229G78B20;x
21260;166;144;148;R101G212B182;x
21261;141;163;77;R123G212B49;x
21262;188;161;109;R63G192B89;x
21263;191;140;126;R238G63B169;x
21264;179;186;126;R239G82B204;x
21265;89;136;78;R207G235B162;x
21266;218;129;120;R102G179B110;x
21267;196;172;105;R143G171B9;x
21268;207;208;114;R78G32B238;x
21269;197;175;107;R33G245B137;x
21270;170;163;112;R196G169B78;x
21271;125;181;101;R218G218B248;x
21272;148;157;104;R51G47B61;x
21273;172;161;105;R57G59B34;x
21274;179;143;145;R168G187B52;x
21275;207;158;114;R191G182B126;x
21276;213;169;69;R82G50B115;x
21277;217;149;163;R203G166B197;x
21278;207;156;84;R162G193B136;x
21279;240;185;118;R173G136B14;x
21280;189;131;87;R149G134B23;x
21281;191;160;78;R154G13B245;x
21282;166;186;79;R181G33B232;x
21283;164;162;138;R227G210B124;x
21284;104;153;91;R71G16B103;x
21285;123;158;189;R1G139B239;x
21286;70;124;90;R45G239B231;x
21287;192;98;126;R56G76B201;x
21288;208;165;125;R89G184B237;x
21289;208;152;102;R37G154B171;x
21290;220;182;69;R197G86B121;x
21291;63;127;69;R190G113B199;x
21292;170;154;139;R110G212B14;x
21293;202;138;124;R199G38B79;x
21294;163;155;93;R100G6B206;x
21295;180;95;86;R26G76B233;x
21296;186;148;147;R244G164B22;x
21297;153;205;107;R190G113B147;x
21298;168;203;54;R214G212B204;x
21299;123;150;60;R233G246B188;x
21300;162;151;86;R18G161B125;x
21301;200;158;153;R250G163B151;x
21302;196;187;160;R20G119B2;x
21303;240;128;64;R36G100B82;x
21304;219;190;134;R175G161B213;x
21305;208;158;116;R107G233B33;x
21306;186;186;124;R195G184B190;x
21307;175;143;68;R144G110B59;x
21308;124;195;122;R238G101B143;x
21309;74;153;67;R27G168B228;x
21310;40;130;84;R64G37B160;x
21311;150;122;142;R238G92B245;x
21312;182;133;153;R96G0B98;x
21313;95;114;198;R19G70B177;x
21314;184;188;83;R190G153B234;x
21315;199;109;78;R233G130B240;x
21316;208;181;82;R77G176B251;x
21317;206;167;89;R58G44B57;x
21318;98;162;103;R199G95B23;x
21319;84;115;119;R141G31B67;x
21320;157;118;150;R66G147B224;x
21321;123;152;172;R251G184B84;x
21322;91;137;85;R222G254B224;x
21323;154;179;176;R100G42B41;x
21324;171;178;83;R151G87B193;x
21325;194;165;65;R11G17B145;x
21326;138;127;145;R25G101B254;x
21327;180;202;82;R250G138B127;x
21328;204;144;141;R184G203B233;x
21329;185;207;123;R169G77B115;x
21330;207;177;66;R108G92B180;x
21331;175;194;93;R65G236B219;x
21332;216;150;179;R252G65B47;x
21333;156;146;99;R38G239B116;x
21334;191;205;104;R215G30B240;x
21335;91;185;112;R107G199B190;x
21336;179;160;98;R24G194B45;x
21337;95;123;61;R148G222B100;x
21338;153;182;90;R212G198B178;x
21339;213;180;80;R161G28B158;x
21340;167;176;75;R231G178B127;x
21341;158;168;136;R56G147B70;x
21342;210;189;98;R161G180B96;x
21343;174;142;167;R33G215B21;x
21344;238;209;73;R184G50B56;x
21345;150;154;148;R48G82B202;x
21346;202;154;184;R194G205B135;x
21347;190;116;153;R132G1B62;x
21348;144;165;149;R146G239B59;x
21349;180;157;59;R135G118B226;x
21350;196;209;109;R85G178B212;x
21351;215;143;119;R184G223B218;x
21352;193;166;78;R251G246B58;x
21353;148;136;172;R216G13B87;x
21354;127;142;83;R206G157B176;x
21355;169;139;122;R131G250B90;x
21356;207;156;60;R222G162B117;x
21357;172;162;144;R218G205B102;x
21358;170;206;74;R49G145B94;x
21359;220;170;71;R222G22B204;x
21360;184;122;195;R127G92B6;x
21361;166;173;91;R97G62B208;x
21362;237;141;124;R18G40B101;x
21363;191;193;118;R229G180B93;x
21364;166;157;164;R216G79B71;x
21365;210;189;124;R27G234B26;x
21366;217;177;109;R59G241B211;x
21367;206;193;103;R84G157B75;x
21368;183;171;164;R227G238B58;x
21369;93;94;189;R111G56B27;x
21370;105;113;88;R240G9B163;x
21371;194;172;141;R188G42B241;x
21372;199;184;102;R45G167B250;x
21373;207;149;110;R254G25B179;x
21374;173;180;98;R179G245B188;x
21375;197;193;123;R222G229B129;x
21376;129;166;85;R53G251B131;x
21377;178;202;119;R177G160B134;x
21378;211;182;80;R199G160B48;x
21379;145;182;164;R244G180B199;x
21380;164;177;123;R115G61B10;x
21381;208;178;138;R35G172B91;x
21382;140;185;119;R200G186B33;x
21383;234;153;97;R202G168B227;x
21384;168;134;115;R71G103B61;x
21385;97;131;111;R73G178B169;x
21386;186;140;102;R250G151B224;x
21387;191;174;87;R134G219B54;x
21388;185;153;107;R160G229B183;x
21389;203;153;103;R105G95B212;x
21390;74;124;110;R160G251B154;x
21391;178;151;120;R224G182B214;x
21392;186;155;178;R158G80B160;x
21393;216;165;97;R161G38B3;x
21394;141;171;52;R29G186B254;x
21395;150;175;157;R53G94B137;x
21396;167;152;61;R131G123B106;x
21397;185;182;150;R103G135B97;x
21398;222;152;73;R35G237B141;x
21399;151;180;87;R247G200B131;x
21400;188;168;111;R86G2B113;x
21401;207;181;97;R156G5B236;x
21402;92;159;98;R4G236B241;x
21403;175;198;127;R18G187B216;x
21404;132;196;120;R14G226B171;x
21405;200;165;160;R120G250B239;x
21406;204;178;154;R46G88B208;x
21407;205;173;162;R151G163B110;x
21408;177;182;127;R31G189B159;x
21409;150;195;172;R79G7B207;x
21410;165;165;188;R119G26B77;x
21411;81;128;78;R39G101B30;x
21412;211;163;112;R153G230B1;x
21413;177;167;70;R79G189B74;x
21414;169;115;115;R140G103B130;x
21415;173;194;61;R244G104B36;x
21416;207;138;80;R149G128B235;x
21417;208;129;87;R100G115B233;x
21418;211;138;69;R67G164B173;x
21419;196;125;163;R138G23B230;x
21420;122;137;97;R54G200B169;x
21421;102;102;73;R164G132B62;x
21422;116;145;152;R20G22B57;x
21423;198;145;77;R95G96B29;x
21424;128;150;165;R107G116B179;x
21425;161;195;95;R45G43B168;x
21426;87;133;74;R12G15B116;x
21427;220;209;86;R254G101B19;x
21428;154;166;156;R123G136B6;x
21429;224;162;77;R86G234B207;x
21430;240;192;121;R66G251B101;x
21431;192;147;169;R253G178B192;x
21432;197;108;102;R56G175B85;x
21433;207;230;132;R97G50B196;x
21434;203;182;93;R128G68B85;x
21435;211;149;130;R220G158B253;x
21436;183;131;111;R56G166B84;x
21437;178;125;117;R235G143B244;x
21438;172;191;76;R20G32B153;x
21439;181;118;97;R192G233B123;x
21440;158;170;153;R252G226B201;x
21441;240;168;95;R56G126B112;x
21442;93;144;91;R104G185B114;x
21443;213;158;94;R16G86B210;x
21444;108;137;90;R227G91B203;x
21445;148;148;123;R139G204B163;x
21446;87;146;97;R123G229B249;x
21447;97;123;102;R93G193B18;x
21448;150;177;138;R231G122B19;x
21449;182;171;99;R108G13B166;x
21450;155;188;82;R102G5B227;x
21451;153;200;110;R178G176B207;x
21452;77;125;141;R140G214B82;x
21453;148;133;127;R222G224B28;x
21454;182;130;135;R110G133B161;x
21455;223;189;99;R138G163B45;x
21456;141;220;100;R197G87B87;x
21457;179;202;113;R200G45B99;x
21458;140;157;169;R174G66B222;x
21459;168;139;89;R186G165B206;x
21460;177;146;113;R99G19B201;x
21461;95;157;58;R214G153B222;x
21462;224;181;101;R255G178B73;x
21463;213;145;66;R154G195B101;x
21464;166;106;123;R160G63B172;x
21465;218;194;97;R182G110B123;x
21466;170;135;146;R171G177B251;x
21467;177;205;121;R42G45B79;x
21468;177;190;91;R169G70B169;x
21469;210;107;155;R154G5B151;x
21470;182;174;83;R252G200B244;x
21471;194;180;69;R145G248B143;x
21472;205;208;50;R179G253B108;x
21473;165;186;164;R36G79B230;x
21474;117;107;72;R164G210B178;x
21475;145;153;127;R145G194B120;x
21476;152;178;97;R169G112B22;x
21477;191;171;82;R157G87B74;x
21478;171;144;106;R96G125B119;x
21479;185;179;67;R243G142B237;x
21480;169;145;100;R134G192B159;x
21481;128;166;121;R7G237B55;x
21482;167;161;130;R206G16B243;x
21483;130;104;136;R185G121B76;x
21484;78;125;90;R221G235B53;x
21485;177;135;146;R84G255B47;x
21486;106;121;60;R48G198B79;x
21487;120;130;83;R80G164B188;x
21488;203;189;107;R161G137B112;x
21489;186;140;160;R43G15B1;x
21490;78;138;94;R46G35B114;x
21491;174;158;78;R167G220B106;x
21492;190;119;152;R234G193B211;x
21493;237;132;67;R211G152B89;x
21494;107;118;58;R243G73B158;x
21495;68;94;88;R228G64B111;x
21496;188;154;120;R69G78B8;x
21497;171;177;125;R11G148B215;x
21498;194;164;77;R218G240B31;x
21499;110;126;102;R32G150B236;x
21500;195;126;104;R59G203B0;x
21501;200;158;79;R138G115B170;x
21502;198;180;100;R52G48B30;x
21503;180;117;161;R133G93B159;x
21504;84;98;62;R162G211B103;x
21505;158;155;101;R153G104B5;x
21506;165;195;120;R66G150B233;x
21507;98;180;77;R119G199B145;x
21508;181;123;81;R159G90B76;x
21509;187;134;108;R140G18B109;x
21510;196;184;66;R137G85B26;x
21511;162;162;89;R176G142B156;x
21512;67;117;102;R161G186B202;x
21513;204;174;113;R218G166B51;x
21514;204;192;159;R121G35B12;x
21515;120;140;95;R207G214B91;x
21516;178;142;161;R81G154B86;x
21517;159;197;109;R41G254B55;x
21518;213;195;93;R112G200B80;x
21519;186;139;79;R109G16B181;x
21520;230;159;117;R194G87B84;x
21521;240;152;54;R132G123B18;x
21522;215;184;97;R12G65B223;x
21523;240;200;138;R101G207B134;x
21524;150;181;113;R176G39B57;x
21525;185;168;109;R234G48B221;x
21526;101;148;83;R195G137B81;x
21527;179;151;146;R106G243B137;x
21528;198;182;133;R192G243B33;x
21529;155;150;117;R111G143B126;x
21530;179;133;153;R129G24B10;x
21531;202;154;136;R5G146B154;x
21532;222;174;87;R176G68B46;x
21533;222;160;168;R109G62B222;x
21534;133;144;159;R9G16B125;x
21535;141;204;89;R133G79B145;x
21536;207;212;119;R229G164B111;x
21537;226;167;66;R187G115B39;x
21538;218;202;104;R141G254B123;x
21539;192;193;116;R206G64B31;x
21540;166;157;134;R94G122B64;x
21541;164;189;123;R64G191B203;x
21542;168;117;129;R95G161B144;x
21543;128;147;95;R90G137B194;x
21544;220;141;118;R119G1B145;x
21545;130;150;162;R248G97B76;x
21546;169;153;113;R27G143B67;x
21547;194;150;92;R37G128B108;x
21548;202;139;77;R145G19B140;x
21549;126;180;97;R64G117B97;x
21550;213;177;113;R154G184B89;x
21551;153;170;115;R92G144B25;x
21552;50;134;121;R190G194B243;x
21553;195;134;85;R180G146B66;x
21554;199;167;133;R169G210B93;x
21555;123;164;77;R18G108B22;x
21556;97;105;152;R41G108B166;x
21557;108;169;141;R215G30B157;x
21558;180;162;162;R185G199B154;x
21559;185;148;96;R90G54B238;x
21560;135;158;170;R191G15B53;x
21561;212;154;83;R122G171B211;x
21562;85;131;120;R226G214B161;x
21563;144;143;63;R174G116B47;x
21564;230;205;78;R50G145B108;x
21565;180;167;143;R75G84B197;x
21566;171;193;77;R77G227B207;x
21567;198;197;97;R132G142B179;x
21568;152;169;143;R31G146B45;x
21569;211;202;111;R105G8B175;x
21570;195;139;132;R163G1B243;x
21571;148;153;136;R41G57B113;x
21572;154;158;82;R33G123B138;x
21573;197;181;116;R8G251B184;x
21574;115;188;97;R103G134B174;x
21575;58;166;92;R23G49B118;x
21576;203;141;96;R94G210B22;x
21577;156;116;36;R142G166B221;x
21578;233;151;120;R240G59B144;x
21579;147;154;157;R167G41B58;x
21580;84;144;116;R172G99B58;x
21581;200;146;103;R59G195B227;x
21582;240;150;82;R72G109B38;x
21583;105;157;125;R158G37B15;x
21584;203;170;123;R15G216B109;x
21585;164;206;103;R20G190B175;x
21586;211;161;99;R239G193B122;x
21587;156;152;91;R1G110B91;x
21588;168;161;122;R226G151B218;x
21589;230;165;52;R13G75B203;x
21590;204;146;88;R125G212B146;x
21591;206;157;127;R197G164B96;x
21592;195;211;111;R86G51B67;x
21593;107;120;130;R86G216B227;x
21594;197;160;147;R35G16B197;x
21595;114;175;142;R196G195B122;x
21596;166;182;171;R210G235B68;x
21597;192;129;147;R28G25B57;x
21598;200;207;126;R226G153B84;x
21599;204;140;86;R130G202B162;x
21600;218;136;93;R212G171B244;x
21601;212;238;90;R240G74B35;x
21602;158;113;104;R201G68B94;x
21603;132;129;114;R68G208B72;x
21604;155;172;106;R229G117B113;x
21605;181;151;86;R11G238B148;x
21606;196;150;158;R76G232B194;x
21607;208;148;80;R231G19B246;x
21608;154;143;111;R178G225B211;x
21609;157;137;149;R158G112B87;x
21610;174;140;168;R193G17B143;x
21611;197;131;163;R149G121B100;x
21612;216;216;83;R82G131B202;x
21613;102;135;42;R97G76B233;x
21614;187;188;116;R76G246B209;x
21615;224;135;81;R140G91B135;x
21616;154;182;151;R80G86B101;x
21617;204;158;77;R153G219B114;x
21618;159;185;160;R21G211B22;x
21619;111;183;100;R162G106B138;x
21620;163;171;76;R105G224B104;x
21621;144;174;164;R144G163B77;x
21622;150;210;95;R168G75B100;x
21623;138;160;104;R55G234B214;x
21624;94;132;59;R180G249B124;x
21625;166;175;77;R90G206B156;x
21626;146;169;143;R7G129B242;x
21627;188;140;152;R130G78B167;x
21628;145;169;146;R174G158B73;x
21629;159;176;165;R192G82B171;x
21630;220;137;58;R243G45B33;x
21631;109;109;80;R152G248B201;x
21632;218;161;125;R173G239B54;x
21633;157;129;167;R23G76B108;x
21634;166;155;99;R0G138B38;x
21635;162;172;119;R95G215B171;x
21636;76;142;81;R107G14B116;x
21637;194;180;82;R133G179B61;x
21638;174;190;59;R10G21B224;x
21639;165;202;56;R69G220B101;x
21640;118;147;100;R75G61B3;x
21641;212;89;113;R215G252B233;x
21642;210;129;87;R29G38B195;x
21643;208;163;112;R138G114B42;x
21644;232;166;85;R117G134B177;x
21645;203;213;70;R249G77B64;x
21646;169;197;183;R190G252B165;x
21647;140;146;88;R80G104B119;x
21648;150;187;158;R80G24B247;x
21649;186;183;135;R111G244B100;x
21650;220;183;85;R206G64B242;x
21651;146;173;122;R196G122B136;x
21652;74;134;60;R132G115B185;x
21653;133;161;118;R32G100B195;x
21654;187;146;107;R231G217B174;x
21655;196;174;88;R3G39B93;x
21656;236;172;87;R108G234B10;x
21657;69;122;91;R145G183B58;x
21658;78;127;94;R241G90B156;x
21659;198;168;136;R165G206B87;x
21660;190;203;88;R206G151B17;x
21661;220;205;84;R222G3B232;x
21662;170;128;130;R201G55B15;x
21663;94;133;192;R255G13B28;x
21664;162;171;126;R27G139B94;x
21665;198;156;119;R3G163B46;x
21666;167;177;78;R191G69B218;x
21667;178;136;114;R252G161B23;x
21668;191;192;72;R31G119B179;x
21669;156;149;95;R238G198B175;x
21670;107;126;74;R3G0B237;x
21671;140;171;72;R231G116B192;x
21672;107;126;79;R196G115B79;x
21673;219;172;110;R248G228B116;x
21674;132;134;106;R164G6B211;x
21675;226;189;91;R84G204B210;x
21676;173;201;82;R205G115B108;x
21677;181;155;190;R87G2B160;x
21678;230;154;78;R125G87B106;x
21679;145;168;129;R10G189B139;x
21680;155;158;154;R47G189B128;x
21681;200;184;46;R123G39B70;x
21682;160;182;100;R137G218B99;x
21683;224;169;90;R137G49B2;x
21684;230;158;83;R133G238B219;x
21685;178;140;120;R237G220B220;x
21686;192;139;122;R162G77B200;x
21687;178;111;125;R156G142B250;x
21688;167;135;136;R211G98B2;x
21689;84;157;100;R96G103B240;x
21690;157;174;98;R26G64B60;x
21691;178;155;103;R72G226B170;x
21692;141;151;161;R156G134B107;x
21693;211;158;96;R76G47B219;x
21694;88;101;125;R198G125B88;x
21695;168;178;188;R141G2B2;x
21696;211;230;82;R15G235B8;x
21697;163;155;133;R78G51B101;x
21698;198;166;113;R86G232B85;x
21699;213;180;94;R15G63B173;x
21700;139;180;121;R206G52B195;x
21701;180;169;89;R50G238B106;x
21702;118;168;87;R89G182B67;x
21703;94;147;136;R84G62B137;x
21704;208;151;48;R142G14B164;x
21705;229;176;86;R121G89B28;x
21706;121;146;95;R215G224B207;x
21707;187;159;101;R119G103B171;x
21708;177;152;84;R164G18B13;x
21709;175;161;122;R192G165B210;x
21710;178;184;72;R30G143B98;x
21711;46;125;42;R105G134B78;x
21712;180;179;89;R11G21B150;x
21713;201;150;110;R92G218B143;x
21714;177;175;77;R222G171B12;x
21715;129;181;129;R115G30B53;x
21716;200;164;137;R51G239B189;x
21717;238;163;141;R14G24B101;x
21718;144;120;125;R33G240B231;x
21719;214;160;92;R216G196B178;x
21720;221;163;157;R91G193B241;x
21721;205;206;112;R29G150B245;x
21722;143;133;55;R71G177B18;x
21723;186;166;87;R41G165B220;x
21724;155;113;99;R187G61B250;x
21725;200;143;178;R250G28B125;x
21726;156;167;127;R223G248B132;x
21727;105;122;80;R119G217B206;x
21728;226;195;83;R29G135B112;x
21729;212;182;81;R104G65B65;x
21730;199;119;67;R171G7B141;x
21731;131;145;98;R41G50B55;x
21732;173;155;112;R204G20B80;x
21733;181;164;94;R40G245B83;x
21734;107;149;146;R121G219B162;x
21735;178;142;111;R126G147B78;x
21736;189;150;161;R242G64B12;x
21737;219;145;156;R23G146B117;x
21738;89;167;84;R213G184B16;x
21739;208;158;88;R63G114B222;x
21740;79;142;126;R63G16B90;x
21741;163;143;108;R134G251B19;x
21742;156;163;131;R162G234B97;x
21743;201;162;89;R190G99B110;x
21744;167;174;94;R80G127B215;x
21745;122;155;146;R188G177B110;x
21746;89;131;81;R213G187B30;x
21747;147;169;95;R18G240B197;x
21748;208;144;154;R161G38B59;x
21749;171;172;151;R141G186B90;x
21750;159;205;120;R218G126B240;x
21751;176;143;77;R212G37B154;x
21752;142;211;93;R103G132B87;x
21753;187;184;115;R38G100B157;x
21754;207;171;90;R57G205B216;x
21755;193;210;98;R43G111B32;x
21756;158;203;87;R245G27B35;x
21757;184;182;93;R194G184B189;x
21758;66;155;88;R159G160B78;x
21759;111;155;108;R226G4B159;x
21760;171;169;103;R168G29B34;x
21761;138;123;135;R187G137B232;x
21762;218;169;106;R99G3B82;x
21763;170;157;55;R128G205B146;x
21764;180;179;71;R58G189B220;x
21765;193;204;167;R136G29B43;x
21766;89;122;111;R242G201B17;x
21767;153;143;127;R244G65B167;x
21768;145;211;109;R3G159B104;x
21769;167;177;123;R50G100B172;x
21770;166;121;134;R122G229B22;x
21771;215;197;46;R204G3B218;x
21772;219;172;40;R255G75B137;x
21773;240;158;107;R81G200B121;x
21774;232;164;125;R46G14B140;x
21775;120;124;91;R119G153B60;x
21776;212;188;63;R102G244B112;x
21777;178;161;128;R225G46B85;x
21778;198;210;95;R66G36B98;x
21779;178;167;115;R28G98B13;x
21780;173;168;92;R194G241B240;x
21781;144;205;108;R45G191B39;x
21782;160;196;100;R199G251B181;x
21783;166;203;91;R83G188B227;x
21784;216;214;129;R207G46B233;x
21785;200;133;101;R209G128B158;x
21786;163;203;118;R38G107B5;x
21787;201;165;94;R240G190B10;x
21788;106;173;112;R115G57B198;x
21789;187;119;114;R104G247B83;x
21790;109;119;66;R193G255B228;x
21791;193;154;133;R231G96B129;x
21792;203;167;140;R154G4B83;x
21793;182;168;137;R24G173B215;x
21794;171;120;131;R251G213B177;x
21795;75;130;124;R119G237B253;x
21796;153;143;156;R119G240B172;x
21797;170;179;104;R78G112B119;x
21798;189;147;150;R61G177B4;x
21799;210;144;133;R45G201B184;x
21800;186;183;152;R151G55B133;x
21801;237;168;100;R4G169B73;x
21802;202;185;98;R221G90B192;x
21803;166;158;138;R153G214B229;x
21804;197;172;105;R214G6B48;x
21805;204;161;101;R180G160B228;x
21806;217;146;94;R61G38B197;x
21807;157;217;56;R109G50B20;x
21808;184;138;76;R31G220B129;x
21809;91;109;123;R48G49B32;x
21810;202;209;98;R196G160B106;x
21811;195;177;134;R44G70B181;x
21812;202;158;74;R177G159B153;x
21813;141;186;78;R73G72B160;x
21814;112;158;155;R124G177B37;x
21815;68;133;100;R255G59B83;x
21816;162;149;162;R140G47B85;x
21817;157;123;154;R206G253B81;x
21818;196;189;154;R183G229B84;x
21819;158;174;109;R175G9B161;x
21820;236;160;79;R41G152B155;x
21821;104;144;75;R159G53B248;x
21822;195;158;62;R54G29B118;x
21823;197;178;112;R28G13B193;x
21824;88;137;122;R118G165B201;x
21825;196;145;49;R16G187B225;x
21826;186;181;65;R231G230B144;x
21827;185;134;54;R255G249B71;x
21828;180;159;64;R145G108B39;x
21829;196;145;55;R166G238B245;x
21830;59;137;43;R3G158B167;x
21831;202;191;125;R112G156B129;x
21832;212;173;121;R133G87B125;x
21833;140;163;134;R88G173B204;x
21834;187;168;126;R60G85B119;x
21835;42;113;122;R166G104B187;x
21836;165;157;173;R41G236B108;x
21837;135;151;167;R130G17B19;x
21838;229;171;120;R232G55B254;x
21839;209;163;159;R232G111B67;x
21840;193;161;152;R118G213B183;x
21841;192;125;125;R109G247B132;x
21842;160;187;99;R124G21B82;x
21843;178;147;138;R67G120B67;x
21844;191;116;93;R41G222B119;x
21845;166;128;55;R71G16B127;x
21846;120;159;119;R49G139B88;x
21847;169;123;122;R202G143B216;x
21848;230;179;82;R138G174B190;x
21849;173;209;84;R143G153B126;x
21850;128;154;172;R140G196B218;x
21851;159;194;90;R10G249B140;x
21852;149;139;150;R12G98B22;x
21853;63;101;92;R108G209B208;x
21854;217;147;75;R235G48B117;x
21855;176;196;89;R255G251B201;x
21856;152;149;48;R167G76B34;x
21857;170;222;121;R84G106B54;x
21858;105;117;71;R126G4B62;x
21859;188;152;126;R89G229B189;x
21860;207;185;74;R201G77B83;x
21861;177;164;118;R239G28B78;x
21862;177;181;125;R50G238B167;x
21863;193;190;52;R115G182B52;x
21864;119;117;127;R83G202B77;x
21865;201;178;105;R23G57B183;x
21866;148;170;66;R225G63B166;x
21867;211;134;108;R95G176B100;x
21868;192;168;138;R7G208B60;x
21869;165;119;135;R77G123B56;x
21870;218;171;119;R80G243B114;x
21871;93;113;117;R153G111B111;x
21872;190;175;95;R218G231B128;x
21873;230;181;131;R83G31B48;x
21874;178;162;67;R39G71B79;x
21875;89;101;181;R72G125B133;x
21876;233;170;64;R1G190B114;x
21877;90;134;92;R153G91B234;x
21878;173;193;107;R100G144B75;x
21879;169;149;119;R110G50B97;x
21880;227;156;72;R68G190B174;x
21881;177;155;172;R27G97B105;x
21882;201;163;96;R194G161B65;x
21883;171;167;112;R80G195B213;x
21884;197;145;97;R78G131B68;x
21885;167;189;118;R245G212B195;x
21886;190;166;90;R68G180B71;x
21887;232;137;84;R151G157B48;x
21888;188;149;165;R88G220B127;x
21889;91;122;136;R233G151B135;x
21890;119;158;168;R121G5B106;x
21891;180;172;141;R229G18B40;x
21892;223;158;48;R159G135B217;x
21893;185;186;103;R206G253B31;x
21894;101;148;66;R115G229B64;x
21895;214;147;87;R74G177B52;x
21896;219;201;98;R211G191B123;x
21897;167;203;95;R11G175B7;x
21898;240;145;55;R103G248B237;x
21899;180;186;132;R108G105B119;x
21900;223;172;94;R126G189B65;x
21901;100;90;84;R15G213B56;x
21902;188;174;112;R130G181B93;x
21903;161;130;160;R136G20B66;x
21904;124;190;163;R176G77B129;x
21905;191;142;136;R170G26B191;x
21906;215;171;165;R194G223B156;x
21907;136;118;89;R17G226B72;x
21908;145;139;112;R3G104B5;x
21909;169;107;87;R212G146B87;x
21910;180;169;117;R140G18B51;x
21911;194;145;139;R181G85B46;x
21912;186;188;86;R211G246B61;x
21913;207;198;73;R225G93B129;x
21914;150;190;54;R91G11B41;x
21915;170;181;69;R213G160B187;x
21916;129;105;168;R251G104B20;x
21917;212;164;120;R136G130B15;x
21918;206;189;130;R190G78B127;x
21919;152;159;158;R30G198B111;x
21920;208;181;84;R4G160B156;x
21921;136;174;154;R145G198B84;x
21922;173;138;134;R71G162B59;x
21923;214;140;101;R206G63B163;x
21924;164;158;132;R224G18B135;x
21925;205;189;93;R146G125B154;x
21926;189;154;158;R145G154B57;x
21927;240;154;71;R62G126B178;x
21928;179;165;118;R182G237B89;x
21929;217;162;136;R1G110B234;x
21930;113;188;135;R216G151B31;x
21931;192;180;90;R248G23B197;x
21932;227;171;97;R174G148B209;x
21933;76;106;183;R110G22B229;x
21934;158;162;109;R51G60B162;x
21935;201;161;76;R39G225B241;x
21936;108;119;79;R138G70B204;x
21937;184;162;75;R120G123B17;x
21938;153;212;124;R179G41B6;x
21939;153;181;154;R11G75B234;x
21940;179;148;128;R57G208B147;x
21941;199;175;103;R0G127B190;x
21942;183;164;133;R242G17B175;x
21943;94;142;92;R253G23B94;x
21944;105;150;114;R96G170B50;x
21945;225;187;120;R247G44B185;x
21946;228;193;105;R32G197B173;x
21947;166;181;192;R214G212B28;x
21948;164;166;139;R137G246B87;x
21949;214;185;72;R202G97B171;x
21950;240;158;74;R175G195B28;x
21951;81;144;103;R234G245B31;x
21952;190;158;58;R240G151B67;x
21953;196;175;125;R206G231B187;x
21954;201;179;159;R52G135B109;x
21955;190;212;115;R32G51B111;x
21956;148;139;94;R90G44B77;x
21957;203;167;46;R16G159B106;x
21958;209;186;74;R98G182B207;x
21959;133;163;137;R112G12B185;x
21960;185;140;122;R59G56B220;x
21961;190;162;153;R11G177B195;x
21962;239;183;139;R44G237B103;x
21963;174;168;137;R182G154B158;x
21964;74;130;102;R206G116B194;x
21965;130;190;147;R95G81B86;x
21966;205;158;95;R24G109B68;x
21967;182;155;163;R147G197B19;x
21968;166;163;149;R201G6B94;x
21969;199;155;122;R32G162B72;x
21970;191;176;77;R197G9B18;x
21971;93;135;49;R14G20B151;x
21972;178;144;169;R149G89B143;x
21973;178;150;85;R154G152B40;x
21974;171;110;119;R246G11B161;x
21975;206;132;86;R88G86B98;x
21976;147;205;109;R115G235B157;x
21977;157;204;152;R107G235B105;x
21978;117;137;148;R70G123B75;x
21979;88;117;120;R47G237B169;x
21980;133;157;123;R62G96B38;x
21981;202;141;89;R108G146B47;x
21982;170;202;88;R47G226B140;x
21983;162;165;84;R255G44B95;x
21984;139;179;147;R225G181B144;x
21985;134;125;94;R173G22B29;x
21986;165;163;149;R22G158B190;x
21987;201;160;159;R92G194B86;x
21988;140;146;102;R198G134B62;x
21989;240;145;95;R180G3B132;x
21990;147;203;155;R101G123B79;x
21991;152;215;93;R169G131B185;x
21992;198;185;128;R213G62B50;x
21993;202;138;94;R218G64B58;x
21994;180;163;150;R253G98B56;x
21995;49;158;81;R231G211B219;x
21996;180;155;62;R23G94B199;x
21997;232;165;103;R242G183B45;x
21998;89;115;99;R153G240B140;x
21999;83;128;37;R218G180B152;x
22000;216;164;117;R116G73B199;x
22001;215;180;106;R19G50B249;x
22002;209;138;97;R185G168B238;x
22003;76;151;67;R172G105B141;x
22004;212;182;109;R131G61B154;x
22005;205;209;79;R232G140B9;x
22006;172;185;91;R162G59B108;x
22007;168;156;104;R82G245B136;x
22008;183;195;102;R210G199B207;x
22009;99;160;108;R26G36B226;x
22010;153;160;118;R23G178B245;x
22011;182;106;166;R37G51B83;x
22012;76;161;75;R129G34B198;x
22013;181;141;67;R102G152B162;x
22014;190;187;84;R44G35B71;x
22015;224;151;41;R203G144B251;x
22016;162;157;82;R246G208B125;x
22017;149;170;167;R13G89B116;x
22018;169;209;95;R216G8B236;x
22019;76;144;108;R57G19B233;x
22020;223;183;111;R196G197B151;x
22021;156;198;148;R46G172B82;x
22022;200;158;106;R177G196B155;x
22023;143;145;74;R185G67B236;x
22024;99;128;108;R164G238B255;x
22025;192;141;144;R239G154B134;x
22026;176;125;129;R96G2B171;x
22027;189;178;117;R48G49B196;x
22028;183;156;96;R140G160B147;x
22029;151;183;104;R196G214B164;x
22030;166;159;152;R136G80B126;x
22031;59;111;43;R10G58B158;x
22032;150;174;86;R53G215B12;x
22033;154;180;100;R240G10B145;x
22034;182;144;103;R123G180B61;x
22035;97;146;63;R247G59B0;x
22036;170;149;53;R63G95B191;x
22037;203;158;106;R13G143B244;x
22038;86;157;71;R200G4B47;x
22039;154;165;80;R103G145B180;x
22040;136;186;106;R71G106B33;x
22041;69;163;67;R206G150B68;x
22042;102;150;136;R94G111B212;x
22043;82;100;69;R36G129B40;x
22044;126;207;133;R229G60B36;x
22045;145;188;72;R120G229B187;x
22046;207;193;105;R221G175B15;x
22047;194;191;85;R170G156B46;x
22048;124;157;114;R138G203B199;x
22049;185;135;48;R2G241B204;x
22050;228;167;59;R236G63B117;x
22051;175;152;91;R177G6B208;x
22052;123;141;92;R186G210B175;x
22053;144;171;91;R71G110B3;x
22054;199;171;161;R44G35B159;x
22055;189;172;109;R27G144B19;x
22056;184;163;71;R234G48B20;x
22057;183;171;111;R41G137B175;x
22058;233;163;76;R179G191B177;x
22059;76;139;42;R52G239B155;x
22060;228;169;53;R79G186B87;x
22061;165;184;97;R87G42B195;x
22062;200;150;86;R127G73B41;x
22063;96;103;80;R14G40B84;x
22064;201;147;102;R34G44B82;x
22065;190;171;51;R190G239B186;x
22066;186;129;77;R222G14B109;x
22067;185;162;102;R183G185B163;x
22068;165;175;142;R126G12B21;x
22069;140;156;94;R228G28B167;x
22070;147;124;130;R26G76B247;x
22071;200;182;74;R208G164B89;x
22072;220;145;99;R62G137B164;x
22073;97;117;84;R224G137B67;x
22074;198;133;74;R69G141B20;x
22075;175;193;141;R42G180B109;x
22076;136;143;129;R42G233B13;x
22077;112;148;154;R150G214B235;x
22078;133;112;160;R159G92B202;x
22079;198;165;99;R178G254B88;x
22080;183;169;101;R207G130B134;x
22081;205;163;109;R252G164B201;x
22082;165;170;98;R133G225B112;x
22083;194;164;169;R59G194B21;x
22084;144;172;138;R171G172B42;x
22085;191;166;156;R2G42B91;x
22086;137;169;132;R170G51B203;x
22087;187;195;103;R135G224B54;x
22088;112;142;132;R3G71B27;x
22089;153;190;57;R88G229B216;x
22090;205;190;96;R0G239B98;x
22091;84;170;100;R19G210B146;x
22092;190;165;113;R48G176B30;x
22093;207;158;91;R69G82B232;x
22094;162;169;126;R127G183B33;x
22095;156;142;145;R170G246B142;x
22096;190;140;112;R93G255B61;x
22097;234;175;130;R141G248B114;x
22098;74;143;124;R124G101B194;x
22099;198;148;85;R74G100B39;x
22100;179;187;89;R140G149B188;x
22101;75;125;87;R213G203B162;x
22102;117;125;186;R179G167B198;x
22103;205;176;114;R129G13B145;x
22104;109;160;128;R99G239B121;x
22105;182;156;67;R175G184B121;x
22106;212;163;54;R116G70B240;x
22107;195;219;154;R218G143B227;x
22108;182;214;99;R158G206B71;x
22109;162;187;127;R36G73B17;x
22110;169;177;123;R229G210B211;x
22111;153;115;168;R254G244B12;x
22112;179;163;79;R17G254B5;x
22113;93;159;166;R10G152B119;x
22114;110;167;66;R79G171B32;x
22115;91;127;61;R152G160B12;x
22116;173;174;70;R10G110B182;x
22117;167;158;128;R92G41B243;x
22118;169;153;101;R74G77B148;x
22119;181;153;110;R91G62B138;x
22120;189;170;164;R189G52B219;x
22121;214;163;104;R247G108B111;x
22122;181;146;91;R211G162B81;x
22123;175;138;136;R16G87B161;x
22124;166;146;92;R31G23B252;x
22125;195;146;73;R215G126B55;x
22126;105;110;151;R220G63B108;x
22127;179;160;165;R161G38B112;x
22128;155;231;76;R67G186B1;x
22129;181;167;65;R154G18B53;x
22130;118;132;77;R207G145B84;x
22131;131;123;91;R115G26B142;x
22132;115;168;181;R165G125B108;x
22133;204;173;96;R143G24B27;x
22134;147;175;116;R131G78B19;x
22135;231;162;85;R66G112B221;x
22136;166;198;131;R143G73B208;x
22137;192;127;102;R15G72B147;x
22138;219;200;90;R225G37B229;x
22139;207;187;122;R239G138B212;x
22140;165;208;138;R141G193B83;x
22141;187;122;146;R254G90B116;x
22142;119;155;182;R136G244B169;x
22143;204;170;95;R206G210B84;x
22144;205;101;89;R31G198B3;x
22145;192;208;128;R2G254B74;x
22146;213;155;162;R159G226B176;x
22147;147;188;157;R192G140B181;x
22148;230;178;129;R80G139B142;x
22149;152;185;75;R154G141B31;x
22150;104;160;172;R200G46B218;x
22151;225;186;87;R227G82B132;x
22152;199;159;95;R30G83B196;x
22153;220;132;87;R139G211B166;x
22154;161;183;85;R8G86B79;x
22155;136;114;177;R101G139B151;x
22156;120;149;126;R17G247B235;x
22157;194;154;107;R217G13B230;x
22158;192;173;88;R231G63B218;x
22159;188;194;66;R21G228B81;x
22160;183;134;167;R79G192B111;x
22161;194;180;49;R76G31B23;x
22162;160;141;156;R129G49B169;x
22163;151;163;185;R141G254B58;x
22164;210;168;137;R44G64B169;x
22165;89;85;94;R238G30B44;x
22166;189;143;94;R55G5B163;x
22167;176;197;121;R12G142B46;x
22168;215;209;149;R222G130B212;x
22169;181;139;114;R166G226B111;x
22170;154;152;95;R243G42B48;x
22171;176;165;75;R67G49B125;x
22172;223;154;86;R188G122B238;x
22173;92;123;169;R253G99B177;x
22174;146;185;125;R101G33B187;x
22175;189;155;104;R97G114B92;x
22176;183;174;78;R158G180B227;x
22177;143;173;150;R146G129B33;x
22178;67;149;80;R249G184B1;x
22179;183;166;114;R98G218B169;x
22180;204;127;85;R224G223B122;x
22181;169;152;146;R63G102B97;x
22182;176;128;122;R222G6B155;x
22183;156;159;128;R94G176B139;x
22184;118;194;140;R74G174B75;x
22185;169;96;102;R100G25B90;x
22186;171;198;138;R100G41B83;x
22187;138;173;137;R158G221B39;x
22188;227;198;98;R114G138B135;x
22189;175;123;157;R88G187B255;x
22190;121;160;77;R147G214B244;x
22191;208;145;66;R167G226B190;x
22192;197;186;127;R213G124B156;x
22193;183;206;96;R69G213B180;x
22194;106;149;199;R25G25B248;x
22195;192;133;63;R38G51B135;x
22196;84;135;139;R232G56B145;x
22197;92;129;111;R129G95B225;x
22198;208;113;66;R103G107B148;x
22199;171;183;73;R183G64B215;x
22200;162;200;184;R182G28B84;x
22201;76;123;133;R112G96B102;x
22202;120;195;150;R226G46B143;x
22203;156;165;133;R70G102B113;x
22204;210;157;100;R31G8B84;x
22205;204;181;110;R169G85B79;x
22206;109;143;79;R24G206B67;x
22207;202;188;115;R91G125B102;x
22208;219;171;86;R11G108B198;x
22209;181;162;153;R186G250B253;x
22210;182;181;82;R208G4B133;x
22211;154;182;138;R255G65B152;x
22212;192;141;69;R212G129B183;x
22213;226;188;96;R231G156B169;x
22214;203;104;125;R19G49B195;x
22215;192;166;109;R129G26B10;x
22216;200;135;70;R195G81B154;x
22217;239;174;81;R137G101B12;x
22218;110;154;97;R115G106B4;x
22219;179;142;146;R241G14B191;x
22220;219;173;90;R69G191B64;x
22221;167;182;116;R174G43B30;x
22222;210;183;99;R41G241B58;x
22223;51;147;81;R109G145B120;x
22224;72;130;54;R162G174B255;x
22225;207;183;81;R35G105B1;x
22226;98;160;164;R123G27B5;x
22227;188;135;122;R169G172B252;x
22228;223;164;53;R96G46B16;x
22229;211;149;155;R244G34B181;x
22230;185;165;126;R43G158B15;x
22231;209;189;67;R239G236B122;x
22232;209;198;77;R69G197B91;x
22233;180;181;60;R86G10B246;x
22234;191;186;181;R72G0B94;x
22235;158;154;130;R237G118B90;x
22236;163;133;121;R38G38B167;x
22237;207;185;88;R118G216B136;x
22238;185;161;123;R87G80B42;x
22239;165;175;148;R86G40B126;x
22240;107;145;87;R70G60B132;x
22241;126;133;135;R139G59B157;x
22242;206;184;83;R147G7B128;x
22243;200;133;113;R252G98B43;x
22244;215;180;100;R117G177B19;x
22245;218;177;100;R177G153B155;x
22246;124;162;94;R147G128B236;x
22247;207;132;126;R97G215B75;x
22248;186;170;116;R85G178B221;x
22249;119;131;80;R170G223B188;x
22250;173;164;139;R255G18B62;x
22251;86;101;107;R245G123B249;x
22252;118;109;127;R136G163B43;x
22253;195;153;78;R168G155B17;x
22254;176;145;73;R5G49B224;x
22255;177;199;172;R233G118B85;x
22256;166;202;149;R249G174B118;x
22257;190;183;136;R83G151B41;x
22258;191;198;118;R145G153B221;x
22259;234;207;125;R228G192B150;x
22260;174;214;87;R86G129B15;x
22261;93;142;201;R77G176B121;x
22262;173;112;128;R190G44B153;x
22263;140;165;173;R30G39B14;x
22264;152;146;127;R101G148B69;x
22265;150;167;134;R251G100B210;x
22266;185;180;88;R101G119B10;x
22267;208;127;71;R124G114B237;x
22268;226;182;115;R124G106B94;x
22269;70;150;65;R216G84B26;x
22270;85;123;79;R2G253B23;x
22271;171;143;127;R164G189B137;x
22272;103;124;106;R59G73B185;x
22273;102;93;127;R67G80B236;x
22274;115;153;89;R178G80B226;x
22275;172;151;86;R207G222B33;x
22276;149;197;156;R183G196B216;x
22277;172;186;73;R189G119B82;x
22278;187;192;123;R131G194B201;x
22279;179;120;105;R84G124B174;x
22280;199;131;87;R91G23B115;x
22281;238;164;118;R216G38B203;x
22282;210;183;109;R35G156B9;x
22283;184;195;94;R13G201B92;x
22284;202;147;112;R128G119B43;x
22285;198;166;74;R166G60B135;x
22286;236;171;157;R227G123B2;x
22287;148;142;174;R233G71B230;x
22288;230;177;135;R130G25B228;x
22289;200;195;106;R220G77B226;x
22290;97;133;95;R238G66B3;x
22291;196;166;112;R116G37B14;x
22292;202;201;75;R193G68B121;x
22293;183;162;115;R153G224B17;x
22294;168;146;181;R33G67B249;x
22295;118;164;80;R93G30B245;x
22296;188;168;166;R81G219B84;x
22297;124;160;120;R196G227B26;x
22298;210;125;69;R194G112B122;x
22299;190;125;156;R180G73B93;x
22300;196;175;121;R238G178B229;x
22301;158;180;154;R216G241B49;x
22302;183;188;100;R187G99B72;x
22303;192;177;123;R34G229B220;x
22304;171;186;124;R115G243B62;x
22305;186;176;88;R239G193B94;x
22306;217;154;116;R57G110B128;x
22307;139;112;165;R5G167B56;x
22308;204;194;137;R241G201B189;x
22309;183;178;124;R101G63B253;x
22310;147;145;110;R134G248B214;x
22311;164;159;104;R192G235B45;x
22312;187;190;100;R37G165B232;x
22313;208;151;130;R63G69B83;x
22314;173;179;115;R195G161B231;x
22315;221;197;107;R141G193B108;x
22316;174;158;97;R240G90B142;x
22317;183;152;73;R139G16B173;x
22318;146;151;141;R231G147B74;x
22319;164;182;116;R235G238B79;x
22320;170;169;153;R40G40B244;x
22321;186;223;142;R3G248B22;x
22322;100;127;93;R11G81B214;x
22323;229;124;103;R145G245B96;x
22324;172;131;107;R214G137B173;x
22325;184;193;102;R121G185B25;x
22326;183;189;147;R76G232B22;x
22327;189;165;108;R63G19B133;x
22328;154;169;134;R230G145B181;x
22329;160;164;136;R97G188B230;x
22330;214;200;134;R10G170B223;x
22331;166;144;137;R14G32B28;x
22332;192;158;57;R121G117B27;x
22333;103;136;66;R190G214B34;x
22334;185;147;137;R239G172B214;x
22335;232;153;126;R26G162B70;x
22336;169;157;115;R164G133B154;x
22337;167;165;90;R48G15B125;x
22338;199;143;150;R122G45B220;x
22339;204;133;155;R237G230B25;x
22340;145;147;76;R80G149B81;x
22341;165;105;114;R7G19B96;x
22342;208;190;135;R125G33B70;x
22343;134;157;95;R77G66B37;x
22344;92;125;90;R54G219B98;x
22345;228;165;84;R10G69B97;x
22346;184;140;103;R120G43B146;x
22347;220;192;95;R74G133B240;x
22348;187;195;160;R208G155B51;x
22349;184;154;51;R114G225B67;x
22350;204;162;114;R175G240B133;x
22351;92;146;61;R72G224B134;x
22352;166;200;109;R141G113B133;x
22353;184;178;100;R12G214B82;x
22354;201;198;93;R147G224B11;x
22355;142;156;121;R6G143B23;x
22356;162;164;135;R98G214B214;x
22357;103;119;80;R237G116B251;x
22358;158;173;127;R183G47B59;x
22359;220;128;89;R105G19B76;x
22360;164;178;64;R175G37B200;x
22361;207;190;116;R69G198B104;x
22362;179;105;66;R143G186B142;x
22363;193;180;81;R217G170B159;x
22364;219;150;50;R53G138B112;x
22365;212;185;82;R63G173B246;x
22366;184;173;130;R146G211B254;x
22367;176;166;114;R179G72B145;x
22368;194;125;177;R214G237B106;x
22369;217;167;83;R236G174B112;x
22370;143;166;153;R129G61B68;x
22371;173;202;89;R201G192B162;x
22372;212;182;167;R193G235B152;x
22373;235;151;77;R115G247B107;x
22374;178;138;131;R72G225B81;x
22375;196;151;141;R150G60B25;x
22376;216;161;92;R165G155B160;x
22377;94;109;66;R97G75B157;x
22378;172;142;95;R144G204B124;x
22379;199;152;119;R165G91B57;x
22380;66;121;109;R76G8B214;x
22381;101;93;93;R120G187B153;x
22382;175;198;105;R132G22B246;x
22383;124;171;177;R238G64B206;x
22384;191;165;65;R239G58B135;x
22385;152;137;58;R172G237B148;x
22386;178;172;69;R245G154B152;x
22387;174;205;78;R138G246B62;x
22388;120;149;209;R162G191B17;x
22389;207;194;89;R60G29B159;x
22390;182;187;74;R93G177B171;x
22391;72;166;69;R212G9B232;x
22392;102;105;73;R149G2B98;x
22393;183;125;142;R110G219B227;x
22394;182;148;160;R132G181B124;x
22395;69;115;106;R77G240B34;x
22396;166;174;163;R126G28B88;x
22397;199;146;60;R153G240B63;x
22398;223;165;110;R244G180B40;x
22399;195;182;103;R21G61B169;x
22400;158;190;120;R168G104B87;x
22401;160;130;79;R70G104B237;x
22402;137;158;166;R67G44B25;x
22403;138;144;174;R78G125B49;x
22404;199;166;124;R51G242B54;x
22405;180;145;175;R167G235B209;x
22406;137;165;136;R224G3B61;x
22407;121;129;114;R87G243B221;x
22408;187;186;125;R22G185B149;x
22409;189;177;102;R39G58B64;x
22410;200;165;84;R248G29B122;x
22411;113;144;132;R95G41B189;x
22412;168;163;89;R2G115B41;x
22413;218;147;103;R50G160B191;x
22414;182;150;96;R89G202B48;x
22415;184;173;98;R110G133B121;x
22416;158;170;65;R58G163B2;x
22417;104;142;72;R47G247B12;x
22418;183;164;93;R195G233B28;x
22419;97;151;100;R94G104B67;x
22420;156;162;113;R158G188B197;x
22421;219;170;97;R245G56B138;x
22422;207;112;43;R1G37B146;x
22423;184;173;117;R210G202B7;x
22424;81;130;149;R244G11B201;x
22425;174;163;123;R166G98B44;x
22426;55;108;53;R236G173B190;x
22427;227;174;110;R170G77B51;x
22428;165;122;116;R43G254B50;x
22429;103;151;137;R76G164B90;x
22430;107;140;83;R169G193B141;x
22431;201;140;97;R65G226B190;x
22432;197;152;107;R201G8B209;x
22433;210;179;137;R253G193B28;x
22434;200;110;127;R109G58B43;x
22435;222;147;55;R162G241B84;x
22436;193;166;74;R170G255B228;x
22437;174;198;144;R136G90B183;x
22438;184;134;77;R3G160B231;x
22439;219;149;61;R220G12B90;x
22440;211;180;91;R91G144B14;x
22441;188;137;81;R217G176B236;x
22442;182;138;50;R112G196B143;x
22443;184;196;89;R186G241B133;x
22444;135;182;92;R143G207B149;x
22445;153;202;87;R123G123B216;x
22446;70;136;95;R93G151B128;x
22447;186;138;79;R235G237B10;x
22448;190;140;162;R101G216B208;x
22449;220;187;111;R94G90B82;x
22450;194;159;123;R2G52B2;x
22451;204;162;86;R127G22B197;x
22452;174;154;102;R113G42B143;x
22453;181;152;86;R14G61B121;x
22454;168;146;128;R65G2B244;x
22455;112;168;80;R117G3B174;x
22456;176;161;163;R103G201B188;x
22457;198;205;111;R235G235B172;x
22458;97;156;115;R169G123B220;x
22459;163;187;125;R58G171B137;x
22460;166;127;146;R114G86B124;x
22461;86;181;87;R10G151B80;x
22462;164;176;120;R78G251B39;x
22463;233;136;89;R223G250B198;x
22464;131;181;182;R243G218B205;x
22465;196;153;160;R224G109B210;x
22466;177;175;173;R125G245B148;x
22467;187;160;57;R163G17B29;x
22468;197;145;132;R218G53B0;x
22469;132;211;66;R184G71B115;x
22470;95;123;104;R54G220B125;x
22471;182;121;98;R32G243B178;x
22472;216;144;73;R255G79B184;x
22473;145;162;138;R54G40B65;x
22474;150;193;89;R35G124B154;x
22475;179;151;135;R204G113B107;x
22476;92;145;91;R38G120B97;x
22477;240;158;73;R144G184B179;x
22478;115;145;95;R15G124B110;x
22479;164;118;115;R71G25B26;x
22480;201;168;112;R226G215B15;x
22481;175;202;93;R152G8B222;x
22482;187;132;159;R156G147B128;x
22483;66;118;77;R243G236B209;x
22484;221;178;174;R114G13B215;x
22485;193;144;132;R14G209B250;x
22486;199;198;50;R38G124B10;x
22487;186;161;92;R114G11B118;x
22488;181;177;106;R178G222B231;x
22489;39;124;35;R6G234B204;x
22490;209;125;68;R8G91B66;x
22491;238;155;106;R178G206B146;x
22492;173;169;87;R68G49B127;x
22493;152;195;109;R70G152B170;x
22494;164;176;141;R131G99B112;x
22495;141;158;150;R0G85B9;x
22496;192;169;133;R180G160B47;x
22497;192;174;119;R147G38B150;x
22498;109;140;59;R173G158B81;x
22499;229;210;62;R36G72B59;x
22500;210;160;103;R36G155B197;x
22501;132;194;65;R63G57B79;x
22502;141;195;132;R34G143B194;x
22503;123;146;100;R9G94B70;x
22504;204;130;116;R78G147B138;x
22505;198;185;109;R73G224B56;x
22506;202;131;114;R111G227B142;x
22507;198;170;137;R151G250B111;x
22508;209;175;116;R201G42B35;x
22509;197;167;79;R9G237B191;x
22510;110;111;91;R202G84B3;x
22511;161;171;109;R241G33B52;x
22512;198;193;107;R51G10B192;x
22513;235;138;54;R241G198B78;x
22514;181;186;84;R12G226B250;x
22515;114;125;92;R197G222B234;x
22516;217;148;126;R83G168B236;x
22517;80;143;119;R101G53B202;x
22518;184;171;161;R223G81B238;x
22519;199;194;87;R253G109B39;x
22520;176;168;114;R66G47B24;x
22521;177;161;90;R220G41B134;x
22522;180;200;94;R13G77B7;x
22523;104;144;82;R250G212B186;x
22524;166;152;155;R147G142B59;x
22525;216;168;72;R108G128B137;x
22526;101;138;66;R61G161B183;x
22527;223;172;142;R58G181B207;x
22528;78;153;158;R213G132B94;x
22529;206;146;101;R106G152B22;x
22530;174;174;127;R19G107B49;x
22531;64;124;70;R36G56B125;x
22532;185;181;123;R175G231B243;x
22533;211;145;127;R33G213B29;x
22534;127;144;128;R203G17B150;x
22535;199;162;163;R254G229B134;x
22536;199;164;131;R8G187B247;x
22537;193;184;71;R39G118B47;x
22538;206;120;123;R157G114B35;x
22539;167;196;107;R150G12B163;x
22540;240;164;129;R206G236B252;x
22541;182;141;173;R232G247B107;x
22542;171;208;92;R12G255B140;x
22543;173;153;85;R6G54B44;x
22544;188;210;91;R162G7B224;x
22545;167;185;193;R59G116B49;x
22546;139;144;144;R48G203B252;x
22547;188;151;114;R91G93B239;x
22548;200;141;63;R153G103B178;x
22549;227;189;113;R114G206B197;x
22550;113;129;161;R3G177B220;x
22551;186;215;73;R14G125B109;x
22552;219;152;68;R183G114B201;x
22553;191;157;87;R188G224B232;x
22554;113;140;179;R58G137B159;x
22555;154;132;87;R74G193B182;x
22556;92;149;56;R6G216B177;x
22557;165;179;123;R11G112B109;x
22558;196;121;84;R243G75B165;x
22559;106;153;86;R136G96B253;x
22560;201;185;59;R35G190B51;x
22561;87;130;177;R84G231B118;x
22562;219;177;146;R104G235B170;x
22563;215;166;165;R244G245B155;x
22564;97;112;130;R249G67B254;x
22565;221;199;128;R65G110B15;x
22566;216;154;60;R30G23B176;x
22567;234;140;109;R73G32B195;x
22568;173;195;70;R231G243B14;x
22569;154;116;131;R181G217B39;x
22570;175;150;157;R168G139B81;x
22571;188;171;112;R138G125B204;x
22572;233;185;139;R235G170B17;x
22573;208;149;108;R173G46B244;x
22574;151;175;175;R238G188B182;x
22575;201;151;101;R41G88B240;x
22576;233;180;60;R55G37B90;x
22577;124;155;124;R217G54B200;x
22578;174;141;156;R230G113B134;x
22579;136;135;148;R184G196B123;x
22580;190;184;98;R27G1B78;x
22581;214;173;96;R221G41B85;x
22582;89;133;157;R198G223B34;x
22583;194;170;115;R50G218B209;x
22584;184;176;96;R86G127B45;x
22585;73;132;54;R210G165B189;x
22586;186;113;141;R211G67B214;x
22587;199;164;84;R136G186B60;x
22588;225;162;52;R92G40B111;x
22589;220;115;56;R111G32B89;x
22590;191;207;98;R62G39B131;x
22591;130;158;101;R100G212B140;x
22592;68;136;88;R83G98B183;x
22593;195;203;125;R39G103B221;x
22594;182;165;114;R210G242B111;x
22595;159;165;138;R121G153B172;x
22596;199;193;91;R9G240B209;x
22597;182;172;84;R205G212B10;x
22598;202;119;123;R169G4B67;x
22599;198;123;168;R226G67B130;x
22600;201;122;136;R247G28B99;x
22601;217;173;103;R101G94B168;x
22602;178;172;63;R128G219B125;x
22603;185;182;143;R180G241B210;x
22604;166;155;162;R179G155B121;x
22605;80;111;97;R185G79B100;x
22606;159;134;154;R13G156B49;x
22607;122;127;106;R29G29B167;x
22608;52;124;99;R39G147B58;x
22609;204;190;126;R231G110B201;x
22610;195;131;109;R191G99B229;x
22611;161;200;117;R228G221B152;x
22612;97;133;164;R238G62B158;x
22613;236;132;109;R197G26B143;x
22614;195;233;80;R62G153B174;x
22615;122;153;83;R44G130B63;x
22616;236;113;90;R236G150B73;x
22617;208;170;90;R137G51B220;x
22618;200;200;88;R188G106B252;x
22619;215;145;79;R80G212B84;x
22620;102;153;124;R206G234B7;x
22621;178;168;143;R3G235B68;x
22622;166;191;111;R215G75B155;x
22623;164;193;174;R235G184B52;x
22624;97;121;95;R118G30B66;x
22625;187;183;104;R211G117B190;x
22626;174;191;77;R144G178B131;x
22627;199;165;73;R21G213B240;x
22628;111;124;94;R152G121B169;x
22629;155;163;90;R190G9B236;x
22630;193;167;148;R180G70B114;x
22631;115;179;89;R167G15B47;x
22632;197;136;104;R208G219B52;x
22633;127;106;90;R130G81B217;x
22634;192;174;65;R210G199B19;x
22635;52;137;81;R210G36B8;x
22636;125;198;107;R3G194B27;x
22637;175;157;115;R45G124B216;x
22638;172;172;140;R71G133B204;x
22639;198;150;194;R94G161B104;x
22640;174;175;99;R121G43B91;x
22641;64;138;53;R34G119B54;x
22642;189;106;121;R186G64B115;x
22643;181;137;135;R232G34B145;x
22644;225;184;61;R106G182B225;x
22645;146;160;128;R136G252B30;x
22646;186;141;62;R10G60B212;x
22647;186;173;151;R101G211B243;x
22648;240;133;95;R242G74B253;x
22649;167;129;131;R14G152B52;x
22650;183;182;91;R234G115B31;x
22651;72;128;129;R208G112B67;x
22652;144;149;107;R238G85B202;x
22653;92;113;75;R126G164B131;x
22654;212;141;100;R178G109B137;x
22655;193;143;121;R44G233B136;x
22656;141;163;134;R45G186B21;x
22657;198;206;101;R38G62B247;x
22658;154;189;91;R67G138B66;x
22659;204;153;69;R162G105B51;x
22660;233;148;64;R103G233B215;x
22661;220;176;79;R37G112B10;x
22662;138;184;114;R76G255B175;x
22663;185;212;75;R97G182B253;x
22664;170;142;136;R220G78B137;x
22665;203;193;114;R191G82B102;x
22666;137;139;116;R106G139B199;x
22667;227;126;41;R231G193B60;x
22668;198;150;53;R187G126B168;x
22669;224;185;115;R105G7B230;x
22670;171;177;54;R128G38B115;x
22671;181;129;141;R75G204B1;x
22672;63;107;83;R150G101B132;x
22673;207;155;121;R214G88B48;x
22674;83;105;108;R33G83B228;x
22675;184;172;122;R22G5B34;x
22676;186;183;99;R14G16B188;x
22677;176;172;124;R6G249B145;x
22678;185;176;135;R41G202B248;x
22679;168;168;119;R184G37B125;x
22680;98;153;91;R210G76B40;x
22681;187;168;135;R46G148B254;x
22682;73;151;100;R157G22B60;x
22683;181;176;109;R9G126B208;x
22684;172;180;68;R221G59B218;x
22685;233;170;59;R69G131B187;x
22686;153;188;129;R111G38B44;x
22687;215;158;126;R219G86B103;x
22688;184;124;99;R56G133B49;x
22689;168;179;163;R65G55B86;x
22690;200;158;163;R235G253B45;x
22691;222;167;89;R178G191B239;x
22692;163;163;110;R202G253B31;x
22693;150;174;113;R200G173B162;x
22694;180;148;72;R237G53B249;x
22695;185;182;161;R153G1B72;x
22696;182;123;144;R158G165B219;x
22697;97;130;105;R142G11B30;x
22698;180;186;61;R4G198B170;x
22699;183;178;155;R178G124B143;x
22700;183;169;126;R252G115B41;x
22701;123;145;100;R48G212B149;x
22702;214;186;115;R199G42B136;x
22703;86;102;168;R62G169B95;x
22704;85;150;99;R38G14B241;x
22705;213;168;118;R232G41B119;x
22706;208;140;92;R241G213B249;x
22707;225;151;97;R244G241B88;x
22708;204;173;99;R27G27B1;x
22709;167;157;168;R131G236B170;x
22710;150;178;132;R122G237B58;x
22711;211;168;86;R87G214B239;x
22712;133;169;157;R109G10B53;x
22713;170;141;77;R136G58B231;x
22714;192;131;148;R147G27B185;x
22715;174;191;84;R191G220B166;x
22716;168;194;119;R228G241B200;x
22717;189;178;105;R144G123B192;x
22718;89;139;115;R167G89B145;x
22719;110;164;169;R229G100B209;x
22720;117;139;75;R113G99B113;x
22721;197;148;160;R159G57B47;x
22722;226;195;109;R200G207B133;x
22723;192;144;135;R54G77B97;x
22724;198;173;101;R125G230B203;x
22725;139;146;90;R210G181B90;x
22726;192;157;130;R164G180B112;x
22727;199;159;93;R199G221B125;x
22728;215;156;130;R26G204B46;x
22729;204;174;147;R11G231B200;x
22730;221;141;64;R173G237B64;x
22731;139;202;90;R23G220B28;x
22732;207;182;80;R70G161B75;x
22733;81;112;98;R22G187B169;x
22734;153;183;90;R245G26B96;x
22735;96;130;73;R187G57B28;x
22736;194;126;82;R197G135B104;x
22737;225;191;128;R103G241B117;x
22738;115;97;131;R83G245B125;x
22739;166;186;138;R178G165B166;x
22740;215;157;96;R174G131B92;x
22741;67;143;65;R223G20B211;x
22742;159;190;62;R167G91B115;x
22743;102;128;103;R181G244B229;x
22744;151;147;103;R230G204B93;x
22745;178;182;126;R107G47B254;x
22746;186;152;168;R83G171B174;x
22747;210;142;89;R128G168B0;x
22748;96;136;83;R224G155B145;x
22749;139;184;137;R236G193B62;x
22750;198;178;108;R93G220B240;x
22751;167;176;130;R231G109B192;x
22752;148;151;154;R242G19B79;x
22753;221;168;124;R120G75B167;x
22754;190;174;96;R248G138B44;x
22755;196;154;97;R37G199B34;x
22756;120;169;128;R6G14B83;x
22757;168;188;128;R198G233B134;x
22758;93;153;99;R220G238B249;x
22759;124;126;130;R182G138B109;x
22760;161;210;77;R113G131B53;x
22761;186;147;90;R121G78B55;x
22762;175;141;153;R106G172B189;x
22763;69;136;63;R17G140B163;x
22764;149;180;114;R195G233B136;x
22765;179;157;109;R230G104B184;x
22766;230;164;79;R211G108B106;x
22767;130;137;101;R15G10B76;x
22768;200;170;98;R255G78B85;x
22769;133;173;131;R25G184B79;x
22770;118;152;127;R5G26B10;x
22771;213;195;98;R45G25B223;x
22772;84;139;90;R166G139B231;x
22773;200;168;93;R225G57B32;x
22774;223;159;54;R12G171B239;x
22775;199;203;104;R251G218B215;x
22776;184;237;92;R1G125B21;x
22777;217;124;115;R240G80B102;x
22778;193;176;139;R104G10B72;x
22779;188;140;78;R9G100B247;x
22780;183;233;81;R130G75B73;x
22781;185;133;158;R18G78B250;x
22782;234;147;64;R154G190B20;x
22783;190;160;75;R206G181B238;x
22784;177;150;145;R92G44B250;x
22785;103;124;129;R136G123B83;x
22786;184;145;100;R237G201B1;x
22787;204;176;93;R65G183B85;x
22788;155;183;95;R60G122B148;x
22789;88;113;86;R172G99B151;x
22790;194;209;75;R161G195B221;x
22791;173;147;137;R41G17B254;x
22792;96;144;142;R66G41B53;x
22793;187;185;129;R175G153B104;x
22794;73;128;42;R202G132B158;x
22795;233;174;131;R21G10B9;x
22796;144;209;73;R15G234B141;x
22797;203;137;55;R45G73B182;x
22798;197;146;128;R58G180B104;x
22799;124;176;117;R214G137B22;x
22800;149;156;178;R151G185B44;x
22801;81;148;180;R19G76B1;x
22802;116;154;133;R167G226B15;x
22803;201;188;143;R239G124B61;x
22804;216;226;100;R130G217B55;x
22805;178;149;120;R196G93B107;x
22806;211;116;125;R163G177B6;x
22807;227;164;125;R205G189B2;x
22808;184;195;118;R207G235B198;x
22809;97;164;183;R174G179B181;x
22810;124;102;87;R181G27B203;x
22811;206;151;142;R251G56B0;x
22812;211;154;78;R95G49B188;x
22813;170;138;146;R122G130B118;x
22814;153;154;87;R109G218B100;x
22815;199;116;104;R149G57B31;x
22816;169;152;158;R106G19B108;x
22817;141;216;89;R157G91B107;x
22818;192;130;119;R69G24B1;x
22819;192;172;93;R233G138B90;x
22820;208;135;73;R131G181B212;x
22821;171;109;132;R14G34B72;x
22822;159;149;134;R176G234B255;x
22823;216;167;125;R142G175B245;x
22824;163;198;125;R160G94B148;x
22825;218;165;136;R90G81B68;x
22826;194;203;129;R14G215B111;x
22827;169;172;148;R140G208B100;x
22828;94;158;98;R122G69B16;x
22829;218;167;128;R87G75B64;x
22830;195;169;102;R80G184B244;x
22831;160;124;126;R160G252B145;x
22832;68;137;74;R146G12B208;x
22833;173;147;146;R145G36B111;x
22834;205;138;95;R188G152B249;x
22835;204;188;118;R229G79B157;x
22836;62;107;78;R98G228B72;x
22837;212;191;148;R253G146B136;x
22838;66;107;89;R120G52B160;x
22839;138;167;135;R80G66B155;x
22840;191;211;111;R148G97B80;x
22841;98;141;63;R157G23B32;x
22842;130;139;106;R99G234B237;x
22843;163;189;84;R194G33B55;x
22844;208;133;91;R197G128B217;x
22845;113;117;85;R225G211B62;x
22846;95;147;90;R199G82B96;x
22847;190;158;159;R227G251B207;x
22848;171;159;89;R98G196B68;x
22849;226;151;103;R53G141B98;x
22850;163;189;95;R68G20B196;x
22851;166;149;101;R102G69B12;x
22852;133;179;130;R179G163B58;x
22853;168;165;83;R37G229B161;x
22854;55;141;60;R91G85B105;x
22855;200;206;109;R224G170B20;x
22856;108;154;108;R22G44B197;x
22857;231;201;144;R25G215B232;x
22858;160;141;148;R139G194B194;x
22859;165;185;128;R230G140B148;x
22860;195;208;95;R175G63B172;x
22861;189;160;87;R171G116B129;x
22862;112;134;61;R56G171B206;x
22863;121;180;113;R58G210B240;x
22864;167;129;132;R132G110B75;x
22865;189;169;95;R193G29B209;x
22866;199;187;112;R87G187B247;x
22867;178;158;92;R214G236B103;x
22868;204;169;74;R2G103B235;x
22869;189;156;103;R210G60B213;x
22870;207;174;110;R149G163B109;x
22871;221;193;44;R207G193B32;x
22872;221;191;87;R66G46B155;x
22873;207;150;91;R16G38B98;x
22874;185;199;184;R76G172B233;x
22875;83;128;79;R178G104B51;x
22876;149;144;126;R184G4B141;x
22877;190;145;131;R97G113B249;x
22878;159;146;116;R152G206B32;x
22879;168;139;105;R16G125B150;x
22880;188;119;87;R215G110B16;x
22881;190;124;127;R245G67B219;x
22882;94;122;97;R247G118B193;x
22883;210;145;97;R198G146B227;x
22884;159;183;108;R206G70B22;x
22885;91;136;175;R219G131B165;x
22886;210;154;143;R116G58B234;x
22887;203;143;114;R114G195B219;x
22888;169;161;149;R187G239B112;x
22889;199;217;113;R108G8B7;x
22890;94;107;59;R77G123B146;x
22891;121;135;114;R244G243B134;x
22892;195;168;87;R130G199B122;x
22893;169;151;164;R26G68B159;x
22894;221;163;109;R82G186B38;x
22895;195;206;117;R179G196B40;x
22896;181;214;128;R188G255B246;x
22897;200;212;110;R184G86B147;x
22898;186;176;99;R78G171B162;x
22899;68;152;72;R66G254B52;x
22900;214;153;113;R239G98B248;x
22901;88;132;107;R79G223B174;x
22902;170;172;82;R88G60B148;x
22903;174;165;148;R184G223B125;x
22904;88;98;79;R149G246B40;x
22905;197;210;107;R196G89B227;x
22906;84;100;103;R174G86B103;x
22907;193;186;63;R201G191B16;x
22908;165;195;88;R227G3B0;x
22909;227;157;121;R41G205B224;x
22910;168;171;145;R94G143B230;x
22911;139;178;148;R240G6B229;x
22912;167;189;164;R78G20B23;x
22913;166;161;163;R17G217B58;x
22914;203;176;111;R8G147B139;x
22915;235;141;49;R37G148B12;x
22916;164;143;137;R69G228B217;x
22917;172;214;106;R198G32B133;x
22918;212;138;65;R67G229B38;x
22919;214;170;103;R73G81B88;x
22920;120;178;113;R155G89B235;x
22921;67;121;110;R224G204B19;x
22922;214;138;60;R29G59B108;x
22923;175;160;147;R32G3B191;x
22924;171;176;126;R178G115B178;x
22925;148;166;131;R48G64B201;x
22926;185;145;115;R18G22B10;x
22927;175;137;146;R71G36B195;x
22928;192;210;102;R93G108B51;x
22929;193;152;96;R112G182B142;x
22930;70;154;132;R107G48B102;x
22931;135;149;118;R220G251B69;x
22932;219;174;93;R97G190B88;x
22933;189;177;148;R227G27B117;x
22934;163;152;128;R97G188B214;x
22935;135;179;93;R234G170B75;x
22936;199;181;81;R141G224B156;x
22937;165;141;79;R26G91B80;x
22938;224;170;82;R13G26B221;x
22939;173;185;118;R135G9B200;x
22940;155;177;119;R119G40B49;x
22941;169;225;100;R0G106B214;x
22942;107;116;102;R15G92B16;x
22943;116;143;142;R27G30B152;x
22944;113;158;92;R174G63B54;x
22945;165;168;119;R141G210B113;x
22946;169;192;90;R89G228B111;x
22947;207;146;112;R87G184B213;x
22948;199;165;85;R131G246B7;x
22949;168;127;132;R9G253B28;x
22950;127;164;92;R141G227B215;x
22951;189;195;139;R109G14B107;x
22952;122;118;153;R12G55B123;x
22953;168;117;151;R53G39B135;x
22954;232;140;97;R80G38B76;x
22955;201;181;67;R60G44B238;x
22956;63;105;96;R227G59B34;x
22957;154;158;186;R87G183B31;x
22958;139;137;164;R240G166B87;x
22959;215;152;81;R236G159B115;x
22960;167;102;142;R186G190B246;x
22961;205;168;55;R121G117B30;x
22962;84;115;102;R100G214B61;x
22963;74;108;105;R85G16B54;x
22964;173;146;90;R82G39B109;x
22965;175;144;49;R98G108B130;x
22966;162;198;83;R173G12B116;x
22967;217;150;89;R147G158B249;x
22968;178;198;86;R113G188B213;x
22969;124;166;124;R7G138B173;x
22970;137;187;137;R210G145B47;x
22971;232;198;94;R131G20B131;x
22972;201;192;70;R218G227B249;x
22973;186;179;92;R180G196B58;x
22974;114;130;109;R21G73B144;x
22975;190;177;125;R16G132B51;x
22976;201;129;105;R211G142B18;x
22977;222;144;43;R58G0B100;x
22978;136;102;158;R141G18B59;x
22979;210;173;78;R90G151B179;x
22980;213;209;103;R110G155B8;x
22981;186;134;111;R172G165B97;x
22982;116;131;92;R218G183B78;x
22983;170;116;168;R73G32B24;x
22984;193;221;89;R209G243B68;x
22985;161;179;102;R203G237B218;x
22986;172;184;124;R206G24B126;x
22987;76;143;90;R30G112B6;x
22988;86;112;100;R14G17B146;x
22989;179;213;119;R49G255B87;x
22990;192;207;128;R185G128B214;x
22991;61;106;112;R225G59B246;x
22992;187;169;91;R122G11B169;x
22993;205;173;63;R129G110B7;x
22994;164;163;169;R255G151B50;x
22995;158;180;138;R193G241B203;x
22996;176;168;98;R250G193B172;x
22997;132;163;55;R182G120B12;x
22998;77;143;74;R242G152B163;x
22999;108;154;88;R58G187B200;x
23000;219;155;54;R81G146B160;x
23001;167;159;195;R249G44B148;x
23002;173;154;77;R21G193B41;x
23003;217;167;99;R62G74B196;x
23004;199;177;51;R12G64B54;x
23005;174;151;126;R98G222B242;x
23006;149;181;125;R167G74B86;x
23007;228;154;108;R33G238B160;x
23008;156;162;116;R178G148B26;x
23009;192;158;84;R220G14B239;x
23010;80;152;56;R172G21B253;x
23011;195;182;119;R108G216B28;x
23012;226;196;84;R76G204B156;x
23013;61;151;109;R152G227B237;x
23014;194;117;69;R62G152B223;x
23015;192;174;190;R250G19B94;x
23016;230;163;118;R7G59B79;x
23017;142;205;119;R57G63B71;x
23018;176;112;135;R175G96B63;x
23019;178;154;112;R252G212B8;x
23020;199;198;114;R184G146B172;x
23021;197;146;129;R241G138B176;x
23022;93;123;95;R146G165B228;x
23023;207;160;63;R136G195B41;x
23024;164;152;95;R179G51B231;x
23025;163;174;131;R134G254B100;x
23026;174;194;106;R4G218B146;x
23027;198;141;89;R118G91B139;x
23028;221;189;76;R232G146B56;x
23029;193;163;151;R224G234B164;x
23030;203;178;110;R145G79B71;x
23031;189;128;132;R104G140B83;x
23032;194;172;168;R59G59B228;x
23033;142;176;114;R74G167B16;x
23034;224;176;128;R114G175B102;x
23035;190;196;134;R96G70B226;x
23036;209;161;123;R34G135B30;x
23037;147;172;156;R51G247B140;x
23038;159;139;127;R119G97B203;x
23039;165;184;96;R149G105B235;x
23040;120;82;191;R155G255B233;x
23041;110;96;183;R53G188B149;x
23042;100;143;175;R207G82B231;x
23043;203;133;84;R38G171B192;x
23044;160;164;86;R220G78B226;x
23045;210;187;133;R65G82B3;x
23046;90;113;87;R10G239B117;x
23047;184;185;121;R248G38B162;x
23048;113;154;129;R202G220B18;x
23049;152;161;67;R87G251B71;x
23050;117;136;138;R216G92B44;x
23051;233;145;77;R91G84B146;x
23052;226;152;110;R27G195B18;x
23053;135;126;171;R105G173B0;x
23054;183;167;81;R125G103B241;x
23055;187;170;120;R245G6B3;x
23056;81;146;74;R193G10B219;x
23057;162;152;120;R252G18B232;x
23058;218;199;125;R197G245B118;x
23059;181;181;121;R55G33B105;x
23060;206;133;84;R50G86B101;x
23061;181;176;66;R116G23B40;x
23062;191;166;87;R184G220B26;x
23063;234;152;114;R172G215B206;x
23064;228;159;106;R118G92B0;x
23065;240;152;124;R98G240B164;x
23066;163;175;77;R95G198B44;x
23067;193;164;134;R200G126B29;x
23068;206;194;109;R133G153B39;x
23069;150;147;117;R185G168B73;x
23070;190;171;115;R162G105B134;x
23071;105;127;148;R181G233B31;x
23072;176;162;124;R153G76B156;x
23073;212;181;107;R51G6B252;x
23074;153;157;119;R212G102B233;x
23075;218;174;127;R56G100B21;x
23076;197;178;80;R171G201B216;x
23077;224;184;33;R72G179B166;x
23078;178;218;88;R155G15B204;x
23079;144;161;148;R167G195B51;x
23080;182;196;126;R183G69B182;x
23081;197;159;57;R220G177B14;x
23082;180;139;114;R94G251B119;x
23083;140;195;129;R39G26B43;x
23084;138;137;122;R41G197B196;x
23085;130;129;152;R251G194B251;x
23086;189;158;151;R35G44B142;x
23087;183;146;119;R219G61B129;x
23088;211;181;121;R222G220B255;x
23089;160;143;141;R254G163B185;x
23090;234;158;61;R57G111B254;x
23091;178;166;159;R122G39B77;x
23092;191;143;141;R120G28B250;x
23093;215;165;69;R87G36B25;x
23094;208;159;70;R115G76B44;x
23095;74;115;74;R139G34B20;x
23096;107;181;80;R211G4B190;x
23097;172;168;158;R53G47B131;x
23098;154;175;161;R242G63B134;x
23099;136;148;167;R77G250B39;x
23100;160;150;98;R7G14B133;x
23101;157;135;148;R179G171B4;x
23102;171;149;112;R18G232B125;x
23103;220;188;112;R242G199B151;x
23104;228;157;98;R69G100B245;x
23105;201;200;137;R103G163B103;x
23106;144;220;76;R20G29B246;x
23107;143;139;131;R220G97B255;x
23108;224;192;89;R211G199B25;x
23109;204;213;83;R116G82B10;x
23110;85;151;116;R63G21B189;x
23111;187;188;143;R152G82B185;x
23112;180;165;159;R103G157B93;x
23113;180;205;165;R115G124B41;x
23114;168;145;74;R38G209B168;x
23115;150;140;153;R60G76B134;x
23116;199;156;106;R35G192B144;x
23117;197;200;153;R128G71B14;x
23118;174;209;141;R195G139B98;x
23119;179;138;104;R78G19B46;x
23120;219;144;88;R88G99B178;x
23121;160;100;118;R5G75B98;x
23122;73;159;80;R211G196B12;x
23123;206;192;115;R183G63B239;x
23124;207;156;101;R80G132B80;x
23125;214;140;122;R73G14B208;x
23126;102;166;94;R12G111B123;x
23127;185;133;142;R185G237B135;x
23128;162;176;162;R24G116B68;x
23129;177;149;70;R133G229B19;x
23130;90;104;136;R73G21B145;x
23131;92;182;179;R12G254B119;x
23132;209;107;151;R180G14B226;x
23133;171;197;124;R213G37B168;x
23134;213;157;101;R28G242B117;x
23135;164;140;126;R219G45B143;x
23136;173;195;125;R202G40B87;x
23137;211;163;119;R214G36B83;x
23138;176;211;126;R129G58B96;x
23139;222;175;127;R112G233B183;x
23140;218;210;102;R78G194B90;x
23141;131;170;78;R49G114B166;x
23142;194;122;91;R165G20B90;x
23143;173;128;158;R29G39B57;x
23144;202;174;130;R60G182B58;x
23145;174;179;158;R211G24B12;x
23146;130;147;140;R104G6B239;x
23147;240;157;106;R194G4B255;x
23148;117;176;106;R43G93B115;x
23149;70;156;78;R102G199B210;x
23150;158;118;129;R91G204B89;x
23151;183;118;134;R238G133B195;x
23152;217;178;100;R3G163B250;x
23153;84;165;68;R39G69B68;x
23154;176;148;74;R99G209B25;x
23155;180;177;96;R188G178B67;x
23156;180;177;119;R3G125B238;x
23157;161;174;82;R99G252B1;x
23158;183;186;125;R247G190B151;x
23159;231;165;85;R1G111B38;x
23160;161;183;158;R19G23B103;x
23161;185;163;140;R16G150B238;x
23162;197;164;98;R77G235B40;x
23163;185;205;95;R241G223B215;x
23164;124;110;111;R239G88B60;x
23165;195;160;146;R20G177B20;x
23166;191;163;129;R111G107B255;x
23167;138;159;97;R119G240B142;x
23168;90;158;65;R226G112B220;x
23169;92;145;67;R59G9B23;x
23170;230;155;75;R57G192B168;x
23171;154;142;158;R238G75B200;x
23172;221;166;68;R233G118B201;x
23173;89;95;68;R97G174B163;x
23174;181;173;119;R18G103B245;x
23175;182;153;63;R13G92B121;x
23176;157;149;148;R250G74B171;x
23177;134;152;133;R167G136B162;x
23178;177;143;152;R64G146B121;x
23179;158;158;100;R109G58B173;x
23180;209;157;166;R158G241B13;x
23181;175;176;148;R248G215B80;x
23182;171;153;119;R250G164B81;x
23183;142;171;108;R42G101B56;x
23184;111;137;78;R19G224B255;x
23185;62;97;98;R83G143B66;x
23186;202;176;160;R234G144B75;x
23187;204;162;118;R121G254B156;x
23188;184;135;62;R74G104B140;x
23189;204;153;136;R163G20B88;x
23190;156;121;136;R70G163B182;x
23191;170;203;79;R184G223B98;x
23192;195;201;108;R235G246B47;x
23193;141;102;174;R146G45B126;x
23194;96;149;167;R223G22B254;x
23195;109;175;127;R96G106B0;x
23196;141;185;140;R37G28B33;x
23197;137;142;132;R155G106B38;x
23198;186;163;140;R7G190B244;x
23199;219;126;170;R63G143B150;x
23200;163;168;179;R120G184B136;x
23201;124;141;107;R119G76B247;x
23202;193;190;93;R9G74B247;x
23203;140;192;131;R149G242B73;x
23204;213;113;87;R216G79B245;x
23205;183;154;125;R247G234B211;x
23206;95;158;113;R255G121B54;x
23207;209;182;87;R50G159B191;x
23208;205;150;79;R145G114B48;x
23209;132;154;131;R79G84B85;x
23210;175;124;164;R13G11B69;x
23211;224;127;67;R127G100B45;x
23212;205;175;143;R50G31B248;x
23213;170;151;170;R6G101B43;x
23214;85;143;120;R85G120B118;x
23215;214;165;83;R80G2B1;x
23216;73;107;33;R166G209B155;x
23217;197;175;88;R71G76B229;x
23218;202;161;137;R140G170B76;x
23219;183;198;139;R41G4B20;x
23220;206;170;88;R137G67B192;x
23221;101;144;95;R203G142B26;x
23222;212;164;54;R150G112B106;x
23223;213;203;109;R98G161B94;x
23224;105;132;96;R120G3B161;x
23225;164;193;98;R103G195B216;x
23226;193;185;117;R69G197B92;x
23227;188;194;157;R232G10B96;x
23228;195;160;73;R196G100B79;x
23229;185;185;92;R107G97B116;x
23230;163;168;146;R170G1B61;x
23231;130;171;81;R177G59B206;x
23232;200;216;110;R189G171B207;x
23233;170;171;190;R160G188B220;x
23234;180;115;157;R54G124B185;x
23235;163;160;100;R225G235B99;x
23236;197;154;90;R135G183B141;x
23237;152;176;186;R23G6B177;x
23238;193;182;73;R204G158B91;x
23239;204;179;86;R25G198B252;x
23240;200;173;82;R238G50B13;x
23241;194;162;136;R97G190B6;x
23242;75;122;72;R127G27B105;x
23243;155;163;94;R21G180B123;x
23244;175;181;76;R107G239B41;x
23245;117;97;62;R202G168B164;x
23246;158;179;134;R137G103B168;x
23247;217;115;80;R22G238B190;x
23248;185;135;80;R146G62B86;x
23249;115;143;146;R143G50B238;x
23250;184;185;174;R139G160B102;x
23251;218;153;78;R175G252B160;x
23252;143;148;119;R5G214B216;x
23253;223;159;127;R204G190B71;x
23254;194;164;51;R175G177B156;x
23255;154;177;137;R144G213B220;x
23256;152;159;71;R226G3B3;x
23257;203;176;128;R106G95B71;x
23258;207;185;189;R108G197B127;x
23259;196;144;52;R103G60B199;x
23260;143;134;144;R163G249B192;x
23261;237;146;50;R114G36B77;x
23262;148;172;40;R179G2B125;x
23263;189;185;110;R60G223B29;x
23264;187;182;104;R44G238B213;x
23265;210;164;103;R77G170B224;x
23266;139;169;157;R63G242B138;x
23267;118;155;163;R14G83B161;x
23268;75;157;91;R172G243B159;x
23269;214;165;62;R217G183B132;x
23270;210;193;116;R205G170B248;x
23271;194;205;111;R250G242B58;x
23272;228;136;81;R49G233B168;x
23273;215;162;75;R142G196B19;x
23274;155;203;112;R7G85B151;x
23275;227;144;117;R155G210B85;x
23276;218;158;112;R226G160B53;x
23277;134;145;163;R222G106B223;x
23278;179;125;77;R186G216B64;x
23279;146;188;179;R138G8B109;x
23280;182;226;111;R150G31B216;x
23281;187;183;92;R176G45B191;x
23282;189;192;43;R113G210B137;x
23283;215;189;60;R30G92B152;x
23284;156;173;100;R93G160B178;x
23285;201;203;98;R74G24B242;x
23286;163;128;75;R144G56B25;x
23287;148;143;126;R162G111B118;x
23288;180;189;96;R92G217B120;x
23289;151;195;144;R234G169B182;x
23290;175;146;114;R162G102B195;x
23291;207;146;131;R182G192B201;x
23292;97;127;171;R20G141B35;x
23293;109;167;62;R167G34B247;x
23294;215;176;109;R97G12B166;x
23295;77;148;76;R180G6B243;x
23296;185;176;132;R186G108B40;x
23297;70;142;45;R231G28B17;x
23298;131;160;143;R34G254B23;x
23299;89;169;73;R86G34B89;x
23300;196;160;110;R10G26B9;x
23301;158;196;83;R108G31B69;x
23302;163;85;126;R106G241B245;x
23303;161;159;116;R205G111B110;x
23304;177;162;123;R5G255B190;x
23305;161;178;131;R25G168B117;x
23306;160;113;106;R224G169B179;x
23307;234;131;87;R213G146B182;x
23308;175;149;55;R65G228B105;x
23309;164;211;83;R149G232B71;x
23310;179;161;141;R223G65B23;x
23311;56;111;107;R184G65B128;x
23312;235;187;120;R221G103B252;x
23313;196;152;100;R177G198B170;x
23314;199;142;158;R216G98B74;x
23315;211;149;91;R32G233B245;x
23316;136;168;111;R230G34B150;x
23317;222;154;67;R195G58B37;x
23318;183;163;112;R46G69B99;x
23319;177;178;162;R252G179B125;x
23320;199;183;101;R191G167B158;x
23321;227;139;122;R160G165B146;x
23322;214;166;97;R85G79B169;x
23323;100;157;103;R84G4B254;x
23324;159;190;103;R169G249B56;x
23325;152;193;160;R241G216B69;x
23326;203;184;55;R112G194B109;x
23327;74;88;190;R43G46B157;x
23328;180;210;117;R11G184B247;x
23329;44;135;102;R218G222B41;x
23330;224;194;100;R240G58B211;x
23331;228;131;75;R177G139B108;x
23332;191;154;104;R23G143B199;x
23333;221;137;126;R161G200B45;x
23334;213;129;144;R58G174B35;x
23335;128;138;199;R113G249B61;x
23336;208;154;88;R239G200B89;x
23337;221;140;97;R87G114B148;x
23338;184;185;100;R252G160B88;x
23339;208;121;70;R52G54B29;x
23340;200;190;104;R196G27B10;x
23341;187;201;82;R222G54B80;x
23342;80;152;62;R151G215B11;x
23343;194;132;183;R190G30B14;x
23344;95;138;62;R82G101B142;x
23345;161;141;127;R119G16B225;x
23346;182;161;62;R172G235B17;x
23347;186;144;78;R183G205B191;x
23348;193;159;157;R2G235B88;x
23349;224;127;89;R195G57B71;x
23350;220;141;100;R64G151B162;x
23351;178;235;164;R54G71B175;x
23352;181;130;103;R193G95B115;x
23353;191;167;108;R167G235B127;x
23354;74;176;106;R4G3B207;x
23355;155;205;84;R143G219B14;x
23356;90;173;75;R7G231B92;x
23357;152;179;77;R182G37B154;x
23358;186;147;85;R139G8B232;x
23359;104;181;108;R9G13B202;x
23360;158;156;68;R22G223B102;x
23361;216;146;94;R150G58B238;x
23362;214;167;71;R239G191B69;x
23363;184;134;87;R148G119B180;x
23364;167;174;132;R189G100B77;x
23365;189;130;131;R203G179B14;x
23366;112;114;180;R194G97B84;x
23367;123;140;59;R28G211B18;x
23368;141;172;151;R132G92B11;x
23369;191;168;98;R50G124B170;x
23370;92;147;98;R171G115B236;x
23371;213;155;85;R70G30B94;x
23372;214;128;142;R252G85B53;x
23373;153;147;159;R230G232B208;x
23374;199;138;131;R130G159B100;x
23375;181;208;58;R67G210B37;x
23376;134;145;141;R111G80B116;x
23377;161;189;124;R212G248B14;x
23378;183;186;142;R251G119B90;x
23379;186;172;85;R99G94B250;x
23380;162;189;186;R67G159B99;x
23381;206;166;62;R197G228B238;x
23382;181;168;105;R21G32B72;x
23383;112;97;64;R184G219B17;x
23384;183;211;139;R70G33B200;x
23385;190;154;112;R233G136B15;x
23386;195;101;60;R71G206B218;x
23387;215;235;90;R103G27B35;x
23388;187;189;69;R239G132B220;x
23389;200;157;90;R11G116B241;x
23390;201;147;108;R214G107B136;x
23391;202;160;163;R233G158B204;x
23392;198;131;95;R94G128B204;x
23393;187;179;113;R114G205B77;x
23394;209;218;85;R204G97B125;x
23395;89;150;117;R82G167B47;x
23396;222;168;67;R63G159B148;x
23397;176;166;169;R132G236B145;x
23398;191;171;123;R23G187B245;x
23399;240;185;104;R22G108B83;x
23400;82;143;97;R82G164B181;x
23401;107;111;177;R253G181B243;x
23402;159;145;152;R183G46B217;x
23403;111;139;50;R159G80B226;x
23404;56;158;108;R179G24B231;x
23405;231;135;47;R85G198B100;x
23406;106;165;126;R175G218B92;x
23407;101;125;74;R207G229B112;x
23408;168;125;154;R233G57B96;x
23409;207;199;100;R226G251B44;x
23410;179;209;95;R49G242B178;x
23411;193;157;55;R156G87B107;x
23412;240;188;76;R63G175B219;x
23413;197;174;174;R93G32B114;x
23414;166;190;85;R235G75B73;x
23415;66;115;121;R141G144B21;x
23416;104;144;93;R96G84B238;x
23417;180;143;142;R137G13B240;x
23418;70;139;98;R143G223B156;x
23419;127;164;99;R176G188B169;x
23420;161;170;57;R33G92B175;x
23421;138;175;80;R70G194B182;x
23422;171;167;74;R56G130B98;x
23423;199;176;114;R255G174B232;x
23424;189;129;177;R77G163B28;x
23425;212;146;135;R29G177B194;x
23426;203;188;93;R82G137B150;x
23427;225;158;67;R238G241B108;x
23428;198;174;68;R184G183B143;x
23429;147;143;163;R2G220B52;x
23430;123;157;119;R39G11B54;x
23431;219;149;109;R107G8B106;x
23432;134;181;113;R159G77B78;x
23433;160;167;142;R150G136B159;x
23434;157;184;150;R44G52B184;x
23435;131;140;128;R200G170B109;x
23436;233;193;110;R186G92B34;x
23437;204;141;127;R155G232B106;x
23438;144;139;141;R175G53B127;x
23439;211;150;86;R42G253B244;x
23440;77;113;146;R208G109B228;x
23441;151;190;58;R227G213B62;x
23442;133;167;139;R4G221B246;x
23443;163;200;75;R33G254B181;x
23444;180;166;127;R135G184B154;x
23445;151;159;142;R222G22B73;x
23446;166;220;97;R213G92B114;x
23447;109;147;196;R33G218B206;x
23448;128;143;199;R135G161B144;x
23449;110;139;200;R101G57B208;x
23450;171;180;151;R11G243B82;x
23451;197;179;106;R149G81B231;x
23452;221;149;87;R145G225B77;x
23453;213;206;96;R200G90B61;x
23454;214;166;35;R83G32B202;x
23455;235;183;92;R155G159B81;x
23456;193;207;41;R84G52B254;x
23457;148;191;119;R166G250B56;x
23458;192;174;125;R142G92B63;x
23459;193;160;176;R147G192B75;x
23460;206;198;94;R17G231B24;x
23461;158;170;170;R206G209B135;x
23462;169;141;130;R245G252B215;x
23463;168;141;169;R177G98B63;x
23464;191;142;86;R242G27B193;x
23465;149;151;114;R142G90B108;x
23466;188;175;41;R207G212B61;x
23467;201;148;139;R97G216B149;x
23468;230;202;100;R246G98B74;x
23469;188;185;122;R20G13B92;x
23470;140;180;118;R0G85B158;x
23471;223;160;122;R202G160B162;x
23472;187;151;120;R70G58B197;x
23473;194;162;89;R93G95B110;x
23474;190;177;109;R125G227B15;x
23475;202;174;89;R133G46B165;x
23476;181;239;147;R175G108B41;x
23477;186;156;115;R86G18B218;x
23478;230;195;115;R229G169B48;x
23479;169;193;66;R224G156B203;x
23480;144;147;125;R20G119B245;x
23481;101;125;115;R74G100B5;x
23482;211;157;133;R80G149B41;x
23483;143;161;83;R183G19B139;x
23484;187;136;96;R183G193B17;x
23485;170;156;145;R222G94B134;x
23486;107;145;192;R134G181B103;x
23487;205;208;72;R78G28B130;x
23488;181;152;124;R230G208B209;x
23489;187;181;162;R141G57B212;x
23490;163;205;118;R93G3B29;x
23491;233;132;77;R76G217B127;x
23492;126;161;152;R169G137B5;x
23493;223;192;63;R42G191B243;x
23494;192;159;119;R236G13B13;x
23495;185;147;181;R109G5B111;x
23496;204;176;71;R246G42B92;x
23497;194;161;138;R229G75B13;x
23498;188;194;103;R231G132B12;x
23499;202;159;115;R245G100B101;x
23500;167;198;120;R97G67B75;x
23501;209;182;89;R136G158B221;x
23502;195;163;79;R241G30B102;x
23503;152;150;132;R222G211B212;x
23504;151;171;112;R110G16B111;x
23505;147;195;100;R127G57B146;x
23506;157;193;75;R209G15B41;x
23507;140;153;175;R167G111B133;x
23508;62;121;102;R205G99B225;x
23509;170;190;125;R68G193B233;x
23510;128;138;82;R130G12B56;x
23511;77;130;89;R98G196B25;x
23512;185;165;157;R239G141B201;x
23513;213;179;107;R168G120B121;x
23514;152;196;115;R114G156B41;x
23515;204;163;36;R142G91B87;x
23516;206;158;90;R23G2B71;x
23517;184;152;116;R151G215B154;x
23518;172;131;172;R252G30B147;x
23519;152;154;135;R55G233B44;x
23520;112;166;63;R204G208B162;x
23521;175;126;115;R79G197B20;x
23522;78;113;91;R154G78B198;x
23523;170;181;160;R251G206B230;x
23524;82;134;88;R234G3B234;x
23525;96;136;100;R140G207B233;x
23526;180;160;165;R79G245B113;x
23527;171;189;84;R230G45B132;x
23528;98;166;88;R68G62B232;x
23529;175;195;159;R78G110B59;x
23530;124;156;129;R113G225B105;x
23531;151;209;86;R218G26B205;x
23532;205;188;89;R31G63B22;x
23533;127;160;114;R216G84B89;x
23534;53;110;94;R20G253B46;x
23535;82;152;60;R203G89B158;x
23536;195;182;102;R211G44B131;x
23537;162;157;181;R82G93B228;x
23538;98;143;64;R145G149B187;x
23539;173;192;109;R137G65B213;x
23540;179;122;91;R82G213B154;x
23541;68;133;37;R233G47B203;x
23542;169;199;52;R10G55B37;x
23543;163;202;187;R61G67B221;x
23544;167;180;85;R116G166B78;x
23545;133;190;92;R199G215B101;x
23546;66;156;123;R76G62B72;x
23547;190;165;146;R13G126B246;x
23548;211;148;85;R0G131B34;x
23549;81;141;91;R43G48B233;x
23550;157;178;111;R134G123B118;x
23551;110;190;89;R73G109B203;x
23552;176;137;154;R186G23B192;x
23553;155;124;116;R131G104B218;x
23554;146;174;136;R159G146B50;x
23555;200;175;122;R170G8B172;x
23556;176;148;152;R51G223B2;x
23557;73;125;157;R215G244B167;x
23558;199;141;125;R91G16B74;x
23559;164;166;109;R136G51B180;x
23560;213;164;71;R23G92B161;x
23561;218;118;118;R37G174B207;x
23562;225;147;149;R36G223B184;x
23563;166;148;146;R48G30B146;x
23564;179;169;69;R56G1B210;x
23565;194;132;165;R250G87B118;x
23566;194;179;141;R148G107B243;x
23567;203;127;84;R252G90B184;x
23568;220;172;75;R38G248B231;x
23569;204;157;79;R165G171B7;x
23570;198;150;116;R110G140B96;x
23571;193;154;102;R151G47B222;x
23572;186;115;100;R192G83B110;x
23573;199;201;93;R128G215B82;x
23574;89;147;92;R117G180B112;x
23575;149;196;95;R111G47B31;x
23576;210;209;76;R117G3B68;x
23577;192;176;114;R83G201B246;x
23578;171;188;104;R186G195B58;x
23579;200;164;141;R237G255B102;x
23580;211;196;83;R78G216B36;x
23581;204;159;146;R153G96B182;x
23582;209;158;56;R190G0B113;x
23583;176;109;123;R158G74B104;x
23584;206;162;103;R18G0B73;x
23585;190;164;120;R8G98B130;x
23586;178;167;96;R105G73B233;x
23587;178;166;166;R252G60B189;x
23588;87;147;74;R224G247B157;x
23589;132;137;120;R77G111B167;x
23590;214;160;113;R186G255B66;x
23591;190;159;150;R170G122B135;x
23592;238;149;98;R195G39B81;x
23593;231;159;115;R88G106B137;x
23594;214;192;121;R1G12B247;x
23595;190;188;129;R88G198B181;x
23596;220;193;94;R51G84B235;x
23597;226;180;102;R134G19B151;x
23598;209;167;72;R55G115B42;x
23599;174;161;61;R150G54B32;x
23600;168;188;151;R39G231B241;x
23601;209;188;99;R59G229B204;x
23602;185;194;95;R246G65B20;x
23603;193;143;164;R11G227B64;x
23604;224;151;118;R152G146B134;x
23605;177;185;152;R70G202B24;x
23606;190;162;57;R166G115B234;x
23607;168;107;92;R177G40B59;x
23608;209;187;123;R55G246B34;x
23609;225;138;112;R240G69B213;x
23610;80;111;42;R134G183B178;x
23611;188;178;96;R224G24B16;x
23612;202;183;162;R134G212B206;x
23613;177;185;129;R73G86B99;x
23614;127;136;150;R127G233B196;x
23615;173;199;110;R141G160B188;x
23616;133;136;73;R237G248B201;x
23617;156;116;142;R92G37B160;x
23618;160;184;88;R82G20B225;x
23619;182;163;90;R221G1B236;x
23620;177;168;102;R113G237B217;x
23621;191;148;73;R93G36B9;x
23622;167;208;107;R54G224B244;x
23623;180;170;66;R92G213B75;x
23624;213;153;131;R100G27B151;x
23625;164;174;144;R139G118B164;x
23626;160;190;105;R226G234B160;x
23627;186;153;127;R24G227B28;x
23628;133;140;58;R233G152B57;x
23629;198;117;112;R42G181B135;x
23630;166;170;160;R139G100B194;x
23631;99;115;146;R2G23B148;x
23632;222;168;128;R234G88B47;x
23633;230;163;106;R74G219B93;x
23634;238;175;79;R184G61B224;x
23635;205;201;113;R114G46B50;x
23636;134;155;117;R123G198B143;x
23637;71;126;104;R96G230B160;x
23638;198;129;160;R153G239B215;x
23639;196;156;168;R203G164B23;x
23640;209;163;97;R74G39B165;x
23641;240;186;115;R97G188B220;x
23642;153;168;158;R118G170B160;x
23643;201;160;85;R1G24B46;x
23644;203;137;154;R8G146B196;x
23645;205;149;112;R98G170B24;x
23646;232;203;132;R74G112B86;x
23647;171;132;137;R44G57B123;x
23648;191;170;87;R251G1B254;x
23649;140;105;101;R34G233B230;x
23650;228;159;100;R169G102B45;x
23651;179;177;87;R148G26B72;x
23652;173;187;93;R251G203B154;x
23653;233;175;81;R2G243B14;x
23654;177;196;119;R61G35B152;x
23655;221;132;91;R81G158B43;x
23656;164;180;76;R19G80B20;x
23657;192;177;122;R35G176B76;x
23658;167;175;97;R192G216B220;x
23659;201;133;75;R31G36B41;x
23660;144;144;120;R203G28B115;x
23661;196;153;138;R207G54B179;x
23662;154;146;161;R207G133B238;x
23663;140;163;117;R156G241B239;x
23664;166;195;112;R62G11B63;x
23665;209;183;184;R69G230B20;x
23666;205;234;158;R57G165B109;x
23667;182;186;87;R20G29B72;x
23668;148;163;67;R0G97B41;x
23669;182;145;150;R175G63B34;x
23670;205;212;80;R87G116B49;x
23671;212;137;62;R11G83B6;x
23672;178;192;174;R220G217B126;x
23673;169;177;71;R211G169B149;x
23674;211;185;124;R127G216B153;x
23675;144;149;128;R226G158B131;x
23676;172;178;117;R86G218B180;x
23677;201;135;123;R115G199B167;x
23678;199;159;136;R79G146B121;x
23679;162;202;108;R232G168B167;x
23680;194;193;122;R5G107B20;x
23681;207;175;103;R72G188B47;x
23682;126;159;69;R191G204B163;x
23683;192;209;182;R49G189B202;x
23684;114;107;67;R104G163B44;x
23685;187;129;99;R20G91B138;x
23686;76;130;185;R155G230B204;x
23687;171;189;111;R119G17B51;x
23688;154;175;96;R59G13B231;x
23689;200;206;46;R165G99B0;x
23690;182;151;122;R205G209B251;x
23691;188;155;78;R69G94B74;x
23692;220;188;50;R151G155B177;x
23693;111;95;118;R211G103B204;x
23694;89;161;164;R113G154B64;x
23695;165;198;65;R6G62B154;x
23696;98;115;94;R251G74B158;x
23697;168;190;80;R10G70B220;x
23698;194;179;33;R13G123B81;x
23699;189;151;61;R70G115B74;x
23700;210;158;123;R47G104B82;x
23701;240;153;96;R129G234B40;x
23702;192;173;110;R214G141B61;x
23703;224;189;40;R229G22B253;x
23704;205;182;85;R42G14B189;x
23705;211;156;111;R98G81B114;x
23706;188;173;104;R214G135B153;x
23707;193;183;104;R141G143B33;x
23708;224;212;169;R247G4B212;x
23709;192;188;99;R191G7B32;x
23710;215;179;43;R250G186B83;x
23711;107;117;91;R118G116B245;x
23712;180;138;198;R250G65B45;x
23713;222;176;65;R13G107B191;x
23714;195;150;41;R34G44B128;x
23715;212;170;94;R34G239B108;x
23716;193;188;121;R12G86B207;x
23717;186;134;94;R192G99B122;x
23718;154;174;161;R249G155B19;x
23719;192;172;106;R127G3B147;x
23720;40;126;57;R171G5B109;x
23721;143;180;180;R36G38B46;x
23722;198;181;123;R164G52B182;x
23723;210;153;99;R250G154B188;x
23724;98;116;165;R95G12B72;x
23725;193;155;117;R238G106B100;x
23726;161;164;66;R63G56B110;x
23727;239;131;75;R67G169B179;x
23728;215;183;81;R211G248B41;x
23729;200;198;92;R164G241B246;x
23730;105;135;79;R149G251B208;x
23731;172;172;170;R201G96B75;x
23732;143;152;127;R245G96B20;x
23733;91;112;59;R248G56B229;x
23734;177;122;154;R209G63B52;x
23735;230;164;132;R35G208B240;x
23736;194;173;54;R56G211B216;x
23737;190;116;80;R99G68B131;x
23738;172;196;104;R183G108B105;x
23739;179;173;119;R235G34B30;x
23740;217;190;117;R72G68B112;x
23741;166;147;102;R35G174B188;x
23742;119;135;92;R141G155B90;x
23743;171;109;128;R90G219B240;x
23744;118;187;123;R16G221B41;x
23745;233;146;142;R136G230B121;x
23746;198;158;103;R220G63B185;x
23747;231;179;79;R19G38B110;x
23748;168;140;169;R232G158B109;x
23749;183;199;135;R222G222B146;x
23750;214;191;78;R199G194B125;x
23751;228;200;78;R135G68B46;x
23752;145;136;95;R73G148B41;x
23753;91;137;105;R80G124B35;x
23754;194;196;83;R180G95B64;x
23755;181;167;102;R106G113B151;x
23756;203;186;79;R144G124B122;x
23757;174;157;147;R119G223B153;x
23758;98;126;86;R108G140B159;x
23759;207;203;112;R111G51B209;x
23760;159;141;159;R7G182B147;x
23761;93;106;145;R28G194B121;x
23762;175;178;69;R220G6B123;x
23763;213;181;173;R233G188B13;x
23764;176;149;104;R199G154B147;x
23765;192;195;101;R78G210B156;x
23766;167;158;86;R218G198B70;x
23767;204;173;72;R99G40B187;x
23768;174;164;122;R144G98B197;x
23769;127;158;108;R166G217B5;x
23770;168;173;102;R240G149B249;x
23771;194;163;130;R24G211B36;x
23772;193;131;72;R136G132B6;x
23773;210;133;35;R112G30B19;x
23774;143;199;141;R43G129B212;x
23775;97;109;125;R190G6B73;x
23776;129;171;184;R240G112B19;x
23777;139;167;87;R92G149B195;x
23778;199;153;114;R50G43B34;x
23779;157;146;136;R128G233B198;x
23780;196;225;154;R39G98B6;x
23781;193;189;105;R217G111B194;x
23782;205;190;126;R68G103B201;x
23783;206;207;138;R101G152B65;x
23784;184;182;113;R243G13B177;x
23785;56;151;99;R200G243B122;x
23786;116;166;117;R160G159B78;x
23787;123;167;74;R157G214B239;x
23788;184;137;130;R81G142B37;x
23789;72;132;82;R86G140B195;x
23790;230;183;60;R6G159B160;x
23791;168;190;144;R220G202B246;x
23792;196;173;127;R105G31B35;x
23793;172;197;118;R16G139B198;x
23794;161;183;168;R238G13B78;x
23795;201;146;104;R181G201B244;x
23796;191;145;147;R63G199B233;x
23797;188;179;133;R139G42B109;x
23798;98;117;81;R123G97B94;x
23799;54;155;111;R190G225B183;x
23800;169;146;140;R31G232B53;x
23801;74;119;88;R36G13B178;x
23802;171;159;113;R201G53B95;x
23803;201;200;112;R11G137B183;x
23804;134;151;127;R198G227B82;x
23805;111;181;125;R210G156B207;x
23806;82;135;117;R120G155B226;x
23807;166;163;138;R114G145B218;x
23808;104;128;94;R171G212B210;x
23809;192;154;75;R248G32B115;x
23810;233;182;111;R7G33B166;x
23811;135;144;133;R77G246B170;x
23812;177;164;129;R64G105B138;x
23813;201;138;169;R242G21B83;x
23814;225;176;107;R254G140B2;x
23815;195;174;116;R230G79B134;x
23816;168;175;102;R189G166B123;x
23817;60;144;87;R205G37B165;x
23818;214;141;69;R154G2B94;x
23819;212;150;84;R14G221B125;x
23820;108;150;104;R174G106B13;x
23821;184;158;103;R9G184B200;x
23822;190;173;150;R187G250B96;x
23823;194;167;118;R0G114B35;x
23824;151;169;115;R207G178B173;x
23825;195;114;113;R101G163B129;x
23826;143;143;146;R16G225B29;x
23827;153;201;151;R102G44B75;x
23828;226;131;71;R171G55B203;x
23829;85;117;76;R250G129B190;x
23830;76;136;58;R108G232B22;x
23831;76;128;62;R224G211B71;x
23832;78;156;129;R52G84B174;x
23833;136;125;98;R169G53B1;x
23834;200;130;72;R60G201B148;x
23835;240;157;64;R136G213B151;x
23836;168;148;122;R232G51B30;x
23837;207;209;175;R92G156B34;x
23838;161;174;108;R96G175B40;x
23839;205;180;105;R151G162B177;x
23840;171;208;130;R201G31B204;x
23841;165;208;113;R44G75B42;x
23842;201;177;69;R226G226B5;x
23843;202;127;102;R248G114B173;x
23844;149;162;133;R5G98B213;x
23845;93;120;98;R73G67B115;x
23846;174;175;97;R129G14B19;x
23847;186;159;97;R128G223B71;x
23848;197;160;113;R59G38B37;x
23849;155;170;131;R132G238B79;x
23850;224;193;93;R16G218B178;x
23851;220;166;113;R201G19B174;x
23852;79;167;115;R169G229B89;x
23853;240;157;49;R194G173B252;x
23854;220;167;120;R93G185B42;x
23855;71;143;50;R187G96B103;x
23856;76;107;68;R45G172B84;x
23857;172;145;97;R153G166B251;x
23858;237;198;120;R229G45B48;x
23859;125;152;87;R133G124B203;x
23860;34;125;113;R119G53B120;x
23861;164;126;167;R224G109B165;x
23862;208;144;76;R99G245B132;x
23863;181;175;107;R162G133B83;x
23864;152;120;146;R57G235B122;x
23865;181;180;101;R23G7B28;x
23866;220;166;108;R124G10B75;x
23867;154;235;98;R59G156B78;x
23868;177;130;127;R123G217B229;x
23869;209;185;152;R74G255B117;x
23870;161;176;96;R156G154B228;x
23871;194;219;77;R238G40B124;x
23872;206;164;106;R88G108B8;x
23873;169;151;110;R54G96B212;x
23874;184;147;75;R189G162B26;x
23875;118;174;79;R49G67B37;x
23876;201;128;173;R43G62B177;x
23877;182;207;45;R220G148B215;x
23878;193;169;131;R146G226B169;x
23879;50;140;100;R212G210B244;x
23880;197;135;90;R20G34B35;x
23881;217;171;71;R21G94B247;x
23882;146;151;114;R196G59B107;x
23883;61;145;61;R140G177B6;x
23884;201;190;82;R162G91B137;x
23885;154;181;114;R246G106B126;x
23886;170;135;157;R14G8B114;x
23887;146;159;94;R86G167B250;x
23888;205;170;92;R177G231B213;x
23889;185;166;100;R138G145B168;x
23890;235;186;115;R162G68B88;x
23891;152;157;98;R149G202B208;x
23892;77;132;44;R31G125B75;x
23893;171;153;153;R32G116B83;x
23894;205;196;105;R8G213B213;x
23895;227;131;86;R185G51B79;x
23896;148;175;81;R229G74B123;x
23897;178;190;57;R50G90B164;x
23898;51;141;91;R37G140B164;x
23899;192;178;127;R191G193B45;x
23900;136;164;162;R14G206B54;x
23901;68;152;126;R14G105B82;x
23902;209;162;128;R21G81B107;x
23903;197;213;128;R212G225B237;x
23904;217;203;86;R170G84B185;x
23905;192;167;49;R206G225B219;x
23906;190;192;86;R37G8B248;x
23907;218;145;74;R117G217B78;x
23908;94;160;102;R22G11B6;x
23909;156;123;124;R37G150B119;x
23910;198;185;143;R86G193B160;x
23911;139;157;98;R141G32B183;x
23912;92;142;74;R162G235B14;x
23913;192;175;111;R49G121B15;x
23914;161;229;117;R182G123B248;x
23915;218;154;90;R218G13B88;x
23916;220;188;75;R211G161B91;x
23917;119;181;128;R24G161B234;x
23918;115;178;115;R182G223B125;x
23919;172;149;161;R130G250B161;x
23920;166;194;70;R92G148B157;x
23921;177;156;125;R139G226B34;x
23922;212;201;95;R241G244B202;x
23923;220;144;144;R40G196B41;x
23924;124;145;120;R79G225B48;x
23925;166;201;132;R144G150B219;x
23926;187;123;141;R170G235B25;x
23927;217;169;109;R214G137B189;x
23928;209;184;135;R153G185B106;x
23929;143;138;142;R33G168B184;x
23930;167;123;134;R115G153B22;x
23931;215;163;106;R214G12B78;x
23932;155;170;83;R232G108B141;x
23933;198;208;96;R202G192B115;x
23934;171;134;95;R100G53B217;x
23935;127;180;71;R165G51B38;x
23936;70;163;75;R86G34B82;x
23937;203;149;82;R124G26B32;x
23938;77;158;103;R12G91B151;x
23939;160;168;140;R117G86B239;x
23940;80;160;104;R220G17B172;x
23941;127;161;103;R35G67B31;x
23942;107;174;148;R81G26B214;x
23943;205;169;134;R240G49B164;x
23944;86;159;116;R208G32B72;x
23945;94;125;92;R206G209B249;x
23946;185;148;159;R9G252B142;x
23947;233;160;112;R196G202B142;x
23948;236;172;91;R23G79B247;x
23949;205;177;105;R31G88B213;x
23950;207;167;84;R125G209B124;x
23951;165;171;95;R215G190B134;x
23952;173;151;163;R192G47B152;x
23953;191;181;96;R172G21B192;x
23954;224;163;64;R158G216B71;x
23955;213;185;48;R75G0B17;x
23956;169;188;104;R111G132B83;x
23957;129;119;77;R232G116B109;x
23958;148;169;137;R144G69B146;x
23959;208;160;139;R78G119B179;x
23960;225;196;126;R129G24B180;x
23961;185;211;92;R49G146B187;x
23962;221;175;79;R144G108B30;x
23963;191;189;126;R247G112B157;x
23964;123;120;106;R128G243B202;x
23965;237;189;89;R112G15B125;x
23966;173;136;187;R243G173B57;x
23967;160;161;143;R161G235B138;x
23968;105;144;69;R164G55B159;x
23969;182;183;122;R209G55B127;x
23970;182;125;70;R254G29B31;x
23971;188;146;150;R95G29B31;x
23972;109;104;85;R194G127B250;x
23973;178;160;112;R131G205B202;x
23974;116;147;77;R46G3B43;x
23975;202;162;60;R13G87B220;x
23976;215;166;84;R43G157B152;x
23977;220;147;91;R55G180B238;x
23978;180;144;165;R220G3B187;x
23979;200;122;151;R56G43B142;x
23980;124;131;157;R123G5B92;x
23981;197;163;141;R71G198B213;x
23982;207;153;117;R60G78B253;x
23983;231;180;93;R201G18B115;x
23984;228;166;71;R178G207B132;x
23985;187;130;125;R173G193B210;x
23986;195;176;99;R163G26B62;x
23987;201;198;94;R68G221B56;x
23988;183;145;123;R129G126B101;x
23989;151;190;118;R28G235B176;x
23990;161;211;52;R242G173B116;x
23991;222;130;142;R204G89B121;x
23992;240;173;70;R25G70B18;x
23993;157;144;146;R27G37B135;x
23994;135;187;115;R196G62B146;x
23995;155;182;138;R231G110B138;x
23996;176;166;163;R209G99B160;x
23997;195;208;104;R11G121B131;x
23998;159;177;176;R134G151B104;x
23999;171;190;119;R212G147B23;x
24000;132;143;155;R77G124B159;x
24001;179;164;67;R242G69B11;x
24002;128;148;83;R81G59B95;x
24003;209;139;117;R29G235B65;x
24004;187;148;134;R133G127B0;x
24005;152;178;146;R225G155B139;x
24006;170;155;112;R1G211B98;x
24007;215;178;99;R44G18B86;x
24008;174;169;120;R232G149B134;x
24009;192;232;99;R235G227B206;x
24010;231;166;104;R246G82B11;x
24011;231;203;131;R30G89B220;x
24012;180;188;147;R237G178B207;x
24013;96;114;92;R117G15B193;x
24014;81;126;91;R0G183B29;x
24015;183;171;97;R113G76B164;x
24016;166;174;124;R205G22B195;x
24017;208;143;69;R113G222B225;x
24018;222;166;141;R42G128B59;x
24019;161;139;133;R244G101B239;x
24020;223;172;76;R128G180B196;x
24021;167;142;79;R119G133B73;x
24022;176;174;68;R189G65B218;x
24023;206;203;139;R172G61B185;x
24024;171;194;99;R217G22B182;x
24025;92;110;151;R146G118B51;x
24026;187;180;144;R47G220B88;x
24027;76;163;63;R224G209B241;x
24028;227;161;103;R149G152B200;x
24029;166;183;119;R206G109B197;x
24030;114;109;112;R23G49B100;x
24031;201;172;77;R18G210B71;x
24032;180;207;122;R29G30B180;x
24033;212;132;78;R247G91B249;x
24034;173;177;188;R139G212B46;x
24035;141;171;117;R35G224B223;x
24036;166;190;140;R233G175B5;x
24037;199;165;141;R255G180B177;x
24038;230;159;98;R62G51B206;x
24039;157;164;162;R106G8B198;x
24040;221;184;66;R139G95B192;x
24041;197;205;124;R204G39B58;x
24042;168;185;181;R11G120B83;x
24043;157;193;195;R4G110B192;x
24044;188;159;100;R242G29B25;x
24045;235;168;79;R175G69B132;x
24046;206;148;106;R45G193B86;x
24047;175;156;125;R230G26B158;x
24048;173;169;89;R110G87B60;x
24049;193;143;87;R44G211B160;x
24050;70;111;112;R242G188B25;x
24051;197;127;120;R19G96B132;x
24052;202;165;52;R252G92B155;x
24053;240;182;68;R130G12B250;x
24054;195;202;92;R94G196B92;x
24055;118;197;122;R96G181B137;x
24056;218;187;123;R131G104B11;x
24057;216;145;92;R149G146B24;x
24058;159;154;162;R92G100B180;x
24059;201;179;67;R110G145B209;x
24060;213;173;91;R153G204B48;x
24061;204;151;116;R154G73B156;x
24062;204;171;179;R133G190B35;x
24063;177;137;103;R197G35B224;x
24064;205;158;50;R53G46B0;x
24065;101;144;111;R6G204B212;x
24066;196;184;106;R26G111B179;x
24067;150;164;106;R31G73B198;x
24068;195;176;156;R134G104B72;x
24069;209;151;63;R245G172B186;x
24070;128;144;60;R132G150B154;x
24071;99;117;161;R143G131B79;x
24072;202;136;128;R97G178B204;x
24073;214;162;84;R201G199B71;x
24074;171;177;118;R238G214B32;x
24075;169;161;118;R234G76B118;x
24076;154;161;166;R187G4B108;x
24077;214;144;97;R71G255B57;x
24078;81;111;85;R42G148B131;x
24079;193;148;50;R24G94B80;x
24080;211;166;64;R172G65B35;x
24081;114;173;125;R130G143B115;x
24082;188;157;73;R221G30B136;x
24083;147;181;135;R158G219B16;x
24084;88;157;94;R221G21B49;x
24085;183;185;84;R159G86B184;x
24086;184;179;107;R23G125B226;x
24087;240;183;69;R118G36B121;x
24088;177;144;72;R122G250B70;x
24089;185;181;159;R191G132B92;x
24090;179;129;131;R138G20B56;x
24091;127;163;125;R253G145B134;x
24092;144;165;131;R32G78B93;x
24093;142;162;146;R37G74B45;x
24094;151;193;105;R159G218B144;x
24095;227;117;104;R149G69B147;x
24096;177;157;98;R43G237B150;x
24097;77;124;110;R180G88B255;x
24098;214;157;58;R191G47B62;x
24099;70;105;112;R27G163B28;x
24100;169;214;111;R90G181B223;x
24101;172;146;134;R186G196B84;x
24102;191;157;131;R203G125B29;x
24103;208;178;97;R144G140B129;x
24104;152;159;159;R193G235B13;x
24105;154;171;116;R65G247B134;x
24106;194;205;90;R93G237B95;x
24107;181;195;86;R53G124B218;x
24108;108;141;118;R14G21B165;x
24109;58;129;94;R132G84B232;x
24110;187;163;141;R97G213B26;x
24111;223;163;60;R252G145B0;x
24112;153;142;166;R128G192B181;x
24113;170;211;115;R209G185B135;x
24114;237;166;67;R163G152B125;x
24115;220;171;108;R69G41B101;x
24116;60;124;107;R141G15B3;x
24117;158;161;114;R154G135B15;x
24118;236;183;110;R200G103B169;x
24119;158;138;171;R27G16B18;x
24120;216;177;76;R73G179B0;x
24121;217;198;160;R129G109B131;x
24122;156;166;121;R120G135B227;x
24123;183;181;86;R145G171B41;x
24124;113;135;106;R248G100B23;x
24125;217;192;94;R107G73B108;x
24126;185;166;113;R56G176B36;x
24127;117;123;156;R100G226B214;x
24128;189;116;99;R165G78B199;x
24129;186;133;107;R135G84B76;x
24130;198;142;114;R77G155B90;x
24131;107;136;100;R19G91B37;x
24132;135;166;159;R196G108B250;x
24133;203;170;167;R76G8B215;x
24134;163;201;106;R50G187B210;x
24135;240;163;104;R104G162B151;x
24136;220;156;104;R250G249B103;x
24137;108;171;106;R106G130B170;x
24138;181;199;78;R198G250B238;x
24139;140;145;94;R49G28B191;x
24140;205;214;131;R110G210B21;x
24141;135;150;122;R171G6B40;x
24142;98;135;75;R233G118B65;x
24143;169;140;99;R241G174B169;x
24144;160;146;151;R160G71B114;x
24145;181;207;73;R137G75B240;x
24146;163;171;168;R167G156B156;x
24147;190;172;95;R192G177B55;x
24148;196;167;175;R56G195B247;x
24149;181;176;102;R236G83B119;x
24150;216;203;111;R28G47B82;x
24151;179;151;161;R229G221B228;x
24152;168;144;82;R242G208B167;x
24153;236;115;62;R80G81B225;x
24154;162;161;131;R147G235B126;x
24155;196;183;124;R6G43B173;x
24156;87;98;114;R253G65B147;x
24157;136;122;126;R218G189B99;x
24158;90;130;86;R228G221B180;x
24159;161;133;134;R230G62B224;x
24160;206;142;82;R108G10B21;x
24161;214;129;97;R183G188B77;x
24162;163;205;73;R12G214B247;x
24163;187;109;73;R73G224B37;x
24164;187;147;121;R53G227B158;x
24165;229;153;111;R184G190B116;x
24166;211;183;121;R51G201B130;x
24167;156;157;177;R137G3B20;x
24168;61;146;110;R244G177B222;x
24169;154;127;180;R185G43B226;x
24170;130;161;110;R196G247B15;x
24171;197;150;83;R12G7B27;x
24172;71;109;96;R138G96B126;x
24173;190;161;70;R44G42B106;x
24174;149;169;123;R179G199B25;x
24175;184;154;138;R55G18B218;x
24176;177;131;127;R193G107B91;x
24177;94;142;135;R204G116B123;x
24178;161;148;74;R167G253B117;x
24179;187;137;133;R49G135B191;x
24180;213;208;81;R130G153B21;x
24181;199;174;85;R95G10B120;x
24182;157;139;126;R179G238B92;x
24183;220;149;114;R18G152B228;x
24184;223;209;124;R95G251B154;x
24185;212;182;88;R22G140B143;x
24186;192;135;96;R138G31B248;x
24187;106;182;122;R15G149B181;x
24188;215;151;145;R230G165B70;x
24189;147;162;122;R243G155B84;x
24190;208;181;86;R98G207B19;x
24191;197;166;88;R0G97B135;x
24192;178;157;98;R251G63B202;x
24193;164;152;145;R191G12B208;x
24194;175;115;104;R48G170B186;x
24195;157;137;74;R110G204B163;x
24196;132;138;176;R47G63B16;x
24197;147;140;149;R110G116B77;x
24198;170;90;89;R23G17B78;x
24199;182;155;73;R254G77B193;x
24200;211;181;74;R116G86B220;x
24201;190;176;118;R13G51B67;x
24202;170;149;120;R86G242B199;x
24203;191;153;107;R160G17B50;x
24204;177;188;95;R72G59B92;x
24205;170;120;111;R116G57B220;x
24206;190;134;67;R52G241B67;x
24207;207;174;62;R92G155B10;x
24208;201;217;88;R196G73B132;x
24209;70;152;113;R17G146B135;x
24210;61;139;113;R59G172B216;x
24211;184;172;130;R246G74B213;x
24212;198;196;107;R199G80B220;x
24213;194;162;99;R149G200B40;x
24214;181;191;126;R17G70B227;x
24215;104;120;77;R117G213B116;x
24216;169;100;83;R10G185B104;x
24217;235;174;145;R2G210B144;x
24218;208;163;71;R48G62B184;x
24219;172;165;58;R106G118B169;x
24220;139;187;111;R150G140B88;x
24221;205;167;113;R209G31B124;x
24222;172;187;169;R165G187B126;x
24223;130;169;137;R53G80B234;x
24224;240;157;85;R199G148B49;x
24225;215;168;51;R140G56B151;x
24226;228;149;89;R55G119B168;x
24227;237;151;82;R127G86B233;x
24228;147;220;115;R158G61B232;x
24229;217;134;135;R195G226B6;x
24230;138;192;129;R100G4B50;x
24231;115;139;87;R185G25B249;x
24232;155;108;147;R206G243B33;x
24233;210;211;119;R164G107B185;x
24234;186;149;161;R77G58B177;x
24235;193;147;68;R84G49B82;x
24236;199;183;105;R150G248B175;x
24237;207;144;114;R114G11B18;x
24238;64;151;88;R58G222B25;x
24239;239;155;53;R26G250B78;x
24240;183;137;106;R80G196B61;x
24241;158;138;114;R108G49B64;x
24242;187;116;90;R204G40B97;x
24243;103;170;152;R147G64B190;x
24244;238;208;116;R106G164B193;x
24245;205;205;107;R36G69B231;x
24246;174;167;80;R89G159B54;x
24247;183;209;62;R25G56B55;x
24248;198;208;124;R20G93B6;x
24249;170;162;139;R106G209B216;x
24250;203;196;121;R231G116B224;x
24251;132;131;72;R4G115B89;x
24252;182;149;88;R229G100B10;x
24253;209;191;91;R79G99B166;x
24254;164;157;122;R65G189B151;x
24255;153;147;125;R151G131B189;x
24256;138;172;123;R177G66B165;x
24257;233;134;105;R113G179B101;x
24258;219;167;78;R33G189B223;x
24259;60;139;49;R4G67B40;x
24260;98;130;98;R230G120B210;x
24261;236;173;100;R159G56B106;x
24262;221;158;92;R217G105B142;x
24263;82;169;55;R197G87B8;x
24264;179;168;86;R70G45B144;x
24265;129;144;133;R126G126B90;x
24266;170;167;91;R167G109B101;x
24267;116;147;148;R57G147B24;x
24268;202;169;97;R135G146B140;x
24269;207;176;70;R32G216B129;x
24270;124;137;127;R163G228B16;x
24271;156;135;139;R121G164B178;x
24272;188;165;145;R40G91B245;x
24273;206;159;84;R143G14B137;x
24274;30;125;106;R96G251B129;x
24275;128;166;146;R31G54B254;x
24276;48;124;76;R17G229B85;x
24277;211;201;138;R209G125B220;x
24278;90;111;138;R1G112B8;x
24279;165;165;121;R48G7B35;x
24280;190;140;159;R68G40B112;x
24281;171;174;108;R223G240B198;x
24282;221;172;111;R32G64B205;x
24283;212;216;89;R199G54B166;x
24284;240;221;106;R126G53B171;x
24285;182;209;86;R201G255B94;x
24286;211;133;99;R232G80B72;x
24287;165;157;161;R81G250B176;x
24288;223;157;89;R12G182B67;x
24289;165;193;85;R182G120B248;x
24290;188;200;75;R106G152B88;x
24291;184;123;115;R47G107B35;x
24292;126;109;146;R115G112B222;x
24293;200;175;118;R7G219B167;x
24294;189;204;134;R206G55B193;x
24295;185;179;110;R103G59B131;x
24296;184;202;138;R31G255B41;x
24297;180;201;70;R16G228B115;x
24298;226;199;163;R228G54B105;x
24299;190;169;170;R118G251B169;x
24300;100;142;188;R85G74B23;x
24301;153;196;179;R84G122B7;x
24302;215;117;155;R229G147B85;x
24303;215;176;95;R133G218B85;x
24304;66;119;92;R64G169B119;x
24305;186;168;140;R167G82B223;x
24306;203;174;169;R46G187B69;x
24307;131;168;145;R138G170B238;x
24308;84;102;149;R65G32B214;x
24309;206;134;157;R230G3B154;x
24310;184;184;108;R187G231B110;x
24311;217;174;99;R106G13B251;x
24312;135;139;45;R80G193B21;x
24313;230;189;88;R37G84B235;x
24314;203;136;173;R84G151B34;x
24315;229;170;96;R22G207B241;x
24316;240;151;121;R113G73B109;x
24317;152;149;141;R89G76B81;x
24318;178;205;93;R48G134B48;x
24319;138;200;138;R41G215B25;x
24320;170;145;135;R43G226B215;x
24321;182;162;93;R13G52B239;x
24322;92;133;95;R75G12B40;x
24323;175;193;152;R43G2B164;x
24324;167;168;133;R163G175B87;x
24325;230;166;108;R148G40B184;x
24326;215;150;131;R212G208B233;x
24327;115;159;155;R32G85B21;x
24328;133;174;129;R222G224B99;x
24329;174;175;137;R96G133B135;x
24330;173;179;93;R129G39B41;x
24331;144;194;113;R228G14B205;x
24332;218;203;96;R252G5B239;x
24333;69;157;107;R124G44B136;x
24334;161;145;126;R190G187B168;x
24335;173;135;150;R232G202B194;x
24336;206;172;62;R23G23B176;x
24337;196;102;88;R107G46B43;x
24338;223;150;177;R179G56B206;x
24339;178;220;113;R143G193B238;x
24340;209;169;104;R167G174B102;x
24341;168;165;131;R6G243B180;x
24342;204;165;81;R203G219B230;x
24343;210;141;125;R182G239B33;x
24344;175;174;96;R133G254B112;x
24345;148;189;79;R92G48B21;x
24346;165;193;82;R104G173B151;x
24347;77;143;67;R81G245B103;x
24348;99;141;111;R89G9B207;x
24349;198;141;83;R76G108B95;x
24350;152;175;131;R128G248B76;x
24351;196;151;81;R30G31B104;x
24352;151;182;59;R124G61B186;x
24353;235;115;103;R158G182B198;x
24354;58;136;100;R35G20B90;x
24355;107;137;82;R15G163B87;x
24356;188;158;71;R60G173B146;x
24357;183;146;161;R222G237B38;x
24358;185;149;157;R184G30B157;x
24359;144;162;172;R30G113B74;x
24360;156;201;82;R18G148B221;x
24361;194;181;94;R93G78B205;x
24362;174;148;111;R39G100B68;x
24363;173;173;132;R239G207B25;x
24364;146;155;144;R117G59B168;x
24365;179;184;79;R193G51B254;x
24366;202;171;125;R58G218B153;x
24367;170;182;179;R155G239B225;x
24368;215;186;73;R173G72B224;x
24369;134;166;134;R22G185B233;x
24370;173;175;84;R255G58B143;x
24371;176;169;141;R68G205B152;x
24372;195;180;91;R16G101B0;x
24373;158;196;138;R185G140B217;x
24374;197;131;102;R185G249B215;x
24375;67;109;68;R242G248B181;x
24376;119;117;147;R17G19B146;x
24377;194;122;86;R209G117B253;x
24378;207;167;46;R113G198B161;x
24379;157;133;106;R23G226B39;x
24380;145;172;164;R71G92B56;x
24381;220;118;40;R241G78B179;x
24382;178;196;114;R106G188B25;x
24383;175;153;92;R8G80B127;x
24384;170;167;90;R37G58B198;x
24385;93;140;78;R73G225B183;x
24386;153;132;149;R164G202B35;x
24387;199;133;120;R254G143B248;x
24388;205;189;108;R186G198B122;x
24389;164;154;81;R180G232B210;x
24390;240;183;85;R212G67B121;x
24391;203;173;67;R167G152B247;x
24392;219;145;139;R91G81B166;x
24393;194;174;160;R13G149B117;x
24394;179;159;119;R77G249B95;x
24395;71;118;63;R205G208B228;x
24396;188;177;109;R33G167B26;x
24397;175;140;125;R145G129B85;x
24398;182;176;34;R225G34B203;x
24399;187;148;181;R202G88B57;x
24400;239;192;119;R116G27B24;x
24401;172;144;149;R14G150B105;x
24402;155;151;150;R181G239B5;x
24403;167;210;86;R36G60B148;x
24404;197;218;119;R40G71B132;x
24405;91;130;59;R29G59B180;x
24406;199;170;93;R208G3B249;x
24407;204;168;175;R157G19B193;x
24408;236;182;87;R165G13B84;x
24409;143;177;118;R217G119B119;x
24410;141;178;161;R245G58B224;x
24411;160;131;105;R124G129B95;x
24412;155;199;112;R252G140B209;x
24413;234;146;102;R222G19B125;x
24414;188;164;76;R51G67B135;x
24415;219;163;179;R4G250B85;x
24416;219;117;89;R46G112B86;x
24417;149;151;122;R200G113B239;x
24418;208;126;172;R126G0B72;x
24419;218;148;94;R104G202B206;x
24420;118;155;71;R10G23B118;x
24421;193;188;103;R219G200B156;x
24422;205;142;140;R10G186B138;x
24423;199;209;80;R204G148B236;x
24424;194;161;96;R57G2B203;x
24425;150;178;138;R14G147B184;x
24426;170;197;119;R1G96B216;x
24427;183;163;129;R193G208B145;x
24428;206;138;98;R12G239B139;x
24429;184;152;62;R64G106B194;x
24430;197;168;76;R54G220B162;x
24431;180;127;148;R150G243B205;x
24432;234;143;58;R244G251B205;x
24433;206;226;106;R198G46B112;x
24434;212;163;78;R236G110B48;x
24435;233;177;69;R95G173B88;x
24436;173;149;121;R45G147B169;x
24437;198;151;115;R236G170B68;x
24438;162;178;169;R7G196B17;x
24439;181;166;103;R187G215B71;x
24440;207;179;187;R225G214B29;x
24441;189;187;127;R214G246B216;x
24442;149;148;162;R109G87B125;x
24443;187;189;76;R95G221B181;x
24444;182;173;133;R49G252B7;x
24445;220;175;96;R57G26B155;x
24446;142;199;59;R101G97B176;x
24447;189;119;146;R176G245B31;x
24448;112;186;134;R212G139B83;x
24449;77;117;91;R16G213B239;x
24450;167;163;93;R65G3B4;x
24451;185;177;74;R67G225B95;x
24452;180;163;126;R255G126B242;x
24453;223;199;83;R144G143B36;x
24454;221;168;96;R99G234B188;x
24455;168;164;180;R160G33B108;x
24456;182;169;89;R93G252B84;x
24457;190;138;143;R31G242B129;x
24458;168;169;178;R95G147B32;x
24459;122;144;78;R62G222B244;x
24460;199;184;145;R100G2B168;x
24461;229;180;124;R145G73B94;x
24462;80;147;90;R61G140B43;x
24463;101;137;115;R111G241B249;x
24464;168;181;163;R5G69B226;x
24465;203;165;56;R177G205B79;x
24466;184;164;111;R192G31B176;x
24467;175;155;143;R99G153B53;x
24468;113;155;155;R48G236B190;x
24469;162;109;115;R172G51B30;x
24470;185;171;93;R252G196B59;x
24471;165;202;61;R246G217B196;x
24472;146;148;152;R62G245B123;x
24473;169;133;103;R22G239B95;x
24474;162;160;110;R107G190B240;x
24475;239;183;66;R99G87B137;x
24476;188;189;90;R77G201B93;x
24477;142;147;173;R102G247B73;x
24478;195;174;67;R66G123B77;x
24479;130;170;82;R12G165B87;x
24480;177;189;101;R89G247B64;x
24481;130;193;129;R39G189B39;x
24482;84;118;159;R126G119B112;x
24483;160;148;193;R220G248B121;x
24484;192;149;126;R233G231B218;x
24485;175;157;135;R29G33B103;x
24486;71;158;84;R216G130B206;x
24487;193;155;116;R152G238B174;x
24488;89;136;179;R92G130B94;x
24489;60;154;77;R88G118B203;x
24490;113;156;171;R97G112B122;x
24491;113;151;90;R226G199B54;x
24492;186;193;110;R221G4B162;x
24493;180;152;124;R253G219B178;x
24494;211;165;116;R249G139B81;x
24495;215;178;88;R124G127B110;x
24496;109;122;81;R229G89B176;x
24497;147;197;104;R182G248B56;x
24498;189;207;89;R11G203B215;x
24499;173;192;184;R50G19B31;x
24500;181;182;119;R137G203B166;x
24501;110;170;142;R58G207B47;x
24502;140;173;117;R147G177B167;x
24503;197;167;143;R181G93B233;x
24504;75;138;93;R120G179B79;x
24505;141;179;142;R234G175B6;x
24506;228;169;86;R123G86B40;x
24507;161;144;120;R216G69B187;x
24508;223;138;103;R108G135B152;x
24509;135;131;155;R3G35B121;x
24510;179;204;111;R176G18B90;x
24511;190;153;136;R57G221B42;x
24512;204;145;165;R174G136B65;x
24513;222;184;92;R223G164B94;x
24514;162;181;123;R13G207B54;x
24515;211;138;135;R75G119B121;x
24516;165;189;104;R251G254B182;x
24517;173;164;125;R53G4B35;x
24518;152;174;101;R206G11B127;x
24519;103;153;96;R130G70B37;x
24520;163;117;179;R239G11B41;x
24521;229;140;88;R151G120B236;x
24522;177;181;151;R246G134B218;x
24523;219;181;74;R91G99B110;x
24524;158;130;136;R137G37B121;x
24525;202;158;93;R95G122B191;x
24526;163;135;143;R221G29B196;x
24527;179;129;170;R96G19B174;x
24528;201;146;102;R124G39B92;x
24529;75;156;108;R229G24B156;x
24530;201;159;133;R205G202B171;x
24531;166;168;84;R36G109B229;x
24532;115;127;90;R40G45B22;x
24533;170;172;122;R22G130B22;x
24534;148;169;109;R111G82B41;x
24535;156;141;148;R96G235B123;x
24536;179;147;110;R155G101B188;x
24537;81;117;32;R17G206B110;x
24538;194;179;134;R67G111B142;x
24539;222;172;114;R63G235B177;x
24540;158;162;115;R83G211B96;x
24541;97;130;98;R225G134B71;x
24542;101;162;189;R138G37B234;x
24543;181;205;93;R75G48B138;x
24544;192;144;149;R183G187B180;x
24545;175;166;102;R186G172B107;x
24546;236;167;115;R31G44B120;x
24547;97;153;122;R12G117B202;x
24548;87;125;84;R92G208B66;x
24549;206;174;101;R183G165B241;x
24550;162;207;78;R67G121B147;x
24551;196;156;87;R27G39B220;x
24552;185;184;101;R159G154B243;x
24553;93;134;71;R172G34B103;x
24554;197;176;119;R118G46B229;x
24555;177;180;53;R4G14B166;x
24556;161;154;173;R177G197B88;x
24557;182;133;93;R99G178B191;x
24558;222;123;58;R122G251B206;x
24559;195;136;132;R63G34B76;x
24560;215;173;79;R132G60B120;x
24561;151;158;142;R138G7B156;x
24562;173;181;122;R69G68B25;x
24563;205;172;123;R47G168B86;x
24564;160;176;164;R14G125B140;x
24565;95;143;121;R85G114B204;x
24566;166;162;160;R63G156B155;x
24567;196;167;173;R197G129B134;x
24568;161;186;170;R58G58B26;x
24569;193;162;106;R140G119B75;x
24570;183;177;87;R247G84B189;x
24571;170;175;159;R50G187B39;x
24572;177;170;97;R106G162B199;x
24573;215;182;120;R74G229B60;x
24574;224;154;87;R161G163B114;x
24575;97;132;179;R248G169B155;x
24576;70;123;77;R152G194B209;x
24577;191;167;124;R209G222B151;x
24578;168;176;102;R216G192B224;x
24579;191;179;107;R251G233B83;x
24580;185;164;98;R2G152B118;x
24581;198;155;148;R160G155B47;x
24582;236;135;123;R212G65B53;x
24583;210;139;116;R60G223B60;x
24584;132;172;163;R150G238B47;x
24585;214;159;132;R45G62B85;x
24586;108;161;176;R102G144B139;x
24587;192;162;104;R163G6B183;x
24588;218;221;121;R34G134B46;x
24589;178;115;116;R1G59B209;x
24590;113;151;78;R103G75B30;x
24591;98;86;94;R244G152B84;x
24592;117;146;101;R91G191B181;x
24593;219;138;140;R62G63B61;x
24594;183;183;67;R163G242B217;x
24595;97;120;78;R249G11B105;x
24596;172;208;82;R109G140B194;x
24597;178;189;109;R82G17B87;x
24598;207;154;113;R87G87B63;x
24599;188;173;68;R46G145B250;x
24600;145;152;121;R11G76B218;x
24601;177;174;140;R53G242B215;x
24602;200;183;76;R122G143B253;x
24603;184;164;85;R52G14B208;x
24604;193;162;126;R4G37B68;x
24605;182;171;164;R16G100B13;x
24606;226;159;108;R185G121B156;x
24607;115;165;73;R125G235B250;x
24608;178;209;43;R60G63B169;x
24609;123;134;88;R245G102B20;x
24610;191;128;100;R134G210B229;x
24611;90;93;98;R109G54B101;x
24612;240;158;124;R146G25B239;x
24613;208;178;100;R113G173B102;x
24614;185;153;58;R68G87B195;x
24615;158;163;79;R0G255B229;x
24616;186;182;124;R37G30B72;x
24617;207;162;62;R10G235B137;x
24618;137;165;125;R180G73B2;x
24619;146;204;109;R152G178B113;x
24620;206;218;158;R96G69B206;x
24621;202;221;116;R181G151B169;x
24622;184;174;111;R40G93B160;x
24623;147;133;99;R92G249B50;x
24624;164;165;159;R120G30B175;x
24625;185;164;100;R30G241B255;x
24626;147;187;98;R233G215B75;x
24627;171;165;130;R198G98B226;x
24628;208;204;85;R3G109B61;x
24629;157;164;62;R204G59B251;x
24630;173;146;89;R71G97B50;x
24631;186;200;105;R214G201B230;x
24632;216;119;140;R137G201B212;x
24633;172;170;91;R68G111B202;x
24634;147;137;121;R65G29B152;x
24635;185;132;156;R192G187B124;x
24636;167;133;103;R33G134B179;x
24637;120;139;188;R22G165B52;x
24638;111;150;101;R12G251B82;x
24639;202;137;100;R78G94B11;x
24640;190;161;97;R57G213B55;x
24641;226;147;123;R121G225B152;x
24642;108;120;99;R69G234B70;x
24643;165;165;151;R192G133B210;x
24644;181;134;111;R25G231B98;x
24645;95;182;84;R30G1B25;x
24646;71;118;174;R173G163B130;x
24647;179;186;132;R183G241B217;x
24648;138;144;63;R177G213B226;x
24649;228;196;35;R150G113B132;x
24650;167;163;114;R242G36B48;x
24651;203;182;106;R12G2B46;x
24652;179;172;138;R77G89B212;x
24653;167;158;182;R20G136B248;x
24654;209;114;105;R224G152B238;x
24655;239;149;126;R131G23B55;x
24656;67;133;108;R13G182B36;x
24657;206;147;90;R247G86B39;x
24658;155;191;165;R170G141B173;x
24659;124;198;111;R65G14B50;x
24660;98;100;91;R211G95B16;x
24661;213;114;181;R68G183B106;x
24662;227;173;172;R172G116B206;x
24663;218;138;95;R94G189B0;x
24664;85;113;58;R182G149B183;x
24665;226;155;126;R23G135B66;x
24666;187;187;173;R105G77B236;x
24667;203;181;126;R179G220B62;x
24668;134;138;115;R189G217B112;x
24669;163;153;122;R197G155B226;x
24670;236;185;51;R18G139B198;x
24671;193;168;72;R149G145B203;x
24672;187;145;127;R62G94B48;x
24673;198;190;98;R173G245B176;x
24674;179;211;124;R236G241B65;x
24675;214;186;93;R204G43B133;x
24676;190;139;135;R42G157B252;x
24677;168;203;78;R158G130B86;x
24678;209;164;96;R195G98B112;x
24679;232;138;69;R49G135B12;x
24680;197;177;94;R156G153B133;x
24681;201;198;78;R102G22B130;x
24682;132;141;174;R72G76B190;x
24683;196;183;65;R237G216B11;x
24684;174;155;76;R176G170B54;x
24685;154;130;154;R219G204B144;x
24686;183;157;177;R41G133B155;x
24687;232;132;62;R154G165B248;x
24688;162;151;133;R76G83B255;x
24689;193;157;145;R190G239B194;x
24690;225;162;79;R78G14B96;x
24691;158;195;90;R144G217B174;x
24692;188;192;65;R46G65B3;x
24693;190;190;78;R225G83B7;x
24694;187;143;180;R44G133B145;x
24695;124;84;160;R104G191B107;x
24696;228;156;129;R117G81B27;x
24697;178;155;100;R246G161B169;x
24698;183;200;82;R240G91B208;x
24699;214;173;89;R73G158B97;x
24700;194;189;101;R94G64B41;x
24701;199;175;101;R63G154B151;x
24702;233;206;118;R166G98B100;x
24703;193;132;87;R252G173B243;x
24704;200;151;111;R192G109B98;x
24705;153;191;100;R2G181B212;x
24706;191;170;166;R47G20B0;x
24707;147;178;97;R162G59B137;x
24708;136;167;82;R104G245B126;x
24709;162;142;167;R159G91B231;x
24710;199;173;51;R180G132B230;x
24711;90;144;85;R138G246B89;x
24712;201;195;59;R108G191B35;x
24713;75;139;68;R161G73B162;x
24714;87;139;94;R120G108B163;x
24715;160;177;116;R3G160B149;x
24716;188;174;95;R96G12B19;x
24717;116;168;163;R223G24B251;x
24718;178;126;88;R135G238B200;x
24719;188;138;63;R170G32B49;x
24720;192;142;66;R218G253B75;x
24721;222;202;90;R114G205B243;x
24722;89;150;160;R184G97B116;x
24723;90;118;75;R2G15B130;x
24724;225;169;113;R19G17B130;x
24725;198;161;116;R67G149B226;x
24726;55;122;79;R208G141B210;x
24727;209;158;114;R241G74B74;x
24728;178;158;126;R105G194B230;x
24729;177;161;163;R226G32B115;x
24730;166;152;180;R3G237B22;x
24731;92;176;72;R139G8B214;x
24732;177;218;102;R77G13B71;x
24733;214;201;90;R9G39B35;x
24734;190;179;114;R131G94B125;x
24735;113;135;117;R102G223B128;x
24736;178;141;162;R124G154B184;x
24737;200;141;142;R253G104B0;x
24738;215;176;138;R156G158B38;x
24739;207;151;135;R34G38B191;x
24740;212;175;105;R149G80B38;x
24741;193;166;116;R81G212B202;x
24742;210;206;87;R177G252B202;x
24743;104;125;103;R222G26B187;x
24744;173;184;91;R170G71B110;x
24745;181;173;87;R97G119B91;x
24746;178;172;76;R100G42B249;x
24747;154;197;141;R247G87B156;x
24748;215;178;136;R230G209B45;x
24749;124;161;143;R207G204B224;x
24750;199;167;92;R209G221B135;x
24751;191;168;101;R206G248B125;x
24752;212;153;110;R46G91B8;x
24753;116;137;154;R23G66B163;x
24754;177;151;130;R129G231B94;x
24755;148;160;75;R173G49B225;x
24756;171;116;113;R189G38B121;x
24757;136;169;85;R16G50B66;x
24758;174;160;139;R75G162B95;x
24759;145;139;113;R133G7B23;x
24760;201;158;73;R220G62B141;x
24761;121;171;111;R223G158B226;x
24762;108;152;119;R106G84B85;x
24763;215;173;116;R162G97B247;x
24764;156;173;67;R157G19B135;x
24765;174;171;129;R201G13B80;x
24766;164;135;132;R158G95B47;x
24767;171;166;164;R209G173B100;x
24768;181;196;48;R14G151B248;x
24769;222;201;107;R253G131B196;x
24770;162;198;81;R33G150B222;x
24771;124;156;104;R211G201B151;x
24772;174;114;79;R181G195B111;x
24773;156;185;172;R7G57B173;x
24774;84;162;91;R151G159B47;x
24775;99;144;87;R164G60B204;x
24776;86;142;95;R205G71B57;x
24777;167;131;164;R247G81B209;x
24778;97;146;57;R116G157B71;x
24779;112;155;110;R104G46B182;x
24780;136;177;143;R141G18B13;x
24781;212;191;85;R102G151B7;x
24782;196;163;101;R105G211B16;x
24783;176;173;97;R80G66B229;x
24784;127;144;88;R48G97B181;x
24785;211;160;98;R176G159B125;x
24786;177;181;137;R142G246B203;x
24787;202;181;122;R107G135B202;x
24788;192;135;99;R23G165B24;x
24789;201;170;135;R87G57B93;x
24790;198;154;163;R81G191B82;x
24791;218;205;129;R75G19B211;x
24792;153;141;141;R84G105B65;x
24793;190;165;101;R212G237B81;x
24794;66;133;96;R213G74B126;x
24795;112;135;182;R235G122B227;x
24796;169;177;117;R38G5B231;x
24797;123;142;91;R238G48B7;x
24798;115;169;147;R189G129B116;x
24799;142;175;108;R103G42B1;x
24800;177;112;110;R107G105B87;x
24801;166;126;99;R222G171B26;x
24802;97;129;133;R15G30B237;x
24803;173;190;75;R52G55B108;x
24804;201;174;100;R12G215B92;x
24805;152;151;109;R149G156B212;x
24806;137;179;110;R11G13B236;x
24807;183;157;134;R181G131B21;x
24808;168;140;152;R12G6B67;x
24809;204;165;111;R224G28B248;x
24810;194;147;57;R27G244B168;x
24811;215;160;50;R64G88B93;x
24812;167;157;101;R65G103B93;x
24813;203;170;164;R147G126B50;x
24814;164;125;136;R95G183B0;x
24815;200;161;98;R194G182B17;x
24816;96;101;127;R146G76B45;x
24817;157;189;87;R149G20B235;x
24818;102;123;83;R145G135B233;x
24819;173;142;119;R240G89B171;x
24820;102;114;114;R147G206B124;x
24821;235;197;98;R29G211B223;x
24822;189;179;95;R227G90B47;x
24823;121;135;110;R101G10B33;x
24824;127;152;157;R189G202B232;x
24825;197;139;110;R39G77B215;x
24826;68;160;82;R248G24B11;x
24827;168;194;82;R29G68B69;x
24828;172;219;98;R221G248B55;x
24829;197;163;47;R128G69B89;x
24830;187;199;173;R168G87B185;x
24831;68;125;79;R125G135B149;x
24832;210;170;140;R109G129B90;x
24833;162;165;133;R49G138B192;x
24834;238;167;67;R59G37B111;x
24835;166;199;119;R87G254B144;x
24836;233;173;66;R150G76B143;x
24837;190;132;118;R72G92B223;x
24838;193;169;91;R24G52B126;x
24839;91;164;102;R94G130B157;x
24840;202;151;72;R145G226B130;x
24841;182;174;96;R194G104B42;x
24842;129;181;172;R143G36B0;x
24843;66;151;85;R116G60B235;x
24844;93;134;45;R92G231B52;x
24845;178;205;114;R216G251B62;x
24846;83;152;105;R122G230B48;x
24847;178;170;159;R95G243B226;x
24848;174;154;97;R244G105B110;x
24849;181;144;166;R140G45B123;x
24850;188;174;109;R239G74B160;x
24851;195;170;126;R66G126B150;x
24852;107;146;70;R90G149B100;x
24853;219;164;79;R210G175B57;x
24854;161;173;176;R36G6B147;x
24855;174;155;102;R137G204B173;x
24856;104;119;83;R216G105B170;x
24857;61;123;75;R46G229B83;x
24858;154;168;174;R91G27B204;x
24859;207;144;146;R128G108B113;x
24860;152;166;114;R137G144B60;x
24861;200;147;133;R99G28B9;x
24862;183;140;71;R208G6B202;x
24863;61;125;97;R178G212B16;x
24864;187;145;93;R6G254B226;x
24865;187;192;76;R61G218B255;x
24866;193;151;109;R156G25B146;x
24867;203;203;114;R25G153B95;x
24868;197;149;101;R177G176B246;x
24869;118;143;101;R175G20B36;x
24870;229;136;136;R47G59B204;x
24871;168;139;114;R123G207B115;x
24872;163;160;107;R168G19B59;x
24873;216;142;77;R162G23B242;x
24874;63;159;78;R32G152B255;x
24875;184;152;105;R160G151B70;x
24876;187;177;142;R163G27B131;x
24877;182;183;80;R105G60B236;x
24878;240;185;131;R89G221B62;x
24879;198;138;62;R61G200B81;x
24880;238;144;66;R126G150B36;x
24881;176;150;166;R184G79B85;x
24882;211;180;63;R237G170B83;x
24883;209;192;82;R134G50B211;x
24884;147;163;171;R86G142B58;x
24885;142;183;127;R217G6B166;x
24886;173;174;87;R141G194B110;x
24887;168;103;123;R0G104B80;x
24888;197;186;109;R130G184B61;x
24889;176;110;133;R131G32B35;x
24890;173;139;154;R80G255B108;x
24891;216;193;93;R115G126B11;x
24892;206;147;88;R46G119B71;x
24893;195;185;131;R86G88B250;x
24894;169;181;78;R40G83B213;x
24895;150;152;85;R37G167B191;x
24896;151;168;156;R60G137B105;x
24897;185;163;119;R68G197B40;x
24898;175;172;102;R165G172B148;x
24899;166;125;156;R12G54B11;x
24900;174;143;146;R127G107B5;x
24901;221;206;96;R67G16B163;x
24902;204;144;115;R115G3B237;x
24903;196;151;69;R30G237B184;x
24904;85;166;51;R56G158B16;x
24905;223;221;148;R216G62B60;x
24906;206;203;97;R168G198B174;x
24907;174;124;174;R167G116B102;x
24908;168;210;108;R41G243B180;x
24909;117;130;156;R148G61B165;x
24910;152;161;167;R143G230B89;x
24911;150;177;72;R37G169B179;x
24912;192;130;130;R199G28B144;x
24913;135;142;148;R202G190B62;x
24914;226;214;104;R172G149B211;x
24915;108;143;75;R177G11B45;x
24916;195;143;68;R116G92B43;x
24917;97;104;52;R154G92B200;x
24918;81;93;112;R236G168B87;x
24919;111;123;73;R225G195B112;x
24920;200;123;157;R114G145B84;x
24921;171;178;88;R55G212B123;x
24922;193;159;96;R166G8B71;x
24923;201;201;78;R95G215B150;x
24924;198;166;58;R225G14B88;x
24925;151;180;90;R56G159B142;x
24926;183;185;109;R176G6B92;x
24927;116;88;79;R205G148B222;x
24928;219;172;81;R175G244B79;x
24929;126;156;102;R9G192B25;x
24930;174;146;140;R131G107B14;x
24931;224;168;71;R167G24B176;x
24932;214;154;138;R28G94B4;x
24933;193;150;81;R100G25B14;x
24934;214;121;93;R124G41B146;x
24935;210;181;65;R58G13B47;x
24936;166;148;123;R63G225B167;x
24937;202;182;92;R72G118B240;x
24938;160;186;139;R79G144B255;x
24939;108;126;67;R35G168B16;x
24940;172;147;80;R195G21B161;x
24941;219;169;66;R66G74B23;x
24942;240;226;104;R246G56B27;x
24943;171;142;154;R42G59B11;x
24944;108;113;88;R216G229B177;x
24945;150;159;140;R215G239B219;x
24946;161;211;112;R81G128B200;x
24947;239;177;121;R151G107B4;x
24948;171;187;83;R254G160B214;x
24949;232;193;74;R62G34B210;x
24950;240;183;54;R218G74B160;x
24951;210;222;80;R154G200B213;x
24952;191;155;116;R171G188B138;x
24953;77;157;120;R43G62B209;x
24954;206;209;105;R156G148B122;x
24955;189;150;113;R252G98B69;x
24956;192;201;92;R233G177B141;x
24957;217;112;75;R12G33B80;x
24958;202;172;72;R243G84B145;x
24959;231;183;127;R22G147B235;x
24960;229;187;105;R243G16B185;x
24961;78;131;110;R221G99B29;x
24962;216;160;124;R6G225B152;x
24963;168;151;138;R246G24B216;x
24964;188;177;101;R84G192B8;x
24965;153;192;159;R239G97B167;x
24966;240;193;53;R93G89B93;x
24967;148;160;130;R164G104B147;x
24968;198;196;68;R57G32B102;x
24969;194;112;120;R187G147B182;x
24970;178;169;178;R160G70B242;x
24971;186;128;69;R107G7B51;x
24972;198;152;84;R76G178B59;x
24973;144;163;86;R24G29B122;x
24974;176;203;82;R0G233B15;x
24975;195;191;101;R184G98B58;x
24976;169;137;104;R234G41B4;x
24977;173;205;102;R231G233B187;x
24978;156;184;131;R232G112B62;x
24979;144;176;137;R51G229B47;x
24980;240;172;70;R133G49B12;x
24981;156;196;84;R76G118B122;x
24982;36;150;82;R219G104B216;x
24983;209;174;84;R195G194B247;x
24984;134;178;109;R113G252B221;x
24985;202;133;92;R201G154B79;x
24986;219;163;89;R151G142B115;x
24987;57;151;118;R121G216B157;x
24988;129;177;194;R88G146B63;x
24989;75;148;95;R216G74B155;x
24990;86;131;106;R215G116B97;x
24991;175;182;98;R38G83B245;x
24992;165;163;157;R210G35B192;x
24993;160;171;114;R17G68B237;x
24994;183;196;111;R210G64B224;x
24995;196;208;97;R176G82B11;x
24996;101;114;187;R77G205B99;x
24997;150;124;148;R63G151B208;x
24998;193;154;151;R41G113B73;x
24999;224;171;61;R10G158B181;x
25000;76;109;59;R149G138B182;x
25001;175;159;131;R117G109B236;x
25002;107;160;100;R103G31B14;x
25003;129;167;146;R166G207B64;x
25004;170;152;69;R76G169B222;x
25005;184;162;163;R68G234B112;x
25006;132;115;165;R33G167B198;x
25007;77;149;132;R153G129B67;x
25008;176;189;142;R193G178B140;x
25009;199;164;60;R150G135B153;x
25010;225;168;107;R137G15B227;x
25011;185;216;77;R171G255B69;x
25012;182;189;110;R147G220B89;x
25013;52;169;101;R236G153B48;x
25014;117;155;148;R186G246B88;x
25015;193;171;149;R47G95B25;x
25016;60;151;68;R100G111B173;x
25017;204;156;130;R125G221B202;x
25018;178;129;79;R13G0B1;x
25019;162;182;109;R69G96B229;x
25020;98;172;158;R148G216B192;x
25021;100;119;134;R171G124B52;x
25022;169;153;163;R48G1B132;x
25023;128;167;77;R3G103B127;x
25024;169;164;112;R190G250B86;x
25025;185;164;94;R50G12B64;x
25026;177;113;156;R254G100B121;x
25027;177;189;92;R157G125B234;x
25028;50;141;94;R110G8B237;x
25029;144;186;119;R191G103B24;x
25030;240;163;83;R219G194B241;x
25031;112;132;206;R204G236B14;x
25032;156;165;173;R230G235B95;x
25033;183;142;136;R132G113B111;x
25034;115;103;71;R25G8B191;x
25035;196;145;164;R157G33B44;x
25036;114;162;142;R99G130B196;x
25037;163;177;145;R219G76B191;x
25038;203;172;126;R222G82B73;x
25039;170;120;74;R124G41B114;x
25040;217;161;113;R122G13B34;x
25041;120;107;154;R73G97B235;x
25042;179;170;109;R93G13B57;x
25043;203;154;104;R215G7B76;x
25044;221;217;103;R69G138B34;x
25045;146;145;164;R113G205B33;x
25046;183;167;93;R61G159B148;x
25047;205;209;104;R137G176B223;x
25048;161;143;183;R186G100B241;x
25049;150;185;109;R32G117B111;x
25050;240;151;68;R205G120B77;x
25051;80;150;90;R79G242B70;x
25052;182;167;72;R80G51B97;x
25053;173;192;65;R48G12B17;x
25054;216;193;109;R226G184B188;x
25055;161;145;94;R38G96B225;x
25056;159;220;125;R26G194B112;x
25057;149;137;70;R200G138B40;x
25058;214;132;74;R158G231B229;x
25059;199;180;151;R41G231B123;x
25060;226;171;97;R214G161B218;x
25061;194;165;164;R252G155B119;x
25062;218;182;181;R49G137B41;x
25063;229;135;92;R50G175B96;x
25064;182;139;111;R176G198B47;x
25065;208;207;95;R213G164B77;x
25066;168;150;131;R172G19B124;x
25067;204;151;132;R216G191B47;x
25068;176;152;94;R227G49B219;x
25069;188;169;123;R242G186B135;x
25070;194;150;100;R243G132B24;x
25071;199;138;100;R194G252B120;x
25072;99;122;62;R62G16B151;x
25073;156;115;157;R150G217B23;x
25074;160;155;144;R182G53B190;x
25075;150;157;124;R58G239B143;x
25076;166;206;96;R133G198B221;x
25077;206;158;107;R220G58B66;x
25078;129;159;157;R16G51B98;x
25079;231;163;68;R234G140B233;x
25080;209;226;100;R50G119B144;x
25081;178;158;150;R228G96B222;x
25082;170;151;126;R184G246B41;x
25083;106;133;58;R203G51B95;x
25084;182;142;98;R161G110B208;x
25085;240;187;50;R30G215B247;x
25086;117;129;187;R185G176B189;x
25087;61;119;87;R169G4B244;x
25088;170;173;133;R148G67B74;x
25089;203;137;105;R13G24B52;x
25090;137;127;113;R83G122B0;x
25091;209;146;158;R114G53B189;x
25092;105;170;103;R121G119B15;x
25093;185;168;159;R138G250B18;x
25094;175;140;139;R255G164B181;x
25095;151;193;140;R121G143B197;x
25096;212;168;94;R85G44B101;x
25097;201;167;104;R109G217B44;x
25098;110;175;153;R255G123B234;x
25099;134;205;99;R240G63B2;x
25100;143;116;136;R238G206B67;x
25101;162;170;104;R118G169B141;x
25102;97;124;119;R86G126B62;x
25103;167;162;85;R112G189B171;x
25104;190;152;125;R20G145B107;x
25105;120;193;112;R161G240B5;x
25106;164;123;82;R73G196B120;x
25107;216;196;123;R236G19B122;x
25108;160;194;134;R216G63B13;x
25109;75;157;90;R70G254B47;x
25110;240;185;101;R62G90B232;x
25111;207;190;72;R60G116B189;x
25112;171;118;123;R120G157B95;x
25113;66;140;83;R225G166B250;x
25114;160;171;172;R255G189B138;x
25115;125;134;170;R246G199B99;x
25116;192;205;79;R28G172B116;x
25117;114;165;123;R209G200B188;x
25118;187;173;99;R81G14B106;x
25119;189;139;110;R57G127B148;x
25120;208;187;93;R158G243B187;x
25121;196;155;88;R177G11B231;x
25122;191;176;142;R104G92B89;x
25123;197;135;89;R127G244B246;x
25124;187;155;131;R74G32B87;x
25125;216;189;120;R168G189B196;x
25126;132;164;161;R46G65B143;x
25127;213;178;50;R249G83B49;x
25128;169;131;130;R22G85B139;x
25129;120;106;185;R82G180B239;x
25130;149;163;133;R118G185B168;x
25131;158;189;139;R139G122B71;x
25132;185;190;89;R113G69B213;x
25133;205;179;138;R25G37B173;x
25134;114;120;139;R26G154B66;x
25135;87;101;89;R209G204B16;x
25136;189;112;150;R34G89B177;x
25137;80;135;113;R215G218B26;x
25138;154;170;79;R193G53B190;x
25139;215;182;77;R90G217B66;x
25140;196;148;99;R24G173B254;x
25141;78;94;151;R153G213B10;x
25142;202;153;98;R113G161B173;x
25143;210;180;149;R101G77B189;x
25144;170;149;105;R13G132B194;x
25145;173;153;119;R7G136B160;x
25146;230;150;89;R86G82B178;x
25147;173;180;94;R179G25B150;x
25148;158;146;164;R19G127B35;x
25149;228;168;113;R212G63B212;x
25150;173;185;133;R221G54B66;x
25151;102;137;73;R169G249B124;x
25152;144;163;139;R185G216B83;x
25153;209;166;55;R80G18B214;x
25154;190;152;109;R143G157B125;x
25155;75;141;109;R38G236B44;x
25156;174;166;86;R119G71B5;x
25157;97;142;131;R30G157B127;x
25158;139;142;147;R25G154B184;x
25159;141;153;137;R133G46B155;x
25160;189;218;83;R155G108B112;x
25161;195;146;110;R102G26B215;x
25162;206;161;128;R145G87B78;x
25163;179;200;93;R39G69B252;x
25164;196;143;161;R211G209B210;x
25165;149;180;99;R189G82B248;x
25166;173;170;125;R243G199B114;x
25167;220;185;73;R120G146B11;x
25168;186;196;111;R3G10B254;x
25169;177;191;88;R82G102B210;x
25170;204;178;88;R224G32B199;x
25171;113;104;66;R34G49B65;x
25172;214;169;117;R82G124B176;x
25173;211;156;117;R60G51B36;x
25174;181;124;67;R240G228B117;x
25175;159;189;106;R19G246B83;x
25176;220;164;71;R228G221B57;x
25177;62;153;82;R164G62B247;x
25178;188;211;120;R78G174B172;x
25179;180;195;108;R97G81B23;x
25180;72;126;58;R60G201B91;x
25181;224;105;85;R102G213B99;x
25182;138;209;79;R157G215B140;x
25183;229;133;65;R221G250B250;x
25184;145;183;104;R146G110B74;x
25185;158;226;79;R159G57B104;x
25186;187;210;99;R86G207B232;x
25187;179;212;148;R103G201B170;x
25188;206;154;124;R167G235B106;x
25189;185;227;87;R78G3B211;x
25190;121;170;135;R130G23B189;x
25191;129;176;93;R173G88B224;x
25192;174;153;94;R110G173B233;x
25193;230;139;136;R111G1B52;x
25194;187;136;145;R215G209B250;x
25195;240;181;74;R48G154B219;x
25196;197;147;85;R179G128B204;x
25197;107;98;160;R78G151B112;x
25198;140;169;151;R41G3B146;x
25199;203;172;121;R215G113B234;x
25200;131;153;104;R121G226B22;x
25201;178;187;52;R205G152B36;x
25202;91;135;91;R251G125B46;x
25203;122;168;147;R45G172B238;x
25204;184;162;87;R181G166B242;x
25205;120;140;145;R156G21B132;x
25206;204;198;116;R92G184B178;x
25207;144;121;116;R213G148B108;x
25208;191;177;93;R71G132B130;x
25209;96;149;178;R206G36B11;x
25210;78;110;130;R125G74B240;x
25211;213;157;122;R15G138B240;x
25212;143;141;158;R238G129B97;x
25213;209;152;131;R203G128B149;x
25214;201;183;141;R67G7B224;x
25215;155;200;134;R72G2B76;x
25216;164;169;140;R48G1B11;x
25217;177;176;159;R165G103B116;x
25218;92;159;97;R16G182B238;x
25219;79;95;33;R93G112B40;x
25220;231;180;71;R233G239B141;x
25221;124;136;133;R145G68B80;x
25222;200;190;91;R109G64B156;x
25223;212;115;136;R31G48B224;x
25224;202;177;96;R82G147B198;x
25225;112;146;210;R225G88B74;x
25226;117;148;152;R4G149B37;x
25227;194;207;118;R204G219B7;x
25228;198;166;143;R216G89B243;x
25229;177;170;120;R213G254B121;x
25230;39;115;122;R186G208B200;x
25231;173;187;120;R95G97B135;x
25232;145;135;147;R42G249B57;x
25233;185;121;91;R33G34B143;x
25234;156;138;148;R86G216B195;x
25235;124;195;126;R227G16B160;x
25236;187;119;156;R247G67B66;x
25237;197;152;111;R38G242B249;x
25238;137;178;149;R202G113B116;x
25239;173;145;98;R169G188B0;x
25240;166;138;159;R185G26B36;x
25241;172;162;88;R110G97B10;x
25242;172;197;175;R184G123B59;x
25243;100;169;141;R67G169B186;x
25244;213;154;114;R241G248B253;x
25245;192;182;127;R240G61B17;x
25246;219;180;97;R156G158B170;x
25247;180;190;149;R250G38B91;x
25248;142;192;137;R51G96B167;x
25249;70;123;112;R125G156B156;x
25250;165;125;104;R42G61B127;x
25251;228;157;71;R129G250B100;x
25252;188;150;64;R255G86B128;x
25253;144;177;69;R25G61B32;x
25254;222;158;85;R218G144B92;x
25255;211;158;134;R15G30B77;x
25256;96;112;117;R116G55B162;x
25257;56;120;93;R60G87B46;x
25258;177;153;121;R151G111B121;x
25259;221;177;41;R216G67B179;x
25260;201;174;73;R138G80B34;x
25261;216;185;145;R139G206B68;x
25262;178;160;87;R225G99B22;x
25263;199;188;137;R207G153B240;x
25264;202;184;80;R113G68B163;x
25265;188;152;138;R145G128B22;x
25266;236;141;76;R210G235B93;x
25267;200;169;68;R22G25B76;x
25268;180;159;107;R195G37B86;x
25269;57;164;84;R83G238B151;x
25270;230;164;126;R138G88B40;x
25271;90;148;93;R186G155B235;x
25272;116;175;85;R98G141B11;x
25273;212;150;77;R253G254B110;x
25274;201;134;92;R241G32B152;x
25275;211;173;103;R238G163B145;x
25276;219;162;74;R113G143B11;x
25277;197;174;163;R92G60B173;x
25278;222;149;145;R95G183B168;x
25279;137;154;144;R18G182B110;x
25280;235;191;77;R86G108B62;x
25281;129;178;102;R172G36B171;x
25282;216;193;100;R60G78B61;x
25283;196;170;79;R73G18B28;x
25284;204;189;94;R73G207B126;x
25285;210;127;93;R67G239B194;x
25286;202;180;116;R30G248B240;x
25287;96;148;102;R72G251B175;x
25288;90;109;59;R109G6B96;x
25289;202;156;119;R87G26B104;x
25290;175;166;127;R182G37B100;x
25291;176;136;133;R119G8B139;x
25292;166;165;134;R60G101B68;x
25293;144;129;164;R159G228B252;x
25294;205;179;80;R50G44B240;x
25295;159;139;174;R192G79B168;x
25296;108;159;90;R124G154B103;x
25297;175;152;144;R139G104B95;x
25298;207;152;48;R233G34B62;x
25299;163;218;112;R238G168B204;x
25300;198;192;74;R241G159B5;x
25301;191;173;92;R245G200B110;x
25302;139;152;111;R31G6B132;x
25303;212;173;120;R242G14B71;x
25304;188;172;80;R60G193B132;x
25305;177;176;109;R237G124B211;x
25306;122;110;106;R149G5B144;x
25307;182;129;99;R34G122B164;x
25308;166;171;118;R201G23B154;x
25309;129;173;92;R237G18B54;x
25310;192;213;138;R22G87B233;x
25311;145;201;63;R237G35B143;x
25312;223;146;67;R253G62B26;x
25313;157;186;163;R247G176B55;x
25314;174;176;149;R251G96B156;x
25315;194;169;141;R138G44B90;x
25316;155;188;102;R245G191B185;x
25317;226;206;98;R58G11B4;x
25318;196;177;137;R95G238B113;x
25319;232;159;70;R103G112B188;x
25320;155;168;86;R220G147B172;x
25321;214;145;94;R151G108B31;x
25322;169;146;110;R172G226B254;x
25323;192;173;78;R98G30B202;x
25324;186;149;115;R240G29B129;x
25325;186;152;142;R204G153B150;x
25326;82;141;64;R65G182B209;x
25327;210;204;93;R166G14B176;x
25328;99;128;145;R31G41B47;x
25329;171;162;113;R66G243B62;x
25330;208;193;95;R121G163B135;x
25331;68;148;103;R224G89B130;x
25332;107;89;89;R233G238B47;x
25333;172;169;65;R14G196B247;x
25334;240;133;70;R186G85B5;x
25335;135;173;144;R77G12B82;x
25336;96;165;121;R49G222B114;x
25337;194;164;105;R16G0B196;x
25338;89;162;81;R137G102B225;x
25339;188;130;82;R126G90B40;x
25340;170;193;69;R165G244B151;x
25341;70;117;69;R191G172B106;x
25342;183;182;78;R99G66B16;x
25343;185;169;137;R4G47B99;x
25344;187;169;96;R65G13B129;x
25345;207;147;46;R234G111B75;x
25346;119;134;135;R22G233B156;x
25347;180;127;123;R44G78B145;x
25348;95;145;79;R20G50B107;x
25349;166;153;159;R220G74B5;x
25350;166;167;103;R94G236B215;x
25351;170;130;160;R187G215B58;x
25352;183;158;68;R27G214B254;x
25353;203;175;119;R255G210B184;x
25354;210;158;109;R70G216B65;x
25355;216;108;137;R2G240B226;x
25356;178;185;104;R188G134B12;x
25357;167;123;166;R229G239B37;x
25358;75;126;118;R37G156B184;x
25359;185;173;98;R40G237B186;x
25360;192;205;104;R128G242B152;x
25361;162;193;70;R133G165B149;x
25362;156;229;102;R35G133B120;x
25363;198;124;145;R127G25B104;x
25364;176;209;93;R42G103B120;x
25365;132;162;164;R46G140B19;x
25366;93;117;114;R53G175B224;x
25367;168;201;124;R173G76B157;x
25368;214;129;86;R103G174B81;x
25369;180;165;116;R140G115B188;x
25370;107;140;194;R164G116B162;x
25371;187;180;162;R53G205B31;x
25372;223;169;107;R137G103B139;x
25373;188;119;82;R112G238B45;x
25374;170;149;63;R208G50B158;x
25375;182;176;139;R26G34B28;x
25376;176;116;119;R201G82B199;x
25377;199;132;154;R252G223B99;x
25378;239;136;86;R20G110B158;x
25379;167;171;141;R140G253B44;x
25380;116;158;138;R190G233B241;x
25381;68;138;89;R97G254B251;x
25382;201;145;125;R74G56B195;x
25383;177;192;114;R90G179B15;x
25384;189;155;92;R250G195B172;x
25385;201;138;104;R13G127B12;x
25386;221;195;76;R240G75B144;x
25387;188;199;78;R118G154B58;x
25388;207;147;103;R98G244B223;x
25389;107;159;112;R212G102B29;x
25390;118;174;91;R0G100B123;x
25391;197;158;133;R109G153B219;x
25392;195;170;152;R22G216B37;x
25393;76;152;79;R251G144B30;x
25394;170;191;120;R7G240B31;x
25395;153;132;124;R5G144B79;x
25396;162;139;124;R157G68B187;x
25397;214;183;86;R28G248B102;x
25398;215;152;116;R222G103B196;x
25399;183;208;60;R27G36B104;x
25400;89;135;79;R161G68B222;x
25401;185;184;103;R44G32B80;x
25402;183;142;114;R132G25B244;x
25403;201;191;160;R91G105B43;x
25404;176;182;116;R149G139B61;x
25405;181;184;108;R194G151B200;x
25406;86;152;127;R74G11B252;x
25407;150;132;139;R82G206B134;x
25408;177;176;141;R234G113B94;x
25409;171;153;143;R63G124B16;x
25410;162;165;166;R28G57B53;x
25411;182;141;116;R77G161B96;x
25412;131;98;130;R185G213B29;x
25413;171;155;80;R248G225B106;x
25414;174;201;110;R222G92B12;x
25415;173;130;160;R145G32B53;x
25416;154;190;74;R195G227B174;x
25417;150;172;102;R36G162B47;x
25418;150;150;147;R201G113B117;x
25419;230;156;79;R100G222B74;x
25420;135;140;70;R65G38B186;x
25421;139;165;129;R249G250B128;x
25422;119;184;185;R7G102B246;x
25423;206;213;128;R169G118B99;x
25424;72;122;79;R81G46B227;x
25425;193;191;175;R123G4B178;x
25426;82;118;123;R247G127B128;x
25427;215;184;47;R77G119B124;x
25428;185;144;141;R151G162B96;x
25429;240;170;93;R211G31B215;x
25430;187;137;148;R148G71B3;x
25431;183;186;93;R164G99B18;x
25432;180;179;164;R144G179B237;x
25433;197;169;104;R144G127B218;x
25434;164;141;138;R215G49B15;x
25435;195;186;53;R69G82B23;x
25436;200;160;80;R1G183B136;x
25437;193;185;174;R74G250B224;x
25438;218;158;87;R146G36B247;x
25439;89;163;174;R156G66B8;x
25440;208;124;130;R106G73B203;x
25441;185;156;159;R50G94B248;x
25442;200;205;101;R156G109B43;x
25443;206;148;73;R208G61B180;x
25444;179;134;66;R140G94B150;x
25445;142;182;168;R157G249B132;x
25446;221;183;72;R72G240B44;x
25447;141;196;134;R80G178B90;x
25448;177;130;96;R94G85B73;x
25449;137;182;117;R38G68B97;x
25450;108;130;173;R17G82B179;x
25451;196;168;54;R196G207B204;x
25452;62;115;94;R183G197B169;x
25453;154;211;101;R99G126B138;x
25454;219;183;98;R116G87B199;x
25455;148;156;147;R113G159B249;x
25456;168;142;166;R216G200B63;x
25457;184;158;113;R232G64B12;x
25458;165;211;65;R241G70B0;x
25459;167;177;97;R169G21B149;x
25460;153;123;168;R194G62B55;x
25461;107;135;86;R242G210B217;x
25462;200;129;106;R170G94B171;x
25463;139;170;113;R204G29B236;x
25464;100;141;32;R104G209B203;x
25465;217;173;96;R241G136B145;x
25466;162;181;73;R190G62B177;x
25467;182;187;149;R138G122B212;x
25468;209;160;91;R34G231B100;x
25469;171;139;104;R254G111B174;x
25470;151;143;152;R62G193B253;x
25471;189;104;110;R25G240B2;x
25472;229;192;118;R35G180B163;x
25473;191;190;119;R226G171B29;x
25474;204;199;163;R148G70B72;x
25475;140;181;66;R128G207B154;x
25476;188;146;175;R144G93B15;x
25477;177;196;124;R120G105B114;x
25478;103;105;91;R112G165B169;x
25479;76;107;100;R210G175B237;x
25480;121;189;162;R108G6B126;x
25481;209;134;70;R196G92B184;x
25482;102;134;167;R112G252B177;x
25483;127;156;153;R243G108B15;x
25484;209;83;69;R87G202B215;x
25485;186;174;91;R238G129B49;x
25486;196;170;122;R107G128B237;x
25487;185;136;67;R181G199B148;x
25488;197;147;87;R74G46B115;x
25489;188;167;111;R117G150B234;x
25490;214;170;68;R232G33B228;x
25491;117;154;121;R164G12B43;x
25492;218;143;103;R180G128B5;x
25493;75;124;180;R241G17B124;x
25494;186;129;124;R218G25B14;x
25495;169;174;99;R195G61B132;x
25496;175;193;85;R13G12B50;x
25497;226;177;121;R117G94B189;x
25498;183;189;154;R50G251B25;x
25499;207;130;108;R8G146B209;x
25500;203;138;96;R56G170B152;x
25501;205;164;132;R167G188B172;x
25502;196;155;137;R208G54B38;x
25503;160;160;66;R85G115B209;x
25504;207;175;140;R228G242B41;x
25505;179;183;94;R142G189B210;x
25506;171;157;180;R171G245B191;x
25507;133;169;166;R64G149B4;x
25508;222;148;104;R176G51B52;x
25509;177;175;97;R28G76B9;x
25510;159;131;165;R194G0B172;x
25511;175;135;82;R144G66B197;x
25512;148;169;157;R241G225B5;x
25513;240;203;69;R23G26B110;x
25514;209;143;167;R166G165B184;x
25515;174;138;67;R51G27B252;x
25516;188;149;131;R79G28B233;x
25517;157;214;142;R14G174B229;x
25518;216;199;80;R119G209B84;x
25519;155;194;146;R202G90B116;x
25520;110;162;100;R24G220B0;x
25521;202;202;81;R246G23B136;x
25522;192;142;168;R251G112B25;x
25523;72;122;97;R1G107B248;x
25524;167;195;146;R123G244B116;x
25525;97;131;70;R130G24B62;x
25526;161;150;128;R84G168B142;x
25527;219;149;159;R160G147B166;x
25528;159;133;55;R212G100B134;x
25529;184;156;87;R115G65B234;x
25530;69;110;52;R44G233B61;x
25531;215;172;87;R135G186B228;x
25532;198;190;92;R11G154B153;x
25533;178;149;166;R232G202B129;x
25534;169;188;100;R249G23B178;x
25535;182;165;151;R138G242B14;x
25536;95;107;62;R44G201B76;x
25537;165;125;136;R85G181B226;x
25538;88;116;66;R149G254B142;x
25539;126;170;152;R157G80B151;x
25540;179;163;156;R232G132B13;x
25541;190;210;86;R1G222B48;x
25542;204;164;91;R101G96B120;x
25543;191;146;124;R205G24B35;x
25544;207;148;92;R156G250B171;x
25545;169;131;79;R169G160B71;x
25546;212;157;138;R152G48B144;x
25547;117;155;141;R27G85B200;x
25548;203;165;59;R11G42B168;x
25549;169;131;112;R228G97B37;x
25550;182;148;91;R179G183B215;x
25551;240;188;84;R11G222B51;x
25552;146;173;102;R82G28B57;x
25553;83;116;191;R232G168B4;x
25554;172;156;65;R235G107B206;x
25555;214;169;76;R180G72B11;x
25556;212;156;141;R159G251B132;x
25557;182;139;96;R235G12B96;x
25558;144;191;115;R141G66B73;x
25559;216;140;100;R239G91B196;x
25560;166;163;177;R116G100B132;x
25561;143;173;132;R137G1B198;x
25562;152;172;125;R210G197B54;x
25563;198;184;97;R245G200B10;x
25564;176;153;104;R231G6B213;x
25565;208;151;57;R133G254B207;x
25566;192;192;107;R170G48B111;x
25567;183;154;101;R14G9B55;x
25568;94;141;65;R25G102B25;x
25569;208;174;93;R139G58B141;x
25570;190;108;79;R67G85B167;x
25571;182;155;145;R117G218B212;x
25572;203;185;188;R64G73B10;x
25573;172;162;94;R226G154B16;x
25574;229;202;70;R176G156B154;x
25575;142;179;151;R191G215B190;x
25576;161;195;124;R239G206B95;x
25577;185;157;151;R148G203B63;x
25578;181;129;83;R146G69B205;x
25579;183;166;91;R75G123B122;x
25580;184;204;123;R146G119B227;x
25581;182;156;66;R165G32B147;x
25582;162;122;127;R253G187B142;x
25583;189;154;109;R255G0B58;x
25584;162;179;101;R123G188B200;x
25585;215;151;104;R86G222B221;x
25586;179;193;89;R64G50B12;x
25587;200;178;95;R222G66B146;x
25588;117;167;111;R229G133B125;x
25589;118;159;162;R235G29B42;x
25590;208;147;89;R11G183B73;x
25591;100;159;127;R41G142B112;x
25592;80;158;169;R86G60B237;x
25593;125;142;112;R20G27B81;x
25594;195;171;74;R155G214B215;x
25595;188;141;160;R16G210B112;x
25596;124;128;98;R168G74B199;x
25597;207;132;82;R152G84B112;x
25598;198;174;77;R95G125B209;x
25599;194;145;65;R112G244B73;x
25600;121;135;174;R9G66B120;x
25601;215;159;166;R33G99B155;x
25602;190;190;100;R137G25B115;x
25603;195;145;161;R237G19B209;x
25604;206;120;104;R121G173B173;x
25605;176;189;136;R255G135B97;x
25606;210;196;92;R208G189B9;x
25607;162;153;102;R215G81B85;x
25608;207;183;120;R223G221B99;x
25609;168;132;151;R72G252B65;x
25610;231;168;78;R253G188B253;x
25611;189;222;121;R205G194B170;x
25612;110;159;118;R36G232B121;x
25613;184;194;173;R49G163B54;x
25614;105;112;138;R155G201B220;x
25615;203;159;134;R54G211B100;x
25616;189;177;150;R44G192B156;x
25617;186;142;75;R237G17B29;x
25618;185;177;102;R172G161B151;x
25619;215;213;97;R43G215B221;x
25620;184;176;142;R77G246B139;x
25621;154;138;111;R250G105B251;x
25622;165;196;82;R92G249B221;x
25623;64;166;64;R110G30B54;x
25624;137;190;99;R174G5B164;x
25625;122;131;110;R184G160B236;x
25626;184;195;102;R129G174B156;x
25627;235;175;73;R23G39B191;x
25628;197;152;138;R181G98B207;x
25629;219;146;116;R238G163B55;x
25630;155;168;51;R125G143B204;x
25631;230;160;84;R85G36B215;x
25632;227;162;98;R164G208B136;x
25633;132;171;110;R163G181B41;x
25634;196;169;102;R142G98B46;x
25635;201;177;88;R134G125B99;x
25636;212;198;71;R42G130B252;x
25637;151;187;118;R107G122B86;x
25638;124;146;137;R145G5B209;x
25639;194;143;96;R148G130B175;x
25640;146;137;139;R255G102B9;x
25641;192;163;109;R202G134B54;x
25642;199;166;58;R206G139B101;x
25643;224;178;107;R111G137B110;x
25644;198;178;57;R119G75B57;x
25645;175;148;99;R121G120B169;x
25646;193;134;119;R201G74B189;x
25647;177;195;76;R197G114B124;x
25648;189;165;81;R66G188B42;x
25649;188;128;152;R121G0B231;x
25650;187;166;103;R102G136B160;x
25651;162;173;171;R73G20B173;x
25652;86;146;62;R225G111B188;x
25653;211;159;147;R100G215B17;x
25654;187;185;78;R167G204B130;x
25655;185;150;119;R85G237B236;x
25656;191;183;113;R197G44B126;x
25657;160;176;105;R142G185B12;x
25658;188;147;98;R36G74B200;x
25659;211;185;105;R220G92B174;x
25660;82;115;96;R186G204B237;x
25661;218;156;39;R107G167B145;x
25662;185;216;119;R46G61B160;x
25663;231;201;89;R24G66B92;x
25664;106;165;190;R151G209B98;x
25665;218;157;89;R124G26B29;x
25666;182;171;100;R190G91B128;x
25667;205;157;103;R159G34B210;x
25668;234;186;74;R242G252B226;x
25669;178;194;43;R147G112B227;x
25670;201;118;145;R46G155B108;x
25671;177;198;77;R232G37B134;x
25672;213;170;79;R197G172B206;x
25673;176;138;143;R199G118B81;x
25674;158;195;99;R31G50B58;x
25675;114;142;176;R134G192B152;x
25676;186;208;84;R105G237B191;x
25677;192;208;90;R252G20B164;x
25678;197;168;153;R215G213B244;x
25679;182;179;88;R15G165B117;x
25680;84;149;74;R89G201B178;x
25681;119;124;125;R1G15B144;x
25682;87;123;73;R150G79B237;x
25683;183;192;105;R53G6B4;x
25684;182;188;174;R147G138B179;x
25685;170;161;143;R12G201B20;x
25686;101;125;99;R191G245B73;x
25687;188;176;62;R149G205B176;x
25688;103;155;94;R41G39B46;x
25689;203;188;121;R107G158B141;x
25690;210;154;131;R207G108B222;x
25691;209;148;100;R195G82B177;x
25692;200;179;98;R35G147B83;x
25693;89;157;192;R191G150B131;x
25694;179;119;64;R96G45B168;x
25695;175;146;163;R107G114B30;x
25696;211;191;107;R194G200B183;x
25697;166;175;165;R236G108B150;x
25698;126;142;206;R240G184B163;x
25699;240;154;113;R49G60B241;x
25700;210;163;94;R18G77B218;x
25701;168;191;137;R149G174B241;x
25702;167;143;101;R139G127B221;x
25703;137;176;160;R249G207B108;x
25704;187;131;117;R5G79B153;x
25705;183;148;91;R80G164B171;x
25706;179;218;86;R143G137B122;x
25707;189;145;59;R76G11B60;x
25708;198;152;71;R203G18B119;x
25709;172;149;103;R200G19B111;x
25710;160;155;160;R21G87B219;x
25711;183;197;124;R68G141B179;x
25712;178;117;175;R161G2B40;x
25713;206;186;129;R155G195B143;x
25714;204;190;108;R238G173B254;x
25715;175;201;99;R132G1B25;x
25716;201;151;74;R252G239B229;x
25717;64;121;92;R63G202B107;x
25718;174;179;82;R209G17B88;x
25719;188;131;151;R217G217B13;x
25720;186;210;125;R91G35B73;x
25721;201;170;96;R8G66B221;x
25722;133;194;66;R216G241B173;x
25723;196;150;135;R51G99B101;x
25724;115;160;109;R216G117B144;x
25725;170;180;155;R156G8B77;x
25726;168;185;112;R202G27B184;x
25727;198;172;103;R160G42B219;x
25728;202;154;89;R245G223B35;x
25729;220;164;131;R126G144B189;x
25730;198;168;99;R42G214B191;x
25731;221;169;92;R50G132B139;x
25732;233;142;97;R218G250B249;x
25733;205;162;172;R167G68B58;x
25734;151;186;43;R126G84B58;x
25735;149;179;80;R110G137B236;x
25736;187;98;91;R201G41B219;x
25737;149;198;47;R76G135B195;x
25738;147;183;64;R210G99B138;x
25739;200;182;97;R218G55B238;x
25740;54;106;75;R80G163B78;x
25741;168;199;106;R167G203B112;x
25742;196;166;89;R85G75B43;x
25743;196;174;110;R237G100B103;x
25744;104;134;89;R48G83B72;x
25745;190;175;167;R55G55B218;x
25746;197;167;171;R44G233B91;x
25747;149;125;127;R243G186B27;x
25748;186;125;179;R4G242B135;x
25749;178;134;57;R89G253B10;x
25750;180;204;71;R85G67B168;x
25751;200;171;107;R47G182B142;x
25752;157;175;114;R26G18B45;x
25753;151;133;100;R74G145B198;x
25754;178;185;94;R135G196B37;x
25755;153;152;126;R110G215B114;x
25756;240;208;108;R89G144B252;x
25757;195;151;118;R98G188B79;x
25758;220;173;41;R96G64B118;x
25759;190;183;129;R141G182B17;x
25760;181;144;185;R136G86B165;x
25761;178;198;115;R12G139B5;x
25762;206;199;109;R9G197B253;x
25763;238;156;91;R99G2B254;x
25764;180;188;132;R102G63B241;x
25765;131;154;187;R79G226B229;x
25766;172;215;75;R22G236B199;x
25767;90;124;72;R43G231B244;x
25768;86;138;56;R158G45B188;x
25769;119;164;138;R67G174B234;x
25770;108;155;119;R114G219B96;x
25771;146;116;190;R78G13B109;x
25772;237;147;82;R21G137B219;x
25773;192;178;106;R65G247B179;x
25774;128;152;144;R79G237B4;x
25775;102;209;139;R79G160B58;x
25776;146;154;129;R70G164B190;x
25777;178;173;96;R2G157B208;x
25778;227;158;81;R228G50B55;x
25779;148;160;164;R197G170B21;x
25780;211;169;88;R228G226B249;x
25781;195;121;121;R166G78B139;x
25782;193;133;96;R222G22B94;x
25783;239;162;132;R75G92B188;x
25784;161;148;80;R26G198B47;x
25785;174;147;130;R80G168B55;x
25786;80;147;73;R183G59B248;x
25787;138;165;152;R179G223B179;x
25788;180;182;112;R168G244B226;x
25789;202;207;155;R131G146B84;x
25790;193;133;151;R87G64B219;x
25791;205;198;59;R108G220B15;x
25792;199;174;190;R222G31B69;x
25793;206;140;156;R42G189B248;x
25794;236;151;97;R54G125B208;x
25795;207;159;84;R14G34B121;x
25796;195;110;145;R178G234B244;x
25797;161;164;68;R38G3B248;x
25798;216;178;72;R174G103B215;x
25799;116;131;108;R242G68B132;x
25800;185;221;76;R147G106B148;x
25801;168;162;178;R154G206B72;x
25802;181;136;80;R94G1B196;x
25803;146;180;107;R246G35B175;x
25804;186;121;148;R89G12B49;x
25805;195;170;171;R30G118B233;x
25806;204;167;86;R6G36B42;x
25807;216;163;85;R162G218B98;x
25808;235;176;95;R63G95B216;x
25809;172;165;102;R139G143B246;x
25810;225;184;99;R239G96B190;x
25811;189;156;87;R74G84B229;x
25812;218;173;91;R104G33B112;x
25813;111;147;71;R145G12B76;x
25814;166;143;138;R249G102B58;x
25815;127;122;124;R118G122B158;x
25816;190;111;86;R58G239B4;x
25817;183;119;154;R219G198B113;x
25818;185;197;71;R98G166B161;x
25819;87;111;83;R44G19B232;x
25820;199;110;84;R229G191B240;x
25821;194;152;101;R192G235B36;x
25822;173;182;94;R151G165B66;x
25823;101;174;174;R222G57B123;x
25824;222;153;110;R55G45B109;x
25825;237;153;75;R173G96B105;x
25826;187;191;110;R6G168B63;x
25827;153;184;98;R249G207B102;x
25828;203;150;156;R233G79B120;x
25829;185;174;58;R84G60B107;x
25830;188;190;121;R31G167B151;x
25831;195;154;103;R80G101B146;x
25832;210;152;86;R81G12B98;x
25833;180;152;114;R212G230B206;x
25834;182;177;131;R39G167B129;x
25835;122;133;132;R45G117B145;x
25836;226;165;73;R90G190B131;x
25837;181;115;175;R17G53B214;x
25838;146;188;146;R89G249B226;x
25839;226;146;106;R94G56B152;x
25840;194;118;142;R23G11B99;x
25841;206;105;101;R116G40B221;x
25842;213;176;111;R68G144B115;x
25843;176;201;65;R140G242B20;x
25844;218;185;117;R212G13B186;x
25845;197;177;107;R133G213B161;x
25846;186;171;108;R114G153B10;x
25847;208;183;83;R177G234B100;x
25848;178;156;161;R247G45B166;x
25849;195;133;102;R2G224B209;x
25850;92;142;129;R3G61B167;x
25851;165;153;169;R47G140B129;x
25852;180;153;101;R155G13B22;x
25853;204;161;115;R33G163B163;x
25854;168;199;74;R231G169B32;x
25855;144;172;101;R112G96B197;x
25856;186;150;114;R36G46B53;x
25857;161;167;174;R96G138B81;x
25858;201;217;82;R87G23B86;x
25859;171;186;97;R59G174B13;x
25860;167;164;157;R39G203B75;x
25861;217;192;86;R102G75B14;x
25862;156;177;132;R77G134B252;x
25863;223;160;86;R212G157B163;x
25864;174;150;93;R190G238B177;x
25865;154;182;171;R227G142B212;x
25866;64;132;77;R244G160B255;x
25867;175;162;189;R239G166B208;x
25868;164;175;97;R87G217B52;x
25869;162;178;161;R26G71B13;x
25870;201;186;169;R103G87B211;x
25871;97;121;103;R46G177B238;x
25872;170;190;151;R19G199B235;x
25873;216;115;106;R201G210B53;x
25874;144;151;159;R25G172B241;x
25875;72;138;62;R125G78B103;x
25876;212;170;53;R152G164B208;x
25877;106;128;90;R201G249B199;x
25878;61;129;80;R172G24B99;x
25879;209;183;97;R245G60B95;x
25880;182;123;143;R166G5B101;x
25881;199;125;160;R127G48B195;x
25882;123;186;84;R90G211B21;x
25883;195;188;110;R176G216B100;x
25884;87;112;84;R73G196B97;x
25885;174;158;102;R70G19B41;x
25886;152;114;176;R79G243B201;x
25887;129;168;92;R207G73B108;x
25888;170;174;99;R214G200B138;x
25889;217;181;113;R244G68B82;x
25890;79;178;84;R232G134B248;x
25891;204;166;124;R144G135B75;x
25892;165;132;129;R239G219B106;x
25893;146;148;111;R193G167B150;x
25894;183;173;65;R135G193B82;x
25895;166;175;141;R153G190B98;x
25896;105;139;100;R146G43B42;x
25897;117;133;132;R47G41B157;x
25898;187;156;142;R92G19B168;x
25899;156;206;105;R75G159B20;x
25900;184;141;133;R202G212B151;x
25901;160;193;127;R192G46B124;x
25902;57;154;117;R222G98B179;x
25903;191;147;162;R104G221B76;x
25904;164;154;67;R193G54B123;x
25905;199;224;78;R222G65B30;x
25906;208;106;39;R65G179B19;x
25907;180;142;59;R12G29B206;x
25908;177;149;145;R32G81B158;x
25909;150;160;133;R211G75B67;x
25910;113;99;133;R94G32B120;x
25911;206;193;91;R205G21B150;x
25912;184;150;129;R211G54B105;x
25913;192;185;62;R151G77B165;x
25914;220;197;53;R172G56B255;x
25915;206;176;75;R189G55B225;x
25916;136;144;191;R114G165B129;x
25917;195;129;124;R201G3B212;x
25918;184;181;118;R237G49B75;x
25919;189;139;89;R56G166B101;x
25920;194;163;88;R193G143B53;x
25921;202;134;97;R28G156B118;x
25922;231;137;49;R164G47B53;x
25923;192;144;103;R151G77B194;x
25924;142;180;125;R178G56B232;x
25925;103;172;117;R241G3B13;x
25926;168;171;169;R213G129B96;x
25927;113;83;172;R134G90B236;x
25928;110;129;151;R227G228B200;x
25929;87;167;140;R109G36B82;x
25930;97;128;132;R176G0B19;x
25931;80;104;151;R125G166B146;x
25932;134;188;138;R150G165B96;x
25933;124;124;153;R25G251B74;x
25934;122;135;119;R48G216B210;x
25935;150;158;157;R152G196B169;x
25936;98;175;134;R180G65B236;x
25937;156;148;144;R233G31B184;x
25938;163;176;138;R203G139B196;x
25939;204;152;124;R211G3B235;x
25940;223;188;170;R189G173B224;x
25941;240;197;103;R150G191B177;x
25942;179;149;167;R245G53B85;x
25943;235;158;53;R172G113B38;x
25944;211;190;119;R127G184B117;x
25945;219;149;54;R13G166B106;x
25946;219;161;113;R99G197B243;x
25947;174;132;85;R122G166B164;x
25948;226;136;47;R233G227B21;x
25949;193;141;69;R142G6B226;x
25950;55;141;64;R216G80B186;x
25951;212;133;122;R142G218B78;x
25952;220;135;86;R26G23B2;x
25953;186;131;84;R137G40B124;x
25954;166;141;112;R246G70B50;x
25955;189;115;155;OCEAN;x
25956;60;226;3;LAKE;x
25957;232;254;166;LAKE;x
25958;169;214;43;LAKE;x
25959;120;38;46;LAKE;x
25960;87;220;131;LAKE;x
25961;100;33;82;LAKE;x
25962;56;114;128;LAKE;x
25963;157;135;70;LAKE;x
25964;9;65;192;LAKE;x
25965;157;213;169;LAKE;x
25966;244;105;235;LAKE;x
25967;46;81;137;LAKE;x
25968;27;190;14;LAKE;x
25969;61;55;105;LAKE;x
25970;231;165;32;LAKE;x
25971;46;217;197;LAKE;x
25972;64;5;129;LAKE;x
25973;147;164;160;LAKE;x
25974;164;183;58;LAKE;x
25975;26;180;136;LAKE;x
25976;77;201;124;LAKE;x
25977;220;247;96;LAKE;x
25978;156;55;6;LAKE;x
25979;186;71;178;LAKE;x
25980;47;151;214;LAKE;x
25981;58;97;132;LAKE;x
25982;179;139;206;LAKE;x
25983;46;90;138;LAKE;x
25984;84;64;169;LAKE;x
25985;14;212;74;LAKE;x
25986;44;28;175;LAKE;x
25987;87;111;209;LAKE;x
25988;35;74;172;LAKE;x
25989;89;97;162;LAKE;x
25990;170;45;151;LAKE;x
25991;54;54;170;LAKE;x
25992;126;239;210;LAKE;x
25993;64;114;142;LAKE;x
25994;50;35;170;LAKE;x
25995;142;208;229;LAKE;x
25996;34;66;133;LAKE;x
25997;66;67;146;LAKE;x
25998;93;223;195;LAKE;x
25999;27;45;158;LAKE;x
26000;53;194;130;LAKE;x
26001;42;59;171;LAKE;x
26002;62;83;132;LAKE;x
26003;36;210;86;LAKE;x
26004;27;85;163;LAKE;x
26005;59;84;132;LAKE;x
26006;13;1;206;LAKE;x
26007;30;13;205;LAKE;x
26008;49;75;154;LAKE;x
26009;36;67;154;LAKE;x
26010;47;67;141;LAKE;x
26011;44;57;169;LAKE;x
26012;35;91;183;LAKE;x
26013;201;97;234;LAKE;x
26014;22;98;135;LAKE;x
26015;42;67;180;LAKE;x
26016;175;38;48;LAKE;x
26017;23;54;163;LAKE;x
26018;24;36;24;LAKE;x
26019;165;182;31;LAKE;x
26020;155;198;100;LAKE;x
26021;60;84;139;LAKE;x
26022;101;10;57;LAKE;x
26023;64;92;172;LAKE;x
26024;208;237;104;LAKE;x
26025;202;162;128;LAKE;x
26026;26;87;192;LAKE;x
26027;148;142;14;LAKE;x
26028;127;114;108;LAKE;x
26029;162;144;212;LAKE;x
26030;20;91;182;LAKE;x
26031;169;139;212;LAKE;x
26032;53;98;179;LAKE;x
26033;174;37;240;LAKE;x
26034;43;68;147;LAKE;x
26035;214;121;186;LAKE;x
26036;26;99;181;LAKE;x
26037;248;163;189;LAKE;x
26038;35;72;153;LAKE;x
26039;137;151;146;LAKE;x
26040;35;58;171;LAKE;x
26041;47;107;155;LAKE;x
26042;45;105;147;LAKE;x
26043;38;65;239;LAKE;x
26044;41;77;181;LAKE;x
26045;253;152;7;LAKE;x
26046;40;71;148;LAKE;x
26047;40;102;187;LAKE;x
26048;61;91;186;LAKE;x
26049;3;213;85;LAKE;x
26050;78;80;181;LAKE;x
26051;70;248;198;LAKE;x
26052;30;70;170;LAKE;x
26053;57;101;200;LAKE;x
26054;31;100;186;LAKE;x
26055;62;77;188;LAKE;x
26056;56;75;183;LAKE;x
26057;66;194;13;LAKE;x
26058;74;119;186;LAKE;x
26059;48;97;175;LAKE;x
26060;58;93;153;LAKE;x
26061;82;135;99;LAKE;x
26062;47;101;149;LAKE;x
26063;45;116;170;LAKE;x
26064;85;79;199;LAKE;x
26065;79;115;151;LAKE;x
26066;37;77;195;LAKE;x
26067;49;84;161;LAKE;x
26068;40;116;167;LAKE;x
26069;209;32;106;LAKE;x
26070;137;99;131;LAKE;x
26071;27;68;151;LAKE;x
26072;47;52;222;LAKE;x
26073;29;103;188;LAKE;x
26074;179;218;192;LAKE;x
26075;99;237;53;LAKE;x
26076;11;72;190;LAKE;x
26077;76;122;180;LAKE;x
26078;145;106;37;LAKE;x
26079;31;72;177;LAKE;x
26080;46;125;174;LAKE;x
26081;89;197;65;LAKE;x
26082;80;80;174;LAKE;x
26083;12;127;81;LAKE;x
26084;165;121;33;LAKE;x
26085;174;99;109;LAKE;x
26086;78;114;175;LAKE;x
26087;20;107;153;LAKE;x
26088;226;59;235;LAKE;x
26089;104;117;176;LAKE;x
26090;34;94;188;LAKE;x
26091;89;116;187;LAKE;x
26092;75;118;194;LAKE;x
26093;41;87;172;LAKE;x
26094;32;111;184;LAKE;x
26095;225;136;166;LAKE;x
26096;37;107;105;LAKE;x
26097;49;129;170;LAKE;x
26098;31;91;189;LAKE;x
26099;50;154;160;LAKE;x
26100;60;119;185;LAKE;x
26101;20;101;202;LAKE;x
26102;241;97;244;LAKE;x
26103;148;93;111;LAKE;x
26104;89;80;186;LAKE;x
26105;63;93;192;LAKE;x
26106;72;94;157;LAKE;x
26107;160;139;106;LAKE;x
26108;49;109;126;LAKE;x
26109;69;99;178;LAKE;x
26110;89;122;148;LAKE;x
26111;96;76;162;LAKE;x
26112;82;129;181;LAKE;x
26113;28;111;159;LAKE;x
26114;40;110;169;LAKE;x
26115;45;134;194;LAKE;x
26116;88;7;37;LAKE;x
26117;44;135;165;LAKE;x
26118;159;214;75;LAKE;x
26119;152;250;196;LAKE;x
26120;119;24;23;LAKE;x
26121;109;126;218;LAKE;x
26122;45;83;176;LAKE;x
26123;70;105;179;LAKE;x
26124;62;90;184;LAKE;x
26125;62;129;179;LAKE;x
26126;59;127;200;LAKE;x
26127;38;104;152;LAKE;x
26128;76;117;162;LAKE;x
26129;37;83;183;LAKE;x
26130;25;100;160;LAKE;x
26131;39;119;166;LAKE;x
26132;25;111;105;LAKE;x
26133;92;101;139;LAKE;x
26134;239;45;146;LAKE;x
26135;239;240;65;LAKE;x
26136;67;89;163;LAKE;x
26137;164;166;111;LAKE;x
26138;31;79;152;LAKE;x
26139;38;78;161;LAKE;x
26140;81;231;78;LAKE;x
26141;68;107;186;LAKE;x
26142;70;81;181;LAKE;x
26143;138;24;224;LAKE;x
26144;157;184;30;LAKE;x
26145;9;162;107;LAKE;x
26146;43;110;189;LAKE;x
26147;125;85;221;LAKE;x
26148;39;38;224;LAKE;x
26149;196;198;235;LAKE;x
26150;217;252;73;LAKE;x
26151;56;121;170;LAKE;x
26152;63;65;170;LAKE;x
26153;60;1;216;LAKE;x
26154;50;255;156;LAKE;x
26155;37;91;197;LAKE;x
26156;253;184;137;LAKE;x
26157;69;83;176;LAKE;x
26158;41;246;23;LAKE;x
26159;229;33;181;LAKE;x
26160;8;114;223;LAKE;x
26161;75;81;172;LAKE;x
26162;24;191;2;LAKE;x
26163;70;86;166;LAKE;x
26164;164;233;194;LAKE;x
26165;39;10;82;LAKE;x
26166;66;94;131;LAKE;x
26167;28;96;170;LAKE;x
26168;45;120;181;LAKE;x
26169;56;132;190;LAKE;x
26170;44;80;185;LAKE;x
26171;71;62;145;LAKE;x
26172;27;241;117;LAKE;x
26173;195;221;132;LAKE;x
26174;42;116;50;LAKE;x
26175;33;98;179;LAKE;x
26176;36;102;157;LAKE;x
26177;179;73;135;LAKE;x
26178;45;84;144;LAKE;x
26179;202;15;93;LAKE;x
26180;79;64;149;LAKE;x
26181;90;44;152;LAKE;x
26182;64;61;138;LAKE;x
26183;106;49;24;LAKE;x
26184;77;113;165;LAKE;x
26185;57;59;126;LAKE;x
26186;106;56;130;LAKE;x
26187;37;110;161;LAKE;x
26188;211;240;207;LAKE;x
26189;78;62;146;LAKE;x
26190;58;36;157;LAKE;x
26191;54;62;131;LAKE;x
26192;53;52;119;LAKE;x
26193;67;118;171;LAKE;x
26194;42;42;19;LAKE;x
26195;40;80;181;LAKE;x
26196;154;232;152;LAKE;x
26197;41;183;53;LAKE;x
26198;47;78;123;LAKE;x
26199;76;111;190;LAKE;x
26200;75;99;176;LAKE;x
26201;51;85;147;LAKE;x
26202;71;128;144;LAKE;x
26203;53;48;121;LAKE;x
26204;64;79;179;LAKE;x
26205;61;71;134;LAKE;x
26206;41;81;173;LAKE;x
26207;147;212;210;LAKE;x
26208;73;78;146;LAKE;x
26209;114;200;150;LAKE;x
26210;101;83;132;LAKE;x
26211;84;164;238;LAKE;x
26212;160;49;95;LAKE;x
26213;102;82;131;LAKE;x
26214;68;68;148;LAKE;x
26215;90;60;136;LAKE;x
26216;92;69;125;LAKE;x
26217;49;45;132;LAKE;x
26218;85;214;134;LAKE;x
26219;84;49;112;LAKE;x
26220;222;201;139;LAKE;x
26221;127;57;92;LAKE;x
26222;37;15;246;LAKE;x
26223;122;23;95;LAKE;x
26224;57;133;168;LAKE;x
26225;59;76;131;LAKE;x
26226;205;220;117;LAKE;x
26227;58;56;153;LAKE;x
26228;241;97;139;LAKE;x
26229;210;93;169;LAKE;x
26230;51;109;185;LAKE;x
26231;80;66;150;LAKE;x
26232;142;110;170;LAKE;x
26233;57;93;156;LAKE;x
26234;53;67;248;LAKE;x
26235;78;68;115;LAKE;x
26236;74;111;167;LAKE;x
26237;49;125;182;LAKE;x
26238;52;120;188;LAKE;x
26239;68;82;165;LAKE;x
26240;74;99;176;LAKE;x
26241;36;108;158;LAKE;x
26242;17;161;16;LAKE;x
26243;128;13;100;LAKE;x
26244;26;132;153;LAKE;x
26245;97;86;152;LAKE;x
26246;75;145;138;LAKE;x
26247;61;116;173;LAKE;x
26248;251;21;178;LAKE;x
26249;174;122;103;LAKE;x
26250;67;133;147;LAKE;x
26251;192;129;253;LAKE;x
26252;123;196;64;LAKE;x
26253;33;112;163;LAKE;x
26254;46;111;136;LAKE;x
26255;144;170;200;LAKE;x
26256;41;111;144;LAKE;x
26257;202;104;167;LAKE;x
26258;216;20;24;LAKE;x
26259;62;121;179;LAKE;x
26260;113;34;164;LAKE;x
26261;194;184;195;LAKE;x
26262;235;160;171;LAKE;x
26263;242;60;114;LAKE;x
26264;212;227;180;LAKE;x
26265;67;126;167;LAKE;x
26266;132;69;117;LAKE;x
26267;30;112;132;LAKE;x
26268;60;127;161;LAKE;x
26269;103;136;171;LAKE;x
26270;142;18;254;LAKE;x
26271;176;249;91;LAKE;x
26272;31;99;150;LAKE;x
26273;62;137;107;LAKE;x
26274;142;137;203;LAKE;x
26275;93;233;202;LAKE;x
26276;49;95;154;LAKE;x
26277;66;118;139;LAKE;x
26278;29;99;163;LAKE;x
26279;241;164;152;LAKE;x
26280;48;130;180;LAKE;x
26281;237;162;253;LAKE;x
26282;240;35;97;LAKE;x
26283;55;126;139;LAKE;x
26284;72;110;112;LAKE;x
26285;68;141;154;LAKE;x
26286;44;230;224;LAKE;x
26287;84;87;194;LAKE;x
26288;57;97;131;LAKE;x
26289;72;118;200;LAKE;x
26290;56;116;179;LAKE;x
26291;54;127;143;LAKE;x
26292;200;49;10;LAKE;x
26293;146;16;178;LAKE;x
26294;40;132;134;LAKE;x
26295;76;32;204;LAKE;x
26296;42;91;150;LAKE;x
26297;45;135;158;LAKE;x
26298;35;96;166;LAKE;x
26299;145;14;132;LAKE;x
26300;31;106;183;LAKE;x
26301;69;120;145;LAKE;x
26302;123;145;9;LAKE;x
26303;55;146;46;LAKE;x
26304;192;120;20;LAKE;x
26305;102;108;7;LAKE;x
26306;100;68;16;LAKE;x
26307;82;38;245;LAKE;x
26308;8;176;156;LAKE;x
26309;154;66;94;LAKE;x
26310;96;205;125;LAKE;x
26311;47;97;181;LAKE;x
26312;77;199;128;LAKE;x
26313;89;94;84;LAKE;x
26314;110;51;55;LAKE;x
26315;50;138;172;LAKE;x
26316;3;73;176;LAKE;x
26317;195;224;33;LAKE;x
26318;211;239;132;LAKE;x
26319;72;134;171;LAKE;x
26320;52;122;151;LAKE;x
26321;96;244;155;LAKE;x
26322;85;34;6;LAKE;x
26323;52;112;21;LAKE;x
26324;74;92;170;LAKE;x
26325;9;100;189;LAKE;x
26326;54;75;234;LAKE;x
26327;244;230;148;LAKE;x
26328;112;231;201;LAKE;x
26329;153;163;11;LAKE;x
26330;107;153;65;LAKE;x
26331;205;92;219;LAKE;x
26332;47;202;167;LAKE;x
26333;65;88;140;LAKE;x
26334;33;40;232;LAKE;x
26335;18;22;71;LAKE;x
26336;58;113;133;LAKE;x
26337;74;208;247;LAKE;x
26338;29;93;167;LAKE;x
26339;3;242;92;LAKE;x
26340;84;203;218;LAKE;x
26341;209;197;191;LAKE;x
26342;30;109;175;LAKE;x
26343;64;113;161;LAKE;x
26344;34;103;178;LAKE;x
26345;254;109;42;LAKE;x
26346;98;81;118;LAKE;x
26347;222;135;157;LAKE;x
26348;241;159;17;LAKE;x
26349;25;96;173;LAKE;x
26350;50;214;217;LAKE;x
26351;73;124;176;LAKE;x
26352;66;94;157;LAKE;x
26353;218;185;42;LAKE;x
26354;32;132;136;LAKE;x
26355;198;79;27;LAKE;x
26356;63;71;127;LAKE;x
26357;75;76;169;IMPASSABLE_RIDGE;x
26358;79;20;145;LAKE;x
26359;40;59;150;LAKE;x
26360;229;7;31;LAKE;x
26361;243;126;34;LAKE;x
26362;129;119;112;LAKE;x
26363;84;114;135;LAKE;x
26364;2;237;199;LAKE;x
26365;77;6;24;LAKE;x
26366;61;90;80;LAKE;x
26367;171;150;148;LAKE;x
26368;55;181;225;LAKE;x
26369;66;111;161;LAKE;x
26370;24;6;249;LAKE;x
26371;20;100;37;LAKE;x
26372;59;89;145;LAKE;x
26373;203;220;10;LAKE;x
26374;242;9;96;LAKE;x
26375;73;254;38;LAKE;x
26376;24;74;157;LAKE;x
26377;111;126;18;LAKE;x
26378;109;111;149;LAKE;x
26379;204;191;177;LAKE;x
26380;62;112;115;LAKE;x
26381;56;76;129;LAKE;x
26382;78;62;133;LAKE;x
26383;148;81;77;LAKE;x
26384;25;105;140;LAKE;x
26385;59;62;141;LAKE;x
26386;57;97;112;LAKE;x
26387;50;81;155;LAKE;x
26388;38;214;32;LAKE;x
26389;67;113;151;LAKE;x
26390;54;95;147;LAKE;x
26391;6;77;224;LAKE;x
26392;47;113;107;LAKE;x
26393;67;72;119;LAKE;x
26394;250;86;156;LAKE;x
26395;90;39;81;LAKE;x
26396;179;92;239;LAKE;x
26397;174;86;135;LAKE;x
26398;137;191;245;LAKE;x
26399;176;131;56;LAKE;x
26400;32;103;156;LAKE;x
26401;58;89;150;LAKE;x
26402;84;90;110;LAKE;x
26403;76;69;120;LAKE;x
26404;33;73;112;LAKE;x
26405;56;87;144;LAKE;x
26406;40;78;140;LAKE;x
26407;45;92;134;LAKE;x
26408;55;83;141;LAKE;x
26409;66;89;141;LAKE;x
26410;20;101;147;LAKE;x
26411;38;119;159;LAKE;x
26412;58;97;155;LAKE;x
26413;42;78;127;LAKE;x
26414;42;66;127;LAKE;x
26415;172;162;90;R106G27B118;x
26416;213;159;121;R97G50B103;x
26417;92;145;98;R208G194B182;x
26418;173;162;66;R172G226B77;x
26419;169;156;149;R19G27B175;x
26420;190;173;72;R48G135B60;x
